pair,id,pos,tok_a,tok_b,margin_a,margin_b,ulp,cls,max_drift,max_drift_pos,len_a,len_b,length_mismatch,cycle_offset_b,prev_cycle_len_b,cycles_ok_b
floor plain c1 vs c32,alpaca_eval-0000,6,63049,26310,0.125,0.0,0.125,tie,0.12616467475891113,1,256,256,False,,,
floor plain c1 vs c32,alpaca_eval-0010,29,44280,975,0.125,0.0,0.125,tie,0.12185192108154297,22,256,256,False,,,
floor plain c1 vs c32,alpaca_eval-0020,134,11840,58555,0.125,0.0625,0.0625,near,0.14254212379455566,87,256,256,False,,,
floor plain c1 vs c32,alpaca_eval-0030,155,30835,15166,0.125,0.0,0.125,tie,0.2581362724304199,122,256,256,False,,,
floor plain c1 vs c32,alpaca_eval-0040,8,3046,1484,0.125,0.0,0.125,tie,5.405908450484276e-05,6,256,256,False,,,
floor plain c1 vs c32,alpaca_eval-0050,254,1151,7832,0.0,0.125,0.125,tie,0.2023334503173828,159,256,256,False,,,
floor plain c1 vs c32,alpaca_eval-0060,125,37462,20331,0.0625,0.0,0.0625,tie,0.24185633659362793,94,256,256,False,,,
floor plain c1 vs c32,alpaca_eval-0070,85,799,11247,0.0,0.125,0.125,tie,0.11953282356262207,16,95,95,False,,,
floor plain c1 vs c32,alpaca_eval-0080,176,8,553,0.0,0.375,0.125,tie,0.25000429153442383,172,256,256,False,,,
floor plain c1 vs c32,alpaca_eval-0090,184,279,328,0.0,0.125,0.125,tie,0.23708009719848633,160,256,256,False,,,
floor plain c1 vs c32,alpaca_eval-0100,51,10919,264,0.125,0.0,0.125,tie,0.14270877838134766,39,256,256,False,,,
floor plain c1 vs c32,alpaca_eval-0110,105,5253,4528,0.0625,0.0,0.0625,tie,0.12195110321044922,75,256,256,False,,,
floor plain c1 vs c32,alpaca_eval-0120,41,14859,3542,0.125,0.0,0.125,tie,0.23228240013122559,33,156,174,False,,,
floor plain c1 vs c32,alpaca_eval-0130,164,264,2414,0.0,0.125,0.125,tie,0.24969244003295898,145,256,256,False,,,
floor plain c1 vs c32,alpaca_eval-0150,134,16629,1273,0.125,0.0,0.125,tie,0.17834138870239258,82,256,256,False,,,
floor plain c1 vs c32,alpaca_eval-0160,33,13,421,0.0,0.125,0.125,tie,0.11905360221862793,27,256,256,False,,,
floor plain c1 vs c32,alpaca_eval-0170,222,198,8336,0.0,0.125,0.125,tie,0.164215087890625,147,256,256,False,,,
floor plain c1 vs c32,alpaca_eval-0180,178,14991,496,0.125,0.0,0.0625,tie,0.21011567115783691,55,256,256,False,,,
floor plain c1 vs c32,alpaca_eval-0200,163,77505,7085,0.12500011920928955,0.0,0.125,tie,0.21863484382629395,78,256,256,False,,,
floor plain c1 vs c32,alpaca_eval-0210,20,321,4016,0.0,0.125,0.125,tie,0.28037476539611816,14,256,256,False,,,
floor plain c1 vs c32,alpaca_eval-0220,60,264,35101,0.06250011920928955,0.0625,0.0625,one_ulp,0.23869681358337402,42,256,256,False,,,
floor plain c1 vs c32,alpaca_eval-0230,190,23373,12298,0.125,0.0,0.125,tie,0.12579059600830078,146,256,256,False,,,
floor plain c1 vs c32,alpaca_eval-0240,152,488,781,0.0,0.125,0.125,tie,0.15409159660339355,83,256,256,False,,,
floor plain c1 vs c32,alpaca_eval-0250,28,1765,1593,0.0625,0.0,0.0625,tie,0.2268378734588623,7,256,256,False,,,
floor plain c1 vs c32,alpaca_eval-0260,78,198,271,0.0,0.125,0.125,tie,0.2301650047302246,58,256,256,False,,,
floor plain c1 vs c32,alpaca_eval-0270,248,974,6316,0.0,0.125,0.125,tie,0.14057111740112305,109,256,256,False,,,
floor plain c1 vs c32,alpaca_eval-0280,90,328,6286,0.0,0.125,0.125,tie,0.205794095993042,77,256,256,False,,,
floor plain c1 vs c32,alpaca_eval-0290,109,958,3579,0.0,0.125,0.125,tie,0.12900114059448242,98,256,256,False,,,
floor plain c1 vs c32,alpaca_eval-0300,136,271,198,0.125,0.0,0.125,tie,0.1832294464111328,51,256,256,False,,,
floor plain c1 vs c32,alpaca_eval-0320,31,25,5469,0.0,0.125,0.125,tie,0.12121033668518066,12,256,256,False,,,
floor plain c1 vs c32,alpaca_eval-0330,5,303,7141,0.0,0.125,0.125,tie,0.1204981803894043,2,256,256,False,,,
floor plain c1 vs c32,alpaca_eval-0340,111,4650,68,0.125,0.125,0.125,one_ulp,0.24140644073486328,42,188,205,False,,,
floor plain c1 vs c32,alpaca_eval-0350,250,3096,35408,0.0,0.125,0.125,tie,0.17420339584350586,167,256,256,False,,,
floor plain c1 vs c32,alpaca_eval-0360,113,17,18,0.0,0.125,0.125,tie,0.23490619659423828,53,256,256,False,,,
floor plain c1 vs c32,alpaca_eval-0380,146,12001,44739,0.0,0.125,0.125,tie,0.23207616806030273,134,256,256,False,,,
floor plain c1 vs c32,alpaca_eval-0390,3,10,220,0.0,0.0625,0.0625,tie,0.0006865113973617554,1,256,256,False,,,
floor plain c1 vs c32,alpaca_eval-0400,236,1048,23197,0.0,0.125,0.125,tie,0.24131059646606445,48,256,256,False,,,
floor plain c1 vs c32,alpaca_eval-0420,9,2972,1817,0.125,0.0,0.125,tie,0.1765584945678711,6,202,256,False,,,
floor plain c1 vs c32,alpaca_eval-0430,119,4213,1061,0.125,0.0,0.125,tie,0.1388711929321289,95,256,256,False,,,
floor plain c1 vs c32,alpaca_eval-0440,162,5190,5471,0.0,0.125,0.125,tie,0.1952517032623291,80,256,256,False,,,
floor plain c1 vs c32,alpaca_eval-0450,231,3376,321,0.12500005960464478,0.0,0.125,tie,0.21229076385498047,109,256,256,False,,,
floor plain c1 vs c32,alpaca_eval-0460,34,63,70157,0.125,0.125,0.0625,near,0.1239011287689209,32,256,256,False,,,
floor plain c1 vs c32,alpaca_eval-0480,107,1879,7497,0.0,0.125,0.125,tie,0.20697784423828125,68,256,256,False,,,
floor plain c1 vs c32,alpaca_eval-0500,94,13441,2100,0.125,0.0,0.125,tie,0.12131595611572266,91,256,256,False,,,
floor plain c1 vs c32,alpaca_eval-0510,115,33,47,0.0,0.125,0.0625,tie,0.19957518577575684,72,167,164,False,,,
floor plain c1 vs c32,alpaca_eval-0520,125,760,88433,0.0,0.0625,0.0625,tie,0.1942213773727417,104,256,256,False,,,
floor plain c1 vs c32,alpaca_eval-0530,161,2647,854,0.125,0.0,0.125,tie,0.22325611114501953,108,256,256,False,,,
floor plain c1 vs c32,alpaca_eval-0550,22,3286,24865,0.0,0.125,0.125,tie,0.12278342247009277,21,256,256,False,,,
floor plain c1 vs c32,alpaca_eval-0570,186,411,279,0.125,0.0,0.125,tie,0.22555160522460938,22,256,256,False,,,
floor plain c1 vs c32,alpaca_eval-0580,96,321,10340,0.0,0.125,0.125,tie,0.12379193305969238,41,256,256,False,,,
floor plain c1 vs c32,alpaca_eval-0590,211,16045,24385,0.0,0.125,0.125,tie,0.2232668399810791,103,256,256,False,,,
floor plain c1 vs c32,cnn_dailymail-0001,34,11,13,0.0,0.125,0.125,tie,0.12151861190795898,9,125,105,False,,,
floor plain c1 vs c32,cnn_dailymail-0002,150,2599,30284,0.0,0.125,0.125,tie,0.14353322982788086,74,256,256,False,,,
floor plain c1 vs c32,cnn_dailymail-0003,43,4097,7106,0.0,0.125,0.125,tie,0.13913774490356445,24,112,108,False,,,
floor plain c1 vs c32,cnn_dailymail-0004,47,11,314,0.0,0.125,0.125,tie,0.1209254264831543,19,97,93,False,,,
floor plain c1 vs c32,cnn_dailymail-0006,82,13211,65844,0.0,0.125,0.125,tie,0.12151288986206055,12,115,114,False,,,
floor plain c1 vs c32,cnn_dailymail-0009,39,5879,31511,0.0,0.125,0.125,tie,0.12111544609069824,27,80,84,False,,,
floor plain c1 vs c32,cnn_dailymail-0010,22,13064,30957,0.0,0.125,0.125,tie,0.11616158485412598,21,79,79,False,,,
floor plain c1 vs c32,cnn_dailymail-0012,88,19060,38334,0.0,0.125,0.125,tie,0.13617491722106934,32,98,97,False,,,
floor plain c1 vs c32,cnn_dailymail-0013,37,561,5788,0.125,0.125,0.125,one_ulp,0.21918725967407227,21,121,145,False,,,
floor plain c1 vs c32,cnn_dailymail-0014,49,64777,1208,0.125,0.0,0.125,tie,0.2441694736480713,45,256,256,False,,,
floor plain c1 vs c32,cnn_dailymail-0016,86,303,13,0.125,0.0,0.125,tie,0.21010875701904297,67,126,119,False,,,
floor plain c1 vs c32,cnn_dailymail-0017,68,1027,279,0.125,0.0,0.125,tie,0.19892895221710205,46,256,256,False,,,
floor plain c1 vs c32,cnn_dailymail-0018,91,279,264,0.125,0.0,0.125,tie,0.24038910865783691,85,111,111,False,,,
floor plain c1 vs c32,cnn_dailymail-0019,52,3372,8855,0.0,0.125,0.125,tie,0.13854551315307617,42,102,104,False,,,
floor plain c1 vs c32,cnn_dailymail-0020,46,4400,3543,0.25,0.0,0.25,tie,0.0010267049074172974,33,256,256,False,,,
floor plain c1 vs c32,cnn_dailymail-0021,46,2582,8953,0.0,0.25,0.0625,tie,0.15891742706298828,45,118,122,False,,,
floor plain c1 vs c32,cnn_dailymail-0024,22,5732,2785,0.125,0.0,0.125,tie,0.1256401538848877,7,107,113,False,,,
floor plain c1 vs c32,cnn_dailymail-0025,86,18966,7309,0.125,0.0,0.125,tie,0.21637654304504395,5,116,109,False,,,
floor plain c1 vs c32,cnn_dailymail-0026,226,45482,48401,0.0,0.125,0.125,tie,0.21860551834106445,33,256,256,False,,,
floor plain c1 vs c32,cnn_dailymail-0028,54,43001,328,0.125,0.0,0.125,tie,0.13333415985107422,42,114,111,False,,,
floor plain c1 vs c32,cnn_dailymail-0029,152,8897,279,0.125,0.0,0.125,tie,0.24331068992614746,41,256,256,False,,,
floor plain c1 vs c32,cnn_dailymail-0031,89,16679,1602,0.125,0.0,0.125,tie,0.17488574981689453,35,132,133,False,,,
floor plain c1 vs c32,cnn_dailymail-0034,36,17942,9422,0.125,0.0,0.125,tie,0.14691400527954102,21,110,112,False,,,
floor plain c1 vs c32,cnn_dailymail-0035,214,318,13,0.125,0.0,0.125,tie,0.22326421737670898,80,256,256,False,,,
floor plain c1 vs c32,cnn_dailymail-0037,4,303,424,0.0,0.125,0.125,tie,0.12523221969604492,3,137,114,False,,,
floor plain c1 vs c32,cnn_dailymail-0038,254,279,1254,0.0,0.125,0.125,tie,0.1278245449066162,171,256,256,False,,,
floor plain c1 vs c32,cnn_dailymail-0039,53,310,303,0.125,0.0,0.125,tie,0.21275770664215088,47,166,151,False,,,
floor plain c1 vs c32,gsm8k-0006,194,188144,15875,0.125,0.0,0.125,tie,0.23873895406723022,13,256,256,False,,,
floor plain c1 vs c32,gsm8k-0007,123,1331,4003,0.0,0.12500011920928955,0.125,tie,0.20593535900115967,45,256,256,False,,,
floor plain c1 vs c32,gsm8k-0009,146,458,27858,0.0,0.125,0.125,tie,0.24170827865600586,35,256,256,False,,,
floor plain c1 vs c32,gsm8k-0011,61,506,13,0.125,0.0,0.125,tie,0.24061083793640137,51,256,256,False,,,
floor plain c1 vs c32,gsm8k-0012,,,,,,,,0.6860885620117188,67,256,256,False,,,
floor plain c1 vs c32,gsm8k-0015,44,31187,4997,0.125,0.125,0.125,one_ulp,0.3595924377441406,15,256,256,False,,,
floor plain c1 vs c32,gsm8k-0020,113,2989,220,0.125,0.0,0.125,tie,0.14613723754882812,51,256,256,False,,,
floor plain c1 vs c32,gsm8k-0021,94,948,506,0.125,0.0,0.125,tie,0.14823603630065918,81,168,166,False,,,
floor plain c1 vs c32,gsm8k-0026,2,264,821,0.0,0.25,0.125,tie,0.1118471622467041,0,256,256,False,,,
floor plain c1 vs c32,gsm8k-0031,7,1144,1118,0.125,0.0,0.125,tie,0.12003159523010254,4,256,256,False,,,
floor plain c1 vs c32,gsm8k-0036,26,159029,364,0.125,0.0,0.125,tie,0.07964169979095459,17,245,239,False,,,
floor plain c1 vs c32,gsm8k-0037,47,1088,16,0.125,0.0,0.125,tie,0.1225733757019043,24,256,256,False,,,
floor plain c1 vs c32,gsm8k-0040,44,1088,16257,0.125,0.125,0.125,one_ulp,0.16193604469299316,8,221,212,False,,,
floor plain c1 vs c32,gsm8k-0042,94,1238,506,0.125,0.0,0.125,tie,0.23092198371887207,0,201,199,False,,,
floor plain c1 vs c32,gsm8k-0044,64,3520,283,0.125,0.0,0.125,tie,0.11931157112121582,26,256,256,False,,,
floor plain c1 vs c32,gsm8k-0047,244,387,393,0.0,0.125,0.125,tie,0.22919631004333496,167,256,256,False,,,
floor plain c1 vs c32,gsm8k-0049,16,13,303,0.0,0.125,0.125,tie,5.960441740171518e-07,15,256,256,False,,,
floor plain c1 vs c32,gsm8k-0051,12,8105,29694,0.0,0.125,0.125,tie,0.12142753601074219,9,256,256,False,,,
floor plain c1 vs c32,gsm8k-0052,141,279,411,0.0,0.125,0.125,tie,0.1199944019317627,110,256,256,False,,,
floor plain c1 vs c32,gsm8k-0053,74,393,56014,0.0,0.125,0.125,tie,0.12284493446350098,44,256,256,False,,,
floor plain c1 vs c32,gsm8k-0054,194,53019,2902,0.125,0.0,0.125,tie,0.208038330078125,25,256,256,False,,,
floor plain c1 vs c32,gsm8k-0060,0,1206,8160,0.125,0.125,0.125,one_ulp,0.0,,256,256,False,,,
floor plain c1 vs c32,gsm8k-0061,100,10737,14418,0.0,0.125,0.125,tie,0.15561914443969727,45,256,256,False,,,
floor plain c1 vs c32,gsm8k-0065,190,17239,5122,0.125,0.0,0.125,tie,0.22781896591186523,64,256,256,False,,,
floor plain c1 vs c32,gsm8k-0066,235,279,264,0.125,0.0,0.125,tie,0.2396221160888672,79,256,256,False,,,
floor plain c1 vs c32,gsm8k-0068,31,4007,279,0.125,0.0,0.125,tie,0.12020683288574219,30,256,256,False,,,
floor plain c1 vs c32,gsm8k-0070,140,7483,279,0.125,0.0,0.125,tie,0.12282896041870117,29,256,256,False,,,
floor plain c1 vs c32,gsm8k-0074,27,38663,12646,0.125,0.0,0.125,tie,0.07594496011734009,17,256,256,False,,,
floor plain c1 vs c32,gsm8k-0076,53,9,13682,0.0,0.125,0.125,tie,0.22251629829406738,48,256,256,False,,,
floor plain c1 vs c32,humaneval-0002,114,733,271,0.125,0.0,0.125,tie,0.24547576904296875,95,256,256,False,,,
floor plain c1 vs c32,humaneval-0005,204,1031,1726,0.0,0.125,0.125,tie,0.12212419509887695,151,256,256,False,,,
floor plain c1 vs c32,humaneval-0008,77,1445,727,0.125,0.0,0.125,tie,0.12261223793029785,66,256,256,False,,,
floor plain c1 vs c32,humaneval-0011,222,1179,5335,0.0,0.125,0.125,tie,0.23911476135253906,14,256,256,False,,,
floor plain c1 vs c32,humaneval-0014,240,271,198,0.125,0.0,0.125,tie,0.21382832527160645,84,256,256,False,,,
floor plain c1 vs c32,humaneval-0020,89,1906,10300,0.0,0.125,0.125,tie,0.11870598793029785,42,256,256,False,,,
floor plain c1 vs c32,humaneval-0021,200,87,2334,0.0,0.125,0.125,tie,0.11381006240844727,129,221,221,False,,,
floor plain c1 vs c32,humaneval-0026,52,1204,279,0.125,0.0,0.125,tie,0.20802807807922363,12,256,256,False,,,
floor plain c1 vs c32,humaneval-0032,138,561,1049,0.0,0.125,0.125,tie,0.14028000831604004,40,256,256,False,,,
floor plain c1 vs c32,humaneval-0038,26,579,728,0.0,0.125,0.125,tie,0.11881756782531738,14,256,256,False,,,
floor plain c1 vs c32,humaneval-0047,115,3165,11319,0.0,0.125,0.125,tie,0.12243366241455078,82,256,256,False,,,
floor plain c1 vs c32,humaneval-0056,131,1,763,0.0,0.125,0.125,tie,0.22821259498596191,123,256,256,False,,,
floor plain c1 vs c32,mt_bench-0000,72,279,5028,0.0,0.12500005960464478,0.125,tie,0.19319379329681396,26,256,256,False,,,
floor plain c1 vs c32,mt_bench-0002,21,449,264,0.125,0.0,0.125,tie,0.36849021911621094,17,256,256,False,,,
floor plain c1 vs c32,mt_bench-0003,167,383,466,0.0,0.125,0.125,tie,0.15077495574951172,158,256,256,False,,,
floor plain c1 vs c32,mt_bench-0004,152,84563,11319,0.25,0.0,0.125,tie,0.17232656478881836,118,231,238,False,,,
floor plain c1 vs c32,mt_bench-0005,97,33367,37728,0.0,0.0625,0.0625,tie,0.15455597639083862,87,256,256,False,,,
floor plain c1 vs c32,mt_bench-0006,32,10708,1016,0.0625,0.0,0.0625,tie,0.19284725189208984,21,256,256,False,,,
floor plain c1 vs c32,mt_bench-0007,13,3413,15920,0.0,0.0625,0.0625,tie,0.05998659133911133,10,204,192,False,,,
floor plain c1 vs c32,mt_bench-0009,86,321,11,0.125,0.0,0.125,tie,0.12269783020019531,19,256,256,False,,,
floor plain c1 vs c32,mt_bench-0010,41,264,15327,0.0,0.125,0.125,tie,0.1262068748474121,39,254,256,False,,,
floor plain c1 vs c32,mt_bench-0011,151,82868,3428,0.0625,0.0,0.0625,tie,0.13703012466430664,94,256,256,False,,,
floor plain c1 vs c32,mt_bench-0012,28,7139,33404,0.125,0.125,0.125,one_ulp,0.18676114082336426,18,256,256,False,,,
floor plain c1 vs c32,mt_bench-0014,178,11,9306,0.0,0.06249988079071045,0.0625,tie,0.19124245643615723,22,256,256,False,,,
floor plain c1 vs c32,mt_bench-0015,94,13,539,0.125,0.125,0.125,one_ulp,0.19137072563171387,9,256,256,False,,,
floor plain c1 vs c32,mt_bench-0017,87,3158,1764,0.125,0.0,0.125,tie,0.1911640167236328,38,256,256,False,,,
floor plain c1 vs c32,mt_bench-0018,73,1442,2166,0.0,0.125,0.125,tie,0.12199544906616211,67,132,141,False,,,
floor plain c1 vs c32,mt_bench-0022,197,28187,318,0.125,0.0,0.125,tie,0.23960614204406738,149,256,243,False,,,
floor plain c1 vs c32,mt_bench-0023,136,1368,1987,0.0,0.125,0.125,tie,0.23300695419311523,79,256,256,False,,,
floor plain c1 vs c32,mt_bench-0024,191,303,1902,0.0,0.25,0.25,tie,0.24170851707458496,110,256,256,False,,,
floor plain c1 vs c32,mt_bench-0025,187,1149,1,0.125,0.0,0.125,tie,0.1226189136505127,143,256,256,False,,,
floor plain c1 vs c32,mt_bench-0026,212,198,3130,0.0,0.125,0.125,tie,0.23382186889648438,17,256,256,False,,,
floor plain c1 vs c32,mt_bench-0028,93,22426,2972,0.125,0.0,0.125,tie,0.12972474098205566,91,256,256,False,,,
floor plain c1 vs c32,mt_bench-0029,123,310,13,0.125,0.0,0.125,tie,0.1257646083831787,106,256,256,False,,,
floor plain c1 vs c32,mt_bench-0034,241,2222,1118,0.125,0.0,0.125,tie,0.24490761756896973,222,256,256,False,,,
floor plain c1 vs c32,mt_bench-0036,39,733,47246,0.0,0.125,0.125,tie,0.23909282684326172,27,256,256,False,,,
floor plain c1 vs c32,mt_bench-0039,143,279,26782,0.0,0.125,0.125,tie,0.14223551750183105,45,256,256,False,,,
floor plain c1 vs c32,mt_bench-0040,21,279,27690,0.0,0.125,0.125,tie,0.15879905223846436,20,256,256,False,,,
floor plain c1 vs c32,mt_bench-0041,215,16,15,0.125,0.0,0.125,tie,0.13295412063598633,198,256,256,False,,,
floor plain c1 vs c32,mt_bench-0042,128,2081,3779,0.0,0.125,0.125,tie,0.1212167739868164,39,256,256,False,,,
floor plain c1 vs c32,mt_bench-0045,67,10539,8882,0.125,0.0,0.125,tie,0.23864269256591797,49,256,256,False,,,
floor plain c1 vs c32,mt_bench-0047,40,7620,1,0.125,0.0,0.0625,tie,0.14623379707336426,30,256,256,False,,,
floor plain c1 vs c32,mt_bench-0048,49,580,488,0.125,0.0,0.125,tie,0.17023038864135742,46,256,256,False,,,
floor plain c1 vs c32,mt_bench-0049,24,466,11,0.125,0.125,0.125,one_ulp,0.12251710891723633,4,256,256,False,,,
floor plain c1 vs c32,mt_bench-0053,33,795,1103,0.0,0.125,0.125,tie,0.11788344383239746,22,256,256,False,,,
floor plain c1 vs c32,mt_bench-0056,87,5219,14318,0.125,0.125,0.125,one_ulp,0.24349284172058105,79,256,256,False,,,
floor plain c1 vs c32,mt_bench-0059,84,42794,2791,0.125,0.0,0.125,tie,0.1226499080657959,26,256,256,False,,,
floor plain c1 vs c32,mt_bench-0061,82,5529,1902,0.125,0.0,0.125,tie,0.23105692863464355,46,256,256,False,,,
floor plain c1 vs c32,mt_bench-0063,57,314,33448,0.0,0.125,0.125,tie,0.18419098854064941,37,256,256,False,,,
floor plain c1 vs c32,mt_bench-0066,104,93868,332,0.125,0.0,0.125,tie,0.24266362190246582,61,256,256,False,,,
floor plain c1 vs c32,mt_bench-0067,37,36515,2790,0.125,0.0,0.125,tie,0.2139667272567749,27,256,256,False,,,
floor plain c1 vs c32,mt_bench-0068,153,283,478,0.0,0.125,0.125,tie,0.23777985572814941,96,256,256,False,,,
floor plain c1 vs c32,mt_bench-0069,234,21846,27402,0.125,0.12500005960464478,0.125,one_ulp,0.1977701187133789,149,256,256,False,,,
floor plain c1 vs c32,mt_bench-0071,34,28604,2950,0.125,0.0,0.125,tie,0.12250280380249023,29,256,256,False,,,
floor plain c1 vs c32,mt_bench-0072,201,28069,2981,0.125,0.125,0.125,one_ulp,0.23592686653137207,86,256,256,False,,,
floor plain c1 vs c32,mt_bench-0073,208,12387,20513,0.0625,0.0625,0.0625,one_ulp,0.3686201572418213,55,256,256,False,,,
floor plain c1 vs c32,mt_bench-0074,192,1829,7258,0.0,0.125,0.125,tie,0.18593478202819824,109,256,256,False,,,
floor plain c1 vs c32,mt_bench-0075,171,2574,348,0.125,0.0,0.125,tie,0.22327446937561035,12,256,256,False,,,
floor plain c1 vs c32,mt_bench-0077,86,74316,36009,0.125,0.0,0.125,tie,0.1334068775177002,69,256,256,False,,,
floor plain c1 vs c32,mt_bench-0078,183,41928,4101,0.125,0.0,0.125,tie,0.19727063179016113,88,256,256,False,,,
floor plain c1 vs c32,mt_bench-0079,199,2222,321,0.125,0.125,0.125,one_ulp,0.2064054012298584,54,256,256,False,,,
mtp_s3 stock verify radix-off vs plain c1,alpaca_eval-0000,6,63049,26310,0.125,0.0,0.125,tie,0.11805582046508789,1,256,256,False,2,2,True
mtp_s3 stock verify radix-off vs plain c1,alpaca_eval-0010,246,34,36418,0.0,0.125,0.125,tie,0.22826027870178223,163,256,256,False,1,2,True
mtp_s3 stock verify radix-off vs plain c1,alpaca_eval-0030,155,30835,15166,0.125,0.125,0.0625,near,0.21475481986999512,136,256,256,False,0,3,True
mtp_s3 stock verify radix-off vs plain c1,alpaca_eval-0040,8,3046,1484,0.125,0.0,0.125,tie,0.11774206161499023,5,256,256,False,2,2,True
mtp_s3 stock verify radix-off vs plain c1,alpaca_eval-0050,254,1151,7832,0.0,0.125,0.125,tie,0.1569216251373291,165,256,256,False,1,1,True
mtp_s3 stock verify radix-off vs plain c1,alpaca_eval-0060,125,37462,20331,0.0625,0.0,0.0625,tie,0.2406609058380127,36,256,256,False,3,2,True
mtp_s3 stock verify radix-off vs plain c1,alpaca_eval-0080,110,628,25300,0.0,0.125,0.125,tie,0.2088109254837036,81,256,256,False,1,1,True
mtp_s3 stock verify radix-off vs plain c1,alpaca_eval-0090,88,4364,6762,0.0,0.125,0.125,tie,0.17526793479919434,31,256,256,False,3,1,True
mtp_s3 stock verify radix-off vs plain c1,alpaca_eval-0100,51,10919,264,0.125,0.0,0.125,tie,0.13579893112182617,14,256,256,False,1,4,True
mtp_s3 stock verify radix-off vs plain c1,alpaca_eval-0110,93,279,18995,0.0,0.125,0.0625,tie,0.2091810703277588,92,256,256,False,1,3,True
mtp_s3 stock verify radix-off vs plain c1,alpaca_eval-0120,100,68587,1852,0.125,0.0,0.125,tie,0.2068260908126831,49,156,176,False,0,3,True
mtp_s3 stock verify radix-off vs plain c1,alpaca_eval-0130,38,1876,39107,0.0,0.12500005960464478,0.0625,tie,0.12154412269592285,20,256,256,False,0,2,True
mtp_s3 stock verify radix-off vs plain c1,alpaca_eval-0150,134,16629,1273,0.125,0.0,0.125,tie,0.23433589935302734,104,256,256,False,3,4,True
mtp_s3 stock verify radix-off vs plain c1,alpaca_eval-0160,112,12983,5369,0.125,0.0,0.125,tie,0.22494816780090332,50,256,256,False,1,1,True
mtp_s3 stock verify radix-off vs plain c1,alpaca_eval-0170,241,11,13,0.0,0.125,0.125,tie,0.17077302932739258,55,256,256,False,2,4,True
mtp_s3 stock verify radix-off vs plain c1,alpaca_eval-0200,144,68,39551,0.0,0.125,0.125,tie,0.2183079719543457,78,256,256,False,0,2,True
mtp_s3 stock verify radix-off vs plain c1,alpaca_eval-0210,20,321,4016,0.0,0.125,0.125,tie,0.12300968170166016,14,256,256,False,1,4,True
mtp_s3 stock verify radix-off vs plain c1,alpaca_eval-0220,7,1402,65884,0.0,0.12500005960464478,0.0625,tie,0.12137103080749512,1,256,256,False,0,2,True
mtp_s3 stock verify radix-off vs plain c1,alpaca_eval-0230,190,23373,12298,0.125,0.0,0.125,tie,0.23623347282409668,119,256,256,False,3,1,True
mtp_s3 stock verify radix-off vs plain c1,alpaca_eval-0240,9,7253,46548,0.0,0.125,0.125,tie,0.12683451175689697,6,256,256,False,0,2,True
mtp_s3 stock verify radix-off vs plain c1,alpaca_eval-0250,71,5214,48559,0.0,0.125,0.125,tie,0.19439220428466797,58,256,256,False,0,1,True
mtp_s3 stock verify radix-off vs plain c1,alpaca_eval-0260,201,353,25790,0.0,0.0625,0.0625,tie,0.23540401458740234,29,256,256,False,3,4,True
mtp_s3 stock verify radix-off vs plain c1,alpaca_eval-0270,11,2046,279,0.125,0.0,0.125,tie,0.09673821926116943,9,256,256,False,0,1,True
mtp_s3 stock verify radix-off vs plain c1,alpaca_eval-0280,42,314,159029,0.0,0.125,0.125,tie,0.19300198554992676,35,256,256,False,1,2,True
mtp_s3 stock verify radix-off vs plain c1,alpaca_eval-0290,109,958,3579,0.0,0.125,0.125,tie,0.22642803192138672,96,256,256,False,2,4,True
mtp_s3 stock verify radix-off vs plain c1,alpaca_eval-0310,180,430,524,0.125,0.125,0.125,one_ulp,0.36684632301330566,59,256,256,False,1,1,True
mtp_s3 stock verify radix-off vs plain c1,alpaca_eval-0320,125,381,524,0.0,0.12499988079071045,0.125,tie,0.19154834747314453,44,256,256,False,0,4,True
mtp_s3 stock verify radix-off vs plain c1,alpaca_eval-0330,10,13759,2534,0.125,0.0,0.125,tie,0.12765049934387207,8,256,256,False,2,2,True
mtp_s3 stock verify radix-off vs plain c1,alpaca_eval-0340,59,1622,3296,0.125,0.125,0.125,one_ulp,0.20712900161743164,30,188,212,False,0,2,True
mtp_s3 stock verify radix-off vs plain c1,alpaca_eval-0360,32,2614,1017,0.125,0.0,0.125,tie,0.22708511352539062,27,256,256,False,1,4,True
mtp_s3 stock verify radix-off vs plain c1,alpaca_eval-0390,3,10,220,0.0,0.0625,0.0625,tie,0.10220789909362793,1,256,256,False,2,1,True
mtp_s3 stock verify radix-off vs plain c1,alpaca_eval-0400,7,1510,2972,0.0,0.125,0.125,tie,0.11810851097106934,6,256,256,False,1,3,True
mtp_s3 stock verify radix-off vs plain c1,alpaca_eval-0410,76,23853,3136,0.125,0.0,0.125,tie,0.237684965133667,17,256,256,False,1,3,True
mtp_s3 stock verify radix-off vs plain c1,alpaca_eval-0420,21,34404,29667,0.125,0.0,0.125,tie,0.24529170989990234,19,202,220,False,0,2,True
mtp_s3 stock verify radix-off vs plain c1,alpaca_eval-0430,103,279,264,0.125,0.0,0.125,tie,0.4154059886932373,47,256,256,False,1,1,True
mtp_s3 stock verify radix-off vs plain c1,alpaca_eval-0440,90,11000,11429,0.0,0.125,0.125,tie,0.14294147491455078,80,256,256,False,2,4,True
mtp_s3 stock verify radix-off vs plain c1,alpaca_eval-0450,19,4370,1732,0.125,0.0,0.125,tie,0.12166738510131836,6,256,256,False,1,1,True
mtp_s3 stock verify radix-off vs plain c1,alpaca_eval-0460,21,318,466,0.0,0.125,0.125,tie,0.13328981399536133,20,256,256,False,3,2,True
mtp_s3 stock verify radix-off vs plain c1,alpaca_eval-0480,107,1879,7497,0.0,0.125,0.125,tie,0.20738959312438965,68,256,256,False,1,2,True
mtp_s3 stock verify radix-off vs plain c1,alpaca_eval-0490,103,5129,1496,0.125,0.0,0.125,tie,0.18056344985961914,51,256,256,False,0,3,True
mtp_s3 stock verify radix-off vs plain c1,alpaca_eval-0500,36,56679,21397,0.125,0.0,0.125,tie,0.12337231636047363,29,256,256,False,1,4,True
mtp_s3 stock verify radix-off vs plain c1,alpaca_eval-0510,17,10813,12103,0.0,0.125,0.125,tie,0.22251033782958984,12,167,217,False,1,1,True
mtp_s3 stock verify radix-off vs plain c1,alpaca_eval-0520,125,760,88433,0.0,0.0625,0.0625,tie,0.23639774322509766,48,256,256,False,3,4,True
mtp_s3 stock verify radix-off vs plain c1,alpaca_eval-0530,56,21568,2018,0.125,0.0,0.125,tie,0.12109065055847168,53,256,256,False,2,4,True
mtp_s3 stock verify radix-off vs plain c1,alpaca_eval-0550,70,318,1083,0.0,0.125,0.125,tie,0.12320113182067871,15,256,256,False,2,1,True
mtp_s3 stock verify radix-off vs plain c1,alpaca_eval-0570,1,3766,4400,0.0,0.125,0.125,tie,0.12006163597106934,0,256,256,False,0,1,True
mtp_s3 stock verify radix-off vs plain c1,alpaca_eval-0580,96,321,10340,0.0,0.125,0.125,tie,0.20796692371368408,46,256,256,False,0,3,True
mtp_s3 stock verify radix-off vs plain c1,alpaca_eval-0590,235,21426,37568,0.0,0.125,0.125,tie,0.23947858810424805,133,256,256,False,0,3,True
mtp_s3 stock verify radix-off vs plain c1,cnn_dailymail-0000,85,264,449,0.0,0.125,0.125,tie,0.21567988395690918,66,112,107,False,0,2,True
mtp_s3 stock verify radix-off vs plain c1,cnn_dailymail-0001,85,1061,6056,0.0,0.125,0.125,tie,0.2328348159790039,0,125,120,False,1,2,True
mtp_s3 stock verify radix-off vs plain c1,cnn_dailymail-0002,150,2599,30284,0.0,0.125,0.125,tie,0.21159577369689941,92,256,256,False,2,4,True
mtp_s3 stock verify radix-off vs plain c1,cnn_dailymail-0003,77,314,8455,0.0,0.125,0.125,tie,0.24241232872009277,67,112,102,False,1,1,True
mtp_s3 stock verify radix-off vs plain c1,cnn_dailymail-0005,49,18659,7524,0.125,0.0,0.125,tie,0.11868476867675781,41,256,256,False,3,3,True
mtp_s3 stock verify radix-off vs plain c1,cnn_dailymail-0006,82,13211,65844,0.0,0.125,0.125,tie,0.16735267639160156,34,115,114,False,0,3,True
mtp_s3 stock verify radix-off vs plain c1,cnn_dailymail-0009,39,5879,31511,0.0,0.125,0.125,tie,0.18602609634399414,0,80,84,False,1,2,True
mtp_s3 stock verify radix-off vs plain c1,cnn_dailymail-0011,213,2196,69075,0.0,0.125,0.125,tie,0.3424227237701416,54,256,256,False,2,4,True
mtp_s3 stock verify radix-off vs plain c1,cnn_dailymail-0013,0,85695,33297,0.125,0.125,0.125,one_ulp,0.0,,121,106,False,0,,True
mtp_s3 stock verify radix-off vs plain c1,cnn_dailymail-0014,49,64777,1208,0.125,0.0,0.125,tie,0.24419832229614258,45,256,256,False,1,3,True
mtp_s3 stock verify radix-off vs plain c1,cnn_dailymail-0019,52,3372,8855,0.0,0.125,0.125,tie,0.36637425422668457,50,102,104,False,2,1,True
mtp_s3 stock verify radix-off vs plain c1,cnn_dailymail-0020,46,4400,3543,0.25,0.0,0.25,tie,0.12110447883605957,37,256,256,False,0,1,True
mtp_s3 stock verify radix-off vs plain c1,cnn_dailymail-0021,46,2582,8953,0.0,0.125,0.0625,tie,0.21104192733764648,19,118,124,False,0,2,True
mtp_s3 stock verify radix-off vs plain c1,cnn_dailymail-0023,161,310,11,0.125,0.0,0.125,tie,0.2349534034729004,84,256,256,False,1,1,True
mtp_s3 stock verify radix-off vs plain c1,cnn_dailymail-0024,53,998,8334,0.0,0.0625,0.0625,tie,0.22504639625549316,40,107,110,False,3,3,True
mtp_s3 stock verify radix-off vs plain c1,cnn_dailymail-0026,226,45482,48401,0.0,0.125,0.125,tie,0.20656514167785645,147,256,256,False,0,4,True
mtp_s3 stock verify radix-off vs plain c1,cnn_dailymail-0028,54,43001,328,0.125,0.0,0.125,tie,0.21999740600585938,10,114,111,False,2,4,True
mtp_s3 stock verify radix-off vs plain c1,cnn_dailymail-0029,42,25,9926,0.125,0.125,0.125,one_ulp,0.24331092834472656,41,256,256,False,0,4,True
mtp_s3 stock verify radix-off vs plain c1,cnn_dailymail-0030,65,16894,5307,0.125,0.0,0.125,tie,0.2328178882598877,20,92,92,False,3,1,True
mtp_s3 stock verify radix-off vs plain c1,cnn_dailymail-0031,32,5381,2756,0.125,0.0,0.125,tie,0.1611042022705078,2,132,128,False,0,2,True
mtp_s3 stock verify radix-off vs plain c1,cnn_dailymail-0032,153,75532,22525,0.125,0.0,0.125,tie,0.24083542823791504,131,256,256,False,2,4,True
mtp_s3 stock verify radix-off vs plain c1,cnn_dailymail-0034,12,411,11,0.25,0.0,0.25,tie,0.12273526191711426,5,110,113,False,3,4,True
mtp_s3 stock verify radix-off vs plain c1,cnn_dailymail-0035,189,11,38284,0.125,0.125,0.125,one_ulp,0.24592828750610352,160,256,256,False,3,2,True
mtp_s3 stock verify radix-off vs plain c1,cnn_dailymail-0036,8,11,15784,0.0,0.125,0.125,tie,0.18489956855773926,6,108,105,False,0,2,True
mtp_s3 stock verify radix-off vs plain c1,cnn_dailymail-0037,4,303,424,0.0,0.125,0.125,tie,0.12833523750305176,3,137,117,False,0,3,True
mtp_s3 stock verify radix-off vs plain c1,cnn_dailymail-0039,140,11,321,0.0,0.125,0.125,tie,0.2043929100036621,122,166,152,False,3,2,True
mtp_s3 stock verify radix-off vs plain c1,gsm8k-0002,228,348,3889,0.125,0.12499994039535522,0.125,one_ulp,0.24548792839050293,0,256,256,False,1,4,True
mtp_s3 stock verify radix-off vs plain c1,gsm8k-0003,164,332,19434,0.125,0.125,0.125,one_ulp,0.12105250358581543,30,170,170,False,2,4,True
mtp_s3 stock verify radix-off vs plain c1,gsm8k-0004,39,2250,2972,0.0,0.125,0.125,tie,0.1934666633605957,34,256,256,False,0,4,True
mtp_s3 stock verify radix-off vs plain c1,gsm8k-0006,194,188144,15875,0.125,0.0,0.125,tie,0.15555912256240845,13,256,256,False,2,1,True
mtp_s3 stock verify radix-off vs plain c1,gsm8k-0007,7,364,310,0.125,0.0,0.125,tie,0.11601638793945312,2,256,256,False,2,4,True
mtp_s3 stock verify radix-off vs plain c1,gsm8k-0008,68,3491,13362,0.0,0.125,0.125,tie,0.135056734085083,59,256,256,False,0,1,True
mtp_s3 stock verify radix-off vs plain c1,gsm8k-0010,151,16,9,0.25,0.0,0.125,tie,0.23659873008728027,83,256,256,False,2,4,True
mtp_s3 stock verify radix-off vs plain c1,gsm8k-0011,61,506,13,0.125,0.0,0.125,tie,0.13524937629699707,26,256,256,False,0,4,True
mtp_s3 stock verify radix-off vs plain c1,gsm8k-0013,45,430,13,0.125,0.0,0.125,tie,0.20318806171417236,3,256,256,False,1,1,True
mtp_s3 stock verify radix-off vs plain c1,gsm8k-0015,44,31187,4997,0.125,0.25,0.125,near,0.3627300262451172,15,256,256,False,1,4,True
mtp_s3 stock verify radix-off vs plain c1,gsm8k-0020,33,64494,4346,0.125,0.0,0.125,tie,0.12229442596435547,2,256,256,False,3,3,True
mtp_s3 stock verify radix-off vs plain c1,gsm8k-0026,2,264,821,0.0,0.125,0.125,tie,0.11185145378112793,0,256,256,False,1,1,True
mtp_s3 stock verify radix-off vs plain c1,gsm8k-0028,56,2972,393,0.125,0.0,0.125,tie,0.2097768783569336,51,248,256,False,3,2,True
mtp_s3 stock verify radix-off vs plain c1,gsm8k-0029,73,1330,24435,0.0,0.125,0.125,tie,0.15912652015686035,52,256,256,False,1,4,True
mtp_s3 stock verify radix-off vs plain c1,gsm8k-0031,7,1144,1118,0.125,0.125,0.125,one_ulp,0.23939990997314453,4,256,256,False,2,4,True
mtp_s3 stock verify radix-off vs plain c1,gsm8k-0032,79,7157,791,0.125,0.0,0.125,tie,0.2447812557220459,52,256,256,False,1,3,True
mtp_s3 stock verify radix-off vs plain c1,gsm8k-0035,139,318,303,0.125,0.0,0.125,tie,0.24509787559509277,89,256,256,False,0,1,True
mtp_s3 stock verify radix-off vs plain c1,gsm8k-0036,26,159029,364,0.125,0.0,0.125,tie,0.12115097045898438,19,245,242,False,1,4,True
mtp_s3 stock verify radix-off vs plain c1,gsm8k-0037,12,13962,332,0.25,0.0,0.25,tie,0.002437599003314972,8,256,256,False,3,4,True
mtp_s3 stock verify radix-off vs plain c1,gsm8k-0040,43,13682,9,0.125,0.0,0.125,tie,0.12029910087585449,6,221,208,False,3,4,True
mtp_s3 stock verify radix-off vs plain c1,gsm8k-0042,94,1238,506,0.125,0.0,0.125,tie,0.13057494163513184,28,201,199,False,3,4,True
mtp_s3 stock verify radix-off vs plain c1,gsm8k-0044,16,15771,2014,0.125,0.0,0.125,tie,0.09288632869720459,2,256,256,False,3,4,True
mtp_s3 stock verify radix-off vs plain c1,gsm8k-0046,123,760,1206,0.0,0.125,0.125,tie,0.2286367416381836,0,256,256,False,3,2,True
mtp_s3 stock verify radix-off vs plain c1,gsm8k-0049,16,13,303,0.0,0.25,0.25,tie,0.11870431900024414,6,256,256,False,3,4,True
mtp_s3 stock verify radix-off vs plain c1,gsm8k-0051,12,8105,29694,0.0,0.125,0.125,tie,0.16550612449645996,10,256,256,False,3,4,True
mtp_s3 stock verify radix-off vs plain c1,gsm8k-0052,114,4221,421,0.125,0.0,0.125,tie,0.23079156875610352,93,256,256,False,2,4,True
mtp_s3 stock verify radix-off vs plain c1,gsm8k-0053,74,393,56014,0.0,0.125,0.125,tie,0.23306894302368164,16,256,256,False,1,3,True
mtp_s3 stock verify radix-off vs plain c1,gsm8k-0056,99,35,27382,0.125,0.125,0.125,one_ulp,0.12650275230407715,89,256,256,False,1,4,True
mtp_s3 stock verify radix-off vs plain c1,gsm8k-0058,45,12079,20100,0.0,0.125,0.125,tie,0.22461652755737305,32,256,256,False,0,4,True
mtp_s3 stock verify radix-off vs plain c1,gsm8k-0060,19,4952,321,0.125,0.0,0.125,tie,0.1224830150604248,9,256,256,False,0,4,True
mtp_s3 stock verify radix-off vs plain c1,gsm8k-0061,100,10737,14418,0.0,0.125,0.125,tie,0.1238858699798584,98,256,256,False,0,4,True
mtp_s3 stock verify radix-off vs plain c1,gsm8k-0062,78,188912,14,0.125,0.0,0.125,tie,0.18187499046325684,40,256,256,False,2,4,True
mtp_s3 stock verify radix-off vs plain c1,gsm8k-0065,190,17239,5122,0.125,0.0,0.125,tie,0.23707914352416992,110,256,256,False,1,4,True
mtp_s3 stock verify radix-off vs plain c1,gsm8k-0066,226,19,32897,0.0,0.25,0.25,tie,0.22111845016479492,22,256,256,False,0,4,True
mtp_s3 stock verify radix-off vs plain c1,gsm8k-0067,44,13682,9,0.125,0.0,0.125,tie,0.2262437343597412,8,256,256,False,0,4,True
mtp_s3 stock verify radix-off vs plain c1,gsm8k-0068,31,4007,279,0.125,0.0,0.125,tie,0.11445021629333496,25,256,256,False,0,2,True
mtp_s3 stock verify radix-off vs plain c1,gsm8k-0073,129,3714,3240,0.125,0.0,0.125,tie,0.23252081871032715,37,256,256,False,1,3,True
mtp_s3 stock verify radix-off vs plain c1,gsm8k-0074,117,22746,348,0.125,0.0,0.125,tie,0.12251615524291992,54,256,256,False,2,3,True
mtp_s3 stock verify radix-off vs plain c1,gsm8k-0079,85,1590,553,0.125,0.0,0.125,tie,0.22420001029968262,80,170,170,False,1,4,True
mtp_s3 stock verify radix-off vs plain c1,humaneval-0000,127,364,413,0.0,0.125,0.125,tie,0.1203000545501709,0,173,183,False,0,4,True
mtp_s3 stock verify radix-off vs plain c1,humaneval-0002,22,17068,4483,0.125,0.0,0.125,tie,0.12136602401733398,10,256,256,False,1,1,True
mtp_s3 stock verify radix-off vs plain c1,humaneval-0005,7,1881,1324,0.125,0.0,0.125,tie,0.12319016456604004,6,256,256,False,0,2,True
mtp_s3 stock verify radix-off vs plain c1,humaneval-0010,135,653,364,0.12500005960464478,0.0,0.125,tie,0.17736268043518066,118,190,180,False,0,4,True
mtp_s3 stock verify radix-off vs plain c1,humaneval-0011,71,40,760,0.0,0.125,0.125,tie,0.24042367935180664,24,256,256,False,2,4,True
mtp_s3 stock verify radix-off vs plain c1,humaneval-0014,65,15305,33120,0.0,0.125,0.125,tie,0.18865013122558594,60,256,256,False,0,1,True
mtp_s3 stock verify radix-off vs plain c1,humaneval-0017,80,539,1083,0.0,0.125,0.125,tie,0.12878894805908203,0,256,256,False,1,2,True
mtp_s3 stock verify radix-off vs plain c1,humaneval-0018,17,1698,4071,0.0,0.25,0.25,tie,0.06515586376190186,0,73,166,False,0,4,True
mtp_s3 stock verify radix-off vs plain c1,humaneval-0020,89,1906,10300,0.0,0.125,0.125,tie,0.1253979206085205,17,256,256,False,3,4,True
mtp_s3 stock verify radix-off vs plain c1,humaneval-0021,200,87,2334,0.0,0.125,0.125,tie,0.36080098152160645,0,221,221,False,0,3,True
mtp_s3 stock verify radix-off vs plain c1,humaneval-0026,52,1204,279,0.125,0.0,0.125,tie,0.23354673385620117,0,256,256,False,1,4,True
mtp_s3 stock verify radix-off vs plain c1,humaneval-0032,138,561,1049,0.0,0.12499994039535522,0.125,tie,0.2448422908782959,47,256,256,False,0,4,True
mtp_s3 stock verify radix-off vs plain c1,humaneval-0039,0,71093,727,0.125,0.125,0.125,one_ulp,0.0,,253,253,False,0,,True
mtp_s3 stock verify radix-off vs plain c1,humaneval-0046,198,413,653,0.0,0.125,0.125,tie,0.1992487907409668,189,256,256,False,1,4,True
mtp_s3 stock verify radix-off vs plain c1,humaneval-0053,18,709,5089,0.0,0.125,0.125,tie,0.11472368240356445,0,193,172,False,0,3,True
mtp_s3 stock verify radix-off vs plain c1,humaneval-0054,2,1358,198,0.125,0.0,0.125,tie,0.07578593492507935,0,161,161,False,1,1,True
mtp_s3 stock verify radix-off vs plain c1,humaneval-0056,131,1,763,0.0,0.125,0.125,tie,0.22738909721374512,123,256,256,False,0,4,True
mtp_s3 stock verify radix-off vs plain c1,mt_bench-0000,3,11,303,0.0,0.0625,0.0625,tie,0.052260518074035645,1,256,256,False,1,1,True
mtp_s3 stock verify radix-off vs plain c1,mt_bench-0001,127,10386,1040,0.125,0.0,0.125,tie,0.2306201457977295,113,153,153,False,2,2,True
mtp_s3 stock verify radix-off vs plain c1,mt_bench-0002,21,449,264,0.125,0.0,0.125,tie,0.36849021911621094,17,256,256,False,0,4,True
mtp_s3 stock verify radix-off vs plain c1,mt_bench-0003,30,6379,4929,0.125,0.0,0.125,tie,0.13156461715698242,25,256,256,False,1,3,True
mtp_s3 stock verify radix-off vs plain c1,mt_bench-0004,65,542,15919,0.0,0.125,0.125,tie,0.15108156204223633,44,231,224,False,0,1,True
mtp_s3 stock verify radix-off vs plain c1,mt_bench-0005,97,33367,37728,0.0,0.0625,0.0625,tie,0.1862034797668457,95,256,256,False,2,4,True
mtp_s3 stock verify radix-off vs plain c1,mt_bench-0006,182,3979,35091,0.0,0.0625,0.0625,tie,0.193359375,127,256,256,False,1,2,True
mtp_s3 stock verify radix-off vs plain c1,mt_bench-0007,13,3413,15920,0.0,0.0625,0.0625,tie,0.15609753131866455,8,204,174,False,1,3,True
mtp_s3 stock verify radix-off vs plain c1,mt_bench-0008,213,4950,381,0.125,0.0,0.125,tie,0.23925542831420898,80,256,256,False,2,4,True
mtp_s3 stock verify radix-off vs plain c1,mt_bench-0009,86,321,11,0.125,0.0,0.125,tie,0.1277601718902588,45,256,256,False,0,4,True
mtp_s3 stock verify radix-off vs plain c1,mt_bench-0010,33,1459,1132,0.125,0.0,0.125,tie,0.2140495777130127,29,254,256,False,1,4,True
mtp_s3 stock verify radix-off vs plain c1,mt_bench-0011,151,82868,3428,0.0625,0.0,0.0625,tie,0.24557995796203613,129,256,256,False,0,1,True
mtp_s3 stock verify radix-off vs plain c1,mt_bench-0012,32,54081,18324,0.125,0.0,0.125,tie,0.23438048362731934,12,256,256,False,3,4,True
mtp_s3 stock verify radix-off vs plain c1,mt_bench-0014,160,11,579,0.0,0.125,0.125,tie,0.36545610427856445,80,256,256,False,3,3,True
mtp_s3 stock verify radix-off vs plain c1,mt_bench-0015,116,19180,21680,0.0,0.125,0.125,tie,0.24064087867736816,7,256,256,False,1,1,True
mtp_s3 stock verify radix-off vs plain c1,mt_bench-0017,69,5304,44145,0.0,0.125,0.125,tie,0.12294673919677734,28,256,256,False,0,2,True
mtp_s3 stock verify radix-off vs plain c1,mt_bench-0018,73,1442,2166,0.0,0.125,0.125,tie,0.19611644744873047,51,132,141,False,1,3,True
mtp_s3 stock verify radix-off vs plain c1,mt_bench-0019,189,47733,28599,0.125,0.0,0.125,tie,0.2442324161529541,149,256,256,False,0,2,True
mtp_s3 stock verify radix-off vs plain c1,mt_bench-0022,18,2592,760,0.12499994039535522,0.0,0.125,tie,0.12189173698425293,12,256,106,False,1,4,True
mtp_s3 stock verify radix-off vs plain c1,mt_bench-0023,136,1368,1987,0.0,0.125,0.125,tie,0.1488199234008789,23,256,256,False,0,4,True
mtp_s3 stock verify radix-off vs plain c1,mt_bench-0024,151,17,23,0.125,0.375,0.125,near,0.16408944129943848,16,256,256,False,2,4,True
mtp_s3 stock verify radix-off vs plain c1,mt_bench-0026,74,13,198,0.0,0.125,0.125,tie,0.23811817169189453,13,256,256,False,1,1,True
mtp_s3 stock verify radix-off vs plain c1,mt_bench-0028,93,22426,2972,0.125,0.0,0.125,tie,0.16312575340270996,35,256,256,False,3,4,True
mtp_s3 stock verify radix-off vs plain c1,mt_bench-0029,123,310,13,0.125,0.0,0.125,tie,0.16858839988708496,54,256,256,False,1,3,True
mtp_s3 stock verify radix-off vs plain c1,mt_bench-0032,137,34167,27382,0.125,0.0,0.125,tie,0.24330449104309082,28,256,256,False,0,4,True
mtp_s3 stock verify radix-off vs plain c1,mt_bench-0034,108,348,1518,0.0,0.125,0.125,tie,0.24122333526611328,26,256,256,False,1,4,True
mtp_s3 stock verify radix-off vs plain c1,mt_bench-0035,97,279,35195,0.0,0.125,0.125,tie,0.12654471397399902,95,256,256,False,2,2,True
mtp_s3 stock verify radix-off vs plain c1,mt_bench-0036,39,733,47246,0.0,0.125,0.125,tie,0.11814236640930176,9,256,256,False,1,3,True
mtp_s3 stock verify radix-off vs plain c1,mt_bench-0038,95,45382,46270,0.0,0.125,0.125,tie,0.2349853515625,53,256,256,False,1,4,True
mtp_s3 stock verify radix-off vs plain c1,mt_bench-0039,143,279,26782,0.0,0.125,0.125,tie,0.24542951583862305,65,256,256,False,0,2,True
mtp_s3 stock verify radix-off vs plain c1,mt_bench-0040,21,279,27690,0.0,0.125,0.125,tie,0.13485407829284668,16,256,256,False,0,2,True
mtp_s3 stock verify radix-off vs plain c1,mt_bench-0041,215,16,15,0.125,0.0,0.125,tie,0.24570369720458984,187,256,256,False,1,3,True
mtp_s3 stock verify radix-off vs plain c1,mt_bench-0042,128,2081,3779,0.0,0.125,0.125,tie,0.2386794090270996,54,256,256,False,2,1,True
mtp_s3 stock verify radix-off vs plain c1,mt_bench-0043,32,1510,14261,0.0,0.125,0.125,tie,0.2370610237121582,7,195,177,False,0,4,True
mtp_s3 stock verify radix-off vs plain c1,mt_bench-0044,127,3050,328,0.125,0.0,0.125,tie,0.20430231094360352,31,256,256,False,0,3,True
mtp_s3 stock verify radix-off vs plain c1,mt_bench-0045,67,10539,8882,0.125,0.0,0.125,tie,0.2373058795928955,24,256,256,False,2,4,True
mtp_s3 stock verify radix-off vs plain c1,mt_bench-0047,40,7620,1,0.125,0.0,0.0625,tie,0.10928893089294434,17,256,256,False,1,1,True
mtp_s3 stock verify radix-off vs plain c1,mt_bench-0048,94,332,1654,0.0,0.125,0.125,tie,0.19006752967834473,86,256,256,False,1,4,True
mtp_s3 stock verify radix-off vs plain c1,mt_bench-0049,24,466,11,0.125,0.0,0.125,tie,0.23584294319152832,20,256,256,False,1,2,True
mtp_s3 stock verify radix-off vs plain c1,mt_bench-0059,84,42794,2791,0.125,0.0,0.125,tie,0.1500382423400879,0,256,256,False,0,4,True
mtp_s3 stock verify radix-off vs plain c1,mt_bench-0060,78,318,506,0.0,0.125,0.125,tie,0.1604766845703125,75,256,256,False,1,1,True
mtp_s3 stock verify radix-off vs plain c1,mt_bench-0061,82,5529,1902,0.125,0.125,0.125,one_ulp,0.24373221397399902,32,256,256,False,3,4,True
mtp_s3 stock verify radix-off vs plain c1,mt_bench-0062,154,318,13,0.125,0.0,0.125,tie,0.12446355819702148,90,256,256,False,0,4,True
mtp_s3 stock verify radix-off vs plain c1,mt_bench-0063,199,279,75113,0.0,0.125,0.125,tie,0.21561312675476074,105,256,256,False,2,1,True
mtp_s3 stock verify radix-off vs plain c1,mt_bench-0064,177,7057,462,0.125,0.125,0.125,one_ulp,0.2432413101196289,57,256,256,False,0,4,True
mtp_s3 stock verify radix-off vs plain c1,mt_bench-0066,67,17171,48772,0.0,0.125,0.125,tie,0.24013495445251465,61,256,256,False,0,1,True
mtp_s3 stock verify radix-off vs plain c1,mt_bench-0067,37,36515,2790,0.125,0.0,0.125,tie,0.23087787628173828,29,256,256,False,1,4,True
mtp_s3 stock verify radix-off vs plain c1,mt_bench-0068,153,283,478,0.0,0.125,0.125,tie,0.18312299251556396,115,256,256,False,1,4,True
mtp_s3 stock verify radix-off vs plain c1,mt_bench-0069,47,364,421,0.0,0.125,0.125,tie,0.17969417572021484,11,256,256,False,0,4,True
mtp_s3 stock verify radix-off vs plain c1,mt_bench-0071,34,28604,2950,0.125,0.125,0.125,one_ulp,0.14020156860351562,10,256,256,False,0,4,True
mtp_s3 stock verify radix-off vs plain c1,mt_bench-0072,15,5190,11587,0.0,0.125,0.125,tie,0.10685133934020996,11,256,256,False,3,4,True
mtp_s3 stock verify radix-off vs plain c1,mt_bench-0073,6,49312,4843,0.0625,0.0625,0.0625,one_ulp,0.11913204193115234,4,256,256,False,0,1,True
mtp_s3 stock verify radix-off vs plain c1,mt_bench-0075,111,393,3539,0.0,0.125,0.125,tie,0.2451632022857666,84,256,256,False,0,3,True
mtp_s3 stock verify radix-off vs plain c1,mt_bench-0076,131,32530,369,0.125,0.0,0.125,tie,0.23890113830566406,69,256,256,False,1,1,True
mtp_s3 stock verify radix-off vs plain c1,mt_bench-0078,17,25215,5788,0.125,0.0,0.125,tie,0.1497197151184082,9,256,256,False,1,4,True
mtp_s3 stock verify radix-off vs plain c1,mt_bench-0079,212,3115,9492,0.0,0.0625,0.0625,tie,0.22189640998840332,7,256,256,False,0,1,True
mtp_s3 buffered verify radix-off vs plain c1,alpaca_eval-0000,73,56276,10345,0.125,0.0,0.125,tie,0.2160642147064209,33,256,256,False,1,2,True
mtp_s3 buffered verify radix-off vs plain c1,alpaca_eval-0010,29,44280,975,0.125,0.0,0.125,tie,0.18402385711669922,28,256,256,False,0,1,True
mtp_s3 buffered verify radix-off vs plain c1,alpaca_eval-0020,72,318,11,0.125,0.0,0.0625,tie,0.12261390686035156,64,256,256,False,1,2,True
mtp_s3 buffered verify radix-off vs plain c1,alpaca_eval-0030,249,11,303,0.0,0.125,0.125,tie,0.24208927154541016,217,256,256,False,1,1,True
mtp_s3 buffered verify radix-off vs plain c1,alpaca_eval-0040,8,3046,1484,0.125,0.0,0.125,tie,0.1204977035522461,1,256,256,False,2,2,True
mtp_s3 buffered verify radix-off vs plain c1,alpaca_eval-0050,254,1151,7832,0.0,0.125,0.125,tie,0.14458179473876953,248,256,256,False,1,1,True
mtp_s3 buffered verify radix-off vs plain c1,alpaca_eval-0060,125,37462,20331,0.0625,0.0625,0.0625,one_ulp,0.2424757480621338,94,256,256,False,3,2,True
mtp_s3 buffered verify radix-off vs plain c1,alpaca_eval-0080,76,15214,50209,0.0,0.12499994039535522,0.125,tie,0.11919569969177246,40,256,256,False,3,3,True
mtp_s3 buffered verify radix-off vs plain c1,alpaca_eval-0090,184,279,328,0.0,0.125,0.125,tie,0.23941493034362793,162,256,256,False,0,2,True
mtp_s3 buffered verify radix-off vs plain c1,alpaca_eval-0100,51,10919,264,0.125,0.0,0.125,tie,0.16577494144439697,21,256,256,False,1,4,True
mtp_s3 buffered verify radix-off vs plain c1,alpaca_eval-0110,153,5138,8545,0.0,0.125,0.125,tie,0.1380012035369873,142,256,256,False,3,2,True
mtp_s3 buffered verify radix-off vs plain c1,alpaca_eval-0130,38,1876,39107,0.0,0.125,0.0625,tie,0.1660470962524414,30,256,256,False,0,2,True
mtp_s3 buffered verify radix-off vs plain c1,alpaca_eval-0140,234,6855,36636,0.0,0.125,0.125,tie,0.2396857738494873,50,256,256,False,2,2,True
mtp_s3 buffered verify radix-off vs plain c1,alpaca_eval-0150,124,2972,279,0.125,0.0,0.125,tie,0.23624014854431152,75,256,256,False,1,3,True
mtp_s3 buffered verify radix-off vs plain c1,alpaca_eval-0180,39,26932,24065,0.125,0.0,0.125,tie,0.17721796035766602,10,256,256,False,3,1,True
mtp_s3 buffered verify radix-off vs plain c1,alpaca_eval-0200,208,3608,4992,0.0,0.125,0.125,tie,0.2406301498413086,167,256,256,False,2,2,True
mtp_s3 buffered verify radix-off vs plain c1,alpaca_eval-0210,61,2074,13271,0.0,0.125,0.125,tie,0.23232626914978027,21,256,256,False,0,1,True
mtp_s3 buffered verify radix-off vs plain c1,alpaca_eval-0220,7,1402,65884,0.0,0.12500005960464478,0.125,tie,0.12222170829772949,1,256,256,False,0,2,True
mtp_s3 buffered verify radix-off vs plain c1,alpaca_eval-0240,152,488,781,0.0,0.125,0.125,tie,0.23622846603393555,146,256,256,False,0,4,True
mtp_s3 buffered verify radix-off vs plain c1,alpaca_eval-0250,71,5214,48559,0.0,0.125,0.125,tie,0.19358396530151367,8,256,256,False,0,1,True
mtp_s3 buffered verify radix-off vs plain c1,alpaca_eval-0260,78,198,271,0.0,0.125,0.125,tie,0.23256397247314453,58,256,256,False,2,3,True
mtp_s3 buffered verify radix-off vs plain c1,alpaca_eval-0270,237,13888,11,0.125,0.0,0.125,tie,0.23114633560180664,192,256,256,False,1,4,True
mtp_s3 buffered verify radix-off vs plain c1,alpaca_eval-0280,90,328,6286,0.0,0.125,0.125,tie,0.22599387168884277,2,256,256,False,3,3,True
mtp_s3 buffered verify radix-off vs plain c1,alpaca_eval-0290,109,958,3579,0.0,0.125,0.125,tie,0.13964366912841797,58,256,256,False,2,4,True
mtp_s3 buffered verify radix-off vs plain c1,alpaca_eval-0300,186,9245,4545,0.125,0.0,0.125,tie,0.21987438201904297,6,256,256,False,1,4,True
mtp_s3 buffered verify radix-off vs plain c1,alpaca_eval-0320,31,25,5469,0.0,0.125,0.125,tie,0.11971187591552734,29,256,256,False,0,1,True
mtp_s3 buffered verify radix-off vs plain c1,alpaca_eval-0330,10,13759,2534,0.125,0.0,0.125,tie,0.11904621124267578,8,256,256,False,2,2,True
mtp_s3 buffered verify radix-off vs plain c1,alpaca_eval-0340,150,1459,2688,0.0,0.125,0.125,tie,0.2370462417602539,98,188,191,False,1,2,True
mtp_s3 buffered verify radix-off vs plain c1,alpaca_eval-0350,195,1318,1040,0.125,0.0,0.125,tie,0.1889350414276123,101,256,256,False,0,1,True
mtp_s3 buffered verify radix-off vs plain c1,alpaca_eval-0360,32,2614,1017,0.125,0.0,0.125,tie,0.2270948886871338,27,256,256,False,1,4,True
mtp_s3 buffered verify radix-off vs plain c1,alpaca_eval-0380,146,12001,44739,0.0,0.125,0.125,tie,0.24207639694213867,9,256,256,False,3,4,True
mtp_s3 buffered verify radix-off vs plain c1,alpaca_eval-0390,3,10,220,0.0,0.0625,0.0625,tie,0.10397934913635254,1,256,256,False,2,1,True
mtp_s3 buffered verify radix-off vs plain c1,alpaca_eval-0400,7,1510,2972,0.0,0.125,0.125,tie,0.11826801300048828,6,256,256,False,1,3,True
mtp_s3 buffered verify radix-off vs plain c1,alpaca_eval-0410,74,357,20656,0.0,0.125,0.125,tie,0.21728825569152832,33,256,256,False,2,3,True
mtp_s3 buffered verify radix-off vs plain c1,alpaca_eval-0420,21,34404,29667,0.125,0.0,0.125,tie,0.2078239917755127,18,202,221,False,0,2,True
mtp_s3 buffered verify radix-off vs plain c1,alpaca_eval-0430,103,279,264,0.125,0.125,0.125,one_ulp,0.19748258590698242,45,256,256,False,1,1,True
mtp_s3 buffered verify radix-off vs plain c1,alpaca_eval-0440,72,1970,13,0.125,0.0,0.125,tie,0.13483262062072754,64,256,256,False,2,2,True
mtp_s3 buffered verify radix-off vs plain c1,alpaca_eval-0450,19,4370,1732,0.125,0.0,0.125,tie,0.23958659172058105,9,256,256,False,1,1,True
mtp_s3 buffered verify radix-off vs plain c1,alpaca_eval-0460,102,1049,1394,0.0,0.125,0.125,tie,0.23914527893066406,5,256,256,False,2,2,True
mtp_s3 buffered verify radix-off vs plain c1,alpaca_eval-0480,173,16366,64700,0.0,0.125,0.125,tie,0.23925399780273438,116,256,256,False,1,4,True
mtp_s3 buffered verify radix-off vs plain c1,alpaca_eval-0490,103,5129,1496,0.125,0.0,0.125,tie,0.20142626762390137,99,256,256,False,0,2,True
mtp_s3 buffered verify radix-off vs plain c1,alpaca_eval-0500,36,56679,21397,0.125,0.0,0.125,tie,0.1759868860244751,21,256,256,False,1,4,True
mtp_s3 buffered verify radix-off vs plain c1,alpaca_eval-0510,115,33,47,0.0,0.125,0.125,tie,0.20331287384033203,30,167,164,False,0,4,True
mtp_s3 buffered verify radix-off vs plain c1,alpaca_eval-0520,172,357,264,0.125,0.125,0.125,one_ulp,0.355710506439209,48,256,256,False,0,1,True
mtp_s3 buffered verify radix-off vs plain c1,alpaca_eval-0530,162,13,34093,0.0,0.125,0.125,tie,0.18892216682434082,123,256,256,False,0,1,True
mtp_s3 buffered verify radix-off vs plain c1,alpaca_eval-0550,70,318,1083,0.0,0.125,0.125,tie,0.19016051292419434,29,256,256,False,2,1,True
mtp_s3 buffered verify radix-off vs plain c1,alpaca_eval-0570,1,3766,4400,0.0,0.125,0.125,tie,0.12006163597106934,0,256,256,False,0,1,True
mtp_s3 buffered verify radix-off vs plain c1,alpaca_eval-0580,209,914,1436,0.0,0.125,0.125,tie,0.226546049118042,182,256,256,False,1,2,True
mtp_s3 buffered verify radix-off vs plain c1,alpaca_eval-0590,246,48401,35,0.125,0.0,0.125,tie,0.23099517822265625,121,256,256,False,2,4,True
mtp_s3 buffered verify radix-off vs plain c1,cnn_dailymail-0000,85,264,449,0.0,0.125,0.125,tie,0.21217775344848633,66,112,107,False,0,2,True
mtp_s3 buffered verify radix-off vs plain c1,cnn_dailymail-0001,4,59317,5388,0.125,0.0,0.125,tie,0.2328348159790039,0,125,111,False,2,1,True
mtp_s3 buffered verify radix-off vs plain c1,cnn_dailymail-0002,150,2599,30284,0.0,0.125,0.125,tie,0.2384815216064453,117,256,256,False,2,4,True
mtp_s3 buffered verify radix-off vs plain c1,cnn_dailymail-0003,43,4097,7106,0.0,0.125,0.125,tie,0.2318434715270996,2,112,108,False,2,2,True
mtp_s3 buffered verify radix-off vs plain c1,cnn_dailymail-0006,82,13211,65844,0.0,0.125,0.125,tie,0.1954035758972168,77,115,114,False,0,3,True
mtp_s3 buffered verify radix-off vs plain c1,cnn_dailymail-0009,39,5879,31511,0.0,0.125,0.125,tie,0.18602609634399414,0,80,84,False,1,2,True
mtp_s3 buffered verify radix-off vs plain c1,cnn_dailymail-0011,213,2196,69075,0.0,0.125,0.125,tie,0.24255061149597168,68,256,256,False,2,4,True
mtp_s3 buffered verify radix-off vs plain c1,cnn_dailymail-0012,44,11312,48995,0.0,0.125,0.125,tie,0.24271821975708008,34,98,107,False,3,2,True
mtp_s3 buffered verify radix-off vs plain c1,cnn_dailymail-0013,0,85695,33297,0.125,0.125,0.125,one_ulp,0.0,,121,106,False,0,,True
mtp_s3 buffered verify radix-off vs plain c1,cnn_dailymail-0018,38,1238,2614,0.0,0.125,0.125,tie,0.21586143970489502,22,111,124,False,0,4,True
mtp_s3 buffered verify radix-off vs plain c1,cnn_dailymail-0019,52,3372,8855,0.0,0.125,0.125,tie,0.20141315460205078,27,102,104,False,2,1,True
mtp_s3 buffered verify radix-off vs plain c1,cnn_dailymail-0020,46,4400,3543,0.25,0.0,0.25,tie,0.12205243110656738,41,256,256,False,0,1,True
mtp_s3 buffered verify radix-off vs plain c1,cnn_dailymail-0021,46,2582,8953,0.0,0.125,0.0625,tie,0.21671628952026367,34,118,122,False,0,2,True
mtp_s3 buffered verify radix-off vs plain c1,cnn_dailymail-0023,131,303,998,0.0,0.12499994039535522,0.125,tie,0.24050188064575195,102,256,256,False,3,4,True
mtp_s3 buffered verify radix-off vs plain c1,cnn_dailymail-0024,53,998,8334,0.0,0.0625,0.0625,tie,0.23547601699829102,8,107,110,False,3,3,True
mtp_s3 buffered verify radix-off vs plain c1,cnn_dailymail-0026,226,45482,48401,0.0,0.125,0.125,tie,0.23093938827514648,157,256,256,False,0,4,True
mtp_s3 buffered verify radix-off vs plain c1,cnn_dailymail-0028,54,43001,328,0.125,0.0,0.125,tie,0.2439255714416504,23,114,111,False,2,4,True
mtp_s3 buffered verify radix-off vs plain c1,cnn_dailymail-0029,152,8897,279,0.125,0.0,0.125,tie,0.24330973625183105,41,256,256,False,1,4,True
mtp_s3 buffered verify radix-off vs plain c1,cnn_dailymail-0031,32,5381,2756,0.125,0.0,0.125,tie,0.2039649486541748,12,132,135,False,0,2,True
mtp_s3 buffered verify radix-off vs plain c1,cnn_dailymail-0033,25,18816,23059,0.0625,0.3125,0.0625,near,0.23953843116760254,24,95,91,False,3,4,True
mtp_s3 buffered verify radix-off vs plain c1,cnn_dailymail-0034,12,411,11,0.25,0.0,0.25,tie,0.12234783172607422,2,110,108,False,3,4,True
mtp_s3 buffered verify radix-off vs plain c1,cnn_dailymail-0035,192,21046,1615,0.25,0.0,0.125,tie,0.22096991539001465,186,256,256,False,2,4,True
mtp_s3 buffered verify radix-off vs plain c1,cnn_dailymail-0036,8,11,15784,0.0,0.125,0.125,tie,0.18490803241729736,6,108,105,False,0,2,True
mtp_s3 buffered verify radix-off vs plain c1,cnn_dailymail-0037,4,303,424,0.0,0.125,0.125,tie,0.12652969360351562,3,137,114,False,0,3,True
mtp_s3 buffered verify radix-off vs plain c1,cnn_dailymail-0038,200,874,6179,0.0,0.125,0.125,tie,0.23226189613342285,133,256,256,False,0,2,True
mtp_s3 buffered verify radix-off vs plain c1,cnn_dailymail-0039,132,864,28546,0.0,0.25,0.125,tie,0.23090744018554688,66,166,151,False,0,4,True
mtp_s3 buffered verify radix-off vs plain c1,gsm8k-0002,29,279,17704,0.0,0.125,0.125,tie,0.24548792839050293,0,256,256,False,0,4,True
mtp_s3 buffered verify radix-off vs plain c1,gsm8k-0004,39,2250,220,0.125,0.0,0.125,tie,0.12227988243103027,8,256,256,False,0,4,True
mtp_s3 buffered verify radix-off vs plain c1,gsm8k-0006,54,19892,28924,0.0,0.125,0.125,tie,0.17221450805664062,30,256,256,False,1,4,True
mtp_s3 buffered verify radix-off vs plain c1,gsm8k-0007,123,1331,4003,0.0,0.125,0.125,tie,0.20717215538024902,45,256,256,False,1,4,True
mtp_s3 buffered verify radix-off vs plain c1,gsm8k-0008,68,3491,13362,0.0,0.125,0.125,tie,0.19948160648345947,16,256,256,False,0,1,True
mtp_s3 buffered verify radix-off vs plain c1,gsm8k-0009,146,458,27858,0.0,0.125,0.125,tie,0.24170851707458496,35,256,256,False,0,4,True
mtp_s3 buffered verify radix-off vs plain c1,gsm8k-0010,60,19892,28924,0.0,0.25,0.25,tie,0.20412194728851318,6,256,256,False,1,4,True
mtp_s3 buffered verify radix-off vs plain c1,gsm8k-0011,26,1421,38663,0.0,0.12499994039535522,0.125,tie,0.0928950309753418,8,256,256,False,1,4,True
mtp_s3 buffered verify radix-off vs plain c1,gsm8k-0013,45,430,13,0.125,0.125,0.125,one_ulp,0.23263072967529297,22,256,256,False,1,1,True
mtp_s3 buffered verify radix-off vs plain c1,gsm8k-0015,44,31187,4997,0.125,0.125,0.125,one_ulp,0.4380156993865967,15,256,256,False,1,4,True
mtp_s3 buffered verify radix-off vs plain c1,gsm8k-0020,33,64494,4346,0.125,0.0,0.125,tie,0.13677549362182617,26,256,256,False,3,3,True
mtp_s3 buffered verify radix-off vs plain c1,gsm8k-0021,94,948,506,0.125,0.0,0.125,tie,0.1211094856262207,7,168,166,False,0,4,True
mtp_s3 buffered verify radix-off vs plain c1,gsm8k-0026,2,264,821,0.0,0.125,0.125,tie,0.11185145378112793,0,256,256,False,1,1,True
mtp_s3 buffered verify radix-off vs plain c1,gsm8k-0029,73,1330,24435,0.0,0.125,0.125,tie,0.18688130378723145,52,256,256,False,1,4,True
mtp_s3 buffered verify radix-off vs plain c1,gsm8k-0035,139,318,303,0.125,0.0,0.125,tie,0.2041339874267578,56,256,256,False,0,1,True
mtp_s3 buffered verify radix-off vs plain c1,gsm8k-0036,26,159029,364,0.125,0.0,0.125,tie,0.1174631118774414,19,245,236,False,1,4,True
mtp_s3 buffered verify radix-off vs plain c1,gsm8k-0037,12,13962,332,0.25,0.0,0.25,tie,0.0024190936237573624,8,256,256,False,3,4,True
mtp_s3 buffered verify radix-off vs plain c1,gsm8k-0039,201,271,198,0.125,0.0,0.125,tie,0.24258947372436523,33,256,256,False,0,4,True
mtp_s3 buffered verify radix-off vs plain c1,gsm8k-0042,94,1238,506,0.125,0.125,0.125,one_ulp,0.24379801750183105,62,201,199,False,3,4,True
mtp_s3 buffered verify radix-off vs plain c1,gsm8k-0044,64,3520,283,0.125,0.0,0.125,tie,0.2358534336090088,35,256,256,False,0,4,True
mtp_s3 buffered verify radix-off vs plain c1,gsm8k-0046,123,760,1206,0.0,0.125,0.125,tie,0.24354100227355957,19,256,256,False,3,2,True
mtp_s3 buffered verify radix-off vs plain c1,gsm8k-0049,16,13,303,0.0,0.25,0.25,tie,0.00042639451567083597,7,256,256,False,3,4,True
mtp_s3 buffered verify radix-off vs plain c1,gsm8k-0051,12,8105,29694,0.0,0.125,0.125,tie,0.16717791557312012,10,256,256,False,3,4,True
mtp_s3 buffered verify radix-off vs plain c1,gsm8k-0053,74,393,56014,0.0,0.25,0.25,tie,0.2075871229171753,43,256,256,False,1,3,True
mtp_s3 buffered verify radix-off vs plain c1,gsm8k-0058,45,12079,20100,0.0,0.125,0.125,tie,0.24263954162597656,19,256,256,False,0,4,True
mtp_s3 buffered verify radix-off vs plain c1,gsm8k-0060,19,4952,321,0.125,0.0,0.125,tie,0.11550402641296387,14,256,256,False,0,4,True
mtp_s3 buffered verify radix-off vs plain c1,gsm8k-0061,100,10737,14418,0.0,0.125,0.125,tie,0.2216031551361084,88,256,256,False,0,4,True
mtp_s3 buffered verify radix-off vs plain c1,gsm8k-0062,57,393,449,0.125,0.125,0.125,one_ulp,0.18081188201904297,40,256,256,False,2,4,True
mtp_s3 buffered verify radix-off vs plain c1,gsm8k-0065,135,328,25015,0.0,0.125,0.125,tie,0.23708868026733398,110,256,256,False,0,4,True
mtp_s3 buffered verify radix-off vs plain c1,gsm8k-0067,17,25,13,0.125,0.0,0.125,tie,0.12052774429321289,14,256,256,False,0,4,True
mtp_s3 buffered verify radix-off vs plain c1,gsm8k-0070,15,25,13,0.125,0.0,0.125,tie,0.1498410701751709,12,256,256,False,1,1,True
mtp_s3 buffered verify radix-off vs plain c1,gsm8k-0073,129,3714,3240,0.125,0.0,0.125,tie,0.23270368576049805,37,256,256,False,1,3,True
mtp_s3 buffered verify radix-off vs plain c1,gsm8k-0074,111,7336,4625,0.125,0.0,0.125,tie,0.17594444751739502,72,256,256,False,1,2,True
mtp_s3 buffered verify radix-off vs plain c1,gsm8k-0076,53,9,13682,0.0,0.125,0.125,tie,0.20134663581848145,29,256,256,False,0,4,True
mtp_s3 buffered verify radix-off vs plain c1,humaneval-0000,127,364,413,0.0,0.125,0.125,tie,0.1203000545501709,0,173,183,False,0,4,True
mtp_s3 buffered verify radix-off vs plain c1,humaneval-0002,114,733,271,0.125,0.0,0.125,tie,0.24547863006591797,95,256,256,False,0,4,True
mtp_s3 buffered verify radix-off vs plain c1,humaneval-0005,7,1881,1324,0.125,0.0,0.125,tie,0.22359323501586914,2,256,256,False,0,2,True
mtp_s3 buffered verify radix-off vs plain c1,humaneval-0010,135,653,364,0.12500005960464478,0.0,0.125,tie,0.1553645133972168,0,190,180,False,0,4,True
mtp_s3 buffered verify radix-off vs plain c1,humaneval-0011,222,1179,5335,0.0,0.125,0.125,tie,0.19027256965637207,213,256,256,False,0,3,True
mtp_s3 buffered verify radix-off vs plain c1,humaneval-0014,18,264,3010,0.0,0.12499994039535522,0.125,tie,0.12245583534240723,0,256,256,False,2,4,True
mtp_s3 buffered verify radix-off vs plain c1,humaneval-0017,80,539,1083,0.0,0.125,0.125,tie,0.12878894805908203,0,256,256,False,1,2,True
mtp_s3 buffered verify radix-off vs plain c1,humaneval-0018,17,1698,4071,0.0,0.25,0.25,tie,0.06515586376190186,0,73,166,False,0,4,True
mtp_s3 buffered verify radix-off vs plain c1,humaneval-0020,123,264,53064,0.0,0.125,0.125,tie,0.22476553916931152,119,256,256,False,0,2,True
mtp_s3 buffered verify radix-off vs plain c1,humaneval-0021,200,87,2334,0.0,0.125,0.125,tie,0.36080098152160645,0,221,221,False,0,3,True
mtp_s3 buffered verify radix-off vs plain c1,humaneval-0026,52,1204,279,0.125,0.0,0.125,tie,0.23354673385620117,0,256,256,False,1,4,True
mtp_s3 buffered verify radix-off vs plain c1,humaneval-0027,2,198,1358,0.0,0.125,0.125,tie,0.0984809398651123,0,81,81,False,1,1,True
mtp_s3 buffered verify radix-off vs plain c1,humaneval-0029,131,10727,61446,0.0,0.125,0.125,tie,0.29653143882751465,64,248,248,False,0,1,True
mtp_s3 buffered verify radix-off vs plain c1,humaneval-0032,254,27653,57208,0.0,0.125,0.125,tie,0.18845248222351074,45,256,256,False,0,4,True
mtp_s3 buffered verify radix-off vs plain c1,humaneval-0036,2,1358,198,0.125,0.0,0.125,tie,0.3215597867965698,0,139,139,False,1,1,True
mtp_s3 buffered verify radix-off vs plain c1,humaneval-0038,26,579,728,0.0,0.125,0.125,tie,0.15889787673950195,1,256,256,False,0,4,True
mtp_s3 buffered verify radix-off vs plain c1,humaneval-0039,0,71093,727,0.125,0.125,0.125,one_ulp,0.0,,253,248,False,0,,True
mtp_s3 buffered verify radix-off vs plain c1,humaneval-0043,2,1358,198,0.125,0.0,0.125,tie,0.08987867832183838,0,201,201,False,1,1,True
mtp_s3 buffered verify radix-off vs plain c1,humaneval-0044,80,271,198,0.125,0.0,0.125,tie,0.18511104583740234,27,256,256,False,2,4,True
mtp_s3 buffered verify radix-off vs plain c1,humaneval-0046,198,413,653,0.0,0.125,0.125,tie,0.11993908882141113,12,256,256,False,1,4,True
mtp_s3 buffered verify radix-off vs plain c1,humaneval-0053,101,4613,421,0.125,0.0,0.125,tie,0.12241411209106445,100,193,252,False,0,3,True
mtp_s3 buffered verify radix-off vs plain c1,humaneval-0056,131,1,763,0.0,0.125,0.125,tie,0.24492859840393066,18,256,256,False,0,4,True
mtp_s3 buffered verify radix-off vs plain c1,mt_bench-0000,29,6797,3594,0.0625,0.0,0.0625,tie,0.20479035377502441,4,256,256,False,0,3,True
mtp_s3 buffered verify radix-off vs plain c1,mt_bench-0001,113,5328,40,0.125,0.0,0.125,tie,0.24347400665283203,109,153,160,False,0,4,True
mtp_s3 buffered verify radix-off vs plain c1,mt_bench-0002,130,8615,279,0.125,0.0,0.125,tie,0.23753094673156738,63,256,256,False,2,4,True
mtp_s3 buffered verify radix-off vs plain c1,mt_bench-0003,30,6379,4929,0.125,0.0,0.125,tie,0.14235162734985352,5,256,256,False,1,3,True
mtp_s3 buffered verify radix-off vs plain c1,mt_bench-0004,32,38831,5843,0.25,0.0,0.125,tie,0.2439558506011963,3,231,233,False,0,3,True
mtp_s3 buffered verify radix-off vs plain c1,mt_bench-0005,97,33367,37728,0.0,0.0625,0.0625,tie,0.1407715082168579,31,256,256,False,2,4,True
mtp_s3 buffered verify radix-off vs plain c1,mt_bench-0006,33,1040,80592,0.0,0.125,0.0625,tie,0.1918182373046875,21,256,256,False,0,1,True
mtp_s3 buffered verify radix-off vs plain c1,mt_bench-0007,13,3413,8720,0.0,0.0625,0.0625,tie,0.1074986457824707,10,204,181,False,1,3,True
mtp_s3 buffered verify radix-off vs plain c1,mt_bench-0008,205,14,13,0.125,0.0,0.125,tie,0.23783183097839355,103,256,256,False,0,2,True
mtp_s3 buffered verify radix-off vs plain c1,mt_bench-0009,139,579,557,0.125,0.0,0.125,tie,0.2016911506652832,110,256,256,False,0,3,True
mtp_s3 buffered verify radix-off vs plain c1,mt_bench-0010,41,264,15327,0.0,0.25,0.125,tie,0.21288108825683594,29,254,256,False,1,4,True
mtp_s3 buffered verify radix-off vs plain c1,mt_bench-0011,151,82868,3428,0.0625,0.0625,0.0625,one_ulp,0.23829340934753418,129,256,256,False,0,1,True
mtp_s3 buffered verify radix-off vs plain c1,mt_bench-0013,18,2609,4927,0.0,0.125,0.125,tie,0.15192270278930664,17,256,256,False,0,1,True
mtp_s3 buffered verify radix-off vs plain c1,mt_bench-0014,192,16839,18216,0.0,0.125,0.125,tie,0.3654201030731201,80,256,256,False,0,4,True
mtp_s3 buffered verify radix-off vs plain c1,mt_bench-0015,94,13,539,0.125,0.125,0.125,one_ulp,0.23902297019958496,7,256,256,False,2,3,True
mtp_s3 buffered verify radix-off vs plain c1,mt_bench-0018,73,1442,2166,0.0,0.25,0.125,tie,0.2042713165283203,70,132,141,False,1,3,True
mtp_s3 buffered verify radix-off vs plain c1,mt_bench-0022,104,1216,1577,0.125,0.125,0.125,one_ulp,0.2434859275817871,8,256,220,False,0,3,True
mtp_s3 buffered verify radix-off vs plain c1,mt_bench-0023,136,1368,1987,0.0,0.125,0.125,tie,0.24248933792114258,78,256,256,False,0,4,True
mtp_s3 buffered verify radix-off vs plain c1,mt_bench-0024,151,17,23,0.125,0.25,0.125,near,0.1351315975189209,44,256,256,False,2,4,True
mtp_s3 buffered verify radix-off vs plain c1,mt_bench-0026,212,198,3130,0.0,0.125,0.125,tie,0.17843222618103027,51,256,256,False,2,4,True
mtp_s3 buffered verify radix-off vs plain c1,mt_bench-0028,43,16903,1409,0.125,0.0,0.125,tie,0.16289377212524414,17,256,256,False,2,3,True
mtp_s3 buffered verify radix-off vs plain c1,mt_bench-0029,20,56679,5952,0.25,0.0,0.25,tie,0.07962334156036377,0,256,256,False,3,4,True
mtp_s3 buffered verify radix-off vs plain c1,mt_bench-0033,216,421,314,0.125,0.0,0.125,tie,0.24367356300354004,125,256,256,False,3,4,True
mtp_s3 buffered verify radix-off vs plain c1,mt_bench-0034,108,348,1518,0.0,0.125,0.125,tie,0.24116945266723633,26,256,256,False,1,4,True
mtp_s3 buffered verify radix-off vs plain c1,mt_bench-0037,238,9077,72364,0.0,0.125,0.125,tie,0.23621702194213867,25,256,256,False,3,4,True
mtp_s3 buffered verify radix-off vs plain c1,mt_bench-0038,95,45382,46270,0.0,0.125,0.125,tie,0.23283004760742188,53,256,256,False,1,4,True
mtp_s3 buffered verify radix-off vs plain c1,mt_bench-0040,21,279,27690,0.0,0.125,0.125,tie,0.13175082206726074,16,256,256,False,0,2,True
mtp_s3 buffered verify radix-off vs plain c1,mt_bench-0044,127,3050,328,0.125,0.0,0.125,tie,0.2261066436767578,86,256,256,False,0,3,True
mtp_s3 buffered verify radix-off vs plain c1,mt_bench-0045,26,22373,318,0.12499994039535522,0.0,0.125,tie,0.16841089725494385,10,256,256,False,0,4,True
mtp_s3 buffered verify radix-off vs plain c1,mt_bench-0047,40,7620,1,0.125,0.0,0.0625,tie,0.1215970516204834,38,256,256,False,1,1,True
mtp_s3 buffered verify radix-off vs plain c1,mt_bench-0048,49,580,488,0.125,0.0,0.125,tie,0.2927424907684326,37,256,256,False,0,2,True
mtp_s3 buffered verify radix-off vs plain c1,mt_bench-0049,24,466,11,0.125,0.125,0.125,one_ulp,0.22638201713562012,20,256,256,False,1,2,True
mtp_s3 buffered verify radix-off vs plain c1,mt_bench-0053,33,795,1103,0.0,0.125,0.125,tie,0.11377477645874023,0,256,256,False,1,1,True
mtp_s3 buffered verify radix-off vs plain c1,mt_bench-0059,84,42794,2791,0.125,0.0,0.125,tie,0.1500382423400879,0,256,256,False,0,4,True
mtp_s3 buffered verify radix-off vs plain c1,mt_bench-0061,82,5529,1902,0.125,0.125,0.125,one_ulp,0.2342367172241211,1,256,256,False,3,4,True
mtp_s3 buffered verify radix-off vs plain c1,mt_bench-0062,154,318,13,0.125,0.0,0.125,tie,0.16239547729492188,105,256,256,False,0,4,True
mtp_s3 buffered verify radix-off vs plain c1,mt_bench-0063,199,279,75113,0.0,0.125,0.125,tie,0.1967780590057373,172,256,256,False,2,1,True
mtp_s3 buffered verify radix-off vs plain c1,mt_bench-0064,1,64583,8340,0.125,0.0,0.125,tie,0.001473868265748024,0,256,256,False,0,1,True
mtp_s3 buffered verify radix-off vs plain c1,mt_bench-0065,92,271,198,0.125,0.0,0.0625,tie,0.12268781661987305,10,256,256,False,1,2,True
mtp_s3 buffered verify radix-off vs plain c1,mt_bench-0066,67,17171,48772,0.0,0.125,0.125,tie,0.21271276473999023,53,256,256,False,0,1,True
mtp_s3 buffered verify radix-off vs plain c1,mt_bench-0067,37,36515,2790,0.125,0.0,0.125,tie,0.18828916549682617,4,256,256,False,1,4,True
mtp_s3 buffered verify radix-off vs plain c1,mt_bench-0068,122,35924,5619,0.125,0.0,0.125,tie,0.16280484199523926,27,256,256,False,0,4,True
mtp_s3 buffered verify radix-off vs plain c1,mt_bench-0069,73,57039,66711,0.0,0.125,0.125,tie,0.13031888008117676,9,256,256,False,1,2,True
mtp_s3 buffered verify radix-off vs plain c1,mt_bench-0070,13,449,264,0.125,0.0,0.125,tie,0.12278962135314941,8,256,256,False,0,2,True
mtp_s3 buffered verify radix-off vs plain c1,mt_bench-0071,36,33286,17102,0.125,0.0,0.125,tie,0.21395647525787354,10,256,256,False,0,1,True
mtp_s3 buffered verify radix-off vs plain c1,mt_bench-0072,107,5212,36110,0.0,0.125,0.125,tie,0.24367570877075195,41,256,256,False,1,4,True
mtp_s3 buffered verify radix-off vs plain c1,mt_bench-0073,6,49312,4843,0.0625,0.0625,0.0625,one_ulp,0.1202247142791748,4,256,256,False,0,1,True
mtp_s3 buffered verify radix-off vs plain c1,mt_bench-0075,166,264,4184,0.0,0.125,0.125,tie,0.23491168022155762,141,256,256,False,0,1,True
mtp_s3 buffered verify radix-off vs plain c1,mt_bench-0076,131,32530,369,0.125,0.0,0.125,tie,0.2045912742614746,29,256,256,False,1,1,True
mtp_s3 buffered verify radix-off vs plain c1,mt_bench-0077,86,74316,36009,0.125,0.0,0.125,tie,0.12198734283447266,74,256,256,False,0,3,True
mtp_s3 buffered verify radix-off vs plain c1,mt_bench-0078,34,54759,4670,0.125,0.0,0.125,tie,0.18208062648773193,22,256,256,False,1,4,True
mtp_s3 buffered verify radix-off vs plain c1,mt_bench-0079,131,364,1472,0.0,0.125,0.125,tie,0.18236446380615234,18,256,256,False,2,1,True
mtp_s3 buffered verify radix-off triton vs plain c1,alpaca_eval-0000,73,56276,10345,0.125,0.0,0.125,tie,0.18521499633789062,48,256,256,False,1,2,True
mtp_s3 buffered verify radix-off triton vs plain c1,alpaca_eval-0010,29,44280,975,0.125,0.0,0.125,tie,0.14014029502868652,27,256,256,False,0,1,True
mtp_s3 buffered verify radix-off triton vs plain c1,alpaca_eval-0030,155,30835,15166,0.125,0.125,0.0625,near,0.308438777923584,120,256,256,False,0,3,True
mtp_s3 buffered verify radix-off triton vs plain c1,alpaca_eval-0040,8,3046,1484,0.125,0.0,0.125,tie,0.12039828300476074,1,256,256,False,2,2,True
mtp_s3 buffered verify radix-off triton vs plain c1,alpaca_eval-0050,254,1151,7832,0.0,0.125,0.125,tie,0.17308616638183594,85,256,256,False,1,1,True
mtp_s3 buffered verify radix-off triton vs plain c1,alpaca_eval-0060,125,37462,20331,0.0625,0.0,0.0625,tie,0.24245285987854004,94,256,256,False,3,2,True
mtp_s3 buffered verify radix-off triton vs plain c1,alpaca_eval-0080,176,8,553,0.0,0.25,0.125,tie,0.2654855251312256,172,256,256,False,1,2,True
mtp_s3 buffered verify radix-off triton vs plain c1,alpaca_eval-0090,88,4364,6762,0.0,0.125,0.125,tie,0.2326359748840332,45,256,256,False,3,1,True
mtp_s3 buffered verify radix-off triton vs plain c1,alpaca_eval-0100,51,10919,264,0.125,0.0,0.125,tie,0.12696599960327148,21,256,256,False,1,4,True
mtp_s3 buffered verify radix-off triton vs plain c1,alpaca_eval-0110,224,694,3428,0.0,0.12500005960464478,0.125,tie,0.23907065391540527,132,256,256,False,0,4,True
mtp_s3 buffered verify radix-off triton vs plain c1,alpaca_eval-0120,100,68587,1852,0.125,0.0,0.125,tie,0.19202089309692383,86,156,176,False,0,3,True
mtp_s3 buffered verify radix-off triton vs plain c1,alpaca_eval-0130,38,1876,39107,0.0,0.125,0.0625,tie,0.1371096968650818,30,256,256,False,0,2,True
mtp_s3 buffered verify radix-off triton vs plain c1,alpaca_eval-0140,234,6855,36636,0.0,0.125,0.125,tie,0.15555524826049805,167,256,256,False,2,2,True
mtp_s3 buffered verify radix-off triton vs plain c1,alpaca_eval-0160,112,12983,5369,0.125,0.0,0.125,tie,0.18813133239746094,82,256,256,False,1,1,True
mtp_s3 buffered verify radix-off triton vs plain c1,alpaca_eval-0170,192,557,579,0.0,0.125,0.125,tie,0.20703768730163574,169,256,256,False,1,2,True
mtp_s3 buffered verify radix-off triton vs plain c1,alpaca_eval-0180,39,26932,24065,0.125,0.0,0.125,tie,0.1513195037841797,12,256,256,False,3,1,True
mtp_s3 buffered verify radix-off triton vs plain c1,alpaca_eval-0210,20,321,4016,0.0,0.125,0.125,tie,0.1223440170288086,14,256,256,False,1,4,True
mtp_s3 buffered verify radix-off triton vs plain c1,alpaca_eval-0220,95,16032,947,0.0625,0.0,0.0625,tie,0.16000843048095703,7,256,256,False,0,2,True
mtp_s3 buffered verify radix-off triton vs plain c1,alpaca_eval-0230,190,23373,12298,0.125,0.0,0.125,tie,0.23296117782592773,0,256,256,False,3,1,True
mtp_s3 buffered verify radix-off triton vs plain c1,alpaca_eval-0240,9,7253,46548,0.0,0.125,0.125,tie,0.1323070526123047,0,256,256,False,0,2,True
mtp_s3 buffered verify radix-off triton vs plain c1,alpaca_eval-0250,71,5214,48559,0.0,0.125,0.125,tie,0.19344067573547363,8,256,256,False,0,1,True
mtp_s3 buffered verify radix-off triton vs plain c1,alpaca_eval-0260,78,198,271,0.0,0.125,0.125,tie,0.24061250686645508,10,256,256,False,2,3,True
mtp_s3 buffered verify radix-off triton vs plain c1,alpaca_eval-0270,237,13888,11,0.125,0.0,0.125,tie,0.23229146003723145,192,256,256,False,1,4,True
mtp_s3 buffered verify radix-off triton vs plain c1,alpaca_eval-0280,90,328,6286,0.0,0.125,0.125,tie,0.22023749351501465,30,256,256,False,0,3,True
mtp_s3 buffered verify radix-off triton vs plain c1,alpaca_eval-0290,234,4044,13170,0.0,0.0625,0.0625,tie,0.23493242263793945,145,256,256,False,0,4,True
mtp_s3 buffered verify radix-off triton vs plain c1,alpaca_eval-0300,186,9245,4545,0.125,0.0,0.125,tie,0.19814229011535645,75,256,256,False,1,4,True
mtp_s3 buffered verify radix-off triton vs plain c1,alpaca_eval-0320,125,381,524,0.0,0.125,0.125,tie,0.12810683250427246,76,256,256,False,0,4,True
mtp_s3 buffered verify radix-off triton vs plain c1,alpaca_eval-0330,5,303,7141,0.0,0.125,0.125,tie,0.09488070011138916,4,256,256,False,2,2,True
mtp_s3 buffered verify radix-off triton vs plain c1,alpaca_eval-0350,195,1318,1040,0.125,0.0,0.125,tie,0.24115300178527832,117,256,256,False,0,1,True
mtp_s3 buffered verify radix-off triton vs plain c1,alpaca_eval-0360,32,2614,1017,0.125,0.0,0.125,tie,0.2192986011505127,22,256,256,False,1,4,True
mtp_s3 buffered verify radix-off triton vs plain c1,alpaca_eval-0380,146,12001,44739,0.0,0.125,0.125,tie,0.2426149845123291,9,256,256,False,3,4,True
mtp_s3 buffered verify radix-off triton vs plain c1,alpaca_eval-0390,3,10,220,0.0,0.125,0.0625,tie,0.10191774368286133,1,256,256,False,2,1,True
mtp_s3 buffered verify radix-off triton vs plain c1,alpaca_eval-0400,71,220,6519,0.0,0.125,0.125,tie,0.24421238899230957,34,256,256,False,3,4,True
mtp_s3 buffered verify radix-off triton vs plain c1,alpaca_eval-0410,74,357,20656,0.0,0.125,0.125,tie,0.2405862808227539,39,256,256,False,2,3,True
mtp_s3 buffered verify radix-off triton vs plain c1,alpaca_eval-0430,103,279,264,0.125,0.125,0.125,one_ulp,0.3967130184173584,47,256,256,False,1,1,True
mtp_s3 buffered verify radix-off triton vs plain c1,alpaca_eval-0440,72,1970,13,0.125,0.0,0.125,tie,0.14165115356445312,64,256,256,False,2,2,True
mtp_s3 buffered verify radix-off triton vs plain c1,alpaca_eval-0450,231,3376,321,0.12500005960464478,0.0,0.125,tie,0.3000979423522949,119,256,256,False,0,2,True
mtp_s3 buffered verify radix-off triton vs plain c1,alpaca_eval-0460,103,5954,9184,0.0,0.125,0.125,tie,0.2318260669708252,32,256,256,False,3,2,True
mtp_s3 buffered verify radix-off triton vs plain c1,alpaca_eval-0480,107,1879,7497,0.0,0.125,0.125,tie,0.16108214855194092,13,256,256,False,1,2,True
mtp_s3 buffered verify radix-off triton vs plain c1,alpaca_eval-0490,103,5129,1496,0.125,0.0,0.125,tie,0.1779041290283203,51,256,256,False,0,2,True
mtp_s3 buffered verify radix-off triton vs plain c1,alpaca_eval-0500,85,2493,3070,0.0,0.25,0.125,tie,0.19771528244018555,21,256,256,False,1,3,True
mtp_s3 buffered verify radix-off triton vs plain c1,alpaca_eval-0510,115,33,47,0.0,0.125,0.125,tie,0.22618889808654785,14,167,161,False,0,4,True
mtp_s3 buffered verify radix-off triton vs plain c1,alpaca_eval-0520,104,4855,14815,0.125,0.0625,0.0625,near,0.23628807067871094,48,256,256,False,0,2,True
mtp_s3 buffered verify radix-off triton vs plain c1,alpaca_eval-0530,162,13,34093,0.0,0.125,0.125,tie,0.23596906661987305,136,256,256,False,0,1,True
mtp_s3 buffered verify radix-off triton vs plain c1,alpaca_eval-0550,70,318,1083,0.0,0.125,0.125,tie,0.19028258323669434,29,256,256,False,2,1,True
mtp_s3 buffered verify radix-off triton vs plain c1,alpaca_eval-0570,1,3766,4400,0.0,0.125,0.125,tie,0.11388468742370605,0,256,256,False,0,1,True
mtp_s3 buffered verify radix-off triton vs plain c1,alpaca_eval-0580,96,321,10340,0.0,0.125,0.125,tie,0.2429509162902832,72,256,256,False,0,3,True
mtp_s3 buffered verify radix-off triton vs plain c1,alpaca_eval-0590,235,21426,37568,0.0,0.125,0.125,tie,0.23099517822265625,121,256,256,False,0,3,True
mtp_s3 buffered verify radix-off triton vs plain c1,cnn_dailymail-0001,34,11,13,0.0,0.125,0.125,tie,0.20148754119873047,31,125,105,False,1,4,True
mtp_s3 buffered verify radix-off triton vs plain c1,cnn_dailymail-0003,43,4097,7106,0.0,0.125,0.125,tie,0.23134636878967285,2,112,108,False,2,2,True
mtp_s3 buffered verify radix-off triton vs plain c1,cnn_dailymail-0005,129,12769,1669,0.125,0.0,0.125,tie,0.2351670265197754,115,256,256,False,0,3,True
mtp_s3 buffered verify radix-off triton vs plain c1,cnn_dailymail-0006,28,1040,494,0.125,0.0,0.125,tie,0.19991803169250488,27,115,123,False,1,2,True
mtp_s3 buffered verify radix-off triton vs plain c1,cnn_dailymail-0009,5,310,430,0.0,0.125,0.125,tie,0.12348556518554688,0,80,100,False,0,1,True
mtp_s3 buffered verify radix-off triton vs plain c1,cnn_dailymail-0011,213,2196,69075,0.0,0.125,0.125,tie,0.3394899368286133,54,256,256,False,2,4,True
mtp_s3 buffered verify radix-off triton vs plain c1,cnn_dailymail-0013,0,85695,33297,0.125,0.0,0.125,tie,0.0,,121,100,False,0,,True
mtp_s3 buffered verify radix-off triton vs plain c1,cnn_dailymail-0014,49,64777,1208,0.125,0.0,0.125,tie,0.24419641494750977,45,256,256,False,1,3,True
mtp_s3 buffered verify radix-off triton vs plain c1,cnn_dailymail-0016,104,16545,293,0.125,0.0,0.125,tie,0.5599994659423828,37,126,125,False,2,4,True
mtp_s3 buffered verify radix-off triton vs plain c1,cnn_dailymail-0017,68,1027,279,0.125,0.0,0.125,tie,0.2365274429321289,67,256,256,False,1,2,True
mtp_s3 buffered verify radix-off triton vs plain c1,cnn_dailymail-0019,52,3372,8855,0.0,0.25,0.125,tie,0.3289155960083008,7,102,104,False,2,1,True
mtp_s3 buffered verify radix-off triton vs plain c1,cnn_dailymail-0021,46,2582,8953,0.0,0.125,0.0625,tie,0.2101893424987793,19,118,155,False,0,2,True
mtp_s3 buffered verify radix-off triton vs plain c1,cnn_dailymail-0022,81,4171,44164,0.0,0.125,0.125,tie,0.2431013584136963,37,116,111,False,1,1,True
mtp_s3 buffered verify radix-off triton vs plain c1,cnn_dailymail-0024,22,5732,2785,0.125,0.0,0.125,tie,0.11267352104187012,16,107,117,False,0,2,True
mtp_s3 buffered verify radix-off triton vs plain c1,cnn_dailymail-0025,86,18966,7309,0.125,0.0,0.125,tie,0.2147538661956787,13,116,109,False,1,1,True
mtp_s3 buffered verify radix-off triton vs plain c1,cnn_dailymail-0027,20,381,3512,0.0,0.125,0.125,tie,0.16810178756713867,1,96,110,False,1,2,True
mtp_s3 buffered verify radix-off triton vs plain c1,cnn_dailymail-0029,152,8897,279,0.125,0.0,0.125,tie,0.24387907981872559,55,256,256,False,1,4,True
mtp_s3 buffered verify radix-off triton vs plain c1,cnn_dailymail-0031,32,5381,2756,0.125,0.0,0.125,tie,0.24317622184753418,15,132,130,False,0,2,True
mtp_s3 buffered verify radix-off triton vs plain c1,cnn_dailymail-0033,25,18816,23059,0.0625,0.125,0.0625,near,0.21054840087890625,24,95,90,False,0,2,True
mtp_s3 buffered verify radix-off triton vs plain c1,cnn_dailymail-0034,36,17942,9422,0.125,0.0,0.125,tie,0.13796710968017578,0,110,100,False,2,1,True
mtp_s3 buffered verify radix-off triton vs plain c1,cnn_dailymail-0035,192,21046,1615,0.25,0.0,0.125,tie,0.22306537628173828,186,256,256,False,2,4,True
mtp_s3 buffered verify radix-off triton vs plain c1,cnn_dailymail-0037,4,303,424,0.0,0.125,0.125,tie,0.12837529182434082,3,137,120,False,0,3,True
mtp_s3 buffered verify radix-off triton vs plain c1,cnn_dailymail-0038,254,279,1254,0.0,0.125,0.125,tie,0.22934508323669434,33,256,256,False,0,4,True
mtp_s3 buffered verify radix-off triton vs plain c1,cnn_dailymail-0039,53,310,303,0.125,0.0,0.125,tie,0.1398465633392334,14,166,151,False,2,4,True
mtp_s3 buffered verify radix-off triton vs plain c1,gsm8k-0004,39,2250,220,0.125,0.0,0.125,tie,0.24560880661010742,8,256,256,False,0,4,True
mtp_s3 buffered verify radix-off triton vs plain c1,gsm8k-0006,194,188144,15875,0.125,0.0,0.125,tie,0.23873227834701538,13,256,256,False,2,1,True
mtp_s3 buffered verify radix-off triton vs plain c1,gsm8k-0007,123,1331,4003,0.0,0.25,0.25,tie,0.24411225318908691,52,256,256,False,1,4,True
mtp_s3 buffered verify radix-off triton vs plain c1,gsm8k-0009,146,458,27858,0.0,0.125,0.125,tie,0.24415969848632812,27,256,256,False,0,4,True
mtp_s3 buffered verify radix-off triton vs plain c1,gsm8k-0011,61,506,13,0.125,0.0,0.125,tie,0.1694803237915039,48,256,256,False,0,4,True
mtp_s3 buffered verify radix-off triton vs plain c1,gsm8k-0012,81,1754,303,0.125,0.0,0.125,tie,0.20546221733093262,79,256,256,False,0,1,True
mtp_s3 buffered verify radix-off triton vs plain c1,gsm8k-0013,45,430,13,0.125,0.125,0.125,one_ulp,0.1670008897781372,20,256,256,False,1,1,True
mtp_s3 buffered verify radix-off triton vs plain c1,gsm8k-0015,44,31187,4997,0.125,0.25,0.125,near,0.7646973133087158,15,256,256,False,1,4,True
mtp_s3 buffered verify radix-off triton vs plain c1,gsm8k-0020,113,2989,220,0.125,0.0,0.125,tie,0.2346339225769043,41,256,256,False,0,4,True
mtp_s3 buffered verify radix-off triton vs plain c1,gsm8k-0026,2,264,821,0.0,0.125,0.125,tie,0.0009530335664749146,0,256,256,False,1,1,True
mtp_s3 buffered verify radix-off triton vs plain c1,gsm8k-0028,113,411,279,0.125,0.0,0.125,tie,0.19660472869873047,51,248,249,False,0,4,True
mtp_s3 buffered verify radix-off triton vs plain c1,gsm8k-0031,7,1144,1118,0.125,0.0,0.125,tie,0.12000894546508789,4,256,256,False,2,4,True
mtp_s3 buffered verify radix-off triton vs plain c1,gsm8k-0036,26,159029,364,0.125,0.125,0.125,one_ulp,0.2381129264831543,19,245,239,False,1,4,True
mtp_s3 buffered verify radix-off triton vs plain c1,gsm8k-0037,137,364,506,0.0,0.12499994039535522,0.125,tie,0.1226036548614502,51,256,256,False,0,4,True
mtp_s3 buffered verify radix-off triton vs plain c1,gsm8k-0042,94,1238,506,0.125,0.0,0.125,tie,0.24490571022033691,12,201,199,False,3,4,True
mtp_s3 buffered verify radix-off triton vs plain c1,gsm8k-0044,16,15771,2014,0.125,0.0,0.125,tie,0.09289038181304932,2,256,256,False,3,4,True
mtp_s3 buffered verify radix-off triton vs plain c1,gsm8k-0046,123,760,1206,0.0,0.125,0.125,tie,0.19069766998291016,75,256,256,False,3,2,True
mtp_s3 buffered verify radix-off triton vs plain c1,gsm8k-0049,16,13,303,0.0,0.2500000596046448,0.25,tie,0.11870145797729492,6,256,256,False,3,4,True
mtp_s3 buffered verify radix-off triton vs plain c1,gsm8k-0052,235,6747,1801,0.125,0.0,0.125,tie,0.24482393264770508,48,256,256,False,2,4,True
mtp_s3 buffered verify radix-off triton vs plain c1,gsm8k-0053,74,393,56014,0.0,0.25,0.25,tie,0.12179708480834961,44,256,256,False,1,3,True
mtp_s3 buffered verify radix-off triton vs plain c1,gsm8k-0060,19,4952,321,0.125,0.0,0.125,tie,0.12166690826416016,14,256,256,False,0,4,True
mtp_s3 buffered verify radix-off triton vs plain c1,gsm8k-0061,16,2250,836,0.125,0.0,0.125,tie,0.12194013595581055,4,256,248,False,1,4,True
mtp_s3 buffered verify radix-off triton vs plain c1,gsm8k-0062,78,188912,14,0.125,0.0,0.125,tie,0.12437748908996582,45,256,256,False,2,4,True
mtp_s3 buffered verify radix-off triton vs plain c1,gsm8k-0066,22,279,23208,0.0,0.125,0.125,tie,0.16016197204589844,13,256,256,False,0,4,True
mtp_s3 buffered verify radix-off triton vs plain c1,gsm8k-0067,17,25,13,0.125,0.0,0.125,tie,0.1223294734954834,6,256,256,False,0,4,True
mtp_s3 buffered verify radix-off triton vs plain c1,gsm8k-0074,111,7336,4625,0.125,0.0,0.125,tie,0.12302207946777344,53,256,256,False,1,2,True
mtp_s3 buffered verify radix-off triton vs plain c1,gsm8k-0076,53,9,13682,0.0,0.125,0.125,tie,0.14809614419937134,0,256,256,False,0,4,True
mtp_s3 buffered verify radix-off triton vs plain c1,gsm8k-0079,85,1590,553,0.125,0.0,0.125,tie,0.2166614532470703,21,170,170,False,1,4,True
mtp_s3 buffered verify radix-off triton vs plain c1,humaneval-0000,127,364,413,0.0,0.125,0.125,tie,0.1214902400970459,0,173,183,False,0,4,True
mtp_s3 buffered verify radix-off triton vs plain c1,humaneval-0002,114,733,271,0.125,0.0,0.125,tie,0.23372983932495117,97,256,256,False,0,4,True
mtp_s3 buffered verify radix-off triton vs plain c1,humaneval-0005,7,1881,1324,0.125,0.0,0.125,tie,0.12166571617126465,2,256,256,False,0,2,True
mtp_s3 buffered verify radix-off triton vs plain c1,humaneval-0011,26,2381,55,0.125,0.0,0.125,tie,0.1279141902923584,15,256,256,False,3,4,True
mtp_s3 buffered verify radix-off triton vs plain c1,humaneval-0014,18,264,3010,0.0,0.125,0.125,tie,0.11858749389648438,1,256,256,False,2,4,True
mtp_s3 buffered verify radix-off triton vs plain c1,humaneval-0018,17,1698,4071,0.0,0.25,0.25,tie,0.0008944869041442871,0,73,166,False,0,4,True
mtp_s3 buffered verify radix-off triton vs plain c1,humaneval-0020,54,28662,9150,0.125,0.0,0.125,tie,0.12612509727478027,31,256,256,False,3,4,True
mtp_s3 buffered verify radix-off triton vs plain c1,humaneval-0028,0,71093,727,0.25,0.0,0.25,tie,0.0,,70,60,False,0,,True
mtp_s3 buffered verify radix-off triton vs plain c1,humaneval-0031,2,198,1358,0.0,0.125,0.125,tie,0.08974575996398926,0,213,213,False,1,1,True
mtp_s3 buffered verify radix-off triton vs plain c1,humaneval-0032,138,561,1049,0.0,0.12500005960464478,0.125,tie,0.2043529748916626,67,256,256,False,0,4,True
mtp_s3 buffered verify radix-off triton vs plain c1,humaneval-0036,2,1358,198,0.125,0.0,0.125,tie,0.3209882974624634,0,139,139,False,1,1,True
mtp_s3 buffered verify radix-off triton vs plain c1,humaneval-0038,26,579,728,0.0,0.125,0.125,tie,0.24981236457824707,1,256,256,False,0,4,True
mtp_s3 buffered verify radix-off triton vs plain c1,humaneval-0041,102,1440,1459,0.0,0.125,0.125,tie,0.23555397987365723,7,256,256,False,0,1,True
mtp_s3 buffered verify radix-off triton vs plain c1,humaneval-0046,198,413,653,0.0,0.125,0.125,tie,0.1186988353729248,186,256,256,False,1,4,True
mtp_s3 buffered verify radix-off triton vs plain c1,humaneval-0047,13,561,271,0.125,0.0,0.125,tie,0.212723970413208,2,256,256,False,2,2,True
mtp_s3 buffered verify radix-off triton vs plain c1,humaneval-0052,0,71093,727,0.25,0.0,0.25,tie,0.0,,100,95,False,0,,True
mtp_s3 buffered verify radix-off triton vs plain c1,humaneval-0053,18,709,5089,0.0,0.125,0.125,tie,0.14053529500961304,7,193,172,False,0,3,True
mtp_s3 buffered verify radix-off triton vs plain c1,humaneval-0054,,,,,,,,0.6677225828170776,92,161,161,False,,,
mtp_s3 buffered verify radix-off triton vs plain c1,humaneval-0056,131,1,763,0.0,0.125,0.125,tie,0.24949908256530762,0,256,256,False,0,4,True
mtp_s3 buffered verify radix-off triton vs plain c1,humaneval-0059,43,430,18253,0.125,0.125,0.125,one_ulp,0.12550830841064453,41,256,256,False,1,3,True
mtp_s3 buffered verify radix-off triton vs plain c1,mt_bench-0000,72,279,5028,0.0,0.125,0.125,tie,0.19342350959777832,26,256,256,False,2,2,True
mtp_s3 buffered verify radix-off triton vs plain c1,mt_bench-0002,21,449,264,0.125,0.0,0.125,tie,0.004646599292755127,18,256,256,False,0,4,True
mtp_s3 buffered verify radix-off triton vs plain c1,mt_bench-0003,167,383,466,0.0,0.125,0.125,tie,0.21016669273376465,106,256,256,False,1,4,True
mtp_s3 buffered verify radix-off triton vs plain c1,mt_bench-0004,11,23772,264,0.125,0.0,0.125,tie,0.12148737907409668,3,231,243,False,2,3,True
mtp_s3 buffered verify radix-off triton vs plain c1,mt_bench-0005,246,7830,16078,0.0,0.125,0.125,tie,0.18993330001831055,127,256,256,False,1,4,True
mtp_s3 buffered verify radix-off triton vs plain c1,mt_bench-0006,33,1040,80592,0.0,0.125,0.0625,tie,0.12186002731323242,20,256,256,False,0,1,True
mtp_s3 buffered verify radix-off triton vs plain c1,mt_bench-0007,10,264,279,0.0,0.125,0.125,tie,0.1316661834716797,3,204,156,False,1,3,True
mtp_s3 buffered verify radix-off triton vs plain c1,mt_bench-0008,213,4950,381,0.125,0.0,0.125,tie,0.19882917404174805,174,256,256,False,2,4,True
mtp_s3 buffered verify radix-off triton vs plain c1,mt_bench-0009,86,321,11,0.125,0.0,0.125,tie,0.23455262184143066,61,256,256,False,0,4,True
mtp_s3 buffered verify radix-off triton vs plain c1,mt_bench-0010,164,1042,279,0.12499988079071045,0.0,0.125,tie,0.23767542839050293,26,254,215,False,1,4,True
mtp_s3 buffered verify radix-off triton vs plain c1,mt_bench-0011,147,64,435,0.125,0.125,0.0625,near,0.21387815475463867,51,256,256,False,3,3,True
mtp_s3 buffered verify radix-off triton vs plain c1,mt_bench-0013,82,8396,279,0.125,0.0,0.125,tie,0.1782667636871338,72,256,256,False,1,1,True
mtp_s3 buffered verify radix-off triton vs plain c1,mt_bench-0014,175,48,107754,0.0625,0.0625,0.0625,one_ulp,0.22635960578918457,31,256,256,False,2,2,True
mtp_s3 buffered verify radix-off triton vs plain c1,mt_bench-0015,43,4087,2534,0.125,0.0,0.125,tie,0.21889138221740723,9,256,256,False,0,2,True
mtp_s3 buffered verify radix-off triton vs plain c1,mt_bench-0017,87,3158,1764,0.125,0.0,0.125,tie,0.13419818878173828,86,256,256,False,1,4,True
mtp_s3 buffered verify radix-off triton vs plain c1,mt_bench-0018,73,1442,2166,0.0,0.25,0.125,tie,0.1778395175933838,1,132,141,False,1,3,True
mtp_s3 buffered verify radix-off triton vs plain c1,mt_bench-0019,189,47733,28599,0.125,0.0,0.125,tie,0.2234058380126953,18,256,256,False,0,2,True
mtp_s3 buffered verify radix-off triton vs plain c1,mt_bench-0022,18,2592,760,0.12499994039535522,0.0,0.125,tie,0.11579561233520508,3,256,106,False,1,4,True
mtp_s3 buffered verify radix-off triton vs plain c1,mt_bench-0023,220,328,28334,0.0,0.125,0.125,tie,0.2130293846130371,203,256,256,False,0,1,True
mtp_s3 buffered verify radix-off triton vs plain c1,mt_bench-0024,191,303,1902,0.0,0.125,0.125,tie,0.4120335578918457,151,256,256,False,0,4,True
mtp_s3 buffered verify radix-off triton vs plain c1,mt_bench-0025,80,48554,40582,0.125,0.0,0.125,tie,0.1421729326248169,0,256,256,False,0,4,True
mtp_s3 buffered verify radix-off triton vs plain c1,mt_bench-0026,212,198,3130,0.0,0.125,0.125,tie,0.23364496231079102,161,256,256,False,2,4,True
mtp_s3 buffered verify radix-off triton vs plain c1,mt_bench-0028,93,22426,2972,0.125,0.0,0.125,tie,0.16289162635803223,17,256,256,False,3,4,True
mtp_s3 buffered verify radix-off triton vs plain c1,mt_bench-0029,20,56679,5952,0.25,0.0,0.25,tie,2.8604554245248437e-05,5,256,256,False,3,4,True
mtp_s3 buffered verify radix-off triton vs plain c1,mt_bench-0033,236,9,12,0.125,0.12499994039535522,0.125,one_ulp,0.2437741756439209,125,256,256,False,1,4,True
mtp_s3 buffered verify radix-off triton vs plain c1,mt_bench-0034,108,348,1518,0.0,0.125,0.125,tie,0.2444443702697754,16,256,256,False,1,4,True
mtp_s3 buffered verify radix-off triton vs plain c1,mt_bench-0036,39,733,47246,0.0,0.125,0.125,tie,0.23572897911071777,27,256,256,False,1,3,True
mtp_s3 buffered verify radix-off triton vs plain c1,mt_bench-0037,238,9077,72364,0.0,0.125,0.125,tie,0.24045705795288086,164,256,256,False,3,4,True
mtp_s3 buffered verify radix-off triton vs plain c1,mt_bench-0039,143,279,26782,0.0,0.125,0.125,tie,0.24542951583862305,65,256,256,False,0,2,True
mtp_s3 buffered verify radix-off triton vs plain c1,mt_bench-0040,21,279,27690,0.0,0.125,0.125,tie,0.15912985801696777,18,256,256,False,0,2,True
mtp_s3 buffered verify radix-off triton vs plain c1,mt_bench-0041,215,16,15,0.125,0.0,0.125,tie,0.2233564853668213,196,256,256,False,1,3,True
mtp_s3 buffered verify radix-off triton vs plain c1,mt_bench-0042,128,2081,3779,0.0,0.125,0.125,tie,0.14819669723510742,38,256,256,False,2,1,True
mtp_s3 buffered verify radix-off triton vs plain c1,mt_bench-0044,88,1719,10957,0.0,0.125,0.125,tie,0.21960091590881348,86,256,256,False,0,3,True
mtp_s3 buffered verify radix-off triton vs plain c1,mt_bench-0045,92,303,513,0.0,0.125,0.125,tie,0.21790671348571777,49,256,256,False,3,4,True
mtp_s3 buffered verify radix-off triton vs plain c1,mt_bench-0047,117,364,13,0.125,0.0,0.125,tie,0.20168209075927734,68,256,256,False,0,1,True
mtp_s3 buffered verify radix-off triton vs plain c1,mt_bench-0048,49,580,488,0.125,0.0,0.125,tie,0.25090694427490234,37,256,256,False,0,2,True
mtp_s3 buffered verify radix-off triton vs plain c1,mt_bench-0049,0,36948,1206,0.12499994039535522,0.0,0.125,tie,0.0,,256,256,False,0,,True
mtp_s3 buffered verify radix-off triton vs plain c1,mt_bench-0053,33,795,1103,0.0,0.125,0.125,tie,0.11449241638183594,0,256,256,False,1,1,True
mtp_s3 buffered verify radix-off triton vs plain c1,mt_bench-0060,217,28477,2332,0.125,0.0,0.125,tie,0.24409842491149902,89,256,256,False,1,2,True
mtp_s3 buffered verify radix-off triton vs plain c1,mt_bench-0061,82,5529,1902,0.125,0.0,0.125,tie,0.12229704856872559,10,256,256,False,3,4,True
mtp_s3 buffered verify radix-off triton vs plain c1,mt_bench-0062,154,318,13,0.125,0.0,0.125,tie,0.21940374374389648,103,256,256,False,0,4,True
mtp_s3 buffered verify radix-off triton vs plain c1,mt_bench-0063,57,314,33448,0.0,0.125,0.125,tie,0.12122225761413574,49,256,256,False,0,2,True
mtp_s3 buffered verify radix-off triton vs plain c1,mt_bench-0064,177,7057,462,0.125,0.0,0.125,tie,0.20766735076904297,64,256,256,False,0,4,True
mtp_s3 buffered verify radix-off triton vs plain c1,mt_bench-0066,67,17171,48772,0.0,0.125,0.125,tie,0.22658777236938477,18,256,256,False,0,1,True
mtp_s3 buffered verify radix-off triton vs plain c1,mt_bench-0067,37,36515,2790,0.125,0.0,0.125,tie,0.12150001525878906,31,256,256,False,1,4,True
mtp_s3 buffered verify radix-off triton vs plain c1,mt_bench-0069,73,57039,66711,0.0,0.125,0.125,tie,0.185899019241333,51,256,256,False,1,2,True
mtp_s3 buffered verify radix-off triton vs plain c1,mt_bench-0071,56,18100,6195,0.125,0.0,0.125,tie,0.18313121795654297,36,256,256,False,2,3,True
mtp_s3 buffered verify radix-off triton vs plain c1,mt_bench-0072,201,28069,2981,0.125,0.125,0.125,one_ulp,0.22940468788146973,99,256,256,False,1,2,True
mtp_s3 buffered verify radix-off triton vs plain c1,mt_bench-0073,6,49312,4843,0.0625,0.0,0.0625,tie,0.1243753433227539,5,256,256,False,0,1,True
mtp_s3 buffered verify radix-off triton vs plain c1,mt_bench-0074,131,10852,40,0.125,0.0,0.125,tie,0.2344977855682373,100,256,256,False,3,4,True
mtp_s3 buffered verify radix-off triton vs plain c1,mt_bench-0075,17,369,318,0.125,0.0,0.125,tie,0.12224745750427246,1,256,256,False,0,4,True
mtp_s3 buffered verify radix-off triton vs plain c1,mt_bench-0076,193,5774,3404,0.125,0.0,0.125,tie,0.24301409721374512,170,256,256,False,1,1,True
mtp_s3 buffered verify radix-off triton vs plain c1,mt_bench-0077,112,557,1467,0.0,0.125,0.125,tie,0.21728754043579102,42,256,256,False,1,4,True
mtp_s3 buffered verify radix-off triton vs plain c1,mt_bench-0078,254,279,5941,0.0,0.125,0.125,tie,0.21828508377075195,14,256,256,False,1,2,True
mtp_s3 buffered verify radix-off triton vs plain c1,mt_bench-0079,131,364,1472,0.0,0.125,0.125,tie,0.20360660552978516,36,256,256,False,2,1,True
plain buffered decode radix-off vs plain c1,alpaca_eval-0000,146,8252,7745,0.0625,0.0,0.0625,tie,0.34769177436828613,87,256,256,False,,,
plain buffered decode radix-off vs plain c1,alpaca_eval-0010,29,44280,975,0.125,0.0,0.125,tie,0.23077797889709473,24,256,256,False,,,
plain buffered decode radix-off vs plain c1,alpaca_eval-0020,72,318,11,0.125,0.0,0.125,tie,0.12261581420898438,64,256,256,False,,,
plain buffered decode radix-off vs plain c1,alpaca_eval-0030,155,30835,15166,0.125,0.0,0.125,tie,0.2421731948852539,108,256,256,False,,,
plain buffered decode radix-off vs plain c1,alpaca_eval-0040,8,3046,1484,0.125,0.0,0.125,tie,0.07581329345703125,3,256,256,False,,,
plain buffered decode radix-off vs plain c1,alpaca_eval-0050,20,7832,1007,0.125,0.0,0.125,tie,0.0021500266157090664,18,256,256,False,,,
plain buffered decode radix-off vs plain c1,alpaca_eval-0060,125,37462,20331,0.0625,0.0,0.0625,tie,0.21968293190002441,38,256,256,False,,,
plain buffered decode radix-off vs plain c1,alpaca_eval-0080,176,8,553,0.0,0.25,0.125,tie,0.25942444801330566,172,256,256,False,,,
plain buffered decode radix-off vs plain c1,alpaca_eval-0090,231,6453,23901,0.0,0.125,0.125,tie,0.22460460662841797,54,256,256,False,,,
plain buffered decode radix-off vs plain c1,alpaca_eval-0100,51,10919,264,0.125,0.0,0.125,tie,0.1340620517730713,14,256,256,False,,,
plain buffered decode radix-off vs plain c1,alpaca_eval-0110,153,5138,5365,0.0,0.125,0.125,tie,0.23470807075500488,103,256,256,False,,,
plain buffered decode radix-off vs plain c1,alpaca_eval-0130,164,264,2414,0.0,0.125,0.125,tie,0.2235703468322754,133,256,256,False,,,
plain buffered decode radix-off vs plain c1,alpaca_eval-0140,234,6855,36636,0.0,0.125,0.125,tie,0.24489879608154297,79,256,256,False,,,
plain buffered decode radix-off vs plain c1,alpaca_eval-0150,208,3197,52217,0.0,0.125,0.125,tie,0.2147355079650879,197,256,256,False,,,
plain buffered decode radix-off vs plain c1,alpaca_eval-0170,192,557,579,0.0,0.125,0.125,tie,0.1549088954925537,145,256,256,False,,,
plain buffered decode radix-off vs plain c1,alpaca_eval-0180,30,279,2433,0.125,0.125,0.125,one_ulp,0.1598515510559082,13,256,256,False,,,
plain buffered decode radix-off vs plain c1,alpaca_eval-0200,144,68,39551,0.0,0.125,0.125,tie,0.19962263107299805,64,256,256,False,,,
plain buffered decode radix-off vs plain c1,alpaca_eval-0210,20,321,4016,0.0,0.125,0.125,tie,0.11986660957336426,18,256,256,False,,,
plain buffered decode radix-off vs plain c1,alpaca_eval-0220,7,1402,65884,0.0,0.125,0.125,tie,0.11851096153259277,2,256,256,False,,,
plain buffered decode radix-off vs plain c1,alpaca_eval-0230,220,18516,2528,0.125,0.125,0.125,one_ulp,0.2108750343322754,146,256,256,False,,,
plain buffered decode radix-off vs plain c1,alpaca_eval-0250,134,31474,5902,0.125,0.0,0.125,tie,0.2814619541168213,101,256,256,False,,,
plain buffered decode radix-off vs plain c1,alpaca_eval-0260,78,198,271,0.0,0.125,0.125,tie,0.13369989395141602,75,256,256,False,,,
plain buffered decode radix-off vs plain c1,alpaca_eval-0270,11,2046,279,0.125,0.0,0.125,tie,0.2085421085357666,5,256,256,False,,,
plain buffered decode radix-off vs plain c1,alpaca_eval-0280,42,314,159029,0.0,0.125,0.125,tie,0.1892383098602295,36,256,256,False,,,
plain buffered decode radix-off vs plain c1,alpaca_eval-0290,205,310,1017,0.0,0.125,0.125,tie,0.20917868614196777,82,256,256,False,,,
plain buffered decode radix-off vs plain c1,alpaca_eval-0300,136,271,198,0.125,0.0,0.125,tie,0.1632835865020752,33,256,256,False,,,
plain buffered decode radix-off vs plain c1,alpaca_eval-0310,133,3827,6805,0.0,0.125,0.125,tie,0.24424409866333008,59,256,256,False,,,
plain buffered decode radix-off vs plain c1,alpaca_eval-0320,102,958,3579,0.0,0.125,0.125,tie,0.22830986976623535,26,256,256,False,,,
plain buffered decode radix-off vs plain c1,alpaca_eval-0330,57,256,15015,0.0,0.125,0.125,tie,0.14703965187072754,17,256,256,False,,,
plain buffered decode radix-off vs plain c1,alpaca_eval-0340,111,4650,68,0.125,0.0,0.125,tie,0.20276165008544922,31,188,211,False,,,
plain buffered decode radix-off vs plain c1,alpaca_eval-0360,32,2614,1017,0.125,0.0,0.125,tie,0.2156374454498291,31,256,256,False,,,
plain buffered decode radix-off vs plain c1,alpaca_eval-0390,3,10,220,0.0,0.0625,0.0625,tie,0.10226321220397949,1,256,256,False,,,
plain buffered decode radix-off vs plain c1,alpaca_eval-0410,76,23853,3136,0.125,0.0,0.125,tie,0.24059748649597168,39,256,256,False,,,
plain buffered decode radix-off vs plain c1,alpaca_eval-0420,33,3611,5629,0.0,0.125,0.125,tie,0.1894235610961914,9,202,256,False,,,
plain buffered decode radix-off vs plain c1,alpaca_eval-0430,103,279,264,0.125,0.0,0.125,tie,0.4489274024963379,47,256,256,False,,,
plain buffered decode radix-off vs plain c1,alpaca_eval-0450,231,3376,321,0.12500005960464478,0.0,0.125,tie,0.23958730697631836,9,256,256,False,,,
plain buffered decode radix-off vs plain c1,alpaca_eval-0460,21,318,466,0.0,0.125,0.125,tie,0.11889028549194336,5,256,256,False,,,
plain buffered decode radix-off vs plain c1,alpaca_eval-0480,202,49516,45930,0.125,0.0,0.125,tie,0.23918557167053223,116,256,256,False,,,
plain buffered decode radix-off vs plain c1,alpaca_eval-0500,36,56679,21397,0.125,0.0,0.125,tie,0.19516944885253906,31,256,256,False,,,
plain buffered decode radix-off vs plain c1,alpaca_eval-0510,115,33,47,0.0,0.125,0.0625,tie,0.18372416496276855,42,167,164,False,,,
plain buffered decode radix-off vs plain c1,alpaca_eval-0520,125,760,88433,0.0,0.0625,0.0625,tie,0.4756042957305908,48,256,256,False,,,
plain buffered decode radix-off vs plain c1,alpaca_eval-0530,154,30096,321,0.25,0.0,0.125,tie,0.13684296607971191,97,256,256,False,,,
plain buffered decode radix-off vs plain c1,alpaca_eval-0550,70,318,1083,0.0,0.125,0.125,tie,0.1630265712738037,14,256,256,False,,,
plain buffered decode radix-off vs plain c1,alpaca_eval-0560,37,318,13,0.125,0.0,0.125,tie,0.0018433481454849243,34,256,256,False,,,
plain buffered decode radix-off vs plain c1,alpaca_eval-0570,1,3766,4400,0.0,0.125,0.125,tie,0.12006163597106934,0,256,256,False,,,
plain buffered decode radix-off vs plain c1,alpaca_eval-0580,96,321,10340,0.0,0.125,0.125,tie,0.18089723587036133,9,256,256,False,,,
plain buffered decode radix-off vs plain c1,alpaca_eval-0590,235,21426,37568,0.0,0.125,0.125,tie,0.23099517822265625,121,256,256,False,,,
plain buffered decode radix-off vs plain c1,cnn_dailymail-0000,85,264,449,0.0,0.125,0.125,tie,0.21222567558288574,66,112,113,False,,,
plain buffered decode radix-off vs plain c1,cnn_dailymail-0001,73,11291,8953,0.25,0.0,0.25,tie,0.2328348159790039,0,125,124,False,,,
plain buffered decode radix-off vs plain c1,cnn_dailymail-0002,150,2599,30284,0.0,0.125,0.125,tie,0.2143232822418213,92,256,256,False,,,
plain buffered decode radix-off vs plain c1,cnn_dailymail-0003,73,38009,39542,0.0,0.125,0.125,tie,0.242431640625,67,112,107,False,,,
plain buffered decode radix-off vs plain c1,cnn_dailymail-0006,82,13211,65844,0.0,0.24999994039535522,0.25,tie,0.19437432289123535,12,115,114,False,,,
plain buffered decode radix-off vs plain c1,cnn_dailymail-0008,208,318,64700,0.0,0.125,0.125,tie,0.24039196968078613,188,256,256,False,,,
plain buffered decode radix-off vs plain c1,cnn_dailymail-0009,39,5879,31511,0.0,0.125,0.125,tie,0.22360634803771973,15,80,84,False,,,
plain buffered decode radix-off vs plain c1,cnn_dailymail-0011,213,2196,69075,0.0,0.125,0.125,tie,0.34612274169921875,54,256,256,False,,,
plain buffered decode radix-off vs plain c1,cnn_dailymail-0013,0,85695,33297,0.125,0.125,0.125,one_ulp,0.0,,121,106,False,,,
plain buffered decode radix-off vs plain c1,cnn_dailymail-0014,49,64777,1208,0.125,0.0,0.125,tie,0.2442007064819336,45,256,256,False,,,
plain buffered decode radix-off vs plain c1,cnn_dailymail-0017,68,1027,279,0.125,0.0,0.125,tie,0.23651695251464844,67,256,256,False,,,
plain buffered decode radix-off vs plain c1,cnn_dailymail-0018,91,279,264,0.125,0.0,0.125,tie,0.21802520751953125,51,111,111,False,,,
plain buffered decode radix-off vs plain c1,cnn_dailymail-0019,52,3372,8855,0.0,0.125,0.125,tie,0.24387645721435547,50,102,104,False,,,
plain buffered decode radix-off vs plain c1,cnn_dailymail-0021,46,2582,8953,0.0,0.125,0.0625,tie,0.27715420722961426,18,118,156,False,,,
plain buffered decode radix-off vs plain c1,cnn_dailymail-0024,53,998,8334,0.0,0.0625,0.0625,tie,0.23612403869628906,8,107,110,False,,,
plain buffered decode radix-off vs plain c1,cnn_dailymail-0025,86,18966,7309,0.125,0.0,0.125,tie,0.24088191986083984,25,116,109,False,,,
plain buffered decode radix-off vs plain c1,cnn_dailymail-0027,20,381,3512,0.0,0.125,0.125,tie,0.12286663055419922,15,96,110,False,,,
plain buffered decode radix-off vs plain c1,cnn_dailymail-0028,54,43001,328,0.125,0.0,0.125,tie,0.19463300704956055,49,114,111,False,,,
plain buffered decode radix-off vs plain c1,cnn_dailymail-0029,152,8897,279,0.125,0.0,0.125,tie,0.2349247932434082,43,256,256,False,,,
plain buffered decode radix-off vs plain c1,cnn_dailymail-0031,32,5381,2756,0.125,0.0,0.0625,tie,0.19657230377197266,12,132,147,False,,,
plain buffered decode radix-off vs plain c1,cnn_dailymail-0033,25,18816,23059,0.0625,0.5624998807907104,0.0625,large,0.4708676338195801,24,95,91,False,,,
plain buffered decode radix-off vs plain c1,cnn_dailymail-0035,214,318,13,0.125,0.0,0.125,tie,0.2894744873046875,160,256,256,False,,,
plain buffered decode radix-off vs plain c1,cnn_dailymail-0036,8,11,15784,0.0,0.125,0.125,tie,0.1849064826965332,6,108,105,False,,,
plain buffered decode radix-off vs plain c1,cnn_dailymail-0037,4,303,424,0.0,0.125,0.125,tie,0.12558531761169434,3,137,120,False,,,
plain buffered decode radix-off vs plain c1,gsm8k-0004,39,2250,220,0.125,0.125,0.125,one_ulp,0.12326574325561523,8,256,256,False,,,
plain buffered decode radix-off vs plain c1,gsm8k-0006,54,19892,28924,0.0,0.125,0.125,tie,0.1149301528930664,8,256,256,False,,,
plain buffered decode radix-off vs plain c1,gsm8k-0007,123,1331,4003,0.0,0.24999988079071045,0.25,tie,0.28477001190185547,86,256,256,False,,,
plain buffered decode radix-off vs plain c1,gsm8k-0009,146,458,27858,0.0,0.125,0.125,tie,0.24471688270568848,85,256,256,False,,,
plain buffered decode radix-off vs plain c1,gsm8k-0011,61,506,13,0.125,0.0,0.125,tie,0.18037700653076172,26,256,256,False,,,
plain buffered decode radix-off vs plain c1,gsm8k-0012,60,9483,24157,0.125,0.125,0.125,one_ulp,0.33667421340942383,39,256,256,False,,,
plain buffered decode radix-off vs plain c1,gsm8k-0015,44,31187,4997,0.125,0.125,0.125,one_ulp,0.43939685821533203,15,256,256,False,,,
plain buffered decode radix-off vs plain c1,gsm8k-0017,197,5759,8941,0.0,0.125,0.125,tie,0.24483132362365723,120,256,256,False,,,
plain buffered decode radix-off vs plain c1,gsm8k-0020,33,64494,4346,0.125,0.0,0.125,tie,0.24153971672058105,19,256,256,False,,,
plain buffered decode radix-off vs plain c1,gsm8k-0021,94,948,506,0.125,0.0,0.125,tie,0.12110471725463867,7,168,166,False,,,
plain buffered decode radix-off vs plain c1,gsm8k-0024,33,9764,1596,0.25,0.0,0.25,tie,0.23711156845092773,21,256,256,False,,,
plain buffered decode radix-off vs plain c1,gsm8k-0026,2,264,821,0.0,0.125,0.125,tie,0.11185145378112793,0,256,256,False,,,
plain buffered decode radix-off vs plain c1,gsm8k-0028,80,220,1801,0.0,0.125,0.125,tie,0.24069881439208984,12,248,247,False,,,
plain buffered decode radix-off vs plain c1,gsm8k-0032,79,7157,791,0.125,0.0,0.125,tie,0.12216448783874512,52,256,256,False,,,
plain buffered decode radix-off vs plain c1,gsm8k-0038,229,1061,198,0.125,0.0,0.125,tie,0.22116518020629883,74,256,256,False,,,
plain buffered decode radix-off vs plain c1,gsm8k-0041,160,21825,1847,0.125,0.0,0.125,tie,0.1917257308959961,37,256,256,False,,,
plain buffered decode radix-off vs plain c1,gsm8k-0042,94,1238,506,0.125,0.0,0.125,tie,0.12622833251953125,28,201,199,False,,,
plain buffered decode radix-off vs plain c1,gsm8k-0044,16,15771,2014,0.125,0.0,0.125,tie,0.0010079951025545597,0,256,256,False,,,
plain buffered decode radix-off vs plain c1,gsm8k-0049,16,13,303,0.0,0.125,0.125,tie,0.2330777645111084,10,256,256,False,,,
plain buffered decode radix-off vs plain c1,gsm8k-0050,229,71690,38540,0.125,0.0,0.125,tie,0.20607328414916992,141,256,256,False,,,
plain buffered decode radix-off vs plain c1,gsm8k-0051,12,8105,29694,0.0,0.125,0.125,tie,0.1547231674194336,0,256,256,False,,,
plain buffered decode radix-off vs plain c1,gsm8k-0052,141,279,411,0.0,0.125,0.125,tie,0.1589958667755127,73,256,256,False,,,
plain buffered decode radix-off vs plain c1,gsm8k-0053,74,393,56014,0.0,0.125,0.125,tie,0.23307585716247559,16,256,256,False,,,
plain buffered decode radix-off vs plain c1,gsm8k-0058,45,12079,20100,0.0,0.125,0.125,tie,0.24263930320739746,19,256,256,False,,,
plain buffered decode radix-off vs plain c1,gsm8k-0060,19,4952,321,0.125,0.0,0.125,tie,0.12166905403137207,13,256,256,False,,,
plain buffered decode radix-off vs plain c1,gsm8k-0062,57,393,449,0.125,0.125,0.125,one_ulp,0.14522778987884521,44,256,256,False,,,
plain buffered decode radix-off vs plain c1,gsm8k-0070,15,25,13,0.125,0.125,0.125,one_ulp,0.2232964038848877,6,256,256,False,,,
plain buffered decode radix-off vs plain c1,gsm8k-0071,143,220,62,0.125,0.0,0.125,tie,0.2366194725036621,133,256,256,False,,,
plain buffered decode radix-off vs plain c1,gsm8k-0073,129,3714,2702,0.125,0.0,0.125,tie,0.158311128616333,57,256,256,False,,,
plain buffered decode radix-off vs plain c1,gsm8k-0076,53,9,13682,0.0,0.125,0.125,tie,0.12063813209533691,45,256,256,False,,,
plain buffered decode radix-off vs plain c1,gsm8k-0079,85,1590,553,0.125,0.0,0.125,tie,0.12114953994750977,80,170,170,False,,,
plain buffered decode radix-off vs plain c1,humaneval-0000,127,364,413,0.0,0.125,0.125,tie,0.1203000545501709,0,173,183,False,,,
plain buffered decode radix-off vs plain c1,humaneval-0002,22,17068,4483,0.125,0.0,0.125,tie,0.14859986305236816,19,256,256,False,,,
plain buffered decode radix-off vs plain c1,humaneval-0005,7,1881,1324,0.125,0.0,0.125,tie,0.1218268871307373,6,256,256,False,,,
plain buffered decode radix-off vs plain c1,humaneval-0010,135,653,364,0.12500005960464478,0.0,0.125,tie,0.1553645133972168,0,190,180,False,,,
plain buffered decode radix-off vs plain c1,humaneval-0011,71,40,760,0.0,0.125,0.125,tie,0.36029791831970215,12,256,256,False,,,
plain buffered decode radix-off vs plain c1,humaneval-0014,65,15305,33120,0.0,0.125,0.125,tie,0.12245583534240723,0,256,256,False,,,
plain buffered decode radix-off vs plain c1,humaneval-0017,6,4477,886,0.125,0.0,0.125,tie,0.12878894805908203,0,256,256,False,,,
plain buffered decode radix-off vs plain c1,humaneval-0018,17,1698,4071,0.0,0.25,0.25,tie,0.06515586376190186,0,73,166,False,,,
plain buffered decode radix-off vs plain c1,humaneval-0020,89,1906,10300,0.0,0.125,0.125,tie,0.23233675956726074,35,256,256,False,,,
plain buffered decode radix-off vs plain c1,humaneval-0021,200,87,2334,0.0,0.125,0.125,tie,0.36080098152160645,0,221,221,False,,,
plain buffered decode radix-off vs plain c1,humaneval-0026,52,1204,279,0.125,0.0,0.125,tie,0.23354673385620117,0,256,256,False,,,
plain buffered decode radix-off vs plain c1,humaneval-0032,138,561,1049,0.0,0.125,0.125,tie,0.3478996753692627,45,256,256,False,,,
plain buffered decode radix-off vs plain c1,humaneval-0033,164,271,198,0.125,0.0,0.125,tie,0.23511481285095215,155,256,256,False,,,
plain buffered decode radix-off vs plain c1,humaneval-0036,2,1358,198,0.125,0.125,0.125,one_ulp,0.3215597867965698,0,139,139,False,,,
plain buffered decode radix-off vs plain c1,humaneval-0038,26,579,728,0.0,0.125,0.125,tie,0.16653132438659668,1,256,256,False,,,
plain buffered decode radix-off vs plain c1,humaneval-0039,0,71093,727,0.125,0.125,0.125,one_ulp,0.0,,253,248,False,,,
plain buffered decode radix-off vs plain c1,humaneval-0043,2,1358,198,0.125,0.0,0.125,tie,0.08987867832183838,0,201,201,False,,,
plain buffered decode radix-off vs plain c1,humaneval-0046,198,413,653,0.0,0.125,0.125,tie,0.19897985458374023,189,256,256,False,,,
plain buffered decode radix-off vs plain c1,humaneval-0053,101,4613,421,0.125,0.0,0.125,tie,0.23890924453735352,19,193,252,False,,,
plain buffered decode radix-off vs plain c1,humaneval-0054,2,1358,198,0.125,0.0,0.125,tie,0.07578593492507935,0,161,161,False,,,
plain buffered decode radix-off vs plain c1,humaneval-0056,131,1,763,0.0,0.125,0.125,tie,0.1272754669189453,123,256,256,False,,,
plain buffered decode radix-off vs plain c1,mt_bench-0000,72,279,5028,0.0,0.125,0.125,tie,0.20636439323425293,34,256,256,False,,,
plain buffered decode radix-off vs plain c1,mt_bench-0001,113,5328,40,0.125,0.0,0.125,tie,0.24348187446594238,52,153,149,False,,,
plain buffered decode radix-off vs plain c1,mt_bench-0002,21,449,264,0.125,0.0,0.125,tie,0.0018524937331676483,18,256,256,False,,,
plain buffered decode radix-off vs plain c1,mt_bench-0003,167,383,466,0.0,0.125,0.125,tie,0.2067885398864746,6,256,256,False,,,
plain buffered decode radix-off vs plain c1,mt_bench-0004,32,38831,5843,0.25,0.0,0.125,tie,0.11695599555969238,27,231,239,False,,,
plain buffered decode radix-off vs plain c1,mt_bench-0005,97,33367,37728,0.0,0.125,0.0625,tie,0.20593881607055664,29,256,256,False,,,
plain buffered decode radix-off vs plain c1,mt_bench-0006,32,10708,1016,0.0625,0.0,0.0625,tie,0.12254977226257324,25,256,256,False,,,
plain buffered decode radix-off vs plain c1,mt_bench-0007,1,16136,1118,0.125,0.0,0.125,tie,0.0,,204,246,False,,,
plain buffered decode radix-off vs plain c1,mt_bench-0009,86,321,11,0.125,0.0,0.125,tie,0.12266969680786133,19,256,256,False,,,
plain buffered decode radix-off vs plain c1,mt_bench-0010,33,1459,1132,0.125,0.0,0.125,tie,0.22215938568115234,28,254,256,False,,,
plain buffered decode radix-off vs plain c1,mt_bench-0011,151,82868,3428,0.0625,0.0,0.0625,tie,0.20193243026733398,73,256,256,False,,,
plain buffered decode radix-off vs plain c1,mt_bench-0013,18,2609,4927,0.0,0.125,0.125,tie,0.12215495109558105,8,256,256,False,,,
plain buffered decode radix-off vs plain c1,mt_bench-0014,192,16839,18216,0.0,0.125,0.125,tie,0.36539173126220703,80,256,256,False,,,
plain buffered decode radix-off vs plain c1,mt_bench-0015,116,19180,21680,0.0,0.125,0.125,tie,0.23988056182861328,7,256,256,False,,,
plain buffered decode radix-off vs plain c1,mt_bench-0017,69,5304,44145,0.0,0.125,0.125,tie,0.20586204528808594,37,256,256,False,,,
plain buffered decode radix-off vs plain c1,mt_bench-0018,73,1442,2166,0.0,0.125,0.125,tie,0.21934151649475098,51,132,141,False,,,
plain buffered decode radix-off vs plain c1,mt_bench-0022,18,2592,760,0.12499994039535522,0.0,0.125,tie,0.16881000995635986,6,256,106,False,,,
plain buffered decode radix-off vs plain c1,mt_bench-0023,131,13,318,0.0,0.125,0.125,tie,0.12115716934204102,78,256,256,False,,,
plain buffered decode radix-off vs plain c1,mt_bench-0024,151,17,23,0.125,0.25,0.125,near,0.12520599365234375,16,256,256,False,,,
plain buffered decode radix-off vs plain c1,mt_bench-0025,187,1149,1,0.125,0.0,0.125,tie,0.16379213333129883,47,256,256,False,,,
plain buffered decode radix-off vs plain c1,mt_bench-0028,169,6797,12098,0.0,0.125,0.125,tie,0.22420930862426758,63,256,256,False,,,
plain buffered decode radix-off vs plain c1,mt_bench-0029,93,328,13108,0.0,0.125,0.125,tie,0.23533868789672852,83,256,256,False,,,
plain buffered decode radix-off vs plain c1,mt_bench-0032,137,34167,27382,0.125,0.0,0.125,tie,0.15597915649414062,65,256,256,False,,,
plain buffered decode radix-off vs plain c1,mt_bench-0033,216,421,314,0.125,0.0,0.125,tie,0.24390053749084473,125,256,256,False,,,
plain buffered decode radix-off vs plain c1,mt_bench-0034,108,348,1518,0.0,0.125,0.125,tie,0.19615697860717773,88,256,256,False,,,
plain buffered decode radix-off vs plain c1,mt_bench-0036,39,733,47246,0.0,0.125,0.125,tie,0.11744475364685059,27,256,256,False,,,
plain buffered decode radix-off vs plain c1,mt_bench-0037,200,393,279,0.125,0.0,0.125,tie,0.23223042488098145,94,256,256,False,,,
plain buffered decode radix-off vs plain c1,mt_bench-0040,32,31128,8427,0.125,0.0,0.125,tie,0.1369767189025879,16,256,256,False,,,
plain buffered decode radix-off vs plain c1,mt_bench-0042,128,2081,3779,0.0,0.125,0.125,tie,0.12287139892578125,5,256,256,False,,,
plain buffered decode radix-off vs plain c1,mt_bench-0043,32,1510,14261,0.0,0.125,0.125,tie,0.16875314712524414,1,195,177,False,,,
plain buffered decode radix-off vs plain c1,mt_bench-0044,53,332,318,0.125,0.0,0.125,tie,0.20298290252685547,46,256,256,False,,,
plain buffered decode radix-off vs plain c1,mt_bench-0045,67,10539,8882,0.125,0.0,0.125,tie,0.21858668327331543,49,256,256,False,,,
plain buffered decode radix-off vs plain c1,mt_bench-0047,40,7620,1,0.125,0.0,0.0625,tie,0.20024585723876953,38,256,256,False,,,
plain buffered decode radix-off vs plain c1,mt_bench-0048,94,332,1654,0.0,0.12500005960464478,0.125,tie,0.26787400245666504,37,256,256,False,,,
plain buffered decode radix-off vs plain c1,mt_bench-0049,24,466,11,0.125,0.0,0.125,tie,0.2264115810394287,20,256,256,False,,,
plain buffered decode radix-off vs plain c1,mt_bench-0050,247,3158,799,0.125,0.0,0.125,tie,0.20905566215515137,37,256,256,False,,,
plain buffered decode radix-off vs plain c1,mt_bench-0061,82,5529,1902,0.125,0.0,0.125,tie,0.15651369094848633,28,256,256,False,,,
plain buffered decode radix-off vs plain c1,mt_bench-0063,158,46535,1928,0.125,0.0,0.125,tie,0.20895564556121826,144,256,256,False,,,
plain buffered decode radix-off vs plain c1,mt_bench-0064,177,7057,462,0.125,0.125,0.125,one_ulp,0.22069311141967773,44,256,256,False,,,
plain buffered decode radix-off vs plain c1,mt_bench-0066,67,17171,48772,0.0,0.125,0.125,tie,0.24428987503051758,20,256,256,False,,,
plain buffered decode radix-off vs plain c1,mt_bench-0067,37,36515,2790,0.125,0.0,0.125,tie,0.1214451789855957,31,256,256,False,,,
plain buffered decode radix-off vs plain c1,mt_bench-0068,223,73681,1558,0.125,0.0,0.125,tie,0.16418695449829102,162,256,256,False,,,
plain buffered decode radix-off vs plain c1,mt_bench-0069,9,57733,55512,0.125,0.0,0.125,tie,0.12123441696166992,8,256,256,False,,,
plain buffered decode radix-off vs plain c1,mt_bench-0070,13,449,264,0.125,0.0,0.125,tie,0.12264204025268555,8,256,256,False,,,
plain buffered decode radix-off vs plain c1,mt_bench-0071,34,28604,2950,0.125,0.0,0.125,tie,0.2042391300201416,27,256,256,False,,,
plain buffered decode radix-off vs plain c1,mt_bench-0072,201,28069,2981,0.125,0.125,0.125,one_ulp,0.24169921875,74,256,256,False,,,
plain buffered decode radix-off vs plain c1,mt_bench-0073,6,49312,4843,0.0625,0.0625,0.0625,one_ulp,0.11805272102355957,4,256,256,False,,,
plain buffered decode radix-off vs plain c1,mt_bench-0075,17,369,318,0.125,0.0,0.125,tie,0.00036743469536304474,1,256,256,False,,,
plain buffered decode radix-off vs plain c1,mt_bench-0076,131,32530,369,0.125,0.0,0.125,tie,0.23786258697509766,95,256,256,False,,,
plain buffered decode radix-off vs plain c1,mt_bench-0077,86,74316,36009,0.125,0.0,0.125,tie,0.16415786743164062,70,256,256,False,,,
plain buffered decode radix-off vs plain c1,mt_bench-0078,208,13,506,0.0,0.125,0.125,tie,0.17881536483764648,116,256,256,False,,,
plain buffered decode radix-off vs plain c1,mt_bench-0079,131,364,1472,0.0,0.125,0.125,tie,0.16720247268676758,18,256,256,False,,,
plain radix-off triton vs plain c1,alpaca_eval-0000,89,4006,8,0.125,0.0,0.125,tie,0.3477048873901367,87,256,256,False,,,
plain radix-off triton vs plain c1,alpaca_eval-0010,29,44280,975,0.125,0.0,0.125,tie,0.14126253128051758,27,256,256,False,,,
plain radix-off triton vs plain c1,alpaca_eval-0020,72,318,11,0.125,0.0,0.125,tie,0.15665030479431152,62,256,256,False,,,
plain radix-off triton vs plain c1,alpaca_eval-0030,94,357,1394,0.0,0.125,0.125,tie,0.24248242378234863,65,256,256,False,,,
plain radix-off triton vs plain c1,alpaca_eval-0040,8,3046,1484,0.125,0.0,0.125,tie,0.1177053451538086,5,256,256,False,,,
plain radix-off triton vs plain c1,alpaca_eval-0050,254,1151,7832,0.0,0.125,0.125,tie,0.24064064025878906,152,256,256,False,,,
plain radix-off triton vs plain c1,alpaca_eval-0060,125,37462,20331,0.0625,0.0,0.0625,tie,0.21300697326660156,38,256,256,False,,,
plain radix-off triton vs plain c1,alpaca_eval-0080,176,8,553,0.0,0.25,0.125,tie,0.1761341094970703,136,256,256,False,,,
plain radix-off triton vs plain c1,alpaca_eval-0090,171,8547,18063,0.0,0.125,0.125,tie,0.46807861328125,164,256,256,False,,,
plain radix-off triton vs plain c1,alpaca_eval-0100,51,10919,264,0.125,0.0,0.125,tie,0.2314591407775879,50,256,256,False,,,
plain radix-off triton vs plain c1,alpaca_eval-0110,173,6150,34338,0.0,0.0625,0.0625,tie,0.22800445556640625,65,256,256,False,,,
plain radix-off triton vs plain c1,alpaca_eval-0130,164,264,2414,0.0,0.125,0.125,tie,0.22619152069091797,161,256,256,False,,,
plain radix-off triton vs plain c1,alpaca_eval-0140,48,6400,2716,0.125,0.0,0.125,tie,0.122161865234375,37,256,256,False,,,
plain radix-off triton vs plain c1,alpaca_eval-0150,94,2972,1637,0.125,0.0,0.125,tie,0.17412471771240234,18,256,256,False,,,
plain radix-off triton vs plain c1,alpaca_eval-0160,112,12983,5369,0.125,0.0,0.125,tie,0.22641968727111816,50,256,256,False,,,
plain radix-off triton vs plain c1,alpaca_eval-0180,81,303,3428,0.0,0.125,0.125,tie,0.19957304000854492,77,256,256,False,,,
plain radix-off triton vs plain c1,alpaca_eval-0200,163,77505,7085,0.12500011920928955,0.0,0.125,tie,0.23788094520568848,11,256,256,False,,,
plain radix-off triton vs plain c1,alpaca_eval-0210,20,321,4016,0.0,0.125,0.125,tie,0.12097978591918945,2,256,256,False,,,
plain radix-off triton vs plain c1,alpaca_eval-0220,60,264,35101,0.06250011920928955,0.06250011920928955,0.0625,one_ulp,0.1584310531616211,7,256,256,False,,,
plain radix-off triton vs plain c1,alpaca_eval-0230,190,23373,12298,0.125,0.0,0.125,tie,0.23296117782592773,0,256,256,False,,,
plain radix-off triton vs plain c1,alpaca_eval-0240,238,1220,3125,0.0,0.125,0.125,tie,0.23509550094604492,83,256,256,False,,,
plain radix-off triton vs plain c1,alpaca_eval-0250,48,781,45112,0.0,0.125,0.125,tie,0.193603515625,8,256,256,False,,,
plain radix-off triton vs plain c1,alpaca_eval-0260,78,198,271,0.0,0.125,0.125,tie,0.23764634132385254,29,256,256,False,,,
plain radix-off triton vs plain c1,alpaca_eval-0280,90,328,6286,0.0,0.125,0.125,tie,0.21111273765563965,19,256,256,False,,,
plain radix-off triton vs plain c1,alpaca_eval-0300,136,271,198,0.125,0.0,0.125,tie,0.23935556411743164,104,256,256,False,,,
plain radix-off triton vs plain c1,alpaca_eval-0330,5,303,7141,0.0,0.125,0.125,tie,0.12066888809204102,4,256,256,False,,,
plain radix-off triton vs plain c1,alpaca_eval-0340,111,4650,68,0.125,0.0,0.125,tie,0.22384428977966309,40,188,195,False,,,
plain radix-off triton vs plain c1,alpaca_eval-0350,130,25066,10829,0.125,0.0,0.125,tie,0.23899555206298828,0,256,256,False,,,
plain radix-off triton vs plain c1,alpaca_eval-0360,113,17,18,0.0,0.125,0.125,tie,0.24358677864074707,85,256,256,False,,,
plain radix-off triton vs plain c1,alpaca_eval-0390,3,10,220,0.0,0.0625,0.0625,tie,0.003882765769958496,0,256,256,False,,,
plain radix-off triton vs plain c1,alpaca_eval-0400,236,1048,23197,0.0,0.125,0.125,tie,0.1891021728515625,212,256,256,False,,,
plain radix-off triton vs plain c1,alpaca_eval-0410,74,357,20656,0.0,0.125,0.125,tie,0.22891783714294434,65,256,256,False,,,
plain radix-off triton vs plain c1,alpaca_eval-0420,21,34404,29667,0.125,0.0,0.125,tie,0.19443893432617188,12,202,222,False,,,
plain radix-off triton vs plain c1,alpaca_eval-0430,119,4213,1061,0.125,0.0,0.125,tie,0.22272467613220215,29,256,256,False,,,
plain radix-off triton vs plain c1,alpaca_eval-0440,72,1970,13,0.125,0.0,0.125,tie,0.13077354431152344,17,256,256,False,,,
plain radix-off triton vs plain c1,alpaca_eval-0450,19,4370,1732,0.125,0.0,0.125,tie,0.23958730697631836,9,256,256,False,,,
plain radix-off triton vs plain c1,alpaca_eval-0460,34,63,70157,0.125,0.125,0.0625,near,0.23122310638427734,32,256,256,False,,,
plain radix-off triton vs plain c1,alpaca_eval-0490,103,5129,1496,0.125,0.0,0.125,tie,0.2310330867767334,41,256,256,False,,,
plain radix-off triton vs plain c1,alpaca_eval-0500,36,56679,21397,0.125,0.0,0.125,tie,0.15892481803894043,0,256,256,False,,,
plain radix-off triton vs plain c1,alpaca_eval-0510,17,10813,12103,0.0,0.125,0.125,tie,0.1195826530456543,11,167,217,False,,,
plain radix-off triton vs plain c1,alpaca_eval-0520,125,760,88433,0.0,0.0625,0.0625,tie,0.18210411071777344,10,256,256,False,,,
plain radix-off triton vs plain c1,alpaca_eval-0530,161,2647,854,0.125,0.0,0.125,tie,0.20609307289123535,62,256,256,False,,,
plain radix-off triton vs plain c1,alpaca_eval-0550,22,3286,24865,0.0,0.125,0.125,tie,0.12270879745483398,6,256,256,False,,,
plain radix-off triton vs plain c1,alpaca_eval-0560,173,65533,1536,0.125,0.0,0.125,tie,0.3076746463775635,38,256,256,False,,,
plain radix-off triton vs plain c1,alpaca_eval-0570,1,3766,4400,0.0,0.125,0.125,tie,0.11388468742370605,0,256,256,False,,,
plain radix-off triton vs plain c1,alpaca_eval-0580,96,321,10340,0.0,0.125,0.125,tie,0.24880969524383545,58,256,256,False,,,
plain radix-off triton vs plain c1,cnn_dailymail-0001,34,11,13,0.0,0.125,0.125,tie,0.12576842308044434,23,125,106,False,,,
plain radix-off triton vs plain c1,cnn_dailymail-0002,150,2599,30284,0.0,0.25,0.25,tie,0.20579814910888672,92,256,256,False,,,
plain radix-off triton vs plain c1,cnn_dailymail-0003,43,4097,7106,0.0,0.125,0.125,tie,0.23124289512634277,2,112,108,False,,,
plain radix-off triton vs plain c1,cnn_dailymail-0005,49,18659,7524,0.125,0.0,0.125,tie,0.20210862159729004,42,256,256,False,,,
plain radix-off triton vs plain c1,cnn_dailymail-0006,82,13211,65844,0.0,0.25,0.25,tie,0.20980429649353027,27,115,114,False,,,
plain radix-off triton vs plain c1,cnn_dailymail-0009,39,5879,31511,0.0,0.125,0.125,tie,0.12348556518554688,0,80,86,False,,,
plain radix-off triton vs plain c1,cnn_dailymail-0011,213,2196,69075,0.0,0.125,0.125,tie,0.34123826026916504,54,256,256,False,,,
plain radix-off triton vs plain c1,cnn_dailymail-0013,0,85695,33297,0.125,0.0,0.125,tie,0.0,,121,106,False,,,
plain radix-off triton vs plain c1,cnn_dailymail-0014,49,64777,1208,0.125,0.0,0.125,tie,0.14614534378051758,42,256,256,False,,,
plain radix-off triton vs plain c1,cnn_dailymail-0016,104,16545,293,0.125,0.0,0.125,tie,0.5384922027587891,37,126,125,False,,,
plain radix-off triton vs plain c1,cnn_dailymail-0019,52,3372,8855,0.0,0.25,0.125,tie,0.19462823867797852,7,102,104,False,,,
plain radix-off triton vs plain c1,cnn_dailymail-0021,46,2582,8953,0.0,0.125,0.0625,tie,0.20999765396118164,19,118,122,False,,,
plain radix-off triton vs plain c1,cnn_dailymail-0022,81,4171,44164,0.0,0.125,0.125,tie,0.23431897163391113,23,116,113,False,,,
plain radix-off triton vs plain c1,cnn_dailymail-0024,22,5732,2785,0.125,0.0,0.125,tie,0.12514829635620117,7,107,113,False,,,
plain radix-off triton vs plain c1,cnn_dailymail-0026,226,45482,48401,0.0,0.125,0.125,tie,0.21101641654968262,147,256,256,False,,,
plain radix-off triton vs plain c1,cnn_dailymail-0027,30,3039,3609,0.0,0.125,0.125,tie,0.12261629104614258,9,96,108,False,,,
plain radix-off triton vs plain c1,cnn_dailymail-0028,54,43001,328,0.125,0.0,0.125,tie,0.22091937065124512,10,114,118,False,,,
plain radix-off triton vs plain c1,cnn_dailymail-0029,42,25,9926,0.125,0.125,0.125,one_ulp,0.24331068992614746,41,256,256,False,,,
plain radix-off triton vs plain c1,cnn_dailymail-0031,32,5381,2756,0.125,0.0,0.0625,tie,0.20154237747192383,12,132,130,False,,,
plain radix-off triton vs plain c1,cnn_dailymail-0034,93,2261,29853,0.0,0.125,0.125,tie,0.21560311317443848,37,110,113,False,,,
plain radix-off triton vs plain c1,cnn_dailymail-0035,192,21046,1615,0.25,0.0,0.125,tie,0.19571256637573242,174,256,256,False,,,
plain radix-off triton vs plain c1,cnn_dailymail-0036,31,17489,43666,0.125,0.125,0.125,one_ulp,0.22328948974609375,5,108,97,False,,,
plain radix-off triton vs plain c1,cnn_dailymail-0037,4,303,424,0.0,0.125,0.125,tie,0.12779641151428223,3,137,114,False,,,
plain radix-off triton vs plain c1,cnn_dailymail-0039,53,310,303,0.125,0.0,0.125,tie,0.15071988105773926,31,166,151,False,,,
plain radix-off triton vs plain c1,gsm8k-0000,23,51864,16610,0.125,0.0,0.125,tie,0.1177060604095459,6,256,256,False,,,
plain radix-off triton vs plain c1,gsm8k-0002,29,279,17704,0.0,0.125,0.125,tie,0.1225888729095459,0,256,256,False,,,
plain radix-off triton vs plain c1,gsm8k-0004,39,2250,220,0.125,0.0,0.125,tie,0.22893548011779785,25,256,256,False,,,
plain radix-off triton vs plain c1,gsm8k-0007,123,1331,4003,0.0,0.375,0.25,tie,0.24970793724060059,86,256,256,False,,,
plain radix-off triton vs plain c1,gsm8k-0009,146,458,27858,0.0,0.125,0.125,tie,0.27021169662475586,21,256,256,False,,,
plain radix-off triton vs plain c1,gsm8k-0011,61,506,13,0.125,0.0,0.125,tie,0.1225290298461914,37,256,256,False,,,
plain radix-off triton vs plain c1,gsm8k-0012,32,12585,11044,0.125,0.0,0.125,tie,0.1200401782989502,3,256,256,False,,,
plain radix-off triton vs plain c1,gsm8k-0013,45,430,13,0.125,0.0,0.125,tie,0.1718602180480957,24,256,256,False,,,
plain radix-off triton vs plain c1,gsm8k-0015,44,31187,4997,0.125,0.25,0.125,near,0.7641208171844482,15,256,256,False,,,
plain radix-off triton vs plain c1,gsm8k-0017,197,5759,8941,0.0,0.125,0.125,tie,0.22468018531799316,129,256,256,False,,,
plain radix-off triton vs plain c1,gsm8k-0018,24,1936,1834,0.125,0.0,0.125,tie,0.12192678451538086,6,235,256,False,,,
plain radix-off triton vs plain c1,gsm8k-0019,178,1088,14728,0.0,0.125,0.125,tie,0.22786927223205566,22,256,256,False,,,
plain radix-off triton vs plain c1,gsm8k-0026,2,264,821,0.0,0.125,0.125,tie,0.0009530335664749146,0,256,256,False,,,
plain radix-off triton vs plain c1,gsm8k-0028,80,220,1801,0.0,0.25,0.125,tie,0.23945355415344238,61,248,255,False,,,
plain radix-off triton vs plain c1,gsm8k-0035,219,283,11086,0.0,0.125,0.125,tie,0.20801448822021484,32,256,256,False,,,
plain radix-off triton vs plain c1,gsm8k-0036,26,159029,364,0.125,0.0,0.125,tie,0.12261486053466797,0,245,239,False,,,
plain radix-off triton vs plain c1,gsm8k-0037,137,364,506,0.0,0.125,0.125,tie,0.12243819236755371,41,256,256,False,,,
plain radix-off triton vs plain c1,gsm8k-0038,162,6558,1368,0.125,0.0,0.125,tie,0.12298083305358887,129,256,256,False,,,
plain radix-off triton vs plain c1,gsm8k-0039,201,271,198,0.125,0.0,0.125,tie,0.24258947372436523,33,256,256,False,,,
plain radix-off triton vs plain c1,gsm8k-0040,43,13682,9,0.125,0.0,0.125,tie,0.11132121086120605,8,221,208,False,,,
plain radix-off triton vs plain c1,gsm8k-0042,94,1238,506,0.125,0.0,0.125,tie,0.12574458122253418,28,201,199,False,,,
plain radix-off triton vs plain c1,gsm8k-0044,64,3520,283,0.125,0.0,0.125,tie,0.1188812255859375,26,256,256,False,,,
plain radix-off triton vs plain c1,gsm8k-0047,244,387,393,0.0,0.125,0.125,tie,0.19881391525268555,99,256,256,False,,,
plain radix-off triton vs plain c1,gsm8k-0049,16,13,303,0.0,0.2500000596046448,0.25,tie,0.1187136173248291,6,256,256,False,,,
plain radix-off triton vs plain c1,gsm8k-0051,12,8105,29694,0.0,0.125,0.125,tie,0.22800803184509277,9,256,256,False,,,
plain radix-off triton vs plain c1,gsm8k-0052,114,4221,421,0.125,0.0,0.125,tie,0.23089194297790527,93,256,256,False,,,
plain radix-off triton vs plain c1,gsm8k-0053,74,393,56014,0.0,0.25,0.25,tie,0.19416821002960205,45,256,256,False,,,
plain radix-off triton vs plain c1,gsm8k-0060,20,321,13,0.125,0.0,0.125,tie,0.0959312915802002,11,256,256,False,,,
plain radix-off triton vs plain c1,gsm8k-0061,16,2250,836,0.125,0.0,0.125,tie,0.22533321380615234,14,256,248,False,,,
plain radix-off triton vs plain c1,gsm8k-0063,155,271,198,0.125,0.0,0.125,tie,0.2393348217010498,105,256,256,False,,,
plain radix-off triton vs plain c1,gsm8k-0065,190,17239,5122,0.125,0.0,0.125,tie,0.2330780029296875,184,256,256,False,,,
plain radix-off triton vs plain c1,gsm8k-0066,22,279,23208,0.0,0.125,0.125,tie,0.11483454704284668,17,256,256,False,,,
plain radix-off triton vs plain c1,gsm8k-0068,31,4007,279,0.125,0.0,0.125,tie,0.08113932609558105,25,256,256,False,,,
plain radix-off triton vs plain c1,gsm8k-0070,15,25,13,0.125,0.0,0.125,tie,0.1498405933380127,12,256,256,False,,,
plain radix-off triton vs plain c1,gsm8k-0074,117,22746,348,0.125,0.0,0.125,tie,0.19358468055725098,45,256,256,False,,,
plain radix-off triton vs plain c1,gsm8k-0076,53,9,13682,0.0,0.125,0.125,tie,0.14809614419937134,0,256,256,False,,,
plain radix-off triton vs plain c1,gsm8k-0079,85,1590,553,0.125,0.0,0.125,tie,0.21295452117919922,31,170,170,False,,,
plain radix-off triton vs plain c1,humaneval-0000,127,364,413,0.0,0.125,0.125,tie,0.1214902400970459,0,173,183,False,,,
plain radix-off triton vs plain c1,humaneval-0002,114,733,271,0.125,0.0,0.125,tie,0.23166108131408691,76,256,256,False,,,
plain radix-off triton vs plain c1,humaneval-0005,7,1881,1324,0.125,0.0,0.125,tie,0.1260509490966797,2,256,256,False,,,
plain radix-off triton vs plain c1,humaneval-0011,71,40,760,0.0,0.125,0.125,tie,0.23038053512573242,12,256,256,False,,,
plain radix-off triton vs plain c1,humaneval-0014,65,15305,33120,0.0,0.125,0.125,tie,0.19946908950805664,21,256,256,False,,,
plain radix-off triton vs plain c1,humaneval-0017,6,4477,886,0.125,0.0,0.125,tie,0.09995150566101074,1,256,256,False,,,
plain radix-off triton vs plain c1,humaneval-0018,17,1698,4071,0.0,0.25,0.25,tie,0.0008944869041442871,0,73,166,False,,,
plain radix-off triton vs plain c1,humaneval-0020,89,1906,10300,0.0,0.125,0.125,tie,0.23239994049072266,35,256,256,False,,,
plain radix-off triton vs plain c1,humaneval-0021,200,87,2334,0.0,0.125,0.125,tie,0.21476078033447266,190,221,221,False,,,
plain radix-off triton vs plain c1,humaneval-0026,52,1204,279,0.125,0.0,0.125,tie,0.17476868629455566,0,256,256,False,,,
plain radix-off triton vs plain c1,humaneval-0028,0,71093,727,0.25,0.0,0.25,tie,0.0,,70,60,False,,,
plain radix-off triton vs plain c1,humaneval-0032,138,561,1049,0.0,0.125,0.125,tie,0.24326395988464355,12,256,256,False,,,
plain radix-off triton vs plain c1,humaneval-0033,164,271,198,0.125,0.0,0.125,tie,0.29508209228515625,0,256,256,False,,,
plain radix-off triton vs plain c1,humaneval-0038,26,579,728,0.0,0.125,0.125,tie,0.2564585208892822,1,256,256,False,,,
plain radix-off triton vs plain c1,humaneval-0039,211,1698,2912,0.0,0.125,0.125,tie,0.1215510368347168,198,253,251,False,,,
plain radix-off triton vs plain c1,humaneval-0041,153,271,198,0.125,0.0,0.125,tie,0.23781204223632812,14,256,256,False,,,
plain radix-off triton vs plain c1,humaneval-0043,2,1358,198,0.125,0.0,0.125,tie,0.00011408329010009766,0,201,201,False,,,
plain radix-off triton vs plain c1,humaneval-0052,0,71093,727,0.25,0.0,0.25,tie,0.0,,100,95,False,,,
plain radix-off triton vs plain c1,humaneval-0053,18,709,5089,0.0,0.125,0.125,tie,0.12210941314697266,16,193,172,False,,,
plain radix-off triton vs plain c1,humaneval-0054,,,,,,,,0.9898490905761719,92,161,161,False,,,
plain radix-off triton vs plain c1,humaneval-0056,131,1,763,0.0,0.125,0.125,tie,0.24949908256530762,0,256,256,False,,,
plain radix-off triton vs plain c1,humaneval-0059,43,430,18253,0.125,0.125,0.125,one_ulp,0.12855124473571777,26,256,256,False,,,
plain radix-off triton vs plain c1,mt_bench-0000,72,279,5028,0.0,0.125,0.125,tie,0.2348165512084961,57,256,256,False,,,
plain radix-off triton vs plain c1,mt_bench-0001,113,5328,40,0.125,0.0,0.125,tie,0.3645806312561035,109,153,160,False,,,
plain radix-off triton vs plain c1,mt_bench-0002,21,449,264,0.125,0.0,0.125,tie,0.11273837089538574,20,256,256,False,,,
plain radix-off triton vs plain c1,mt_bench-0003,167,383,466,0.0,0.125,0.125,tie,0.2256162166595459,10,256,256,False,,,
plain radix-off triton vs plain c1,mt_bench-0004,11,23772,264,0.125,0.125,0.125,one_ulp,0.1211705207824707,3,231,239,False,,,
plain radix-off triton vs plain c1,mt_bench-0005,246,7830,16078,0.0,0.125,0.125,tie,0.1538635492324829,87,256,256,False,,,
plain radix-off triton vs plain c1,mt_bench-0006,33,1040,80592,0.0,0.125,0.0625,tie,0.11826229095458984,24,256,256,False,,,
plain radix-off triton vs plain c1,mt_bench-0007,10,264,279,0.0,0.125,0.125,tie,0.11423897743225098,9,204,156,False,,,
plain radix-off triton vs plain c1,mt_bench-0009,86,321,11,0.125,0.0,0.125,tie,0.24413752555847168,10,256,256,False,,,
plain radix-off triton vs plain c1,mt_bench-0010,33,1459,1132,0.125,0.0,0.125,tie,0.12969064712524414,21,254,256,False,,,
plain radix-off triton vs plain c1,mt_bench-0011,151,82868,3428,0.0625,0.0,0.0625,tie,0.2449185848236084,129,256,256,False,,,
plain radix-off triton vs plain c1,mt_bench-0012,158,41152,30119,0.125,0.0,0.125,tie,0.24034786224365234,33,256,256,False,,,
plain radix-off triton vs plain c1,mt_bench-0015,94,13,539,0.125,0.125,0.125,one_ulp,0.21860671043395996,9,256,256,False,,,
plain radix-off triton vs plain c1,mt_bench-0017,87,3158,1764,0.125,0.0,0.125,tie,0.1912217140197754,73,256,256,False,,,
plain radix-off triton vs plain c1,mt_bench-0018,73,1442,2166,0.0,0.125,0.125,tie,0.1785411834716797,1,132,141,False,,,
plain radix-off triton vs plain c1,mt_bench-0022,18,2592,760,0.12499994039535522,0.0,0.125,tie,0.12018418312072754,13,256,106,False,,,
plain radix-off triton vs plain c1,mt_bench-0023,136,1368,1987,0.0,0.125,0.125,tie,0.24248671531677246,78,256,256,False,,,
plain radix-off triton vs plain c1,mt_bench-0024,191,303,1902,0.0,0.125,0.125,tie,0.24469900131225586,73,256,256,False,,,
plain radix-off triton vs plain c1,mt_bench-0025,80,48554,40582,0.125,0.0,0.125,tie,0.1421729326248169,0,256,256,False,,,
plain radix-off triton vs plain c1,mt_bench-0026,212,198,3130,0.0,0.125,0.125,tie,0.23905467987060547,199,256,256,False,,,
plain radix-off triton vs plain c1,mt_bench-0028,43,16903,1409,0.125,0.0,0.125,tie,0.15482789278030396,17,256,256,False,,,
plain radix-off triton vs plain c1,mt_bench-0029,20,56679,5952,0.25,0.0,0.25,tie,1.97849003598094e-05,5,256,256,False,,,
plain radix-off triton vs plain c1,mt_bench-0032,137,34167,27382,0.125,0.0,0.125,tie,0.15600228309631348,65,256,256,False,,,
plain radix-off triton vs plain c1,mt_bench-0034,108,348,1518,0.0,0.125,0.125,tie,0.23963427543640137,21,256,256,False,,,
plain radix-off triton vs plain c1,mt_bench-0036,39,733,47246,0.0,0.125,0.125,tie,0.1212301254272461,27,256,256,False,,,
plain radix-off triton vs plain c1,mt_bench-0038,95,45382,46270,0.0,0.125,0.125,tie,0.12225484848022461,45,256,256,False,,,
plain radix-off triton vs plain c1,mt_bench-0040,32,31128,8427,0.125,0.0,0.125,tie,0.1626032590866089,20,256,256,False,,,
plain radix-off triton vs plain c1,mt_bench-0044,18,1856,39,0.125,0.0,0.125,tie,0.1298513412475586,7,256,256,False,,,
plain radix-off triton vs plain c1,mt_bench-0045,67,10539,8882,0.125,0.0,0.125,tie,0.21779394149780273,49,256,256,False,,,
plain radix-off triton vs plain c1,mt_bench-0047,117,364,13,0.125,0.0,0.125,tie,0.23003864288330078,64,256,256,False,,,
plain radix-off triton vs plain c1,mt_bench-0048,49,580,488,0.125,0.0,0.125,tie,0.2924811840057373,37,256,256,False,,,
plain radix-off triton vs plain c1,mt_bench-0049,0,36948,1206,0.12499994039535522,0.0,0.125,tie,0.0,,256,256,False,,,
plain radix-off triton vs plain c1,mt_bench-0053,33,795,1103,0.0,0.125,0.125,tie,0.11791586875915527,22,256,256,False,,,
plain radix-off triton vs plain c1,mt_bench-0060,78,318,506,0.0,0.125,0.125,tie,0.22955536842346191,45,256,256,False,,,
plain radix-off triton vs plain c1,mt_bench-0061,82,5529,1902,0.125,0.0,0.125,tie,0.2400829792022705,65,256,256,False,,,
plain radix-off triton vs plain c1,mt_bench-0063,199,279,75113,0.0,0.125,0.125,tie,0.23816132545471191,1,256,256,False,,,
plain radix-off triton vs plain c1,mt_bench-0064,177,7057,462,0.125,0.0,0.125,tie,0.23887014389038086,124,256,256,False,,,
plain radix-off triton vs plain c1,mt_bench-0065,92,271,198,0.125,0.0,0.125,tie,0.12922167778015137,62,256,256,False,,,
plain radix-off triton vs plain c1,mt_bench-0066,90,323,4670,0.0,0.25,0.125,tie,0.24428606033325195,20,256,256,False,,,
plain radix-off triton vs plain c1,mt_bench-0067,37,36515,2790,0.125,0.0,0.125,tie,0.1206052303314209,7,256,256,False,,,
plain radix-off triton vs plain c1,mt_bench-0068,153,283,478,0.0,0.125,0.125,tie,0.23912882804870605,96,256,256,False,,,
plain radix-off triton vs plain c1,mt_bench-0069,73,57039,66711,0.0,0.125,0.125,tie,0.13101506233215332,9,256,256,False,,,
plain radix-off triton vs plain c1,mt_bench-0071,34,28604,2950,0.125,0.0,0.125,tie,0.10617184638977051,29,256,256,False,,,
plain radix-off triton vs plain c1,mt_bench-0072,107,5212,36110,0.0,0.125,0.125,tie,0.19948434829711914,57,256,256,False,,,
plain radix-off triton vs plain c1,mt_bench-0073,6,49312,4843,0.0625,0.0625,0.0625,one_ulp,0.11766362190246582,4,256,256,False,,,
plain radix-off triton vs plain c1,mt_bench-0074,192,1829,7258,0.0,0.125,0.125,tie,0.21834278106689453,63,256,256,False,,,
plain radix-off triton vs plain c1,mt_bench-0075,17,369,318,0.125,0.0,0.125,tie,0.12183117866516113,1,256,256,False,,,
plain radix-off triton vs plain c1,mt_bench-0076,131,32530,369,0.125,0.0,0.125,tie,0.24063992500305176,127,256,256,False,,,
plain radix-off triton vs plain c1,mt_bench-0077,86,74316,36009,0.125,0.0,0.125,tie,0.2430589199066162,62,256,256,False,,,
plain radix-off triton vs plain c1,mt_bench-0078,198,1484,13459,0.0,0.0625,0.0625,tie,0.23911428451538086,27,256,256,False,,,
plain radix-off triton vs plain c1,mt_bench-0079,131,364,1472,0.0,0.125,0.125,tie,0.16623163223266602,60,256,256,False,,,
dflash b16 radix-off triton vs plain c1,alpaca_eval-0000,6,63049,26310,0.125,0.0,0.125,tie,0.11636590957641602,1,256,256,False,2,2,True
dflash b16 radix-off triton vs plain c1,alpaca_eval-0010,29,44280,975,0.125,0.0,0.125,tie,0.15217900276184082,14,256,256,False,0,1,True
dflash b16 radix-off triton vs plain c1,alpaca_eval-0020,154,310,1345,0.125,0.125,0.125,one_ulp,0.20163226127624512,106,256,256,False,2,3,True
dflash b16 radix-off triton vs plain c1,alpaca_eval-0030,94,357,1394,0.0,0.125,0.125,tie,0.2293539047241211,70,256,256,False,0,2,True
dflash b16 radix-off triton vs plain c1,alpaca_eval-0040,8,3046,1484,0.125,0.0,0.125,tie,0.11659646034240723,5,256,256,False,2,2,True
dflash b16 radix-off triton vs plain c1,alpaca_eval-0050,20,7832,1007,0.125,0.0,0.125,tie,0.12100028991699219,0,256,256,False,11,5,True
dflash b16 radix-off triton vs plain c1,alpaca_eval-0060,125,37462,20331,0.0625,0.0,0.0625,tie,0.21527719497680664,28,256,256,False,3,1,True
dflash b16 radix-off triton vs plain c1,alpaca_eval-0070,85,799,11247,0.0,0.125,0.125,tie,0.12004256248474121,16,95,95,False,0,13,True
dflash b16 radix-off triton vs plain c1,alpaca_eval-0080,71,9183,11,0.125,0.0,0.125,tie,0.15407371520996094,51,256,256,False,0,3,True
dflash b16 radix-off triton vs plain c1,alpaca_eval-0090,104,68488,10632,0.125,0.0,0.125,tie,0.14217185974121094,31,256,256,False,0,1,True
dflash b16 radix-off triton vs plain c1,alpaca_eval-0100,187,681,8,0.125,0.0,0.125,tie,0.24063420295715332,129,256,256,False,0,6,True
dflash b16 radix-off triton vs plain c1,alpaca_eval-0110,105,5253,4528,0.0625,0.0,0.0625,tie,0.22782111167907715,65,256,256,False,2,1,True
dflash b16 radix-off triton vs plain c1,alpaca_eval-0120,114,4774,9228,0.0,0.125,0.125,tie,0.19817280769348145,9,156,165,False,0,3,True
dflash b16 radix-off triton vs plain c1,alpaca_eval-0130,38,1876,39107,0.0,0.12500005960464478,0.0625,tie,0.12155508995056152,20,256,256,False,2,1,True
dflash b16 radix-off triton vs plain c1,alpaca_eval-0140,200,25047,214447,0.0,0.125,0.125,tie,0.22875237464904785,134,256,256,False,2,2,True
dflash b16 radix-off triton vs plain c1,alpaca_eval-0150,168,198,328,0.0,0.125,0.125,tie,0.23646044731140137,85,256,256,False,3,3,True
dflash b16 radix-off triton vs plain c1,alpaca_eval-0160,81,38589,998,0.125,0.0,0.125,tie,0.22413873672485352,50,256,256,False,1,1,True
dflash b16 radix-off triton vs plain c1,alpaca_eval-0170,192,557,579,0.0,0.125,0.125,tie,0.18453645706176758,156,256,256,False,1,2,True
dflash b16 radix-off triton vs plain c1,alpaca_eval-0180,178,14991,496,0.125,0.0,0.125,tie,0.20772457122802734,177,256,256,False,0,3,True
dflash b16 radix-off triton vs plain c1,alpaca_eval-0200,100,21299,4993,0.125,0.0,0.125,tie,0.21867752075195312,78,256,256,False,1,7,True
dflash b16 radix-off triton vs plain c1,alpaca_eval-0210,20,321,4016,0.0,0.125,0.125,tie,0.27283620834350586,14,256,256,False,5,1,True
dflash b16 radix-off triton vs plain c1,alpaca_eval-0230,220,18516,2528,0.125,0.0,0.125,tie,0.23296117782592773,0,256,256,False,6,2,True
dflash b16 radix-off triton vs plain c1,alpaca_eval-0240,238,1220,3125,0.0,0.125,0.125,tie,0.23945164680480957,146,256,256,False,2,3,True
dflash b16 radix-off triton vs plain c1,alpaca_eval-0250,71,5214,48559,0.0,0.125,0.125,tie,0.23685359954833984,18,256,256,False,0,1,True
dflash b16 radix-off triton vs plain c1,alpaca_eval-0260,78,198,271,0.0,0.125,0.125,tie,0.2373793125152588,29,256,256,False,2,1,True
dflash b16 radix-off triton vs plain c1,alpaca_eval-0270,150,11,318,0.0,0.125,0.125,tie,0.22334504127502441,63,256,256,False,4,1,True
dflash b16 radix-off triton vs plain c1,alpaca_eval-0280,144,1083,25,0.125,0.125,0.125,one_ulp,0.23879098892211914,49,256,256,False,0,1,True
dflash b16 radix-off triton vs plain c1,alpaca_eval-0290,234,4044,13170,0.0,0.0625,0.0625,tie,0.24494576454162598,17,256,256,False,2,4,True
dflash b16 radix-off triton vs plain c1,alpaca_eval-0300,5,16866,638,0.125,0.0,0.125,tie,0.0032147839665412903,3,256,256,False,4,1,True
dflash b16 radix-off triton vs plain c1,alpaca_eval-0320,125,381,524,0.0,0.125,0.125,tie,0.22915434837341309,26,256,256,False,4,1,True
dflash b16 radix-off triton vs plain c1,alpaca_eval-0330,57,256,15015,0.0,0.125,0.125,tie,0.21165823936462402,17,256,256,False,5,1,True
dflash b16 radix-off triton vs plain c1,alpaca_eval-0340,150,1459,2688,0.0,0.25,0.125,tie,0.2403397560119629,44,188,185,False,2,3,True
dflash b16 radix-off triton vs plain c1,alpaca_eval-0360,113,17,18,0.0,0.125,0.125,tie,0.21982598304748535,91,256,256,False,1,8,True
dflash b16 radix-off triton vs plain c1,alpaca_eval-0380,146,12001,44739,0.0,0.125,0.125,tie,0.3629732131958008,9,256,256,False,10,7,True
dflash b16 radix-off triton vs plain c1,alpaca_eval-0390,3,10,220,0.0,0.0625,0.0625,tie,0.11273717880249023,1,256,256,False,2,1,True
dflash b16 radix-off triton vs plain c1,alpaca_eval-0400,46,678,279,0.125,0.0,0.125,tie,0.12267136573791504,13,256,256,False,4,2,True
dflash b16 radix-off triton vs plain c1,alpaca_eval-0410,74,357,20656,0.0,0.125,0.125,tie,0.22222471237182617,65,256,256,False,1,8,True
dflash b16 radix-off triton vs plain c1,alpaca_eval-0420,33,3611,5629,0.0,0.125,0.125,tie,0.24140310287475586,25,202,248,False,2,2,True
dflash b16 radix-off triton vs plain c1,alpaca_eval-0440,72,1970,13,0.125,0.0,0.125,tie,0.1278843879699707,33,256,256,False,2,6,True
dflash b16 radix-off triton vs plain c1,alpaca_eval-0450,231,3376,321,0.12500005960464478,0.0,0.125,tie,0.2184734344482422,217,256,256,False,2,2,True
dflash b16 radix-off triton vs plain c1,alpaca_eval-0460,102,1049,1394,0.0,0.125,0.125,tie,0.14677143096923828,20,256,256,False,2,4,True
dflash b16 radix-off triton vs plain c1,alpaca_eval-0470,78,279,345,0.0,0.125,0.125,tie,0.2456958293914795,0,256,256,False,0,2,True
dflash b16 radix-off triton vs plain c1,alpaca_eval-0480,173,16366,64700,0.0,0.25,0.125,tie,0.1975719928741455,91,256,256,False,0,8,True
dflash b16 radix-off triton vs plain c1,alpaca_eval-0490,103,5129,1496,0.125,0.0,0.125,tie,0.20833206176757812,72,256,256,False,0,3,True
dflash b16 radix-off triton vs plain c1,alpaca_eval-0500,74,1433,7276,0.0,0.125,0.125,tie,0.19489037990570068,31,256,256,False,0,6,True
dflash b16 radix-off triton vs plain c1,alpaca_eval-0510,17,10813,12103,0.0,0.125,0.125,tie,0.2232201099395752,12,167,217,False,1,5,True
dflash b16 radix-off triton vs plain c1,alpaca_eval-0520,172,357,264,0.125,0.125,0.125,one_ulp,0.23744750022888184,138,256,256,False,0,1,True
dflash b16 radix-off triton vs plain c1,alpaca_eval-0530,162,13,34093,0.0,0.125,0.125,tie,0.22712111473083496,99,256,256,False,0,1,True
dflash b16 radix-off triton vs plain c1,alpaca_eval-0540,9,30,170286,0.0,0.125,0.125,tie,0.12001156806945801,1,18,11,False,5,3,True
dflash b16 radix-off triton vs plain c1,alpaca_eval-0550,148,68490,9988,0.125,0.0,0.125,tie,0.1836869716644287,29,256,256,False,0,8,True
dflash b16 radix-off triton vs plain c1,alpaca_eval-0560,173,65533,1536,0.125,0.0,0.125,tie,0.21355342864990234,65,256,256,False,6,3,True
dflash b16 radix-off triton vs plain c1,alpaca_eval-0570,1,3766,4400,0.0,0.125,0.125,tie,0.11388468742370605,0,256,256,False,0,1,True
dflash b16 radix-off triton vs plain c1,alpaca_eval-0580,209,914,1436,0.0,0.125,0.125,tie,0.2447645664215088,52,256,256,False,1,2,True
dflash b16 radix-off triton vs plain c1,cnn_dailymail-0001,34,11,13,0.0,0.125,0.125,tie,0.20141315460205078,31,125,105,False,2,6,True
dflash b16 radix-off triton vs plain c1,cnn_dailymail-0002,150,2599,30284,0.0,0.125,0.125,tie,0.17151784896850586,93,256,256,False,1,5,True
dflash b16 radix-off triton vs plain c1,cnn_dailymail-0003,43,4097,7106,0.0,0.125,0.125,tie,0.23134469985961914,2,112,109,False,2,2,True
dflash b16 radix-off triton vs plain c1,cnn_dailymail-0005,75,43038,62529,0.0,0.125,0.125,tie,0.24548959732055664,66,256,256,False,1,15,True
dflash b16 radix-off triton vs plain c1,cnn_dailymail-0006,82,13211,65844,0.0,0.24999994039535522,0.25,tie,0.1889183521270752,19,115,114,False,0,3,True
dflash b16 radix-off triton vs plain c1,cnn_dailymail-0007,53,321,3384,0.0,0.125,0.125,tie,0.12291121482849121,11,104,100,False,5,1,True
dflash b16 radix-off triton vs plain c1,cnn_dailymail-0009,39,5879,31511,0.0,0.25,0.125,tie,0.12348556518554688,0,80,84,False,1,2,True
dflash b16 radix-off triton vs plain c1,cnn_dailymail-0011,213,2196,69075,0.0,0.125,0.125,tie,0.34535956382751465,54,256,256,False,6,1,True
dflash b16 radix-off triton vs plain c1,cnn_dailymail-0013,0,85695,33297,0.125,0.0,0.125,tie,0.0,,121,107,False,0,,True
dflash b16 radix-off triton vs plain c1,cnn_dailymail-0014,49,64777,1208,0.125,0.0,0.125,tie,0.24419951438903809,45,256,256,False,1,11,True
dflash b16 radix-off triton vs plain c1,cnn_dailymail-0016,104,16545,293,0.125,0.0,0.125,tie,0.6272268295288086,39,126,125,False,2,3,True
dflash b16 radix-off triton vs plain c1,cnn_dailymail-0019,52,3372,8855,0.0,0.125,0.125,tie,0.3878607749938965,7,102,104,False,2,1,True
dflash b16 radix-off triton vs plain c1,cnn_dailymail-0021,46,2582,8953,0.0,0.125,0.0625,tie,0.2098550796508789,11,118,133,False,2,1,True
dflash b16 radix-off triton vs plain c1,cnn_dailymail-0022,81,4171,44164,0.0,0.125,0.125,tie,0.2378838062286377,23,116,113,False,1,1,True
dflash b16 radix-off triton vs plain c1,cnn_dailymail-0023,161,310,11,0.125,0.0,0.125,tie,0.36060309410095215,102,256,256,False,0,2,True
dflash b16 radix-off triton vs plain c1,cnn_dailymail-0024,22,5732,2785,0.125,0.0,0.125,tie,0.18892168998718262,8,107,117,False,0,2,True
dflash b16 radix-off triton vs plain c1,cnn_dailymail-0026,226,45482,48401,0.0,0.125,0.125,tie,0.21941232681274414,33,256,256,False,11,9,True
dflash b16 radix-off triton vs plain c1,cnn_dailymail-0027,20,381,3512,0.0,0.125,0.125,tie,0.16571640968322754,1,96,110,False,1,5,True
dflash b16 radix-off triton vs plain c1,cnn_dailymail-0029,42,25,9926,0.125,0.25,0.125,near,0.24331068992614746,41,256,256,False,9,16,True
dflash b16 radix-off triton vs plain c1,cnn_dailymail-0031,32,5381,2756,0.125,0.0,0.125,tie,0.2029421329498291,12,132,130,False,0,2,True
dflash b16 radix-off triton vs plain c1,cnn_dailymail-0034,,,,,,,,0.6166298389434814,95,110,110,False,,,
dflash b16 radix-off triton vs plain c1,cnn_dailymail-0035,192,21046,1615,0.25,0.0,0.125,tie,0.1869215965270996,174,256,256,False,1,1,True
dflash b16 radix-off triton vs plain c1,cnn_dailymail-0037,4,303,424,0.0,0.125,0.125,tie,0.12835383415222168,3,137,120,False,0,1,True
dflash b16 radix-off triton vs plain c1,cnn_dailymail-0038,200,874,6179,0.0,0.125,0.125,tie,0.18864035606384277,43,256,256,False,0,2,True
dflash b16 radix-off triton vs plain c1,cnn_dailymail-0039,53,310,303,0.125,0.0,0.125,tie,0.14070630073547363,45,166,151,False,1,1,True
dflash b16 radix-off triton vs plain c1,gsm8k-0002,29,279,17704,0.0,0.125,0.125,tie,0.1225888729095459,0,256,256,False,2,10,True
dflash b16 radix-off triton vs plain c1,gsm8k-0006,54,19892,28924,0.0,0.125,0.125,tie,0.24256348609924316,41,256,256,False,9,2,True
dflash b16 radix-off triton vs plain c1,gsm8k-0007,123,1331,4003,0.0,0.25,0.25,tie,0.2937765121459961,86,256,256,False,1,3,True
dflash b16 radix-off triton vs plain c1,gsm8k-0008,68,3491,13362,0.0,0.125,0.125,tie,0.19947779178619385,16,256,256,False,0,5,True
dflash b16 radix-off triton vs plain c1,gsm8k-0009,146,458,27858,0.0,0.125,0.125,tie,0.36571502685546875,27,256,256,False,10,16,True
dflash b16 radix-off triton vs plain c1,gsm8k-0011,26,1421,38663,0.0,0.125,0.125,tie,0.11788797378540039,16,256,256,False,1,16,True
dflash b16 radix-off triton vs plain c1,gsm8k-0012,32,12585,11044,0.125,0.0,0.125,tie,0.1200401782989502,3,256,256,False,0,2,True
dflash b16 radix-off triton vs plain c1,gsm8k-0013,45,430,13,0.125,0.0,0.125,tie,0.2441849708557129,23,256,256,False,1,8,True
dflash b16 radix-off triton vs plain c1,gsm8k-0015,44,31187,4997,0.125,0.25,0.125,near,0.6827287673950195,15,256,256,False,0,4,True
dflash b16 radix-off triton vs plain c1,gsm8k-0019,178,1088,14728,0.0,0.125,0.125,tie,0.2406458854675293,139,256,256,False,6,16,True
dflash b16 radix-off triton vs plain c1,gsm8k-0020,33,64494,4346,0.125,0.0,0.125,tie,0.13175439834594727,26,256,256,False,3,1,True
dflash b16 radix-off triton vs plain c1,gsm8k-0021,94,948,506,0.125,0.0,0.125,tie,0.14805370569229126,60,168,166,False,4,8,True
dflash b16 radix-off triton vs plain c1,gsm8k-0026,2,264,821,0.0,0.25,0.125,tie,0.0009530335664749146,0,256,256,False,1,1,True
dflash b16 radix-off triton vs plain c1,gsm8k-0028,27,2702,3377,0.0,0.125,0.125,tie,0.12065458297729492,12,248,240,False,4,5,True
dflash b16 radix-off triton vs plain c1,gsm8k-0035,139,318,303,0.125,0.0,0.125,tie,0.23636627197265625,89,256,256,False,1,11,True
dflash b16 radix-off triton vs plain c1,gsm8k-0036,26,159029,364,0.125,0.0,0.125,tie,0.2386457920074463,19,245,239,False,2,6,True
dflash b16 radix-off triton vs plain c1,gsm8k-0037,12,13962,332,0.25,0.0,0.25,tie,0.0008770746644586325,10,256,256,False,5,6,True
dflash b16 radix-off triton vs plain c1,gsm8k-0040,43,13682,9,0.125,0.0,0.125,tie,0.1211094856262207,13,221,208,False,11,1,True
dflash b16 radix-off triton vs plain c1,gsm8k-0042,94,1238,506,0.125,0.0,0.125,tie,0.24493956565856934,12,201,199,False,7,4,True
dflash b16 radix-off triton vs plain c1,gsm8k-0044,64,3520,283,0.125,0.0,0.125,tie,0.20424270629882812,9,256,256,False,7,1,True
dflash b16 radix-off triton vs plain c1,gsm8k-0049,16,13,303,0.0,0.24999994039535522,0.25,tie,0.2366197109222412,10,256,256,False,7,2,True
dflash b16 radix-off triton vs plain c1,gsm8k-0052,114,4221,421,0.125,0.0,0.125,tie,0.23089194297790527,93,256,256,False,3,5,True
dflash b16 radix-off triton vs plain c1,gsm8k-0053,74,393,56014,0.0,0.25,0.25,tie,0.24408888816833496,27,256,256,False,1,2,True
dflash b16 radix-off triton vs plain c1,gsm8k-0060,19,4952,321,0.125,0.0,0.125,tie,0.24147725105285645,9,256,256,False,3,1,True
dflash b16 radix-off triton vs plain c1,gsm8k-0061,100,10737,14418,0.0,0.125,0.125,tie,0.22926092147827148,69,256,256,False,4,11,True
dflash b16 radix-off triton vs plain c1,gsm8k-0066,226,19,32897,0.0,0.25,0.25,tie,0.2448866367340088,78,256,256,False,3,6,True
dflash b16 radix-off triton vs plain c1,gsm8k-0068,31,4007,279,0.125,0.0,0.125,tie,0.11699295043945312,9,256,256,False,0,5,True
dflash b16 radix-off triton vs plain c1,gsm8k-0070,140,7483,279,0.125,0.0,0.125,tie,0.2336897850036621,30,256,256,False,2,6,True
dflash b16 radix-off triton vs plain c1,gsm8k-0071,143,220,62,0.125,0.0,0.125,tie,0.14301347732543945,45,256,256,False,0,3,True
dflash b16 radix-off triton vs plain c1,gsm8k-0074,111,7336,4625,0.125,0.0,0.125,tie,0.19422626495361328,2,256,256,False,1,2,True
dflash b16 radix-off triton vs plain c1,gsm8k-0076,53,9,13682,0.0,0.125,0.125,tie,0.2347102165222168,36,256,256,False,0,7,True
dflash b16 radix-off triton vs plain c1,humaneval-0005,7,1881,1324,0.125,0.0,0.125,tie,0.12607765197753906,2,256,256,False,4,2,True
dflash b16 radix-off triton vs plain c1,humaneval-0014,65,15305,33120,0.0,0.125,0.125,tie,0.23807287216186523,13,256,256,False,1,1,True
dflash b16 radix-off triton vs plain c1,humaneval-0017,121,2425,12,0.125,0.0,0.125,tie,0.14073920249938965,109,256,256,False,2,7,True
dflash b16 radix-off triton vs plain c1,humaneval-0018,17,1698,4071,0.0,0.125,0.125,tie,0.0008944869041442871,0,73,166,False,0,16,True
dflash b16 radix-off triton vs plain c1,humaneval-0020,54,28662,9150,0.125,0.0,0.125,tie,0.1250758171081543,17,256,256,False,5,11,True
dflash b16 radix-off triton vs plain c1,humaneval-0021,200,87,2334,0.0,0.125,0.125,tie,0.23979973793029785,184,221,221,False,6,3,True
dflash b16 radix-off triton vs plain c1,humaneval-0025,146,271,198,0.25,0.0,0.125,tie,0.13237643241882324,0,219,221,False,4,16,True
dflash b16 radix-off triton vs plain c1,humaneval-0026,52,1204,279,0.125,0.0,0.125,tie,0.23099374771118164,28,256,256,False,8,5,True
dflash b16 radix-off triton vs plain c1,humaneval-0028,0,71093,727,0.25,0.0,0.25,tie,0.0,,70,60,False,0,,True
dflash b16 radix-off triton vs plain c1,humaneval-0032,138,561,1049,0.0,0.12499994039535522,0.125,tie,0.21596407890319824,131,256,256,False,4,2,True
dflash b16 radix-off triton vs plain c1,humaneval-0038,26,579,728,0.0,0.125,0.125,tie,0.1799910068511963,1,256,256,False,8,2,True
dflash b16 radix-off triton vs plain c1,humaneval-0046,198,413,653,0.0,0.125,0.125,tie,0.19925296306610107,189,256,256,False,11,16,True
dflash b16 radix-off triton vs plain c1,humaneval-0047,13,561,271,0.125,0.0,0.125,tie,0.2360401153564453,1,256,256,False,2,6,True
dflash b16 radix-off triton vs plain c1,humaneval-0052,0,71093,727,0.25,0.0,0.25,tie,0.0,,100,95,False,0,,True
dflash b16 radix-off triton vs plain c1,humaneval-0053,20,4829,1220,0.125,0.0,0.125,tie,0.19857752323150635,1,193,176,False,0,2,True
dflash b16 radix-off triton vs plain c1,humaneval-0054,,,,,,,,0.5644243955612183,92,161,161,False,,,
dflash b16 radix-off triton vs plain c1,humaneval-0056,131,1,763,0.0,0.125,0.125,tie,0.24949908256530762,0,256,256,False,7,5,True
dflash b16 radix-off triton vs plain c1,humaneval-0059,43,430,18253,0.125,0.125,0.125,one_ulp,0.20958352088928223,26,256,256,False,2,4,True
dflash b16 radix-off triton vs plain c1,mt_bench-0000,72,279,5028,0.0,0.125,0.125,tie,0.2321171760559082,61,256,256,False,1,1,True
dflash b16 radix-off triton vs plain c1,mt_bench-0002,21,449,264,0.125,0.125,0.125,one_ulp,0.08379745483398438,20,256,256,False,0,2,True
dflash b16 radix-off triton vs plain c1,mt_bench-0003,30,6379,4929,0.125,0.0,0.125,tie,0.13492274284362793,25,256,256,False,3,1,True
dflash b16 radix-off triton vs plain c1,mt_bench-0004,11,23772,264,0.125,0.125,0.125,one_ulp,0.1211245059967041,3,231,243,False,2,3,True
dflash b16 radix-off triton vs plain c1,mt_bench-0005,97,33367,37728,0.0,0.0625,0.0625,tie,0.21840667724609375,70,256,256,False,2,3,True
dflash b16 radix-off triton vs plain c1,mt_bench-0006,41,11946,888,0.125,0.0,0.125,tie,0.23679471015930176,39,256,256,False,3,1,True
dflash b16 radix-off triton vs plain c1,mt_bench-0007,13,3413,8720,0.0,0.125,0.0625,tie,0.15636444091796875,2,204,173,False,1,3,True
dflash b16 radix-off triton vs plain c1,mt_bench-0009,86,321,11,0.125,0.0,0.125,tie,0.12441587448120117,25,256,256,False,0,3,True
dflash b16 radix-off triton vs plain c1,mt_bench-0010,15,8964,1,0.125,0.0,0.125,tie,0.2251574993133545,7,254,256,False,0,2,True
dflash b16 radix-off triton vs plain c1,mt_bench-0011,151,82868,3428,0.0625,0.0,0.0625,tie,0.245558500289917,129,256,256,False,0,1,True
dflash b16 radix-off triton vs plain c1,mt_bench-0012,32,54081,18324,0.125,0.0,0.125,tie,0.23523569107055664,12,256,256,False,1,2,True
dflash b16 radix-off triton vs plain c1,mt_bench-0014,186,553,8,0.125,0.0,0.125,tie,0.20594215393066406,133,256,256,False,0,1,True
dflash b16 radix-off triton vs plain c1,mt_bench-0015,116,19180,16534,0.125,0.0,0.125,tie,0.2347393035888672,32,256,256,False,1,4,True
dflash b16 radix-off triton vs plain c1,mt_bench-0018,73,1442,2166,0.0,0.25,0.125,tie,0.17254924774169922,71,132,141,False,1,11,True
dflash b16 radix-off triton vs plain c1,mt_bench-0019,189,47733,28599,0.125,0.0,0.125,tie,0.21284270286560059,161,256,256,False,0,1,True
dflash b16 radix-off triton vs plain c1,mt_bench-0022,18,2592,760,0.12499994039535522,0.0,0.125,tie,0.24348688125610352,8,256,106,False,0,2,True
dflash b16 radix-off triton vs plain c1,mt_bench-0023,136,1368,1987,0.0,0.125,0.125,tie,0.18036723136901855,100,256,256,False,5,3,True
dflash b16 radix-off triton vs plain c1,mt_bench-0028,43,16903,1409,0.125,0.0,0.125,tie,0.3402433395385742,36,256,256,False,2,2,True
dflash b16 radix-off triton vs plain c1,mt_bench-0029,123,310,13,0.125,0.0,0.125,tie,0.2166745662689209,113,256,256,False,0,4,True
dflash b16 radix-off triton vs plain c1,mt_bench-0032,137,34167,27382,0.125,0.0,0.125,tie,0.14738941192626953,36,256,256,False,15,1,True
dflash b16 radix-off triton vs plain c1,mt_bench-0034,108,348,1518,0.0,0.125,0.125,tie,0.24096107482910156,26,256,256,False,1,14,True
dflash b16 radix-off triton vs plain c1,mt_bench-0035,97,279,35195,0.0,0.125,0.125,tie,0.1232151985168457,26,256,256,False,1,9,True
dflash b16 radix-off triton vs plain c1,mt_bench-0037,238,9077,72364,0.0,0.125,0.125,tie,0.23543357849121094,0,256,256,False,1,4,True
dflash b16 radix-off triton vs plain c1,mt_bench-0038,95,45382,46270,0.0,0.125,0.125,tie,0.12227582931518555,45,256,256,False,9,16,True
dflash b16 radix-off triton vs plain c1,mt_bench-0040,21,279,27690,0.0,0.125,0.125,tie,0.12028241157531738,14,256,256,False,0,2,True
dflash b16 radix-off triton vs plain c1,mt_bench-0042,128,2081,3779,0.0,0.125,0.125,tie,0.16811859607696533,46,256,256,False,2,2,True
dflash b16 radix-off triton vs plain c1,mt_bench-0044,88,1719,10957,0.0,0.125,0.125,tie,0.2234938144683838,86,256,256,False,0,4,True
dflash b16 radix-off triton vs plain c1,mt_bench-0045,67,10539,8882,0.125,0.0,0.125,tie,0.16845703125,46,256,256,False,1,3,True
dflash b16 radix-off triton vs plain c1,mt_bench-0047,40,7620,1,0.125,0.0,0.0625,tie,0.14623379707336426,30,256,256,False,3,5,True
dflash b16 radix-off triton vs plain c1,mt_bench-0048,214,2228,318,0.125,0.0,0.125,tie,0.2326793670654297,41,256,256,False,11,5,True
dflash b16 radix-off triton vs plain c1,mt_bench-0049,0,36948,1206,0.12499994039535522,0.0,0.125,tie,0.0,,256,256,False,0,,True
dflash b16 radix-off triton vs plain c1,mt_bench-0050,41,24936,1164,0.125,0.0,0.125,tie,0.22487258911132812,37,256,256,False,0,14,True
dflash b16 radix-off triton vs plain c1,mt_bench-0053,33,795,1103,0.0,0.125,0.125,tie,0.19426250457763672,13,256,256,False,1,1,True
dflash b16 radix-off triton vs plain c1,mt_bench-0059,84,42794,2791,0.125,0.0,0.125,tie,0.2606923580169678,0,256,256,False,4,5,True
dflash b16 radix-off triton vs plain c1,mt_bench-0061,82,5529,1902,0.125,0.125,0.125,one_ulp,0.15904951095581055,28,256,256,False,6,8,True
dflash b16 radix-off triton vs plain c1,mt_bench-0062,154,318,13,0.125,0.0,0.125,tie,0.16110992431640625,114,256,256,False,2,9,True
dflash b16 radix-off triton vs plain c1,mt_bench-0063,57,314,33448,0.0,0.125,0.125,tie,0.15441465377807617,54,256,256,False,0,2,True
dflash b16 radix-off triton vs plain c1,mt_bench-0065,92,271,198,0.125,0.0,0.0625,tie,0.12920880317687988,62,256,256,False,0,3,True
dflash b16 radix-off triton vs plain c1,mt_bench-0066,67,17171,48772,0.0,0.125,0.125,tie,0.24428272247314453,20,256,256,False,1,2,True
dflash b16 radix-off triton vs plain c1,mt_bench-0067,37,36515,2790,0.125,0.0,0.125,tie,0.1206052303314209,7,256,256,False,6,5,True
dflash b16 radix-off triton vs plain c1,mt_bench-0068,153,283,478,0.0,0.125,0.125,tie,0.2391204833984375,96,256,256,False,1,1,True
dflash b16 radix-off triton vs plain c1,mt_bench-0069,114,22767,89700,0.0,0.125,0.125,tie,0.22597050666809082,47,256,256,False,1,2,True
dflash b16 radix-off triton vs plain c1,mt_bench-0070,13,449,264,0.125,0.0,0.125,tie,0.12374162673950195,8,256,256,False,0,2,True
dflash b16 radix-off triton vs plain c1,mt_bench-0071,56,18100,6195,0.125,0.0,0.125,tie,0.20423710346221924,27,256,256,False,2,4,True
dflash b16 radix-off triton vs plain c1,mt_bench-0072,107,5212,36110,0.0,0.25,0.25,tie,0.22937703132629395,99,256,256,False,0,3,True
dflash b16 radix-off triton vs plain c1,mt_bench-0073,6,49312,4843,0.0625,0.0,0.0625,tie,0.12643766403198242,4,256,256,False,0,5,True
dflash b16 radix-off triton vs plain c1,mt_bench-0075,28,3051,1719,0.125,0.0,0.125,tie,0.24353766441345215,17,256,256,False,1,2,True
dflash b16 radix-off triton vs plain c1,mt_bench-0076,247,264,47978,0.0,0.125,0.125,tie,0.23777174949645996,95,256,256,False,2,4,True
dflash b16 radix-off triton vs plain c1,mt_bench-0077,112,557,1467,0.0,0.125,0.125,tie,0.24346685409545898,62,256,256,False,7,2,True
dflash b16 radix-off triton vs plain c1,mt_bench-0078,34,54759,4670,0.125,0.0,0.125,tie,0.15356826782226562,22,256,256,False,1,1,True
dflash b16 radix-off triton vs plain c1,mt_bench-0079,199,2222,321,0.125,0.0,0.125,tie,0.22087359428405762,7,256,256,False,0,2,True
dflash b16 radix-off triton gdn-verify-triton vs plain c1,alpaca_eval-0000,6,63049,26310,0.125,0.0,0.125,tie,0.11636590957641602,1,256,256,False,2,2,True
dflash b16 radix-off triton gdn-verify-triton vs plain c1,alpaca_eval-0010,29,44280,975,0.125,0.0,0.125,tie,0.15217900276184082,14,256,256,False,0,1,True
dflash b16 radix-off triton gdn-verify-triton vs plain c1,alpaca_eval-0020,154,310,1345,0.125,0.125,0.125,one_ulp,0.20163226127624512,106,256,256,False,2,3,True
dflash b16 radix-off triton gdn-verify-triton vs plain c1,alpaca_eval-0030,94,357,1394,0.0,0.125,0.125,tie,0.2293539047241211,70,256,256,False,0,2,True
dflash b16 radix-off triton gdn-verify-triton vs plain c1,alpaca_eval-0040,8,3046,1484,0.125,0.0,0.125,tie,0.11659646034240723,5,256,256,False,2,2,True
dflash b16 radix-off triton gdn-verify-triton vs plain c1,alpaca_eval-0050,20,7832,1007,0.125,0.0,0.125,tie,0.12100028991699219,0,256,256,False,11,5,True
dflash b16 radix-off triton gdn-verify-triton vs plain c1,alpaca_eval-0060,125,37462,20331,0.0625,0.0,0.0625,tie,0.21527719497680664,28,256,256,False,3,1,True
dflash b16 radix-off triton gdn-verify-triton vs plain c1,alpaca_eval-0070,85,799,11247,0.0,0.125,0.125,tie,0.12004256248474121,16,95,95,False,0,13,True
dflash b16 radix-off triton gdn-verify-triton vs plain c1,alpaca_eval-0080,71,9183,11,0.125,0.0,0.125,tie,0.15407371520996094,51,256,256,False,0,3,True
dflash b16 radix-off triton gdn-verify-triton vs plain c1,alpaca_eval-0090,104,68488,10632,0.125,0.0,0.125,tie,0.14217185974121094,31,256,256,False,0,1,True
dflash b16 radix-off triton gdn-verify-triton vs plain c1,alpaca_eval-0100,187,681,8,0.125,0.0,0.125,tie,0.24063420295715332,129,256,256,False,0,6,True
dflash b16 radix-off triton gdn-verify-triton vs plain c1,alpaca_eval-0110,105,5253,4528,0.0625,0.0,0.0625,tie,0.22782111167907715,65,256,256,False,2,1,True
dflash b16 radix-off triton gdn-verify-triton vs plain c1,alpaca_eval-0120,114,4774,9228,0.0,0.125,0.125,tie,0.19817280769348145,9,156,165,False,0,3,True
dflash b16 radix-off triton gdn-verify-triton vs plain c1,alpaca_eval-0130,38,1876,39107,0.0,0.12500005960464478,0.0625,tie,0.12155508995056152,20,256,256,False,2,1,True
dflash b16 radix-off triton gdn-verify-triton vs plain c1,alpaca_eval-0140,200,25047,214447,0.0,0.125,0.125,tie,0.22875237464904785,134,256,256,False,2,2,True
dflash b16 radix-off triton gdn-verify-triton vs plain c1,alpaca_eval-0150,168,198,328,0.0,0.125,0.125,tie,0.23646044731140137,85,256,256,False,3,3,True
dflash b16 radix-off triton gdn-verify-triton vs plain c1,alpaca_eval-0160,81,38589,998,0.125,0.0,0.125,tie,0.22413873672485352,50,256,256,False,1,1,True
dflash b16 radix-off triton gdn-verify-triton vs plain c1,alpaca_eval-0170,192,557,579,0.0,0.125,0.125,tie,0.18453645706176758,156,256,256,False,1,2,True
dflash b16 radix-off triton gdn-verify-triton vs plain c1,alpaca_eval-0180,178,14991,496,0.125,0.0,0.125,tie,0.20772457122802734,177,256,256,False,0,3,True
dflash b16 radix-off triton gdn-verify-triton vs plain c1,alpaca_eval-0200,100,21299,4993,0.125,0.0,0.125,tie,0.21867752075195312,78,256,256,False,1,7,True
dflash b16 radix-off triton gdn-verify-triton vs plain c1,alpaca_eval-0210,20,321,4016,0.0,0.125,0.125,tie,0.27283620834350586,14,256,256,False,5,1,True
dflash b16 radix-off triton gdn-verify-triton vs plain c1,alpaca_eval-0230,220,18516,2528,0.125,0.0,0.125,tie,0.23296117782592773,0,256,256,False,6,2,True
dflash b16 radix-off triton gdn-verify-triton vs plain c1,alpaca_eval-0240,238,1220,3125,0.0,0.125,0.125,tie,0.23945164680480957,146,256,256,False,2,3,True
dflash b16 radix-off triton gdn-verify-triton vs plain c1,alpaca_eval-0250,71,5214,48559,0.0,0.125,0.125,tie,0.23685359954833984,18,256,256,False,0,1,True
dflash b16 radix-off triton gdn-verify-triton vs plain c1,alpaca_eval-0260,78,198,271,0.0,0.125,0.125,tie,0.2373793125152588,29,256,256,False,2,1,True
dflash b16 radix-off triton gdn-verify-triton vs plain c1,alpaca_eval-0270,150,11,318,0.0,0.125,0.125,tie,0.22334504127502441,63,256,256,False,4,1,True
dflash b16 radix-off triton gdn-verify-triton vs plain c1,alpaca_eval-0280,144,1083,25,0.125,0.125,0.125,one_ulp,0.23879098892211914,49,256,256,False,0,1,True
dflash b16 radix-off triton gdn-verify-triton vs plain c1,alpaca_eval-0290,234,4044,13170,0.0,0.0625,0.0625,tie,0.24494576454162598,17,256,256,False,2,4,True
dflash b16 radix-off triton gdn-verify-triton vs plain c1,alpaca_eval-0300,5,16866,638,0.125,0.0,0.125,tie,0.0032147839665412903,3,256,256,False,4,1,True
dflash b16 radix-off triton gdn-verify-triton vs plain c1,alpaca_eval-0320,125,381,524,0.0,0.125,0.125,tie,0.22915434837341309,26,256,256,False,4,1,True
dflash b16 radix-off triton gdn-verify-triton vs plain c1,alpaca_eval-0330,57,256,15015,0.0,0.125,0.125,tie,0.21165823936462402,17,256,256,False,5,1,True
dflash b16 radix-off triton gdn-verify-triton vs plain c1,alpaca_eval-0340,150,1459,2688,0.0,0.25,0.125,tie,0.2403397560119629,44,188,185,False,2,3,True
dflash b16 radix-off triton gdn-verify-triton vs plain c1,alpaca_eval-0360,113,17,18,0.0,0.125,0.125,tie,0.21982598304748535,91,256,256,False,1,8,True
dflash b16 radix-off triton gdn-verify-triton vs plain c1,alpaca_eval-0380,146,12001,44739,0.0,0.125,0.125,tie,0.3629732131958008,9,256,256,False,10,7,True
dflash b16 radix-off triton gdn-verify-triton vs plain c1,alpaca_eval-0390,3,10,220,0.0,0.0625,0.0625,tie,0.11273717880249023,1,256,256,False,2,1,True
dflash b16 radix-off triton gdn-verify-triton vs plain c1,alpaca_eval-0400,46,678,279,0.125,0.0,0.125,tie,0.12267136573791504,13,256,256,False,4,2,True
dflash b16 radix-off triton gdn-verify-triton vs plain c1,alpaca_eval-0410,74,357,20656,0.0,0.125,0.125,tie,0.22222471237182617,65,256,256,False,1,8,True
dflash b16 radix-off triton gdn-verify-triton vs plain c1,alpaca_eval-0420,33,3611,5629,0.0,0.125,0.125,tie,0.24140310287475586,25,202,248,False,2,2,True
dflash b16 radix-off triton gdn-verify-triton vs plain c1,alpaca_eval-0440,72,1970,13,0.125,0.0,0.125,tie,0.1278843879699707,33,256,256,False,2,6,True
dflash b16 radix-off triton gdn-verify-triton vs plain c1,alpaca_eval-0450,231,3376,321,0.12500005960464478,0.0,0.125,tie,0.2184734344482422,217,256,256,False,2,2,True
dflash b16 radix-off triton gdn-verify-triton vs plain c1,alpaca_eval-0460,102,1049,1394,0.0,0.125,0.125,tie,0.14677143096923828,20,256,256,False,2,4,True
dflash b16 radix-off triton gdn-verify-triton vs plain c1,alpaca_eval-0470,78,279,345,0.0,0.125,0.125,tie,0.2456958293914795,0,256,256,False,0,2,True
dflash b16 radix-off triton gdn-verify-triton vs plain c1,alpaca_eval-0480,173,16366,64700,0.0,0.25,0.125,tie,0.1975719928741455,91,256,256,False,0,8,True
dflash b16 radix-off triton gdn-verify-triton vs plain c1,alpaca_eval-0490,103,5129,1496,0.125,0.0,0.125,tie,0.20833206176757812,72,256,256,False,0,3,True
dflash b16 radix-off triton gdn-verify-triton vs plain c1,alpaca_eval-0500,74,1433,7276,0.0,0.125,0.125,tie,0.19489037990570068,31,256,256,False,0,6,True
dflash b16 radix-off triton gdn-verify-triton vs plain c1,alpaca_eval-0510,17,10813,12103,0.0,0.125,0.125,tie,0.2232201099395752,12,167,217,False,1,5,True
dflash b16 radix-off triton gdn-verify-triton vs plain c1,alpaca_eval-0520,172,357,264,0.125,0.125,0.125,one_ulp,0.23744750022888184,138,256,256,False,0,1,True
dflash b16 radix-off triton gdn-verify-triton vs plain c1,alpaca_eval-0530,162,13,34093,0.0,0.125,0.125,tie,0.22712111473083496,99,256,256,False,0,1,True
dflash b16 radix-off triton gdn-verify-triton vs plain c1,alpaca_eval-0540,9,30,170286,0.0,0.125,0.125,tie,0.12001156806945801,1,18,11,False,5,3,True
dflash b16 radix-off triton gdn-verify-triton vs plain c1,alpaca_eval-0550,148,68490,9988,0.125,0.0,0.125,tie,0.1836869716644287,29,256,256,False,0,8,True
dflash b16 radix-off triton gdn-verify-triton vs plain c1,alpaca_eval-0560,173,65533,1536,0.125,0.0,0.125,tie,0.21355342864990234,65,256,256,False,6,3,True
dflash b16 radix-off triton gdn-verify-triton vs plain c1,alpaca_eval-0570,1,3766,4400,0.0,0.125,0.125,tie,0.11388468742370605,0,256,256,False,0,1,True
dflash b16 radix-off triton gdn-verify-triton vs plain c1,alpaca_eval-0580,209,914,1436,0.0,0.125,0.125,tie,0.2447645664215088,52,256,256,False,1,2,True
dflash b16 radix-off triton gdn-verify-triton vs plain c1,cnn_dailymail-0001,34,11,13,0.0,0.125,0.125,tie,0.20141315460205078,31,125,105,False,2,6,True
dflash b16 radix-off triton gdn-verify-triton vs plain c1,cnn_dailymail-0002,150,2599,30284,0.0,0.125,0.125,tie,0.17151784896850586,93,256,256,False,1,5,True
dflash b16 radix-off triton gdn-verify-triton vs plain c1,cnn_dailymail-0003,43,4097,7106,0.0,0.125,0.125,tie,0.23134469985961914,2,112,109,False,2,2,True
dflash b16 radix-off triton gdn-verify-triton vs plain c1,cnn_dailymail-0005,75,43038,62529,0.0,0.125,0.125,tie,0.24548959732055664,66,256,256,False,1,15,True
dflash b16 radix-off triton gdn-verify-triton vs plain c1,cnn_dailymail-0006,82,13211,65844,0.0,0.24999994039535522,0.25,tie,0.1889183521270752,19,115,114,False,0,3,True
dflash b16 radix-off triton gdn-verify-triton vs plain c1,cnn_dailymail-0007,53,321,3384,0.0,0.125,0.125,tie,0.12291121482849121,11,104,100,False,5,1,True
dflash b16 radix-off triton gdn-verify-triton vs plain c1,cnn_dailymail-0009,39,5879,31511,0.0,0.25,0.125,tie,0.12348556518554688,0,80,84,False,1,2,True
dflash b16 radix-off triton gdn-verify-triton vs plain c1,cnn_dailymail-0011,213,2196,69075,0.0,0.125,0.125,tie,0.34535956382751465,54,256,256,False,6,1,True
dflash b16 radix-off triton gdn-verify-triton vs plain c1,cnn_dailymail-0013,0,85695,33297,0.125,0.0,0.125,tie,0.0,,121,107,False,0,,True
dflash b16 radix-off triton gdn-verify-triton vs plain c1,cnn_dailymail-0014,49,64777,1208,0.125,0.0,0.125,tie,0.24419951438903809,45,256,256,False,1,11,True
dflash b16 radix-off triton gdn-verify-triton vs plain c1,cnn_dailymail-0016,104,16545,293,0.125,0.0,0.125,tie,0.6272268295288086,39,126,125,False,2,3,True
dflash b16 radix-off triton gdn-verify-triton vs plain c1,cnn_dailymail-0019,52,3372,8855,0.0,0.125,0.125,tie,0.3878607749938965,7,102,104,False,2,1,True
dflash b16 radix-off triton gdn-verify-triton vs plain c1,cnn_dailymail-0021,46,2582,8953,0.0,0.125,0.0625,tie,0.2098550796508789,11,118,133,False,2,1,True
dflash b16 radix-off triton gdn-verify-triton vs plain c1,cnn_dailymail-0022,81,4171,44164,0.0,0.125,0.125,tie,0.2378838062286377,23,116,113,False,1,1,True
dflash b16 radix-off triton gdn-verify-triton vs plain c1,cnn_dailymail-0023,161,310,11,0.125,0.0,0.125,tie,0.36060309410095215,102,256,256,False,0,2,True
dflash b16 radix-off triton gdn-verify-triton vs plain c1,cnn_dailymail-0024,22,5732,2785,0.125,0.0,0.125,tie,0.18892168998718262,8,107,117,False,0,2,True
dflash b16 radix-off triton gdn-verify-triton vs plain c1,cnn_dailymail-0026,226,45482,48401,0.0,0.125,0.125,tie,0.21941232681274414,33,256,256,False,11,9,True
dflash b16 radix-off triton gdn-verify-triton vs plain c1,cnn_dailymail-0027,20,381,3512,0.0,0.125,0.125,tie,0.16571640968322754,1,96,110,False,1,5,True
dflash b16 radix-off triton gdn-verify-triton vs plain c1,cnn_dailymail-0029,42,25,9926,0.125,0.25,0.125,near,0.24331068992614746,41,256,256,False,9,16,True
dflash b16 radix-off triton gdn-verify-triton vs plain c1,cnn_dailymail-0031,32,5381,2756,0.125,0.0,0.125,tie,0.2029421329498291,12,132,130,False,0,2,True
dflash b16 radix-off triton gdn-verify-triton vs plain c1,cnn_dailymail-0034,,,,,,,,0.6166298389434814,95,110,110,False,,,
dflash b16 radix-off triton gdn-verify-triton vs plain c1,cnn_dailymail-0035,192,21046,1615,0.25,0.0,0.125,tie,0.1869215965270996,174,256,256,False,1,1,True
dflash b16 radix-off triton gdn-verify-triton vs plain c1,cnn_dailymail-0037,4,303,424,0.0,0.125,0.125,tie,0.12835383415222168,3,137,120,False,0,1,True
dflash b16 radix-off triton gdn-verify-triton vs plain c1,cnn_dailymail-0038,200,874,6179,0.0,0.125,0.125,tie,0.18864035606384277,43,256,256,False,0,2,True
dflash b16 radix-off triton gdn-verify-triton vs plain c1,cnn_dailymail-0039,53,310,303,0.125,0.0,0.125,tie,0.14070630073547363,45,166,151,False,1,1,True
dflash b16 radix-off triton gdn-verify-triton vs plain c1,gsm8k-0002,29,279,17704,0.0,0.125,0.125,tie,0.1225888729095459,0,256,256,False,2,10,True
dflash b16 radix-off triton gdn-verify-triton vs plain c1,gsm8k-0006,54,19892,28924,0.0,0.125,0.125,tie,0.24256348609924316,41,256,256,False,9,2,True
dflash b16 radix-off triton gdn-verify-triton vs plain c1,gsm8k-0007,123,1331,4003,0.0,0.25,0.25,tie,0.2937765121459961,86,256,256,False,1,3,True
dflash b16 radix-off triton gdn-verify-triton vs plain c1,gsm8k-0008,68,3491,13362,0.0,0.125,0.125,tie,0.19947779178619385,16,256,256,False,0,5,True
dflash b16 radix-off triton gdn-verify-triton vs plain c1,gsm8k-0009,146,458,27858,0.0,0.125,0.125,tie,0.36571502685546875,27,256,256,False,10,16,True
dflash b16 radix-off triton gdn-verify-triton vs plain c1,gsm8k-0011,26,1421,38663,0.0,0.125,0.125,tie,0.11788797378540039,16,256,256,False,1,16,True
dflash b16 radix-off triton gdn-verify-triton vs plain c1,gsm8k-0012,32,12585,11044,0.125,0.0,0.125,tie,0.1200401782989502,3,256,256,False,0,2,True
dflash b16 radix-off triton gdn-verify-triton vs plain c1,gsm8k-0013,45,430,13,0.125,0.0,0.125,tie,0.2441849708557129,23,256,256,False,1,8,True
dflash b16 radix-off triton gdn-verify-triton vs plain c1,gsm8k-0015,44,31187,4997,0.125,0.25,0.125,near,0.6827287673950195,15,256,256,False,0,4,True
dflash b16 radix-off triton gdn-verify-triton vs plain c1,gsm8k-0019,178,1088,14728,0.0,0.125,0.125,tie,0.2406458854675293,139,256,256,False,6,16,True
dflash b16 radix-off triton gdn-verify-triton vs plain c1,gsm8k-0020,33,64494,4346,0.125,0.0,0.125,tie,0.13175439834594727,26,256,256,False,3,1,True
dflash b16 radix-off triton gdn-verify-triton vs plain c1,gsm8k-0021,94,948,506,0.125,0.0,0.125,tie,0.14805370569229126,60,168,166,False,4,8,True
dflash b16 radix-off triton gdn-verify-triton vs plain c1,gsm8k-0026,2,264,821,0.0,0.25,0.125,tie,0.0009530335664749146,0,256,256,False,1,1,True
dflash b16 radix-off triton gdn-verify-triton vs plain c1,gsm8k-0028,27,2702,3377,0.0,0.125,0.125,tie,0.12065458297729492,12,248,240,False,4,5,True
dflash b16 radix-off triton gdn-verify-triton vs plain c1,gsm8k-0035,139,318,303,0.125,0.0,0.125,tie,0.23636627197265625,89,256,256,False,1,11,True
dflash b16 radix-off triton gdn-verify-triton vs plain c1,gsm8k-0036,26,159029,364,0.125,0.0,0.125,tie,0.2386457920074463,19,245,239,False,2,6,True
dflash b16 radix-off triton gdn-verify-triton vs plain c1,gsm8k-0037,12,13962,332,0.25,0.0,0.25,tie,0.0008770746644586325,10,256,256,False,5,6,True
dflash b16 radix-off triton gdn-verify-triton vs plain c1,gsm8k-0040,43,13682,9,0.125,0.0,0.125,tie,0.1211094856262207,13,221,208,False,11,1,True
dflash b16 radix-off triton gdn-verify-triton vs plain c1,gsm8k-0042,94,1238,506,0.125,0.0,0.125,tie,0.24493956565856934,12,201,199,False,7,4,True
dflash b16 radix-off triton gdn-verify-triton vs plain c1,gsm8k-0044,64,3520,283,0.125,0.0,0.125,tie,0.20424270629882812,9,256,256,False,7,1,True
dflash b16 radix-off triton gdn-verify-triton vs plain c1,gsm8k-0049,16,13,303,0.0,0.24999994039535522,0.25,tie,0.2366197109222412,10,256,256,False,7,2,True
dflash b16 radix-off triton gdn-verify-triton vs plain c1,gsm8k-0052,114,4221,421,0.125,0.0,0.125,tie,0.23089194297790527,93,256,256,False,3,5,True
dflash b16 radix-off triton gdn-verify-triton vs plain c1,gsm8k-0053,74,393,56014,0.0,0.25,0.25,tie,0.24408888816833496,27,256,256,False,1,2,True
dflash b16 radix-off triton gdn-verify-triton vs plain c1,gsm8k-0060,19,4952,321,0.125,0.0,0.125,tie,0.24147725105285645,9,256,256,False,3,1,True
dflash b16 radix-off triton gdn-verify-triton vs plain c1,gsm8k-0061,100,10737,14418,0.0,0.125,0.125,tie,0.22926092147827148,69,256,256,False,4,11,True
dflash b16 radix-off triton gdn-verify-triton vs plain c1,gsm8k-0066,226,19,32897,0.0,0.25,0.25,tie,0.2448866367340088,78,256,256,False,3,6,True
dflash b16 radix-off triton gdn-verify-triton vs plain c1,gsm8k-0068,31,4007,279,0.125,0.0,0.125,tie,0.11699295043945312,9,256,256,False,0,5,True
dflash b16 radix-off triton gdn-verify-triton vs plain c1,gsm8k-0070,140,7483,279,0.125,0.0,0.125,tie,0.2336897850036621,30,256,256,False,2,6,True
dflash b16 radix-off triton gdn-verify-triton vs plain c1,gsm8k-0071,143,220,62,0.125,0.0,0.125,tie,0.14301347732543945,45,256,256,False,0,3,True
dflash b16 radix-off triton gdn-verify-triton vs plain c1,gsm8k-0074,111,7336,4625,0.125,0.0,0.125,tie,0.19422626495361328,2,256,256,False,1,2,True
dflash b16 radix-off triton gdn-verify-triton vs plain c1,gsm8k-0076,53,9,13682,0.0,0.125,0.125,tie,0.2347102165222168,36,256,256,False,0,7,True
dflash b16 radix-off triton gdn-verify-triton vs plain c1,humaneval-0005,7,1881,1324,0.125,0.0,0.125,tie,0.12607765197753906,2,256,256,False,4,2,True
dflash b16 radix-off triton gdn-verify-triton vs plain c1,humaneval-0014,65,15305,33120,0.0,0.125,0.125,tie,0.23807287216186523,13,256,256,False,1,1,True
dflash b16 radix-off triton gdn-verify-triton vs plain c1,humaneval-0017,121,2425,12,0.125,0.0,0.125,tie,0.14073920249938965,109,256,256,False,2,7,True
dflash b16 radix-off triton gdn-verify-triton vs plain c1,humaneval-0018,17,1698,4071,0.0,0.125,0.125,tie,0.0008944869041442871,0,73,166,False,0,16,True
dflash b16 radix-off triton gdn-verify-triton vs plain c1,humaneval-0020,54,28662,9150,0.125,0.0,0.125,tie,0.1250758171081543,17,256,256,False,5,11,True
dflash b16 radix-off triton gdn-verify-triton vs plain c1,humaneval-0021,200,87,2334,0.0,0.125,0.125,tie,0.23979973793029785,184,221,221,False,6,3,True
dflash b16 radix-off triton gdn-verify-triton vs plain c1,humaneval-0025,146,271,198,0.25,0.0,0.125,tie,0.13237643241882324,0,219,221,False,4,16,True
dflash b16 radix-off triton gdn-verify-triton vs plain c1,humaneval-0026,52,1204,279,0.125,0.0,0.125,tie,0.23099374771118164,28,256,256,False,8,5,True
dflash b16 radix-off triton gdn-verify-triton vs plain c1,humaneval-0028,0,71093,727,0.25,0.0,0.25,tie,0.0,,70,60,False,0,,True
dflash b16 radix-off triton gdn-verify-triton vs plain c1,humaneval-0032,138,561,1049,0.0,0.12499994039535522,0.125,tie,0.21596407890319824,131,256,256,False,4,2,True
dflash b16 radix-off triton gdn-verify-triton vs plain c1,humaneval-0038,26,579,728,0.0,0.125,0.125,tie,0.1799910068511963,1,256,256,False,8,2,True
dflash b16 radix-off triton gdn-verify-triton vs plain c1,humaneval-0046,198,413,653,0.0,0.125,0.125,tie,0.19925296306610107,189,256,256,False,11,16,True
dflash b16 radix-off triton gdn-verify-triton vs plain c1,humaneval-0047,13,561,271,0.125,0.0,0.125,tie,0.2360401153564453,1,256,256,False,2,6,True
dflash b16 radix-off triton gdn-verify-triton vs plain c1,humaneval-0052,0,71093,727,0.25,0.0,0.25,tie,0.0,,100,95,False,0,,True
dflash b16 radix-off triton gdn-verify-triton vs plain c1,humaneval-0053,20,4829,1220,0.125,0.0,0.125,tie,0.19857752323150635,1,193,176,False,0,2,True
dflash b16 radix-off triton gdn-verify-triton vs plain c1,humaneval-0054,,,,,,,,0.5644243955612183,92,161,161,False,,,
dflash b16 radix-off triton gdn-verify-triton vs plain c1,humaneval-0056,131,1,763,0.0,0.125,0.125,tie,0.24949908256530762,0,256,256,False,7,5,True
dflash b16 radix-off triton gdn-verify-triton vs plain c1,humaneval-0059,43,430,18253,0.125,0.125,0.125,one_ulp,0.20958352088928223,26,256,256,False,2,4,True
dflash b16 radix-off triton gdn-verify-triton vs plain c1,mt_bench-0000,72,279,5028,0.0,0.125,0.125,tie,0.2321171760559082,61,256,256,False,1,1,True
dflash b16 radix-off triton gdn-verify-triton vs plain c1,mt_bench-0002,21,449,264,0.125,0.125,0.125,one_ulp,0.08379745483398438,20,256,256,False,0,2,True
dflash b16 radix-off triton gdn-verify-triton vs plain c1,mt_bench-0003,30,6379,4929,0.125,0.0,0.125,tie,0.13492274284362793,25,256,256,False,3,1,True
dflash b16 radix-off triton gdn-verify-triton vs plain c1,mt_bench-0004,11,23772,264,0.125,0.125,0.125,one_ulp,0.1211245059967041,3,231,243,False,2,3,True
dflash b16 radix-off triton gdn-verify-triton vs plain c1,mt_bench-0005,97,33367,37728,0.0,0.0625,0.0625,tie,0.21840667724609375,70,256,256,False,2,3,True
dflash b16 radix-off triton gdn-verify-triton vs plain c1,mt_bench-0006,41,11946,888,0.125,0.0,0.125,tie,0.23679471015930176,39,256,256,False,3,1,True
dflash b16 radix-off triton gdn-verify-triton vs plain c1,mt_bench-0007,13,3413,8720,0.0,0.125,0.0625,tie,0.15636444091796875,2,204,173,False,1,3,True
dflash b16 radix-off triton gdn-verify-triton vs plain c1,mt_bench-0009,86,321,11,0.125,0.0,0.125,tie,0.12441587448120117,25,256,256,False,0,3,True
dflash b16 radix-off triton gdn-verify-triton vs plain c1,mt_bench-0010,15,8964,1,0.125,0.0,0.125,tie,0.2251574993133545,7,254,256,False,0,2,True
dflash b16 radix-off triton gdn-verify-triton vs plain c1,mt_bench-0011,151,82868,3428,0.0625,0.0,0.0625,tie,0.245558500289917,129,256,256,False,0,1,True
dflash b16 radix-off triton gdn-verify-triton vs plain c1,mt_bench-0012,32,54081,18324,0.125,0.0,0.125,tie,0.23523569107055664,12,256,256,False,1,2,True
dflash b16 radix-off triton gdn-verify-triton vs plain c1,mt_bench-0014,186,553,8,0.125,0.0,0.125,tie,0.20594215393066406,133,256,256,False,0,1,True
dflash b16 radix-off triton gdn-verify-triton vs plain c1,mt_bench-0015,116,19180,16534,0.125,0.0,0.125,tie,0.2347393035888672,32,256,256,False,1,4,True
dflash b16 radix-off triton gdn-verify-triton vs plain c1,mt_bench-0018,73,1442,2166,0.0,0.25,0.125,tie,0.17254924774169922,71,132,141,False,1,11,True
dflash b16 radix-off triton gdn-verify-triton vs plain c1,mt_bench-0019,189,47733,28599,0.125,0.0,0.125,tie,0.21284270286560059,161,256,256,False,0,1,True
dflash b16 radix-off triton gdn-verify-triton vs plain c1,mt_bench-0022,18,2592,760,0.12499994039535522,0.0,0.125,tie,0.24348688125610352,8,256,106,False,0,2,True
dflash b16 radix-off triton gdn-verify-triton vs plain c1,mt_bench-0023,136,1368,1987,0.0,0.125,0.125,tie,0.18036723136901855,100,256,256,False,5,3,True
dflash b16 radix-off triton gdn-verify-triton vs plain c1,mt_bench-0028,43,16903,1409,0.125,0.0,0.125,tie,0.3402433395385742,36,256,256,False,2,2,True
dflash b16 radix-off triton gdn-verify-triton vs plain c1,mt_bench-0029,123,310,13,0.125,0.0,0.125,tie,0.2166745662689209,113,256,256,False,0,4,True
dflash b16 radix-off triton gdn-verify-triton vs plain c1,mt_bench-0032,137,34167,27382,0.125,0.0,0.125,tie,0.14738941192626953,36,256,256,False,15,1,True
dflash b16 radix-off triton gdn-verify-triton vs plain c1,mt_bench-0034,108,348,1518,0.0,0.125,0.125,tie,0.24096107482910156,26,256,256,False,1,14,True
dflash b16 radix-off triton gdn-verify-triton vs plain c1,mt_bench-0035,97,279,35195,0.0,0.125,0.125,tie,0.1232151985168457,26,256,256,False,1,9,True
dflash b16 radix-off triton gdn-verify-triton vs plain c1,mt_bench-0037,238,9077,72364,0.0,0.125,0.125,tie,0.23543357849121094,0,256,256,False,1,4,True
dflash b16 radix-off triton gdn-verify-triton vs plain c1,mt_bench-0038,95,45382,46270,0.0,0.125,0.125,tie,0.12227582931518555,45,256,256,False,9,16,True
dflash b16 radix-off triton gdn-verify-triton vs plain c1,mt_bench-0040,21,279,27690,0.0,0.125,0.125,tie,0.12028241157531738,14,256,256,False,0,2,True
dflash b16 radix-off triton gdn-verify-triton vs plain c1,mt_bench-0042,128,2081,3779,0.0,0.125,0.125,tie,0.16811859607696533,46,256,256,False,2,2,True
dflash b16 radix-off triton gdn-verify-triton vs plain c1,mt_bench-0044,88,1719,10957,0.0,0.125,0.125,tie,0.2234938144683838,86,256,256,False,0,4,True
dflash b16 radix-off triton gdn-verify-triton vs plain c1,mt_bench-0045,67,10539,8882,0.125,0.0,0.125,tie,0.16845703125,46,256,256,False,1,3,True
dflash b16 radix-off triton gdn-verify-triton vs plain c1,mt_bench-0047,40,7620,1,0.125,0.0,0.0625,tie,0.14623379707336426,30,256,256,False,3,5,True
dflash b16 radix-off triton gdn-verify-triton vs plain c1,mt_bench-0048,214,2228,318,0.125,0.0,0.125,tie,0.2326793670654297,41,256,256,False,11,5,True
dflash b16 radix-off triton gdn-verify-triton vs plain c1,mt_bench-0049,0,36948,1206,0.12499994039535522,0.0,0.125,tie,0.0,,256,256,False,0,,True
dflash b16 radix-off triton gdn-verify-triton vs plain c1,mt_bench-0050,41,24936,1164,0.125,0.0,0.125,tie,0.22487258911132812,37,256,256,False,0,14,True
dflash b16 radix-off triton gdn-verify-triton vs plain c1,mt_bench-0053,33,795,1103,0.0,0.125,0.125,tie,0.19426250457763672,13,256,256,False,1,1,True
dflash b16 radix-off triton gdn-verify-triton vs plain c1,mt_bench-0059,84,42794,2791,0.125,0.0,0.125,tie,0.2606923580169678,0,256,256,False,4,5,True
dflash b16 radix-off triton gdn-verify-triton vs plain c1,mt_bench-0061,82,5529,1902,0.125,0.125,0.125,one_ulp,0.15904951095581055,28,256,256,False,6,8,True
dflash b16 radix-off triton gdn-verify-triton vs plain c1,mt_bench-0062,154,318,13,0.125,0.0,0.125,tie,0.16110992431640625,114,256,256,False,2,9,True
dflash b16 radix-off triton gdn-verify-triton vs plain c1,mt_bench-0063,57,314,33448,0.0,0.125,0.125,tie,0.15441465377807617,54,256,256,False,0,2,True
dflash b16 radix-off triton gdn-verify-triton vs plain c1,mt_bench-0065,92,271,198,0.125,0.0,0.0625,tie,0.12920880317687988,62,256,256,False,0,3,True
dflash b16 radix-off triton gdn-verify-triton vs plain c1,mt_bench-0066,67,17171,48772,0.0,0.125,0.125,tie,0.24428272247314453,20,256,256,False,1,2,True
dflash b16 radix-off triton gdn-verify-triton vs plain c1,mt_bench-0067,37,36515,2790,0.125,0.0,0.125,tie,0.1206052303314209,7,256,256,False,6,5,True
dflash b16 radix-off triton gdn-verify-triton vs plain c1,mt_bench-0068,153,283,478,0.0,0.125,0.125,tie,0.2391204833984375,96,256,256,False,1,1,True
dflash b16 radix-off triton gdn-verify-triton vs plain c1,mt_bench-0069,114,22767,89700,0.0,0.125,0.125,tie,0.22597050666809082,47,256,256,False,1,2,True
dflash b16 radix-off triton gdn-verify-triton vs plain c1,mt_bench-0070,13,449,264,0.125,0.0,0.125,tie,0.12374162673950195,8,256,256,False,0,2,True
dflash b16 radix-off triton gdn-verify-triton vs plain c1,mt_bench-0071,56,18100,6195,0.125,0.0,0.125,tie,0.20423710346221924,27,256,256,False,2,4,True
dflash b16 radix-off triton gdn-verify-triton vs plain c1,mt_bench-0072,107,5212,36110,0.0,0.25,0.25,tie,0.22937703132629395,99,256,256,False,0,3,True
dflash b16 radix-off triton gdn-verify-triton vs plain c1,mt_bench-0073,6,49312,4843,0.0625,0.0,0.0625,tie,0.12643766403198242,4,256,256,False,0,5,True
dflash b16 radix-off triton gdn-verify-triton vs plain c1,mt_bench-0075,28,3051,1719,0.125,0.0,0.125,tie,0.24353766441345215,17,256,256,False,1,2,True
dflash b16 radix-off triton gdn-verify-triton vs plain c1,mt_bench-0076,247,264,47978,0.0,0.125,0.125,tie,0.23777174949645996,95,256,256,False,2,4,True
dflash b16 radix-off triton gdn-verify-triton vs plain c1,mt_bench-0077,112,557,1467,0.0,0.125,0.125,tie,0.24346685409545898,62,256,256,False,7,2,True
dflash b16 radix-off triton gdn-verify-triton vs plain c1,mt_bench-0078,34,54759,4670,0.125,0.0,0.125,tie,0.15356826782226562,22,256,256,False,1,1,True
dflash b16 radix-off triton gdn-verify-triton vs plain c1,mt_bench-0079,199,2222,321,0.125,0.0,0.125,tie,0.22087359428405762,7,256,256,False,0,2,True
mtp_s3 buffered vs stock verify radix-off c1,alpaca_eval-0000,6,26310,63049,0.0,0.12499994039535522,0.125,tie,0.07779949903488159,2,256,256,False,2,2,True
mtp_s3 buffered vs stock verify radix-off c1,alpaca_eval-0010,29,44280,975,0.125,0.0,0.125,tie,0.15825748443603516,28,256,256,False,0,1,True
mtp_s3 buffered vs stock verify radix-off c1,alpaca_eval-0020,72,318,11,0.125,0.0,0.0625,tie,0.15474706888198853,55,256,256,False,1,2,True
mtp_s3 buffered vs stock verify radix-off c1,alpaca_eval-0030,155,15166,30835,0.125,0.125,0.0625,near,0.22932672500610352,80,256,256,False,0,3,True
mtp_s3 buffered vs stock verify radix-off c1,alpaca_eval-0060,133,864,9297,0.0,0.125,0.125,tie,0.24157500267028809,94,256,256,False,3,1,True
mtp_s3 buffered vs stock verify radix-off c1,alpaca_eval-0080,76,15214,50209,0.0,0.12499994039535522,0.125,tie,0.12203359603881836,37,256,256,False,3,3,True
mtp_s3 buffered vs stock verify radix-off c1,alpaca_eval-0090,88,6762,4364,0.125,0.0,0.125,tie,0.23763799667358398,3,256,256,False,3,1,True
mtp_s3 buffered vs stock verify radix-off c1,alpaca_eval-0100,65,90433,45675,0.125,0.0,0.125,tie,0.12376189231872559,37,256,256,False,2,2,True
mtp_s3 buffered vs stock verify radix-off c1,alpaca_eval-0110,93,18995,279,0.125,0.0,0.125,tie,0.2432847023010254,75,256,256,False,1,3,True
mtp_s3 buffered vs stock verify radix-off c1,alpaca_eval-0120,100,1852,68587,0.0,0.125,0.125,tie,0.23949503898620605,48,176,156,False,0,3,True
mtp_s3 buffered vs stock verify radix-off c1,alpaca_eval-0130,80,17,19,0.0,0.125,0.125,tie,0.14794063568115234,31,256,256,False,1,4,True
mtp_s3 buffered vs stock verify radix-off c1,alpaca_eval-0140,234,6855,36636,0.0,0.125,0.125,tie,0.2392730712890625,50,256,256,False,2,2,True
mtp_s3 buffered vs stock verify radix-off c1,alpaca_eval-0150,124,2972,279,0.25,0.0,0.25,tie,0.321211576461792,75,256,256,False,1,3,True
mtp_s3 buffered vs stock verify radix-off c1,alpaca_eval-0160,112,5369,12983,0.0,0.125,0.125,tie,0.21644163131713867,52,256,256,False,1,1,True
mtp_s3 buffered vs stock verify radix-off c1,alpaca_eval-0170,241,13,11,0.125,0.0,0.125,tie,0.24086427688598633,17,256,256,False,2,4,True
mtp_s3 buffered vs stock verify radix-off c1,alpaca_eval-0180,39,26932,24065,0.125,0.0,0.125,tie,0.13344216346740723,29,256,256,False,3,1,True
mtp_s3 buffered vs stock verify radix-off c1,alpaca_eval-0200,144,39551,68,0.125,0.0,0.125,tie,0.20669817924499512,81,256,256,False,0,2,True
mtp_s3 buffered vs stock verify radix-off c1,alpaca_eval-0210,20,4016,321,0.125,0.0,0.125,tie,0.12122178077697754,18,256,256,False,1,4,True
mtp_s3 buffered vs stock verify radix-off c1,alpaca_eval-0220,93,1865,6792,0.0,0.125,0.125,tie,0.23801803588867188,15,256,256,False,0,3,True
mtp_s3 buffered vs stock verify radix-off c1,alpaca_eval-0230,190,12298,23373,0.0,0.125,0.125,tie,0.22728991508483887,177,256,256,False,3,1,True
mtp_s3 buffered vs stock verify radix-off c1,alpaca_eval-0240,9,46548,7253,0.125,0.0,0.125,tie,0.1628434658050537,6,256,256,False,0,2,True
mtp_s3 buffered vs stock verify radix-off c1,alpaca_eval-0250,103,836,279,0.125,0.0,0.125,tie,0.17996644973754883,77,256,256,False,0,2,True
mtp_s3 buffered vs stock verify radix-off c1,alpaca_eval-0260,78,198,271,0.0,0.125,0.125,tie,0.23857784271240234,29,256,256,False,2,3,True
mtp_s3 buffered vs stock verify radix-off c1,alpaca_eval-0270,11,279,2046,0.0,0.125,0.125,tie,0.16356706619262695,4,256,256,False,0,1,True
mtp_s3 buffered vs stock verify radix-off c1,alpaca_eval-0280,42,159029,314,0.125,0.0,0.125,tie,0.22179722785949707,9,256,256,False,1,2,True
mtp_s3 buffered vs stock verify radix-off c1,alpaca_eval-0290,122,5821,17814,0.0,0.125,0.125,tie,0.18149781227111816,119,256,256,False,0,2,True
mtp_s3 buffered vs stock verify radix-off c1,alpaca_eval-0300,186,9245,4545,0.125,0.0,0.125,tie,0.22000575065612793,6,256,256,False,1,4,True
mtp_s3 buffered vs stock verify radix-off c1,alpaca_eval-0310,180,524,430,0.125,0.0,0.125,tie,0.24490094184875488,59,256,256,False,1,1,True
mtp_s3 buffered vs stock verify radix-off c1,alpaca_eval-0320,31,25,5469,0.0,0.125,0.125,tie,0.1208806037902832,18,256,256,False,0,1,True
mtp_s3 buffered vs stock verify radix-off c1,alpaca_eval-0330,105,8806,1865,0.125,0.0,0.125,tie,0.1681513786315918,100,256,256,False,2,1,True
mtp_s3 buffered vs stock verify radix-off c1,alpaca_eval-0340,59,3296,1622,0.125,0.0,0.125,tie,0.22229266166687012,11,212,191,False,0,2,True
mtp_s3 buffered vs stock verify radix-off c1,alpaca_eval-0350,195,1318,1040,0.125,0.0,0.125,tie,0.24347972869873047,43,256,256,False,0,1,True
mtp_s3 buffered vs stock verify radix-off c1,alpaca_eval-0360,49,4477,244411,0.0,0.25,0.25,tie,0.2167210578918457,22,256,256,False,1,2,True
mtp_s3 buffered vs stock verify radix-off c1,alpaca_eval-0380,146,12001,44739,0.0,0.125,0.125,tie,0.13087081909179688,68,256,256,False,3,4,True
mtp_s3 buffered vs stock verify radix-off c1,alpaca_eval-0400,184,1510,2972,0.125,0.125,0.125,one_ulp,0.3655076026916504,114,256,256,False,3,4,True
mtp_s3 buffered vs stock verify radix-off c1,alpaca_eval-0410,74,357,20656,0.0,0.125,0.125,tie,0.12580299377441406,33,256,256,False,2,3,True
mtp_s3 buffered vs stock verify radix-off c1,alpaca_eval-0420,122,1204,3611,0.0,0.125,0.125,tie,0.3684086799621582,19,220,221,False,0,1,True
mtp_s3 buffered vs stock verify radix-off c1,alpaca_eval-0440,72,1970,13,0.125,0.0,0.125,tie,0.11999344825744629,17,256,256,False,2,2,True
mtp_s3 buffered vs stock verify radix-off c1,alpaca_eval-0450,34,321,318,0.125,0.0,0.125,tie,0.1216118335723877,6,256,256,False,0,2,True
mtp_s3 buffered vs stock verify radix-off c1,alpaca_eval-0460,21,466,318,0.125,0.0,0.125,tie,0.13635635375976562,20,256,256,False,3,2,True
mtp_s3 buffered vs stock verify radix-off c1,alpaca_eval-0480,107,7497,1879,0.125,0.0,0.125,tie,0.19693326950073242,59,256,256,False,1,2,True
mtp_s3 buffered vs stock verify radix-off c1,alpaca_eval-0510,17,12103,10813,0.125,0.0,0.125,tie,0.22620630264282227,12,217,164,False,1,1,True
mtp_s3 buffered vs stock verify radix-off c1,alpaca_eval-0520,125,88433,760,0.0625,0.0,0.0625,tie,0.21482932567596436,104,256,256,False,3,4,True
mtp_s3 buffered vs stock verify radix-off c1,alpaca_eval-0530,56,2018,21568,0.0,0.125,0.125,tie,0.09823000431060791,50,256,256,False,2,4,True
mtp_s3 buffered vs stock verify radix-off c1,alpaca_eval-0550,147,13,321,0.0,0.125,0.125,tie,0.23660778999328613,53,256,256,False,0,2,True
mtp_s3 buffered vs stock verify radix-off c1,alpaca_eval-0570,9,55007,495,0.125,0.0,0.125,tie,0.09900820255279541,8,256,256,False,1,4,True
mtp_s3 buffered vs stock verify radix-off c1,alpaca_eval-0580,96,10340,321,0.125,0.0,0.125,tie,0.1276249885559082,3,256,256,False,0,3,True
mtp_s3 buffered vs stock verify radix-off c1,alpaca_eval-0590,235,37568,21426,0.125,0.0,0.125,tie,0.19997596740722656,34,256,256,False,0,3,True
mtp_s3 buffered vs stock verify radix-off c1,cnn_dailymail-0001,4,59317,5388,0.125,0.0,0.125,tie,0.0023418664932250977,1,120,111,False,2,1,True
mtp_s3 buffered vs stock verify radix-off c1,cnn_dailymail-0003,43,4097,7106,0.0,0.125,0.125,tie,0.12368297576904297,9,102,108,False,2,2,True
mtp_s3 buffered vs stock verify radix-off c1,cnn_dailymail-0005,49,7524,18659,0.0,0.125,0.125,tie,0.12229633331298828,37,256,256,False,3,3,True
mtp_s3 buffered vs stock verify radix-off c1,cnn_dailymail-0012,44,11312,48995,0.0,0.125,0.125,tie,0.1297435760498047,20,98,107,False,3,2,True
mtp_s3 buffered vs stock verify radix-off c1,cnn_dailymail-0014,49,1208,64777,0.0,0.125,0.125,tie,0.11118102073669434,47,256,256,False,1,3,True
mtp_s3 buffered vs stock verify radix-off c1,cnn_dailymail-0018,38,1238,2614,0.0,0.125,0.125,tie,0.21601593494415283,22,111,124,False,0,4,True
mtp_s3 buffered vs stock verify radix-off c1,cnn_dailymail-0020,89,47253,264,0.125,0.0,0.125,tie,0.12192082405090332,51,256,256,False,1,3,True
mtp_s3 buffered vs stock verify radix-off c1,cnn_dailymail-0021,106,321,5614,0.0,0.25,0.25,tie,0.21602535247802734,34,124,122,False,2,3,True
mtp_s3 buffered vs stock verify radix-off c1,cnn_dailymail-0023,131,303,998,0.0,0.12499994039535522,0.125,tie,0.1226503849029541,114,256,256,False,3,4,True
mtp_s3 buffered vs stock verify radix-off c1,cnn_dailymail-0029,42,9926,25,0.125,0.0,0.125,tie,0.0030475598759949207,23,256,256,False,0,4,True
mtp_s3 buffered vs stock verify radix-off c1,cnn_dailymail-0030,65,5307,16894,0.0,0.125,0.125,tie,0.12709569931030273,39,92,92,False,3,1,True
mtp_s3 buffered vs stock verify radix-off c1,cnn_dailymail-0031,86,53272,557,0.125,0.0,0.125,tie,0.13200926780700684,14,128,135,False,0,4,True
mtp_s3 buffered vs stock verify radix-off c1,cnn_dailymail-0032,153,22525,75532,0.0,0.125,0.125,tie,0.12941980361938477,106,256,256,False,2,4,True
mtp_s3 buffered vs stock verify radix-off c1,cnn_dailymail-0033,25,18816,23059,0.1875,0.3125,0.0625,near,0.6174538135528564,24,95,91,False,3,4,True
mtp_s3 buffered vs stock verify radix-off c1,cnn_dailymail-0034,14,369,20774,0.0,0.125,0.125,tie,0.12685918807983398,13,113,108,False,1,4,True
mtp_s3 buffered vs stock verify radix-off c1,cnn_dailymail-0035,189,38284,11,0.125,0.0,0.125,tie,0.22327280044555664,80,256,256,False,3,2,True
mtp_s3 buffered vs stock verify radix-off c1,cnn_dailymail-0037,99,18007,32662,0.0,0.125,0.125,tie,0.13037562370300293,24,117,114,False,1,1,True
mtp_s3 buffered vs stock verify radix-off c1,cnn_dailymail-0038,200,874,6179,0.0,0.125,0.125,tie,0.22273850440979004,156,256,256,False,0,2,True
mtp_s3 buffered vs stock verify radix-off c1,cnn_dailymail-0039,132,864,28546,0.0,0.25,0.125,tie,0.19393372535705566,14,152,151,False,0,4,True
mtp_s3 buffered vs stock verify radix-off c1,gsm8k-0002,29,279,17704,0.0,0.125,0.125,tie,0.17848896980285645,26,256,256,False,0,4,True
mtp_s3 buffered vs stock verify radix-off c1,gsm8k-0003,164,19434,332,0.125,0.0,0.125,tie,0.12133479118347168,44,170,170,False,2,4,True
mtp_s3 buffered vs stock verify radix-off c1,gsm8k-0004,39,2972,220,0.125,0.0,0.125,tie,0.1077115535736084,25,256,256,False,0,4,True
mtp_s3 buffered vs stock verify radix-off c1,gsm8k-0006,54,19892,28924,0.0,0.125,0.125,tie,0.12758684158325195,44,256,256,False,1,4,True
mtp_s3 buffered vs stock verify radix-off c1,gsm8k-0007,7,310,364,0.0,0.125,0.125,tie,0.11601591110229492,2,256,256,False,2,4,True
mtp_s3 buffered vs stock verify radix-off c1,gsm8k-0008,209,506,9550,0.125,0.125,0.125,one_ulp,0.2372119426727295,19,256,256,False,1,3,True
mtp_s3 buffered vs stock verify radix-off c1,gsm8k-0009,146,458,27858,0.0,0.125,0.125,tie,0.23703598976135254,65,256,256,False,0,4,True
mtp_s3 buffered vs stock verify radix-off c1,gsm8k-0010,60,19892,28924,0.0,0.25,0.25,tie,0.17159616947174072,49,256,256,False,1,4,True
mtp_s3 buffered vs stock verify radix-off c1,gsm8k-0011,26,1421,38663,0.0,0.12499994039535522,0.125,tie,0.1555933952331543,2,256,256,False,1,4,True
mtp_s3 buffered vs stock verify radix-off c1,gsm8k-0021,94,948,506,0.125,0.0,0.125,tie,0.23187494277954102,6,168,166,False,0,4,True
mtp_s3 buffered vs stock verify radix-off c1,gsm8k-0028,56,393,2972,0.0,0.125,0.125,tie,0.12259984016418457,36,256,248,False,3,2,True
mtp_s3 buffered vs stock verify radix-off c1,gsm8k-0029,95,348,3658,0.0,0.125,0.125,tie,0.12259483337402344,81,256,256,False,3,4,True
mtp_s3 buffered vs stock verify radix-off c1,gsm8k-0031,7,1118,1144,0.125,0.125,0.125,one_ulp,0.00020327360834926367,1,256,256,False,2,4,True
mtp_s3 buffered vs stock verify radix-off c1,gsm8k-0032,79,791,7157,0.0,0.125,0.125,tie,0.2445828914642334,52,256,256,False,1,3,True
mtp_s3 buffered vs stock verify radix-off c1,gsm8k-0036,102,506,13,0.125,0.0,0.125,tie,0.1909952163696289,84,242,236,False,0,4,True
mtp_s3 buffered vs stock verify radix-off c1,gsm8k-0039,201,271,198,0.125,0.0,0.125,tie,0.16430139541625977,168,256,256,False,0,4,True
mtp_s3 buffered vs stock verify radix-off c1,gsm8k-0040,43,9,13682,0.0,0.125,0.125,tie,0.1203470230102539,6,208,221,False,3,4,True
mtp_s3 buffered vs stock verify radix-off c1,gsm8k-0044,16,2014,15771,0.0,0.125,0.125,tie,0.00012536346912384033,9,256,256,False,3,4,True
mtp_s3 buffered vs stock verify radix-off c1,gsm8k-0051,39,2261,310,0.125,0.0,0.125,tie,0.2305915355682373,15,256,256,False,1,2,True
mtp_s3 buffered vs stock verify radix-off c1,gsm8k-0052,114,421,4221,0.0,0.125,0.125,tie,0.2346513271331787,50,256,256,False,2,4,True
mtp_s3 buffered vs stock verify radix-off c1,gsm8k-0053,249,7548,19892,0.0,0.125,0.125,tie,0.1872556209564209,72,256,256,False,0,4,True
mtp_s3 buffered vs stock verify radix-off c1,gsm8k-0056,99,27382,35,0.125,0.125,0.125,one_ulp,0.23099160194396973,83,256,256,False,1,4,True
mtp_s3 buffered vs stock verify radix-off c1,gsm8k-0060,20,7995,5790,0.125,0.0,0.125,tie,0.11702132225036621,9,256,256,False,0,1,True
mtp_s3 buffered vs stock verify radix-off c1,gsm8k-0061,104,2972,220,0.125,0.0,0.125,tie,0.12247157096862793,22,256,256,False,3,1,True
mtp_s3 buffered vs stock verify radix-off c1,gsm8k-0062,57,393,449,0.0,0.125,0.125,tie,0.12213754653930664,31,256,256,False,2,4,True
mtp_s3 buffered vs stock verify radix-off c1,gsm8k-0065,135,328,25015,0.0,0.125,0.125,tie,0.22829556465148926,117,256,256,False,0,4,True
mtp_s3 buffered vs stock verify radix-off c1,gsm8k-0066,226,32897,19,0.25,0.0,0.125,tie,0.2422945499420166,216,256,256,False,0,4,True
mtp_s3 buffered vs stock verify radix-off c1,gsm8k-0067,17,25,13,0.125,0.0,0.125,tie,0.11257767677307129,8,256,256,False,0,4,True
mtp_s3 buffered vs stock verify radix-off c1,gsm8k-0068,31,279,4007,0.0,0.125,0.125,tie,0.11863040924072266,30,256,256,False,0,2,True
mtp_s3 buffered vs stock verify radix-off c1,gsm8k-0070,15,25,13,0.125,0.0,0.125,tie,0.09683835506439209,12,256,256,False,1,1,True
mtp_s3 buffered vs stock verify radix-off c1,gsm8k-0074,111,7336,4625,0.125,0.0,0.125,tie,0.23448896408081055,53,256,256,False,1,2,True
mtp_s3 buffered vs stock verify radix-off c1,gsm8k-0076,53,9,13682,0.0,0.125,0.125,tie,0.19983220100402832,46,256,256,False,0,4,True
mtp_s3 buffered vs stock verify radix-off c1,gsm8k-0079,85,553,1590,0.0,0.125,0.125,tie,0.24549221992492676,76,170,170,False,1,4,True
mtp_s3 buffered vs stock verify radix-off c1,humaneval-0002,22,4483,17068,0.0,0.125,0.125,tie,0.12136435508728027,10,256,256,False,1,1,True
mtp_s3 buffered vs stock verify radix-off c1,humaneval-0005,197,1726,1031,0.125,0.0,0.125,tie,0.15923285484313965,131,256,256,False,0,4,True
mtp_s3 buffered vs stock verify radix-off c1,humaneval-0011,71,760,40,0.125,0.0,0.125,tie,0.21185994148254395,10,256,256,False,2,4,True
mtp_s3 buffered vs stock verify radix-off c1,humaneval-0014,18,264,3010,0.125,0.12499994039535522,0.125,one_ulp,0.12021303176879883,11,256,256,False,2,4,True
mtp_s3 buffered vs stock verify radix-off c1,humaneval-0017,170,359,1368,0.0,0.125,0.125,tie,0.23231911659240723,90,256,256,False,2,4,True
mtp_s3 buffered vs stock verify radix-off c1,humaneval-0020,89,10300,1906,0.125,0.0,0.125,tie,0.12251043319702148,24,256,256,False,3,4,True
mtp_s3 buffered vs stock verify radix-off c1,humaneval-0027,2,198,1358,0.0,0.125,0.125,tie,2.384149411227554e-07,1,81,81,False,1,1,True
mtp_s3 buffered vs stock verify radix-off c1,humaneval-0029,131,10727,61446,0.0,0.125,0.125,tie,0.22529292106628418,71,248,248,False,0,1,True
mtp_s3 buffered vs stock verify radix-off c1,humaneval-0032,138,1049,561,0.12499994039535522,0.0,0.125,tie,0.23909974098205566,40,256,256,False,0,4,True
mtp_s3 buffered vs stock verify radix-off c1,humaneval-0036,2,1358,198,0.125,0.0,0.125,tie,2.3841721485950984e-07,1,139,139,False,1,1,True
mtp_s3 buffered vs stock verify radix-off c1,humaneval-0038,26,579,728,0.0,0.125,0.125,tie,0.13883686065673828,17,256,256,False,0,4,True
mtp_s3 buffered vs stock verify radix-off c1,humaneval-0039,247,198,248046,0.0,0.25,0.25,tie,0.20489907264709473,214,253,248,False,1,4,True
mtp_s3 buffered vs stock verify radix-off c1,humaneval-0043,2,1358,198,0.125,0.0,0.125,tie,1.0728690540418029e-06,1,201,201,False,1,1,True
mtp_s3 buffered vs stock verify radix-off c1,humaneval-0044,80,271,198,0.25,0.0,0.25,tie,0.20258378982543945,33,256,256,False,2,4,True
mtp_s3 buffered vs stock verify radix-off c1,humaneval-0053,18,5089,709,0.125,0.0,0.125,tie,0.1137385368347168,6,172,252,False,0,3,True
mtp_s3 buffered vs stock verify radix-off c1,humaneval-0054,2,198,1358,0.0,0.25,0.25,tie,2.384138497291133e-06,1,161,161,False,1,1,True
mtp_s3 buffered vs stock verify radix-off c1,humaneval-0056,210,748,4523,0.0,0.125,0.125,tie,0.13787198066711426,117,256,256,False,0,1,True
mtp_s3 buffered vs stock verify radix-off c1,mt_bench-0000,3,303,11,0.0625,0.0625,0.0625,one_ulp,0.053668975830078125,1,256,256,False,1,1,True
mtp_s3 buffered vs stock verify radix-off c1,mt_bench-0001,113,5328,40,0.125,0.0,0.125,tie,0.24274492263793945,50,153,160,False,0,4,True
mtp_s3 buffered vs stock verify radix-off c1,mt_bench-0002,21,264,449,0.0,0.125,0.125,tie,0.12262725830078125,17,256,256,False,0,4,True
mtp_s3 buffered vs stock verify radix-off c1,mt_bench-0003,127,2956,11012,0.0,0.125,0.125,tie,0.2033064365386963,118,256,256,False,1,3,True
mtp_s3 buffered vs stock verify radix-off c1,mt_bench-0004,32,38831,5843,0.125,0.0,0.125,tie,0.24338412284851074,3,224,233,False,0,3,True
mtp_s3 buffered vs stock verify radix-off c1,mt_bench-0005,242,16078,4437,0.125,0.0,0.125,tie,0.20777320861816406,214,256,256,False,1,4,True
mtp_s3 buffered vs stock verify radix-off c1,mt_bench-0006,33,1040,80592,0.0,0.125,0.0625,tie,0.115081787109375,20,256,256,False,0,1,True
mtp_s3 buffered vs stock verify radix-off c1,mt_bench-0007,13,15920,8720,0.0625,0.0,0.0625,tie,0.11529374122619629,5,174,181,False,1,3,True
mtp_s3 buffered vs stock verify radix-off c1,mt_bench-0008,205,14,13,0.125,0.0,0.125,tie,0.20701169967651367,171,256,256,False,0,2,True
mtp_s3 buffered vs stock verify radix-off c1,mt_bench-0009,86,11,321,0.0,0.125,0.125,tie,0.1281442642211914,45,256,256,False,0,4,True
mtp_s3 buffered vs stock verify radix-off c1,mt_bench-0010,33,1132,1459,0.0,0.125,0.125,tie,0.22820711135864258,24,256,256,False,1,4,True
mtp_s3 buffered vs stock verify radix-off c1,mt_bench-0012,32,18324,54081,0.0,0.125,0.125,tie,0.22227883338928223,31,256,256,False,3,4,True
mtp_s3 buffered vs stock verify radix-off c1,mt_bench-0013,18,2609,4927,0.0,0.125,0.125,tie,0.12215781211853027,2,256,256,False,0,1,True
mtp_s3 buffered vs stock verify radix-off c1,mt_bench-0014,160,579,11,0.125,0.0,0.125,tie,0.14507126808166504,142,256,256,False,3,3,True
mtp_s3 buffered vs stock verify radix-off c1,mt_bench-0015,94,13,539,0.0,0.125,0.125,tie,0.3514399528503418,73,256,256,False,2,3,True
mtp_s3 buffered vs stock verify radix-off c1,mt_bench-0017,69,44145,5304,0.125,0.0,0.125,tie,0.2405548095703125,58,256,256,False,0,2,True
mtp_s3 buffered vs stock verify radix-off c1,mt_bench-0019,189,28599,47733,0.0,0.125,0.125,tie,0.22843217849731445,91,256,256,False,0,2,True
mtp_s3 buffered vs stock verify radix-off c1,mt_bench-0022,18,760,2592,0.0,0.12500005960464478,0.125,tie,0.15450549125671387,4,106,220,False,1,4,True
mtp_s3 buffered vs stock verify radix-off c1,mt_bench-0024,172,19505,369,0.125,0.125,0.125,one_ulp,0.18634319305419922,46,256,256,False,2,2,True
mtp_s3 buffered vs stock verify radix-off c1,mt_bench-0026,74,198,13,0.125,0.0,0.125,tie,0.2381150722503662,13,256,256,False,1,1,True
mtp_s3 buffered vs stock verify radix-off c1,mt_bench-0028,43,16903,1409,0.125,0.0,0.125,tie,0.15276622772216797,35,256,256,False,2,3,True
mtp_s3 buffered vs stock verify radix-off c1,mt_bench-0029,20,56679,5952,0.125,0.0,0.125,tie,1.3827244401909411e-05,16,256,256,False,3,4,True
mtp_s3 buffered vs stock verify radix-off c1,mt_bench-0032,137,27382,34167,0.0,0.25,0.125,tie,0.13689017295837402,36,256,256,False,0,4,True
mtp_s3 buffered vs stock verify radix-off c1,mt_bench-0033,216,421,314,0.125,0.0,0.125,tie,0.1590268611907959,127,256,256,False,3,4,True
mtp_s3 buffered vs stock verify radix-off c1,mt_bench-0035,97,35195,279,0.125,0.0,0.125,tie,0.18331003189086914,94,256,256,False,2,2,True
mtp_s3 buffered vs stock verify radix-off c1,mt_bench-0036,39,47246,733,0.125,0.0,0.125,tie,0.11828422546386719,27,256,256,False,1,3,True
mtp_s3 buffered vs stock verify radix-off c1,mt_bench-0037,238,9077,72364,0.0,0.125,0.125,tie,0.18095791339874268,23,256,256,False,3,4,True
mtp_s3 buffered vs stock verify radix-off c1,mt_bench-0039,143,26782,279,0.125,0.0,0.125,tie,0.20752167701721191,111,256,256,False,2,2,True
mtp_s3 buffered vs stock verify radix-off c1,mt_bench-0040,175,8385,2353,0.125,0.0,0.125,tie,0.2433469295501709,43,256,256,False,1,1,True
mtp_s3 buffered vs stock verify radix-off c1,mt_bench-0041,215,15,16,0.0,0.125,0.125,tie,0.14049887657165527,198,256,256,False,1,3,True
mtp_s3 buffered vs stock verify radix-off c1,mt_bench-0042,128,3779,2081,0.125,0.0,0.125,tie,0.12122988700866699,124,256,256,False,2,1,True
mtp_s3 buffered vs stock verify radix-off c1,mt_bench-0043,32,14261,1510,0.125,0.0,0.125,tie,0.12172508239746094,6,177,195,False,0,4,True
mtp_s3 buffered vs stock verify radix-off c1,mt_bench-0044,235,57597,41382,0.125,0.0,0.125,tie,0.23113775253295898,86,256,256,False,0,4,True
mtp_s3 buffered vs stock verify radix-off c1,mt_bench-0045,26,22373,318,0.12499994039535522,0.0,0.125,tie,0.16843783855438232,10,256,256,False,0,4,True
mtp_s3 buffered vs stock verify radix-off c1,mt_bench-0048,49,580,488,0.125,0.0,0.125,tie,0.14359605312347412,37,256,256,False,0,2,True
mtp_s3 buffered vs stock verify radix-off c1,mt_bench-0053,33,795,1103,0.0,0.125,0.125,tie,0.11788582801818848,22,256,256,False,1,1,True
mtp_s3 buffered vs stock verify radix-off c1,mt_bench-0059,148,1902,1220,0.12499994039535522,0.0,0.125,tie,0.24069809913635254,64,256,256,False,1,4,True
mtp_s3 buffered vs stock verify radix-off c1,mt_bench-0060,78,506,318,0.125,0.0,0.125,tie,0.23191523551940918,72,256,256,False,1,1,True
mtp_s3 buffered vs stock verify radix-off c1,mt_bench-0061,231,92217,332,0.125,0.0,0.125,tie,0.24372243881225586,32,256,256,False,3,4,True
mtp_s3 buffered vs stock verify radix-off c1,mt_bench-0064,1,64583,8340,0.125,0.0,0.125,tie,0.0,,256,256,False,0,1,True
mtp_s3 buffered vs stock verify radix-off c1,mt_bench-0065,92,271,198,0.125,0.0,0.0625,tie,0.19187116622924805,90,256,256,False,1,2,True
mtp_s3 buffered vs stock verify radix-off c1,mt_bench-0066,93,10539,332,0.125,0.0,0.125,tie,0.24015355110168457,61,256,256,False,0,1,True
mtp_s3 buffered vs stock verify radix-off c1,mt_bench-0067,127,4570,506,0.125,0.0,0.125,tie,0.24416136741638184,56,256,256,False,0,3,True
mtp_s3 buffered vs stock verify radix-off c1,mt_bench-0068,122,35924,5619,0.125,0.0,0.125,tie,0.16149914264678955,115,256,256,False,0,4,True
mtp_s3 buffered vs stock verify radix-off c1,mt_bench-0069,47,421,364,0.125,0.0,0.125,tie,0.16653680801391602,34,256,256,False,0,4,True
mtp_s3 buffered vs stock verify radix-off c1,mt_bench-0070,13,449,264,0.125,0.0,0.125,tie,0.17482447624206543,10,256,256,False,0,2,True
mtp_s3 buffered vs stock verify radix-off c1,mt_bench-0071,34,2950,28604,0.125,0.125,0.125,one_ulp,0.3097435235977173,27,256,256,False,0,4,True
mtp_s3 buffered vs stock verify radix-off c1,mt_bench-0072,15,11587,5190,0.125,0.0,0.125,tie,0.06694352626800537,3,256,256,False,3,4,True
mtp_s3 buffered vs stock verify radix-off c1,mt_bench-0073,86,49773,11712,0.125,0.0,0.125,tie,0.1933152675628662,85,256,256,False,0,4,True
mtp_s3 buffered vs stock verify radix-off c1,mt_bench-0075,111,3539,393,0.125,0.0,0.125,tie,0.24518561363220215,84,256,256,False,0,3,True
mtp_s3 buffered vs stock verify radix-off c1,mt_bench-0076,202,6821,15506,0.0,0.125,0.125,tie,0.23839378356933594,69,256,256,False,2,2,True
mtp_s3 buffered vs stock verify radix-off c1,mt_bench-0077,86,74316,36009,0.125,0.0,0.125,tie,0.2110443115234375,71,256,256,False,0,3,True
mtp_s3 buffered vs stock verify radix-off c1,mt_bench-0078,17,5788,25215,0.0,0.125,0.125,tie,0.12157249450683594,9,256,256,False,1,4,True
mtp_s3 buffered vs stock verify radix-off c1,mt_bench-0079,131,364,1472,0.0,0.125,0.125,tie,0.2403264045715332,54,256,256,False,2,1,True
mtp_s3 buffered triton vs stock verify radix-off c1,alpaca_eval-0000,6,26310,63049,0.0,0.125,0.125,tie,0.10155844688415527,0,256,256,False,2,2,True
mtp_s3 buffered triton vs stock verify radix-off c1,alpaca_eval-0010,29,44280,975,0.125,0.0,0.125,tie,0.1500413417816162,14,256,256,False,0,1,True
mtp_s3 buffered triton vs stock verify radix-off c1,alpaca_eval-0030,226,11,321,0.0,0.125,0.125,tie,0.2693774700164795,146,256,256,False,1,4,True
mtp_s3 buffered triton vs stock verify radix-off c1,alpaca_eval-0060,126,75758,90180,0.0625,0.0625,0.0625,one_ulp,0.24155211448669434,94,256,256,False,0,4,True
mtp_s3 buffered triton vs stock verify radix-off c1,alpaca_eval-0080,110,25300,628,0.125,0.0,0.125,tie,0.22029471397399902,41,256,256,False,1,1,True
mtp_s3 buffered triton vs stock verify radix-off c1,alpaca_eval-0090,158,7751,9419,0.0,0.125,0.125,tie,0.18111634254455566,143,256,256,False,1,1,True
mtp_s3 buffered triton vs stock verify radix-off c1,alpaca_eval-0100,65,90433,45675,0.125,0.0,0.125,tie,0.13272333145141602,13,256,256,False,2,2,True
mtp_s3 buffered triton vs stock verify radix-off c1,alpaca_eval-0110,93,18995,279,0.125,0.0,0.125,tie,0.12951111793518066,88,256,256,False,1,3,True
mtp_s3 buffered triton vs stock verify radix-off c1,alpaca_eval-0130,165,6391,2064,0.125,0.0,0.125,tie,0.20150136947631836,121,256,256,False,1,1,True
mtp_s3 buffered triton vs stock verify radix-off c1,alpaca_eval-0140,234,6855,36636,0.0,0.125,0.125,tie,0.15680575370788574,167,256,256,False,2,2,True
mtp_s3 buffered triton vs stock verify radix-off c1,alpaca_eval-0150,134,1273,16629,0.0,0.125,0.125,tie,0.3236513137817383,75,256,256,False,3,4,True
mtp_s3 buffered triton vs stock verify radix-off c1,alpaca_eval-0160,195,2144,11,0.12499994039535522,0.0,0.125,tie,0.23339366912841797,156,256,256,False,0,1,True
mtp_s3 buffered triton vs stock verify radix-off c1,alpaca_eval-0170,192,557,579,0.0,0.125,0.125,tie,0.20262503623962402,169,256,256,False,1,2,True
mtp_s3 buffered triton vs stock verify radix-off c1,alpaca_eval-0180,39,26932,24065,0.125,0.0,0.125,tie,0.15413808822631836,12,256,256,False,3,1,True
mtp_s3 buffered triton vs stock verify radix-off c1,alpaca_eval-0200,144,39551,68,0.125,0.0,0.125,tie,0.240464448928833,70,256,256,False,0,2,True
mtp_s3 buffered triton vs stock verify radix-off c1,alpaca_eval-0220,7,65884,1402,0.12500005960464478,0.0,0.0625,tie,0.12066102027893066,1,256,256,False,0,2,True
mtp_s3 buffered triton vs stock verify radix-off c1,alpaca_eval-0230,220,2528,18516,0.0,0.125,0.125,tie,0.23296117782592773,0,256,256,False,2,4,True
mtp_s3 buffered triton vs stock verify radix-off c1,alpaca_eval-0240,101,10856,5975,0.125,0.0,0.125,tie,0.23436474800109863,79,256,256,False,0,2,True
mtp_s3 buffered triton vs stock verify radix-off c1,alpaca_eval-0250,103,836,279,0.125,0.0,0.125,tie,0.16381096839904785,11,256,256,False,0,2,True
mtp_s3 buffered triton vs stock verify radix-off c1,alpaca_eval-0260,78,198,271,0.0,0.125,0.125,tie,0.2406306266784668,10,256,256,False,2,3,True
mtp_s3 buffered triton vs stock verify radix-off c1,alpaca_eval-0270,11,279,2046,0.0,0.125,0.125,tie,0.14201998710632324,10,256,256,False,0,1,True
mtp_s3 buffered triton vs stock verify radix-off c1,alpaca_eval-0280,42,159029,314,0.125,0.0,0.125,tie,0.22252297401428223,9,256,256,False,1,2,True
mtp_s3 buffered triton vs stock verify radix-off c1,alpaca_eval-0290,109,3579,958,0.125,0.0,0.125,tie,0.17218947410583496,0,256,256,False,2,4,True
mtp_s3 buffered triton vs stock verify radix-off c1,alpaca_eval-0300,186,9245,4545,0.125,0.0,0.125,tie,0.23828506469726562,31,256,256,False,1,4,True
mtp_s3 buffered triton vs stock verify radix-off c1,alpaca_eval-0310,180,524,430,0.125,0.0,0.125,tie,0.24489879608154297,59,256,256,False,1,1,True
mtp_s3 buffered triton vs stock verify radix-off c1,alpaca_eval-0320,141,271,198,0.125,0.0,0.0625,tie,0.12157058715820312,100,256,256,False,2,1,True
mtp_s3 buffered triton vs stock verify radix-off c1,alpaca_eval-0330,5,303,7141,0.0,0.125,0.125,tie,0.09071612358093262,4,256,256,False,2,2,True
mtp_s3 buffered triton vs stock verify radix-off c1,alpaca_eval-0340,59,3296,1622,0.125,0.0,0.125,tie,0.15411639213562012,40,212,188,False,0,2,True
mtp_s3 buffered triton vs stock verify radix-off c1,alpaca_eval-0350,195,1318,1040,0.125,0.0,0.125,tie,0.23899555206298828,0,256,256,False,0,1,True
mtp_s3 buffered triton vs stock verify radix-off c1,alpaca_eval-0360,177,594,92217,0.0,0.125,0.125,tie,0.24060893058776855,157,256,256,False,1,3,True
mtp_s3 buffered triton vs stock verify radix-off c1,alpaca_eval-0380,146,12001,44739,0.0,0.125,0.125,tie,0.2344496250152588,133,256,256,False,3,4,True
mtp_s3 buffered triton vs stock verify radix-off c1,alpaca_eval-0390,5,198,220,0.0,0.125,0.125,tie,0.04686093330383301,3,256,256,False,0,1,True
mtp_s3 buffered triton vs stock verify radix-off c1,alpaca_eval-0400,7,2972,1510,0.125,0.0,0.125,tie,0.11409521102905273,0,256,256,False,1,3,True
mtp_s3 buffered triton vs stock verify radix-off c1,alpaca_eval-0410,74,357,20656,0.0,0.125,0.125,tie,0.22065043449401855,31,256,256,False,2,3,True
mtp_s3 buffered triton vs stock verify radix-off c1,alpaca_eval-0420,21,29667,34404,0.0,0.125,0.125,tie,0.2453165054321289,19,220,202,False,0,2,True
mtp_s3 buffered triton vs stock verify radix-off c1,alpaca_eval-0430,111,4097,220,0.125,0.0,0.125,tie,0.24001622200012207,85,256,256,False,0,4,True
mtp_s3 buffered triton vs stock verify radix-off c1,alpaca_eval-0440,72,1970,13,0.125,0.0,0.125,tie,0.1225438117980957,0,256,256,False,2,2,True
mtp_s3 buffered triton vs stock verify radix-off c1,alpaca_eval-0450,19,1732,4370,0.0,0.125,0.125,tie,0.1772170066833496,17,256,256,False,1,1,True
mtp_s3 buffered triton vs stock verify radix-off c1,alpaca_eval-0460,21,466,318,0.125,0.0,0.125,tie,0.19663143157958984,11,256,256,False,3,2,True
mtp_s3 buffered triton vs stock verify radix-off c1,alpaca_eval-0480,143,169286,9,0.125,0.0,0.125,tie,0.20462989807128906,67,256,256,False,3,3,True
mtp_s3 buffered triton vs stock verify radix-off c1,alpaca_eval-0490,130,58655,6163,0.125,0.0,0.125,tie,0.18584990501403809,25,256,256,False,0,4,True
mtp_s3 buffered triton vs stock verify radix-off c1,alpaca_eval-0500,36,21397,56679,0.0,0.125,0.125,tie,0.12723493576049805,25,256,256,False,1,4,True
mtp_s3 buffered triton vs stock verify radix-off c1,alpaca_eval-0510,17,12103,10813,0.125,0.0,0.125,tie,0.22594070434570312,14,217,161,False,1,1,True
mtp_s3 buffered triton vs stock verify radix-off c1,alpaca_eval-0520,104,4855,14815,0.1875,0.0625,0.0625,near,0.1506519317626953,80,256,256,False,0,2,True
mtp_s3 buffered triton vs stock verify radix-off c1,alpaca_eval-0530,56,2018,21568,0.0,0.125,0.125,tie,0.12004804611206055,0,256,256,False,2,4,True
mtp_s3 buffered triton vs stock verify radix-off c1,alpaca_eval-0550,237,12220,5927,0.125,0.0,0.125,tie,0.23619937896728516,70,256,256,False,3,2,True
mtp_s3 buffered triton vs stock verify radix-off c1,alpaca_eval-0570,103,41858,1248,0.12500005960464478,0.0,0.125,tie,0.1338655948638916,101,256,256,False,1,1,True
mtp_s3 buffered triton vs stock verify radix-off c1,cnn_dailymail-0000,85,449,264,0.125,0.0,0.125,tie,0.21565008163452148,66,107,112,False,0,2,True
mtp_s3 buffered triton vs stock verify radix-off c1,cnn_dailymail-0001,34,11,13,0.0,0.125,0.125,tie,0.2011566162109375,31,120,105,False,1,4,True
mtp_s3 buffered triton vs stock verify radix-off c1,cnn_dailymail-0002,150,30284,2599,0.125,0.0,0.125,tie,0.22808218002319336,141,256,256,False,2,4,True
mtp_s3 buffered triton vs stock verify radix-off c1,cnn_dailymail-0003,43,4097,7106,0.0,0.125,0.125,tie,0.1926867961883545,14,102,108,False,2,2,True
mtp_s3 buffered triton vs stock verify radix-off c1,cnn_dailymail-0005,49,7524,18659,0.0,0.125,0.125,tie,0.20227527618408203,42,256,256,False,3,3,True
mtp_s3 buffered triton vs stock verify radix-off c1,cnn_dailymail-0006,28,1040,494,0.125,0.0,0.125,tie,0.12275028228759766,12,114,123,False,1,2,True
mtp_s3 buffered triton vs stock verify radix-off c1,cnn_dailymail-0009,5,310,430,0.0,0.125,0.125,tie,0.18451189994812012,0,84,100,False,0,1,True
mtp_s3 buffered triton vs stock verify radix-off c1,cnn_dailymail-0013,34,76057,9290,0.125,0.125,0.125,one_ulp,0.1568591594696045,0,106,100,False,2,2,True
mtp_s3 buffered triton vs stock verify radix-off c1,cnn_dailymail-0014,230,3376,13,0.125,0.0,0.125,tie,0.21698415279388428,85,256,256,False,2,2,True
mtp_s3 buffered triton vs stock verify radix-off c1,cnn_dailymail-0016,104,16545,293,0.125,0.0,0.125,tie,0.23520231246948242,37,126,125,False,2,4,True
mtp_s3 buffered triton vs stock verify radix-off c1,cnn_dailymail-0017,68,1027,279,0.125,0.0,0.125,tie,0.17114663124084473,64,256,256,False,1,2,True
mtp_s3 buffered triton vs stock verify radix-off c1,cnn_dailymail-0020,46,3543,4400,0.0,0.125,0.125,tie,0.22197413444519043,33,256,256,False,0,1,True
mtp_s3 buffered triton vs stock verify radix-off c1,cnn_dailymail-0021,51,2583,1680,0.125,0.0,0.125,tie,0.22818684577941895,14,124,155,False,0,3,True
mtp_s3 buffered triton vs stock verify radix-off c1,cnn_dailymail-0022,81,4171,44164,0.0,0.125,0.125,tie,0.19037818908691406,13,116,111,False,1,1,True
mtp_s3 buffered triton vs stock verify radix-off c1,cnn_dailymail-0023,161,11,310,0.0,0.125,0.125,tie,0.2095322608947754,131,256,256,False,1,4,True
mtp_s3 buffered triton vs stock verify radix-off c1,cnn_dailymail-0024,22,5732,2785,0.125,0.0,0.125,tie,0.12397146224975586,0,110,117,False,0,2,True
mtp_s3 buffered triton vs stock verify radix-off c1,cnn_dailymail-0025,86,18966,7309,0.125,0.0,0.125,tie,0.24168658256530762,42,116,109,False,1,1,True
mtp_s3 buffered triton vs stock verify radix-off c1,cnn_dailymail-0026,226,48401,45482,0.125,0.0,0.125,tie,0.1359013319015503,72,256,256,False,0,4,True
mtp_s3 buffered triton vs stock verify radix-off c1,cnn_dailymail-0027,20,381,3512,0.0,0.125,0.125,tie,0.12225627899169922,15,96,110,False,1,2,True
mtp_s3 buffered triton vs stock verify radix-off c1,cnn_dailymail-0028,54,328,43001,0.0,0.125,0.125,tie,0.23077964782714844,19,111,114,False,2,4,True
mtp_s3 buffered triton vs stock verify radix-off c1,cnn_dailymail-0029,42,9926,25,0.125,0.0,0.125,tie,0.12160086631774902,41,256,256,False,0,4,True
mtp_s3 buffered triton vs stock verify radix-off c1,cnn_dailymail-0030,65,5307,16894,0.0,0.125,0.125,tie,0.23229575157165527,1,92,92,False,3,1,True
mtp_s3 buffered triton vs stock verify radix-off c1,cnn_dailymail-0031,98,19264,50359,0.0,0.25,0.125,tie,0.24146175384521484,15,128,130,False,1,1,True
mtp_s3 buffered triton vs stock verify radix-off c1,cnn_dailymail-0032,153,22525,75532,0.0,0.24999994039535522,0.125,tie,0.22834300994873047,57,256,256,False,2,4,True
mtp_s3 buffered triton vs stock verify radix-off c1,cnn_dailymail-0033,25,18816,23059,0.1875,0.125,0.0625,near,0.39644408226013184,24,95,90,False,0,2,True
mtp_s3 buffered triton vs stock verify radix-off c1,cnn_dailymail-0034,12,11,411,0.0,0.125,0.125,tie,0.1221001148223877,4,113,100,False,3,4,True
mtp_s3 buffered triton vs stock verify radix-off c1,cnn_dailymail-0035,189,38284,11,0.125,0.0,0.125,tie,0.2444624900817871,113,256,256,False,3,2,True
mtp_s3 buffered triton vs stock verify radix-off c1,cnn_dailymail-0036,8,15784,11,0.125,0.0,0.125,tie,0.19925546646118164,5,105,108,False,0,2,True
mtp_s3 buffered triton vs stock verify radix-off c1,cnn_dailymail-0037,109,381,27247,0.0,0.125,0.125,tie,0.2185220718383789,78,117,120,False,3,4,True
mtp_s3 buffered triton vs stock verify radix-off c1,cnn_dailymail-0038,254,279,1254,0.0,0.125,0.125,tie,0.22933340072631836,33,256,256,False,0,4,True
mtp_s3 buffered triton vs stock verify radix-off c1,cnn_dailymail-0039,53,310,303,0.125,0.0,0.125,tie,0.12210655212402344,17,152,151,False,2,4,True
mtp_s3 buffered triton vs stock verify radix-off c1,gsm8k-0002,228,3889,348,0.12499994039535522,0.0,0.125,tie,0.23712968826293945,53,256,256,False,1,4,True
mtp_s3 buffered triton vs stock verify radix-off c1,gsm8k-0003,164,19434,332,0.125,0.0,0.125,tie,0.2310185432434082,107,170,170,False,2,4,True
mtp_s3 buffered triton vs stock verify radix-off c1,gsm8k-0004,39,2972,220,0.125,0.0,0.125,tie,0.22934198379516602,25,256,256,False,0,4,True
mtp_s3 buffered triton vs stock verify radix-off c1,gsm8k-0007,7,310,364,0.0,0.125,0.125,tie,0.11605048179626465,2,256,256,False,2,4,True
mtp_s3 buffered triton vs stock verify radix-off c1,gsm8k-0008,68,13362,3491,0.125,0.0,0.125,tie,0.13431787490844727,59,256,256,False,0,1,True
mtp_s3 buffered triton vs stock verify radix-off c1,gsm8k-0009,146,458,27858,0.0,0.125,0.125,tie,0.16975092887878418,45,256,256,False,0,4,True
mtp_s3 buffered triton vs stock verify radix-off c1,gsm8k-0010,151,9,16,0.0,0.125,0.125,tie,0.17163825035095215,49,256,256,False,2,4,True
mtp_s3 buffered triton vs stock verify radix-off c1,gsm8k-0012,81,1754,303,0.125,0.0,0.125,tie,0.34417271614074707,67,256,256,False,0,1,True
mtp_s3 buffered triton vs stock verify radix-off c1,gsm8k-0013,242,1142,1292,0.0,0.125,0.125,tie,0.23479747772216797,212,256,256,False,2,4,True
mtp_s3 buffered triton vs stock verify radix-off c1,gsm8k-0015,60,37538,18326,0.125,0.125,0.125,one_ulp,0.40196728706359863,15,256,256,False,3,4,True
mtp_s3 buffered triton vs stock verify radix-off c1,gsm8k-0020,33,4346,64494,0.0,0.125,0.125,tie,0.12229204177856445,2,256,256,False,3,3,True
mtp_s3 buffered triton vs stock verify radix-off c1,gsm8k-0028,56,393,2972,0.0,0.125,0.125,tie,0.12263345718383789,36,256,249,False,3,2,True
mtp_s3 buffered triton vs stock verify radix-off c1,gsm8k-0029,73,24435,1330,0.125,0.0,0.125,tie,0.13666391372680664,47,256,256,False,1,4,True
mtp_s3 buffered triton vs stock verify radix-off c1,gsm8k-0032,79,791,7157,0.0,0.125,0.125,tie,0.12868642807006836,74,256,256,False,1,3,True
mtp_s3 buffered triton vs stock verify radix-off c1,gsm8k-0035,139,303,318,0.0,0.125,0.125,tie,0.23945188522338867,86,256,256,False,0,1,True
mtp_s3 buffered triton vs stock verify radix-off c1,gsm8k-0036,173,6829,314,0.12499994039535522,0.0,0.125,tie,0.22031784057617188,84,242,239,False,1,4,True
mtp_s3 buffered triton vs stock verify radix-off c1,gsm8k-0037,12,332,13962,0.0,0.125,0.125,tie,0.0015547862276434898,6,256,256,False,3,4,True
mtp_s3 buffered triton vs stock verify radix-off c1,gsm8k-0040,43,9,13682,0.0,0.125,0.125,tie,0.17560410499572754,8,208,221,False,3,4,True
mtp_s3 buffered triton vs stock verify radix-off c1,gsm8k-0051,12,29694,8105,0.125,0.0,0.125,tie,0.22194981575012207,1,256,256,False,3,4,True
mtp_s3 buffered triton vs stock verify radix-off c1,gsm8k-0052,114,421,4221,0.0,0.125,0.125,tie,0.1589984893798828,73,256,256,False,2,4,True
mtp_s3 buffered triton vs stock verify radix-off c1,gsm8k-0056,99,27382,35,0.125,0.125,0.125,one_ulp,0.24532270431518555,57,256,256,False,1,4,True
mtp_s3 buffered triton vs stock verify radix-off c1,gsm8k-0058,45,20100,12079,0.125,0.0,0.125,tie,0.12272334098815918,30,256,256,False,0,4,True
mtp_s3 buffered triton vs stock verify radix-off c1,gsm8k-0061,16,2250,836,0.125,0.0,0.125,tie,0.12095355987548828,1,256,248,False,1,4,True
mtp_s3 buffered triton vs stock verify radix-off c1,gsm8k-0062,124,3202,393,0.125,0.0,0.125,tie,0.22545814514160156,93,256,256,False,0,4,True
mtp_s3 buffered triton vs stock verify radix-off c1,gsm8k-0065,190,5122,17239,0.0,0.125,0.125,tie,0.333298921585083,65,256,256,False,1,4,True
mtp_s3 buffered triton vs stock verify radix-off c1,gsm8k-0066,22,279,23208,0.0,0.125,0.125,tie,0.16012072563171387,13,256,256,False,0,4,True
mtp_s3 buffered triton vs stock verify radix-off c1,gsm8k-0067,17,25,13,0.125,0.0,0.125,tie,0.1222846508026123,6,256,256,False,0,4,True
mtp_s3 buffered triton vs stock verify radix-off c1,gsm8k-0068,31,279,4007,0.0,0.125,0.125,tie,0.11366748809814453,25,256,256,False,0,2,True
mtp_s3 buffered triton vs stock verify radix-off c1,gsm8k-0073,129,3240,3714,0.0,0.125,0.125,tie,0.2237410545349121,30,256,256,False,1,3,True
mtp_s3 buffered triton vs stock verify radix-off c1,gsm8k-0074,111,7336,4625,0.125,0.0,0.125,tie,0.1596240997314453,107,256,256,False,1,2,True
mtp_s3 buffered triton vs stock verify radix-off c1,gsm8k-0076,53,9,13682,0.0,0.125,0.125,tie,0.12277889251708984,46,256,256,False,0,4,True
mtp_s3 buffered triton vs stock verify radix-off c1,humaneval-0002,22,4483,17068,0.0,0.125,0.125,tie,0.1223752498626709,0,256,256,False,1,1,True
mtp_s3 buffered triton vs stock verify radix-off c1,humaneval-0005,197,1726,1031,0.125,0.0,0.125,tie,0.23891592025756836,6,256,256,False,0,4,True
mtp_s3 buffered triton vs stock verify radix-off c1,humaneval-0010,135,364,653,0.0,0.125,0.125,tie,0.1452193260192871,118,180,190,False,0,4,True
mtp_s3 buffered triton vs stock verify radix-off c1,humaneval-0011,26,2381,55,0.125,0.0,0.125,tie,0.21186327934265137,10,256,256,False,3,4,True
mtp_s3 buffered triton vs stock verify radix-off c1,humaneval-0014,18,264,3010,0.125,0.125,0.125,one_ulp,0.21128487586975098,1,256,256,False,2,4,True
mtp_s3 buffered triton vs stock verify radix-off c1,humaneval-0017,80,1083,539,0.125,0.0,0.125,tie,0.1916186809539795,0,256,256,False,1,2,True
mtp_s3 buffered triton vs stock verify radix-off c1,humaneval-0020,54,28662,9150,0.125,0.0,0.125,tie,0.12154984474182129,8,256,256,False,3,4,True
mtp_s3 buffered triton vs stock verify radix-off c1,humaneval-0021,200,2334,87,0.125,0.0,0.125,tie,0.4813191890716553,0,221,221,False,0,3,True
mtp_s3 buffered triton vs stock verify radix-off c1,humaneval-0026,52,279,1204,0.0,0.125,0.125,tie,0.24349427223205566,13,256,256,False,1,4,True
mtp_s3 buffered triton vs stock verify radix-off c1,humaneval-0028,0,71093,727,0.375,0.0,0.25,tie,0.0,,70,60,False,0,,True
mtp_s3 buffered triton vs stock verify radix-off c1,humaneval-0031,2,198,1358,0.0,0.125,0.125,tie,0.08979141712188721,0,213,213,False,1,1,True
mtp_s3 buffered triton vs stock verify radix-off c1,humaneval-0036,2,1358,198,0.125,0.0,0.125,tie,0.0005714893341064453,0,139,139,False,1,1,True
mtp_s3 buffered triton vs stock verify radix-off c1,humaneval-0038,26,579,728,0.0,0.125,0.125,tie,0.17222321033477783,17,256,256,False,0,4,True
mtp_s3 buffered triton vs stock verify radix-off c1,humaneval-0039,0,727,71093,0.125,0.125,0.125,one_ulp,0.0,,253,253,False,0,,True
mtp_s3 buffered triton vs stock verify radix-off c1,humaneval-0041,102,1440,1459,0.0,0.125,0.125,tie,0.24408864974975586,5,256,256,False,0,1,True
mtp_s3 buffered triton vs stock verify radix-off c1,humaneval-0047,13,561,271,0.125,0.0,0.125,tie,0.12002944946289062,8,256,256,False,2,2,True
mtp_s3 buffered triton vs stock verify radix-off c1,humaneval-0052,0,71093,727,0.125,0.0,0.125,tie,0.0,,100,95,False,0,,True
mtp_s3 buffered triton vs stock verify radix-off c1,humaneval-0054,2,198,1358,0.0,0.125,0.125,tie,4.178285598754883e-05,0,161,161,False,1,1,True
mtp_s3 buffered triton vs stock verify radix-off c1,humaneval-0056,210,748,4523,0.0,0.125,0.125,tie,0.2394399642944336,102,256,256,False,0,1,True
mtp_s3 buffered triton vs stock verify radix-off c1,humaneval-0059,43,430,18253,0.0,0.125,0.125,tie,0.2382948398590088,27,256,256,False,1,3,True
mtp_s3 buffered triton vs stock verify radix-off c1,mt_bench-0000,3,303,11,0.0625,0.0,0.0625,tie,0.05269813537597656,1,256,256,False,1,1,True
mtp_s3 buffered triton vs stock verify radix-off c1,mt_bench-0001,127,1040,10386,0.0,0.125,0.125,tie,0.23079705238342285,113,153,153,False,2,2,True
mtp_s3 buffered triton vs stock verify radix-off c1,mt_bench-0002,180,198,10166,0.0,0.125,0.125,tie,0.36850786209106445,17,256,256,False,2,2,True
mtp_s3 buffered triton vs stock verify radix-off c1,mt_bench-0003,30,4929,6379,0.0,0.125,0.125,tie,0.1555471420288086,5,256,256,False,1,3,True
mtp_s3 buffered triton vs stock verify radix-off c1,mt_bench-0004,11,23772,264,0.125,0.0,0.125,tie,0.20391106605529785,10,224,243,False,2,3,True
mtp_s3 buffered triton vs stock verify radix-off c1,mt_bench-0005,97,37728,33367,0.0625,0.0,0.0625,tie,0.16965055465698242,29,256,256,False,2,4,True
mtp_s3 buffered triton vs stock verify radix-off c1,mt_bench-0006,33,1040,80592,0.0,0.125,0.0625,tie,0.11733579635620117,31,256,256,False,0,1,True
mtp_s3 buffered triton vs stock verify radix-off c1,mt_bench-0007,10,264,279,0.0,0.125,0.125,tie,0.13447904586791992,9,174,156,False,1,3,True
mtp_s3 buffered triton vs stock verify radix-off c1,mt_bench-0009,141,579,557,0.125,0.0,0.125,tie,0.3362600803375244,92,256,256,False,0,3,True
mtp_s3 buffered triton vs stock verify radix-off c1,mt_bench-0010,33,1132,1459,0.0,0.125,0.125,tie,0.23348522186279297,15,256,215,False,1,4,True
mtp_s3 buffered triton vs stock verify radix-off c1,mt_bench-0011,147,64,435,0.0,0.125,0.0625,tie,0.21364855766296387,51,256,256,False,3,3,True
mtp_s3 buffered triton vs stock verify radix-off c1,mt_bench-0012,32,18324,54081,0.0,0.125,0.125,tie,0.22441816329956055,31,256,256,False,3,4,True
mtp_s3 buffered triton vs stock verify radix-off c1,mt_bench-0013,82,8396,279,0.125,0.0,0.125,tie,0.20870041847229004,44,256,256,False,1,1,True
mtp_s3 buffered triton vs stock verify radix-off c1,mt_bench-0014,160,579,11,0.125,0.125,0.125,one_ulp,0.31107282638549805,80,256,256,False,3,3,True
mtp_s3 buffered triton vs stock verify radix-off c1,mt_bench-0015,43,4087,2534,0.125,0.0,0.125,tie,0.24457812309265137,6,256,256,False,0,2,True
mtp_s3 buffered triton vs stock verify radix-off c1,mt_bench-0017,69,44145,5304,0.125,0.0,0.125,tie,0.19353747367858887,65,256,256,False,0,2,True
mtp_s3 buffered triton vs stock verify radix-off c1,mt_bench-0023,136,1987,1368,0.125,0.0,0.125,tie,0.242234468460083,18,256,256,False,0,4,True
mtp_s3 buffered triton vs stock verify radix-off c1,mt_bench-0024,151,23,17,0.375,0.0,0.125,tie,0.22428083419799805,30,256,256,False,2,4,True
mtp_s3 buffered triton vs stock verify radix-off c1,mt_bench-0025,80,48554,40582,0.125,0.0,0.125,tie,0.14321112632751465,0,256,256,False,0,4,True
mtp_s3 buffered triton vs stock verify radix-off c1,mt_bench-0026,74,198,13,0.125,0.0,0.125,tie,0.2381141185760498,13,256,256,False,1,1,True
mtp_s3 buffered triton vs stock verify radix-off c1,mt_bench-0028,211,383,310,0.125,0.0,0.125,tie,0.22761821746826172,169,256,256,False,3,4,True
mtp_s3 buffered triton vs stock verify radix-off c1,mt_bench-0029,20,56679,5952,0.125,0.0,0.125,tie,0.07961928844451904,0,256,256,False,3,4,True
mtp_s3 buffered triton vs stock verify radix-off c1,mt_bench-0032,137,27382,34167,0.0,0.125,0.125,tie,0.16590309143066406,46,256,256,False,0,4,True
mtp_s3 buffered triton vs stock verify radix-off c1,mt_bench-0033,236,9,12,0.0,0.12499994039535522,0.125,tie,0.22214555740356445,233,256,256,False,1,4,True
mtp_s3 buffered triton vs stock verify radix-off c1,mt_bench-0035,97,35195,279,0.125,0.0,0.125,tie,0.12155771255493164,28,256,256,False,2,3,True
mtp_s3 buffered triton vs stock verify radix-off c1,mt_bench-0037,238,9077,72364,0.0,0.125,0.125,tie,0.24041390419006348,164,256,256,False,3,4,True
mtp_s3 buffered triton vs stock verify radix-off c1,mt_bench-0038,95,46270,45382,0.125,0.0,0.125,tie,0.16592955589294434,52,256,256,False,1,4,True
mtp_s3 buffered triton vs stock verify radix-off c1,mt_bench-0042,153,19,15,0.125,0.0,0.125,tie,0.123046875,5,256,256,False,0,4,True
mtp_s3 buffered triton vs stock verify radix-off c1,mt_bench-0043,32,14261,1510,0.125,0.0,0.125,tie,0.2392864227294922,7,177,195,False,0,4,True
mtp_s3 buffered triton vs stock verify radix-off c1,mt_bench-0044,88,1719,10957,0.0,0.125,0.125,tie,0.22463202476501465,86,256,256,False,0,3,True
mtp_s3 buffered triton vs stock verify radix-off c1,mt_bench-0045,67,8882,10539,0.0,0.25,0.25,tie,0.2050034999847412,24,256,256,False,2,4,True
mtp_s3 buffered triton vs stock verify radix-off c1,mt_bench-0047,40,1,7620,0.0,0.125,0.0625,tie,0.12238669395446777,10,256,256,False,1,1,True
mtp_s3 buffered triton vs stock verify radix-off c1,mt_bench-0048,49,580,488,0.125,0.0,0.125,tie,0.2394123077392578,14,256,256,False,0,2,True
mtp_s3 buffered triton vs stock verify radix-off c1,mt_bench-0049,0,36948,1206,0.12499994039535522,0.0,0.125,tie,0.0,,256,256,False,0,,True
mtp_s3 buffered triton vs stock verify radix-off c1,mt_bench-0053,33,795,1103,0.0,0.125,0.125,tie,0.11788010597229004,22,256,256,False,1,1,True
mtp_s3 buffered triton vs stock verify radix-off c1,mt_bench-0059,84,2791,42794,0.0,0.125,0.125,tie,0.13013362884521484,20,256,256,False,0,4,True
mtp_s3 buffered triton vs stock verify radix-off c1,mt_bench-0060,78,506,318,0.125,0.0,0.125,tie,0.3031728267669678,1,256,256,False,1,1,True
mtp_s3 buffered triton vs stock verify radix-off c1,mt_bench-0063,57,314,33448,0.0,0.125,0.125,tie,0.17568719387054443,38,256,256,False,0,2,True
mtp_s3 buffered triton vs stock verify radix-off c1,mt_bench-0067,51,13,1817,0.0,0.125,0.125,tie,0.23093891143798828,29,256,256,False,0,2,True
mtp_s3 buffered triton vs stock verify radix-off c1,mt_bench-0068,153,478,283,0.125,0.0,0.125,tie,0.16969835758209229,17,256,256,False,1,4,True
mtp_s3 buffered triton vs stock verify radix-off c1,mt_bench-0069,47,421,364,0.125,0.0,0.125,tie,0.17297601699829102,28,256,256,False,0,4,True
mtp_s3 buffered triton vs stock verify radix-off c1,mt_bench-0071,34,2950,28604,0.125,0.125,0.125,one_ulp,0.12123942375183105,10,256,256,False,0,4,True
mtp_s3 buffered triton vs stock verify radix-off c1,mt_bench-0072,15,11587,5190,0.125,0.0,0.125,tie,0.21949505805969238,11,256,256,False,3,4,True
mtp_s3 buffered triton vs stock verify radix-off c1,mt_bench-0073,129,5839,5081,0.125,0.0,0.125,tie,0.23910045623779297,122,256,256,False,3,4,True
mtp_s3 buffered triton vs stock verify radix-off c1,mt_bench-0074,131,10852,40,0.125,0.0,0.125,tie,0.22629022598266602,123,256,256,False,3,4,True
mtp_s3 buffered triton vs stock verify radix-off c1,mt_bench-0075,17,369,318,0.25,0.0,0.125,tie,0.12224745750427246,1,256,256,False,0,4,True
mtp_s3 buffered triton vs stock verify radix-off c1,mt_bench-0076,131,369,32530,0.0,0.125,0.125,tie,0.23868274688720703,69,256,256,False,1,1,True
mtp_s3 buffered triton vs stock verify radix-off c1,mt_bench-0077,112,557,1467,0.0,0.125,0.125,tie,0.1269838809967041,96,256,256,False,1,4,True
mtp_s3 buffered triton vs stock verify radix-off c1,mt_bench-0078,17,5788,25215,0.0,0.125,0.125,tie,0.22162151336669922,4,256,256,False,1,4,True
mtp_s3 buffered triton vs stock verify radix-off c1,mt_bench-0079,131,364,1472,0.0,0.125,0.125,tie,0.16372442245483398,15,256,256,False,2,1,True
dflash b16 stock radix-off vs plain c1,alpaca_eval-0000,73,56276,10345,0.125,0.0,0.125,tie,0.24398446083068848,8,256,256,False,1,3,True
dflash b16 stock radix-off vs plain c1,alpaca_eval-0010,29,44280,975,0.125,0.0,0.125,tie,0.1531541347503662,14,256,256,False,0,1,True
dflash b16 stock radix-off vs plain c1,alpaca_eval-0020,156,1441,424,0.125,0.0,0.125,tie,0.19452500343322754,129,256,256,False,1,3,True
dflash b16 stock radix-off vs plain c1,alpaca_eval-0030,155,30835,15166,0.125,0.0,0.0625,tie,0.20427584648132324,110,256,256,False,0,7,True
dflash b16 stock radix-off vs plain c1,alpaca_eval-0040,8,3046,1484,0.125,0.0,0.125,tie,0.12182235717773438,3,256,256,False,2,2,True
dflash b16 stock radix-off vs plain c1,alpaca_eval-0060,190,6237,2197,0.125,0.0,0.125,tie,0.242875337600708,94,256,256,False,3,2,True
dflash b16 stock radix-off vs plain c1,alpaca_eval-0070,85,799,11247,0.0,0.125,0.125,tie,0.13454866409301758,84,95,95,False,13,15,True
dflash b16 stock radix-off vs plain c1,alpaca_eval-0080,76,15214,50209,0.0,0.12499994039535522,0.125,tie,0.1628124713897705,58,256,256,False,1,2,True
dflash b16 stock radix-off vs plain c1,alpaca_eval-0100,51,10919,264,0.125,0.0,0.125,tie,0.13544487953186035,39,256,256,False,1,3,True
dflash b16 stock radix-off vs plain c1,alpaca_eval-0110,153,5138,8545,0.0,0.125,0.125,tie,0.23464488983154297,103,256,256,False,3,3,True
dflash b16 stock radix-off vs plain c1,alpaca_eval-0120,70,2895,3364,0.0,0.125,0.125,tie,0.19840478897094727,49,156,149,False,2,1,True
dflash b16 stock radix-off vs plain c1,alpaca_eval-0130,38,1876,39107,0.0,0.125,0.0625,tie,0.16526579856872559,30,256,256,False,2,1,True
dflash b16 stock radix-off vs plain c1,alpaca_eval-0150,120,11,25,0.0,0.125,0.125,tie,0.19124841690063477,119,256,256,False,3,1,True
dflash b16 stock radix-off vs plain c1,alpaca_eval-0160,33,13,421,0.0,0.125,0.125,tie,0.11756110191345215,26,256,256,False,0,1,True
dflash b16 stock radix-off vs plain c1,alpaca_eval-0170,192,557,579,0.0,0.125,0.125,tie,0.17066693305969238,55,256,256,False,1,2,True
dflash b16 stock radix-off vs plain c1,alpaca_eval-0180,39,26932,24065,0.125,0.0,0.125,tie,0.15450406074523926,13,256,256,False,3,3,True
dflash b16 stock radix-off vs plain c1,alpaca_eval-0200,144,68,39551,0.0,0.125,0.125,tie,0.2186591625213623,78,256,256,False,0,1,True
dflash b16 stock radix-off vs plain c1,alpaca_eval-0210,20,321,4016,0.0,0.125,0.125,tie,0.1211400032043457,14,256,256,False,5,1,True
dflash b16 stock radix-off vs plain c1,alpaca_eval-0220,7,1402,65884,0.0,0.12499994039535522,0.125,tie,0.12562203407287598,1,256,256,False,0,1,True
dflash b16 stock radix-off vs plain c1,alpaca_eval-0230,190,23373,12298,0.125,0.0,0.125,tie,0.16286754608154297,164,256,256,False,0,3,True
dflash b16 stock radix-off vs plain c1,alpaca_eval-0250,71,5214,48559,0.0,0.125,0.125,tie,0.15218162536621094,4,256,256,False,0,1,True
dflash b16 stock radix-off vs plain c1,alpaca_eval-0260,78,198,271,0.0,0.125,0.125,tie,0.23539042472839355,29,256,256,False,2,1,True
dflash b16 stock radix-off vs plain c1,alpaca_eval-0270,248,974,6316,0.0,0.125,0.125,tie,0.22989344596862793,192,256,256,False,2,3,True
dflash b16 stock radix-off vs plain c1,alpaca_eval-0280,90,328,6286,0.0,0.125,0.125,tie,0.23906850814819336,49,256,256,False,0,1,True
dflash b16 stock radix-off vs plain c1,alpaca_eval-0290,109,958,3579,0.0,0.125,0.125,tie,0.1892411708831787,46,256,256,False,6,8,True
dflash b16 stock radix-off vs plain c1,alpaca_eval-0300,5,16866,638,0.125,0.0,0.125,tie,5.10007084812969e-05,4,256,256,False,4,1,True
dflash b16 stock radix-off vs plain c1,alpaca_eval-0330,10,13759,2534,0.125,0.0,0.125,tie,0.11185240745544434,7,256,256,False,1,1,True
dflash b16 stock radix-off vs plain c1,alpaca_eval-0340,150,1459,2688,0.0,0.25,0.125,tie,0.23940777778625488,127,188,191,False,2,3,True
dflash b16 stock radix-off vs plain c1,alpaca_eval-0350,195,1318,1040,0.125,0.0,0.125,tie,0.23247766494750977,77,256,256,False,0,3,True
dflash b16 stock radix-off vs plain c1,alpaca_eval-0360,32,2614,1017,0.125,0.0,0.125,tie,0.12870240211486816,22,256,256,False,5,1,True
dflash b16 stock radix-off vs plain c1,alpaca_eval-0380,146,12001,44739,0.0,0.125,0.125,tie,0.13341617584228516,68,256,256,False,10,7,True
dflash b16 stock radix-off vs plain c1,alpaca_eval-0390,3,10,220,0.0,0.0625,0.0625,tie,6.246566772460938e-05,1,256,256,False,2,1,True
dflash b16 stock radix-off vs plain c1,alpaca_eval-0400,7,1510,2972,0.0,0.125,0.125,tie,0.10922884941101074,5,256,256,False,1,5,True
dflash b16 stock radix-off vs plain c1,alpaca_eval-0410,76,23853,3136,0.125,0.0,0.125,tie,0.24059748649597168,39,256,256,False,1,2,True
dflash b16 stock radix-off vs plain c1,alpaca_eval-0420,33,3611,5629,0.0,0.125,0.125,tie,0.18798446655273438,9,202,256,False,2,2,True
dflash b16 stock radix-off vs plain c1,alpaca_eval-0430,179,3520,12482,0.0,0.125,0.125,tie,0.3240234851837158,47,256,256,False,2,3,True
dflash b16 stock radix-off vs plain c1,alpaca_eval-0440,162,5190,5471,0.0,0.125,0.125,tie,0.24559545516967773,101,256,256,False,1,5,True
dflash b16 stock radix-off vs plain c1,alpaca_eval-0450,231,3376,321,0.12500005960464478,0.0,0.125,tie,0.24422597885131836,104,256,256,False,2,2,True
dflash b16 stock radix-off vs plain c1,alpaca_eval-0460,21,318,466,0.0,0.125,0.125,tie,0.23914837837219238,5,256,256,False,3,1,True
dflash b16 stock radix-off vs plain c1,alpaca_eval-0480,107,1879,7497,0.0,0.125,0.125,tie,0.16438651084899902,13,256,256,False,1,2,True
dflash b16 stock radix-off vs plain c1,alpaca_eval-0490,103,5129,1496,0.125,0.0,0.125,tie,0.1733098030090332,51,256,256,False,0,3,True
dflash b16 stock radix-off vs plain c1,alpaca_eval-0500,74,1433,7276,0.0,0.125,0.125,tie,0.17596113681793213,21,256,256,False,0,6,True
dflash b16 stock radix-off vs plain c1,alpaca_eval-0510,115,33,47,0.0,0.125,0.125,tie,0.2358536720275879,98,167,164,False,8,4,True
dflash b16 stock radix-off vs plain c1,alpaca_eval-0520,125,760,88433,0.0,0.0625,0.0625,tie,0.2108529806137085,64,256,256,False,7,3,True
dflash b16 stock radix-off vs plain c1,alpaca_eval-0530,154,30096,321,0.25,0.0,0.125,tie,0.22685742378234863,99,256,256,False,0,3,True
dflash b16 stock radix-off vs plain c1,alpaca_eval-0550,92,5474,3037,0.125,0.0,0.125,tie,0.16082048416137695,85,256,256,False,1,2,True
dflash b16 stock radix-off vs plain c1,alpaca_eval-0570,1,3766,4400,0.0,0.125,0.125,tie,0.12006163597106934,0,256,256,False,0,1,True
dflash b16 stock radix-off vs plain c1,alpaca_eval-0580,96,321,10340,0.0,0.125,0.125,tie,0.20540857315063477,79,256,256,False,3,1,True
dflash b16 stock radix-off vs plain c1,cnn_dailymail-0001,34,11,13,0.0,0.125,0.125,tie,0.2328348159790039,0,125,105,False,2,6,True
dflash b16 stock radix-off vs plain c1,cnn_dailymail-0002,150,2599,30284,0.0,0.125,0.125,tie,0.2064986228942871,92,256,256,False,8,3,True
dflash b16 stock radix-off vs plain c1,cnn_dailymail-0006,82,13211,65844,0.0,0.125,0.125,tie,0.1912367343902588,19,115,114,False,0,3,True
dflash b16 stock radix-off vs plain c1,cnn_dailymail-0009,39,5879,31511,0.0,0.125,0.125,tie,0.22362089157104492,15,80,84,False,1,2,True
dflash b16 stock radix-off vs plain c1,cnn_dailymail-0013,0,85695,33297,0.125,0.125,0.125,one_ulp,0.0,,121,106,False,0,,True
dflash b16 stock radix-off vs plain c1,cnn_dailymail-0014,49,64777,1208,0.125,0.0,0.125,tie,0.24419879913330078,45,256,256,False,1,12,True
dflash b16 stock radix-off vs plain c1,cnn_dailymail-0015,97,421,42838,0.0,0.125,0.125,tie,0.3373832702636719,11,108,109,False,1,2,True
dflash b16 stock radix-off vs plain c1,cnn_dailymail-0016,86,303,13,0.125,0.0,0.125,tie,0.4672703742980957,39,126,119,False,2,10,True
dflash b16 stock radix-off vs plain c1,cnn_dailymail-0019,52,3372,8855,0.0,0.25,0.125,tie,0.36595606803894043,50,102,104,False,2,1,True
dflash b16 stock radix-off vs plain c1,cnn_dailymail-0021,46,2582,8953,0.0,0.125,0.0625,tie,0.15097808837890625,18,118,155,False,2,1,True
dflash b16 stock radix-off vs plain c1,cnn_dailymail-0022,48,364,321,0.125,0.0,0.125,tie,0.2248823642730713,23,116,102,False,3,1,True
dflash b16 stock radix-off vs plain c1,cnn_dailymail-0023,161,310,11,0.125,0.0,0.125,tie,0.18334531784057617,78,256,256,False,0,2,True
dflash b16 stock radix-off vs plain c1,cnn_dailymail-0024,53,998,8334,0.0,0.0625,0.0625,tie,0.12240338325500488,37,107,110,False,3,7,True
dflash b16 stock radix-off vs plain c1,cnn_dailymail-0026,226,45482,48401,0.0,0.125,0.125,tie,0.22026944160461426,64,256,256,False,11,9,True
dflash b16 stock radix-off vs plain c1,cnn_dailymail-0027,20,381,3512,0.0,0.125,0.125,tie,0.1379702091217041,1,96,110,False,1,5,True
dflash b16 stock radix-off vs plain c1,cnn_dailymail-0028,54,43001,328,0.125,0.0,0.125,tie,0.24304413795471191,23,114,111,False,0,4,True
dflash b16 stock radix-off vs plain c1,cnn_dailymail-0029,42,25,9926,0.125,0.125,0.125,one_ulp,0.24330973625183105,41,256,256,False,9,16,True
dflash b16 stock radix-off vs plain c1,cnn_dailymail-0031,32,5381,2756,0.125,0.0,0.125,tie,0.15964555740356445,6,132,128,False,0,2,True
dflash b16 stock radix-off vs plain c1,cnn_dailymail-0033,25,18816,23059,0.0625,0.1875,0.0625,near,0.22251057624816895,24,95,91,False,1,6,True
dflash b16 stock radix-off vs plain c1,cnn_dailymail-0034,12,411,11,0.25,0.0,0.25,tie,0.07777523994445801,0,110,108,False,4,3,True
dflash b16 stock radix-off vs plain c1,cnn_dailymail-0035,192,21046,1615,0.25,0.0,0.125,tie,0.264446496963501,160,256,256,False,1,1,True
dflash b16 stock radix-off vs plain c1,cnn_dailymail-0036,31,17489,43666,0.125,0.125,0.125,one_ulp,0.1768178939819336,9,108,97,False,0,4,True
dflash b16 stock radix-off vs plain c1,cnn_dailymail-0037,4,303,424,0.0,0.125,0.125,tie,0.12860631942749023,3,137,114,False,0,1,True
dflash b16 stock radix-off vs plain c1,cnn_dailymail-0038,200,874,6179,0.0,0.125,0.125,tie,0.2243788242340088,195,256,256,False,0,2,True
dflash b16 stock radix-off vs plain c1,gsm8k-0000,148,2420,5898,0.0,0.125,0.125,tie,0.23493432998657227,65,256,256,False,2,1,True
dflash b16 stock radix-off vs plain c1,gsm8k-0002,29,279,17704,0.0,0.125,0.125,tie,0.24548792839050293,0,256,256,False,2,10,True
dflash b16 stock radix-off vs plain c1,gsm8k-0004,39,2250,220,0.125,0.125,0.125,one_ulp,0.19329774379730225,34,256,256,False,4,8,True
dflash b16 stock radix-off vs plain c1,gsm8k-0006,194,188144,15875,0.125,0.0,0.125,tie,0.12244319915771484,81,256,256,False,2,1,True
dflash b16 stock radix-off vs plain c1,gsm8k-0007,123,1331,4003,0.0,0.375,0.25,tie,0.2315673828125,122,256,256,False,1,3,True
dflash b16 stock radix-off vs plain c1,gsm8k-0008,68,3491,13362,0.0,0.125,0.125,tie,0.16254597902297974,35,256,256,False,0,5,True
dflash b16 stock radix-off vs plain c1,gsm8k-0009,146,458,27858,0.0,0.125,0.125,tie,0.23751163482666016,21,256,256,False,10,16,True
dflash b16 stock radix-off vs plain c1,gsm8k-0010,19,29478,1324,0.25,0.0,0.25,tie,0.2043095827102661,6,256,256,False,1,8,True
dflash b16 stock radix-off vs plain c1,gsm8k-0011,26,1421,38663,0.0,0.125,0.125,tie,0.0924752950668335,8,256,256,False,1,16,True
dflash b16 stock radix-off vs plain c1,gsm8k-0012,187,65253,36941,0.125,0.0,0.125,tie,0.46909213066101074,67,256,256,False,9,6,True
dflash b16 stock radix-off vs plain c1,gsm8k-0013,45,430,13,0.125,0.0,0.125,tie,0.16703057289123535,20,256,256,False,1,8,True
dflash b16 stock radix-off vs plain c1,gsm8k-0015,44,31187,4997,0.125,0.25,0.125,near,0.3631324768066406,15,256,256,False,0,4,True
dflash b16 stock radix-off vs plain c1,gsm8k-0020,33,64494,4346,0.125,0.0,0.125,tie,0.1222991943359375,2,256,256,False,3,1,True
dflash b16 stock radix-off vs plain c1,gsm8k-0021,94,948,506,0.125,0.0,0.125,tie,0.12110447883605957,7,168,166,False,4,8,True
dflash b16 stock radix-off vs plain c1,gsm8k-0023,97,5141,279,0.125,0.0,0.125,tie,0.14513182640075684,77,256,256,False,10,3,True
dflash b16 stock radix-off vs plain c1,gsm8k-0026,2,264,821,0.0,0.25,0.125,tie,0.11185145378112793,0,256,256,False,1,1,True
dflash b16 stock radix-off vs plain c1,gsm8k-0028,27,2702,3377,0.0,0.125,0.125,tie,0.36000943183898926,12,248,240,False,4,5,True
dflash b16 stock radix-off vs plain c1,gsm8k-0031,7,1144,1118,0.125,0.0,0.125,tie,0.2394089698791504,4,256,256,False,6,1,True
dflash b16 stock radix-off vs plain c1,gsm8k-0032,120,791,13,0.125,0.0,0.125,tie,0.20880579948425293,104,256,256,False,6,9,True
dflash b16 stock radix-off vs plain c1,gsm8k-0035,219,283,11086,0.0,0.125,0.125,tie,0.2330939769744873,204,256,256,False,12,4,True
dflash b16 stock radix-off vs plain c1,gsm8k-0036,26,159029,364,0.125,0.0,0.125,tie,0.23815202713012695,19,245,239,False,2,6,True
dflash b16 stock radix-off vs plain c1,gsm8k-0037,12,13962,332,0.25,0.0,0.25,tie,0.004531869664788246,8,256,256,False,5,6,True
dflash b16 stock radix-off vs plain c1,gsm8k-0038,162,6558,1368,0.125,0.0,0.125,tie,0.22688579559326172,139,256,256,False,2,3,True
dflash b16 stock radix-off vs plain c1,gsm8k-0039,201,271,198,0.125,0.0,0.125,tie,0.24258875846862793,33,256,256,False,3,16,True
dflash b16 stock radix-off vs plain c1,gsm8k-0040,44,1088,16257,0.125,0.25,0.125,near,0.12038373947143555,6,221,212,False,12,1,True
dflash b16 stock radix-off vs plain c1,gsm8k-0042,94,1238,506,0.125,0.0,0.125,tie,0.12187337875366211,12,201,199,False,7,4,True
dflash b16 stock radix-off vs plain c1,gsm8k-0044,16,15771,2014,0.125,0.0,0.125,tie,0.09860169887542725,9,256,256,False,14,1,True
dflash b16 stock radix-off vs plain c1,gsm8k-0045,157,19185,1088,0.125,0.0,0.125,tie,0.23987913131713867,8,256,256,False,1,9,True
dflash b16 stock radix-off vs plain c1,gsm8k-0046,123,760,1206,0.0,0.125,0.125,tie,0.24364399909973145,19,256,256,False,3,2,True
dflash b16 stock radix-off vs plain c1,gsm8k-0049,16,13,303,0.0,0.25,0.25,tie,0.2330777645111084,10,256,256,False,7,2,True
dflash b16 stock radix-off vs plain c1,gsm8k-0051,60,393,220,0.125,0.0,0.125,tie,0.19875621795654297,35,256,256,False,0,1,True
dflash b16 stock radix-off vs plain c1,gsm8k-0052,114,4221,421,0.125,0.0,0.125,tie,0.23079133033752441,93,256,256,False,3,5,True
dflash b16 stock radix-off vs plain c1,gsm8k-0053,74,393,56014,0.0,0.125,0.125,tie,0.23307204246520996,16,256,256,False,1,2,True
dflash b16 stock radix-off vs plain c1,gsm8k-0056,75,364,25,0.125,0.0,0.125,tie,0.11980795860290527,45,256,256,False,15,5,True
dflash b16 stock radix-off vs plain c1,gsm8k-0058,45,12079,20100,0.0,0.125,0.125,tie,0.24263906478881836,19,256,256,False,0,4,True
dflash b16 stock radix-off vs plain c1,gsm8k-0060,20,321,13,0.125,0.0,0.125,tie,0.15900635719299316,1,256,256,False,0,4,True
dflash b16 stock radix-off vs plain c1,gsm8k-0061,100,10737,14418,0.0,0.125,0.125,tie,0.1590869426727295,1,256,256,False,4,12,True
dflash b16 stock radix-off vs plain c1,gsm8k-0062,57,393,449,0.125,0.125,0.125,one_ulp,0.18295788764953613,40,256,256,False,6,5,True
dflash b16 stock radix-off vs plain c1,gsm8k-0065,190,17239,5122,0.125,0.0,0.125,tie,0.23713326454162598,110,256,256,False,9,16,True
dflash b16 stock radix-off vs plain c1,gsm8k-0066,22,279,23208,0.0,0.125,0.125,tie,0.1180570125579834,21,256,256,False,1,3,True
dflash b16 stock radix-off vs plain c1,gsm8k-0068,31,4007,279,0.125,0.0,0.125,tie,0.14295434951782227,25,256,256,False,0,5,True
dflash b16 stock radix-off vs plain c1,gsm8k-0070,15,25,13,0.125,0.0,0.125,tie,0.22319841384887695,6,256,256,False,1,1,True
dflash b16 stock radix-off vs plain c1,gsm8k-0074,111,7336,4625,0.125,0.0,0.125,tie,0.23768854141235352,77,256,256,False,1,2,True
dflash b16 stock radix-off vs plain c1,humaneval-0005,7,1881,1324,0.125,0.0,0.125,tie,0.12358880043029785,6,256,256,False,4,2,True
dflash b16 stock radix-off vs plain c1,humaneval-0010,135,653,364,0.12500005960464478,0.0,0.125,tie,0.2458789348602295,126,190,180,False,9,6,True
dflash b16 stock radix-off vs plain c1,humaneval-0011,71,40,760,0.0,0.125,0.125,tie,0.24041199684143066,24,256,256,False,10,16,True
dflash b16 stock radix-off vs plain c1,humaneval-0014,116,37172,8978,0.125,0.0,0.125,tie,0.21199369430541992,64,256,256,False,4,4,True
dflash b16 stock radix-off vs plain c1,humaneval-0017,80,539,1083,0.0,0.125,0.125,tie,0.12878894805908203,0,256,256,False,1,6,True
dflash b16 stock radix-off vs plain c1,humaneval-0018,17,1698,4071,0.0,0.25,0.25,tie,0.06515586376190186,0,73,166,False,0,16,True
dflash b16 stock radix-off vs plain c1,humaneval-0020,54,28662,9150,0.125,0.0,0.125,tie,0.22724127769470215,31,256,256,False,5,11,True
dflash b16 stock radix-off vs plain c1,humaneval-0032,39,1406,2574,0.0,0.125,0.125,tie,0.14789462089538574,26,256,256,False,1,4,True
dflash b16 stock radix-off vs plain c1,humaneval-0033,164,271,198,0.125,0.0,0.125,tie,0.14791536331176758,2,256,256,False,2,1,True
dflash b16 stock radix-off vs plain c1,humaneval-0036,2,1358,198,0.125,0.0,0.125,tie,0.3215597867965698,0,139,139,False,1,1,True
dflash b16 stock radix-off vs plain c1,humaneval-0038,26,579,728,0.0,0.125,0.125,tie,0.22759008407592773,1,256,256,False,12,6,True
dflash b16 stock radix-off vs plain c1,humaneval-0039,0,71093,727,0.125,0.125,0.125,one_ulp,0.0,,253,253,False,0,,True
dflash b16 stock radix-off vs plain c1,humaneval-0043,2,1358,198,0.125,0.0,0.125,tie,0.08987867832183838,0,201,201,False,1,1,True
dflash b16 stock radix-off vs plain c1,humaneval-0046,198,413,653,0.0,0.125,0.125,tie,0.1199333667755127,12,256,256,False,11,10,True
dflash b16 stock radix-off vs plain c1,humaneval-0050,20,1396,1754,0.0,0.125,0.125,tie,0.23120665550231934,14,256,256,False,5,1,True
dflash b16 stock radix-off vs plain c1,humaneval-0056,131,1,763,0.0,0.125,0.125,tie,0.36672425270080566,18,256,256,False,7,5,True
dflash b16 stock radix-off vs plain c1,mt_bench-0000,3,11,303,0.0,0.0625,0.0625,tie,0.00010395050048828125,1,256,256,False,0,1,True
dflash b16 stock radix-off vs plain c1,mt_bench-0001,127,10386,1040,0.125,0.0,0.125,tie,0.24349260330200195,109,153,153,False,2,2,True
dflash b16 stock radix-off vs plain c1,mt_bench-0002,21,449,264,0.125,0.0,0.125,tie,0.36849021911621094,17,256,256,False,0,2,True
dflash b16 stock radix-off vs plain c1,mt_bench-0003,30,6379,4929,0.125,0.0,0.125,tie,0.13660454750061035,19,256,256,False,3,1,True
dflash b16 stock radix-off vs plain c1,mt_bench-0004,65,542,15919,0.0,0.125,0.125,tie,0.12578320503234863,12,231,226,False,0,3,True
dflash b16 stock radix-off vs plain c1,mt_bench-0005,97,33367,37728,0.0,0.0625,0.0625,tie,0.14812153577804565,72,256,256,False,2,3,True
dflash b16 stock radix-off vs plain c1,mt_bench-0006,32,10708,1016,0.0625,0.0,0.0625,tie,0.2310791015625,31,256,256,False,0,2,True
dflash b16 stock radix-off vs plain c1,mt_bench-0007,13,3413,8720,0.0,0.0625,0.0625,tie,0.11079716682434082,3,204,176,False,1,3,True
dflash b16 stock radix-off vs plain c1,mt_bench-0008,165,1171,908,0.125,0.0,0.125,tie,0.12265849113464355,164,256,256,False,0,8,True
dflash b16 stock radix-off vs plain c1,mt_bench-0009,139,579,557,0.125,0.0,0.125,tie,0.22867941856384277,40,256,256,False,0,7,True
dflash b16 stock radix-off vs plain c1,mt_bench-0010,41,264,15327,0.0,0.12500011920928955,0.125,tie,0.13754510879516602,28,254,256,False,0,7,True
dflash b16 stock radix-off vs plain c1,mt_bench-0011,151,82868,3428,0.0625,0.0,0.0625,tie,0.21016299724578857,81,256,256,False,0,1,True
dflash b16 stock radix-off vs plain c1,mt_bench-0012,158,41152,30119,0.125,0.0,0.125,tie,0.24034833908081055,33,256,256,False,0,1,True
dflash b16 stock radix-off vs plain c1,mt_bench-0013,18,2609,4927,0.0,0.125,0.125,tie,0.18094301223754883,17,256,256,False,0,1,True
dflash b16 stock radix-off vs plain c1,mt_bench-0014,178,11,9306,0.0,0.0625,0.0625,tie,0.3654613494873047,80,256,256,False,2,1,True
dflash b16 stock radix-off vs plain c1,mt_bench-0015,94,13,539,0.125,0.125,0.125,one_ulp,0.21645379066467285,48,256,256,False,1,2,True
dflash b16 stock radix-off vs plain c1,mt_bench-0017,69,5304,44145,0.0,0.125,0.125,tie,0.21782851219177246,62,256,256,False,1,7,True
dflash b16 stock radix-off vs plain c1,mt_bench-0018,28,61,32773,0.0,0.125,0.125,tie,0.155656099319458,26,132,158,False,2,3,True
dflash b16 stock radix-off vs plain c1,mt_bench-0019,228,13,430,0.0,0.125,0.125,tie,0.23359274864196777,209,256,256,False,0,1,True
dflash b16 stock radix-off vs plain c1,mt_bench-0023,136,1368,1987,0.0,0.125,0.125,tie,0.24227476119995117,78,256,256,False,5,3,True
dflash b16 stock radix-off vs plain c1,mt_bench-0024,191,303,1902,0.0,0.125,0.125,tie,0.23269224166870117,53,256,256,False,8,5,True
dflash b16 stock radix-off vs plain c1,mt_bench-0026,212,198,3130,0.0,0.125,0.125,tie,0.23382329940795898,17,256,256,False,13,12,True
dflash b16 stock radix-off vs plain c1,mt_bench-0028,93,22426,2972,0.125,0.0,0.125,tie,0.16803288459777832,35,256,256,False,2,5,True
dflash b16 stock radix-off vs plain c1,mt_bench-0032,137,34167,27382,0.125,0.0,0.125,tie,0.24064254760742188,16,256,256,False,15,1,True
dflash b16 stock radix-off vs plain c1,mt_bench-0033,216,421,314,0.125,0.0,0.125,tie,0.23765015602111816,91,256,256,False,1,4,True
dflash b16 stock radix-off vs plain c1,mt_bench-0034,108,348,1518,0.0,0.125,0.125,tie,0.24411392211914062,103,256,256,False,1,14,True
dflash b16 stock radix-off vs plain c1,mt_bench-0035,182,37201,2441,0.125,0.0,0.125,tie,0.24206042289733887,26,256,256,False,3,1,True
dflash b16 stock radix-off vs plain c1,mt_bench-0036,39,733,47246,0.0,0.125,0.125,tie,0.12122988700866699,27,256,256,False,9,3,True
dflash b16 stock radix-off vs plain c1,mt_bench-0038,95,45382,46270,0.0,0.125,0.125,tie,0.2349848747253418,53,256,256,False,9,16,True
dflash b16 stock radix-off vs plain c1,mt_bench-0039,143,279,26782,0.0,0.125,0.125,tie,0.12777280807495117,45,256,256,False,0,12,True
dflash b16 stock radix-off vs plain c1,mt_bench-0040,21,279,27690,0.0,0.125,0.125,tie,0.22320127487182617,4,256,256,False,0,2,True
dflash b16 stock radix-off vs plain c1,mt_bench-0042,128,2081,3779,0.0,0.125,0.125,tie,0.224470853805542,124,256,256,False,2,2,True
dflash b16 stock radix-off vs plain c1,mt_bench-0045,67,10539,8882,0.125,0.0,0.125,tie,0.2178037166595459,49,256,256,False,1,3,True
dflash b16 stock radix-off vs plain c1,mt_bench-0047,117,364,13,0.125,0.0,0.125,tie,0.2002553939819336,38,256,256,False,0,2,True
dflash b16 stock radix-off vs plain c1,mt_bench-0048,49,580,488,0.125,0.0,0.125,tie,0.1301872730255127,41,256,256,False,0,2,True
dflash b16 stock radix-off vs plain c1,mt_bench-0049,24,466,11,0.125,0.0,0.125,tie,0.22638726234436035,20,256,256,False,1,8,True
dflash b16 stock radix-off vs plain c1,mt_bench-0053,33,795,1103,0.0,0.125,0.125,tie,0.11377477645874023,0,256,256,False,1,1,True
dflash b16 stock radix-off vs plain c1,mt_bench-0059,84,42794,2791,0.125,0.0,0.125,tie,0.24182963371276855,53,256,256,False,4,5,True
dflash b16 stock radix-off vs plain c1,mt_bench-0060,32,6745,29144,0.0,0.125,0.125,tie,0.13844990730285645,1,256,256,False,2,11,True
dflash b16 stock radix-off vs plain c1,mt_bench-0061,82,5529,1902,0.125,0.0,0.125,tie,0.1226961612701416,45,256,256,False,6,8,True
dflash b16 stock radix-off vs plain c1,mt_bench-0062,154,318,13,0.125,0.0,0.125,tie,0.12324023246765137,92,256,256,False,2,9,True
dflash b16 stock radix-off vs plain c1,mt_bench-0063,199,279,75113,0.0,0.125,0.125,tie,0.243927001953125,47,256,256,False,1,2,True
dflash b16 stock radix-off vs plain c1,mt_bench-0066,67,17171,48772,0.0,0.125,0.125,tie,0.24415206909179688,20,256,256,False,1,2,True
dflash b16 stock radix-off vs plain c1,mt_bench-0067,37,36515,2790,0.125,0.0,0.125,tie,0.11599063873291016,29,256,256,False,6,5,True
dflash b16 stock radix-off vs plain c1,mt_bench-0068,153,283,478,0.0,0.125,0.125,tie,0.2237107753753662,105,256,256,False,1,1,True
dflash b16 stock radix-off vs plain c1,mt_bench-0069,47,364,421,0.0,0.125,0.125,tie,0.11996698379516602,46,256,256,False,0,4,True
dflash b16 stock radix-off vs plain c1,mt_bench-0070,152,7059,2972,0.125,0.0,0.125,tie,0.1923682689666748,105,256,256,False,0,4,True
dflash b16 stock radix-off vs plain c1,mt_bench-0071,34,28604,2950,0.125,0.125,0.125,one_ulp,0.10919332504272461,20,256,256,False,0,4,True
dflash b16 stock radix-off vs plain c1,mt_bench-0072,107,5212,36110,0.0,0.125,0.125,tie,0.24312210083007812,41,256,256,False,0,3,True
dflash b16 stock radix-off vs plain c1,mt_bench-0073,6,49312,4843,0.0625,0.0625,0.0625,one_ulp,0.05487990379333496,5,256,256,False,0,5,True
dflash b16 stock radix-off vs plain c1,mt_bench-0075,17,369,318,0.125,0.0,0.125,tie,0.11089468002319336,12,256,256,False,3,13,True
dflash b16 stock radix-off vs plain c1,mt_bench-0076,131,32530,369,0.125,0.0,0.125,tie,0.2390763759613037,69,256,256,False,1,1,True
dflash b16 stock radix-off vs plain c1,mt_bench-0077,86,74316,36009,0.125,0.0,0.125,tie,0.21714353561401367,42,256,256,False,0,12,True
dflash b16 stock radix-off vs plain c1,mt_bench-0078,76,47122,5170,0.125,0.0,0.125,tie,0.24015569686889648,15,256,256,False,1,1,True
dflash b16 stock radix-off vs plain c1,mt_bench-0079,83,46909,27687,0.125,0.0,0.125,tie,0.4263925552368164,54,256,256,False,3,4,True
dflash b16 triton vs stock dflash b16 radix-off c1,alpaca_eval-0000,6,63049,26310,0.125,0.0,0.125,tie,0.12662410736083984,1,256,256,False,2,2,True
dflash b16 triton vs stock dflash b16 radix-off c1,alpaca_eval-0010,114,10478,2519,0.125,0.0,0.125,tie,0.15597224235534668,86,256,256,False,1,4,True
dflash b16 triton vs stock dflash b16 radix-off c1,alpaca_eval-0020,154,310,1345,0.0,0.125,0.125,tie,0.23081731796264648,122,256,256,False,2,3,True
dflash b16 triton vs stock dflash b16 radix-off c1,alpaca_eval-0030,94,357,1394,0.0,0.125,0.125,tie,0.15267300605773926,37,256,256,False,0,2,True
dflash b16 triton vs stock dflash b16 radix-off c1,alpaca_eval-0040,241,321,1478,0.0,0.125,0.125,tie,0.22998714447021484,226,256,256,False,2,1,True
dflash b16 triton vs stock dflash b16 radix-off c1,alpaca_eval-0050,20,7832,1007,0.125,0.0,0.125,tie,0.12100028991699219,0,256,256,False,11,5,True
dflash b16 triton vs stock dflash b16 radix-off c1,alpaca_eval-0060,125,37462,20331,0.0625,0.0,0.0625,tie,0.239518404006958,94,256,256,False,3,1,True
dflash b16 triton vs stock dflash b16 radix-off c1,alpaca_eval-0080,71,9183,11,0.125,0.0,0.125,tie,0.1262514591217041,58,256,256,False,0,3,True
dflash b16 triton vs stock dflash b16 radix-off c1,alpaca_eval-0090,104,68488,10632,0.125,0.0,0.125,tie,0.22448277473449707,45,256,256,False,0,1,True
dflash b16 triton vs stock dflash b16 radix-off c1,alpaca_eval-0100,51,264,10919,0.0,0.125,0.125,tie,0.22948169708251953,10,256,256,False,1,3,True
dflash b16 triton vs stock dflash b16 radix-off c1,alpaca_eval-0110,105,5253,4528,0.125,0.0,0.125,tie,0.2282567024230957,65,256,256,False,2,1,True
dflash b16 triton vs stock dflash b16 radix-off c1,alpaca_eval-0120,70,3364,2895,0.125,0.0,0.125,tie,0.19996929168701172,9,149,165,False,2,1,True
dflash b16 triton vs stock dflash b16 radix-off c1,alpaca_eval-0130,72,67817,5758,0.125,0.0,0.125,tie,0.23438572883605957,30,256,256,False,1,1,True
dflash b16 triton vs stock dflash b16 radix-off c1,alpaca_eval-0140,200,25047,214447,0.0,0.125,0.125,tie,0.17806386947631836,186,256,256,False,2,2,True
dflash b16 triton vs stock dflash b16 radix-off c1,alpaca_eval-0150,120,25,11,0.125,0.0,0.125,tie,0.1592245101928711,89,256,256,False,3,1,True
dflash b16 triton vs stock dflash b16 radix-off c1,alpaca_eval-0160,33,421,13,0.125,0.0,0.125,tie,0.1258692741394043,19,256,256,False,0,1,True
dflash b16 triton vs stock dflash b16 radix-off c1,alpaca_eval-0180,39,24065,26932,0.0,0.125,0.125,tie,0.1295769214630127,13,256,256,False,3,3,True
dflash b16 triton vs stock dflash b16 radix-off c1,alpaca_eval-0200,100,21299,4993,0.25,0.0,0.25,tie,0.24424171447753906,13,256,256,False,1,7,True
dflash b16 triton vs stock dflash b16 radix-off c1,alpaca_eval-0210,95,318,364,0.125,0.125,0.125,one_ulp,0.19654035568237305,86,256,256,False,2,5,True
dflash b16 triton vs stock dflash b16 radix-off c1,alpaca_eval-0220,7,65884,1402,0.12499994039535522,0.0,0.0625,tie,0.11725401878356934,4,256,256,False,0,1,True
dflash b16 triton vs stock dflash b16 radix-off c1,alpaca_eval-0230,190,12298,23373,0.0,0.125,0.125,tie,0.23296117782592773,0,256,256,False,0,3,True
dflash b16 triton vs stock dflash b16 radix-off c1,alpaca_eval-0240,238,1220,3125,0.0,0.125,0.125,tie,0.24117755889892578,217,256,256,False,2,3,True
dflash b16 triton vs stock dflash b16 radix-off c1,alpaca_eval-0250,150,279,16577,0.0,0.125,0.125,tie,0.23705458641052246,18,256,256,False,0,3,True
dflash b16 triton vs stock dflash b16 radix-off c1,alpaca_eval-0260,240,3761,7395,0.0,0.125,0.125,tie,0.20590758323669434,170,256,256,False,3,8,True
dflash b16 triton vs stock dflash b16 radix-off c1,alpaca_eval-0270,150,11,318,0.0,0.125,0.125,tie,0.23573517799377441,10,256,256,False,4,1,True
dflash b16 triton vs stock dflash b16 radix-off c1,alpaca_eval-0280,90,6286,328,0.125,0.0,0.125,tie,0.33568882942199707,30,256,256,False,0,1,True
dflash b16 triton vs stock dflash b16 radix-off c1,alpaca_eval-0290,109,3579,958,0.125,0.0,0.125,tie,0.19335484504699707,46,256,256,False,6,8,True
dflash b16 triton vs stock dflash b16 radix-off c1,alpaca_eval-0320,125,381,524,0.0,0.125,0.125,tie,0.2360231876373291,121,256,256,False,4,1,True
dflash b16 triton vs stock dflash b16 radix-off c1,alpaca_eval-0330,10,2534,13759,0.0,0.125,0.125,tie,0.13184762001037598,8,256,256,False,1,1,True
dflash b16 triton vs stock dflash b16 radix-off c1,alpaca_eval-0340,166,488,321,0.125,0.0,0.125,tie,0.23457670211791992,157,191,185,False,0,1,True
dflash b16 triton vs stock dflash b16 radix-off c1,alpaca_eval-0350,195,1040,1318,0.0,0.125,0.125,tie,0.2819061279296875,146,256,256,False,0,3,True
dflash b16 triton vs stock dflash b16 radix-off c1,alpaca_eval-0360,32,1017,2614,0.0,0.125,0.125,tie,0.2098674774169922,0,256,256,False,5,1,True
dflash b16 triton vs stock dflash b16 radix-off c1,alpaca_eval-0380,200,15095,56140,0.0,0.125,0.125,tie,0.3632240295410156,9,256,256,False,1,1,True
dflash b16 triton vs stock dflash b16 radix-off c1,alpaca_eval-0390,5,406,220,0.125,0.0,0.125,tie,0.11267471313476562,1,256,256,False,0,1,True
dflash b16 triton vs stock dflash b16 radix-off c1,alpaca_eval-0400,7,2972,1510,0.125,0.0,0.125,tie,0.11746335029602051,6,256,256,False,1,5,True
dflash b16 triton vs stock dflash b16 radix-off c1,alpaca_eval-0410,74,357,20656,0.0,0.125,0.125,tie,0.24059748649597168,39,256,256,False,1,8,True
dflash b16 triton vs stock dflash b16 radix-off c1,alpaca_eval-0420,66,14838,22903,0.0,0.125,0.125,tie,0.23841381072998047,58,256,248,False,1,1,True
dflash b16 triton vs stock dflash b16 radix-off c1,alpaca_eval-0430,179,12482,3520,0.125,0.0,0.125,tie,0.23725461959838867,132,256,256,False,2,3,True
dflash b16 triton vs stock dflash b16 radix-off c1,alpaca_eval-0440,72,1970,13,0.125,0.0,0.125,tie,0.1225438117980957,0,256,256,False,2,6,True
dflash b16 triton vs stock dflash b16 radix-off c1,alpaca_eval-0460,21,466,318,0.125,0.0,0.125,tie,0.1530248522758484,1,256,256,False,3,1,True
dflash b16 triton vs stock dflash b16 radix-off c1,alpaca_eval-0470,78,279,345,0.0,0.125,0.125,tie,0.2456958293914795,0,256,256,False,0,2,True
dflash b16 triton vs stock dflash b16 radix-off c1,alpaca_eval-0480,107,7497,1879,0.125,0.0,0.125,tie,0.16466736793518066,104,256,256,False,1,2,True
dflash b16 triton vs stock dflash b16 radix-off c1,alpaca_eval-0500,191,20335,279,0.125,0.0,0.125,tie,0.2370152473449707,145,256,256,False,0,2,True
dflash b16 triton vs stock dflash b16 radix-off c1,alpaca_eval-0510,17,10813,12103,0.0,0.125,0.125,tie,0.22382473945617676,12,164,217,False,1,5,True
dflash b16 triton vs stock dflash b16 radix-off c1,alpaca_eval-0520,125,88433,760,0.0625,0.0625,0.0625,one_ulp,0.20262861251831055,84,256,256,False,7,3,True
dflash b16 triton vs stock dflash b16 radix-off c1,alpaca_eval-0530,154,321,30096,0.0,0.125,0.125,tie,0.19601857662200928,123,256,256,False,0,3,True
dflash b16 triton vs stock dflash b16 radix-off c1,alpaca_eval-0540,9,30,170286,0.0,0.125,0.125,tie,0.12141680717468262,0,18,11,False,5,3,True
dflash b16 triton vs stock dflash b16 radix-off c1,alpaca_eval-0550,92,3037,5474,0.0,0.125,0.125,tie,0.21180224418640137,74,256,256,False,1,2,True
dflash b16 triton vs stock dflash b16 radix-off c1,alpaca_eval-0560,173,65533,1536,0.125,0.0,0.125,tie,0.18934226036071777,60,256,256,False,6,3,True
dflash b16 triton vs stock dflash b16 radix-off c1,alpaca_eval-0570,9,55007,495,0.125,0.0,0.125,tie,0.11882305145263672,0,256,256,False,5,2,True
dflash b16 triton vs stock dflash b16 radix-off c1,alpaca_eval-0580,96,10340,321,0.125,0.0,0.125,tie,0.20737266540527344,79,256,256,False,3,1,True
dflash b16 triton vs stock dflash b16 radix-off c1,cnn_dailymail-0003,43,4097,7106,0.0,0.125,0.125,tie,0.20438432693481445,9,112,109,False,2,2,True
dflash b16 triton vs stock dflash b16 radix-off c1,cnn_dailymail-0005,75,43038,62529,0.0,0.125,0.125,tie,0.23805665969848633,41,256,256,False,1,15,True
dflash b16 triton vs stock dflash b16 radix-off c1,cnn_dailymail-0007,53,321,3384,0.0,0.125,0.125,tie,0.22688651084899902,4,104,100,False,5,1,True
dflash b16 triton vs stock dflash b16 radix-off c1,cnn_dailymail-0011,213,2196,69075,0.0,0.125,0.125,tie,0.15299773216247559,42,256,256,False,6,1,True
dflash b16 triton vs stock dflash b16 radix-off c1,cnn_dailymail-0013,34,76057,9290,0.125,0.125,0.125,one_ulp,0.1568591594696045,0,106,107,False,1,3,True
dflash b16 triton vs stock dflash b16 radix-off c1,cnn_dailymail-0015,97,42838,421,0.125,0.0,0.125,tie,0.20236563682556152,90,109,108,False,1,2,True
dflash b16 triton vs stock dflash b16 radix-off c1,cnn_dailymail-0016,86,13,303,0.0,0.125,0.125,tie,0.23928356170654297,48,119,125,False,0,12,True
dflash b16 triton vs stock dflash b16 radix-off c1,cnn_dailymail-0021,51,1680,2583,0.0,0.125,0.125,tie,0.22850990295410156,14,155,133,False,2,1,True
dflash b16 triton vs stock dflash b16 radix-off c1,cnn_dailymail-0022,48,321,364,0.0,0.125,0.125,tie,0.1159975528717041,18,102,113,False,3,1,True
dflash b16 triton vs stock dflash b16 radix-off c1,cnn_dailymail-0023,162,10471,14307,0.0,0.125,0.125,tie,0.23640012741088867,78,256,256,False,0,1,True
dflash b16 triton vs stock dflash b16 radix-off c1,cnn_dailymail-0024,22,5732,2785,0.125,0.0,0.125,tie,0.19132733345031738,8,110,117,False,0,2,True
dflash b16 triton vs stock dflash b16 radix-off c1,cnn_dailymail-0028,54,328,43001,0.0,0.125,0.125,tie,0.17835187911987305,5,111,114,False,0,4,True
dflash b16 triton vs stock dflash b16 radix-off c1,cnn_dailymail-0031,98,19264,50359,0.0,0.25,0.125,tie,0.15233898162841797,2,128,130,False,1,4,True
dflash b16 triton vs stock dflash b16 radix-off c1,cnn_dailymail-0033,25,23059,18816,0.1875,0.1875,0.0625,near,0.3841421604156494,24,91,95,False,1,6,True
dflash b16 triton vs stock dflash b16 radix-off c1,cnn_dailymail-0034,12,11,411,0.0,0.125,0.125,tie,0.10473823547363281,4,108,110,False,4,3,True
dflash b16 triton vs stock dflash b16 radix-off c1,cnn_dailymail-0036,31,43666,17489,0.125,0.125,0.125,one_ulp,0.214341402053833,13,97,108,False,0,4,True
dflash b16 triton vs stock dflash b16 radix-off c1,cnn_dailymail-0037,23,8552,264,0.125,0.0,0.125,tie,0.2151041030883789,11,114,120,False,5,3,True
dflash b16 triton vs stock dflash b16 radix-off c1,cnn_dailymail-0039,53,310,303,0.125,0.0,0.125,tie,0.1466662883758545,9,166,151,False,1,1,True
dflash b16 triton vs stock dflash b16 radix-off c1,gsm8k-0000,148,5898,2420,0.125,0.0,0.125,tie,0.20091497898101807,134,256,256,False,2,1,True
dflash b16 triton vs stock dflash b16 radix-off c1,gsm8k-0004,39,220,2250,0.125,0.125,0.125,one_ulp,0.12234139442443848,8,256,256,False,4,8,True
dflash b16 triton vs stock dflash b16 radix-off c1,gsm8k-0006,54,19892,28924,0.0,0.125,0.125,tie,0.12151598930358887,41,256,256,False,9,2,True
dflash b16 triton vs stock dflash b16 radix-off c1,gsm8k-0007,132,567,1042,0.0,0.125,0.125,tie,0.21319794654846191,87,256,256,False,1,5,True
dflash b16 triton vs stock dflash b16 radix-off c1,gsm8k-0010,19,1324,29478,0.0,0.125,0.125,tie,0.16279375553131104,12,256,256,False,1,8,True
dflash b16 triton vs stock dflash b16 radix-off c1,gsm8k-0012,32,12585,11044,0.125,0.0,0.125,tie,0.2548331022262573,20,256,256,False,0,2,True
dflash b16 triton vs stock dflash b16 radix-off c1,gsm8k-0015,61,7742,32653,0.0,0.125,0.125,tie,0.3450663089752197,44,256,256,False,0,12,True
dflash b16 triton vs stock dflash b16 radix-off c1,gsm8k-0019,178,1088,14728,0.0,0.125,0.125,tie,0.16891074180603027,70,256,256,False,6,16,True
dflash b16 triton vs stock dflash b16 radix-off c1,gsm8k-0020,44,2144,8529,0.0,0.125,0.125,tie,0.12229180335998535,2,256,256,False,0,5,True
dflash b16 triton vs stock dflash b16 radix-off c1,gsm8k-0023,97,279,5141,0.0,0.125,0.125,tie,0.18110060691833496,83,256,256,False,10,3,True
dflash b16 triton vs stock dflash b16 radix-off c1,gsm8k-0031,7,1118,1144,0.0,0.125,0.125,tie,0.11940550804138184,4,256,256,False,6,1,True
dflash b16 triton vs stock dflash b16 radix-off c1,gsm8k-0032,120,13,791,0.0,0.125,0.125,tie,0.2382216453552246,17,256,256,False,6,9,True
dflash b16 triton vs stock dflash b16 radix-off c1,gsm8k-0035,139,318,303,0.125,0.0,0.125,tie,0.22343134880065918,32,256,256,False,1,11,True
dflash b16 triton vs stock dflash b16 radix-off c1,gsm8k-0038,162,1368,6558,0.0,0.125,0.125,tie,0.1915205717086792,152,256,256,False,2,3,True
dflash b16 triton vs stock dflash b16 radix-off c1,gsm8k-0039,201,198,271,0.0,0.125,0.125,tie,0.2394390106201172,166,256,256,False,3,16,True
dflash b16 triton vs stock dflash b16 radix-off c1,gsm8k-0040,43,13682,9,0.125,0.0,0.125,tie,0.12094759941101074,13,212,208,False,11,1,True
dflash b16 triton vs stock dflash b16 radix-off c1,gsm8k-0044,16,2014,15771,0.0,0.125,0.125,tie,0.30284440517425537,9,256,256,False,14,1,True
dflash b16 triton vs stock dflash b16 radix-off c1,gsm8k-0045,157,1088,19185,0.0,0.24999994039535522,0.25,tie,0.290480375289917,94,256,256,False,1,9,True
dflash b16 triton vs stock dflash b16 radix-off c1,gsm8k-0046,123,1206,760,0.125,0.0,0.125,tie,0.24364614486694336,19,256,256,False,3,2,True
dflash b16 triton vs stock dflash b16 radix-off c1,gsm8k-0051,60,220,393,0.0,0.125,0.125,tie,0.24063730239868164,4,256,256,False,0,1,True
dflash b16 triton vs stock dflash b16 radix-off c1,gsm8k-0053,249,19892,7548,0.125,0.0,0.125,tie,0.12137031555175781,27,256,256,False,10,12,True
dflash b16 triton vs stock dflash b16 radix-off c1,gsm8k-0056,75,25,364,0.0,0.125,0.125,tie,0.1238868236541748,26,256,256,False,15,5,True
dflash b16 triton vs stock dflash b16 radix-off c1,gsm8k-0058,45,20100,12079,0.125,0.0,0.125,tie,0.36457180976867676,19,256,256,False,0,4,True
dflash b16 triton vs stock dflash b16 radix-off c1,gsm8k-0060,19,4952,321,0.25,0.0,0.125,tie,0.24147891998291016,9,256,256,False,3,1,True
dflash b16 triton vs stock dflash b16 radix-off c1,gsm8k-0061,129,71690,19172,0.125,0.0,0.125,tie,0.16124200820922852,69,256,256,False,8,2,True
dflash b16 triton vs stock dflash b16 radix-off c1,gsm8k-0062,57,449,393,0.125,0.0,0.125,tie,0.24503350257873535,31,256,256,False,5,8,True
dflash b16 triton vs stock dflash b16 radix-off c1,gsm8k-0065,190,5122,17239,0.0,0.12500005960464478,0.125,tie,0.14506065845489502,85,256,256,False,9,16,True
dflash b16 triton vs stock dflash b16 radix-off c1,gsm8k-0066,22,23208,279,0.125,0.0,0.125,tie,0.12135124206542969,11,256,256,False,1,3,True
dflash b16 triton vs stock dflash b16 radix-off c1,gsm8k-0068,179,25,318,0.0,0.125,0.125,tie,0.24317359924316406,80,256,256,False,2,10,True
dflash b16 triton vs stock dflash b16 radix-off c1,gsm8k-0070,15,13,25,0.0,0.125,0.125,tie,0.12159466743469238,12,256,256,False,1,1,True
dflash b16 triton vs stock dflash b16 radix-off c1,gsm8k-0071,143,220,62,0.125,0.0,0.125,tie,0.18930411338806152,34,256,256,False,0,3,True
dflash b16 triton vs stock dflash b16 radix-off c1,gsm8k-0076,53,9,13682,0.0,0.125,0.125,tie,0.19282591342926025,41,256,256,False,0,7,True
dflash b16 triton vs stock dflash b16 radix-off c1,humaneval-0005,48,279,1066,0.125,0.125,0.125,one_ulp,0.14648061990737915,1,256,256,False,6,11,True
dflash b16 triton vs stock dflash b16 radix-off c1,humaneval-0010,135,364,653,0.0,0.25,0.25,tie,0.12260842323303223,126,180,190,False,9,6,True
dflash b16 triton vs stock dflash b16 radix-off c1,humaneval-0011,71,760,40,0.125,0.0,0.125,tie,0.20433151721954346,16,256,256,False,10,16,True
dflash b16 triton vs stock dflash b16 radix-off c1,humaneval-0014,65,15305,33120,0.0,0.125,0.125,tie,0.17891216278076172,1,256,256,False,1,1,True
dflash b16 triton vs stock dflash b16 radix-off c1,humaneval-0017,80,1083,539,0.125,0.0,0.125,tie,0.1916186809539795,0,256,256,False,1,6,True
dflash b16 triton vs stock dflash b16 radix-off c1,humaneval-0021,200,87,2334,0.0,0.125,0.125,tie,0.4813191890716553,0,221,221,False,6,3,True
dflash b16 triton vs stock dflash b16 radix-off c1,humaneval-0025,146,271,198,0.25,0.0,0.125,tie,0.11379194259643555,0,219,221,False,4,16,True
dflash b16 triton vs stock dflash b16 radix-off c1,humaneval-0026,52,1204,279,0.125,0.0,0.125,tie,0.23961424827575684,4,256,256,False,8,5,True
dflash b16 triton vs stock dflash b16 radix-off c1,humaneval-0028,0,71093,727,0.375,0.0,0.25,tie,0.0,,70,60,False,0,,True
dflash b16 triton vs stock dflash b16 radix-off c1,humaneval-0032,39,2574,1406,0.125,0.0,0.125,tie,0.13437128067016602,33,256,256,False,1,4,True
dflash b16 triton vs stock dflash b16 radix-off c1,humaneval-0033,164,198,271,0.0,0.125,0.125,tie,0.29508185386657715,0,256,256,False,2,1,True
dflash b16 triton vs stock dflash b16 radix-off c1,humaneval-0036,2,198,1358,0.0,0.125,0.125,tie,0.0005714893341064453,0,139,139,False,1,1,True
dflash b16 triton vs stock dflash b16 radix-off c1,humaneval-0038,128,198,318,0.0,0.125,0.125,tie,0.176347017288208,13,256,256,False,5,3,True
dflash b16 triton vs stock dflash b16 radix-off c1,humaneval-0039,0,727,71093,0.125,0.125,0.125,one_ulp,0.0,,253,253,False,0,,True
dflash b16 triton vs stock dflash b16 radix-off c1,humaneval-0043,2,198,1358,0.0,0.125,0.125,tie,0.08976459503173828,0,201,201,False,1,1,True
dflash b16 triton vs stock dflash b16 radix-off c1,humaneval-0047,13,561,271,0.25,0.0,0.125,tie,0.11234736442565918,11,256,256,False,2,6,True
dflash b16 triton vs stock dflash b16 radix-off c1,humaneval-0050,20,1754,1396,0.125,0.0,0.125,tie,0.19815993309020996,0,256,256,False,5,1,True
dflash b16 triton vs stock dflash b16 radix-off c1,humaneval-0052,0,71093,727,0.125,0.0,0.125,tie,0.0,,100,95,False,0,,True
dflash b16 triton vs stock dflash b16 radix-off c1,humaneval-0053,20,4829,1220,0.125,0.0,0.125,tie,0.12222480773925781,16,193,176,False,0,2,True
dflash b16 triton vs stock dflash b16 radix-off c1,humaneval-0059,43,430,18253,0.0,0.125,0.125,tie,0.12151408195495605,28,256,256,False,2,4,True
dflash b16 triton vs stock dflash b16 radix-off c1,mt_bench-0000,3,303,11,0.0625,0.0,0.0625,tie,0.016515731811523438,1,256,256,False,0,1,True
dflash b16 triton vs stock dflash b16 radix-off c1,mt_bench-0001,127,1040,10386,0.0,0.125,0.125,tie,0.24036812782287598,46,153,153,False,2,2,True
dflash b16 triton vs stock dflash b16 radix-off c1,mt_bench-0003,230,1724,1990,0.0,0.125,0.125,tie,0.2203388214111328,110,256,256,False,2,3,True
dflash b16 triton vs stock dflash b16 radix-off c1,mt_bench-0004,11,23772,264,0.125,0.125,0.125,one_ulp,0.1459062099456787,8,226,243,False,2,3,True
dflash b16 triton vs stock dflash b16 radix-off c1,mt_bench-0005,131,27597,11,0.125,0.0,0.125,tie,0.18846797943115234,111,256,256,False,0,2,True
dflash b16 triton vs stock dflash b16 radix-off c1,mt_bench-0006,32,1016,10708,0.0,0.125,0.125,tie,0.23091769218444824,31,256,256,False,0,2,True
dflash b16 triton vs stock dflash b16 radix-off c1,mt_bench-0007,119,13,3482,0.0,0.25,0.25,tie,0.24107575416564941,18,176,173,False,2,3,True
dflash b16 triton vs stock dflash b16 radix-off c1,mt_bench-0008,165,908,1171,0.0,0.25,0.25,tie,0.13788461685180664,116,256,256,False,0,8,True
dflash b16 triton vs stock dflash b16 radix-off c1,mt_bench-0009,86,321,11,0.125,0.0,0.125,tie,0.22858428955078125,40,256,256,False,0,3,True
dflash b16 triton vs stock dflash b16 radix-off c1,mt_bench-0010,15,8964,1,0.125,0.0,0.125,tie,0.1253044605255127,7,256,256,False,0,2,True
dflash b16 triton vs stock dflash b16 radix-off c1,mt_bench-0012,32,54081,18324,0.125,0.0,0.125,tie,0.22903966903686523,2,256,256,False,1,2,True
dflash b16 triton vs stock dflash b16 radix-off c1,mt_bench-0013,18,4927,2609,0.125,0.0,0.125,tie,0.15186738967895508,17,256,256,False,0,1,True
dflash b16 triton vs stock dflash b16 radix-off c1,mt_bench-0014,178,9306,11,0.0625,0.0625,0.0625,one_ulp,0.20213890075683594,49,256,256,False,2,1,True
dflash b16 triton vs stock dflash b16 radix-off c1,mt_bench-0015,94,539,13,0.125,0.0,0.125,tie,0.35727953910827637,32,256,256,False,1,2,True
dflash b16 triton vs stock dflash b16 radix-off c1,mt_bench-0017,69,44145,5304,0.125,0.0,0.125,tie,0.243943452835083,49,256,256,False,1,7,True
dflash b16 triton vs stock dflash b16 radix-off c1,mt_bench-0018,28,32773,61,0.125,0.0,0.125,tie,0.1373140811920166,12,158,141,False,2,3,True
dflash b16 triton vs stock dflash b16 radix-off c1,mt_bench-0019,189,47733,28599,0.125,0.0,0.125,tie,0.1613321304321289,59,256,256,False,0,1,True
dflash b16 triton vs stock dflash b16 radix-off c1,mt_bench-0022,18,2592,760,0.12499994039535522,0.0,0.125,tie,0.12175965309143066,12,256,106,False,0,2,True
dflash b16 triton vs stock dflash b16 radix-off c1,mt_bench-0024,191,1902,303,0.125,0.0,0.125,tie,0.29449892044067383,151,256,256,False,8,5,True
dflash b16 triton vs stock dflash b16 radix-off c1,mt_bench-0026,212,3130,198,0.125,0.0,0.125,tie,0.2253742218017578,155,256,256,False,13,12,True
dflash b16 triton vs stock dflash b16 radix-off c1,mt_bench-0028,43,16903,1409,0.125,0.0,0.125,tie,0.22602605819702148,36,256,256,False,2,2,True
dflash b16 triton vs stock dflash b16 radix-off c1,mt_bench-0029,123,310,13,0.125,0.0,0.125,tie,0.1410670280456543,113,256,256,False,0,4,True
dflash b16 triton vs stock dflash b16 radix-off c1,mt_bench-0033,216,314,421,0.0,0.12500005960464478,0.125,tie,0.23821616172790527,36,256,256,False,1,4,True
dflash b16 triton vs stock dflash b16 radix-off c1,mt_bench-0035,97,279,35195,0.0,0.125,0.125,tie,0.15487134456634521,94,256,256,False,1,9,True
dflash b16 triton vs stock dflash b16 radix-off c1,mt_bench-0036,39,47246,733,0.125,0.0,0.125,tie,0.12222552299499512,1,256,256,False,9,3,True
dflash b16 triton vs stock dflash b16 radix-off c1,mt_bench-0037,238,9077,72364,0.0,0.125,0.125,tie,0.23543357849121094,0,256,256,False,1,4,True
dflash b16 triton vs stock dflash b16 radix-off c1,mt_bench-0039,143,26782,279,0.125,0.0,0.125,tie,0.16974377632141113,47,256,256,False,12,16,True
dflash b16 triton vs stock dflash b16 radix-off c1,mt_bench-0040,189,321,539,0.0,0.125,0.125,tie,0.23999595642089844,41,256,256,False,1,1,True
dflash b16 triton vs stock dflash b16 radix-off c1,mt_bench-0042,153,19,15,0.125,0.0,0.125,tie,0.16816425323486328,46,256,256,False,11,13,True
dflash b16 triton vs stock dflash b16 radix-off c1,mt_bench-0044,88,1719,10957,0.0,0.125,0.125,tie,0.19471383094787598,54,256,256,False,0,4,True
dflash b16 triton vs stock dflash b16 radix-off c1,mt_bench-0047,40,7620,1,0.125,0.0,0.0625,tie,0.2001781463623047,38,256,256,False,3,5,True
dflash b16 triton vs stock dflash b16 radix-off c1,mt_bench-0048,49,488,580,0.0,0.125,0.125,tie,0.227492094039917,41,256,256,False,0,2,True
dflash b16 triton vs stock dflash b16 radix-off c1,mt_bench-0049,0,36948,1206,0.12499994039535522,0.0,0.125,tie,0.0,,256,256,False,0,,True
dflash b16 triton vs stock dflash b16 radix-off c1,mt_bench-0050,41,24936,1164,0.25,0.0,0.125,tie,0.12004232406616211,31,256,256,False,0,14,True
dflash b16 triton vs stock dflash b16 radix-off c1,mt_bench-0059,87,8020,220,0.125,0.125,0.125,one_ulp,0.12221455574035645,77,256,256,False,2,5,True
dflash b16 triton vs stock dflash b16 radix-off c1,mt_bench-0060,32,29144,6745,0.125,0.0,0.125,tie,0.3034350872039795,1,256,256,False,2,11,True
dflash b16 triton vs stock dflash b16 radix-off c1,mt_bench-0061,191,3,60439,0.0,0.125,0.125,tie,0.22774124145507812,99,256,256,False,3,1,True
dflash b16 triton vs stock dflash b16 radix-off c1,mt_bench-0063,57,314,33448,0.0,0.125,0.125,tie,0.24249672889709473,47,256,256,False,0,2,True
dflash b16 triton vs stock dflash b16 radix-off c1,mt_bench-0065,92,271,198,0.125,0.0,0.0625,tie,0.12248778343200684,65,256,256,False,0,3,True
dflash b16 triton vs stock dflash b16 radix-off c1,mt_bench-0066,181,15920,4751,0.125,0.0,0.125,tie,0.23847246170043945,60,256,256,False,2,4,True
dflash b16 triton vs stock dflash b16 radix-off c1,mt_bench-0067,51,13,1817,0.0,0.125,0.125,tie,0.12207531929016113,30,256,256,False,0,2,True
dflash b16 triton vs stock dflash b16 radix-off c1,mt_bench-0068,220,25291,15676,0.125,0.0,0.125,tie,0.2426464557647705,211,256,256,False,1,7,True
dflash b16 triton vs stock dflash b16 radix-off c1,mt_bench-0069,47,421,364,0.125,0.0,0.125,tie,0.1331648826599121,36,256,256,False,0,4,True
dflash b16 triton vs stock dflash b16 radix-off c1,mt_bench-0070,13,449,264,0.125,0.0,0.125,tie,0.1226201057434082,0,256,256,False,0,2,True
dflash b16 triton vs stock dflash b16 radix-off c1,mt_bench-0071,34,2950,28604,0.125,0.125,0.125,one_ulp,0.2198796272277832,20,256,256,False,0,4,True
dflash b16 triton vs stock dflash b16 radix-off c1,mt_bench-0072,143,264,279,0.0,0.125,0.125,tie,0.24315738677978516,41,256,256,False,2,2,True
dflash b16 triton vs stock dflash b16 radix-off c1,mt_bench-0073,86,38580,49773,0.0,0.125,0.125,tie,0.2095949649810791,11,256,256,False,0,4,True
dflash b16 triton vs stock dflash b16 radix-off c1,mt_bench-0075,17,318,369,0.0,0.125,0.125,tie,0.11690831184387207,0,256,256,False,3,13,True
dflash b16 triton vs stock dflash b16 radix-off c1,mt_bench-0076,131,369,32530,0.0,0.125,0.125,tie,0.23873305320739746,69,256,256,False,1,5,True
dflash b16 triton vs stock dflash b16 radix-off c1,mt_bench-0077,86,36009,74316,0.0,0.125,0.125,tie,0.24299287796020508,62,256,256,False,0,12,True
dflash b16 triton vs stock dflash b16 radix-off c1,mt_bench-0078,34,54759,4670,0.125,0.0,0.125,tie,0.2398054599761963,15,256,256,False,1,1,True
dflash b16 triton vs stock dflash b16 radix-off c1,mt_bench-0079,83,27687,46909,0.0,0.125,0.125,tie,0.4272000789642334,54,256,256,False,3,4,True
dflash b16 triton gdn-verify-triton vs stock dflash b16 radix-off c1,alpaca_eval-0000,6,63049,26310,0.125,0.0,0.125,tie,0.12662410736083984,1,256,256,False,2,2,True
dflash b16 triton gdn-verify-triton vs stock dflash b16 radix-off c1,alpaca_eval-0010,114,10478,2519,0.125,0.0,0.125,tie,0.15597224235534668,86,256,256,False,1,4,True
dflash b16 triton gdn-verify-triton vs stock dflash b16 radix-off c1,alpaca_eval-0020,154,310,1345,0.0,0.125,0.125,tie,0.23081731796264648,122,256,256,False,2,3,True
dflash b16 triton gdn-verify-triton vs stock dflash b16 radix-off c1,alpaca_eval-0030,94,357,1394,0.0,0.125,0.125,tie,0.15267300605773926,37,256,256,False,0,2,True
dflash b16 triton gdn-verify-triton vs stock dflash b16 radix-off c1,alpaca_eval-0040,241,321,1478,0.0,0.125,0.125,tie,0.22998714447021484,226,256,256,False,2,1,True
dflash b16 triton gdn-verify-triton vs stock dflash b16 radix-off c1,alpaca_eval-0050,20,7832,1007,0.125,0.0,0.125,tie,0.12100028991699219,0,256,256,False,11,5,True
dflash b16 triton gdn-verify-triton vs stock dflash b16 radix-off c1,alpaca_eval-0060,125,37462,20331,0.0625,0.0,0.0625,tie,0.239518404006958,94,256,256,False,3,1,True
dflash b16 triton gdn-verify-triton vs stock dflash b16 radix-off c1,alpaca_eval-0080,71,9183,11,0.125,0.0,0.125,tie,0.1262514591217041,58,256,256,False,0,3,True
dflash b16 triton gdn-verify-triton vs stock dflash b16 radix-off c1,alpaca_eval-0090,104,68488,10632,0.125,0.0,0.125,tie,0.22448277473449707,45,256,256,False,0,1,True
dflash b16 triton gdn-verify-triton vs stock dflash b16 radix-off c1,alpaca_eval-0100,51,264,10919,0.0,0.125,0.125,tie,0.22948169708251953,10,256,256,False,1,3,True
dflash b16 triton gdn-verify-triton vs stock dflash b16 radix-off c1,alpaca_eval-0110,105,5253,4528,0.125,0.0,0.125,tie,0.2282567024230957,65,256,256,False,2,1,True
dflash b16 triton gdn-verify-triton vs stock dflash b16 radix-off c1,alpaca_eval-0120,70,3364,2895,0.125,0.0,0.125,tie,0.19996929168701172,9,149,165,False,2,1,True
dflash b16 triton gdn-verify-triton vs stock dflash b16 radix-off c1,alpaca_eval-0130,72,67817,5758,0.125,0.0,0.125,tie,0.23438572883605957,30,256,256,False,1,1,True
dflash b16 triton gdn-verify-triton vs stock dflash b16 radix-off c1,alpaca_eval-0140,200,25047,214447,0.0,0.125,0.125,tie,0.17806386947631836,186,256,256,False,2,2,True
dflash b16 triton gdn-verify-triton vs stock dflash b16 radix-off c1,alpaca_eval-0150,120,25,11,0.125,0.0,0.125,tie,0.1592245101928711,89,256,256,False,3,1,True
dflash b16 triton gdn-verify-triton vs stock dflash b16 radix-off c1,alpaca_eval-0160,33,421,13,0.125,0.0,0.125,tie,0.1258692741394043,19,256,256,False,0,1,True
dflash b16 triton gdn-verify-triton vs stock dflash b16 radix-off c1,alpaca_eval-0180,39,24065,26932,0.0,0.125,0.125,tie,0.1295769214630127,13,256,256,False,3,3,True
dflash b16 triton gdn-verify-triton vs stock dflash b16 radix-off c1,alpaca_eval-0200,100,21299,4993,0.25,0.0,0.25,tie,0.24424171447753906,13,256,256,False,1,7,True
dflash b16 triton gdn-verify-triton vs stock dflash b16 radix-off c1,alpaca_eval-0210,95,318,364,0.125,0.125,0.125,one_ulp,0.19654035568237305,86,256,256,False,2,5,True
dflash b16 triton gdn-verify-triton vs stock dflash b16 radix-off c1,alpaca_eval-0220,7,65884,1402,0.12499994039535522,0.0,0.0625,tie,0.11725401878356934,4,256,256,False,0,1,True
dflash b16 triton gdn-verify-triton vs stock dflash b16 radix-off c1,alpaca_eval-0230,190,12298,23373,0.0,0.125,0.125,tie,0.23296117782592773,0,256,256,False,0,3,True
dflash b16 triton gdn-verify-triton vs stock dflash b16 radix-off c1,alpaca_eval-0240,238,1220,3125,0.0,0.125,0.125,tie,0.24117755889892578,217,256,256,False,2,3,True
dflash b16 triton gdn-verify-triton vs stock dflash b16 radix-off c1,alpaca_eval-0250,150,279,16577,0.0,0.125,0.125,tie,0.23705458641052246,18,256,256,False,0,3,True
dflash b16 triton gdn-verify-triton vs stock dflash b16 radix-off c1,alpaca_eval-0260,240,3761,7395,0.0,0.125,0.125,tie,0.20590758323669434,170,256,256,False,3,8,True
dflash b16 triton gdn-verify-triton vs stock dflash b16 radix-off c1,alpaca_eval-0270,150,11,318,0.0,0.125,0.125,tie,0.23573517799377441,10,256,256,False,4,1,True
dflash b16 triton gdn-verify-triton vs stock dflash b16 radix-off c1,alpaca_eval-0280,90,6286,328,0.125,0.0,0.125,tie,0.33568882942199707,30,256,256,False,0,1,True
dflash b16 triton gdn-verify-triton vs stock dflash b16 radix-off c1,alpaca_eval-0290,109,3579,958,0.125,0.0,0.125,tie,0.19335484504699707,46,256,256,False,6,8,True
dflash b16 triton gdn-verify-triton vs stock dflash b16 radix-off c1,alpaca_eval-0320,125,381,524,0.0,0.125,0.125,tie,0.2360231876373291,121,256,256,False,4,1,True
dflash b16 triton gdn-verify-triton vs stock dflash b16 radix-off c1,alpaca_eval-0330,10,2534,13759,0.0,0.125,0.125,tie,0.13184762001037598,8,256,256,False,1,1,True
dflash b16 triton gdn-verify-triton vs stock dflash b16 radix-off c1,alpaca_eval-0340,166,488,321,0.125,0.0,0.125,tie,0.23457670211791992,157,191,185,False,0,1,True
dflash b16 triton gdn-verify-triton vs stock dflash b16 radix-off c1,alpaca_eval-0350,195,1040,1318,0.0,0.125,0.125,tie,0.2819061279296875,146,256,256,False,0,3,True
dflash b16 triton gdn-verify-triton vs stock dflash b16 radix-off c1,alpaca_eval-0360,32,1017,2614,0.0,0.125,0.125,tie,0.2098674774169922,0,256,256,False,5,1,True
dflash b16 triton gdn-verify-triton vs stock dflash b16 radix-off c1,alpaca_eval-0380,200,15095,56140,0.0,0.125,0.125,tie,0.3632240295410156,9,256,256,False,1,1,True
dflash b16 triton gdn-verify-triton vs stock dflash b16 radix-off c1,alpaca_eval-0390,5,406,220,0.125,0.0,0.125,tie,0.11267471313476562,1,256,256,False,0,1,True
dflash b16 triton gdn-verify-triton vs stock dflash b16 radix-off c1,alpaca_eval-0400,7,2972,1510,0.125,0.0,0.125,tie,0.11746335029602051,6,256,256,False,1,5,True
dflash b16 triton gdn-verify-triton vs stock dflash b16 radix-off c1,alpaca_eval-0410,74,357,20656,0.0,0.125,0.125,tie,0.24059748649597168,39,256,256,False,1,8,True
dflash b16 triton gdn-verify-triton vs stock dflash b16 radix-off c1,alpaca_eval-0420,66,14838,22903,0.0,0.125,0.125,tie,0.23841381072998047,58,256,248,False,1,1,True
dflash b16 triton gdn-verify-triton vs stock dflash b16 radix-off c1,alpaca_eval-0430,179,12482,3520,0.125,0.0,0.125,tie,0.23725461959838867,132,256,256,False,2,3,True
dflash b16 triton gdn-verify-triton vs stock dflash b16 radix-off c1,alpaca_eval-0440,72,1970,13,0.125,0.0,0.125,tie,0.1225438117980957,0,256,256,False,2,6,True
dflash b16 triton gdn-verify-triton vs stock dflash b16 radix-off c1,alpaca_eval-0460,21,466,318,0.125,0.0,0.125,tie,0.1530248522758484,1,256,256,False,3,1,True
dflash b16 triton gdn-verify-triton vs stock dflash b16 radix-off c1,alpaca_eval-0470,78,279,345,0.0,0.125,0.125,tie,0.2456958293914795,0,256,256,False,0,2,True
dflash b16 triton gdn-verify-triton vs stock dflash b16 radix-off c1,alpaca_eval-0480,107,7497,1879,0.125,0.0,0.125,tie,0.16466736793518066,104,256,256,False,1,2,True
dflash b16 triton gdn-verify-triton vs stock dflash b16 radix-off c1,alpaca_eval-0500,191,20335,279,0.125,0.0,0.125,tie,0.2370152473449707,145,256,256,False,0,2,True
dflash b16 triton gdn-verify-triton vs stock dflash b16 radix-off c1,alpaca_eval-0510,17,10813,12103,0.0,0.125,0.125,tie,0.22382473945617676,12,164,217,False,1,5,True
dflash b16 triton gdn-verify-triton vs stock dflash b16 radix-off c1,alpaca_eval-0520,125,88433,760,0.0625,0.0625,0.0625,one_ulp,0.20262861251831055,84,256,256,False,7,3,True
dflash b16 triton gdn-verify-triton vs stock dflash b16 radix-off c1,alpaca_eval-0530,154,321,30096,0.0,0.125,0.125,tie,0.19601857662200928,123,256,256,False,0,3,True
dflash b16 triton gdn-verify-triton vs stock dflash b16 radix-off c1,alpaca_eval-0540,9,30,170286,0.0,0.125,0.125,tie,0.12141680717468262,0,18,11,False,5,3,True
dflash b16 triton gdn-verify-triton vs stock dflash b16 radix-off c1,alpaca_eval-0550,92,3037,5474,0.0,0.125,0.125,tie,0.21180224418640137,74,256,256,False,1,2,True
dflash b16 triton gdn-verify-triton vs stock dflash b16 radix-off c1,alpaca_eval-0560,173,65533,1536,0.125,0.0,0.125,tie,0.18934226036071777,60,256,256,False,6,3,True
dflash b16 triton gdn-verify-triton vs stock dflash b16 radix-off c1,alpaca_eval-0570,9,55007,495,0.125,0.0,0.125,tie,0.11882305145263672,0,256,256,False,5,2,True
dflash b16 triton gdn-verify-triton vs stock dflash b16 radix-off c1,alpaca_eval-0580,96,10340,321,0.125,0.0,0.125,tie,0.20737266540527344,79,256,256,False,3,1,True
dflash b16 triton gdn-verify-triton vs stock dflash b16 radix-off c1,cnn_dailymail-0003,43,4097,7106,0.0,0.125,0.125,tie,0.20438432693481445,9,112,109,False,2,2,True
dflash b16 triton gdn-verify-triton vs stock dflash b16 radix-off c1,cnn_dailymail-0005,75,43038,62529,0.0,0.125,0.125,tie,0.23805665969848633,41,256,256,False,1,15,True
dflash b16 triton gdn-verify-triton vs stock dflash b16 radix-off c1,cnn_dailymail-0007,53,321,3384,0.0,0.125,0.125,tie,0.22688651084899902,4,104,100,False,5,1,True
dflash b16 triton gdn-verify-triton vs stock dflash b16 radix-off c1,cnn_dailymail-0011,213,2196,69075,0.0,0.125,0.125,tie,0.15299773216247559,42,256,256,False,6,1,True
dflash b16 triton gdn-verify-triton vs stock dflash b16 radix-off c1,cnn_dailymail-0013,34,76057,9290,0.125,0.125,0.125,one_ulp,0.1568591594696045,0,106,107,False,1,3,True
dflash b16 triton gdn-verify-triton vs stock dflash b16 radix-off c1,cnn_dailymail-0015,97,42838,421,0.125,0.0,0.125,tie,0.20236563682556152,90,109,108,False,1,2,True
dflash b16 triton gdn-verify-triton vs stock dflash b16 radix-off c1,cnn_dailymail-0016,86,13,303,0.0,0.125,0.125,tie,0.23928356170654297,48,119,125,False,0,12,True
dflash b16 triton gdn-verify-triton vs stock dflash b16 radix-off c1,cnn_dailymail-0021,51,1680,2583,0.0,0.125,0.125,tie,0.22850990295410156,14,155,133,False,2,1,True
dflash b16 triton gdn-verify-triton vs stock dflash b16 radix-off c1,cnn_dailymail-0022,48,321,364,0.0,0.125,0.125,tie,0.1159975528717041,18,102,113,False,3,1,True
dflash b16 triton gdn-verify-triton vs stock dflash b16 radix-off c1,cnn_dailymail-0023,162,10471,14307,0.0,0.125,0.125,tie,0.23640012741088867,78,256,256,False,0,1,True
dflash b16 triton gdn-verify-triton vs stock dflash b16 radix-off c1,cnn_dailymail-0024,22,5732,2785,0.125,0.0,0.125,tie,0.19132733345031738,8,110,117,False,0,2,True
dflash b16 triton gdn-verify-triton vs stock dflash b16 radix-off c1,cnn_dailymail-0028,54,328,43001,0.0,0.125,0.125,tie,0.17835187911987305,5,111,114,False,0,4,True
dflash b16 triton gdn-verify-triton vs stock dflash b16 radix-off c1,cnn_dailymail-0031,98,19264,50359,0.0,0.25,0.125,tie,0.15233898162841797,2,128,130,False,1,4,True
dflash b16 triton gdn-verify-triton vs stock dflash b16 radix-off c1,cnn_dailymail-0033,25,23059,18816,0.1875,0.1875,0.0625,near,0.3841421604156494,24,91,95,False,1,6,True
dflash b16 triton gdn-verify-triton vs stock dflash b16 radix-off c1,cnn_dailymail-0034,12,11,411,0.0,0.125,0.125,tie,0.10473823547363281,4,108,110,False,4,3,True
dflash b16 triton gdn-verify-triton vs stock dflash b16 radix-off c1,cnn_dailymail-0036,31,43666,17489,0.125,0.125,0.125,one_ulp,0.214341402053833,13,97,108,False,0,4,True
dflash b16 triton gdn-verify-triton vs stock dflash b16 radix-off c1,cnn_dailymail-0037,23,8552,264,0.125,0.0,0.125,tie,0.2151041030883789,11,114,120,False,5,3,True
dflash b16 triton gdn-verify-triton vs stock dflash b16 radix-off c1,cnn_dailymail-0039,53,310,303,0.125,0.0,0.125,tie,0.1466662883758545,9,166,151,False,1,1,True
dflash b16 triton gdn-verify-triton vs stock dflash b16 radix-off c1,gsm8k-0000,148,5898,2420,0.125,0.0,0.125,tie,0.20091497898101807,134,256,256,False,2,1,True
dflash b16 triton gdn-verify-triton vs stock dflash b16 radix-off c1,gsm8k-0004,39,220,2250,0.125,0.125,0.125,one_ulp,0.12234139442443848,8,256,256,False,4,8,True
dflash b16 triton gdn-verify-triton vs stock dflash b16 radix-off c1,gsm8k-0006,54,19892,28924,0.0,0.125,0.125,tie,0.12151598930358887,41,256,256,False,9,2,True
dflash b16 triton gdn-verify-triton vs stock dflash b16 radix-off c1,gsm8k-0007,132,567,1042,0.0,0.125,0.125,tie,0.21319794654846191,87,256,256,False,1,5,True
dflash b16 triton gdn-verify-triton vs stock dflash b16 radix-off c1,gsm8k-0010,19,1324,29478,0.0,0.125,0.125,tie,0.16279375553131104,12,256,256,False,1,8,True
dflash b16 triton gdn-verify-triton vs stock dflash b16 radix-off c1,gsm8k-0012,32,12585,11044,0.125,0.0,0.125,tie,0.2548331022262573,20,256,256,False,0,2,True
dflash b16 triton gdn-verify-triton vs stock dflash b16 radix-off c1,gsm8k-0015,61,7742,32653,0.0,0.125,0.125,tie,0.3450663089752197,44,256,256,False,0,12,True
dflash b16 triton gdn-verify-triton vs stock dflash b16 radix-off c1,gsm8k-0019,178,1088,14728,0.0,0.125,0.125,tie,0.16891074180603027,70,256,256,False,6,16,True
dflash b16 triton gdn-verify-triton vs stock dflash b16 radix-off c1,gsm8k-0020,44,2144,8529,0.0,0.125,0.125,tie,0.12229180335998535,2,256,256,False,0,5,True
dflash b16 triton gdn-verify-triton vs stock dflash b16 radix-off c1,gsm8k-0023,97,279,5141,0.0,0.125,0.125,tie,0.18110060691833496,83,256,256,False,10,3,True
dflash b16 triton gdn-verify-triton vs stock dflash b16 radix-off c1,gsm8k-0031,7,1118,1144,0.0,0.125,0.125,tie,0.11940550804138184,4,256,256,False,6,1,True
dflash b16 triton gdn-verify-triton vs stock dflash b16 radix-off c1,gsm8k-0032,120,13,791,0.0,0.125,0.125,tie,0.2382216453552246,17,256,256,False,6,9,True
dflash b16 triton gdn-verify-triton vs stock dflash b16 radix-off c1,gsm8k-0035,139,318,303,0.125,0.0,0.125,tie,0.22343134880065918,32,256,256,False,1,11,True
dflash b16 triton gdn-verify-triton vs stock dflash b16 radix-off c1,gsm8k-0038,162,1368,6558,0.0,0.125,0.125,tie,0.1915205717086792,152,256,256,False,2,3,True
dflash b16 triton gdn-verify-triton vs stock dflash b16 radix-off c1,gsm8k-0039,201,198,271,0.0,0.125,0.125,tie,0.2394390106201172,166,256,256,False,3,16,True
dflash b16 triton gdn-verify-triton vs stock dflash b16 radix-off c1,gsm8k-0040,43,13682,9,0.125,0.0,0.125,tie,0.12094759941101074,13,212,208,False,11,1,True
dflash b16 triton gdn-verify-triton vs stock dflash b16 radix-off c1,gsm8k-0044,16,2014,15771,0.0,0.125,0.125,tie,0.30284440517425537,9,256,256,False,14,1,True
dflash b16 triton gdn-verify-triton vs stock dflash b16 radix-off c1,gsm8k-0045,157,1088,19185,0.0,0.24999994039535522,0.25,tie,0.290480375289917,94,256,256,False,1,9,True
dflash b16 triton gdn-verify-triton vs stock dflash b16 radix-off c1,gsm8k-0046,123,1206,760,0.125,0.0,0.125,tie,0.24364614486694336,19,256,256,False,3,2,True
dflash b16 triton gdn-verify-triton vs stock dflash b16 radix-off c1,gsm8k-0051,60,220,393,0.0,0.125,0.125,tie,0.24063730239868164,4,256,256,False,0,1,True
dflash b16 triton gdn-verify-triton vs stock dflash b16 radix-off c1,gsm8k-0053,249,19892,7548,0.125,0.0,0.125,tie,0.12137031555175781,27,256,256,False,10,12,True
dflash b16 triton gdn-verify-triton vs stock dflash b16 radix-off c1,gsm8k-0056,75,25,364,0.0,0.125,0.125,tie,0.1238868236541748,26,256,256,False,15,5,True
dflash b16 triton gdn-verify-triton vs stock dflash b16 radix-off c1,gsm8k-0058,45,20100,12079,0.125,0.0,0.125,tie,0.36457180976867676,19,256,256,False,0,4,True
dflash b16 triton gdn-verify-triton vs stock dflash b16 radix-off c1,gsm8k-0060,19,4952,321,0.25,0.0,0.125,tie,0.24147891998291016,9,256,256,False,3,1,True
dflash b16 triton gdn-verify-triton vs stock dflash b16 radix-off c1,gsm8k-0061,129,71690,19172,0.125,0.0,0.125,tie,0.16124200820922852,69,256,256,False,8,2,True
dflash b16 triton gdn-verify-triton vs stock dflash b16 radix-off c1,gsm8k-0062,57,449,393,0.125,0.0,0.125,tie,0.24503350257873535,31,256,256,False,5,8,True
dflash b16 triton gdn-verify-triton vs stock dflash b16 radix-off c1,gsm8k-0065,190,5122,17239,0.0,0.12500005960464478,0.125,tie,0.14506065845489502,85,256,256,False,9,16,True
dflash b16 triton gdn-verify-triton vs stock dflash b16 radix-off c1,gsm8k-0066,22,23208,279,0.125,0.0,0.125,tie,0.12135124206542969,11,256,256,False,1,3,True
dflash b16 triton gdn-verify-triton vs stock dflash b16 radix-off c1,gsm8k-0068,179,25,318,0.0,0.125,0.125,tie,0.24317359924316406,80,256,256,False,2,10,True
dflash b16 triton gdn-verify-triton vs stock dflash b16 radix-off c1,gsm8k-0070,15,13,25,0.0,0.125,0.125,tie,0.12159466743469238,12,256,256,False,1,1,True
dflash b16 triton gdn-verify-triton vs stock dflash b16 radix-off c1,gsm8k-0071,143,220,62,0.125,0.0,0.125,tie,0.18930411338806152,34,256,256,False,0,3,True
dflash b16 triton gdn-verify-triton vs stock dflash b16 radix-off c1,gsm8k-0076,53,9,13682,0.0,0.125,0.125,tie,0.19282591342926025,41,256,256,False,0,7,True
dflash b16 triton gdn-verify-triton vs stock dflash b16 radix-off c1,humaneval-0005,48,279,1066,0.125,0.125,0.125,one_ulp,0.14648061990737915,1,256,256,False,6,11,True
dflash b16 triton gdn-verify-triton vs stock dflash b16 radix-off c1,humaneval-0010,135,364,653,0.0,0.25,0.25,tie,0.12260842323303223,126,180,190,False,9,6,True
dflash b16 triton gdn-verify-triton vs stock dflash b16 radix-off c1,humaneval-0011,71,760,40,0.125,0.0,0.125,tie,0.20433151721954346,16,256,256,False,10,16,True
dflash b16 triton gdn-verify-triton vs stock dflash b16 radix-off c1,humaneval-0014,65,15305,33120,0.0,0.125,0.125,tie,0.17891216278076172,1,256,256,False,1,1,True
dflash b16 triton gdn-verify-triton vs stock dflash b16 radix-off c1,humaneval-0017,80,1083,539,0.125,0.0,0.125,tie,0.1916186809539795,0,256,256,False,1,6,True
dflash b16 triton gdn-verify-triton vs stock dflash b16 radix-off c1,humaneval-0021,200,87,2334,0.0,0.125,0.125,tie,0.4813191890716553,0,221,221,False,6,3,True
dflash b16 triton gdn-verify-triton vs stock dflash b16 radix-off c1,humaneval-0025,146,271,198,0.25,0.0,0.125,tie,0.11379194259643555,0,219,221,False,4,16,True
dflash b16 triton gdn-verify-triton vs stock dflash b16 radix-off c1,humaneval-0026,52,1204,279,0.125,0.0,0.125,tie,0.23961424827575684,4,256,256,False,8,5,True
dflash b16 triton gdn-verify-triton vs stock dflash b16 radix-off c1,humaneval-0028,0,71093,727,0.375,0.0,0.25,tie,0.0,,70,60,False,0,,True
dflash b16 triton gdn-verify-triton vs stock dflash b16 radix-off c1,humaneval-0032,39,2574,1406,0.125,0.0,0.125,tie,0.13437128067016602,33,256,256,False,1,4,True
dflash b16 triton gdn-verify-triton vs stock dflash b16 radix-off c1,humaneval-0033,164,198,271,0.0,0.125,0.125,tie,0.29508185386657715,0,256,256,False,2,1,True
dflash b16 triton gdn-verify-triton vs stock dflash b16 radix-off c1,humaneval-0036,2,198,1358,0.0,0.125,0.125,tie,0.0005714893341064453,0,139,139,False,1,1,True
dflash b16 triton gdn-verify-triton vs stock dflash b16 radix-off c1,humaneval-0038,128,198,318,0.0,0.125,0.125,tie,0.176347017288208,13,256,256,False,5,3,True
dflash b16 triton gdn-verify-triton vs stock dflash b16 radix-off c1,humaneval-0039,0,727,71093,0.125,0.125,0.125,one_ulp,0.0,,253,253,False,0,,True
dflash b16 triton gdn-verify-triton vs stock dflash b16 radix-off c1,humaneval-0043,2,198,1358,0.0,0.125,0.125,tie,0.08976459503173828,0,201,201,False,1,1,True
dflash b16 triton gdn-verify-triton vs stock dflash b16 radix-off c1,humaneval-0047,13,561,271,0.25,0.0,0.125,tie,0.11234736442565918,11,256,256,False,2,6,True
dflash b16 triton gdn-verify-triton vs stock dflash b16 radix-off c1,humaneval-0050,20,1754,1396,0.125,0.0,0.125,tie,0.19815993309020996,0,256,256,False,5,1,True
dflash b16 triton gdn-verify-triton vs stock dflash b16 radix-off c1,humaneval-0052,0,71093,727,0.125,0.0,0.125,tie,0.0,,100,95,False,0,,True
dflash b16 triton gdn-verify-triton vs stock dflash b16 radix-off c1,humaneval-0053,20,4829,1220,0.125,0.0,0.125,tie,0.12222480773925781,16,193,176,False,0,2,True
dflash b16 triton gdn-verify-triton vs stock dflash b16 radix-off c1,humaneval-0059,43,430,18253,0.0,0.125,0.125,tie,0.12151408195495605,28,256,256,False,2,4,True
dflash b16 triton gdn-verify-triton vs stock dflash b16 radix-off c1,mt_bench-0000,3,303,11,0.0625,0.0,0.0625,tie,0.016515731811523438,1,256,256,False,0,1,True
dflash b16 triton gdn-verify-triton vs stock dflash b16 radix-off c1,mt_bench-0001,127,1040,10386,0.0,0.125,0.125,tie,0.24036812782287598,46,153,153,False,2,2,True
dflash b16 triton gdn-verify-triton vs stock dflash b16 radix-off c1,mt_bench-0003,230,1724,1990,0.0,0.125,0.125,tie,0.2203388214111328,110,256,256,False,2,3,True
dflash b16 triton gdn-verify-triton vs stock dflash b16 radix-off c1,mt_bench-0004,11,23772,264,0.125,0.125,0.125,one_ulp,0.1459062099456787,8,226,243,False,2,3,True
dflash b16 triton gdn-verify-triton vs stock dflash b16 radix-off c1,mt_bench-0005,131,27597,11,0.125,0.0,0.125,tie,0.18846797943115234,111,256,256,False,0,2,True
dflash b16 triton gdn-verify-triton vs stock dflash b16 radix-off c1,mt_bench-0006,32,1016,10708,0.0,0.125,0.125,tie,0.23091769218444824,31,256,256,False,0,2,True
dflash b16 triton gdn-verify-triton vs stock dflash b16 radix-off c1,mt_bench-0007,119,13,3482,0.0,0.25,0.25,tie,0.24107575416564941,18,176,173,False,2,3,True
dflash b16 triton gdn-verify-triton vs stock dflash b16 radix-off c1,mt_bench-0008,165,908,1171,0.0,0.25,0.25,tie,0.13788461685180664,116,256,256,False,0,8,True
dflash b16 triton gdn-verify-triton vs stock dflash b16 radix-off c1,mt_bench-0009,86,321,11,0.125,0.0,0.125,tie,0.22858428955078125,40,256,256,False,0,3,True
dflash b16 triton gdn-verify-triton vs stock dflash b16 radix-off c1,mt_bench-0010,15,8964,1,0.125,0.0,0.125,tie,0.1253044605255127,7,256,256,False,0,2,True
dflash b16 triton gdn-verify-triton vs stock dflash b16 radix-off c1,mt_bench-0012,32,54081,18324,0.125,0.0,0.125,tie,0.22903966903686523,2,256,256,False,1,2,True
dflash b16 triton gdn-verify-triton vs stock dflash b16 radix-off c1,mt_bench-0013,18,4927,2609,0.125,0.0,0.125,tie,0.15186738967895508,17,256,256,False,0,1,True
dflash b16 triton gdn-verify-triton vs stock dflash b16 radix-off c1,mt_bench-0014,178,9306,11,0.0625,0.0625,0.0625,one_ulp,0.20213890075683594,49,256,256,False,2,1,True
dflash b16 triton gdn-verify-triton vs stock dflash b16 radix-off c1,mt_bench-0015,94,539,13,0.125,0.0,0.125,tie,0.35727953910827637,32,256,256,False,1,2,True
dflash b16 triton gdn-verify-triton vs stock dflash b16 radix-off c1,mt_bench-0017,69,44145,5304,0.125,0.0,0.125,tie,0.243943452835083,49,256,256,False,1,7,True
dflash b16 triton gdn-verify-triton vs stock dflash b16 radix-off c1,mt_bench-0018,28,32773,61,0.125,0.0,0.125,tie,0.1373140811920166,12,158,141,False,2,3,True
dflash b16 triton gdn-verify-triton vs stock dflash b16 radix-off c1,mt_bench-0019,189,47733,28599,0.125,0.0,0.125,tie,0.1613321304321289,59,256,256,False,0,1,True
dflash b16 triton gdn-verify-triton vs stock dflash b16 radix-off c1,mt_bench-0022,18,2592,760,0.12499994039535522,0.0,0.125,tie,0.12175965309143066,12,256,106,False,0,2,True
dflash b16 triton gdn-verify-triton vs stock dflash b16 radix-off c1,mt_bench-0024,191,1902,303,0.125,0.0,0.125,tie,0.29449892044067383,151,256,256,False,8,5,True
dflash b16 triton gdn-verify-triton vs stock dflash b16 radix-off c1,mt_bench-0026,212,3130,198,0.125,0.0,0.125,tie,0.2253742218017578,155,256,256,False,13,12,True
dflash b16 triton gdn-verify-triton vs stock dflash b16 radix-off c1,mt_bench-0028,43,16903,1409,0.125,0.0,0.125,tie,0.22602605819702148,36,256,256,False,2,2,True
dflash b16 triton gdn-verify-triton vs stock dflash b16 radix-off c1,mt_bench-0029,123,310,13,0.125,0.0,0.125,tie,0.1410670280456543,113,256,256,False,0,4,True
dflash b16 triton gdn-verify-triton vs stock dflash b16 radix-off c1,mt_bench-0033,216,314,421,0.0,0.12500005960464478,0.125,tie,0.23821616172790527,36,256,256,False,1,4,True
dflash b16 triton gdn-verify-triton vs stock dflash b16 radix-off c1,mt_bench-0035,97,279,35195,0.0,0.125,0.125,tie,0.15487134456634521,94,256,256,False,1,9,True
dflash b16 triton gdn-verify-triton vs stock dflash b16 radix-off c1,mt_bench-0036,39,47246,733,0.125,0.0,0.125,tie,0.12222552299499512,1,256,256,False,9,3,True
dflash b16 triton gdn-verify-triton vs stock dflash b16 radix-off c1,mt_bench-0037,238,9077,72364,0.0,0.125,0.125,tie,0.23543357849121094,0,256,256,False,1,4,True
dflash b16 triton gdn-verify-triton vs stock dflash b16 radix-off c1,mt_bench-0039,143,26782,279,0.125,0.0,0.125,tie,0.16974377632141113,47,256,256,False,12,16,True
dflash b16 triton gdn-verify-triton vs stock dflash b16 radix-off c1,mt_bench-0040,189,321,539,0.0,0.125,0.125,tie,0.23999595642089844,41,256,256,False,1,1,True
dflash b16 triton gdn-verify-triton vs stock dflash b16 radix-off c1,mt_bench-0042,153,19,15,0.125,0.0,0.125,tie,0.16816425323486328,46,256,256,False,11,13,True
dflash b16 triton gdn-verify-triton vs stock dflash b16 radix-off c1,mt_bench-0044,88,1719,10957,0.0,0.125,0.125,tie,0.19471383094787598,54,256,256,False,0,4,True
dflash b16 triton gdn-verify-triton vs stock dflash b16 radix-off c1,mt_bench-0047,40,7620,1,0.125,0.0,0.0625,tie,0.2001781463623047,38,256,256,False,3,5,True
dflash b16 triton gdn-verify-triton vs stock dflash b16 radix-off c1,mt_bench-0048,49,488,580,0.0,0.125,0.125,tie,0.227492094039917,41,256,256,False,0,2,True
dflash b16 triton gdn-verify-triton vs stock dflash b16 radix-off c1,mt_bench-0049,0,36948,1206,0.12499994039535522,0.0,0.125,tie,0.0,,256,256,False,0,,True
dflash b16 triton gdn-verify-triton vs stock dflash b16 radix-off c1,mt_bench-0050,41,24936,1164,0.25,0.0,0.125,tie,0.12004232406616211,31,256,256,False,0,14,True
dflash b16 triton gdn-verify-triton vs stock dflash b16 radix-off c1,mt_bench-0059,87,8020,220,0.125,0.125,0.125,one_ulp,0.12221455574035645,77,256,256,False,2,5,True
dflash b16 triton gdn-verify-triton vs stock dflash b16 radix-off c1,mt_bench-0060,32,29144,6745,0.125,0.0,0.125,tie,0.3034350872039795,1,256,256,False,2,11,True
dflash b16 triton gdn-verify-triton vs stock dflash b16 radix-off c1,mt_bench-0061,191,3,60439,0.0,0.125,0.125,tie,0.22774124145507812,99,256,256,False,3,1,True
dflash b16 triton gdn-verify-triton vs stock dflash b16 radix-off c1,mt_bench-0063,57,314,33448,0.0,0.125,0.125,tie,0.24249672889709473,47,256,256,False,0,2,True
dflash b16 triton gdn-verify-triton vs stock dflash b16 radix-off c1,mt_bench-0065,92,271,198,0.125,0.0,0.0625,tie,0.12248778343200684,65,256,256,False,0,3,True
dflash b16 triton gdn-verify-triton vs stock dflash b16 radix-off c1,mt_bench-0066,181,15920,4751,0.125,0.0,0.125,tie,0.23847246170043945,60,256,256,False,2,4,True
dflash b16 triton gdn-verify-triton vs stock dflash b16 radix-off c1,mt_bench-0067,51,13,1817,0.0,0.125,0.125,tie,0.12207531929016113,30,256,256,False,0,2,True
dflash b16 triton gdn-verify-triton vs stock dflash b16 radix-off c1,mt_bench-0068,220,25291,15676,0.125,0.0,0.125,tie,0.2426464557647705,211,256,256,False,1,7,True
dflash b16 triton gdn-verify-triton vs stock dflash b16 radix-off c1,mt_bench-0069,47,421,364,0.125,0.0,0.125,tie,0.1331648826599121,36,256,256,False,0,4,True
dflash b16 triton gdn-verify-triton vs stock dflash b16 radix-off c1,mt_bench-0070,13,449,264,0.125,0.0,0.125,tie,0.1226201057434082,0,256,256,False,0,2,True
dflash b16 triton gdn-verify-triton vs stock dflash b16 radix-off c1,mt_bench-0071,34,2950,28604,0.125,0.125,0.125,one_ulp,0.2198796272277832,20,256,256,False,0,4,True
dflash b16 triton gdn-verify-triton vs stock dflash b16 radix-off c1,mt_bench-0072,143,264,279,0.0,0.125,0.125,tie,0.24315738677978516,41,256,256,False,2,2,True
dflash b16 triton gdn-verify-triton vs stock dflash b16 radix-off c1,mt_bench-0073,86,38580,49773,0.0,0.125,0.125,tie,0.2095949649810791,11,256,256,False,0,4,True
dflash b16 triton gdn-verify-triton vs stock dflash b16 radix-off c1,mt_bench-0075,17,318,369,0.0,0.125,0.125,tie,0.11690831184387207,0,256,256,False,3,13,True
dflash b16 triton gdn-verify-triton vs stock dflash b16 radix-off c1,mt_bench-0076,131,369,32530,0.0,0.125,0.125,tie,0.23873305320739746,69,256,256,False,1,5,True
dflash b16 triton gdn-verify-triton vs stock dflash b16 radix-off c1,mt_bench-0077,86,36009,74316,0.0,0.125,0.125,tie,0.24299287796020508,62,256,256,False,0,12,True
dflash b16 triton gdn-verify-triton vs stock dflash b16 radix-off c1,mt_bench-0078,34,54759,4670,0.125,0.0,0.125,tie,0.2398054599761963,15,256,256,False,1,1,True
dflash b16 triton gdn-verify-triton vs stock dflash b16 radix-off c1,mt_bench-0079,83,27687,46909,0.0,0.125,0.125,tie,0.4272000789642334,54,256,256,False,3,4,True
