pair,id,pos,tok_a,tok_b,margin_a,margin_b,ulp,cls,max_drift,max_drift_pos,first_logprob_diff,len_a,len_b,length_mismatch,cycle_offset_b,prev_cycle_len_b,cycles_ok_b
"repeat session, plain c32",cnn_dailymail-0029,207,14217,10661,0.125,0.0,0.125,tie,0.15007317066192627,195,178,256,256,False,,,
"repeat session, plain c32",cnn_dailymail-0032,153,22525,75532,0.0,0.125,0.125,tie,0.11427807807922363,140,139,256,256,False,,,
"repeat session, plain c32",cnn_dailymail-0037,53,264,20684,0.0,0.125,0.125,tie,0.11330318450927734,32,32,110,137,False,,,
"repeat session, plain c32",cnn_dailymail-0039,53,310,303,0.125,0.0,0.125,tie,0.19490718841552734,31,1,151,151,False,,,
"concurrency 1 vs 32 (cap 8), plain",alpaca_eval-0180,21,6206,4752,0.125,0.0,0.125,tie,0.17781639099121094,20,2,256,256,False,,,
"concurrency 1 vs 32 (cap 8), plain",alpaca_eval-0480,107,1879,7497,0.0,0.125,0.125,tie,0.23333454132080078,99,0,256,256,False,,,
"concurrency 1 vs 32 (cap 8), plain",alpaca_eval-0490,103,5129,1496,0.125,0.0,0.125,tie,0.14397192001342773,43,0,256,256,False,,,
"concurrency 1 vs 32 (cap 8), plain",alpaca_eval-0580,96,321,10340,0.0,0.125,0.125,tie,0.24531006813049316,4,0,256,256,False,,,
"concurrency 1 vs 32 (cap 8), plain",alpaca_eval-0590,235,21426,37568,0.0,0.125,0.125,tie,0.23099493980407715,121,0,256,256,False,,,
"concurrency 1 vs 32 (cap 8), plain",cnn_dailymail-0009,47,888,279,0.125,0.0,0.125,tie,0.1762923002243042,45,0,80,81,False,,,
"concurrency 1 vs 32 (cap 8), plain",cnn_dailymail-0018,91,279,264,0.125,0.0,0.125,tie,0.20024418830871582,71,46,111,111,False,,,
"concurrency 1 vs 32 (cap 8), plain",cnn_dailymail-0019,52,3372,8855,0.0,0.25,0.125,tie,0.11365032196044922,42,37,102,104,False,,,
"concurrency 1 vs 32 (cap 8), plain",cnn_dailymail-0020,71,2824,12968,0.125,0.125,0.125,one_ulp,0.22194337844848633,33,19,256,256,False,,,
"concurrency 1 vs 32 (cap 8), plain",cnn_dailymail-0021,43,4788,1010,0.125,0.0,0.125,tie,0.21401619911193848,13,1,118,131,False,,,
"concurrency 1 vs 32 (cap 8), plain",cnn_dailymail-0024,22,5732,2785,0.125,0.0,0.125,tie,0.10567736625671387,19,10,107,112,False,,,
"concurrency 1 vs 32 (cap 8), plain",cnn_dailymail-0026,226,45482,48401,0.0,0.125,0.125,tie,0.21873092651367188,33,1,256,256,False,,,
"concurrency 1 vs 32 (cap 8), plain",cnn_dailymail-0029,152,8897,279,0.125,0.0,0.125,tie,0.08760416507720947,151,144,256,256,False,,,
"concurrency 1 vs 32 (cap 8), plain",cnn_dailymail-0030,59,491,1528,0.0,0.125,0.125,tie,0.2166154384613037,23,0,92,94,False,,,
"concurrency 1 vs 32 (cap 8), plain",cnn_dailymail-0032,153,75532,22525,0.125,0.0,0.125,tie,0.21542704105377197,128,105,256,256,False,,,
"concurrency 1 vs 32 (cap 8), plain",cnn_dailymail-0035,192,21046,1615,0.25,0.0,0.125,tie,0.1867234706878662,138,49,256,256,False,,,
"concurrency 1 vs 32 (cap 8), plain",cnn_dailymail-0037,53,20684,264,0.125,0.0,0.125,tie,0.1413133144378662,42,32,137,110,False,,,
"concurrency 1 vs 32 (cap 8), plain",cnn_dailymail-0038,104,509,9290,0.0,0.125,0.125,tie,0.23810482025146484,72,24,256,256,False,,,
"concurrency 1 vs 32 (cap 8), plain",cnn_dailymail-0039,132,864,28546,0.0,0.125,0.125,tie,0.22824883460998535,108,1,166,151,False,,,
"concurrency 1 vs 32 (cap 8), plain",gsm8k-0002,29,279,17704,0.0,0.125,0.125,tie,0.2454688549041748,0,0,256,256,False,,,
"concurrency 1 vs 32 (cap 8), plain",gsm8k-0005,61,283,25,0.25,0.0,0.25,tie,0.16491460800170898,54,0,256,256,False,,,
"concurrency 1 vs 32 (cap 8), plain",gsm8k-0006,194,188144,15875,0.125,0.0,0.125,tie,0.3463411331176758,8,0,256,256,False,,,
"concurrency 1 vs 32 (cap 8), plain",gsm8k-0007,144,1,279,0.0,0.125,0.125,tie,0.21152830123901367,43,0,256,256,False,,,
"concurrency 1 vs 32 (cap 8), plain",gsm8k-0010,19,29478,1324,0.25,0.0,0.25,tie,0.11870837211608887,0,0,256,256,False,,,
"concurrency 1 vs 32 (cap 8), plain",gsm8k-0011,26,1421,38663,0.0,0.12500005960464478,0.125,tie,0.09239614009857178,8,0,256,256,False,,,
"concurrency 1 vs 32 (cap 8), plain",gsm8k-0012,187,65253,36941,0.125,0.0,0.125,tie,0.5716531276702881,67,0,256,256,False,,,
"concurrency 1 vs 32 (cap 8), plain",gsm8k-0015,44,31187,4997,0.125,0.125,0.125,one_ulp,0.3601553440093994,15,0,256,256,False,,,
"concurrency 1 vs 32 (cap 8), plain",gsm8k-0020,113,2989,220,0.125,0.0,0.125,tie,0.1987457275390625,40,0,256,256,False,,,
"concurrency 1 vs 32 (cap 8), plain",gsm8k-0028,27,2702,3377,0.0,0.125,0.125,tie,0.12370443344116211,17,0,248,240,False,,,
"concurrency 1 vs 32 (cap 8), plain",gsm8k-0031,7,1144,1118,0.125,0.0,0.125,tie,0.12003159523010254,4,0,256,256,False,,,
"concurrency 1 vs 32 (cap 8), plain",gsm8k-0037,47,1088,16,0.125,0.0,0.125,tie,0.12243843078613281,41,0,256,256,False,,,
"concurrency 1 vs 32 (cap 8), plain",gsm8k-0038,201,32645,328,0.25,0.0,0.125,tie,0.19590270519256592,105,0,256,256,False,,,
"concurrency 1 vs 32 (cap 8), plain",gsm8k-0053,74,393,56014,0.0,0.25,0.25,tie,0.24454092979431152,27,0,256,256,False,,,
"concurrency 1 vs 32 (cap 8), plain",gsm8k-0063,155,271,198,0.125,0.0,0.125,tie,0.16934490203857422,145,0,256,256,False,,,
"concurrency 1 vs 32 (cap 8), plain",gsm8k-0067,17,25,13,0.125,0.0,0.125,tie,0.12280130386352539,8,2,256,256,False,,,
"concurrency 1 vs 32 (cap 8), plain",gsm8k-0070,15,25,13,0.125,0.0,0.125,tie,0.1498410701751709,12,0,256,256,False,,,
"concurrency 1 vs 32 (cap 8), plain",gsm8k-0079,85,1590,553,0.125,0.0,0.125,tie,0.21295475959777832,31,0,170,170,False,,,
"concurrency 1 vs 32 (cap 8), plain",humaneval-0032,94,682,1902,0.0,0.125,0.125,tie,0.20372724533081055,71,0,256,256,False,,,
"concurrency 1 vs 32 (cap 8), plain",humaneval-0033,164,271,198,0.125,0.0,0.125,tie,0.12264800071716309,155,0,256,256,False,,,
"concurrency 1 vs 32 (cap 8), plain",mt_bench-0001,127,10386,1040,0.125,0.0,0.125,tie,0.2434864044189453,109,0,153,153,False,,,
"concurrency 1 vs 32 (cap 8), plain",mt_bench-0032,137,34167,27382,0.125,0.0,0.125,tie,0.1475222110748291,36,2,256,256,False,,,
"concurrency 1 vs 32 (cap 8), mtp_s1",alpaca_eval-0000,6,26310,63049,0.0,0.125,0.125,tie,0.07784163951873779,2,1,256,256,False,0,2,True
"concurrency 1 vs 32 (cap 8), mtp_s1",alpaca_eval-0010,162,4613,11,0.25,0.0,0.125,tie,0.20829129219055176,94,1,256,256,False,0,2,True
"concurrency 1 vs 32 (cap 8), mtp_s1",alpaca_eval-0020,156,1441,424,0.125,0.0,0.125,tie,0.19205355644226074,129,1,256,256,False,0,2,True
"concurrency 1 vs 32 (cap 8), mtp_s1",alpaca_eval-0040,241,1478,321,0.125,0.0,0.125,tie,0.22867131233215332,108,1,256,256,False,1,2,True
"concurrency 1 vs 32 (cap 8), mtp_s1",alpaca_eval-0080,76,50209,15214,0.125,0.0,0.125,tie,0.22029709815979004,41,1,256,256,False,1,2,True
"concurrency 1 vs 32 (cap 8), mtp_s1",alpaca_eval-0090,88,4364,6762,0.0,0.125,0.125,tie,0.2303462028503418,81,1,256,256,False,1,2,True
"concurrency 1 vs 32 (cap 8), mtp_s1",alpaca_eval-0100,65,90433,45675,0.125,0.0,0.125,tie,0.136826753616333,53,1,256,256,False,0,2,True
"concurrency 1 vs 32 (cap 8), mtp_s1",alpaca_eval-0110,93,18995,279,0.125,0.0,0.125,tie,0.12168765068054199,75,1,256,256,False,1,1,True
"concurrency 1 vs 32 (cap 8), mtp_s1",alpaca_eval-0120,100,68587,1852,0.25,0.0,0.25,tie,0.21063828468322754,31,1,156,169,False,1,2,True
"concurrency 1 vs 32 (cap 8), mtp_s1",alpaca_eval-0130,38,39107,1876,0.12500005960464478,0.0,0.0625,tie,0.12531375885009766,37,1,256,256,False,0,2,True
"concurrency 1 vs 32 (cap 8), mtp_s1",alpaca_eval-0140,234,36636,6855,0.125,0.0,0.125,tie,0.19228005409240723,181,1,256,256,False,0,2,True
"concurrency 1 vs 32 (cap 8), mtp_s1",alpaca_eval-0150,120,11,25,0.0,0.125,0.125,tie,0.14542484283447266,20,1,256,256,False,0,2,True
"concurrency 1 vs 32 (cap 8), mtp_s1",alpaca_eval-0160,195,2144,11,0.12499994039535522,0.0,0.125,tie,0.21312808990478516,52,1,256,256,False,0,1,True
"concurrency 1 vs 32 (cap 8), mtp_s1",alpaca_eval-0170,192,557,579,0.0,0.125,0.125,tie,0.18908953666687012,94,1,256,256,False,1,2,True
"concurrency 1 vs 32 (cap 8), mtp_s1",alpaca_eval-0180,81,303,3428,0.0,0.125,0.125,tie,0.22127008438110352,48,1,256,256,False,1,1,True
"concurrency 1 vs 32 (cap 8), mtp_s1",alpaca_eval-0200,144,68,39551,0.0,0.125,0.125,tie,0.24297118186950684,70,1,256,256,False,0,2,True
"concurrency 1 vs 32 (cap 8), mtp_s1",alpaca_eval-0210,95,318,364,0.0,0.125,0.125,tie,0.12381243705749512,40,1,256,256,False,1,2,True
"concurrency 1 vs 32 (cap 8), mtp_s1",alpaca_eval-0230,190,23373,12298,0.125,0.0,0.125,tie,0.18822908401489258,175,1,256,256,False,1,2,True
"concurrency 1 vs 32 (cap 8), mtp_s1",alpaca_eval-0240,9,46548,7253,0.125,0.0,0.125,tie,0.11940789222717285,2,1,256,256,False,0,2,True
"concurrency 1 vs 32 (cap 8), mtp_s1",alpaca_eval-0250,103,836,279,0.125,0.0,0.125,tie,0.21499276161193848,88,1,256,256,False,0,2,True
"concurrency 1 vs 32 (cap 8), mtp_s1",alpaca_eval-0260,78,198,271,0.0,0.125,0.125,tie,0.14092326164245605,72,1,256,256,False,0,2,True
"concurrency 1 vs 32 (cap 8), mtp_s1",alpaca_eval-0270,11,279,2046,0.0,0.125,0.125,tie,0.2083296775817871,5,1,256,256,False,0,1,True
"concurrency 1 vs 32 (cap 8), mtp_s1",alpaca_eval-0280,42,159029,314,0.125,0.0,0.125,tie,0.20449423789978027,31,1,256,256,False,1,2,True
"concurrency 1 vs 32 (cap 8), mtp_s1",alpaca_eval-0290,109,3579,958,0.125,0.125,0.125,one_ulp,0.1904456615447998,46,1,256,256,False,0,2,True
"concurrency 1 vs 32 (cap 8), mtp_s1",alpaca_eval-0300,5,16866,638,0.125,0.0,0.125,tie,5.10007084812969e-05,4,2,256,256,False,0,2,True
"concurrency 1 vs 32 (cap 8), mtp_s1",alpaca_eval-0320,31,25,5469,0.0,0.125,0.125,tie,0.13989973068237305,13,1,256,256,False,0,1,True
"concurrency 1 vs 32 (cap 8), mtp_s1",alpaca_eval-0330,108,6326,16070,0.0,0.125,0.125,tie,0.1740710735321045,88,1,256,256,False,0,1,True
"concurrency 1 vs 32 (cap 8), mtp_s1",alpaca_eval-0350,254,3050,15714,0.0,0.125,0.125,tie,0.23230624198913574,77,2,256,256,False,0,2,True
"concurrency 1 vs 32 (cap 8), mtp_s1",alpaca_eval-0360,32,1017,2614,0.0,0.125,0.125,tie,0.12154316902160645,4,1,256,256,False,1,2,True
"concurrency 1 vs 32 (cap 8), mtp_s1",alpaca_eval-0390,5,198,220,0.0,0.125,0.125,tie,0.10227036476135254,1,1,256,256,False,0,2,True
"concurrency 1 vs 32 (cap 8), mtp_s1",alpaca_eval-0400,173,351,272,0.125,0.0,0.125,tie,0.2454237937927246,56,1,256,256,False,1,2,True
"concurrency 1 vs 32 (cap 8), mtp_s1",alpaca_eval-0410,74,20656,357,0.125,0.0,0.125,tie,0.14807844161987305,42,1,256,256,False,0,2,True
"concurrency 1 vs 32 (cap 8), mtp_s1",alpaca_eval-0420,21,29667,34404,0.0,0.125,0.125,tie,0.2453289031982422,19,1,221,256,False,0,2,True
"concurrency 1 vs 32 (cap 8), mtp_s1",alpaca_eval-0430,103,264,279,0.0,0.125,0.125,tie,0.22217130661010742,85,1,256,256,False,1,1,True
"concurrency 1 vs 32 (cap 8), mtp_s1",alpaca_eval-0440,80,15771,35,0.25,0.0,0.25,tie,0.11612272262573242,62,1,256,256,False,1,2,True
"concurrency 1 vs 32 (cap 8), mtp_s1",alpaca_eval-0450,114,8070,7499,0.125,0.0,0.125,tie,0.2375645637512207,58,1,256,256,False,0,1,True
"concurrency 1 vs 32 (cap 8), mtp_s1",alpaca_eval-0460,41,3315,1204,0.125,0.0,0.125,tie,0.15478044748306274,1,1,256,256,False,0,1,True
"concurrency 1 vs 32 (cap 8), mtp_s1",alpaca_eval-0470,238,31341,7873,0.12499988079071045,0.0,0.125,tie,0.19277691841125488,44,1,256,256,False,0,2,True
"concurrency 1 vs 32 (cap 8), mtp_s1",alpaca_eval-0480,184,264,3712,0.0,0.24999994039535522,0.25,tie,0.22584962844848633,159,1,256,256,False,1,2,True
"concurrency 1 vs 32 (cap 8), mtp_s1",alpaca_eval-0500,36,21397,56679,0.0,0.125,0.125,tie,0.15607905387878418,28,1,256,256,False,1,2,True
"concurrency 1 vs 32 (cap 8), mtp_s1",alpaca_eval-0510,17,12103,10813,0.125,0.0,0.125,tie,0.2231149673461914,12,1,256,164,False,1,1,True
"concurrency 1 vs 32 (cap 8), mtp_s1",alpaca_eval-0520,125,760,88433,0.0,0.0625,0.0625,tie,0.23795676231384277,48,1,256,256,False,0,2,True
"concurrency 1 vs 32 (cap 8), mtp_s1",alpaca_eval-0530,154,321,30096,0.0,0.125,0.125,tie,0.17692923545837402,123,1,256,256,False,0,2,True
"concurrency 1 vs 32 (cap 8), mtp_s1",alpaca_eval-0550,70,1083,318,0.125,0.0,0.125,tie,0.18500185012817383,6,0,256,256,False,0,2,True
"concurrency 1 vs 32 (cap 8), mtp_s1",alpaca_eval-0570,9,55007,495,0.12500005960464478,0.0,0.125,tie,0.24122118949890137,6,1,256,256,False,1,2,True
"concurrency 1 vs 32 (cap 8), mtp_s1",alpaca_eval-0580,220,748,864,0.0,0.125,0.125,tie,0.24063777923583984,44,1,256,256,False,1,1,True
"concurrency 1 vs 32 (cap 8), mtp_s1",alpaca_eval-0590,235,37568,21426,0.125,0.0,0.125,tie,0.23981928825378418,133,1,256,256,False,0,2,True
"concurrency 1 vs 32 (cap 8), mtp_s1",cnn_dailymail-0001,34,13,11,0.125,0.0,0.125,tie,0.11966061592102051,16,1,105,119,False,1,2,True
"concurrency 1 vs 32 (cap 8), mtp_s1",cnn_dailymail-0003,43,4097,7106,0.0,0.125,0.125,tie,0.2238924503326416,25,1,109,109,False,0,2,True
"concurrency 1 vs 32 (cap 8), mtp_s1",cnn_dailymail-0004,20,321,1083,0.0,0.125,0.125,tie,0.18853354454040527,18,1,106,99,False,1,1,True
"concurrency 1 vs 32 (cap 8), mtp_s1",cnn_dailymail-0005,49,18659,7524,0.125,0.0,0.125,tie,0.20860671997070312,48,1,256,256,False,0,2,True
"concurrency 1 vs 32 (cap 8), mtp_s1",cnn_dailymail-0006,28,494,1040,0.0,0.125,0.125,tie,0.12669134140014648,15,1,123,118,False,1,2,True
"concurrency 1 vs 32 (cap 8), mtp_s1",cnn_dailymail-0009,39,5879,31511,0.0,0.125,0.125,tie,0.18839454650878906,31,1,81,84,False,1,2,True
"concurrency 1 vs 32 (cap 8), mtp_s1",cnn_dailymail-0010,22,30957,13064,0.125,0.0,0.125,tie,0.14481830596923828,20,1,79,79,False,1,2,True
"concurrency 1 vs 32 (cap 8), mtp_s1",cnn_dailymail-0013,26,279,975,0.0,0.125,0.125,tie,0.19037413597106934,13,1,113,121,False,0,1,True
"concurrency 1 vs 32 (cap 8), mtp_s1",cnn_dailymail-0015,37,11,682,0.0,0.125,0.125,tie,0.19289302825927734,29,1,111,108,False,0,1,True
"concurrency 1 vs 32 (cap 8), mtp_s1",cnn_dailymail-0017,114,2640,40940,0.0,0.125,0.125,tie,0.23635149002075195,41,1,256,256,False,0,2,True
"concurrency 1 vs 32 (cap 8), mtp_s1",cnn_dailymail-0019,35,13789,9953,0.125,0.0,0.0625,tie,0.15482568740844727,34,1,104,104,False,0,2,True
"concurrency 1 vs 32 (cap 8), mtp_s1",cnn_dailymail-0020,46,3543,4400,0.0,0.125,0.125,tie,0.14068102836608887,42,1,256,256,False,0,1,True
"concurrency 1 vs 32 (cap 8), mtp_s1",cnn_dailymail-0021,43,1010,4788,0.0,0.125,0.125,tie,0.14725708961486816,13,1,131,156,False,0,1,True
"concurrency 1 vs 32 (cap 8), mtp_s1",cnn_dailymail-0022,48,364,321,0.125,0.0,0.125,tie,0.18749046325683594,42,1,111,108,False,0,2,True
"concurrency 1 vs 32 (cap 8), mtp_s1",cnn_dailymail-0024,67,321,11,0.12500005960464478,0.0,0.125,tie,0.22700786590576172,40,1,113,110,False,1,2,True
"concurrency 1 vs 32 (cap 8), mtp_s1",cnn_dailymail-0028,57,8476,1,0.125,0.0,0.125,tie,0.22719717025756836,34,1,115,115,False,0,2,True
"concurrency 1 vs 32 (cap 8), mtp_s1",cnn_dailymail-0029,103,12635,5448,0.125,0.0,0.125,tie,0.18743276596069336,42,1,256,256,False,0,2,True
"concurrency 1 vs 32 (cap 8), mtp_s1",cnn_dailymail-0031,32,2756,5381,0.0,0.125,0.125,tie,0.1222677230834961,15,1,126,133,False,0,2,True
"concurrency 1 vs 32 (cap 8), mtp_s1",cnn_dailymail-0032,153,22525,75532,0.0,0.125,0.125,tie,0.24171876907348633,73,1,256,256,False,0,2,True
"concurrency 1 vs 32 (cap 8), mtp_s1",cnn_dailymail-0034,12,11,411,0.0,0.125,0.125,tie,0.12319087982177734,4,1,108,110,False,1,2,True
"concurrency 1 vs 32 (cap 8), mtp_s1",cnn_dailymail-0036,8,11,15784,0.0,0.125,0.125,tie,0.11557221412658691,5,1,108,113,False,0,2,True
"concurrency 1 vs 32 (cap 8), mtp_s1",cnn_dailymail-0038,124,10298,557,0.125,0.0,0.125,tie,0.23032927513122559,33,1,256,256,False,0,2,True
"concurrency 1 vs 32 (cap 8), mtp_s1",gsm8k-0002,29,279,17704,0.0,0.125,0.125,tie,0.2454688549041748,0,0,256,256,False,0,2,True
"concurrency 1 vs 32 (cap 8), mtp_s1",gsm8k-0003,164,19434,332,0.125,0.0,0.125,tie,0.1569843292236328,79,0,170,170,False,0,2,True
"concurrency 1 vs 32 (cap 8), mtp_s1",gsm8k-0004,39,220,2250,0.0,0.125,0.125,tie,0.12221908569335938,38,1,256,256,False,0,2,True
"concurrency 1 vs 32 (cap 8), mtp_s1",gsm8k-0005,242,328,424,0.0,0.125,0.125,tie,0.18409490585327148,119,0,256,256,False,0,2,True
"concurrency 1 vs 32 (cap 8), mtp_s1",gsm8k-0007,86,4003,854,0.25,0.0,0.25,tie,0.19916677474975586,43,0,256,256,False,1,2,True
"concurrency 1 vs 32 (cap 8), mtp_s1",gsm8k-0008,68,13362,3491,0.125,0.0,0.125,tie,0.12260842323303223,53,1,256,256,False,0,1,True
"concurrency 1 vs 32 (cap 8), mtp_s1",gsm8k-0009,146,458,27858,0.0,0.125,0.125,tie,0.24415040016174316,27,1,256,256,False,1,2,True
"concurrency 1 vs 32 (cap 8), mtp_s1",gsm8k-0010,60,19892,28924,0.0,0.25,0.25,tie,0.1481354832649231,12,1,256,256,False,1,2,True
"concurrency 1 vs 32 (cap 8), mtp_s1",gsm8k-0011,61,13,506,0.0,0.125,0.125,tie,0.12377071380615234,47,0,256,256,False,1,2,True
"concurrency 1 vs 32 (cap 8), mtp_s1",gsm8k-0012,32,11044,12585,0.0,0.375,0.125,tie,0.1906125545501709,28,0,256,256,False,0,2,True
"concurrency 1 vs 32 (cap 8), mtp_s1",gsm8k-0013,45,13,430,0.0,0.125,0.125,tie,0.2442021369934082,33,0,256,256,False,1,1,True
"concurrency 1 vs 32 (cap 8), mtp_s1",gsm8k-0017,75,5381,7836,0.125,0.125,0.125,one_ulp,0.12110257148742676,55,1,256,256,False,0,2,True
"concurrency 1 vs 32 (cap 8), mtp_s1",gsm8k-0019,214,2972,220,0.125,0.0,0.125,tie,0.23945379257202148,109,0,256,256,False,0,2,True
"concurrency 1 vs 32 (cap 8), mtp_s1",gsm8k-0020,44,2144,8529,0.0,0.125,0.125,tie,0.2390432357788086,29,0,256,256,False,0,2,True
"concurrency 1 vs 32 (cap 8), mtp_s1",gsm8k-0023,97,5141,279,0.125,0.0,0.125,tie,0.1451103687286377,77,1,256,256,False,0,2,True
"concurrency 1 vs 32 (cap 8), mtp_s1",gsm8k-0026,2,264,821,0.0,0.125,0.125,tie,2.3830216377973557e-07,1,1,256,256,False,1,1,True
"concurrency 1 vs 32 (cap 8), mtp_s1",gsm8k-0028,166,567,31192,0.0,0.125,0.125,tie,0.23494410514831543,107,1,249,248,False,1,2,True
"concurrency 1 vs 32 (cap 8), mtp_s1",gsm8k-0032,79,791,7157,0.0,0.125,0.125,tie,0.12523126602172852,52,1,256,256,False,1,1,True
"concurrency 1 vs 32 (cap 8), mtp_s1",gsm8k-0035,139,303,318,0.0,0.125,0.125,tie,0.13073348999023438,17,1,256,256,False,0,1,True
"concurrency 1 vs 32 (cap 8), mtp_s1",gsm8k-0036,173,6829,314,0.12499994039535522,0.0,0.125,tie,0.24024224281311035,45,1,242,239,False,1,2,True
"concurrency 1 vs 32 (cap 8), mtp_s1",gsm8k-0038,162,6558,1368,0.125,0.0,0.125,tie,0.228851318359375,139,0,256,256,False,0,2,True
"concurrency 1 vs 32 (cap 8), mtp_s1",gsm8k-0040,43,13682,9,0.125,0.0,0.125,tie,0.19359302520751953,37,1,221,208,False,1,2,True
"concurrency 1 vs 32 (cap 8), mtp_s1",gsm8k-0044,16,15771,2014,0.125,0.0,0.125,tie,0.10112833976745605,9,1,256,256,False,1,2,True
"concurrency 1 vs 32 (cap 8), mtp_s1",gsm8k-0046,123,1206,760,0.125,0.0,0.125,tie,0.12229633331298828,19,1,256,256,False,1,2,True
"concurrency 1 vs 32 (cap 8), mtp_s1",gsm8k-0052,141,279,411,0.0,0.125,0.125,tie,0.23452544212341309,50,1,256,256,False,0,1,True
"concurrency 1 vs 32 (cap 8), mtp_s1",gsm8k-0053,249,19892,7548,0.125,0.0,0.125,tie,0.12229228019714355,209,1,256,256,False,0,2,True
"concurrency 1 vs 32 (cap 8), mtp_s1",gsm8k-0060,19,321,4952,0.0,0.12500005960464478,0.125,tie,0.15900611877441406,1,1,256,256,False,1,2,True
"concurrency 1 vs 32 (cap 8), mtp_s1",gsm8k-0061,16,2250,836,0.125,0.0,0.125,tie,0.12193918228149414,4,1,256,248,False,1,2,True
"concurrency 1 vs 32 (cap 8), mtp_s1",gsm8k-0066,226,32897,19,0.25,0.0,0.125,tie,0.21143412590026855,194,1,256,256,False,1,2,True
"concurrency 1 vs 32 (cap 8), mtp_s1",gsm8k-0067,17,25,13,0.125,0.0,0.125,tie,0.11130237579345703,8,1,256,256,False,0,2,True
"concurrency 1 vs 32 (cap 8), mtp_s1",gsm8k-0068,221,21,17,0.125,0.0,0.125,tie,0.14673972129821777,127,1,256,256,False,0,2,True
"concurrency 1 vs 32 (cap 8), mtp_s1",gsm8k-0070,15,25,13,0.125,0.0,0.125,tie,0.11090755462646484,6,1,256,256,False,1,1,True
"concurrency 1 vs 32 (cap 8), mtp_s1",gsm8k-0073,129,2702,3240,0.0,0.125,0.125,tie,0.24170923233032227,13,1,256,256,False,1,2,True
"concurrency 1 vs 32 (cap 8), mtp_s1",gsm8k-0074,111,7336,4625,0.125,0.0,0.125,tie,0.17249655723571777,107,1,256,256,False,0,2,True
"concurrency 1 vs 32 (cap 8), mtp_s1",gsm8k-0076,40,32,760,0.0,0.12500005960464478,0.125,tie,0.09578418731689453,39,1,256,256,False,1,2,True
"concurrency 1 vs 32 (cap 8), mtp_s1",gsm8k-0078,,,,,,,,0.616776704788208,156,1,256,256,False,,,
"concurrency 1 vs 32 (cap 8), mtp_s1",humaneval-0002,96,760,1206,0.125,0.25,0.125,near,0.18871307373046875,19,1,256,256,False,0,2,True
"concurrency 1 vs 32 (cap 8), mtp_s1",humaneval-0008,77,1445,727,0.125,0.0,0.125,tie,0.12900090217590332,53,1,256,256,False,1,2,True
"concurrency 1 vs 32 (cap 8), mtp_s1",humaneval-0014,65,33120,15305,0.125,0.0,0.125,tie,0.18865644931793213,60,1,256,256,False,0,1,True
"concurrency 1 vs 32 (cap 8), mtp_s1",humaneval-0017,121,2425,12,0.125,0.0,0.125,tie,0.1313769817352295,8,1,256,256,False,1,2,True
"concurrency 1 vs 32 (cap 8), mtp_s1",humaneval-0020,89,10300,1906,0.125,0.0,0.125,tie,0.23239898681640625,35,1,256,256,False,0,2,True
"concurrency 1 vs 32 (cap 8), mtp_s1",humaneval-0021,200,2334,87,0.125,0.0,0.125,tie,0.20425331592559814,184,1,221,221,False,0,1,True
"concurrency 1 vs 32 (cap 8), mtp_s1",humaneval-0026,52,1204,279,0.125,0.0,0.125,tie,0.12260890007019043,29,1,256,256,False,0,2,True
"concurrency 1 vs 32 (cap 8), mtp_s1",humaneval-0027,2,198,1358,0.0,0.125,0.125,tie,5.960337148280814e-07,1,1,81,81,False,1,1,True
"concurrency 1 vs 32 (cap 8), mtp_s1",humaneval-0032,39,2574,1406,0.125,0.0,0.125,tie,0.13149511814117432,25,1,256,256,False,1,2,True
"concurrency 1 vs 32 (cap 8), mtp_s1",humaneval-0038,128,198,318,0.0,0.125,0.125,tie,0.18857526779174805,17,1,256,256,False,0,2,True
"concurrency 1 vs 32 (cap 8), mtp_s1",humaneval-0039,211,1698,2912,0.125,0.125,0.125,one_ulp,0.20333409309387207,193,1,253,251,False,0,2,True
"concurrency 1 vs 32 (cap 8), mtp_s1",humaneval-0047,115,3165,11319,0.0,0.125,0.125,tie,0.24170827865600586,30,1,256,256,False,0,2,True
"concurrency 1 vs 32 (cap 8), mtp_s1",humaneval-0050,194,2663,4947,0.0,0.125,0.125,tie,0.21795248985290527,151,1,256,256,False,0,1,True
"concurrency 1 vs 32 (cap 8), mtp_s1",humaneval-0056,131,1,763,0.0,0.125,0.125,tie,0.21595335006713867,123,1,256,256,False,0,2,True
"concurrency 1 vs 32 (cap 8), mtp_s1",mt_bench-0000,77,26,466,0.125,0.125,0.125,one_ulp,0.18531441688537598,32,1,256,256,False,1,1,True
"concurrency 1 vs 32 (cap 8), mtp_s1",mt_bench-0001,113,40,5328,0.0,0.25,0.25,tie,0.19590520858764648,66,1,160,153,False,0,2,True
"concurrency 1 vs 32 (cap 8), mtp_s1",mt_bench-0002,130,8615,279,0.125,0.0,0.125,tie,0.23774981498718262,63,1,256,256,False,0,2,True
"concurrency 1 vs 32 (cap 8), mtp_s1",mt_bench-0004,83,11938,7481,0.125,0.0,0.125,tie,0.2027299404144287,10,1,256,238,False,1,1,True
"concurrency 1 vs 32 (cap 8), mtp_s1",mt_bench-0005,131,27597,11,0.125,0.0,0.125,tie,0.15557259321212769,55,1,256,256,False,0,2,True
"concurrency 1 vs 32 (cap 8), mtp_s1",mt_bench-0006,33,1040,80592,0.0,0.125,0.0625,tie,0.12166547775268555,25,1,256,256,False,0,1,True
"concurrency 1 vs 32 (cap 8), mtp_s1",mt_bench-0008,205,13,14,0.0,0.125,0.125,tie,0.22463655471801758,191,1,256,256,False,0,2,True
"concurrency 1 vs 32 (cap 8), mtp_s1",mt_bench-0009,139,557,579,0.0,0.125,0.125,tie,0.1826789379119873,127,1,256,256,False,1,2,True
"concurrency 1 vs 32 (cap 8), mtp_s1",mt_bench-0010,33,1132,1459,0.0,0.125,0.125,tie,0.21042513847351074,7,1,256,215,False,1,2,True
"concurrency 1 vs 32 (cap 8), mtp_s1",mt_bench-0012,28,33404,7139,0.125,0.125,0.125,one_ulp,0.2019057273864746,23,1,256,256,False,1,2,True
"concurrency 1 vs 32 (cap 8), mtp_s1",mt_bench-0014,187,16839,18216,0.0,0.125,0.125,tie,0.17634272575378418,127,1,256,256,False,0,2,True
"concurrency 1 vs 32 (cap 8), mtp_s1",mt_bench-0015,43,2534,4087,0.0,0.25,0.125,tie,0.162278413772583,38,1,256,256,False,0,2,True
"concurrency 1 vs 32 (cap 8), mtp_s1",mt_bench-0017,69,44145,5304,0.125,0.0,0.125,tie,0.1338520050048828,37,1,256,256,False,1,2,True
"concurrency 1 vs 32 (cap 8), mtp_s1",mt_bench-0018,28,61,32773,0.0,0.125,0.125,tie,0.1246042251586914,21,1,141,158,False,1,2,True
"concurrency 1 vs 32 (cap 8), mtp_s1",mt_bench-0019,189,28599,47733,0.0,0.125,0.125,tie,0.2442317008972168,149,1,256,256,False,0,2,True
"concurrency 1 vs 32 (cap 8), mtp_s1",mt_bench-0022,18,760,2592,0.0,0.12499994039535522,0.125,tie,0.18543076515197754,10,1,106,237,False,0,2,True
"concurrency 1 vs 32 (cap 8), mtp_s1",mt_bench-0024,151,23,17,0.125,0.0,0.125,tie,0.24168753623962402,28,1,256,256,False,0,2,True
"concurrency 1 vs 32 (cap 8), mtp_s1",mt_bench-0025,187,1,1149,0.0,0.125,0.125,tie,0.1631937026977539,108,1,256,256,False,0,2,True
"concurrency 1 vs 32 (cap 8), mtp_s1",mt_bench-0026,74,198,13,0.125,0.0,0.125,tie,0.2381143569946289,13,1,256,256,False,1,1,True
"concurrency 1 vs 32 (cap 8), mtp_s1",mt_bench-0028,211,383,310,0.125,0.0,0.125,tie,0.2403855323791504,190,1,256,256,False,1,2,True
"concurrency 1 vs 32 (cap 8), mtp_s1",mt_bench-0029,181,6925,1484,0.125,0.0,0.125,tie,0.2324507236480713,143,1,256,256,False,0,2,True
"concurrency 1 vs 32 (cap 8), mtp_s1",mt_bench-0032,137,34167,27382,0.125,0.0,0.125,tie,0.14516711235046387,46,1,256,256,False,1,2,True
"concurrency 1 vs 32 (cap 8), mtp_s1",mt_bench-0035,97,35195,279,0.125,0.0,0.125,tie,0.1828632354736328,94,1,256,256,False,0,2,True
"concurrency 1 vs 32 (cap 8), mtp_s1",mt_bench-0037,200,393,279,0.125,0.0,0.125,tie,0.24349212646484375,121,1,256,256,False,1,2,True
"concurrency 1 vs 32 (cap 8), mtp_s1",mt_bench-0039,143,279,26782,0.0,0.125,0.125,tie,0.16974353790283203,47,1,256,256,False,0,2,True
"concurrency 1 vs 32 (cap 8), mtp_s1",mt_bench-0040,50,84387,6971,0.125,0.125,0.125,one_ulp,0.19830775260925293,1,1,256,256,False,0,1,True
"concurrency 1 vs 32 (cap 8), mtp_s1",mt_bench-0042,153,19,15,0.125,0.0,0.125,tie,0.12178397178649902,39,0,256,256,False,0,2,True
"concurrency 1 vs 32 (cap 8), mtp_s1",mt_bench-0044,74,93001,39,0.25,0.0,0.125,tie,0.1944410800933838,54,1,256,256,False,1,2,True
"concurrency 1 vs 32 (cap 8), mtp_s1",mt_bench-0045,111,12162,1919,0.125,0.125,0.125,one_ulp,0.23734617233276367,24,1,256,256,False,1,1,True
"concurrency 1 vs 32 (cap 8), mtp_s1",mt_bench-0048,49,580,488,0.125,0.0,0.125,tie,0.12164545059204102,41,1,256,256,False,0,1,True
"concurrency 1 vs 32 (cap 8), mtp_s1",mt_bench-0056,112,5396,2824,0.125,0.0,0.125,tie,0.18748533725738525,86,1,256,256,False,1,2,True
"concurrency 1 vs 32 (cap 8), mtp_s1",mt_bench-0060,32,6745,29144,0.0,0.125,0.125,tie,0.16230475902557373,1,1,256,256,False,0,2,True
"concurrency 1 vs 32 (cap 8), mtp_s1",mt_bench-0061,231,92217,332,0.125,0.0,0.125,tie,0.3186030387878418,45,1,256,256,False,0,2,True
"concurrency 1 vs 32 (cap 8), mtp_s1",mt_bench-0062,154,318,13,0.125,0.0,0.125,tie,0.1225893497467041,153,1,256,256,False,0,2,True
"concurrency 1 vs 32 (cap 8), mtp_s1",mt_bench-0063,203,264,19518,0.0,0.125,0.125,tie,0.24483847618103027,47,1,256,256,False,1,2,True
"concurrency 1 vs 32 (cap 8), mtp_s1",mt_bench-0064,228,6093,2919,0.125,0.0,0.125,tie,0.23747682571411133,52,1,256,256,False,0,2,True
"concurrency 1 vs 32 (cap 8), mtp_s1",mt_bench-0065,92,271,198,0.125,0.0,0.0625,tie,0.12235021591186523,65,1,256,256,False,1,2,True
"concurrency 1 vs 32 (cap 8), mtp_s1",mt_bench-0066,56,2984,9111,0.0,0.125,0.125,tie,0.2182292938232422,19,1,256,256,False,0,1,True
"concurrency 1 vs 32 (cap 8), mtp_s1",mt_bench-0067,51,1817,13,0.125,0.0,0.125,tie,0.13385224342346191,31,1,256,256,False,0,2,True
"concurrency 1 vs 32 (cap 8), mtp_s1",mt_bench-0068,153,283,478,0.0,0.125,0.125,tie,0.22324585914611816,105,1,256,256,False,1,2,True
"concurrency 1 vs 32 (cap 8), mtp_s1",mt_bench-0071,125,13,11,0.125,0.0,0.125,tie,0.16606593132019043,122,1,256,256,False,0,2,True
"concurrency 1 vs 32 (cap 8), mtp_s1",mt_bench-0072,15,11587,5190,0.125,0.0,0.125,tie,0.12264370918273926,3,1,256,256,False,1,2,True
"concurrency 1 vs 32 (cap 8), mtp_s1",mt_bench-0075,17,369,318,0.25,0.0,0.25,tie,0.0002264960203319788,10,1,256,256,False,0,2,True
"concurrency 1 vs 32 (cap 8), mtp_s1",mt_bench-0076,197,12688,795,0.125,0.0,0.125,tie,0.2238600254058838,43,1,256,256,False,1,2,True
"concurrency 1 vs 32 (cap 8), mtp_s1",mt_bench-0077,86,74316,36009,0.125,0.0,0.125,tie,0.1777263879776001,63,1,256,256,False,1,2,True
"concurrency 1 vs 32 (cap 8), mtp_s1",mt_bench-0078,17,5788,25215,0.0,0.25,0.125,tie,0.23979949951171875,15,1,256,256,False,1,2,True
"concurrency 1 vs 32 (cap 8), mtp_s1",mt_bench-0079,199,321,2222,0.0,0.125,0.125,tie,0.2101728916168213,141,1,256,256,False,0,2,True
"concurrency 1 vs 32 (cap 8), mtp_s3",alpaca_eval-0000,6,26310,63049,0.0,0.125,0.125,tie,0.07784163951873779,2,1,256,256,False,2,2,True
"concurrency 1 vs 32 (cap 8), mtp_s3",alpaca_eval-0020,156,1441,424,0.125,0.0,0.125,tie,0.19205355644226074,129,1,256,256,False,1,3,True
"concurrency 1 vs 32 (cap 8), mtp_s3",alpaca_eval-0040,241,1478,321,0.125,0.0,0.125,tie,0.23382997512817383,113,1,256,256,False,2,2,True
"concurrency 1 vs 32 (cap 8), mtp_s3",alpaca_eval-0080,76,15214,50209,0.0,0.125,0.125,tie,0.12955617904663086,72,1,256,256,False,3,3,True
"concurrency 1 vs 32 (cap 8), mtp_s3",alpaca_eval-0090,88,6762,4364,0.125,0.0,0.125,tie,0.23912286758422852,81,1,256,256,False,3,1,True
"concurrency 1 vs 32 (cap 8), mtp_s3",alpaca_eval-0100,65,90433,45675,0.125,0.0,0.125,tie,0.136826753616333,53,1,256,256,False,2,2,True
"concurrency 1 vs 32 (cap 8), mtp_s3",alpaca_eval-0110,93,18995,279,0.125,0.0,0.125,tie,0.12168765068054199,75,1,256,256,False,1,3,True
"concurrency 1 vs 32 (cap 8), mtp_s3",alpaca_eval-0120,125,28206,48876,0.0,0.0625,0.0625,tie,0.2339925765991211,98,1,176,169,False,0,4,True
"concurrency 1 vs 32 (cap 8), mtp_s3",alpaca_eval-0130,38,39107,1876,0.12500005960464478,0.0,0.0625,tie,0.12531375885009766,37,1,256,256,False,0,2,True
"concurrency 1 vs 32 (cap 8), mtp_s3",alpaca_eval-0150,120,11,25,0.0,0.125,0.125,tie,0.14542484283447266,20,1,256,256,False,0,4,True
"concurrency 1 vs 32 (cap 8), mtp_s3",alpaca_eval-0160,195,2144,11,0.12499994039535522,0.0,0.125,tie,0.21312808990478516,52,1,256,256,False,0,1,True
"concurrency 1 vs 32 (cap 8), mtp_s3",alpaca_eval-0170,192,557,579,0.0,0.125,0.125,tie,0.18908953666687012,94,1,256,256,False,1,2,True
"concurrency 1 vs 32 (cap 8), mtp_s3",alpaca_eval-0180,39,26932,24065,0.125,0.0,0.125,tie,0.2170696258544922,31,1,256,256,False,3,1,True
"concurrency 1 vs 32 (cap 8), mtp_s3",alpaca_eval-0210,95,318,364,0.0,0.125,0.125,tie,0.23375511169433594,75,1,256,256,False,3,4,True
"concurrency 1 vs 32 (cap 8), mtp_s3",alpaca_eval-0220,93,1865,6792,0.0,0.125,0.0625,tie,0.17091798782348633,58,1,256,256,False,0,3,True
"concurrency 1 vs 32 (cap 8), mtp_s3",alpaca_eval-0230,190,12298,23373,0.0,0.125,0.125,tie,0.2266829013824463,177,1,256,256,False,3,1,True
"concurrency 1 vs 32 (cap 8), mtp_s3",alpaca_eval-0240,9,46548,7253,0.125,0.0,0.125,tie,0.11940789222717285,2,1,256,256,False,0,2,True
"concurrency 1 vs 32 (cap 8), mtp_s3",alpaca_eval-0250,103,836,279,0.125,0.0,0.125,tie,0.21277523040771484,88,1,256,256,False,0,2,True
"concurrency 1 vs 32 (cap 8), mtp_s3",alpaca_eval-0260,78,198,271,0.0,0.125,0.125,tie,0.14092326164245605,72,1,256,256,False,2,3,True
"concurrency 1 vs 32 (cap 8), mtp_s3",alpaca_eval-0270,11,279,2046,0.0,0.125,0.125,tie,0.2083296775817871,5,1,256,256,False,0,1,True
"concurrency 1 vs 32 (cap 8), mtp_s3",alpaca_eval-0280,42,159029,314,0.125,0.0,0.125,tie,0.20449423789978027,31,1,256,256,False,1,2,True
"concurrency 1 vs 32 (cap 8), mtp_s3",alpaca_eval-0290,109,3579,958,0.125,0.125,0.125,one_ulp,0.15984606742858887,3,1,256,256,False,2,4,True
"concurrency 1 vs 32 (cap 8), mtp_s3",alpaca_eval-0300,5,16866,638,0.125,0.0,0.125,tie,5.10007084812969e-05,4,2,256,256,False,0,4,True
"concurrency 1 vs 32 (cap 8), mtp_s3",alpaca_eval-0320,31,25,5469,0.0,0.125,0.125,tie,0.13989973068237305,13,1,256,256,False,0,1,True
"concurrency 1 vs 32 (cap 8), mtp_s3",alpaca_eval-0330,108,6326,16070,0.0,0.125,0.125,tie,0.1740710735321045,88,1,256,256,False,0,1,True
"concurrency 1 vs 32 (cap 8), mtp_s3",alpaca_eval-0340,59,3296,1622,0.125,0.125,0.125,one_ulp,0.13252806663513184,46,1,212,195,False,0,2,True
"concurrency 1 vs 32 (cap 8), mtp_s3",alpaca_eval-0350,254,15714,3050,0.125,0.0,0.125,tie,0.22105646133422852,122,2,256,256,False,0,1,True
"concurrency 1 vs 32 (cap 8), mtp_s3",alpaca_eval-0360,32,1017,2614,0.0,0.125,0.125,tie,0.12154316902160645,4,1,256,256,False,1,4,True
"concurrency 1 vs 32 (cap 8), mtp_s3",alpaca_eval-0390,5,198,220,0.0,0.125,0.125,tie,0.10227036476135254,1,1,256,256,False,0,1,True
"concurrency 1 vs 32 (cap 8), mtp_s3",alpaca_eval-0400,173,351,272,0.125,0.0,0.125,tie,0.3654968738555908,114,1,256,256,False,1,4,True
"concurrency 1 vs 32 (cap 8), mtp_s3",alpaca_eval-0410,74,20656,357,0.125,0.0,0.125,tie,0.14807844161987305,42,1,256,256,False,2,3,True
"concurrency 1 vs 32 (cap 8), mtp_s3",alpaca_eval-0420,21,29667,34404,0.0,0.125,0.125,tie,0.2453289031982422,19,1,220,249,False,0,2,True
"concurrency 1 vs 32 (cap 8), mtp_s3",alpaca_eval-0430,103,264,279,0.0,0.125,0.125,tie,0.22217130661010742,85,1,256,256,False,1,1,True
"concurrency 1 vs 32 (cap 8), mtp_s3",alpaca_eval-0440,80,15771,35,0.25,0.0,0.25,tie,0.11612272262573242,62,1,256,256,False,2,4,True
"concurrency 1 vs 32 (cap 8), mtp_s3",alpaca_eval-0450,114,8070,7499,0.125,0.0,0.125,tie,0.2375645637512207,58,1,256,256,False,0,4,True
"concurrency 1 vs 32 (cap 8), mtp_s3",alpaca_eval-0460,21,466,318,0.125,0.0,0.125,tie,0.12432599067687988,5,0,256,256,False,3,2,True
"concurrency 1 vs 32 (cap 8), mtp_s3",alpaca_eval-0500,36,56679,21397,0.125,0.0,0.125,tie,0.12390995025634766,27,1,256,256,False,1,4,True
"concurrency 1 vs 32 (cap 8), mtp_s3",alpaca_eval-0510,17,12103,10813,0.125,0.0,0.125,tie,0.2231149673461914,12,1,217,164,False,1,1,True
"concurrency 1 vs 32 (cap 8), mtp_s3",alpaca_eval-0520,193,264,357,0.0,0.125,0.125,tie,0.22537803649902344,189,1,256,256,False,0,2,True
"concurrency 1 vs 32 (cap 8), mtp_s3",alpaca_eval-0530,56,2018,21568,0.0,0.125,0.125,tie,0.1271371841430664,55,1,256,256,False,2,4,True
"concurrency 1 vs 32 (cap 8), mtp_s3",alpaca_eval-0550,70,1083,318,0.125,0.0,0.125,tie,0.1378943920135498,8,1,256,256,False,2,1,True
"concurrency 1 vs 32 (cap 8), mtp_s3",alpaca_eval-0570,9,55007,495,0.12500005960464478,0.0,0.125,tie,0.24122118949890137,6,1,256,256,False,1,4,True
"concurrency 1 vs 32 (cap 8), mtp_s3",alpaca_eval-0580,220,864,748,0.125,0.0,0.125,tie,0.24063777923583984,44,1,256,256,False,1,1,True
"concurrency 1 vs 32 (cap 8), mtp_s3",alpaca_eval-0590,204,279,821,0.0,0.125,0.125,tie,0.23997879028320312,133,1,256,256,False,0,2,True
"concurrency 1 vs 32 (cap 8), mtp_s3",cnn_dailymail-0001,34,13,11,0.125,0.0,0.125,tie,0.11966061592102051,16,1,105,119,False,1,4,True
"concurrency 1 vs 32 (cap 8), mtp_s3",cnn_dailymail-0002,150,30284,2599,0.125,0.0,0.125,tie,0.2245006561279297,99,1,256,256,False,2,4,True
"concurrency 1 vs 32 (cap 8), mtp_s3",cnn_dailymail-0003,43,4097,7106,0.0,0.125,0.125,tie,0.2238924503326416,25,1,109,109,False,2,2,True
"concurrency 1 vs 32 (cap 8), mtp_s3",cnn_dailymail-0004,20,321,1083,0.0,0.125,0.125,tie,0.18853354454040527,18,1,106,99,False,1,1,True
"concurrency 1 vs 32 (cap 8), mtp_s3",cnn_dailymail-0009,43,8306,328,0.125,0.0,0.125,tie,0.17436552047729492,20,1,84,86,False,2,3,True
"concurrency 1 vs 32 (cap 8), mtp_s3",cnn_dailymail-0013,28,10853,12933,0.125,0.125,0.125,one_ulp,0.128273606300354,15,1,119,122,False,1,1,True
"concurrency 1 vs 32 (cap 8), mtp_s3",cnn_dailymail-0014,49,64777,1208,0.125,0.0,0.125,tie,0.24419379234313965,45,0,256,256,False,1,3,True
"concurrency 1 vs 32 (cap 8), mtp_s3",cnn_dailymail-0019,36,9953,22717,0.0,0.125,0.125,tie,0.21363162994384766,7,1,104,108,False,0,3,True
"concurrency 1 vs 32 (cap 8), mtp_s3",cnn_dailymail-0021,43,4788,1010,0.125,0.0,0.125,tie,0.20334100723266602,23,1,156,131,False,0,1,True
"concurrency 1 vs 32 (cap 8), mtp_s3",cnn_dailymail-0022,102,314,6572,0.0,0.125,0.125,tie,0.2071852684020996,97,1,111,113,False,0,1,True
"concurrency 1 vs 32 (cap 8), mtp_s3",cnn_dailymail-0023,49,36462,9892,0.125,0.0,0.125,tie,0.1074141263961792,45,1,256,256,False,0,3,True
"concurrency 1 vs 32 (cap 8), mtp_s3",cnn_dailymail-0024,55,42849,66345,0.0,0.125,0.125,tie,0.12248611450195312,8,1,113,107,False,0,1,True
"concurrency 1 vs 32 (cap 8), mtp_s3",cnn_dailymail-0026,83,321,4016,0.0,0.125,0.125,tie,0.18896698951721191,70,1,256,256,False,1,4,True
"concurrency 1 vs 32 (cap 8), mtp_s3",cnn_dailymail-0029,42,25,9926,0.0,0.125,0.125,tie,0.24549245834350586,37,1,256,256,False,2,4,True
"concurrency 1 vs 32 (cap 8), mtp_s3",cnn_dailymail-0031,32,2756,5381,0.0,0.125,0.125,tie,0.1222677230834961,15,1,126,133,False,0,2,True
"concurrency 1 vs 32 (cap 8), mtp_s3",cnn_dailymail-0033,57,6349,10184,0.0,0.125,0.125,tie,0.23460769653320312,42,1,96,96,False,2,3,True
"concurrency 1 vs 32 (cap 8), mtp_s3",cnn_dailymail-0036,8,15784,11,0.125,0.0,0.125,tie,0.08102405071258545,6,1,115,108,False,0,2,True
"concurrency 1 vs 32 (cap 8), mtp_s3",cnn_dailymail-0037,23,264,8552,0.0,0.125,0.125,tie,0.12195324897766113,17,1,114,114,False,0,4,True
"concurrency 1 vs 32 (cap 8), mtp_s3",gsm8k-0002,29,279,17704,0.0,0.125,0.125,tie,0.2454688549041748,0,0,256,256,False,0,4,True
"concurrency 1 vs 32 (cap 8), mtp_s3",gsm8k-0003,164,19434,332,0.125,0.0,0.125,tie,0.1569843292236328,79,0,170,170,False,2,4,True
"concurrency 1 vs 32 (cap 8), mtp_s3",gsm8k-0005,242,328,424,0.0,0.125,0.125,tie,0.215956449508667,220,0,256,256,False,2,1,True
"concurrency 1 vs 32 (cap 8), mtp_s3",gsm8k-0007,86,4003,854,0.25,0.0,0.25,tie,0.2330625057220459,18,0,256,256,False,1,4,True
"concurrency 1 vs 32 (cap 8), mtp_s3",gsm8k-0008,210,1010,264,0.125,0.125,0.125,one_ulp,0.12546586990356445,186,1,256,256,False,2,3,True
"concurrency 1 vs 32 (cap 8), mtp_s3",gsm8k-0009,146,458,27858,0.0,0.125,0.125,tie,0.24415040016174316,27,1,256,256,False,0,4,True
"concurrency 1 vs 32 (cap 8), mtp_s3",gsm8k-0010,19,29478,1324,0.125,0.0,0.125,tie,0.00202217698097229,8,1,256,256,False,1,1,True
"concurrency 1 vs 32 (cap 8), mtp_s3",gsm8k-0011,26,1421,38663,0.0,0.125,0.125,tie,0.11872601509094238,16,1,256,256,False,1,4,True
"concurrency 1 vs 32 (cap 8), mtp_s3",gsm8k-0012,32,11044,12585,0.0,0.125,0.125,tie,0.11940169334411621,2,1,256,256,False,2,2,True
"concurrency 1 vs 32 (cap 8), mtp_s3",gsm8k-0017,75,5381,7836,0.125,0.125,0.125,one_ulp,0.12110257148742676,55,1,256,256,False,3,4,True
"concurrency 1 vs 32 (cap 8), mtp_s3",gsm8k-0019,214,2972,220,0.125,0.0,0.125,tie,0.23945355415344238,109,1,256,256,False,0,2,True
"concurrency 1 vs 32 (cap 8), mtp_s3",gsm8k-0020,33,64494,4346,0.125,0.0,0.125,tie,0.12778639793395996,27,1,256,256,False,3,3,True
"concurrency 1 vs 32 (cap 8), mtp_s3",gsm8k-0023,97,5141,279,0.125,0.0,0.125,tie,0.15315485000610352,44,1,256,256,False,2,4,True
"concurrency 1 vs 32 (cap 8), mtp_s3",gsm8k-0026,2,264,821,0.0,0.125,0.125,tie,2.3830216377973557e-07,1,1,256,256,False,1,1,True
"concurrency 1 vs 32 (cap 8), mtp_s3",gsm8k-0028,166,567,31192,0.0,0.125,0.125,tie,0.23494410514831543,107,1,249,248,False,0,4,True
"concurrency 1 vs 32 (cap 8), mtp_s3",gsm8k-0032,79,791,7157,0.0,0.125,0.125,tie,0.12523126602172852,52,1,256,256,False,1,3,True
"concurrency 1 vs 32 (cap 8), mtp_s3",gsm8k-0035,139,303,318,0.0,0.125,0.125,tie,0.13073348999023438,17,1,256,256,False,0,1,True
"concurrency 1 vs 32 (cap 8), mtp_s3",gsm8k-0036,173,6829,314,0.12499994039535522,0.0,0.125,tie,0.24024224281311035,45,1,242,239,False,1,4,True
"concurrency 1 vs 32 (cap 8), mtp_s3",gsm8k-0038,162,6558,1368,0.125,0.0,0.125,tie,0.2325601577758789,141,1,256,256,False,1,3,True
"concurrency 1 vs 32 (cap 8), mtp_s3",gsm8k-0040,43,13682,9,0.125,0.0,0.125,tie,0.19359302520751953,37,1,221,208,False,3,4,True
"concurrency 1 vs 32 (cap 8), mtp_s3",gsm8k-0043,142,37863,8037,0.125,0.0,0.125,tie,0.24265265464782715,45,1,256,256,False,1,4,True
"concurrency 1 vs 32 (cap 8), mtp_s3",gsm8k-0044,16,15771,2014,0.125,0.0,0.125,tie,0.10112833976745605,9,1,256,256,False,3,4,True
"concurrency 1 vs 32 (cap 8), mtp_s3",gsm8k-0045,157,1088,19185,0.0,0.24999994039535522,0.25,tie,0.2188405990600586,35,1,256,256,False,3,4,True
"concurrency 1 vs 32 (cap 8), mtp_s3",gsm8k-0046,123,1206,760,0.125,0.0,0.125,tie,0.12229633331298828,19,1,256,256,False,3,2,True
"concurrency 1 vs 32 (cap 8), mtp_s3",gsm8k-0052,141,279,411,0.0,0.125,0.125,tie,0.23452544212341309,50,1,256,256,False,0,3,True
"concurrency 1 vs 32 (cap 8), mtp_s3",gsm8k-0053,249,19892,7548,0.125,0.0,0.125,tie,0.12112975120544434,221,1,256,256,False,0,4,True
"concurrency 1 vs 32 (cap 8), mtp_s3",gsm8k-0060,19,321,4952,0.0,0.12500005960464478,0.125,tie,0.15900611877441406,1,1,256,256,False,0,4,True
"concurrency 1 vs 32 (cap 8), mtp_s3",gsm8k-0061,16,2250,836,0.125,0.0,0.125,tie,0.12193918228149414,4,1,256,248,False,1,4,True
"concurrency 1 vs 32 (cap 8), mtp_s3",gsm8k-0066,226,32897,19,0.25,0.0,0.125,tie,0.21172785758972168,194,1,256,256,False,0,4,True
"concurrency 1 vs 32 (cap 8), mtp_s3",gsm8k-0067,17,25,13,0.125,0.0,0.125,tie,0.11130237579345703,8,1,256,256,False,0,4,True
"concurrency 1 vs 32 (cap 8), mtp_s3",gsm8k-0068,221,21,17,0.125,0.0,0.125,tie,0.14673972129821777,127,1,256,256,False,0,4,True
"concurrency 1 vs 32 (cap 8), mtp_s3",gsm8k-0070,15,25,13,0.125,0.0,0.125,tie,0.11090755462646484,6,1,256,256,False,1,1,True
"concurrency 1 vs 32 (cap 8), mtp_s3",gsm8k-0073,129,2702,3240,0.0,0.125,0.125,tie,0.24170923233032227,13,1,256,256,False,1,3,True
"concurrency 1 vs 32 (cap 8), mtp_s3",gsm8k-0074,9,6093,11488,0.0,0.25,0.25,tie,2.467632293701172e-05,2,1,256,256,False,0,4,True
"concurrency 1 vs 32 (cap 8), mtp_s3",gsm8k-0076,40,32,760,0.0,0.12500005960464478,0.125,tie,0.09578418731689453,39,1,256,256,False,3,4,True
"concurrency 1 vs 32 (cap 8), mtp_s3",gsm8k-0078,,,,,,,,0.616776704788208,156,1,256,256,False,,,
"concurrency 1 vs 32 (cap 8), mtp_s3",humaneval-0002,96,760,1206,0.125,0.25,0.125,near,0.18871307373046875,19,1,256,256,False,2,4,True
"concurrency 1 vs 32 (cap 8), mtp_s3",humaneval-0005,212,1103,39965,0.0,0.125,0.125,tie,0.24478721618652344,129,1,256,256,False,1,3,True
"concurrency 1 vs 32 (cap 8), mtp_s3",humaneval-0008,77,1445,727,0.125,0.0,0.125,tie,0.12900090217590332,53,1,256,256,False,3,4,True
"concurrency 1 vs 32 (cap 8), mtp_s3",humaneval-0014,65,33120,15305,0.125,0.0,0.125,tie,0.18865644931793213,60,1,256,256,False,0,1,True
"concurrency 1 vs 32 (cap 8), mtp_s3",humaneval-0017,121,2425,12,0.125,0.0,0.125,tie,0.1313769817352295,8,1,256,256,False,2,3,True
"concurrency 1 vs 32 (cap 8), mtp_s3",humaneval-0020,89,10300,1906,0.125,0.0,0.125,tie,0.23239898681640625,35,1,256,256,False,3,4,True
"concurrency 1 vs 32 (cap 8), mtp_s3",humaneval-0021,200,2334,87,0.125,0.0,0.125,tie,0.12281584739685059,191,1,221,221,False,0,3,True
"concurrency 1 vs 32 (cap 8), mtp_s3",humaneval-0026,52,1204,279,0.125,0.0,0.125,tie,0.12260890007019043,29,1,256,256,False,1,4,True
"concurrency 1 vs 32 (cap 8), mtp_s3",humaneval-0027,2,198,1358,0.0,0.125,0.125,tie,5.960337148280814e-07,1,1,81,81,False,1,1,True
"concurrency 1 vs 32 (cap 8), mtp_s3",humaneval-0032,39,1406,2574,0.0,0.125,0.125,tie,0.12192893028259277,12,1,256,256,False,1,4,True
"concurrency 1 vs 32 (cap 8), mtp_s3",humaneval-0038,94,513,6922,0.0,0.125,0.125,tie,0.14774465560913086,67,1,256,256,False,1,4,True
"concurrency 1 vs 32 (cap 8), mtp_s3",humaneval-0039,211,1698,2912,0.0,0.125,0.125,tie,0.1208336353302002,13,1,253,251,False,2,4,True
"concurrency 1 vs 32 (cap 8), mtp_s3",humaneval-0043,2,1358,198,0.125,0.0,0.125,tie,0.0,,,201,201,False,1,1,True
"concurrency 1 vs 32 (cap 8), mtp_s3",humaneval-0047,115,3165,11319,0.0,0.125,0.125,tie,0.24170827865600586,30,1,256,256,False,1,4,True
"concurrency 1 vs 32 (cap 8), mtp_s3",humaneval-0056,131,1,763,0.0,0.125,0.125,tie,0.20435762405395508,99,1,256,256,False,0,4,True
"concurrency 1 vs 32 (cap 8), mtp_s3",mt_bench-0000,77,26,466,0.125,0.125,0.125,one_ulp,0.14864325523376465,72,1,256,256,False,1,1,True
"concurrency 1 vs 32 (cap 8), mtp_s3",mt_bench-0003,30,4929,6379,0.0,0.125,0.125,tie,0.12000823020935059,11,0,256,256,False,1,3,True
"concurrency 1 vs 32 (cap 8), mtp_s3",mt_bench-0004,65,15919,542,0.125,0.0,0.125,tie,0.23914790153503418,34,1,224,238,False,0,1,True
"concurrency 1 vs 32 (cap 8), mtp_s3",mt_bench-0005,131,27597,11,0.125,0.0,0.125,tie,0.15557259321212769,55,1,256,256,False,0,2,True
"concurrency 1 vs 32 (cap 8), mtp_s3",mt_bench-0006,33,1040,80592,0.0,0.125,0.0625,tie,0.12166547775268555,25,1,256,256,False,0,1,True
"concurrency 1 vs 32 (cap 8), mtp_s3",mt_bench-0009,86,11,321,0.0,0.125,0.125,tie,0.12263226509094238,46,1,256,256,False,0,4,True
"concurrency 1 vs 32 (cap 8), mtp_s3",mt_bench-0010,33,1132,1459,0.0,0.125,0.125,tie,0.21042513847351074,7,1,256,215,False,1,4,True
"concurrency 1 vs 32 (cap 8), mtp_s3",mt_bench-0012,28,33404,7139,0.125,0.125,0.125,one_ulp,0.2019057273864746,23,1,256,256,False,3,2,True
"concurrency 1 vs 32 (cap 8), mtp_s3",mt_bench-0014,187,16839,18216,0.0,0.125,0.125,tie,0.17634272575378418,127,1,256,256,False,0,4,True
"concurrency 1 vs 32 (cap 8), mtp_s3",mt_bench-0015,43,2534,4087,0.0,0.25,0.125,tie,0.162278413772583,38,1,256,256,False,1,3,True
"concurrency 1 vs 32 (cap 8), mtp_s3",mt_bench-0017,69,44145,5304,0.125,0.0,0.125,tie,0.13319873809814453,37,1,256,256,False,0,2,True
"concurrency 1 vs 32 (cap 8), mtp_s3",mt_bench-0018,28,61,32773,0.0,0.125,0.125,tie,0.12139296531677246,21,1,141,158,False,3,1,True
"concurrency 1 vs 32 (cap 8), mtp_s3",mt_bench-0022,18,760,2592,0.0,0.12499994039535522,0.125,tie,0.18543076515197754,10,1,106,256,False,1,4,True
"concurrency 1 vs 32 (cap 8), mtp_s3",mt_bench-0024,151,23,17,0.125,0.0,0.125,tie,0.22710061073303223,40,1,256,256,False,2,4,True
"concurrency 1 vs 32 (cap 8), mtp_s3",mt_bench-0025,187,1,1149,0.0,0.125,0.125,tie,0.12951111793518066,105,1,256,256,False,0,4,True
"concurrency 1 vs 32 (cap 8), mtp_s3",mt_bench-0026,74,198,13,0.125,0.0,0.125,tie,0.2381143569946289,13,1,256,256,False,1,1,True
"concurrency 1 vs 32 (cap 8), mtp_s3",mt_bench-0028,112,16903,10234,0.125,0.0,0.125,tie,0.2450878620147705,76,1,256,256,False,0,4,True
"concurrency 1 vs 32 (cap 8), mtp_s3",mt_bench-0029,123,310,13,0.125,0.0,0.125,tie,0.12305426597595215,27,1,256,256,False,1,3,True
"concurrency 1 vs 32 (cap 8), mtp_s3",mt_bench-0032,137,34167,27382,0.125,0.0,0.125,tie,0.1481006145477295,46,1,256,256,False,0,4,True
"concurrency 1 vs 32 (cap 8), mtp_s3",mt_bench-0035,97,35195,279,0.125,0.0,0.125,tie,0.1828632354736328,94,1,256,256,False,2,3,True
"concurrency 1 vs 32 (cap 8), mtp_s3",mt_bench-0037,200,393,279,0.125,0.0,0.125,tie,0.18095827102661133,23,1,256,256,False,2,4,True
"concurrency 1 vs 32 (cap 8), mtp_s3",mt_bench-0042,148,3870,2940,0.125,0.0,0.125,tie,0.22464346885681152,124,1,256,256,False,3,4,True
"concurrency 1 vs 32 (cap 8), mtp_s3",mt_bench-0044,251,383,314,0.125,0.0,0.125,tie,0.2395946979522705,202,1,256,256,False,2,4,True
"concurrency 1 vs 32 (cap 8), mtp_s3",mt_bench-0045,26,22373,318,0.12499994039535522,0.0,0.125,tie,0.20178532600402832,24,1,256,256,False,0,4,True
"concurrency 1 vs 32 (cap 8), mtp_s3",mt_bench-0048,94,1654,332,0.125,0.0,0.125,tie,0.1827833652496338,77,1,256,256,False,1,4,True
"concurrency 1 vs 32 (cap 8), mtp_s3",mt_bench-0050,247,799,3158,0.0,0.125,0.125,tie,0.2442328929901123,17,1,256,256,False,1,4,True
"concurrency 1 vs 32 (cap 8), mtp_s3",mt_bench-0056,247,9711,10036,0.125,0.125,0.125,one_ulp,0.24549245834350586,56,1,256,256,False,0,4,True
"concurrency 1 vs 32 (cap 8), mtp_s3",mt_bench-0059,126,283,25,0.125,0.0,0.125,tie,0.20899367332458496,109,1,256,256,False,2,4,True
"concurrency 1 vs 32 (cap 8), mtp_s3",mt_bench-0060,32,6745,29144,0.0,0.125,0.125,tie,0.16230475902557373,1,1,256,256,False,2,3,True
"concurrency 1 vs 32 (cap 8), mtp_s3",mt_bench-0061,231,92217,332,0.125,0.0,0.125,tie,0.21971964836120605,99,1,256,256,False,3,4,True
"concurrency 1 vs 32 (cap 8), mtp_s3",mt_bench-0062,154,13,318,0.0,0.125,0.125,tie,0.12259340286254883,153,1,256,256,False,0,4,True
"concurrency 1 vs 32 (cap 8), mtp_s3",mt_bench-0063,203,264,19518,0.0,0.125,0.125,tie,0.25654423236846924,195,1,256,256,False,1,2,True
"concurrency 1 vs 32 (cap 8), mtp_s3",mt_bench-0064,253,13376,58236,0.0,0.125,0.125,tie,0.23747682571411133,52,1,256,256,False,3,4,True
"concurrency 1 vs 32 (cap 8), mtp_s3",mt_bench-0065,92,271,198,0.125,0.0,0.0625,tie,0.12235021591186523,65,1,256,256,False,1,2,True
"concurrency 1 vs 32 (cap 8), mtp_s3",mt_bench-0066,56,2984,9111,0.0,0.125,0.125,tie,0.2182292938232422,19,1,256,256,False,0,1,True
"concurrency 1 vs 32 (cap 8), mtp_s3",mt_bench-0067,127,4570,506,0.125,0.0,0.125,tie,0.20903944969177246,120,1,256,256,False,0,3,True
"concurrency 1 vs 32 (cap 8), mtp_s3",mt_bench-0069,47,421,364,0.125,0.0,0.125,tie,0.22074437141418457,1,0,256,256,False,0,4,True
"concurrency 1 vs 32 (cap 8), mtp_s3",mt_bench-0071,172,364,264,0.125,0.0,0.125,tie,0.14715194702148438,170,1,256,256,False,0,4,True
"concurrency 1 vs 32 (cap 8), mtp_s3",mt_bench-0072,15,11587,5190,0.125,0.0,0.125,tie,0.12264370918273926,3,1,256,256,False,3,4,True
"concurrency 1 vs 32 (cap 8), mtp_s3",mt_bench-0075,17,369,318,0.25,0.0,0.25,tie,0.0002264960203319788,10,1,256,256,False,0,4,True
"concurrency 1 vs 32 (cap 8), mtp_s3",mt_bench-0076,197,12688,795,0.125,0.0,0.125,tie,0.2238600254058838,43,1,256,256,False,1,3,True
"concurrency 1 vs 32 (cap 8), mtp_s3",mt_bench-0077,86,74316,36009,0.125,0.0,0.125,tie,0.1777263879776001,63,1,256,256,False,0,3,True
"concurrency 1 vs 32 (cap 8), mtp_s3",mt_bench-0078,17,5788,25215,0.0,0.25,0.125,tie,0.23979949951171875,15,1,256,256,False,1,4,True
"concurrency 1 vs 32 (cap 8), mtp_s3",mt_bench-0079,235,3672,604,0.0625,0.0625,0.0625,one_ulp,0.206343412399292,141,1,256,256,False,0,2,True
"concurrency 1 vs 32 (cap 8), mtp_s5",alpaca_eval-0000,6,63049,26310,0.125,0.0,0.125,tie,0.0011410173028707504,5,4,256,256,False,2,2,True
"concurrency 1 vs 32 (cap 8), mtp_s5",alpaca_eval-0010,29,975,44280,0.0,0.125,0.125,tie,0.11801457405090332,27,1,256,256,False,0,1,True
"concurrency 1 vs 32 (cap 8), mtp_s5",alpaca_eval-0030,190,12439,1891,0.125,0.0,0.125,tie,0.23105573654174805,81,9,256,256,False,3,6,True
"concurrency 1 vs 32 (cap 8), mtp_s5",alpaca_eval-0050,182,198,31874,0.0,0.125,0.125,tie,0.2380661964416504,124,15,256,256,False,1,3,True
"concurrency 1 vs 32 (cap 8), mtp_s5",alpaca_eval-0060,152,5487,23351,0.0,0.125,0.125,tie,0.15435004234313965,27,1,256,256,False,3,1,True
"concurrency 1 vs 32 (cap 8), mtp_s5",alpaca_eval-0090,230,6453,23901,0.0,0.125,0.125,tie,0.24379634857177734,207,0,256,256,False,2,3,True
"concurrency 1 vs 32 (cap 8), mtp_s5",alpaca_eval-0100,77,39502,3428,0.125,0.0,0.0625,tie,0.13940834999084473,14,2,256,256,False,1,2,True
"concurrency 1 vs 32 (cap 8), mtp_s5",alpaca_eval-0110,153,5365,5138,0.125,0.0,0.125,tie,0.2363736629486084,6,4,256,256,False,3,2,True
"concurrency 1 vs 32 (cap 8), mtp_s5",alpaca_eval-0120,100,1852,68587,0.0,0.125,0.125,tie,0.19004154205322266,33,2,171,156,False,0,3,True
"concurrency 1 vs 32 (cap 8), mtp_s5",alpaca_eval-0130,38,1876,39107,0.0,0.125,0.0625,tie,0.1209859848022461,34,4,256,256,False,0,2,True
"concurrency 1 vs 32 (cap 8), mtp_s5",alpaca_eval-0140,234,6855,36636,0.0,0.125,0.125,tie,0.164534330368042,195,4,256,256,False,2,6,True
"concurrency 1 vs 32 (cap 8), mtp_s5",alpaca_eval-0160,45,1442,3988,0.0,0.0625,0.0625,tie,0.1226658821105957,25,1,256,256,False,3,4,True
"concurrency 1 vs 32 (cap 8), mtp_s5",alpaca_eval-0170,167,13428,2233,0.125,0.0,0.125,tie,0.2409367561340332,17,1,256,256,False,0,5,True
"concurrency 1 vs 32 (cap 8), mtp_s5",alpaca_eval-0180,39,24065,26932,0.0,0.125,0.125,tie,0.20183682441711426,32,10,256,256,False,2,6,True
"concurrency 1 vs 32 (cap 8), mtp_s5",alpaca_eval-0200,208,4992,3608,0.125,0.0,0.125,tie,0.24054265022277832,70,1,256,256,False,2,2,True
"concurrency 1 vs 32 (cap 8), mtp_s5",alpaca_eval-0210,163,19315,11961,0.125,0.0,0.125,tie,0.2016150951385498,143,12,256,256,False,0,1,True
"concurrency 1 vs 32 (cap 8), mtp_s5",alpaca_eval-0220,182,303,310,0.0,0.25,0.0625,tie,0.15964126586914062,133,10,256,256,False,0,2,True
"concurrency 1 vs 32 (cap 8), mtp_s5",alpaca_eval-0230,190,12298,23373,0.0,0.125,0.125,tie,0.1758561134338379,72,19,256,256,False,3,3,True
"concurrency 1 vs 32 (cap 8), mtp_s5",alpaca_eval-0240,238,1220,3125,0.0,0.125,0.125,tie,0.24254965782165527,121,3,256,256,False,2,4,True
"concurrency 1 vs 32 (cap 8), mtp_s5",alpaca_eval-0250,28,1765,1593,0.125,0.0,0.0625,tie,0.12092804908752441,18,4,256,256,False,0,3,True
"concurrency 1 vs 32 (cap 8), mtp_s5",alpaca_eval-0270,11,279,2046,0.0,0.125,0.125,tie,0.11894345283508301,10,10,256,256,False,0,1,True
"concurrency 1 vs 32 (cap 8), mtp_s5",alpaca_eval-0280,90,6286,328,0.125,0.0,0.125,tie,0.2124173641204834,75,10,256,256,False,3,3,True
"concurrency 1 vs 32 (cap 8), mtp_s5",alpaca_eval-0320,90,14235,32936,0.0,0.125,0.125,tie,0.2413928508758545,73,1,256,256,False,4,2,True
"concurrency 1 vs 32 (cap 8), mtp_s5",alpaca_eval-0330,10,13759,2534,0.125,0.0,0.125,tie,0.11265087127685547,7,6,256,256,False,2,2,True
"concurrency 1 vs 32 (cap 8), mtp_s5",alpaca_eval-0340,145,21870,10631,0.125,0.0,0.125,tie,0.24030184745788574,98,2,201,195,False,3,1,True
"concurrency 1 vs 32 (cap 8), mtp_s5",alpaca_eval-0350,130,10829,25066,0.0,0.25,0.125,tie,0.18067634105682373,109,18,256,256,False,5,2,True
"concurrency 1 vs 32 (cap 8), mtp_s5",alpaca_eval-0360,113,18,17,0.125,0.0,0.125,tie,0.24097585678100586,112,1,256,256,False,1,2,True
"concurrency 1 vs 32 (cap 8), mtp_s5",alpaca_eval-0390,3,220,10,0.0625,0.0,0.0625,tie,0.10184574127197266,1,1,256,256,False,2,1,True
"concurrency 1 vs 32 (cap 8), mtp_s5",alpaca_eval-0400,7,1510,2972,0.0,0.125,0.125,tie,0.0,,,256,256,False,1,3,True
"concurrency 1 vs 32 (cap 8), mtp_s5",alpaca_eval-0410,74,20656,357,0.125,0.0,0.125,tie,0.12343049049377441,21,1,256,256,False,1,2,True
"concurrency 1 vs 32 (cap 8), mtp_s5",alpaca_eval-0420,33,5629,3611,0.125,0.0,0.125,tie,0.19218015670776367,28,17,221,202,False,2,4,True
"concurrency 1 vs 32 (cap 8), mtp_s5",alpaca_eval-0440,72,1970,13,0.125,0.0,0.125,tie,0.1910700798034668,71,4,256,256,False,2,5,True
"concurrency 1 vs 32 (cap 8), mtp_s5",alpaca_eval-0460,41,1204,3315,0.0,0.125,0.125,tie,0.15067267417907715,28,2,256,256,False,0,1,True
"concurrency 1 vs 32 (cap 8), mtp_s5",alpaca_eval-0470,238,31341,7873,0.125,0.0,0.125,tie,0.23299932479858398,92,1,256,256,False,5,2,True
"concurrency 1 vs 32 (cap 8), mtp_s5",alpaca_eval-0480,107,1879,7497,0.0,0.125,0.125,tie,0.21317076683044434,46,1,256,256,False,1,2,True
"concurrency 1 vs 32 (cap 8), mtp_s5",alpaca_eval-0490,103,1496,5129,0.0,0.125,0.125,tie,0.23043274879455566,41,9,256,256,False,0,3,True
"concurrency 1 vs 32 (cap 8), mtp_s5",alpaca_eval-0510,157,21100,279,0.125,0.0,0.125,tie,0.21180510520935059,124,1,161,164,False,1,2,True
"concurrency 1 vs 32 (cap 8), mtp_s5",alpaca_eval-0520,248,21322,62013,0.125,0.125,0.125,one_ulp,0.30790257453918457,187,9,256,256,False,2,3,True
"concurrency 1 vs 32 (cap 8), mtp_s5",alpaca_eval-0530,161,854,2647,0.0,0.125,0.125,tie,0.229658842086792,91,4,256,256,False,0,3,True
"concurrency 1 vs 32 (cap 8), mtp_s5",alpaca_eval-0550,24,15205,11048,0.25,0.0,0.125,tie,0.23532438278198242,20,9,256,256,False,2,1,True
"concurrency 1 vs 32 (cap 8), mtp_s5",alpaca_eval-0570,179,1326,22677,0.0,0.125,0.125,tie,0.2011127471923828,141,1,256,256,False,2,3,True
"concurrency 1 vs 32 (cap 8), mtp_s5",alpaca_eval-0580,43,321,1345,0.0,0.25,0.125,tie,0.12674617767333984,41,6,256,256,False,0,1,True
"concurrency 1 vs 32 (cap 8), mtp_s5",alpaca_eval-0590,235,21426,37568,0.0,0.125,0.125,tie,0.23074674606323242,66,7,256,256,False,0,3,True
"concurrency 1 vs 32 (cap 8), mtp_s5",cnn_dailymail-0000,85,264,449,0.0,0.125,0.125,tie,0.13050007820129395,67,13,112,113,False,0,2,True
"concurrency 1 vs 32 (cap 8), mtp_s5",cnn_dailymail-0002,150,30284,2599,0.125,0.0,0.125,tie,0.2090519666671753,73,1,256,256,False,4,6,True
"concurrency 1 vs 32 (cap 8), mtp_s5",cnn_dailymail-0003,7,11,852,0.0,0.125,0.125,tie,0.1539137363433838,3,0,87,108,False,2,1,True
"concurrency 1 vs 32 (cap 8), mtp_s5",cnn_dailymail-0004,47,314,11,0.125,0.0,0.125,tie,0.18060755729675293,46,0,92,97,False,0,4,True
"concurrency 1 vs 32 (cap 8), mtp_s5",cnn_dailymail-0005,49,18659,7524,0.125,0.0,0.125,tie,0.21153712272644043,48,6,256,256,False,3,3,True
"concurrency 1 vs 32 (cap 8), mtp_s5",cnn_dailymail-0009,39,5879,31511,0.0,0.125,0.125,tie,0.11982393264770508,22,13,82,84,False,1,2,True
"concurrency 1 vs 32 (cap 8), mtp_s5",cnn_dailymail-0013,86,328,12387,0.0,0.125,0.125,tie,0.161612868309021,47,32,124,121,False,0,1,True
"concurrency 1 vs 32 (cap 8), mtp_s5",cnn_dailymail-0014,52,2201,3567,0.0,0.125,0.125,tie,0.24419713020324707,45,0,256,256,False,2,2,True
"concurrency 1 vs 32 (cap 8), mtp_s5",cnn_dailymail-0017,114,2640,40940,0.0,0.125,0.125,tie,0.21264386177062988,60,7,256,256,False,1,6,True
"concurrency 1 vs 32 (cap 8), mtp_s5",cnn_dailymail-0018,38,1238,2614,0.0,0.125,0.125,tie,0.21522212028503418,10,1,111,124,False,4,4,True
"concurrency 1 vs 32 (cap 8), mtp_s5",cnn_dailymail-0019,35,13789,9953,0.125,0.0,0.0625,tie,0.13636112213134766,7,1,104,104,False,2,4,True
"concurrency 1 vs 32 (cap 8), mtp_s5",cnn_dailymail-0020,46,4400,3543,0.125,0.0,0.125,tie,0.1217489242553711,42,1,256,256,False,0,2,True
"concurrency 1 vs 32 (cap 8), mtp_s5",cnn_dailymail-0021,43,1010,4788,0.0,0.125,0.125,tie,0.14657807350158691,28,1,131,125,False,0,1,True
"concurrency 1 vs 32 (cap 8), mtp_s5",cnn_dailymail-0022,81,4171,44164,0.0,0.125,0.125,tie,0.2420635223388672,71,1,116,113,False,1,1,True
"concurrency 1 vs 32 (cap 8), mtp_s5",cnn_dailymail-0024,55,66345,42849,0.125,0.0,0.125,tie,0.23740792274475098,41,1,107,110,False,0,1,True
"concurrency 1 vs 32 (cap 8), mtp_s5",cnn_dailymail-0026,226,45482,48401,0.0,0.125,0.125,tie,0.22566461563110352,79,1,256,256,False,5,6,True
"concurrency 1 vs 32 (cap 8), mtp_s5",cnn_dailymail-0027,12,4588,22263,0.0,0.125,0.125,tie,0.122222900390625,9,1,96,99,False,2,2,True
"concurrency 1 vs 32 (cap 8), mtp_s5",cnn_dailymail-0028,84,494,310,0.125,0.125,0.125,one_ulp,0.24390053749084473,23,1,115,109,False,0,2,True
"concurrency 1 vs 32 (cap 8), mtp_s5",cnn_dailymail-0031,14,9331,6113,0.25,0.0,0.125,tie,0.11841988563537598,4,1,130,117,False,4,3,True
"concurrency 1 vs 32 (cap 8), mtp_s5",cnn_dailymail-0032,153,75532,22525,0.125,0.0,0.125,tie,0.19160985946655273,145,1,256,256,False,2,4,True
"concurrency 1 vs 32 (cap 8), mtp_s5",cnn_dailymail-0033,62,279,2107,0.0,0.125,0.125,tie,0.1301259994506836,59,2,95,96,False,0,2,True
"concurrency 1 vs 32 (cap 8), mtp_s5",cnn_dailymail-0037,4,303,424,0.0,0.125,0.125,tie,0.11267614364624023,3,1,124,117,False,0,3,True
"concurrency 1 vs 32 (cap 8), mtp_s5",cnn_dailymail-0038,136,11664,553,0.12499994039535522,0.0,0.125,tie,0.24211549758911133,87,1,256,256,False,1,2,True
"concurrency 1 vs 32 (cap 8), mtp_s5",gsm8k-0000,148,2420,5898,0.0,0.125,0.125,tie,0.1224372386932373,17,9,256,256,False,5,3,True
"concurrency 1 vs 32 (cap 8), mtp_s5",gsm8k-0002,29,279,17704,0.0,0.125,0.125,tie,0.2454688549041748,0,0,256,256,False,1,6,True
"concurrency 1 vs 32 (cap 8), mtp_s5",gsm8k-0005,229,3240,8720,0.0,0.125,0.125,tie,0.2220165729522705,195,0,256,256,False,4,6,True
"concurrency 1 vs 32 (cap 8), mtp_s5",gsm8k-0007,86,4003,854,0.125,0.0,0.125,tie,0.23307275772094727,18,0,256,256,False,0,6,True
"concurrency 1 vs 32 (cap 8), mtp_s5",gsm8k-0010,159,1423,10724,0.0,0.125,0.125,tie,0.1481354832649231,12,2,256,256,False,1,6,True
"concurrency 1 vs 32 (cap 8), mtp_s5",gsm8k-0011,26,1421,38663,0.0,0.12500005960464478,0.125,tie,0.0003046696074306965,25,1,256,256,False,5,6,True
"concurrency 1 vs 32 (cap 8), mtp_s5",gsm8k-0012,60,9483,24157,0.0,0.125,0.125,tie,0.15077567100524902,36,3,256,256,False,3,6,True
"concurrency 1 vs 32 (cap 8), mtp_s5",gsm8k-0013,242,1292,1142,0.125,0.0,0.125,tie,0.20943737030029297,220,10,256,256,False,2,4,True
"concurrency 1 vs 32 (cap 8), mtp_s5",gsm8k-0015,44,31187,4997,0.25,0.125,0.125,near,0.28830409049987793,15,0,256,256,False,0,5,True
"concurrency 1 vs 32 (cap 8), mtp_s5",gsm8k-0017,197,5759,8941,0.0,0.125,0.125,tie,0.20877480506896973,53,1,256,256,False,1,4,True
"concurrency 1 vs 32 (cap 8), mtp_s5",gsm8k-0020,33,4346,64494,0.0,0.125,0.125,tie,0.24490666389465332,2,1,256,256,False,3,3,True
"concurrency 1 vs 32 (cap 8), mtp_s5",gsm8k-0021,94,948,506,0.125,0.0,0.125,tie,0.12110447883605957,57,14,168,166,False,4,6,True
"concurrency 1 vs 32 (cap 8), mtp_s5",gsm8k-0023,97,5141,279,0.125,0.0,0.125,tie,0.14513587951660156,77,10,256,256,False,4,6,True
"concurrency 1 vs 32 (cap 8), mtp_s5",gsm8k-0025,19,3750,279,0.125,0.0,0.125,tie,0.10787534713745117,14,1,256,256,False,0,2,True
"concurrency 1 vs 32 (cap 8), mtp_s5",gsm8k-0028,27,3377,2702,0.125,0.0,0.125,tie,0.12065482139587402,12,3,240,247,False,1,6,True
"concurrency 1 vs 32 (cap 8), mtp_s5",gsm8k-0035,139,318,303,0.125,0.0,0.125,tie,0.19688498973846436,67,5,256,256,False,0,1,True
"concurrency 1 vs 32 (cap 8), mtp_s5",gsm8k-0036,102,13,506,0.0,0.12499994039535522,0.125,tie,0.24488472938537598,0,0,236,239,False,4,4,True
"concurrency 1 vs 32 (cap 8), mtp_s5",gsm8k-0039,201,198,271,0.0,0.125,0.125,tie,0.20196890830993652,167,5,256,256,False,1,6,True
"concurrency 1 vs 32 (cap 8), mtp_s5",gsm8k-0040,43,9,13682,0.0,0.125,0.125,tie,0.12049388885498047,6,1,208,212,False,5,6,True
"concurrency 1 vs 32 (cap 8), mtp_s5",gsm8k-0044,232,38152,16229,0.125,0.0,0.125,tie,0.19891595840454102,68,4,256,256,False,5,4,True
"concurrency 1 vs 32 (cap 8), mtp_s5",gsm8k-0052,114,421,4221,0.0,0.125,0.125,tie,0.12099766731262207,8,1,256,256,False,3,6,True
"concurrency 1 vs 32 (cap 8), mtp_s5",gsm8k-0056,75,364,25,0.125,0.0,0.125,tie,0.12308526039123535,38,1,256,256,False,2,6,True
"concurrency 1 vs 32 (cap 8), mtp_s5",gsm8k-0060,0,1206,8160,0.125,0.125,0.125,one_ulp,0.0,,,256,256,False,0,,True
"concurrency 1 vs 32 (cap 8), mtp_s5",gsm8k-0061,22,11,2695,0.0,0.125,0.125,tie,0.1222541332244873,19,0,256,256,False,3,2,True
"concurrency 1 vs 32 (cap 8), mtp_s5",gsm8k-0065,190,17239,5122,0.125,0.0,0.125,tie,0.12189435958862305,164,0,256,256,False,3,6,True
"concurrency 1 vs 32 (cap 8), mtp_s5",gsm8k-0066,226,19,32897,0.0,0.25,0.125,tie,0.12748408317565918,92,2,256,256,False,0,4,True
"concurrency 1 vs 32 (cap 8), mtp_s5",gsm8k-0068,221,17,21,0.0,0.125,0.125,tie,0.1974191665649414,25,1,256,256,False,4,6,True
"concurrency 1 vs 32 (cap 8), mtp_s5",gsm8k-0069,131,2763,5732,0.125,0.125,0.125,one_ulp,0.2381134033203125,104,1,256,256,False,0,3,True
"concurrency 1 vs 32 (cap 8), mtp_s5",gsm8k-0070,15,25,13,0.125,0.0,0.125,tie,0.0959465503692627,9,1,256,256,False,1,1,True
"concurrency 1 vs 32 (cap 8), mtp_s5",gsm8k-0074,111,7336,4625,0.125,0.0,0.125,tie,0.12241411209106445,54,3,256,256,False,1,5,True
"concurrency 1 vs 32 (cap 8), mtp_s5",gsm8k-0076,40,32,760,0.0,0.125,0.125,tie,0.12129878997802734,29,7,256,256,False,3,5,True
"concurrency 1 vs 32 (cap 8), mtp_s5",humaneval-0002,114,733,271,0.125,0.125,0.125,one_ulp,0.14047449827194214,96,10,256,256,False,4,6,True
"concurrency 1 vs 32 (cap 8), mtp_s5",humaneval-0005,106,2958,498,0.125,0.0,0.125,tie,0.22407746315002441,2,1,256,256,False,5,6,True
"concurrency 1 vs 32 (cap 8), mtp_s5",humaneval-0010,135,364,653,0.0,0.125,0.125,tie,0.1192626953125,119,1,174,190,False,0,6,True
"concurrency 1 vs 32 (cap 8), mtp_s5",humaneval-0011,225,3542,886,0.125,0.0,0.125,tie,0.2429213523864746,217,2,256,256,False,2,1,True
"concurrency 1 vs 32 (cap 8), mtp_s5",humaneval-0017,72,25,6507,0.0,0.125,0.125,tie,0.12987565994262695,0,0,256,256,False,2,6,True
"concurrency 1 vs 32 (cap 8), mtp_s5",humaneval-0020,118,264,53064,0.0,0.125,0.125,tie,0.24356937408447266,4,2,256,256,False,0,2,True
"concurrency 1 vs 32 (cap 8), mtp_s5",humaneval-0023,119,1220,369,0.125,0.0,0.125,tie,0.2444596290588379,0,0,185,195,False,2,6,True
"concurrency 1 vs 32 (cap 8), mtp_s5",humaneval-0032,94,1902,682,0.125,0.0,0.125,tie,0.1840379238128662,45,6,256,256,False,2,1,True
"concurrency 1 vs 32 (cap 8), mtp_s5",humaneval-0037,158,498,1103,0.0,0.125,0.125,tie,0.12129426002502441,131,8,217,189,False,1,4,True
"concurrency 1 vs 32 (cap 8), mtp_s5",humaneval-0043,2,198,1358,0.0,0.25,0.25,tie,1.192074705613777e-07,1,1,201,201,False,1,1,True
"concurrency 1 vs 32 (cap 8), mtp_s5",humaneval-0050,13,561,1061,0.0,0.12500005960464478,0.125,tie,0.17349982261657715,12,3,256,256,False,0,6,True
"concurrency 1 vs 32 (cap 8), mtp_s5",humaneval-0053,18,5089,709,0.125,0.0,0.125,tie,0.12232065200805664,16,1,172,176,False,0,3,True
"concurrency 1 vs 32 (cap 8), mtp_s5",humaneval-0056,210,748,4523,0.0,0.125,0.125,tie,0.24335217475891113,98,3,256,256,False,0,1,True
"concurrency 1 vs 32 (cap 8), mtp_s5",humaneval-0059,43,18253,430,0.125,0.0,0.125,tie,0.2380516529083252,27,0,256,256,False,1,3,True
"concurrency 1 vs 32 (cap 8), mtp_s5",mt_bench-0001,86,3258,5117,0.0,0.12500005960464478,0.125,tie,0.16389918327331543,40,3,160,154,False,0,1,True
"concurrency 1 vs 32 (cap 8), mtp_s5",mt_bench-0005,97,33367,37728,0.0,0.0625,0.0625,tie,0.21956515312194824,70,3,256,256,False,2,4,True
"concurrency 1 vs 32 (cap 8), mtp_s5",mt_bench-0006,32,10708,1016,0.0625,0.0,0.0625,tie,0.11875438690185547,21,2,256,256,False,0,2,True
"concurrency 1 vs 32 (cap 8), mtp_s5",mt_bench-0007,10,264,279,0.0,0.125,0.125,tie,0.16421222686767578,3,1,184,200,False,1,3,True
"concurrency 1 vs 32 (cap 8), mtp_s5",mt_bench-0008,213,381,4950,0.0,0.125,0.125,tie,0.14680051803588867,129,7,256,256,False,2,4,True
"concurrency 1 vs 32 (cap 8), mtp_s5",mt_bench-0009,86,321,11,0.125,0.0,0.125,tie,0.1370391845703125,9,8,256,256,False,4,5,True
"concurrency 1 vs 32 (cap 8), mtp_s5",mt_bench-0010,15,1,8964,0.0,0.125,0.125,tie,0.11947798728942871,12,5,256,256,False,0,1,True
"concurrency 1 vs 32 (cap 8), mtp_s5",mt_bench-0011,184,11939,74021,0.0,0.0625,0.0625,tie,0.16692519187927246,165,10,256,256,False,0,3,True
"concurrency 1 vs 32 (cap 8), mtp_s5",mt_bench-0012,144,12483,13522,0.0,0.125,0.125,tie,0.22329950332641602,132,7,256,256,False,1,2,True
"concurrency 1 vs 32 (cap 8), mtp_s5",mt_bench-0016,211,13962,794,0.125,0.125,0.125,one_ulp,0.24183869361877441,131,5,256,256,False,3,3,True
"concurrency 1 vs 32 (cap 8), mtp_s5",mt_bench-0017,69,44145,5304,0.125,0.0,0.125,tie,0.14070534706115723,43,7,256,256,False,0,2,True
"concurrency 1 vs 32 (cap 8), mtp_s5",mt_bench-0023,199,279,919,0.0,0.125,0.125,tie,0.2536122798919678,23,3,256,256,False,2,1,True
"concurrency 1 vs 32 (cap 8), mtp_s5",mt_bench-0024,151,17,23,0.0,0.125,0.125,tie,0.2274007797241211,49,3,256,256,False,0,6,True
"concurrency 1 vs 32 (cap 8), mtp_s5",mt_bench-0025,80,40582,48554,0.0,0.125,0.125,tie,0.13401126861572266,36,7,256,256,False,3,6,True
"concurrency 1 vs 32 (cap 8), mtp_s5",mt_bench-0029,123,310,13,0.125,0.0,0.125,tie,0.12276577949523926,83,7,256,256,False,1,3,True
"concurrency 1 vs 32 (cap 8), mtp_s5",mt_bench-0032,137,27382,34167,0.0,0.125,0.125,tie,0.12259840965270996,118,4,256,256,False,0,6,True
"concurrency 1 vs 32 (cap 8), mtp_s5",mt_bench-0034,108,1518,348,0.125,0.0,0.125,tie,0.14435410499572754,92,17,256,256,False,5,4,True
"concurrency 1 vs 32 (cap 8), mtp_s5",mt_bench-0035,182,2441,37201,0.0,0.125,0.125,tie,0.2366170883178711,16,1,256,256,False,4,5,True
"concurrency 1 vs 32 (cap 8), mtp_s5",mt_bench-0039,143,26782,279,0.125,0.0,0.125,tie,0.20791029930114746,113,1,256,256,False,2,4,True
"concurrency 1 vs 32 (cap 8), mtp_s5",mt_bench-0040,21,279,27690,0.0,0.125,0.125,tie,0.11561369895935059,5,2,256,256,False,0,6,True
"concurrency 1 vs 32 (cap 8), mtp_s5",mt_bench-0042,128,2081,3779,0.0,0.125,0.125,tie,0.12163972854614258,51,0,256,256,False,2,1,True
"concurrency 1 vs 32 (cap 8), mtp_s5",mt_bench-0044,108,3221,9859,0.0,0.125,0.125,tie,0.17262840270996094,61,1,256,256,False,1,4,True
"concurrency 1 vs 32 (cap 8), mtp_s5",mt_bench-0045,26,22373,318,0.125,0.0,0.125,tie,0.1282179355621338,17,1,256,256,False,4,3,True
"concurrency 1 vs 32 (cap 8), mtp_s5",mt_bench-0047,40,7620,1,0.125,0.0,0.0625,tie,0.10928177833557129,17,7,256,256,False,1,4,True
"concurrency 1 vs 32 (cap 8), mtp_s5",mt_bench-0048,49,488,580,0.0,0.125,0.125,tie,0.14381134510040283,46,8,256,256,False,0,3,True
"concurrency 1 vs 32 (cap 8), mtp_s5",mt_bench-0049,24,466,11,0.125,0.0,0.125,tie,0.11986660957336426,21,5,256,256,False,1,4,True
"concurrency 1 vs 32 (cap 8), mtp_s5",mt_bench-0053,33,795,1103,0.0,0.125,0.125,tie,0.1178739070892334,22,12,256,256,False,1,2,True
"concurrency 1 vs 32 (cap 8), mtp_s5",mt_bench-0059,126,25,283,0.0,0.125,0.125,tie,0.20787620544433594,89,1,256,256,False,0,4,True
"concurrency 1 vs 32 (cap 8), mtp_s5",mt_bench-0060,32,29144,6745,0.125,0.0,0.125,tie,0.1555384397506714,18,2,256,256,False,2,3,True
"concurrency 1 vs 32 (cap 8), mtp_s5",mt_bench-0061,138,85,44,0.125,0.0,0.125,tie,0.21666455268859863,131,10,256,256,False,2,6,True
"concurrency 1 vs 32 (cap 8), mtp_s5",mt_bench-0063,57,314,33448,0.0,0.125,0.125,tie,0.21772170066833496,37,2,256,256,False,0,2,True
"concurrency 1 vs 32 (cap 8), mtp_s5",mt_bench-0064,206,33474,12571,0.125,0.0,0.125,tie,0.21524405479431152,173,1,256,256,False,2,2,True
"concurrency 1 vs 32 (cap 8), mtp_s5",mt_bench-0066,97,67,11553,0.0,0.125,0.125,tie,0.22047853469848633,51,7,256,256,False,0,2,True
"concurrency 1 vs 32 (cap 8), mtp_s5",mt_bench-0067,76,30001,900,0.125,0.0,0.125,tie,0.15732300281524658,69,4,256,256,False,0,6,True
"concurrency 1 vs 32 (cap 8), mtp_s5",mt_bench-0069,73,57039,66711,0.125,0.125,0.125,one_ulp,0.12832629680633545,50,2,256,256,False,1,2,True
"concurrency 1 vs 32 (cap 8), mtp_s5",mt_bench-0070,13,264,449,0.0,0.125,0.125,tie,0.12194967269897461,8,2,256,256,False,0,2,True
"concurrency 1 vs 32 (cap 8), mtp_s5",mt_bench-0071,34,2950,28604,0.125,0.125,0.125,one_ulp,0.22589683532714844,29,1,256,256,False,0,4,True
"concurrency 1 vs 32 (cap 8), mtp_s5",mt_bench-0072,214,75375,561,0.125,0.0,0.125,tie,0.24109339714050293,187,13,256,256,False,2,3,True
"concurrency 1 vs 32 (cap 8), mtp_s5",mt_bench-0075,17,318,369,0.0,0.125,0.125,tie,0.11088991165161133,12,1,256,256,False,4,6,True
"concurrency 1 vs 32 (cap 8), mtp_s5",mt_bench-0076,131,369,32530,0.0,0.125,0.125,tie,0.23799538612365723,95,4,256,256,False,1,1,True
"concurrency 1 vs 32 (cap 8), mtp_s5",mt_bench-0078,34,4670,54759,0.0,0.125,0.125,tie,0.12963175773620605,14,2,256,256,False,1,2,True
"concurrency 1 vs 32 (cap 8), mtp_tree",alpaca_eval-0000,73,56276,10345,0.125,0.0,0.125,tie,0.1903684139251709,48,10,256,256,False,1,4,True
"concurrency 1 vs 32 (cap 8), mtp_tree",alpaca_eval-0010,29,975,44280,0.0,0.125,0.125,tie,0.11801457405090332,27,1,256,256,False,1,4,True
"concurrency 1 vs 32 (cap 8), mtp_tree",alpaca_eval-0030,155,15166,30835,0.125,0.125,0.125,one_ulp,0.18086862564086914,154,9,256,256,False,3,4,True
"concurrency 1 vs 32 (cap 8), mtp_tree",alpaca_eval-0040,241,1478,321,0.125,0.0,0.125,tie,0.23382306098937988,90,7,256,256,False,2,2,True
"concurrency 1 vs 32 (cap 8), mtp_tree",alpaca_eval-0050,254,7832,1151,0.25,0.0,0.125,tie,0.2430422306060791,124,14,256,256,False,0,2,True
"concurrency 1 vs 32 (cap 8), mtp_tree",alpaca_eval-0060,117,5133,1216,0.125,0.0,0.125,tie,0.20964527130126953,14,1,256,256,False,0,4,True
"concurrency 1 vs 32 (cap 8), mtp_tree",alpaca_eval-0080,76,50209,15214,0.125,0.0,0.125,tie,0.19994306564331055,58,3,256,256,False,3,3,True
"concurrency 1 vs 32 (cap 8), mtp_tree",alpaca_eval-0090,154,4275,668,0.0625,0.0,0.0625,tie,0.2278456687927246,45,1,256,256,False,0,4,True
"concurrency 1 vs 32 (cap 8), mtp_tree",alpaca_eval-0100,77,3428,39502,0.0,0.125,0.125,tie,0.23268628120422363,10,2,256,256,False,1,2,True
"concurrency 1 vs 32 (cap 8), mtp_tree",alpaca_eval-0110,153,5365,8545,0.0,0.125,0.125,tie,0.2363736629486084,6,4,256,256,False,0,3,True
"concurrency 1 vs 32 (cap 8), mtp_tree",alpaca_eval-0120,100,1852,68587,0.0,0.125,0.125,tie,0.20823144912719727,31,2,167,156,False,0,3,True
"concurrency 1 vs 32 (cap 8), mtp_tree",alpaca_eval-0130,38,1876,39107,0.0,0.125,0.0625,tie,0.12028670310974121,23,4,256,256,False,2,1,True
"concurrency 1 vs 32 (cap 8), mtp_tree",alpaca_eval-0150,120,11,25,0.0,0.125,0.125,tie,0.16901850700378418,88,3,256,256,False,0,3,True
"concurrency 1 vs 32 (cap 8), mtp_tree",alpaca_eval-0160,33,13,421,0.0,0.125,0.125,tie,0.15262126922607422,28,1,256,256,False,0,1,True
"concurrency 1 vs 32 (cap 8), mtp_tree",alpaca_eval-0170,192,557,579,0.0,0.125,0.125,tie,0.24083471298217773,17,1,256,256,False,1,2,True
"concurrency 1 vs 32 (cap 8), mtp_tree",alpaca_eval-0180,39,24065,26932,0.0,0.125,0.125,tie,0.20182371139526367,32,10,256,256,False,3,4,True
"concurrency 1 vs 32 (cap 8), mtp_tree",alpaca_eval-0210,95,364,318,0.125,0.0,0.125,tie,0.16460132598876953,34,12,252,256,False,3,4,True
"concurrency 1 vs 32 (cap 8), mtp_tree",alpaca_eval-0220,93,1865,6792,0.0,0.125,0.125,tie,0.12258434295654297,32,10,256,256,False,0,3,True
"concurrency 1 vs 32 (cap 8), mtp_tree",alpaca_eval-0230,129,77565,2766,0.125,0.0,0.125,tie,0.20814549922943115,73,13,256,256,False,1,4,True
"concurrency 1 vs 32 (cap 8), mtp_tree",alpaca_eval-0240,238,1220,3125,0.0,0.125,0.125,tie,0.21919965744018555,110,3,256,256,False,2,4,True
"concurrency 1 vs 32 (cap 8), mtp_tree",alpaca_eval-0250,48,781,45112,0.0,0.125,0.125,tie,0.12315225601196289,17,4,256,256,False,2,3,True
"concurrency 1 vs 32 (cap 8), mtp_tree",alpaca_eval-0260,195,10631,16050,0.0,0.125,0.125,tie,0.23605561256408691,87,1,256,256,False,0,4,True
"concurrency 1 vs 32 (cap 8), mtp_tree",alpaca_eval-0270,69,5995,20434,0.0,0.25,0.125,tie,0.20624113082885742,5,1,256,256,False,2,2,True
"concurrency 1 vs 32 (cap 8), mtp_tree",alpaca_eval-0280,90,328,6286,0.0,0.125,0.125,tie,0.18892240524291992,81,10,256,256,False,1,3,True
"concurrency 1 vs 32 (cap 8), mtp_tree",alpaca_eval-0290,109,3579,958,0.125,0.0,0.125,tie,0.132462739944458,96,5,256,256,False,2,4,True
"concurrency 1 vs 32 (cap 8), mtp_tree",alpaca_eval-0300,66,25,411,0.0,0.125,0.125,tie,0.1206974983215332,61,4,256,256,False,1,3,True
"concurrency 1 vs 32 (cap 8), mtp_tree",alpaca_eval-0310,133,6805,3827,0.25,0.0,0.25,tie,0.36684632301330566,59,5,256,256,False,2,1,True
"concurrency 1 vs 32 (cap 8), mtp_tree",alpaca_eval-0320,207,41164,92155,0.0,0.125,0.125,tie,0.18510770797729492,201,2,256,256,False,0,4,True
"concurrency 1 vs 32 (cap 8), mtp_tree",alpaca_eval-0330,10,13759,2534,0.125,0.0,0.125,tie,0.11265087127685547,7,6,256,256,False,0,4,True
"concurrency 1 vs 32 (cap 8), mtp_tree",alpaca_eval-0340,145,21870,10631,0.125,0.0,0.125,tie,0.21862101554870605,125,2,201,205,False,3,4,True
"concurrency 1 vs 32 (cap 8), mtp_tree",alpaca_eval-0400,7,1510,2972,0.0,0.125,0.125,tie,0.11792445182800293,6,1,256,256,False,2,4,True
"concurrency 1 vs 32 (cap 8), mtp_tree",alpaca_eval-0410,74,20656,357,0.125,0.0,0.125,tie,0.12343049049377441,21,1,256,256,False,1,4,True
"concurrency 1 vs 32 (cap 8), mtp_tree",alpaca_eval-0420,33,5629,3611,0.125,0.0,0.125,tie,0.19218015670776367,28,17,246,199,False,2,1,True
"concurrency 1 vs 32 (cap 8), mtp_tree",alpaca_eval-0440,72,13,1970,0.0,0.125,0.125,tie,0.1224215030670166,33,4,256,256,False,3,4,True
"concurrency 1 vs 32 (cap 8), mtp_tree",alpaca_eval-0450,231,321,3376,0.0,0.125,0.125,tie,0.2387387752532959,227,5,256,256,False,2,2,True
"concurrency 1 vs 32 (cap 8), mtp_tree",alpaca_eval-0460,99,4799,31733,0.0,0.125,0.125,tie,0.22211647033691406,42,1,256,256,False,1,2,True
"concurrency 1 vs 32 (cap 8), mtp_tree",alpaca_eval-0480,107,1879,7497,0.0,0.125,0.125,tie,0.23825335502624512,66,6,256,256,False,1,1,True
"concurrency 1 vs 32 (cap 8), mtp_tree",alpaca_eval-0510,115,47,33,0.125,0.0,0.0625,tie,0.21309304237365723,72,12,164,167,False,2,4,True
"concurrency 1 vs 32 (cap 8), mtp_tree",alpaca_eval-0520,191,264,357,0.0,0.125,0.125,tie,0.1702895164489746,187,9,256,256,False,0,2,True
"concurrency 1 vs 32 (cap 8), mtp_tree",alpaca_eval-0530,56,21568,2018,0.125,0.0,0.125,tie,0.23940110206604004,0,0,256,256,False,2,4,True
"concurrency 1 vs 32 (cap 8), mtp_tree",alpaca_eval-0550,22,3286,24865,0.0,0.125,0.125,tie,0.19667696952819824,6,0,256,256,False,1,1,True
"concurrency 1 vs 32 (cap 8), mtp_tree",alpaca_eval-0570,179,1326,22677,0.0,0.125,0.125,tie,0.21621942520141602,94,10,256,256,False,3,3,True
"concurrency 1 vs 32 (cap 8), mtp_tree",alpaca_eval-0580,96,321,10340,0.0,0.125,0.125,tie,0.24068927764892578,44,1,256,256,False,3,2,True
"concurrency 1 vs 32 (cap 8), mtp_tree",alpaca_eval-0590,235,21426,37568,0.0,0.125,0.125,tie,0.20711255073547363,165,7,256,256,False,3,3,True
"concurrency 1 vs 32 (cap 8), mtp_tree",cnn_dailymail-0001,34,11,13,0.0,0.125,0.125,tie,0.12080979347229004,30,1,125,105,False,0,4,True
"concurrency 1 vs 32 (cap 8), mtp_tree",cnn_dailymail-0002,150,2599,30284,0.0,0.125,0.125,tie,0.1661844253540039,82,1,256,256,False,2,4,True
"concurrency 1 vs 32 (cap 8), mtp_tree",cnn_dailymail-0003,48,864,3322,0.0,0.125,0.125,tie,0.12083792686462402,2,2,110,102,False,3,4,True
"concurrency 1 vs 32 (cap 8), mtp_tree",cnn_dailymail-0004,47,11,314,0.0,0.125,0.125,tie,0.13482189178466797,19,4,97,99,False,0,3,True
"concurrency 1 vs 32 (cap 8), mtp_tree",cnn_dailymail-0005,49,7524,18659,0.0,0.125,0.125,tie,0.21594882011413574,48,9,256,256,False,0,4,True
"concurrency 1 vs 32 (cap 8), mtp_tree",cnn_dailymail-0007,53,321,3384,0.0,0.125,0.125,tie,0.13794565200805664,41,0,104,100,False,3,2,True
"concurrency 1 vs 32 (cap 8), mtp_tree",cnn_dailymail-0009,39,5879,31511,0.0,0.125,0.125,tie,0.22815704345703125,27,13,82,84,False,1,2,True
"concurrency 1 vs 32 (cap 8), mtp_tree",cnn_dailymail-0010,22,13064,30957,0.0,0.125,0.125,tie,0.1336197853088379,20,1,79,79,False,2,4,True
"concurrency 1 vs 32 (cap 8), mtp_tree",cnn_dailymail-0013,60,8292,4464,0.125,0.0,0.125,tie,0.154280424118042,41,7,121,124,False,0,4,True
"concurrency 1 vs 32 (cap 8), mtp_tree",cnn_dailymail-0014,49,64777,1208,0.125,0.0,0.125,tie,0.12194538116455078,45,1,256,256,False,1,3,True
"concurrency 1 vs 32 (cap 8), mtp_tree",cnn_dailymail-0015,37,11,682,0.0,0.125,0.125,tie,0.23076391220092773,33,1,111,108,False,0,1,True
"concurrency 1 vs 32 (cap 8), mtp_tree",cnn_dailymail-0017,114,2640,40940,0.0,0.125,0.125,tie,0.12230157852172852,111,1,256,256,False,2,3,True
"concurrency 1 vs 32 (cap 8), mtp_tree",cnn_dailymail-0018,52,91243,2579,0.25,0.0,0.25,tie,0.12873125076293945,38,1,111,114,False,0,1,True
"concurrency 1 vs 32 (cap 8), mtp_tree",cnn_dailymail-0020,46,4400,3543,0.125,0.0,0.125,tie,0.12173104286193848,42,1,256,256,False,1,4,True
"concurrency 1 vs 32 (cap 8), mtp_tree",cnn_dailymail-0022,81,4171,44164,0.0,0.125,0.125,tie,0.23195266723632812,29,1,116,113,False,1,1,True
"concurrency 1 vs 32 (cap 8), mtp_tree",cnn_dailymail-0023,49,9892,36462,0.0,0.125,0.125,tie,0.11909699440002441,33,5,256,256,False,0,4,True
"concurrency 1 vs 32 (cap 8), mtp_tree",cnn_dailymail-0024,97,3087,19623,0.125,0.125,0.125,one_ulp,0.1467599868774414,89,7,112,112,False,1,3,True
"concurrency 1 vs 32 (cap 8), mtp_tree",cnn_dailymail-0025,86,18966,7309,0.125,0.0,0.125,tie,0.22948789596557617,44,1,116,111,False,0,2,True
"concurrency 1 vs 32 (cap 8), mtp_tree",cnn_dailymail-0027,20,3512,381,0.125,0.0,0.125,tie,0.13053512573242188,9,4,110,96,False,3,3,True
"concurrency 1 vs 32 (cap 8), mtp_tree",cnn_dailymail-0029,116,1905,56028,0.0,0.125,0.125,tie,0.21817779541015625,72,8,256,256,False,3,4,True
"concurrency 1 vs 32 (cap 8), mtp_tree",cnn_dailymail-0031,32,2756,5381,0.0,0.125,0.125,tie,0.12206888198852539,16,3,130,134,False,2,4,True
"concurrency 1 vs 32 (cap 8), mtp_tree",cnn_dailymail-0033,57,6349,10184,0.0,0.125,0.125,tie,0.15472006797790527,46,2,95,96,False,2,3,True
"concurrency 1 vs 32 (cap 8), mtp_tree",cnn_dailymail-0035,252,22423,15346,0.125,0.0,0.125,tie,0.24422049522399902,99,16,256,256,False,0,4,True
"concurrency 1 vs 32 (cap 8), mtp_tree",cnn_dailymail-0036,107,31330,20753,0.125,0.0,0.125,tie,0.21185541152954102,91,10,113,115,False,3,3,True
"concurrency 1 vs 32 (cap 8), mtp_tree",cnn_dailymail-0037,4,303,424,0.0,0.125,0.125,tie,0.11453938484191895,3,1,124,114,False,0,3,True
"concurrency 1 vs 32 (cap 8), mtp_tree",cnn_dailymail-0038,104,9290,509,0.125,0.0,0.125,tie,0.23542547225952148,56,1,256,256,False,0,3,True
"concurrency 1 vs 32 (cap 8), mtp_tree",gsm8k-0002,29,279,17704,0.0,0.125,0.125,tie,0.2454688549041748,0,0,256,256,False,0,4,True
"concurrency 1 vs 32 (cap 8), mtp_tree",gsm8k-0004,39,220,2250,0.0,0.125,0.125,tie,0.16431283950805664,23,4,256,256,False,1,4,True
"concurrency 1 vs 32 (cap 8), mtp_tree",gsm8k-0005,242,424,328,0.125,0.0,0.125,tie,0.16075754165649414,72,0,256,256,False,3,4,True
"concurrency 1 vs 32 (cap 8), mtp_tree",gsm8k-0007,86,4003,854,0.125,0.0,0.125,tie,0.23307275772094727,18,0,256,256,False,1,4,True
"concurrency 1 vs 32 (cap 8), mtp_tree",gsm8k-0010,19,1324,29478,0.0,0.125,0.125,tie,0.10304319858551025,6,2,256,256,False,2,4,True
"concurrency 1 vs 32 (cap 8), mtp_tree",gsm8k-0011,26,38663,1421,0.125,0.125,0.125,one_ulp,0.0008912389166653156,21,0,256,256,False,1,4,True
"concurrency 1 vs 32 (cap 8), mtp_tree",gsm8k-0012,40,6829,2695,0.12500005960464478,0.0,0.125,tie,0.24401092529296875,36,0,256,256,False,1,4,True
"concurrency 1 vs 32 (cap 8), mtp_tree",gsm8k-0013,45,13,430,0.0,0.125,0.125,tie,0.23895788192749023,18,8,256,256,False,1,1,True
"concurrency 1 vs 32 (cap 8), mtp_tree",gsm8k-0017,197,8941,5759,0.125,0.0,0.125,tie,0.20877206325531006,53,7,256,256,False,1,4,True
"concurrency 1 vs 32 (cap 8), mtp_tree",gsm8k-0019,214,220,2972,0.0,0.125,0.125,tie,0.17786061763763428,202,3,256,256,False,1,4,True
"concurrency 1 vs 32 (cap 8), mtp_tree",gsm8k-0020,113,2989,220,0.125,0.0,0.125,tie,0.23851823806762695,29,2,256,256,False,2,3,True
"concurrency 1 vs 32 (cap 8), mtp_tree",gsm8k-0028,27,3377,2702,0.125,0.0,0.125,tie,0.2366197109222412,13,3,240,247,False,3,4,True
"concurrency 1 vs 32 (cap 8), mtp_tree",gsm8k-0036,26,364,159029,0.0,0.125,0.125,tie,0.11780285835266113,25,2,236,245,False,1,4,True
"concurrency 1 vs 32 (cap 8), mtp_tree",gsm8k-0038,229,1061,198,0.125,0.0,0.125,tie,0.23733091354370117,222,9,256,256,False,1,4,True
"concurrency 1 vs 32 (cap 8), mtp_tree",gsm8k-0043,142,8037,37863,0.0,0.125,0.125,tie,0.22293305397033691,118,9,256,256,False,2,4,True
"concurrency 1 vs 32 (cap 8), mtp_tree",gsm8k-0050,229,71690,38540,0.125,0.0,0.125,tie,0.17350435256958008,213,21,256,256,False,3,4,True
"concurrency 1 vs 32 (cap 8), mtp_tree",gsm8k-0052,152,381,2445,0.0,0.125,0.125,tie,0.23945379257202148,94,1,256,256,False,2,4,True
"concurrency 1 vs 32 (cap 8), mtp_tree",gsm8k-0058,228,11220,2972,0.125,0.0,0.125,tie,0.19559335708618164,32,10,256,256,False,0,4,True
"concurrency 1 vs 32 (cap 8), mtp_tree",gsm8k-0060,236,15,20,0.0,0.125,0.125,tie,0.18706369400024414,140,7,256,256,False,0,3,True
"concurrency 1 vs 32 (cap 8), mtp_tree",gsm8k-0065,190,5122,17239,0.0,0.12500005960464478,0.125,tie,0.23712682723999023,110,3,256,256,False,1,4,True
"concurrency 1 vs 32 (cap 8), mtp_tree",gsm8k-0066,226,19,32897,0.0,0.25,0.125,tie,0.21669864654541016,15,2,256,256,False,0,3,True
"concurrency 1 vs 32 (cap 8), mtp_tree",gsm8k-0070,15,25,13,0.125,0.0,0.125,tie,0.0959465503692627,9,1,256,256,False,1,2,True
"concurrency 1 vs 32 (cap 8), mtp_tree",gsm8k-0073,129,2702,3714,0.0,0.125,0.125,tie,0.2263650894165039,34,7,256,256,False,1,3,True
"concurrency 1 vs 32 (cap 8), mtp_tree",gsm8k-0074,111,7336,4625,0.125,0.0,0.125,tie,0.12643051147460938,27,1,256,256,False,1,3,True
"concurrency 1 vs 32 (cap 8), mtp_tree",gsm8k-0076,40,32,760,0.0,0.125,0.125,tie,0.12130594253540039,29,7,256,256,False,3,4,True
"concurrency 1 vs 32 (cap 8), mtp_tree",gsm8k-0079,85,1590,553,0.125,0.0,0.125,tie,0.22623157501220703,45,4,170,170,False,1,4,True
"concurrency 1 vs 32 (cap 8), mtp_tree",humaneval-0002,114,271,733,0.0,0.125,0.125,tie,0.12236881256103516,33,5,256,256,False,0,4,True
"concurrency 1 vs 32 (cap 8), mtp_tree",humaneval-0005,106,498,2958,0.0,0.125,0.125,tie,0.12332367897033691,60,1,256,256,False,0,4,True
"concurrency 1 vs 32 (cap 8), mtp_tree",humaneval-0010,143,413,19900,0.0,0.125,0.125,tie,0.18792033195495605,128,5,174,180,False,2,4,True
"concurrency 1 vs 32 (cap 8), mtp_tree",humaneval-0011,225,3542,886,0.125,0.0,0.125,tie,0.21124815940856934,95,2,256,256,False,2,1,True
"concurrency 1 vs 32 (cap 8), mtp_tree",humaneval-0014,65,33120,15305,0.125,0.0,0.125,tie,0.234452486038208,56,2,256,256,False,1,2,True
"concurrency 1 vs 32 (cap 8), mtp_tree",humaneval-0017,144,198,271,0.0,0.125,0.125,tie,0.12806105613708496,86,6,256,256,False,0,2,True
"concurrency 1 vs 32 (cap 8), mtp_tree",humaneval-0020,190,727,1445,0.0,0.125,0.125,tie,0.24356937408447266,4,2,256,256,False,1,4,True
"concurrency 1 vs 32 (cap 8), mtp_tree",humaneval-0021,200,2334,87,0.125,0.0,0.125,tie,0.2091301679611206,184,5,221,221,False,0,3,True
"concurrency 1 vs 32 (cap 8), mtp_tree",humaneval-0032,253,57208,27653,0.125,0.0,0.125,tie,0.12223577499389648,146,23,256,256,False,0,4,True
"concurrency 1 vs 32 (cap 8), mtp_tree",humaneval-0033,164,198,271,0.0,0.125,0.125,tie,0.2216026782989502,155,8,256,256,False,0,3,True
"concurrency 1 vs 32 (cap 8), mtp_tree",humaneval-0038,94,6922,513,0.125,0.0,0.125,tie,0.12198638916015625,69,3,256,256,False,0,4,True
"concurrency 1 vs 32 (cap 8), mtp_tree",humaneval-0050,13,561,1061,0.0,0.12499994039535522,0.125,tie,0.07395899295806885,12,3,256,256,False,0,4,True
"concurrency 1 vs 32 (cap 8), mtp_tree",humaneval-0056,131,763,1,0.125,0.0,0.125,tie,0.24050474166870117,116,3,256,256,False,2,4,True
"concurrency 1 vs 32 (cap 8), mtp_tree",mt_bench-0000,3,11,303,0.0625,0.0625,0.0625,one_ulp,3.5754055716097355e-07,2,2,256,256,False,1,1,True
"concurrency 1 vs 32 (cap 8), mtp_tree",mt_bench-0001,113,40,5328,0.0,0.125,0.125,tie,0.22673702239990234,68,1,160,153,False,0,4,True
"concurrency 1 vs 32 (cap 8), mtp_tree",mt_bench-0002,231,21360,6053,0.125,0.0,0.125,tie,0.2451789379119873,195,1,256,256,False,3,3,True
"concurrency 1 vs 32 (cap 8), mtp_tree",mt_bench-0003,30,6379,4929,0.125,0.0,0.125,tie,0.11979484558105469,28,25,256,256,False,0,4,True
"concurrency 1 vs 32 (cap 8), mtp_tree",mt_bench-0004,32,38831,5843,0.25,0.0,0.125,tie,0.1428675651550293,10,1,217,241,False,0,3,True
"concurrency 1 vs 32 (cap 8), mtp_tree",mt_bench-0005,170,38936,13988,0.0625,0.0,0.0625,tie,0.19948410987854004,62,3,256,256,False,1,3,True
"concurrency 1 vs 32 (cap 8), mtp_tree",mt_bench-0006,32,1016,10708,0.0,0.0625,0.0625,tie,0.15029549598693848,25,1,256,256,False,0,2,True
"concurrency 1 vs 32 (cap 8), mtp_tree",mt_bench-0007,13,8720,15920,0.0,0.0625,0.0625,tie,0.11508035659790039,5,2,184,211,False,1,3,True
"concurrency 1 vs 32 (cap 8), mtp_tree",mt_bench-0008,213,381,4950,0.0,0.125,0.125,tie,0.2379167079925537,80,7,256,256,False,2,4,True
"concurrency 1 vs 32 (cap 8), mtp_tree",mt_bench-0009,86,11,321,0.0,0.125,0.125,tie,0.1370391845703125,9,8,256,256,False,1,4,True
"concurrency 1 vs 32 (cap 8), mtp_tree",mt_bench-0010,15,1,8964,0.0,0.25,0.25,tie,0.11045956611633301,12,1,256,256,False,0,2,True
"concurrency 1 vs 32 (cap 8), mtp_tree",mt_bench-0013,82,8396,279,0.125,0.0,0.125,tie,0.20909380912780762,26,6,256,256,False,1,1,True
"concurrency 1 vs 32 (cap 8), mtp_tree",mt_bench-0015,213,303,1040,0.0,0.125,0.125,tie,0.19672203063964844,210,8,256,256,False,2,4,True
"concurrency 1 vs 32 (cap 8), mtp_tree",mt_bench-0017,69,44145,5304,0.125,0.0,0.125,tie,0.14070534706115723,43,7,256,256,False,1,3,True
"concurrency 1 vs 32 (cap 8), mtp_tree",mt_bench-0018,28,32773,61,0.125,0.0,0.125,tie,0.15497255325317383,24,5,158,141,False,2,2,True
"concurrency 1 vs 32 (cap 8), mtp_tree",mt_bench-0020,241,561,353,0.125,0.0,0.125,tie,0.23096895217895508,112,34,256,256,False,1,4,True
"concurrency 1 vs 32 (cap 8), mtp_tree",mt_bench-0022,18,760,2592,0.0,0.12499994039535522,0.125,tie,0.11875772476196289,13,9,106,236,False,1,4,True
"concurrency 1 vs 32 (cap 8), mtp_tree",mt_bench-0023,131,318,13,0.125,0.0,0.125,tie,0.24225902557373047,78,3,256,256,False,0,4,True
"concurrency 1 vs 32 (cap 8), mtp_tree",mt_bench-0024,191,1902,303,0.125,0.0,0.125,tie,0.24381327629089355,100,0,256,256,False,2,4,True
"concurrency 1 vs 32 (cap 8), mtp_tree",mt_bench-0026,212,3130,198,0.125,0.0,0.125,tie,0.20860981941223145,152,1,256,256,False,2,4,True
"concurrency 1 vs 32 (cap 8), mtp_tree",mt_bench-0029,93,13108,328,0.125,0.0,0.125,tie,0.17314362525939941,87,7,256,256,False,0,4,True
"concurrency 1 vs 32 (cap 8), mtp_tree",mt_bench-0035,182,2441,37201,0.0,0.125,0.125,tie,0.2022709846496582,95,6,256,256,False,3,4,True
"concurrency 1 vs 32 (cap 8), mtp_tree",mt_bench-0036,39,47246,733,0.125,0.0,0.125,tie,0.1207735538482666,26,9,256,256,False,2,4,True
"concurrency 1 vs 32 (cap 8), mtp_tree",mt_bench-0038,95,45382,46270,0.0,0.25,0.25,tie,0.17935848236083984,30,1,256,256,False,1,4,True
"concurrency 1 vs 32 (cap 8), mtp_tree",mt_bench-0044,83,3578,1788,0.125,0.0,0.125,tie,0.13114094734191895,30,12,256,256,False,0,3,True
"concurrency 1 vs 32 (cap 8), mtp_tree",mt_bench-0045,67,10539,8882,0.125,0.125,0.125,one_ulp,0.14936161041259766,48,3,256,256,False,1,2,True
"concurrency 1 vs 32 (cap 8), mtp_tree",mt_bench-0047,117,364,13,0.125,0.0,0.125,tie,0.22324371337890625,58,7,256,256,False,0,1,True
"concurrency 1 vs 32 (cap 8), mtp_tree",mt_bench-0048,128,321,594,0.0,0.125,0.125,tie,0.24554872512817383,60,8,256,256,False,2,1,True
"concurrency 1 vs 32 (cap 8), mtp_tree",mt_bench-0049,24,466,11,0.125,0.0,0.125,tie,0.1930379867553711,7,1,256,256,False,1,2,True
"concurrency 1 vs 32 (cap 8), mtp_tree",mt_bench-0053,33,1103,795,0.125,0.0,0.125,tie,0.10505211353302002,30,11,256,256,False,0,4,True
"concurrency 1 vs 32 (cap 8), mtp_tree",mt_bench-0056,247,10036,9711,0.125,0.125,0.125,one_ulp,0.22791385650634766,88,1,256,256,False,0,4,True
"concurrency 1 vs 32 (cap 8), mtp_tree",mt_bench-0059,126,25,283,0.0,0.25,0.25,tie,0.24474024772644043,100,2,256,256,False,1,4,True
"concurrency 1 vs 32 (cap 8), mtp_tree",mt_bench-0060,32,29144,6745,0.125,0.0,0.125,tie,0.12110328674316406,16,1,256,256,False,2,2,True
"concurrency 1 vs 32 (cap 8), mtp_tree",mt_bench-0061,231,92217,332,0.12500005960464478,0.0,0.125,tie,0.18820548057556152,28,1,256,256,False,2,4,True
"concurrency 1 vs 32 (cap 8), mtp_tree",mt_bench-0063,57,314,33448,0.0,0.125,0.125,tie,0.3134791851043701,48,1,256,256,False,2,2,True
"concurrency 1 vs 32 (cap 8), mtp_tree",mt_bench-0066,67,48772,17171,0.125,0.0,0.125,tie,0.211165189743042,26,7,256,256,False,1,2,True
"concurrency 1 vs 32 (cap 8), mtp_tree",mt_bench-0067,37,2790,36515,0.0,0.125,0.125,tie,0.12574553489685059,30,4,256,256,False,3,4,True
"concurrency 1 vs 32 (cap 8), mtp_tree",mt_bench-0068,153,478,283,0.125,0.0,0.125,tie,0.2340548038482666,58,0,256,256,False,1,4,True
"concurrency 1 vs 32 (cap 8), mtp_tree",mt_bench-0069,146,427,33037,0.0,0.125,0.125,tie,0.19251203536987305,91,0,256,256,False,1,4,True
"concurrency 1 vs 32 (cap 8), mtp_tree",mt_bench-0070,13,264,449,0.0,0.125,0.125,tie,0.12194967269897461,8,2,256,256,False,0,2,True
"concurrency 1 vs 32 (cap 8), mtp_tree",mt_bench-0071,61,18100,6195,0.125,0.0,0.125,tie,0.20426857471466064,27,2,256,256,False,2,2,True
"concurrency 1 vs 32 (cap 8), mtp_tree",mt_bench-0072,107,36110,5212,0.125,0.0,0.125,tie,0.14111781120300293,102,13,256,256,False,0,3,True
"concurrency 1 vs 32 (cap 8), mtp_tree",mt_bench-0075,61,13273,8311,0.125,0.0,0.125,tie,0.23023176193237305,60,1,256,256,False,3,1,True
"concurrency 1 vs 32 (cap 8), mtp_tree",mt_bench-0076,202,15506,6821,0.125,0.0,0.125,tie,0.2305774688720703,185,4,256,256,False,1,3,True
"concurrency 1 vs 32 (cap 8), mtp_tree",mt_bench-0077,86,36009,74316,0.0,0.125,0.125,tie,0.13492417335510254,9,1,256,256,False,0,3,True
"concurrency 1 vs 32 (cap 8), mtp_tree",mt_bench-0078,34,4670,54759,0.0,0.125,0.125,tie,0.2400672435760498,15,2,256,256,False,3,4,True
"concurrency 1 vs 32 (cap 8), mtp_tree",mt_bench-0079,199,2222,321,0.125,0.0,0.125,tie,0.21597909927368164,54,21,256,256,False,0,2,True
"same server repeat c1, plain",alpaca_eval-0180,21,6206,4752,0.125,0.0,0.125,tie,0.17781639099121094,20,2,256,256,False,,,
"same server repeat c1, plain",cnn_dailymail-0030,65,16894,5307,0.125,0.0,0.125,tie,0.2177751064300537,23,2,92,92,False,,,
"same server repeat c1, plain",gsm8k-0002,29,279,17704,0.0,0.125,0.125,tie,0.06915104389190674,26,2,256,256,False,,,
"same server repeat c1, plain",gsm8k-0007,123,1331,4003,0.0,0.125,0.125,tie,0.23302340507507324,87,2,256,256,False,,,
"same server repeat c1, plain",gsm8k-0011,26,1421,38663,0.0,0.125,0.125,tie,0.11870098114013672,16,2,256,256,False,,,
"same server repeat c1, plain",gsm8k-0012,32,12585,11044,0.125,0.0,0.125,tie,0.16023707389831543,20,2,256,256,False,,,
"same server repeat c1, plain",gsm8k-0013,45,430,13,0.125,0.0,0.125,tie,0.18311560153961182,27,2,256,256,False,,,
"same server repeat c1, plain",gsm8k-0015,44,31187,4997,0.125,0.125,0.125,one_ulp,0.26471590995788574,15,2,256,256,False,,,
"same server repeat c1, plain",gsm8k-0019,178,1088,14728,0.0,0.125,0.125,tie,0.2365734577178955,38,2,256,256,False,,,
"same server repeat c1, plain",gsm8k-0020,33,64494,4346,0.125,0.0,0.125,tie,0.1360759735107422,26,2,256,256,False,,,
"same server repeat c1, plain",gsm8k-0031,7,1144,1118,0.125,0.0,0.125,tie,0.11968207359313965,5,2,256,256,False,,,
"same server repeat c1, plain",gsm8k-0053,74,393,56014,0.0,0.25,0.25,tie,0.23306703567504883,16,2,256,256,False,,,
"same server repeat c1, plain",gsm8k-0054,194,53019,2902,0.125,0.0,0.125,tie,0.34596776962280273,75,2,256,256,False,,,
"same server repeat c1, plain",gsm8k-0067,17,25,13,0.125,0.0,0.125,tie,0.12280130386352539,8,2,256,256,False,,,
"same server repeat c1, plain",gsm8k-0070,15,25,13,0.125,0.0,0.125,tie,0.12173271179199219,12,2,256,256,False,,,
"same server repeat c1, plain",humaneval-0032,138,561,1049,0.0,0.125,0.125,tie,0.22745871543884277,45,2,256,256,False,,,
"same server repeat c1, plain",mt_bench-0032,137,34167,27382,0.125,0.0,0.125,tie,0.1475222110748291,36,2,256,256,False,,,
"same server repeat c32, plain",cnn_dailymail-0029,207,14217,10661,0.125,0.0,0.125,tie,0.15007317066192627,195,178,256,256,False,,,
"same server repeat c32, plain",cnn_dailymail-0032,153,22525,75532,0.0,0.125,0.125,tie,0.11427807807922363,140,139,256,256,False,,,
"same server repeat c32, plain",cnn_dailymail-0037,53,264,20684,0.0,0.125,0.125,tie,0.11330318450927734,32,32,110,137,False,,,
"same server repeat c32, plain",cnn_dailymail-0039,53,310,303,0.125,0.0,0.125,tie,0.19490718841552734,31,1,151,151,False,,,
"radix off c1, mtp_s3",alpaca_eval-0310,180,430,524,0.0,0.125,0.125,tie,0.36684632301330566,59,0,256,256,False,1,1,True
"radix off c1, mtp_s3",alpaca_eval-0410,74,20656,357,0.125,0.0,0.125,tie,0.19173574447631836,25,0,256,256,False,2,3,True
"radix off c1, mtp_s3",alpaca_eval-0450,19,4370,1732,0.125,0.0,0.125,tie,0.12163448333740234,6,0,256,256,False,1,1,True
"radix off c1, mtp_s3",alpaca_eval-0500,36,56679,21397,0.125,0.0,0.125,tie,0.1304948329925537,25,0,256,256,False,1,4,True
"radix off c1, mtp_s3",alpaca_eval-0570,93,13348,4006,0.25,0.0,0.25,tie,0.22940659523010254,91,0,256,256,False,1,4,True
"radix off c1, mtp_s3",cnn_dailymail-0000,97,8552,4599,0.125,0.0,0.125,tie,0.2379310131072998,27,0,113,107,False,1,4,True
"radix off c1, mtp_s3",cnn_dailymail-0001,34,13,11,0.125,0.0,0.125,tie,0.2328348159790039,0,0,105,120,False,1,4,True
"radix off c1, mtp_s3",cnn_dailymail-0003,48,864,3322,0.0,0.125,0.125,tie,0.229262113571167,13,0,109,102,False,3,4,True
"radix off c1, mtp_s3",cnn_dailymail-0004,20,321,1083,0.0,0.12500005960464478,0.125,tie,0.2423112392425537,5,0,106,97,False,1,1,True
"radix off c1, mtp_s3",cnn_dailymail-0005,49,18659,7524,0.125,0.0,0.125,tie,0.12229633331298828,37,0,256,256,False,3,3,True
"radix off c1, mtp_s3",cnn_dailymail-0011,213,2196,69075,0.0,0.125,0.125,tie,0.2421586513519287,68,0,256,256,False,2,4,True
"radix off c1, mtp_s3",cnn_dailymail-0013,0,85695,33297,0.125,0.125,0.125,one_ulp,0.0,,,119,106,False,0,,True
"radix off c1, mtp_s3",cnn_dailymail-0014,49,64777,1208,0.125,0.0,0.125,tie,0.24421906471252441,45,0,256,256,False,1,3,True
"radix off c1, mtp_s3",cnn_dailymail-0016,86,13,303,0.0,0.125,0.125,tie,0.40804147720336914,39,0,119,126,False,1,4,True
"radix off c1, mtp_s3",cnn_dailymail-0019,35,13789,9953,0.125,0.0,0.0625,tie,0.2828683853149414,25,0,104,104,False,2,4,True
"radix off c1, mtp_s3",cnn_dailymail-0020,46,4400,3543,0.125,0.0,0.125,tie,0.12110447883605957,37,0,256,256,False,0,1,True
"radix off c1, mtp_s3",cnn_dailymail-0021,51,1680,2583,0.0,0.125,0.125,tie,0.1318047046661377,5,0,156,124,False,0,3,True
"radix off c1, mtp_s3",cnn_dailymail-0022,81,44164,4171,0.125,0.0,0.125,tie,0.24336910247802734,71,0,111,116,False,1,1,True
"radix off c1, mtp_s3",cnn_dailymail-0023,225,561,1061,0.0,0.12499994039535522,0.125,tie,0.23006439208984375,103,0,256,256,False,3,4,True
"radix off c1, mtp_s3",cnn_dailymail-0024,53,998,8334,0.0625,0.0625,0.0625,one_ulp,0.2261350154876709,40,0,113,110,False,3,3,True
"radix off c1, mtp_s3",cnn_dailymail-0025,86,7309,18966,0.0,0.125,0.125,tie,0.270463228225708,30,0,109,116,False,1,1,True
"radix off c1, mtp_s3",cnn_dailymail-0026,83,321,4016,0.0,0.125,0.125,tie,0.21374893188476562,72,0,256,256,False,1,4,True
"radix off c1, mtp_s3",cnn_dailymail-0027,20,3512,381,0.125,0.0,0.125,tie,0.17449092864990234,3,0,110,96,False,1,2,True
"radix off c1, mtp_s3",cnn_dailymail-0029,42,25,9926,0.0,0.125,0.125,tie,0.12155675888061523,41,0,256,256,False,0,4,True
"radix off c1, mtp_s3",cnn_dailymail-0030,65,16894,5307,0.125,0.0,0.125,tie,0.22949743270874023,32,0,92,92,False,3,1,True
"radix off c1, mtp_s3",cnn_dailymail-0031,87,264,220,0.125,0.0,0.125,tie,0.23363447189331055,67,0,126,128,False,0,1,True
"radix off c1, mtp_s3",cnn_dailymail-0032,153,75532,22525,0.125,0.0,0.125,tie,0.24118328094482422,131,0,256,256,False,2,4,True
"radix off c1, mtp_s3",cnn_dailymail-0033,62,2107,279,0.125,0.0,0.125,tie,0.17482566833496094,59,0,96,95,False,0,2,True
"radix off c1, mtp_s3",cnn_dailymail-0034,12,411,11,0.125,0.0,0.125,tie,0.2289121150970459,4,0,110,113,False,3,4,True
"radix off c1, mtp_s3",cnn_dailymail-0035,189,11,38284,0.0,0.125,0.125,tie,0.32532453536987305,160,0,256,256,False,3,2,True
"radix off c1, mtp_s3",cnn_dailymail-0036,16,43900,24228,0.125,0.0,0.125,tie,0.12911248207092285,14,0,115,105,False,3,1,True
"radix off c1, mtp_s3",cnn_dailymail-0037,99,32662,18007,0.125,0.0,0.125,tie,0.20347166061401367,61,0,114,117,False,1,1,True
"radix off c1, mtp_s3",cnn_dailymail-0039,53,303,310,0.0,0.125,0.125,tie,0.1878068447113037,31,0,151,152,False,2,4,True
"radix off c1, mtp_s3",gsm8k-0000,148,5898,2420,0.125,0.0,0.125,tie,0.22611093521118164,121,0,256,256,False,1,4,True
"radix off c1, mtp_s3",gsm8k-0002,228,348,3889,0.0,0.12499994039535522,0.125,tie,0.24548792839050293,0,0,256,256,False,1,4,True
"radix off c1, mtp_s3",gsm8k-0004,39,2250,2972,0.0,0.125,0.125,tie,0.21669769287109375,12,0,256,256,False,0,4,True
"radix off c1, mtp_s3",gsm8k-0005,242,328,424,0.0,0.125,0.125,tie,0.24401092529296875,55,0,256,256,False,2,1,True
"radix off c1, mtp_s3",gsm8k-0007,7,364,310,0.125,0.0,0.125,tie,0.23304963111877441,2,0,256,256,False,2,4,True
"radix off c1, mtp_s3",gsm8k-0008,210,1010,264,0.125,0.0,0.125,tie,0.23732352256774902,19,0,256,256,False,2,3,True
"radix off c1, mtp_s3",gsm8k-0009,218,458,279,0.125,0.125,0.125,one_ulp,0.22313952445983887,59,0,256,256,False,2,4,True
"radix off c1, mtp_s3",gsm8k-0010,151,16,9,0.125,0.0,0.125,tie,0.23142004013061523,132,0,256,256,False,2,4,True
"radix off c1, mtp_s3",gsm8k-0012,32,11044,12585,0.0,0.25,0.125,tie,0.2179560661315918,20,0,256,256,False,2,2,True
"radix off c1, mtp_s3",gsm8k-0015,44,31187,4997,0.25,0.25,0.25,one_ulp,0.23719096183776855,43,0,256,256,False,1,4,True
"radix off c1, mtp_s3",gsm8k-0019,214,2972,220,0.125,0.0,0.125,tie,0.20610451698303223,65,0,256,256,False,0,2,True
"radix off c1, mtp_s3",gsm8k-0020,33,64494,4346,0.125,0.0,0.125,tie,0.24489712715148926,2,0,256,256,False,3,3,True
"radix off c1, mtp_s3",gsm8k-0025,19,3750,279,0.125,0.0,0.125,tie,0.11826491355895996,12,0,256,256,False,0,2,True
"radix off c1, mtp_s3",gsm8k-0026,2,264,821,0.0,0.125,0.125,tie,0.11185145378112793,0,0,256,256,False,1,1,True
"radix off c1, mtp_s3",gsm8k-0028,56,2972,393,0.125,0.0,0.125,tie,0.13760113716125488,37,0,249,256,False,3,2,True
"radix off c1, mtp_s3",gsm8k-0029,73,1330,24435,0.0,0.125,0.125,tie,0.13435769081115723,51,0,256,256,False,1,4,True
"radix off c1, mtp_s3",gsm8k-0031,7,1144,1118,0.125,0.125,0.125,one_ulp,0.23942041397094727,4,0,256,256,False,2,4,True
"radix off c1, mtp_s3",gsm8k-0035,227,3202,869,0.125,0.0,0.125,tie,0.245100736618042,89,0,256,256,False,1,4,True
"radix off c1, mtp_s3",gsm8k-0037,12,13962,332,0.125,0.0,0.125,tie,0.0022674896754324436,6,0,256,256,False,3,4,True
"radix off c1, mtp_s3",gsm8k-0039,201,198,271,0.0,0.125,0.125,tie,0.2266695499420166,185,0,256,256,False,0,4,True
"radix off c1, mtp_s3",gsm8k-0040,43,13682,9,0.125,0.0,0.125,tie,0.12029767036437988,6,0,221,208,False,3,4,True
"radix off c1, mtp_s3",gsm8k-0043,142,37863,8037,0.125,0.125,0.125,one_ulp,0.23652386665344238,123,0,256,256,False,1,4,True
"radix off c1, mtp_s3",gsm8k-0044,16,15771,2014,0.125,0.0,0.125,tie,0.1011497974395752,9,0,256,256,False,3,4,True
"radix off c1, mtp_s3",gsm8k-0045,157,1088,19185,0.0,0.125,0.125,tie,0.24361038208007812,25,0,256,256,False,3,4,True
"radix off c1, mtp_s3",gsm8k-0051,12,8105,29694,0.0,0.125,0.125,tie,0.21781468391418457,10,0,256,256,False,3,4,True
"radix off c1, mtp_s3",gsm8k-0052,114,4221,421,0.125,0.0,0.125,tie,0.2344369888305664,50,0,256,256,False,2,4,True
"radix off c1, mtp_s3",gsm8k-0053,249,19892,7548,0.125,0.0,0.125,tie,0.13000249862670898,42,0,256,256,False,0,4,True
"radix off c1, mtp_s3",gsm8k-0056,99,35,27382,0.125,0.125,0.125,one_ulp,0.23099112510681152,83,3,256,256,False,1,4,True
"radix off c1, mtp_s3",gsm8k-0058,45,12079,20100,0.0,0.125,0.125,tie,0.12278246879577637,30,0,256,256,False,0,4,True
"radix off c1, mtp_s3",gsm8k-0061,252,18,11,0.125,0.0,0.125,tie,0.15075039863586426,111,0,256,256,False,0,4,True
"radix off c1, mtp_s3",gsm8k-0062,78,188912,14,0.125,0.0,0.125,tie,0.23395705223083496,25,0,256,256,False,2,4,True
"radix off c1, mtp_s3",gsm8k-0067,44,13682,9,0.125,0.0,0.125,tie,0.22396016120910645,8,0,256,256,False,0,4,True
"radix off c1, mtp_s3",gsm8k-0073,129,2702,3240,0.0,0.125,0.125,tie,0.23259258270263672,37,0,256,256,False,1,3,True
"radix off c1, mtp_s3",gsm8k-0074,9,6093,11488,0.0,0.25,0.25,tie,0.11965417861938477,0,0,256,256,False,0,4,True
"radix off c1, mtp_s3",gsm8k-0076,40,32,760,0.0,0.125,0.125,tie,0.12084531784057617,8,0,256,256,False,3,4,True
"radix off c1, mtp_s3",humaneval-0002,22,17068,4483,0.125,0.0,0.125,tie,0.21123290061950684,16,0,256,256,False,1,1,True
"radix off c1, mtp_s3",humaneval-0005,7,1881,1324,0.125,0.0,0.125,tie,0.22371506690979004,4,0,256,256,False,0,2,True
"radix off c1, mtp_s3",humaneval-0010,135,653,364,0.25,0.0,0.25,tie,0.22371792793273926,13,0,190,180,False,0,4,True
"radix off c1, mtp_s3",humaneval-0011,71,40,760,0.0,0.125,0.125,tie,0.18610906600952148,27,0,256,256,False,2,4,True
"radix off c1, mtp_s3",humaneval-0017,80,539,1083,0.0,0.125,0.125,tie,0.12878894805908203,0,0,256,256,False,1,2,True
"radix off c1, mtp_s3",humaneval-0018,17,1698,4071,0.0,0.25,0.25,tie,0.06515586376190186,0,0,73,166,False,0,4,True
"radix off c1, mtp_s3",humaneval-0026,52,1204,279,0.125,0.0,0.125,tie,0.24349451065063477,13,0,256,256,False,1,4,True
"radix off c1, mtp_s3",humaneval-0032,255,262,285,0.0,0.125,0.125,tie,0.24491596221923828,146,0,256,256,False,2,4,True
"radix off c1, mtp_s3",humaneval-0038,26,728,579,0.125,0.0,0.125,tie,0.14648127555847168,0,0,256,256,False,0,4,True
"radix off c1, mtp_s3",humaneval-0039,0,71093,727,0.125,0.125,0.125,one_ulp,0.0,,,253,253,False,0,,True
"radix off c1, mtp_s3",humaneval-0046,198,413,653,0.0,0.125,0.125,tie,0.2405683994293213,12,0,256,256,False,1,4,True
"radix off c1, mtp_s3",humaneval-0054,2,1358,198,0.125,0.0,0.125,tie,0.07578593492507935,0,0,161,161,False,1,1,True
"radix off c1, mtp_s3",humaneval-0056,131,1,763,0.0,0.125,0.125,tie,0.24449944496154785,41,0,256,256,False,0,4,True
"radix off c1, mtp_s3",mt_bench-0002,21,449,264,0.125,0.0,0.125,tie,0.2453904151916504,17,0,256,256,False,0,4,True
"radix off c1, mtp_s3",mt_bench-0012,28,33404,7139,0.125,0.125,0.125,one_ulp,0.23435211181640625,12,0,256,256,False,3,2,True
"radix off c1, mtp_s3",mt_bench-0014,160,11,579,0.0,0.125,0.125,tie,0.36540651321411133,80,0,256,256,False,3,3,True
"radix off c1, mtp_s3",mt_bench-0015,43,2534,4087,0.0,0.125,0.125,tie,0.24546265602111816,30,0,256,256,False,0,2,True
"radix off c1, mtp_s3",mt_bench-0024,240,506,303,0.125,0.0,0.125,tie,0.21658802032470703,109,0,256,256,False,1,2,True
"radix off c1, mtp_s3",mt_bench-0025,187,1,1149,0.0,0.25,0.125,tie,0.17067193984985352,132,0,256,256,False,0,4,True
"radix off c1, mtp_s3",mt_bench-0028,112,16903,10234,0.125,0.125,0.125,one_ulp,0.12220120429992676,76,5,256,256,False,0,4,True
"radix off c1, mtp_s3",mt_bench-0029,123,310,13,0.125,0.0,0.125,tie,0.168961763381958,54,0,256,256,False,1,3,True
"radix off c1, mtp_s3",mt_bench-0032,137,34167,27382,0.125,0.0,0.125,tie,0.1583106517791748,46,0,256,256,False,0,4,True
"radix off c1, mtp_s3",mt_bench-0038,95,45382,46270,0.0,0.125,0.125,tie,0.15816068649291992,24,0,256,256,False,1,4,True
"radix off c1, mtp_s3",mt_bench-0043,32,1510,14261,0.0,0.125,0.125,tie,0.12243962287902832,6,0,195,177,False,0,4,True
"radix off c1, mtp_s3",mt_bench-0050,247,799,3158,0.0,0.125,0.125,tie,0.19362473487854004,138,0,256,256,False,1,4,True
"radix off c1, mtp_s3",mt_bench-0053,33,1103,795,0.125,0.0,0.125,tie,0.2068418264389038,30,0,256,256,False,1,1,True
"radix off c1, mtp_s3",mt_bench-0059,84,42794,2791,0.125,0.0,0.125,tie,0.1500382423400879,0,0,256,256,False,0,4,True
"radix off c1, mtp_s3",mt_bench-0064,1,8340,64583,0.0,0.125,0.125,tie,0.001473868265748024,0,0,256,256,False,0,1,True
"radix off c1, mtp_s3",mt_bench-0066,67,17171,48772,0.0,0.125,0.125,tie,0.21768617630004883,19,0,256,256,False,0,1,True
"radix off c1, mtp_s3",mt_bench-0073,6,49312,4843,0.0625,0.0625,0.0625,one_ulp,0.054090261459350586,5,0,256,256,False,0,1,True
"radix off c32, mtp_s3",alpaca_eval-0180,81,3428,303,0.12499994039535522,0.0,0.125,tie,0.21699738502502441,31,0,256,256,False,1,1,True
"radix off c32, mtp_s3",alpaca_eval-0450,231,3376,321,0.125,0.0,0.125,tie,0.2442326545715332,104,0,256,256,False,0,2,True
"radix off c32, mtp_s3",alpaca_eval-0460,21,318,466,0.0,0.125,0.125,tie,0.15686112642288208,1,0,256,256,False,3,2,True
"radix off c32, mtp_s3",alpaca_eval-0500,36,21397,56679,0.0,0.125,0.125,tie,0.21643924713134766,29,0,256,256,False,1,4,True
"radix off c32, mtp_s3",alpaca_eval-0510,115,47,33,0.125,0.0,0.0625,tie,0.13783931732177734,64,0,164,167,False,0,4,True
"radix off c32, mtp_s3",alpaca_eval-0520,159,264,303,0.0,0.12500005960464478,0.125,tie,0.19101643562316895,87,0,256,256,False,0,1,True
"radix off c32, mtp_s3",alpaca_eval-0550,22,3286,24865,0.0,0.125,0.125,tie,0.19667696952819824,6,0,256,256,False,0,1,True
"radix off c32, mtp_s3",alpaca_eval-0570,9,495,55007,0.0,0.125,0.125,tie,0.12052083015441895,6,0,256,256,False,1,4,True
"radix off c32, mtp_s3",cnn_dailymail-0000,85,449,264,0.125,0.0,0.125,tie,0.1525583267211914,56,0,113,112,False,0,2,True
"radix off c32, mtp_s3",cnn_dailymail-0001,34,11,13,0.0,0.125,0.125,tie,0.2328348159790039,0,0,119,106,False,1,4,True
"radix off c32, mtp_s3",cnn_dailymail-0002,150,2599,30284,0.0,0.125,0.125,tie,0.19699597358703613,127,0,256,256,False,2,4,True
"radix off c32, mtp_s3",cnn_dailymail-0003,43,7106,4097,0.125,0.0,0.125,tie,0.23017168045043945,3,0,109,102,False,2,2,True
"radix off c32, mtp_s3",cnn_dailymail-0004,47,314,11,0.125,0.0,0.125,tie,0.20711088180541992,29,0,99,97,False,0,4,True
"radix off c32, mtp_s3",cnn_dailymail-0005,125,24342,1905,0.125,0.0,0.125,tie,0.2164313793182373,48,0,256,256,False,0,4,True
"radix off c32, mtp_s3",cnn_dailymail-0009,43,328,8306,0.0,0.125,0.125,tie,0.23912763595581055,22,0,86,84,False,2,3,True
"radix off c32, mtp_s3",cnn_dailymail-0011,213,2196,69075,0.0,0.125,0.125,tie,0.24204659461975098,68,0,256,256,False,2,4,True
"radix off c32, mtp_s3",cnn_dailymail-0012,88,19060,38334,0.0,0.125,0.125,tie,0.23694252967834473,86,0,98,97,False,1,1,True
"radix off c32, mtp_s3",cnn_dailymail-0013,0,85695,33297,0.125,0.125,0.125,one_ulp,0.0,,,122,106,False,0,,True
"radix off c32, mtp_s3",cnn_dailymail-0014,49,1208,64777,0.0,0.125,0.125,tie,0.1252918243408203,47,0,256,256,False,1,3,True
"radix off c32, mtp_s3",cnn_dailymail-0016,86,13,303,0.0,0.125,0.125,tie,0.3487706184387207,37,0,119,126,False,3,4,True
"radix off c32, mtp_s3",cnn_dailymail-0017,111,2640,40940,0.0,0.125,0.125,tie,0.23341941833496094,42,0,256,256,False,0,4,True
"radix off c32, mtp_s3",cnn_dailymail-0018,38,1238,2614,0.0,0.125,0.125,tie,0.13060283660888672,11,0,111,111,False,0,4,True
"radix off c32, mtp_s3",cnn_dailymail-0019,35,13789,9953,0.125,0.0,0.125,tie,0.2560446262359619,25,0,108,104,False,2,4,True
"radix off c32, mtp_s3",cnn_dailymail-0020,46,4400,3543,0.125,0.0,0.125,tie,0.12291526794433594,41,0,256,256,False,0,1,True
"radix off c32, mtp_s3",cnn_dailymail-0021,43,1010,4788,0.0,0.125,0.125,tie,0.2247905731201172,20,0,131,138,False,0,1,True
"radix off c32, mtp_s3",cnn_dailymail-0023,49,9892,36462,0.0,0.125,0.125,tie,0.10922670364379883,45,0,256,256,False,0,3,True
"radix off c32, mtp_s3",cnn_dailymail-0024,53,998,8334,0.0,0.0625,0.0625,tie,0.13288021087646484,31,0,107,110,False,3,3,True
"radix off c32, mtp_s3",cnn_dailymail-0025,77,9704,18682,0.25,0.0625,0.0625,near,0.24197912216186523,9,0,109,116,False,2,1,True
"radix off c32, mtp_s3",cnn_dailymail-0029,138,24550,279,0.125,0.0,0.125,tie,0.2532634735107422,134,0,256,256,False,2,4,True
"radix off c32, mtp_s3",cnn_dailymail-0031,32,5381,2756,0.125,0.0,0.125,tie,0.1424851417541504,0,0,133,126,False,0,2,True
"radix off c32, mtp_s3",cnn_dailymail-0033,25,18816,23059,0.375,0.125,0.0625,near,0.612208366394043,24,0,96,91,False,3,4,True
"radix off c32, mtp_s3",cnn_dailymail-0034,12,411,11,0.125,0.0,0.125,tie,0.10625743865966797,4,0,110,113,False,3,4,True
"radix off c32, mtp_s3",cnn_dailymail-0035,192,21046,1615,0.125,0.0,0.125,tie,0.3252134323120117,160,0,256,256,False,2,4,True
"radix off c32, mtp_s3",cnn_dailymail-0037,23,8552,264,0.125,0.0,0.125,tie,0.12195515632629395,17,0,114,114,False,0,4,True
"radix off c32, mtp_s3",cnn_dailymail-0039,53,303,310,0.0,0.125,0.125,tie,0.17379975318908691,31,0,151,151,False,2,4,True
"radix off c32, mtp_s3",gsm8k-0007,86,854,4003,0.0,0.125,0.125,tie,0.23306751251220703,18,5,256,256,False,1,4,True
"radix off c32, mtp_s3",gsm8k-0008,210,264,1010,0.125,0.125,0.125,one_ulp,0.23955559730529785,139,0,256,256,False,2,3,True
"radix off c32, mtp_s3",gsm8k-0010,241,4947,14159,0.0,0.125,0.125,tie,0.1815553903579712,161,0,256,256,False,0,3,True
"radix off c32, mtp_s3",gsm8k-0012,254,13962,9,0.375,0.0,0.125,tie,0.3547389507293701,67,0,256,256,False,2,4,True
"radix off c32, mtp_s3",gsm8k-0015,44,31187,4997,0.125,0.25,0.125,near,0.2860112190246582,15,0,256,256,False,1,4,True
"radix off c32, mtp_s3",gsm8k-0017,75,7836,5381,0.125,0.125,0.125,one_ulp,0.23096418380737305,48,0,256,256,False,2,4,True
"radix off c32, mtp_s3",gsm8k-0019,214,220,2972,0.0,0.125,0.125,tie,0.12829303741455078,20,0,256,256,False,0,2,True
"radix off c32, mtp_s3",gsm8k-0020,44,8529,2144,0.125,0.0,0.125,tie,0.1222989559173584,2,0,256,256,False,1,2,True
"radix off c32, mtp_s3",gsm8k-0021,94,948,506,0.125,0.0,0.125,tie,0.2455132007598877,8,0,168,166,False,0,4,True
"radix off c32, mtp_s3",gsm8k-0025,19,3750,279,0.125,0.0,0.125,tie,0.220320463180542,14,0,256,256,False,0,2,True
"radix off c32, mtp_s3",gsm8k-0028,27,2702,3377,0.0,0.125,0.125,tie,0.35996055603027344,12,0,248,240,False,0,3,True
"radix off c32, mtp_s3",gsm8k-0031,7,1144,1118,0.125,0.0,0.125,tie,0.1226494312286377,5,0,256,256,False,2,4,True
"radix off c32, mtp_s3",gsm8k-0035,219,11086,283,0.125,0.0,0.125,tie,0.13076257705688477,203,0,256,256,False,1,4,True
"radix off c32, mtp_s3",gsm8k-0037,12,13962,332,0.25,0.0,0.25,tie,0.0048315878957509995,8,0,256,256,False,3,4,True
"radix off c32, mtp_s3",gsm8k-0040,43,9,13682,0.0,0.125,0.125,tie,0.19351232051849365,37,0,208,212,False,3,4,True
"radix off c32, mtp_s3",gsm8k-0046,123,760,1206,0.0,0.125,0.125,tie,0.24486017227172852,33,0,256,256,False,3,2,True
"radix off c32, mtp_s3",gsm8k-0051,60,393,220,0.125,0.0,0.125,tie,0.1989748477935791,35,0,256,256,False,0,3,True
"radix off c32, mtp_s3",gsm8k-0052,233,1801,6747,0.0,0.125,0.125,tie,0.2282412052154541,222,0,256,256,False,2,4,True
"radix off c32, mtp_s3",gsm8k-0053,249,7548,19892,0.0,0.125,0.125,tie,0.24193358421325684,221,0,256,256,False,0,4,True
"radix off c32, mtp_s3",gsm8k-0056,75,364,25,0.125,0.0,0.125,tie,0.11380600929260254,28,3,256,256,False,0,4,True
"radix off c32, mtp_s3",gsm8k-0058,45,12079,20100,0.0,0.125,0.125,tie,0.24262642860412598,19,0,256,256,False,0,4,True
"radix off c32, mtp_s3",gsm8k-0061,16,836,2250,0.0,0.125,0.125,tie,0.10834288597106934,14,0,248,256,False,1,4,True
"radix off c32, mtp_s3",gsm8k-0062,57,393,449,0.0,0.125,0.125,tie,0.18091225624084473,40,0,256,256,False,2,4,True
"radix off c32, mtp_s3",gsm8k-0063,155,271,198,0.125,0.0,0.125,tie,0.12333846092224121,28,0,256,256,False,1,4,True
"radix off c32, mtp_s3",gsm8k-0066,22,279,23208,0.0,0.125,0.125,tie,0.12134933471679688,11,0,256,256,False,0,4,True
"radix off c32, mtp_s3",gsm8k-0067,17,13,25,0.0,0.125,0.125,tie,0.1205286979675293,14,0,256,256,False,0,4,True
"radix off c32, mtp_s3",gsm8k-0070,138,279,7483,0.0,0.125,0.125,tie,0.22308969497680664,6,0,256,256,False,2,2,True
"radix off c32, mtp_s3",gsm8k-0073,129,3240,3714,0.0,0.125,0.125,tie,0.24416708946228027,6,0,256,256,False,1,3,True
"radix off c32, mtp_s3",gsm8k-0076,53,13682,9,0.125,0.0,0.125,tie,0.13705658912658691,41,0,256,256,False,0,4,True
"radix off c32, mtp_s3",gsm8k-0079,85,553,1590,0.0,0.125,0.125,tie,0.12260794639587402,76,0,170,170,False,1,4,True
"radix off c32, mtp_s3",humaneval-0000,127,413,364,0.125,0.0,0.125,tie,0.1203000545501709,0,0,183,173,False,0,4,True
"radix off c32, mtp_s3",humaneval-0002,96,1206,760,0.25,0.0,0.25,tie,0.23902583122253418,10,0,256,256,False,2,4,True
"radix off c32, mtp_s3",humaneval-0005,7,1881,1324,0.125,0.0,0.125,tie,0.14648562669754028,1,0,256,256,False,0,2,True
"radix off c32, mtp_s3",humaneval-0008,77,727,1445,0.0,0.125,0.125,tie,0.23805499076843262,62,0,256,256,False,1,4,True
"radix off c32, mtp_s3",humaneval-0010,135,653,364,0.125,0.0,0.125,tie,0.19256305694580078,128,0,190,180,False,0,4,True
"radix off c32, mtp_s3",humaneval-0011,71,40,760,0.0,0.125,0.125,tie,0.19595420360565186,1,0,256,256,False,2,4,True
"radix off c32, mtp_s3",humaneval-0014,162,8,35497,0.0,0.125,0.125,tie,0.21473407745361328,64,0,256,256,False,2,4,True
"radix off c32, mtp_s3",humaneval-0017,80,539,1083,0.0,0.125,0.125,tie,0.239044189453125,76,0,256,256,False,1,2,True
"radix off c32, mtp_s3",humaneval-0018,17,1698,4071,0.0,0.25,0.25,tie,0.1403225064277649,0,0,73,166,False,0,4,True
"radix off c32, mtp_s3",humaneval-0020,89,1906,10300,0.0,0.125,0.125,tie,0.22960007190704346,0,0,256,256,False,3,4,True
"radix off c32, mtp_s3",humaneval-0021,200,87,2334,0.0,0.125,0.125,tie,0.36080098152160645,0,0,221,221,False,0,3,True
"radix off c32, mtp_s3",humaneval-0023,119,1220,369,0.125,0.0,0.125,tie,0.2217729091644287,20,0,185,195,False,2,4,True
"radix off c32, mtp_s3",humaneval-0026,52,279,1204,0.0,0.125,0.125,tie,0.23969793319702148,4,0,256,256,False,1,4,True
"radix off c32, mtp_s3",humaneval-0027,2,1358,198,0.125,0.0,0.125,tie,0.0984809398651123,0,0,81,81,False,1,1,True
"radix off c32, mtp_s3",humaneval-0032,116,6187,799,0.125,0.0,0.125,tie,0.23940443992614746,40,0,256,256,False,0,4,True
"radix off c32, mtp_s3",humaneval-0036,2,1358,198,0.125,0.0,0.125,tie,0.3215597867965698,0,0,139,139,False,1,1,True
"radix off c32, mtp_s3",humaneval-0038,128,318,198,0.125,0.0,0.125,tie,0.22896456718444824,1,0,256,256,False,1,4,True
"radix off c32, mtp_s3",humaneval-0039,0,71093,727,0.125,0.125,0.125,one_ulp,0.0,,,251,248,False,0,,True
"radix off c32, mtp_s3",humaneval-0047,115,11319,3165,0.125,0.125,0.125,one_ulp,0.21257305145263672,1,0,256,256,False,1,4,True
"radix off c32, mtp_s3",humaneval-0050,20,1396,1754,0.0,0.125,0.125,tie,0.11928677558898926,12,0,256,256,False,2,4,True
"radix off c32, mtp_s3",humaneval-0053,18,5089,709,0.125,0.0,0.125,tie,0.22295761108398438,14,0,172,193,False,0,3,True
"radix off c32, mtp_s3",mt_bench-0002,21,449,264,0.125,0.0,0.125,tie,0.12260913848876953,17,0,256,256,False,0,4,True
"radix off c32, mtp_s3",mt_bench-0003,30,6379,4929,0.125,0.0,0.125,tie,0.12428689002990723,24,0,256,256,False,1,3,True
"radix off c32, mtp_s3",mt_bench-0009,139,557,579,0.0,0.125,0.125,tie,0.22255825996398926,111,0,256,256,False,0,3,True
"radix off c32, mtp_s3",mt_bench-0012,209,13181,68,0.25,0.0,0.125,tie,0.24374079704284668,77,0,256,256,False,3,2,True
"radix off c32, mtp_s3",mt_bench-0013,18,2609,4927,0.0,0.125,0.125,tie,0.1156468391418457,17,0,256,256,False,0,1,True
"radix off c32, mtp_s3",mt_bench-0014,171,286,258,0.125,0.0,0.125,tie,0.17271637916564941,78,0,256,256,False,1,4,True
"radix off c32, mtp_s3",mt_bench-0015,94,13,539,0.125,0.125,0.125,one_ulp,0.1922445297241211,22,0,256,256,False,2,3,True
"radix off c32, mtp_s3",mt_bench-0024,151,17,23,0.0,0.125,0.125,tie,0.2382354736328125,109,0,256,256,False,2,4,True
"radix off c32, mtp_s3",mt_bench-0025,80,48554,40582,0.125,0.0,0.125,tie,0.22967886924743652,5,0,256,256,False,0,4,True
"radix off c32, mtp_s3",mt_bench-0028,211,383,310,0.125,0.0,0.125,tie,0.24508261680603027,76,5,256,256,False,3,4,True
"radix off c32, mtp_s3",mt_bench-0029,93,328,13108,0.0,0.125,0.125,tie,0.12196874618530273,66,0,256,256,False,0,4,True
"radix off c32, mtp_s3",mt_bench-0031,83,11,15,0.125,0.125,0.125,one_ulp,0.12236690521240234,19,0,176,172,False,3,4,True
"radix off c32, mtp_s3",mt_bench-0038,95,45382,46270,0.0,0.125,0.125,tie,0.13592863082885742,17,0,256,256,False,1,4,True
"radix off c32, mtp_s3",mt_bench-0056,247,10036,9711,0.125,0.0,0.125,tie,0.24549245834350586,56,0,256,256,False,0,4,True
"radix off c32, mtp_s3",mt_bench-0059,84,42794,2791,0.125,0.0,0.125,tie,0.1500382423400879,0,0,256,256,False,1,4,True
"radix off c32, mtp_s3",mt_bench-0064,1,8340,64583,0.0,0.125,0.125,tie,0.001473868265748024,0,0,256,256,False,0,1,True
"radix off c32, mtp_s3",mt_bench-0066,56,9111,2984,0.125,0.0,0.125,tie,0.28335142135620117,16,0,256,256,False,0,1,True
"radix off c32, mtp_s3",mt_bench-0073,6,49312,4843,0.0625,0.0625,0.0625,one_ulp,0.12730813026428223,4,0,256,256,False,0,1,True
"radix off c32, mtp_s3",mt_bench-0077,202,7611,7790,0.0,0.125,0.125,tie,0.24618887901306152,134,0,256,256,False,2,2,True
"radix off c32, mtp_s3",mt_bench-0078,17,25215,5788,0.25,0.0,0.125,tie,0.12316727638244629,9,0,256,256,False,1,4,True
"radix off, mtp_s3 c1 vs c32",alpaca_eval-0000,6,26310,63049,0.0,0.125,0.125,tie,0.07784163951873779,2,1,256,256,False,2,2,True
"radix off, mtp_s3 c1 vs c32",alpaca_eval-0020,156,1441,424,0.125,0.0,0.125,tie,0.19205355644226074,129,1,256,256,False,1,3,True
"radix off, mtp_s3 c1 vs c32",alpaca_eval-0040,241,1478,321,0.125,0.0,0.125,tie,0.23382997512817383,113,1,256,256,False,2,2,True
"radix off, mtp_s3 c1 vs c32",alpaca_eval-0080,76,15214,50209,0.0,0.125,0.125,tie,0.12955617904663086,72,1,256,256,False,3,3,True
"radix off, mtp_s3 c1 vs c32",alpaca_eval-0090,88,6762,4364,0.125,0.0,0.125,tie,0.23912286758422852,81,1,256,256,False,3,1,True
"radix off, mtp_s3 c1 vs c32",alpaca_eval-0100,65,90433,45675,0.125,0.0,0.125,tie,0.136826753616333,53,1,256,256,False,2,2,True
"radix off, mtp_s3 c1 vs c32",alpaca_eval-0110,93,18995,279,0.125,0.0,0.125,tie,0.12168765068054199,75,1,256,256,False,1,3,True
"radix off, mtp_s3 c1 vs c32",alpaca_eval-0120,125,28206,48876,0.0,0.0625,0.0625,tie,0.2339925765991211,98,1,176,169,False,0,4,True
"radix off, mtp_s3 c1 vs c32",alpaca_eval-0130,38,39107,1876,0.12500005960464478,0.0,0.0625,tie,0.12531375885009766,37,1,256,256,False,0,2,True
"radix off, mtp_s3 c1 vs c32",alpaca_eval-0150,120,11,25,0.0,0.125,0.125,tie,0.14542484283447266,20,1,256,256,False,0,4,True
"radix off, mtp_s3 c1 vs c32",alpaca_eval-0160,195,2144,11,0.12499994039535522,0.0,0.125,tie,0.21312808990478516,52,1,256,256,False,0,1,True
"radix off, mtp_s3 c1 vs c32",alpaca_eval-0170,192,557,579,0.0,0.125,0.125,tie,0.18908953666687012,94,1,256,256,False,1,2,True
"radix off, mtp_s3 c1 vs c32",alpaca_eval-0180,39,26932,24065,0.125,0.0,0.125,tie,0.13356494903564453,29,1,256,256,False,3,1,True
"radix off, mtp_s3 c1 vs c32",alpaca_eval-0210,95,318,364,0.0,0.125,0.125,tie,0.23375511169433594,75,1,256,256,False,3,4,True
"radix off, mtp_s3 c1 vs c32",alpaca_eval-0220,93,1865,6792,0.0,0.125,0.0625,tie,0.17091798782348633,58,1,256,256,False,0,3,True
"radix off, mtp_s3 c1 vs c32",alpaca_eval-0230,190,12298,23373,0.0,0.125,0.125,tie,0.2266829013824463,177,1,256,256,False,3,1,True
"radix off, mtp_s3 c1 vs c32",alpaca_eval-0240,9,46548,7253,0.125,0.0,0.125,tie,0.11940789222717285,2,1,256,256,False,0,2,True
"radix off, mtp_s3 c1 vs c32",alpaca_eval-0250,103,836,279,0.125,0.0,0.125,tie,0.21277523040771484,88,1,256,256,False,0,2,True
"radix off, mtp_s3 c1 vs c32",alpaca_eval-0260,78,198,271,0.0,0.125,0.125,tie,0.14092326164245605,72,1,256,256,False,2,3,True
"radix off, mtp_s3 c1 vs c32",alpaca_eval-0270,11,279,2046,0.0,0.125,0.125,tie,0.2083296775817871,5,1,256,256,False,0,1,True
"radix off, mtp_s3 c1 vs c32",alpaca_eval-0280,42,159029,314,0.125,0.0,0.125,tie,0.20449423789978027,31,1,256,256,False,1,2,True
"radix off, mtp_s3 c1 vs c32",alpaca_eval-0290,109,3579,958,0.125,0.125,0.125,one_ulp,0.15984606742858887,3,1,256,256,False,2,4,True
"radix off, mtp_s3 c1 vs c32",alpaca_eval-0300,5,16866,638,0.125,0.0,0.125,tie,5.10007084812969e-05,4,2,256,256,False,0,4,True
"radix off, mtp_s3 c1 vs c32",alpaca_eval-0310,180,524,430,0.125,0.125,0.125,one_ulp,0.24490094184875488,59,1,256,256,False,1,1,True
"radix off, mtp_s3 c1 vs c32",alpaca_eval-0320,31,25,5469,0.0,0.125,0.125,tie,0.13989973068237305,13,1,256,256,False,0,1,True
"radix off, mtp_s3 c1 vs c32",alpaca_eval-0330,108,6326,16070,0.0,0.125,0.125,tie,0.1740710735321045,88,1,256,256,False,0,1,True
"radix off, mtp_s3 c1 vs c32",alpaca_eval-0340,59,3296,1622,0.125,0.125,0.125,one_ulp,0.13252806663513184,46,1,212,195,False,0,2,True
"radix off, mtp_s3 c1 vs c32",alpaca_eval-0350,254,15714,3050,0.125,0.0,0.125,tie,0.22105646133422852,122,2,256,256,False,0,1,True
"radix off, mtp_s3 c1 vs c32",alpaca_eval-0360,32,1017,2614,0.0,0.125,0.125,tie,0.12154316902160645,4,1,256,256,False,1,4,True
"radix off, mtp_s3 c1 vs c32",alpaca_eval-0390,5,198,220,0.0,0.125,0.125,tie,0.10227036476135254,1,1,256,256,False,0,1,True
"radix off, mtp_s3 c1 vs c32",alpaca_eval-0400,173,351,272,0.125,0.0,0.125,tie,0.3654968738555908,114,1,256,256,False,1,4,True
"radix off, mtp_s3 c1 vs c32",alpaca_eval-0420,21,29667,34404,0.0,0.125,0.125,tie,0.2453289031982422,19,1,220,249,False,0,2,True
"radix off, mtp_s3 c1 vs c32",alpaca_eval-0430,103,264,279,0.0,0.125,0.125,tie,0.22217130661010742,85,1,256,256,False,1,1,True
"radix off, mtp_s3 c1 vs c32",alpaca_eval-0440,80,15771,35,0.25,0.0,0.25,tie,0.11612272262573242,62,1,256,256,False,2,4,True
"radix off, mtp_s3 c1 vs c32",alpaca_eval-0450,19,1732,4370,0.0,0.125,0.125,tie,0.11870765686035156,9,1,256,256,False,1,1,True
"radix off, mtp_s3 c1 vs c32",alpaca_eval-0460,41,3315,1204,0.125,0.0,0.125,tie,0.15478044748306274,1,1,256,256,False,0,1,True
"radix off, mtp_s3 c1 vs c32",alpaca_eval-0500,36,21397,56679,0.0,0.125,0.125,tie,0.13194489479064941,28,1,256,256,False,1,4,True
"radix off, mtp_s3 c1 vs c32",alpaca_eval-0510,17,12103,10813,0.125,0.0,0.125,tie,0.1214590072631836,14,0,217,167,False,1,1,True
"radix off, mtp_s3 c1 vs c32",alpaca_eval-0520,159,264,303,0.0,0.12500005960464478,0.125,tie,0.18197941780090332,91,0,256,256,False,0,1,True
"radix off, mtp_s3 c1 vs c32",alpaca_eval-0530,56,2018,21568,0.0,0.125,0.125,tie,0.1271371841430664,55,1,256,256,False,2,4,True
"radix off, mtp_s3 c1 vs c32",alpaca_eval-0550,22,3286,24865,0.0,0.125,0.125,tie,0.1966695785522461,6,0,256,256,False,0,1,True
"radix off, mtp_s3 c1 vs c32",alpaca_eval-0570,93,4006,13348,0.0,0.125,0.125,tie,0.2391974925994873,91,1,256,256,False,1,4,True
"radix off, mtp_s3 c1 vs c32",alpaca_eval-0580,220,864,748,0.125,0.0,0.125,tie,0.24063777923583984,44,1,256,256,False,1,1,True
"radix off, mtp_s3 c1 vs c32",alpaca_eval-0590,204,279,821,0.0,0.125,0.125,tie,0.23997879028320312,133,1,256,256,False,0,2,True
"radix off, mtp_s3 c1 vs c32",cnn_dailymail-0000,85,449,264,0.125,0.0,0.125,tie,0.18832886219024658,24,1,107,112,False,0,2,True
"radix off, mtp_s3 c1 vs c32",cnn_dailymail-0001,34,11,13,0.0,0.125,0.125,tie,0.1204226016998291,9,1,120,106,False,1,4,True
"radix off, mtp_s3 c1 vs c32",cnn_dailymail-0005,49,7524,18659,0.0,0.125,0.125,tie,0.11861443519592285,41,1,256,256,False,3,3,True
"radix off, mtp_s3 c1 vs c32",cnn_dailymail-0012,88,19060,38334,0.0,0.125,0.125,tie,0.12202334403991699,14,1,98,97,False,1,1,True
"radix off, mtp_s3 c1 vs c32",cnn_dailymail-0014,49,1208,64777,0.0,0.125,0.125,tie,0.12206864356994629,46,0,256,256,False,1,3,True
"radix off, mtp_s3 c1 vs c32",cnn_dailymail-0017,111,2640,40940,0.125,0.125,0.125,one_ulp,0.22051477432250977,41,1,256,256,False,0,4,True
"radix off, mtp_s3 c1 vs c32",cnn_dailymail-0018,38,1238,2614,0.0,0.125,0.125,tie,0.18148303031921387,11,1,111,111,False,0,4,True
"radix off, mtp_s3 c1 vs c32",cnn_dailymail-0020,89,47253,264,0.125,0.0,0.125,tie,0.13742542266845703,88,1,256,256,False,1,3,True
"radix off, mtp_s3 c1 vs c32",cnn_dailymail-0021,51,2583,1680,0.125,0.0,0.125,tie,0.2257988452911377,20,1,124,138,False,0,3,True
"radix off, mtp_s3 c1 vs c32",cnn_dailymail-0022,81,4171,44164,0.0,0.125,0.125,tie,0.12404680252075195,75,1,116,113,False,1,1,True
"radix off, mtp_s3 c1 vs c32",cnn_dailymail-0023,209,220,685,0.0,0.24999994039535522,0.25,tie,0.123382568359375,173,1,256,256,False,0,1,True
"radix off, mtp_s3 c1 vs c32",cnn_dailymail-0025,77,9704,18682,0.1875,0.0625,0.0625,near,0.20814967155456543,46,1,116,116,False,2,1,True
"radix off, mtp_s3 c1 vs c32",cnn_dailymail-0026,226,48401,45482,0.125,0.0,0.125,tie,0.1918344497680664,116,1,256,256,False,0,4,True
"radix off, mtp_s3 c1 vs c32",cnn_dailymail-0027,20,381,3512,0.0,0.125,0.125,tie,0.17948389053344727,3,1,96,110,False,1,2,True
"radix off, mtp_s3 c1 vs c32",cnn_dailymail-0029,138,24550,279,0.125,0.0,0.125,tie,0.24408435821533203,134,1,256,256,False,2,4,True
"radix off, mtp_s3 c1 vs c32",cnn_dailymail-0030,65,5307,16894,0.0,0.125,0.125,tie,0.2328336238861084,20,1,92,92,False,3,1,True
"radix off, mtp_s3 c1 vs c32",cnn_dailymail-0031,117,11656,279,0.125,0.0,0.125,tie,0.23053741455078125,80,1,128,126,False,1,1,True
"radix off, mtp_s3 c1 vs c32",cnn_dailymail-0032,153,22525,75532,0.0,0.12499994039535522,0.125,tie,0.12194204330444336,67,1,256,256,False,2,4,True
"radix off, mtp_s3 c1 vs c32",cnn_dailymail-0033,25,18816,23059,0.1875,0.125,0.0625,near,0.48453640937805176,24,1,95,91,False,3,4,True
"radix off, mtp_s3 c1 vs c32",cnn_dailymail-0035,189,38284,11,0.125,0.0,0.125,tie,0.2252063751220703,126,1,256,256,False,3,2,True
"radix off, mtp_s3 c1 vs c32",cnn_dailymail-0036,8,15784,11,0.125,0.0,0.125,tie,0.12273859977722168,4,1,105,108,False,0,2,True
"radix off, mtp_s3 c1 vs c32",cnn_dailymail-0037,99,18007,32662,0.0,0.125,0.125,tie,0.23442745208740234,63,1,117,114,False,1,1,True
"radix off, mtp_s3 c1 vs c32",cnn_dailymail-0039,132,864,28546,0.0,0.125,0.125,tie,0.232835054397583,36,1,152,151,False,0,4,True
"radix off, mtp_s3 c1 vs c32",gsm8k-0000,148,2420,5898,0.0,0.125,0.125,tie,0.2343919277191162,65,1,256,256,False,2,4,True
"radix off, mtp_s3 c1 vs c32",gsm8k-0002,29,279,17704,0.0,0.125,0.125,tie,0.13778960704803467,26,0,256,256,False,0,4,True
"radix off, mtp_s3 c1 vs c32",gsm8k-0003,164,19434,332,0.125,0.0,0.125,tie,0.1569843292236328,79,0,170,170,False,2,4,True
"radix off, mtp_s3 c1 vs c32",gsm8k-0004,39,2972,2250,0.125,0.0,0.125,tie,0.21669375896453857,12,0,256,256,False,0,4,True
"radix off, mtp_s3 c1 vs c32",gsm8k-0007,7,310,364,0.0,0.125,0.125,tie,0.16426551342010498,5,0,256,256,False,2,4,True
"radix off, mtp_s3 c1 vs c32",gsm8k-0008,210,264,1010,0.0,0.125,0.125,tie,0.1334986686706543,194,1,256,256,False,2,3,True
"radix off, mtp_s3 c1 vs c32",gsm8k-0009,146,458,27858,0.0,0.125,0.125,tie,0.23342180252075195,64,1,256,256,False,0,4,True
"radix off, mtp_s3 c1 vs c32",gsm8k-0010,19,29478,1324,0.125,0.0,0.125,tie,0.18506920337677002,8,1,256,256,False,1,1,True
"radix off, mtp_s3 c1 vs c32",gsm8k-0011,26,1421,38663,0.0,0.125,0.125,tie,0.07962924242019653,2,1,256,256,False,1,4,True
"radix off, mtp_s3 c1 vs c32",gsm8k-0012,187,65253,36941,0.125,0.0,0.125,tie,0.23307180404663086,131,1,256,256,False,3,4,True
"radix off, mtp_s3 c1 vs c32",gsm8k-0015,60,37538,18326,0.125,0.0,0.125,tie,0.23993873596191406,13,1,256,256,False,3,4,True
"radix off, mtp_s3 c1 vs c32",gsm8k-0019,214,220,2972,0.0,0.125,0.125,tie,0.12689483165740967,70,2,256,256,False,0,2,True
"radix off, mtp_s3 c1 vs c32",gsm8k-0020,44,8529,2144,0.125,0.0,0.125,tie,0.12259340286254883,19,1,256,256,False,1,2,True
"radix off, mtp_s3 c1 vs c32",gsm8k-0021,94,948,506,0.125,0.0,0.125,tie,0.24463748931884766,8,1,168,166,False,0,4,True
"radix off, mtp_s3 c1 vs c32",gsm8k-0023,97,5141,279,0.125,0.0,0.125,tie,0.15315485000610352,44,1,256,256,False,2,4,True
"radix off, mtp_s3 c1 vs c32",gsm8k-0028,27,2702,3377,0.0,0.125,0.125,tie,0.23935461044311523,12,1,256,240,False,0,3,True
"radix off, mtp_s3 c1 vs c32",gsm8k-0029,73,24435,1330,0.125,0.0,0.125,tie,0.12280917167663574,49,1,256,256,False,1,4,True
"radix off, mtp_s3 c1 vs c32",gsm8k-0032,79,791,7157,0.0,0.125,0.125,tie,0.12523126602172852,52,1,256,256,False,1,3,True
"radix off, mtp_s3 c1 vs c32",gsm8k-0035,139,303,318,0.0,0.125,0.125,tie,0.20583152770996094,32,1,256,256,False,0,1,True
"radix off, mtp_s3 c1 vs c32",gsm8k-0036,173,6829,314,0.12499994039535522,0.0,0.125,tie,0.24024224281311035,45,1,242,239,False,1,4,True
"radix off, mtp_s3 c1 vs c32",gsm8k-0037,160,1534,3117,0.12499994039535522,0.12499994039535522,0.125,one_ulp,0.12575936317443848,31,1,256,256,False,0,2,True
"radix off, mtp_s3 c1 vs c32",gsm8k-0038,162,6558,1368,0.125,0.0,0.125,tie,0.2325601577758789,141,1,256,256,False,1,3,True
"radix off, mtp_s3 c1 vs c32",gsm8k-0039,201,271,198,0.125,0.0,0.125,tie,0.2649925947189331,168,1,256,256,False,0,4,True
"radix off, mtp_s3 c1 vs c32",gsm8k-0040,43,9,13682,0.0,0.125,0.125,tie,0.11132121086120605,8,1,208,212,False,3,4,True
"radix off, mtp_s3 c1 vs c32",gsm8k-0051,12,29694,8105,0.125,0.0,0.125,tie,0.12071800231933594,6,1,256,256,False,3,4,True
"radix off, mtp_s3 c1 vs c32",gsm8k-0052,114,421,4221,0.0,0.125,0.125,tie,0.13606953620910645,27,1,256,256,False,2,4,True
"radix off, mtp_s3 c1 vs c32",gsm8k-0053,249,7548,19892,0.0,0.125,0.125,tie,0.13898611068725586,208,1,256,256,False,0,4,True
"radix off, mtp_s3 c1 vs c32",gsm8k-0056,75,364,25,0.125,0.0,0.125,tie,0.12346196174621582,26,1,256,256,False,0,4,True
"radix off, mtp_s3 c1 vs c32",gsm8k-0058,132,271,198,0.25,0.0,0.25,tie,0.36457204818725586,19,1,256,256,False,1,4,True
"radix off, mtp_s3 c1 vs c32",gsm8k-0060,19,321,4952,0.0,0.12500005960464478,0.125,tie,0.15900611877441406,1,1,256,256,False,0,4,True
"radix off, mtp_s3 c1 vs c32",gsm8k-0061,104,2972,220,0.125,0.0,0.125,tie,0.12247514724731445,22,1,256,256,False,3,1,True
"radix off, mtp_s3 c1 vs c32",gsm8k-0062,57,393,449,0.0,0.125,0.125,tie,0.1739940643310547,26,1,256,256,False,2,4,True
"radix off, mtp_s3 c1 vs c32",gsm8k-0063,155,271,198,0.125,0.0,0.125,tie,0.190964937210083,60,1,256,256,False,1,4,True
"radix off, mtp_s3 c1 vs c32",gsm8k-0066,22,279,23208,0.0,0.125,0.125,tie,0.11567330360412598,7,1,256,256,False,0,4,True
"radix off, mtp_s3 c1 vs c32",gsm8k-0067,44,9,13682,0.0,0.125,0.125,tie,0.18269920349121094,19,1,256,256,False,0,4,True
"radix off, mtp_s3 c1 vs c32",gsm8k-0068,221,21,17,0.125,0.0,0.125,tie,0.14673972129821777,127,1,256,256,False,0,4,True
"radix off, mtp_s3 c1 vs c32",gsm8k-0070,15,25,13,0.125,0.0,0.125,tie,0.1122903823852539,6,1,256,256,False,1,1,True
"radix off, mtp_s3 c1 vs c32",gsm8k-0073,129,3240,3714,0.0,0.125,0.125,tie,0.23295187950134277,37,1,256,256,False,1,3,True
"radix off, mtp_s3 c1 vs c32",gsm8k-0076,103,2972,220,0.25,0.0,0.25,tie,0.1952211856842041,55,1,256,256,False,0,4,True
"radix off, mtp_s3 c1 vs c32",gsm8k-0079,85,553,1590,0.0,0.125,0.125,tie,0.2238147258758545,80,1,170,170,False,1,4,True
"radix off, mtp_s3 c1 vs c32",humaneval-0000,127,413,364,0.125,0.0,0.125,tie,0.0005447790026664734,7,1,183,173,False,0,4,True
"radix off, mtp_s3 c1 vs c32",humaneval-0002,22,4483,17068,0.0,0.125,0.125,tie,0.12763476371765137,2,1,256,256,False,1,1,True
"radix off, mtp_s3 c1 vs c32",humaneval-0005,197,1726,1031,0.125,0.0,0.125,tie,0.21669793128967285,196,1,256,256,False,0,4,True
"radix off, mtp_s3 c1 vs c32",humaneval-0011,107,28662,25,0.125,0.0,0.125,tie,0.24042320251464844,24,0,256,256,False,2,3,True
"radix off, mtp_s3 c1 vs c32",humaneval-0014,65,33120,15305,0.125,0.0,0.125,tie,0.20333361625671387,16,1,256,256,False,0,1,True
"radix off, mtp_s3 c1 vs c32",humaneval-0017,170,359,1368,0.0,0.125,0.125,tie,0.2408757209777832,166,0,256,256,False,2,4,True
"radix off, mtp_s3 c1 vs c32",humaneval-0023,119,1220,369,0.125,0.0,0.125,tie,0.12267351150512695,17,1,185,195,False,2,4,True
"radix off, mtp_s3 c1 vs c32",humaneval-0026,52,279,1204,0.0,0.125,0.125,tie,0.12194514274597168,13,1,256,256,False,1,4,True
"radix off, mtp_s3 c1 vs c32",humaneval-0032,39,1406,2574,0.0,0.125,0.125,tie,0.1378648281097412,26,0,256,256,False,1,4,True
"radix off, mtp_s3 c1 vs c32",humaneval-0036,2,1358,198,0.125,0.0,0.125,tie,2.3841721485950984e-07,1,1,139,139,False,1,1,True
"radix off, mtp_s3 c1 vs c32",humaneval-0038,26,579,728,0.0,0.125,0.125,tie,0.18783187866210938,17,1,256,256,False,0,4,True
"radix off, mtp_s3 c1 vs c32",humaneval-0039,247,198,248046,0.0,0.125,0.125,tie,0.23476886749267578,195,1,253,248,False,1,4,True
"radix off, mtp_s3 c1 vs c32",humaneval-0043,2,1358,198,0.125,0.0,0.125,tie,1.4304923752206378e-06,1,1,201,201,False,1,1,True
"radix off, mtp_s3 c1 vs c32",humaneval-0046,198,653,413,0.125,0.0,0.125,tie,0.11604428291320801,195,1,256,256,False,1,4,True
"radix off, mtp_s3 c1 vs c32",humaneval-0050,20,1396,1754,0.0,0.125,0.125,tie,0.18344402313232422,1,1,256,256,False,2,4,True
"radix off, mtp_s3 c1 vs c32",humaneval-0053,18,5089,709,0.125,0.0,0.125,tie,0.11374545097351074,6,1,172,193,False,0,3,True
"radix off, mtp_s3 c1 vs c32",humaneval-0054,2,198,1358,0.0,0.125,0.125,tie,2.0265179045964032e-06,1,1,161,161,False,1,1,True
"radix off, mtp_s3 c1 vs c32",humaneval-0056,210,748,4523,0.0,0.125,0.125,tie,0.2452700138092041,92,1,256,256,False,0,1,True
"radix off, mtp_s3 c1 vs c32",mt_bench-0000,77,26,466,0.125,0.125,0.125,one_ulp,0.14864325523376465,72,1,256,256,False,1,1,True
"radix off, mtp_s3 c1 vs c32",mt_bench-0004,65,15919,542,0.125,0.0,0.125,tie,0.23914790153503418,34,1,224,238,False,0,1,True
"radix off, mtp_s3 c1 vs c32",mt_bench-0005,131,27597,11,0.125,0.0,0.125,tie,0.15557259321212769,55,1,256,256,False,0,2,True
"radix off, mtp_s3 c1 vs c32",mt_bench-0006,33,1040,80592,0.0,0.125,0.0625,tie,0.12166547775268555,25,1,256,256,False,0,1,True
"radix off, mtp_s3 c1 vs c32",mt_bench-0009,86,11,321,0.0,0.125,0.125,tie,0.13476347923278809,9,1,256,256,False,0,4,True
"radix off, mtp_s3 c1 vs c32",mt_bench-0010,33,1132,1459,0.0,0.125,0.125,tie,0.21042513847351074,7,1,256,215,False,1,4,True
"radix off, mtp_s3 c1 vs c32",mt_bench-0012,32,18324,54081,0.0,0.125,0.125,tie,0.1310582160949707,14,1,256,256,False,3,4,True
"radix off, mtp_s3 c1 vs c32",mt_bench-0013,18,2609,4927,0.0,0.125,0.125,tie,0.12198305130004883,12,1,256,256,False,0,1,True
"radix off, mtp_s3 c1 vs c32",mt_bench-0014,160,579,11,0.125,0.0,0.125,tie,0.23949337005615234,49,1,256,256,False,3,3,True
"radix off, mtp_s3 c1 vs c32",mt_bench-0015,94,13,539,0.0,0.125,0.125,tie,0.23370027542114258,73,1,256,256,False,2,3,True
"radix off, mtp_s3 c1 vs c32",mt_bench-0017,69,44145,5304,0.125,0.0,0.125,tie,0.13319873809814453,37,1,256,256,False,0,2,True
"radix off, mtp_s3 c1 vs c32",mt_bench-0018,28,61,32773,0.0,0.125,0.125,tie,0.12139296531677246,21,1,141,158,False,3,1,True
"radix off, mtp_s3 c1 vs c32",mt_bench-0022,18,760,2592,0.0,0.12499994039535522,0.125,tie,0.18543076515197754,10,1,106,256,False,1,4,True
"radix off, mtp_s3 c1 vs c32",mt_bench-0024,240,303,506,0.0,0.125,0.125,tie,0.22516632080078125,171,0,256,256,False,1,2,True
"radix off, mtp_s3 c1 vs c32",mt_bench-0025,80,48554,40582,0.125,0.0,0.125,tie,0.21790218353271484,36,0,256,256,False,0,4,True
"radix off, mtp_s3 c1 vs c32",mt_bench-0026,74,198,13,0.125,0.0,0.125,tie,0.2381143569946289,13,1,256,256,False,1,1,True
"radix off, mtp_s3 c1 vs c32",mt_bench-0028,211,383,310,0.125,0.0,0.125,tie,0.24170851707458496,182,1,256,256,False,3,4,True
"radix off, mtp_s3 c1 vs c32",mt_bench-0029,93,328,13108,0.0,0.125,0.125,tie,0.1683509349822998,54,1,256,256,False,0,4,True
"radix off, mtp_s3 c1 vs c32",mt_bench-0031,83,11,15,0.125,0.125,0.125,one_ulp,0.12236833572387695,19,0,176,172,False,3,4,True
"radix off, mtp_s3 c1 vs c32",mt_bench-0035,97,35195,279,0.125,0.0,0.125,tie,0.1828632354736328,94,1,256,256,False,2,3,True
"radix off, mtp_s3 c1 vs c32",mt_bench-0037,200,393,279,0.125,0.0,0.125,tie,0.18095827102661133,23,1,256,256,False,2,4,True
"radix off, mtp_s3 c1 vs c32",mt_bench-0042,148,3870,2940,0.125,0.0,0.125,tie,0.22464346885681152,124,1,256,256,False,3,4,True
"radix off, mtp_s3 c1 vs c32",mt_bench-0043,32,14261,1510,0.125,0.0,0.125,tie,0.12247753143310547,7,1,177,195,False,0,4,True
"radix off, mtp_s3 c1 vs c32",mt_bench-0044,251,383,314,0.125,0.0,0.125,tie,0.2395946979522705,202,1,256,256,False,2,4,True
"radix off, mtp_s3 c1 vs c32",mt_bench-0045,26,22373,318,0.12499994039535522,0.0,0.125,tie,0.20178532600402832,24,1,256,256,False,0,4,True
"radix off, mtp_s3 c1 vs c32",mt_bench-0048,94,1654,332,0.125,0.0,0.125,tie,0.1827833652496338,77,1,256,256,False,1,4,True
"radix off, mtp_s3 c1 vs c32",mt_bench-0053,33,795,1103,0.0,0.125,0.125,tie,0.11788010597229004,22,1,256,256,False,1,1,True
"radix off, mtp_s3 c1 vs c32",mt_bench-0059,87,220,8020,0.0,0.125,0.125,tie,0.12065529823303223,64,1,256,256,False,1,1,True
"radix off, mtp_s3 c1 vs c32",mt_bench-0060,32,6745,29144,0.0,0.125,0.125,tie,0.16230475902557373,1,1,256,256,False,2,3,True
"radix off, mtp_s3 c1 vs c32",mt_bench-0061,231,92217,332,0.125,0.0,0.125,tie,0.21971964836120605,99,1,256,256,False,3,4,True
"radix off, mtp_s3 c1 vs c32",mt_bench-0062,154,13,318,0.0,0.125,0.125,tie,0.12259340286254883,153,1,256,256,False,0,4,True
"radix off, mtp_s3 c1 vs c32",mt_bench-0063,203,264,19518,0.0,0.125,0.125,tie,0.25654423236846924,195,1,256,256,False,1,2,True
"radix off, mtp_s3 c1 vs c32",mt_bench-0065,92,271,198,0.125,0.0,0.0625,tie,0.12235021591186523,65,1,256,256,False,1,2,True
"radix off, mtp_s3 c1 vs c32",mt_bench-0066,93,10539,332,0.125,0.0,0.125,tie,0.19119644165039062,27,1,256,256,False,0,1,True
"radix off, mtp_s3 c1 vs c32",mt_bench-0067,127,4570,506,0.125,0.0,0.125,tie,0.20903944969177246,120,1,256,256,False,0,3,True
"radix off, mtp_s3 c1 vs c32",mt_bench-0069,47,421,364,0.125,0.0,0.125,tie,0.22074437141418457,1,0,256,256,False,0,4,True
"radix off, mtp_s3 c1 vs c32",mt_bench-0071,172,364,264,0.125,0.0,0.125,tie,0.14715194702148438,170,1,256,256,False,0,4,True
"radix off, mtp_s3 c1 vs c32",mt_bench-0072,15,11587,5190,0.125,0.0,0.125,tie,0.12264370918273926,3,1,256,256,False,3,4,True
"radix off, mtp_s3 c1 vs c32",mt_bench-0073,86,49773,38580,0.125,0.0,0.125,tie,0.20099329948425293,85,1,256,256,False,0,4,True
"radix off, mtp_s3 c1 vs c32",mt_bench-0075,17,369,318,0.25,0.0,0.25,tie,0.0002264960203319788,10,1,256,256,False,0,4,True
"radix off, mtp_s3 c1 vs c32",mt_bench-0076,197,12688,795,0.125,0.0,0.125,tie,0.2238600254058838,43,1,256,256,False,1,3,True
"radix off, mtp_s3 c1 vs c32",mt_bench-0077,86,74316,36009,0.125,0.0,0.125,tie,0.12259483337402344,63,0,256,256,False,0,3,True
"radix off, mtp_s3 c1 vs c32",mt_bench-0078,102,17439,55252,0.0,0.125,0.125,tie,0.20399856567382812,100,0,256,256,False,0,1,True
"radix off, mtp_s3 c1 vs c32",mt_bench-0079,235,3672,604,0.0625,0.0625,0.0625,one_ulp,0.206343412399292,141,1,256,256,False,0,2,True
"overlap off c1, mtp_s3",alpaca_eval-0000,6,26310,63049,0.0,0.125,0.125,tie,0.0024829506874084473,1,1,256,256,False,2,2,True
"overlap off c1, mtp_s3",alpaca_eval-0010,29,44280,975,0.125,0.0,0.125,tie,0.16896367073059082,19,1,256,256,False,0,1,True
"overlap off c1, mtp_s3",alpaca_eval-0030,49,35234,19214,0.125,0.0,0.125,tie,0.12190461158752441,16,1,256,256,False,0,1,True
"overlap off c1, mtp_s3",alpaca_eval-0050,167,3428,17967,0.0,0.125,0.125,tie,0.15508365631103516,165,1,256,256,False,1,4,True
"overlap off c1, mtp_s3",alpaca_eval-0070,85,799,11247,0.0,0.125,0.125,tie,0.1217801570892334,7,1,95,95,False,0,3,True
"overlap off c1, mtp_s3",alpaca_eval-0080,76,15214,50209,0.0,0.125,0.125,tie,0.2202918529510498,41,1,256,256,False,3,3,True
"overlap off c1, mtp_s3",alpaca_eval-0090,154,4275,668,0.125,0.0,0.125,tie,0.23584604263305664,125,1,256,256,False,0,4,True
"overlap off c1, mtp_s3",alpaca_eval-0120,100,1852,68587,0.0,0.125,0.125,tie,0.28646326065063477,9,1,176,156,False,0,3,True
"overlap off c1, mtp_s3",alpaca_eval-0130,53,13136,9103,0.0625,0.0,0.0625,tie,0.14787602424621582,52,1,256,256,False,1,2,True
"overlap off c1, mtp_s3",alpaca_eval-0160,112,5369,12983,0.0,0.125,0.125,tie,0.2254946231842041,50,1,256,256,False,1,1,True
"overlap off c1, mtp_s3",alpaca_eval-0170,192,557,579,0.0,0.125,0.125,tie,0.2416374683380127,17,1,256,256,False,1,2,True
"overlap off c1, mtp_s3",alpaca_eval-0200,144,39551,68,0.125,0.0,0.125,tie,0.24059462547302246,70,1,256,256,False,0,2,True
"overlap off c1, mtp_s3",alpaca_eval-0220,7,65884,1402,0.12500005960464478,0.0,0.0625,tie,0.12065291404724121,1,1,256,256,False,0,2,True
"overlap off c1, mtp_s3",alpaca_eval-0230,190,12298,23373,0.0,0.125,0.125,tie,0.2446589469909668,9,1,256,256,False,3,1,True
"overlap off c1, mtp_s3",alpaca_eval-0240,9,46548,7253,0.125,0.0,0.125,tie,0.11941385269165039,2,1,256,256,False,0,2,True
"overlap off c1, mtp_s3",alpaca_eval-0250,103,836,279,0.125,0.0,0.125,tie,0.21376371383666992,88,1,256,256,False,0,2,True
"overlap off c1, mtp_s3",alpaca_eval-0260,201,25790,353,0.0625,0.0,0.0625,tie,0.22433853149414062,27,1,256,256,False,3,4,True
"overlap off c1, mtp_s3",alpaca_eval-0270,11,279,2046,0.0,0.125,0.125,tie,0.09936690330505371,8,1,256,256,False,0,1,True
"overlap off c1, mtp_s3",alpaca_eval-0280,42,159029,314,0.125,0.0,0.125,tie,0.12198042869567871,10,1,256,256,False,1,2,True
"overlap off c1, mtp_s3",alpaca_eval-0300,136,271,198,0.125,0.0,0.125,tie,0.24427783489227295,75,1,256,256,False,2,4,True
"overlap off c1, mtp_s3",alpaca_eval-0330,98,2496,54625,0.0,0.125,0.125,tie,0.168654203414917,50,1,256,256,False,0,3,True
"overlap off c1, mtp_s3",alpaca_eval-0340,59,3296,1622,0.125,0.0,0.125,tie,0.21945405006408691,7,1,212,208,False,0,2,True
"overlap off c1, mtp_s3",alpaca_eval-0350,130,25066,10829,0.25,0.0,0.125,tie,0.19335436820983887,101,1,256,256,False,1,4,True
"overlap off c1, mtp_s3",alpaca_eval-0360,32,1017,2614,0.0,0.125,0.125,tie,0.17568588256835938,10,1,256,256,False,0,4,True
"overlap off c1, mtp_s3",alpaca_eval-0410,74,20656,357,0.125,0.0,0.125,tie,0.19173574447631836,25,0,256,256,False,2,3,True
"overlap off c1, mtp_s3",alpaca_eval-0420,21,29667,34404,0.0,0.25,0.125,tie,0.16708898544311523,16,2,220,202,False,0,2,True
"overlap off c1, mtp_s3",alpaca_eval-0430,103,264,279,0.0,0.125,0.125,tie,0.20534110069274902,12,1,256,256,False,1,1,True
"overlap off c1, mtp_s3",alpaca_eval-0440,80,15771,35,0.25,0.0,0.25,tie,0.23607611656188965,62,1,256,256,False,2,4,True
"overlap off c1, mtp_s3",alpaca_eval-0450,19,4370,1732,0.125,0.0,0.125,tie,0.12163448333740234,6,0,256,256,False,1,3,True
"overlap off c1, mtp_s3",alpaca_eval-0460,21,466,318,0.125,0.0,0.125,tie,0.24191784858703613,19,1,256,256,False,3,2,True
"overlap off c1, mtp_s3",alpaca_eval-0470,238,7873,31341,0.0,0.12499988079071045,0.125,tie,0.1851332187652588,41,1,256,256,False,2,1,True
"overlap off c1, mtp_s3",alpaca_eval-0480,184,3712,264,0.125,0.0,0.125,tie,0.21361970901489258,62,1,256,256,False,1,4,True
"overlap off c1, mtp_s3",alpaca_eval-0490,103,1496,5129,0.0,0.125,0.125,tie,0.17789936065673828,97,1,256,256,False,0,2,True
"overlap off c1, mtp_s3",alpaca_eval-0500,36,56679,21397,0.125,0.0,0.125,tie,0.13511347770690918,27,0,256,256,False,1,4,True
"overlap off c1, mtp_s3",alpaca_eval-0510,42,3471,3992,0.0,0.125,0.125,tie,0.12255024909973145,35,1,217,146,False,1,2,True
"overlap off c1, mtp_s3",alpaca_eval-0520,193,264,357,0.0,0.125,0.125,tie,0.23041176795959473,107,1,256,256,False,0,2,True
"overlap off c1, mtp_s3",alpaca_eval-0530,56,2018,21568,0.0,0.25,0.125,tie,0.13086843490600586,50,1,256,256,False,2,4,True
"overlap off c1, mtp_s3",alpaca_eval-0550,14,15327,3404,0.125,0.0,0.125,tie,0.12216377258300781,2,1,256,256,False,2,3,True
"overlap off c1, mtp_s3",alpaca_eval-0570,93,13348,4006,0.25,0.0,0.25,tie,0.22940659523010254,91,0,256,256,False,1,4,True
"overlap off c1, mtp_s3",alpaca_eval-0590,235,37568,21426,0.125,0.125,0.125,one_ulp,0.14396071434020996,67,1,256,256,False,0,3,True
"overlap off c1, mtp_s3",cnn_dailymail-0000,85,449,264,0.125,0.0,0.125,tie,0.23794054985046387,27,0,113,112,False,0,2,True
"overlap off c1, mtp_s3",cnn_dailymail-0001,34,13,11,0.125,0.0,0.125,tie,0.2328348159790039,0,0,105,120,False,1,4,True
"overlap off c1, mtp_s3",cnn_dailymail-0003,43,4097,7106,0.0,0.125,0.125,tie,0.22316408157348633,25,0,109,108,False,2,2,True
"overlap off c1, mtp_s3",cnn_dailymail-0004,20,321,1083,0.0,0.125,0.125,tie,0.1277925968170166,18,0,106,97,False,1,1,True
"overlap off c1, mtp_s3",cnn_dailymail-0005,49,18659,7524,0.125,0.0,0.125,tie,0.12194514274597168,37,0,256,256,False,3,3,True
"overlap off c1, mtp_s3",cnn_dailymail-0006,28,1040,494,0.25,0.0,0.25,tie,0.11950182914733887,19,0,114,123,False,1,2,True
"overlap off c1, mtp_s3",cnn_dailymail-0011,219,1027,4627,0.0,0.125,0.125,tie,0.2209455966949463,54,0,256,256,False,0,1,True
"overlap off c1, mtp_s3",cnn_dailymail-0012,88,19060,38334,0.0,0.125,0.125,tie,0.23204350471496582,63,0,98,97,False,1,1,True
"overlap off c1, mtp_s3",cnn_dailymail-0013,0,85695,33297,0.125,0.125,0.125,one_ulp,0.0,,,119,107,False,0,,True
"overlap off c1, mtp_s3",cnn_dailymail-0014,49,64777,1208,0.125,0.0,0.125,tie,0.24422001838684082,45,0,256,256,False,1,3,True
"overlap off c1, mtp_s3",cnn_dailymail-0019,35,13789,9953,0.125,0.0,0.0625,tie,0.37041521072387695,7,0,104,104,False,2,4,True
"overlap off c1, mtp_s3",cnn_dailymail-0021,145,13363,35678,0.0,0.125,0.125,tie,0.2416391372680664,64,0,156,155,False,0,3,True
"overlap off c1, mtp_s3",cnn_dailymail-0022,48,364,321,0.125,0.0,0.125,tie,0.12802672386169434,42,0,111,102,False,0,4,True
"overlap off c1, mtp_s3",cnn_dailymail-0023,161,11,310,0.0,0.125,0.125,tie,0.21656978130340576,45,0,256,256,False,1,4,True
"overlap off c1, mtp_s3",cnn_dailymail-0024,53,998,8334,0.0625,0.0625,0.0625,one_ulp,0.23969054222106934,34,0,113,110,False,3,3,True
"overlap off c1, mtp_s3",cnn_dailymail-0025,77,9704,18682,0.25,0.0625,0.0625,near,0.2202150821685791,29,0,109,116,False,2,1,True
"overlap off c1, mtp_s3",cnn_dailymail-0026,83,321,4016,0.0,0.125,0.125,tie,0.22928094863891602,77,0,256,256,False,1,4,True
"overlap off c1, mtp_s3",cnn_dailymail-0027,12,4588,22263,0.0,0.125,0.0625,tie,0.1224205493927002,9,0,110,109,False,2,2,True
"overlap off c1, mtp_s3",cnn_dailymail-0028,57,8476,1,0.125,0.0,0.125,tie,0.1713709831237793,37,0,111,115,False,2,3,True
"overlap off c1, mtp_s3",cnn_dailymail-0029,207,14217,10661,0.125,0.0,0.125,tie,0.13463640213012695,160,0,256,256,False,0,4,True
"overlap off c1, mtp_s3",cnn_dailymail-0030,65,16894,5307,0.125,0.0,0.125,tie,0.22959160804748535,32,0,92,92,False,3,1,True
"overlap off c1, mtp_s3",cnn_dailymail-0031,87,264,220,0.125,0.0,0.125,tie,0.23358464241027832,67,0,126,130,False,0,1,True
"overlap off c1, mtp_s3",cnn_dailymail-0032,153,75532,22525,0.125,0.0,0.125,tie,0.23949956893920898,131,0,256,256,False,2,4,True
"overlap off c1, mtp_s3",cnn_dailymail-0033,62,2107,279,0.125,0.0,0.125,tie,0.24286675453186035,24,0,96,95,False,0,2,True
"overlap off c1, mtp_s3",cnn_dailymail-0035,253,1149,4961,0.125,0.125,0.125,one_ulp,0.23054742813110352,123,0,256,256,False,0,1,True
"overlap off c1, mtp_s3",cnn_dailymail-0036,8,15784,11,0.125,0.0,0.125,tie,0.11792969703674316,5,0,115,108,False,0,2,True
"overlap off c1, mtp_s3",cnn_dailymail-0037,99,32662,18007,0.125,0.0,0.125,tie,0.22425532341003418,92,0,114,120,False,1,1,True
"overlap off c1, mtp_s3",gsm8k-0000,148,5898,2420,0.125,0.0,0.125,tie,0.22611093521118164,121,0,256,256,False,1,4,True
"overlap off c1, mtp_s3",gsm8k-0002,228,348,3889,0.0,0.12499994039535522,0.125,tie,0.24548792839050293,0,0,256,256,False,1,4,True
"overlap off c1, mtp_s3",gsm8k-0004,39,2250,220,0.125,0.0,0.125,tie,0.32759547233581543,12,0,256,256,False,0,4,True
"overlap off c1, mtp_s3",gsm8k-0005,242,328,424,0.0,0.125,0.125,tie,0.24401092529296875,55,0,256,256,False,2,1,True
"overlap off c1, mtp_s3",gsm8k-0007,7,364,310,0.125,0.0,0.125,tie,0.23304963111877441,2,0,256,256,False,2,4,True
"overlap off c1, mtp_s3",gsm8k-0008,210,1010,264,0.125,0.0,0.125,tie,0.23732352256774902,19,0,256,256,False,2,3,True
"overlap off c1, mtp_s3",gsm8k-0009,218,458,279,0.125,0.125,0.125,one_ulp,0.22313952445983887,59,0,256,256,False,2,4,True
"overlap off c1, mtp_s3",gsm8k-0012,32,11044,12585,0.0,0.25,0.125,tie,0.2179560661315918,20,0,256,256,False,2,2,True
"overlap off c1, mtp_s3",gsm8k-0015,44,31187,4997,0.25,0.125,0.125,near,0.24093008041381836,13,0,256,256,False,1,4,True
"overlap off c1, mtp_s3",gsm8k-0019,214,2972,220,0.125,0.0,0.125,tie,0.20610451698303223,65,0,256,256,False,0,2,True
"overlap off c1, mtp_s3",gsm8k-0020,33,64494,4346,0.125,0.0,0.125,tie,0.24489712715148926,2,0,256,256,False,3,3,True
"overlap off c1, mtp_s3",gsm8k-0025,19,3750,279,0.125,0.0,0.125,tie,0.11826491355895996,12,0,256,256,False,0,2,True
"overlap off c1, mtp_s3",gsm8k-0026,2,264,821,0.0,0.125,0.125,tie,0.11185145378112793,0,0,256,256,False,1,1,True
"overlap off c1, mtp_s3",gsm8k-0028,56,2972,393,0.125,0.0,0.125,tie,0.13760113716125488,37,0,249,256,False,3,2,True
"overlap off c1, mtp_s3",gsm8k-0029,73,1330,24435,0.0,0.125,0.125,tie,0.13435769081115723,51,0,256,256,False,1,4,True
"overlap off c1, mtp_s3",gsm8k-0031,7,1144,1118,0.125,0.125,0.125,one_ulp,0.23942041397094727,4,0,256,256,False,2,4,True
"overlap off c1, mtp_s3",gsm8k-0035,227,3202,869,0.125,0.0,0.125,tie,0.245100736618042,89,0,256,256,False,1,4,True
"overlap off c1, mtp_s3",gsm8k-0037,12,13962,332,0.125,0.0,0.125,tie,0.0022674896754324436,6,0,256,256,False,3,4,True
"overlap off c1, mtp_s3",gsm8k-0039,201,198,271,0.0,0.125,0.125,tie,0.2266695499420166,185,0,256,256,False,0,4,True
"overlap off c1, mtp_s3",gsm8k-0040,43,13682,9,0.125,0.0,0.125,tie,0.12029767036437988,6,0,221,208,False,3,4,True
"overlap off c1, mtp_s3",gsm8k-0043,142,37863,8037,0.125,0.125,0.125,one_ulp,0.23652386665344238,123,0,256,256,False,1,4,True
"overlap off c1, mtp_s3",gsm8k-0044,16,15771,2014,0.125,0.0,0.125,tie,0.1011497974395752,9,0,256,256,False,3,4,True
"overlap off c1, mtp_s3",gsm8k-0045,157,1088,19185,0.0,0.125,0.125,tie,0.24361038208007812,25,0,256,256,False,3,4,True
"overlap off c1, mtp_s3",gsm8k-0051,12,8105,29694,0.0,0.125,0.125,tie,0.21781468391418457,10,0,256,256,False,3,4,True
"overlap off c1, mtp_s3",gsm8k-0052,114,4221,421,0.125,0.0,0.125,tie,0.2344369888305664,50,0,256,256,False,2,4,True
"overlap off c1, mtp_s3",gsm8k-0056,99,35,27382,0.125,0.125,0.125,one_ulp,0.23099112510681152,83,3,256,256,False,1,4,True
"overlap off c1, mtp_s3",gsm8k-0058,45,12079,20100,0.0,0.125,0.125,tie,0.12278246879577637,30,0,256,256,False,0,4,True
"overlap off c1, mtp_s3",gsm8k-0060,19,321,4952,0.0,0.12499994039535522,0.125,tie,0.12247848510742188,9,1,256,256,False,0,4,True
"overlap off c1, mtp_s3",gsm8k-0061,252,18,11,0.125,0.0,0.125,tie,0.15075039863586426,111,0,256,256,False,0,4,True
"overlap off c1, mtp_s3",gsm8k-0062,78,188912,14,0.125,0.0,0.125,tie,0.23395705223083496,25,0,256,256,False,2,4,True
"overlap off c1, mtp_s3",gsm8k-0073,129,2702,3240,0.0,0.125,0.125,tie,0.23259258270263672,37,0,256,256,False,1,4,True
"overlap off c1, mtp_s3",gsm8k-0074,9,6093,11488,0.0,0.25,0.25,tie,0.11965417861938477,0,0,256,256,False,0,4,True
"overlap off c1, mtp_s3",gsm8k-0076,40,32,760,0.0,0.125,0.125,tie,0.12084531784057617,8,0,256,256,False,3,4,True
"overlap off c1, mtp_s3",humaneval-0002,22,17068,4483,0.125,0.0,0.125,tie,0.21123290061950684,16,0,256,256,False,1,1,True
"overlap off c1, mtp_s3",humaneval-0005,7,1881,1324,0.125,0.0,0.125,tie,0.22371506690979004,4,0,256,256,False,0,2,True
"overlap off c1, mtp_s3",humaneval-0010,135,653,364,0.25,0.0,0.25,tie,0.2240128517150879,13,0,190,180,False,2,4,True
"overlap off c1, mtp_s3",humaneval-0011,71,40,760,0.0,0.125,0.125,tie,0.18610906600952148,27,0,256,256,False,2,4,True
"overlap off c1, mtp_s3",humaneval-0018,17,1698,4071,0.0,0.25,0.25,tie,0.06515586376190186,0,0,73,166,False,0,4,True
"overlap off c1, mtp_s3",humaneval-0020,190,727,1445,0.0,0.125,0.125,tie,0.21717596054077148,113,0,256,256,False,1,4,True
"overlap off c1, mtp_s3",humaneval-0026,52,1204,279,0.125,0.0,0.125,tie,0.24349451065063477,13,0,256,256,False,1,4,True
"overlap off c1, mtp_s3",humaneval-0033,164,271,198,0.125,0.0,0.125,tie,0.1465921401977539,157,0,256,256,False,2,2,True
"overlap off c1, mtp_s3",humaneval-0038,26,728,579,0.125,0.0,0.125,tie,0.2114264965057373,1,0,256,256,False,0,4,True
"overlap off c1, mtp_s3",humaneval-0039,0,71093,727,0.125,0.125,0.125,one_ulp,0.0,,,253,253,False,0,,True
"overlap off c1, mtp_s3",humaneval-0046,198,413,653,0.0,0.125,0.125,tie,0.2405683994293213,12,0,256,256,False,1,4,True
"overlap off c1, mtp_s3",humaneval-0056,131,1,763,0.0,0.125,0.125,tie,0.24449944496154785,41,0,256,256,False,0,4,True
"overlap off c1, mtp_s3",mt_bench-0000,3,303,11,0.0625,0.0,0.0625,tie,0.05034589767456055,1,1,256,256,False,1,1,True
"overlap off c1, mtp_s3",mt_bench-0002,21,449,264,0.125,0.0,0.125,tie,0.2453904151916504,17,0,256,256,False,0,4,True
"overlap off c1, mtp_s3",mt_bench-0004,11,23772,264,0.125,0.0,0.125,tie,0.14674806594848633,10,1,224,243,False,2,1,True
"overlap off c1, mtp_s3",mt_bench-0005,97,37728,33367,0.0625,0.0,0.0625,tie,0.11703133583068848,56,1,256,256,False,2,4,True
"overlap off c1, mtp_s3",mt_bench-0006,33,1040,80592,0.0,0.125,0.0625,tie,0.11690568923950195,29,1,256,256,False,0,1,True
"overlap off c1, mtp_s3",mt_bench-0007,13,15920,8720,0.0625,0.0,0.0625,tie,0.18032526969909668,3,1,174,179,False,1,3,True
"overlap off c1, mtp_s3",mt_bench-0010,33,1132,1459,0.0,0.125,0.125,tie,0.1389930248260498,6,1,256,256,False,1,4,True
"overlap off c1, mtp_s3",mt_bench-0012,28,33404,7139,0.125,0.125,0.125,one_ulp,0.23435211181640625,12,0,256,256,False,3,2,True
"overlap off c1, mtp_s3",mt_bench-0014,160,11,579,0.0,0.125,0.125,tie,0.36540651321411133,80,0,256,256,False,3,3,True
"overlap off c1, mtp_s3",mt_bench-0015,43,2534,4087,0.0,0.125,0.125,tie,0.24546265602111816,30,0,256,256,False,1,3,True
"overlap off c1, mtp_s3",mt_bench-0022,18,760,2592,0.0,0.125,0.125,tie,0.12193799018859863,8,1,106,204,False,1,4,True
"overlap off c1, mtp_s3",mt_bench-0023,136,1987,1368,0.125,0.0,0.125,tie,0.20433008670806885,110,1,256,256,False,0,4,True
"overlap off c1, mtp_s3",mt_bench-0024,172,19505,369,0.125,0.0,0.125,tie,0.17999958992004395,27,0,256,256,False,2,2,True
"overlap off c1, mtp_s3",mt_bench-0025,187,1,1149,0.0,0.25,0.125,tie,0.17067193984985352,132,0,256,256,False,0,4,True
"overlap off c1, mtp_s3",mt_bench-0026,74,198,13,0.125,0.0,0.125,tie,0.23810887336730957,13,1,256,256,False,1,1,True
"overlap off c1, mtp_s3",mt_bench-0028,112,16903,10234,0.125,0.125,0.125,one_ulp,0.12220120429992676,76,5,256,256,False,0,4,True
"overlap off c1, mtp_s3",mt_bench-0029,123,310,13,0.125,0.0,0.125,tie,0.168961763381958,54,0,256,256,False,1,3,True
"overlap off c1, mtp_s3",mt_bench-0032,137,34167,27382,0.125,0.0,0.125,tie,0.1583106517791748,46,0,256,256,False,0,4,True
"overlap off c1, mtp_s3",mt_bench-0033,216,421,314,0.125,0.0,0.125,tie,0.12500476837158203,68,1,256,256,False,3,4,True
"overlap off c1, mtp_s3",mt_bench-0035,97,35195,279,0.125,0.125,0.125,one_ulp,0.18276596069335938,94,1,256,256,False,2,2,True
"overlap off c1, mtp_s3",mt_bench-0036,39,47246,733,0.125,0.0,0.125,tie,0.1212155818939209,27,1,256,256,False,1,3,True
"overlap off c1, mtp_s3",mt_bench-0037,200,393,279,0.125,0.0,0.125,tie,0.23404598236083984,103,1,256,256,False,2,4,True
"overlap off c1, mtp_s3",mt_bench-0038,95,45382,46270,0.0,0.125,0.125,tie,0.15816068649291992,24,0,256,256,False,1,4,True
"overlap off c1, mtp_s3",mt_bench-0039,143,26782,279,0.125,0.0,0.125,tie,0.121551513671875,59,1,256,256,False,2,2,True
"overlap off c1, mtp_s3",mt_bench-0040,189,539,321,0.125,0.0,0.125,tie,0.24341320991516113,43,1,256,256,False,1,1,True
"overlap off c1, mtp_s3",mt_bench-0041,215,15,16,0.0,0.25,0.25,tie,0.14806360006332397,106,1,256,256,False,1,3,True
"overlap off c1, mtp_s3",mt_bench-0042,153,19,15,0.125,0.0,0.125,tie,0.2387065887451172,54,1,256,256,False,0,4,True
"overlap off c1, mtp_s3",mt_bench-0043,32,1510,14261,0.0,0.125,0.125,tie,0.12243962287902832,6,0,195,177,False,0,4,True
"overlap off c1, mtp_s3",mt_bench-0044,53,332,318,0.125,0.0,0.125,tie,0.12256264686584473,38,1,256,256,False,2,3,True
"overlap off c1, mtp_s3",mt_bench-0045,67,8882,10539,0.0,0.125,0.125,tie,0.18807053565979004,61,1,256,256,False,2,4,True
"overlap off c1, mtp_s3",mt_bench-0047,40,1,7620,0.0,0.125,0.0625,tie,0.12239384651184082,10,1,256,256,False,1,1,True
"overlap off c1, mtp_s3",mt_bench-0048,94,1654,332,0.125,0.0,0.125,tie,0.2394406795501709,14,1,256,256,False,1,4,True
"overlap off c1, mtp_s3",mt_bench-0050,247,799,3158,0.0,0.125,0.125,tie,0.23299574851989746,138,0,256,256,False,1,4,True
"overlap off c1, mtp_s3",mt_bench-0060,78,506,318,0.125,0.0,0.125,tie,0.19812250137329102,34,1,256,256,False,1,1,True
"overlap off c1, mtp_s3",mt_bench-0063,57,314,33448,0.0,0.125,0.125,tie,0.24213671684265137,40,1,256,256,False,2,2,True
"overlap off c1, mtp_s3",mt_bench-0064,1,8340,64583,0.0,0.125,0.125,tie,0.001473868265748024,0,0,256,256,False,0,1,True
"overlap off c1, mtp_s3",mt_bench-0066,67,17171,48772,0.0,0.125,0.125,tie,0.21768617630004883,19,0,256,256,False,0,1,True
"overlap off c1, mtp_s3",mt_bench-0067,51,13,1817,0.0,0.125,0.125,tie,0.12218713760375977,46,1,256,256,False,0,2,True
"overlap off c1, mtp_s3",mt_bench-0068,153,478,283,0.125,0.0,0.125,tie,0.24547290802001953,98,1,256,256,False,1,4,True
"overlap off c1, mtp_s3",mt_bench-0069,168,9422,8597,0.125,0.0,0.125,tie,0.22221589088439941,141,1,256,256,False,0,1,True
"overlap off c1, mtp_s3",mt_bench-0070,152,7059,2972,0.125,0.0,0.125,tie,0.21382546424865723,133,1,256,256,False,0,2,True
"overlap off c1, mtp_s3",mt_bench-0071,125,11,13,0.0,0.12499994039535522,0.125,tie,0.15614056587219238,70,1,256,256,False,0,2,True
"overlap off c1, mtp_s3",mt_bench-0072,15,11587,5190,0.125,0.0,0.125,tie,0.12259459495544434,3,1,256,256,False,3,4,True
"overlap off c1, mtp_s3",mt_bench-0073,6,49312,4843,0.0625,0.0625,0.0625,one_ulp,0.054090261459350586,5,0,256,256,False,0,1,True
"overlap off c1, mtp_s3",mt_bench-0075,17,369,318,0.25,0.0,0.25,tie,0.12224745750427246,1,1,256,256,False,0,4,True
"overlap off c1, mtp_s3",mt_bench-0076,202,6821,15506,0.0,0.125,0.125,tie,0.21555304527282715,97,1,256,256,False,2,2,True
"overlap off c1, mtp_s3",mt_bench-0077,86,74316,36009,0.125,0.0,0.125,tie,0.12507057189941406,70,1,256,256,False,0,3,True
"overlap off c1, mtp_s3",mt_bench-0078,17,5788,25215,0.0,0.125,0.125,tie,0.12290096282958984,9,1,256,256,False,1,4,True
"overlap off c1, mtp_s3",mt_bench-0079,212,9492,3115,0.0625,0.0625,0.0625,one_ulp,0.23469161987304688,129,1,256,256,False,0,1,True
"overlap off vs radix off c1, mtp_s3",alpaca_eval-0000,6,26310,63049,0.0,0.125,0.125,tie,0.0024829506874084473,1,1,256,256,False,2,2,True
"overlap off vs radix off c1, mtp_s3",alpaca_eval-0010,29,44280,975,0.125,0.0,0.125,tie,0.16896367073059082,19,1,256,256,False,0,1,True
"overlap off vs radix off c1, mtp_s3",alpaca_eval-0030,49,35234,19214,0.125,0.0,0.125,tie,0.12190461158752441,16,1,256,256,False,0,1,True
"overlap off vs radix off c1, mtp_s3",alpaca_eval-0050,167,3428,17967,0.0,0.125,0.125,tie,0.15508365631103516,165,1,256,256,False,1,4,True
"overlap off vs radix off c1, mtp_s3",alpaca_eval-0070,85,799,11247,0.0,0.125,0.125,tie,0.1217801570892334,7,1,95,95,False,0,3,True
"overlap off vs radix off c1, mtp_s3",alpaca_eval-0080,76,15214,50209,0.0,0.125,0.125,tie,0.2202918529510498,41,1,256,256,False,3,3,True
"overlap off vs radix off c1, mtp_s3",alpaca_eval-0090,154,4275,668,0.125,0.0,0.125,tie,0.23584604263305664,125,1,256,256,False,0,4,True
"overlap off vs radix off c1, mtp_s3",alpaca_eval-0120,100,1852,68587,0.0,0.125,0.125,tie,0.28646326065063477,9,1,176,156,False,0,3,True
"overlap off vs radix off c1, mtp_s3",alpaca_eval-0130,53,13136,9103,0.0625,0.0,0.0625,tie,0.14787602424621582,52,1,256,256,False,1,2,True
"overlap off vs radix off c1, mtp_s3",alpaca_eval-0160,112,5369,12983,0.0,0.125,0.125,tie,0.2254946231842041,50,1,256,256,False,1,1,True
"overlap off vs radix off c1, mtp_s3",alpaca_eval-0170,192,557,579,0.0,0.125,0.125,tie,0.2416374683380127,17,1,256,256,False,1,2,True
"overlap off vs radix off c1, mtp_s3",alpaca_eval-0200,144,39551,68,0.125,0.0,0.125,tie,0.24059462547302246,70,1,256,256,False,0,2,True
"overlap off vs radix off c1, mtp_s3",alpaca_eval-0220,7,65884,1402,0.12500005960464478,0.0,0.0625,tie,0.12065291404724121,1,1,256,256,False,0,2,True
"overlap off vs radix off c1, mtp_s3",alpaca_eval-0230,190,12298,23373,0.0,0.125,0.125,tie,0.2446589469909668,9,1,256,256,False,3,1,True
"overlap off vs radix off c1, mtp_s3",alpaca_eval-0240,9,46548,7253,0.125,0.0,0.125,tie,0.11941385269165039,2,1,256,256,False,0,2,True
"overlap off vs radix off c1, mtp_s3",alpaca_eval-0250,103,836,279,0.125,0.0,0.125,tie,0.21376371383666992,88,1,256,256,False,0,2,True
"overlap off vs radix off c1, mtp_s3",alpaca_eval-0260,201,25790,353,0.0625,0.0,0.0625,tie,0.22433853149414062,27,1,256,256,False,3,4,True
"overlap off vs radix off c1, mtp_s3",alpaca_eval-0270,11,279,2046,0.0,0.125,0.125,tie,0.09936690330505371,8,1,256,256,False,0,1,True
"overlap off vs radix off c1, mtp_s3",alpaca_eval-0280,42,159029,314,0.125,0.0,0.125,tie,0.12198042869567871,10,1,256,256,False,1,2,True
"overlap off vs radix off c1, mtp_s3",alpaca_eval-0300,136,271,198,0.125,0.0,0.125,tie,0.24427783489227295,75,1,256,256,False,2,4,True
"overlap off vs radix off c1, mtp_s3",alpaca_eval-0310,180,524,430,0.125,0.0,0.125,tie,0.24490094184875488,59,1,256,256,False,1,1,True
"overlap off vs radix off c1, mtp_s3",alpaca_eval-0330,98,2496,54625,0.0,0.125,0.125,tie,0.168654203414917,50,1,256,256,False,0,3,True
"overlap off vs radix off c1, mtp_s3",alpaca_eval-0340,59,3296,1622,0.125,0.0,0.125,tie,0.21945405006408691,7,1,212,208,False,0,2,True
"overlap off vs radix off c1, mtp_s3",alpaca_eval-0350,130,25066,10829,0.25,0.0,0.125,tie,0.19335436820983887,101,1,256,256,False,1,4,True
"overlap off vs radix off c1, mtp_s3",alpaca_eval-0360,32,1017,2614,0.0,0.125,0.125,tie,0.17568588256835938,10,1,256,256,False,0,4,True
"overlap off vs radix off c1, mtp_s3",alpaca_eval-0420,21,29667,34404,0.0,0.25,0.125,tie,0.16708898544311523,16,2,220,202,False,0,2,True
"overlap off vs radix off c1, mtp_s3",alpaca_eval-0430,103,264,279,0.0,0.125,0.125,tie,0.20534110069274902,12,1,256,256,False,1,1,True
"overlap off vs radix off c1, mtp_s3",alpaca_eval-0440,80,15771,35,0.25,0.0,0.25,tie,0.23607611656188965,62,1,256,256,False,2,4,True
"overlap off vs radix off c1, mtp_s3",alpaca_eval-0460,21,466,318,0.125,0.0,0.125,tie,0.24191784858703613,19,1,256,256,False,3,2,True
"overlap off vs radix off c1, mtp_s3",alpaca_eval-0470,238,7873,31341,0.0,0.12499988079071045,0.125,tie,0.1851332187652588,41,1,256,256,False,2,1,True
"overlap off vs radix off c1, mtp_s3",alpaca_eval-0480,184,3712,264,0.125,0.0,0.125,tie,0.21361970901489258,62,1,256,256,False,1,4,True
"overlap off vs radix off c1, mtp_s3",alpaca_eval-0490,103,1496,5129,0.0,0.125,0.125,tie,0.17789936065673828,97,1,256,256,False,0,2,True
"overlap off vs radix off c1, mtp_s3",alpaca_eval-0510,42,3471,3992,0.0,0.125,0.125,tie,0.12255024909973145,35,1,217,146,False,1,2,True
"overlap off vs radix off c1, mtp_s3",alpaca_eval-0520,193,264,357,0.0,0.125,0.125,tie,0.23041176795959473,107,1,256,256,False,0,2,True
"overlap off vs radix off c1, mtp_s3",alpaca_eval-0530,56,2018,21568,0.0,0.25,0.125,tie,0.13086843490600586,50,1,256,256,False,2,4,True
"overlap off vs radix off c1, mtp_s3",alpaca_eval-0550,14,15327,3404,0.125,0.0,0.125,tie,0.12216377258300781,2,1,256,256,False,2,3,True
"overlap off vs radix off c1, mtp_s3",alpaca_eval-0590,235,37568,21426,0.125,0.125,0.125,one_ulp,0.14396071434020996,67,1,256,256,False,0,3,True
"overlap off vs radix off c1, mtp_s3",cnn_dailymail-0000,85,449,264,0.125,0.0,0.125,tie,0.1739358901977539,50,1,107,112,False,0,2,True
"overlap off vs radix off c1, mtp_s3",cnn_dailymail-0003,43,4097,7106,0.0,0.125,0.125,tie,0.16673314571380615,15,1,102,108,False,2,2,True
"overlap off vs radix off c1, mtp_s3",cnn_dailymail-0005,97,2693,6561,0.0,0.125,0.125,tie,0.24424147605895996,37,1,256,256,False,2,2,True
"overlap off vs radix off c1, mtp_s3",cnn_dailymail-0006,28,1040,494,0.125,0.0,0.125,tie,0.11292386054992676,15,1,114,123,False,1,2,True
"overlap off vs radix off c1, mtp_s3",cnn_dailymail-0011,213,69075,2196,0.125,0.0,0.125,tie,0.15282559394836426,184,1,256,256,False,2,4,True
"overlap off vs radix off c1, mtp_s3",cnn_dailymail-0012,88,19060,38334,0.0,0.125,0.125,tie,0.1295328140258789,20,1,98,97,False,1,1,True
"overlap off vs radix off c1, mtp_s3",cnn_dailymail-0013,34,76057,9290,0.125,0.0,0.125,tie,0.1250392198562622,13,1,106,107,False,2,2,True
"overlap off vs radix off c1, mtp_s3",cnn_dailymail-0014,230,3376,13,0.125,0.0,0.125,tie,0.22686123847961426,110,1,256,256,False,2,2,True
"overlap off vs radix off c1, mtp_s3",cnn_dailymail-0016,86,303,13,0.125,0.0,0.125,tie,0.14611577987670898,43,1,126,119,False,3,4,True
"overlap off vs radix off c1, mtp_s3",cnn_dailymail-0020,46,3543,4400,0.0,0.25,0.25,tie,0.22465109825134277,42,1,256,256,False,0,1,True
"overlap off vs radix off c1, mtp_s3",cnn_dailymail-0021,51,2583,1680,0.125,0.0,0.125,tie,0.13512897491455078,10,1,124,155,False,0,3,True
"overlap off vs radix off c1, mtp_s3",cnn_dailymail-0022,48,364,321,0.125,0.0,0.125,tie,0.22165870666503906,12,1,116,102,False,0,4,True
"overlap off vs radix off c1, mtp_s3",cnn_dailymail-0023,161,11,310,0.0,0.125,0.125,tie,0.22992229461669922,103,1,256,256,False,1,4,True
"overlap off vs radix off c1, mtp_s3",cnn_dailymail-0025,77,9704,18682,0.1875,0.0625,0.0625,near,0.19807958602905273,11,1,116,116,False,2,1,True
"overlap off vs radix off c1, mtp_s3",cnn_dailymail-0026,226,48401,45482,0.125,0.0,0.125,tie,0.21297812461853027,147,1,256,256,False,0,4,True
"overlap off vs radix off c1, mtp_s3",cnn_dailymail-0027,12,4588,22263,0.0,0.125,0.0625,tie,0.17979931831359863,3,1,96,109,False,2,2,True
"overlap off vs radix off c1, mtp_s3",cnn_dailymail-0028,57,8476,1,0.125,0.0,0.125,tie,0.2207469940185547,10,1,111,115,False,2,3,True
"overlap off vs radix off c1, mtp_s3",cnn_dailymail-0029,42,9926,25,0.125,0.125,0.125,one_ulp,0.11686491966247559,33,1,256,256,False,2,4,True
"overlap off vs radix off c1, mtp_s3",cnn_dailymail-0031,98,19264,50359,0.0,0.125,0.125,tie,0.23056244850158691,80,1,128,130,False,1,1,True
"overlap off vs radix off c1, mtp_s3",cnn_dailymail-0034,12,11,411,0.0,0.125,0.125,tie,0.1226816177368164,5,1,113,110,False,3,4,True
"overlap off vs radix off c1, mtp_s3",cnn_dailymail-0035,189,38284,11,0.125,0.0,0.125,tie,0.22936534881591797,123,1,256,256,False,3,2,True
"overlap off vs radix off c1, mtp_s3",cnn_dailymail-0036,8,15784,11,0.125,0.0,0.125,tie,0.10837864875793457,5,1,105,108,False,0,2,True
"overlap off vs radix off c1, mtp_s3",cnn_dailymail-0037,109,381,27247,0.0,0.125,0.125,tie,0.1645897626876831,36,1,117,120,False,3,4,True
"overlap off vs radix off c1, mtp_s3",cnn_dailymail-0039,53,310,303,0.125,0.0,0.125,tie,0.154494047164917,36,1,152,151,False,2,4,True
"overlap off vs radix off c1, mtp_s3",gsm8k-0004,39,2972,220,0.125,0.0,0.125,tie,0.22945451736450195,25,1,256,256,False,0,4,True
"overlap off vs radix off c1, mtp_s3",gsm8k-0010,151,9,16,0.0,0.125,0.125,tie,0.16279375553131104,12,1,256,256,False,2,4,True
"overlap off vs radix off c1, mtp_s3",gsm8k-0015,60,37538,18326,0.125,0.0,0.125,tie,0.24133968353271484,13,1,256,256,False,3,4,True
"overlap off vs radix off c1, mtp_s3",gsm8k-0053,249,7548,19892,0.0,0.125,0.125,tie,0.2431352138519287,27,1,256,256,False,0,4,True
"overlap off vs radix off c1, mtp_s3",gsm8k-0060,19,321,4952,0.0,0.12499994039535522,0.125,tie,0.12247848510742188,9,1,256,256,False,0,4,True
"overlap off vs radix off c1, mtp_s3",gsm8k-0067,44,9,13682,0.0,0.125,0.125,tie,0.22405767440795898,8,1,256,256,False,0,4,True
"overlap off vs radix off c1, mtp_s3",gsm8k-0074,111,7336,4625,0.125,0.0,0.125,tie,0.23488807678222656,53,1,256,256,False,1,3,True
"overlap off vs radix off c1, mtp_s3",humaneval-0017,80,1083,539,0.125,0.0,0.125,tie,0.11794781684875488,33,1,256,256,False,1,2,True
"overlap off vs radix off c1, mtp_s3",humaneval-0020,190,727,1445,0.0,0.125,0.125,tie,0.24370121955871582,130,1,256,256,False,1,4,True
"overlap off vs radix off c1, mtp_s3",humaneval-0032,255,285,262,0.125,0.0,0.125,tie,0.18872475624084473,232,1,256,256,False,2,4,True
"overlap off vs radix off c1, mtp_s3",humaneval-0033,164,271,198,0.125,0.0,0.125,tie,0.1404743194580078,160,1,256,256,False,2,2,True
"overlap off vs radix off c1, mtp_s3",humaneval-0054,2,198,1358,0.0,0.125,0.125,tie,3.6954170354874805e-06,1,1,161,161,False,1,1,True
"overlap off vs radix off c1, mtp_s3",mt_bench-0000,3,303,11,0.0625,0.0,0.0625,tie,0.05034589767456055,1,1,256,256,False,1,1,True
"overlap off vs radix off c1, mtp_s3",mt_bench-0004,11,23772,264,0.125,0.0,0.125,tie,0.14674806594848633,10,1,224,243,False,2,1,True
"overlap off vs radix off c1, mtp_s3",mt_bench-0005,97,37728,33367,0.0625,0.0,0.0625,tie,0.11703133583068848,56,1,256,256,False,2,4,True
"overlap off vs radix off c1, mtp_s3",mt_bench-0006,33,1040,80592,0.0,0.125,0.0625,tie,0.11690568923950195,29,1,256,256,False,0,1,True
"overlap off vs radix off c1, mtp_s3",mt_bench-0007,13,15920,8720,0.0625,0.0,0.0625,tie,0.18032526969909668,3,1,174,179,False,1,3,True
"overlap off vs radix off c1, mtp_s3",mt_bench-0010,33,1132,1459,0.0,0.125,0.125,tie,0.1389930248260498,6,1,256,256,False,1,4,True
"overlap off vs radix off c1, mtp_s3",mt_bench-0022,18,760,2592,0.0,0.125,0.125,tie,0.12193799018859863,8,1,106,204,False,1,4,True
"overlap off vs radix off c1, mtp_s3",mt_bench-0023,136,1987,1368,0.125,0.0,0.125,tie,0.20433008670806885,110,1,256,256,False,0,4,True
"overlap off vs radix off c1, mtp_s3",mt_bench-0024,172,19505,369,0.125,0.0,0.125,tie,0.21998381614685059,153,1,256,256,False,2,2,True
"overlap off vs radix off c1, mtp_s3",mt_bench-0026,74,198,13,0.125,0.0,0.125,tie,0.23810887336730957,13,1,256,256,False,1,1,True
"overlap off vs radix off c1, mtp_s3",mt_bench-0033,216,421,314,0.125,0.0,0.125,tie,0.12500476837158203,68,1,256,256,False,3,4,True
"overlap off vs radix off c1, mtp_s3",mt_bench-0035,97,35195,279,0.125,0.125,0.125,one_ulp,0.18276596069335938,94,1,256,256,False,2,2,True
"overlap off vs radix off c1, mtp_s3",mt_bench-0036,39,47246,733,0.125,0.0,0.125,tie,0.1212155818939209,27,1,256,256,False,1,3,True
"overlap off vs radix off c1, mtp_s3",mt_bench-0037,200,393,279,0.125,0.0,0.125,tie,0.23404598236083984,103,1,256,256,False,2,4,True
"overlap off vs radix off c1, mtp_s3",mt_bench-0039,143,26782,279,0.125,0.0,0.125,tie,0.121551513671875,59,1,256,256,False,2,2,True
"overlap off vs radix off c1, mtp_s3",mt_bench-0040,189,539,321,0.125,0.0,0.125,tie,0.24341320991516113,43,1,256,256,False,1,1,True
"overlap off vs radix off c1, mtp_s3",mt_bench-0041,215,15,16,0.0,0.25,0.25,tie,0.14806360006332397,106,1,256,256,False,1,3,True
"overlap off vs radix off c1, mtp_s3",mt_bench-0042,153,19,15,0.125,0.0,0.125,tie,0.2387065887451172,54,1,256,256,False,0,4,True
"overlap off vs radix off c1, mtp_s3",mt_bench-0044,53,332,318,0.125,0.0,0.125,tie,0.12256264686584473,38,1,256,256,False,2,3,True
"overlap off vs radix off c1, mtp_s3",mt_bench-0045,67,8882,10539,0.0,0.125,0.125,tie,0.18807053565979004,61,1,256,256,False,2,4,True
"overlap off vs radix off c1, mtp_s3",mt_bench-0047,40,1,7620,0.0,0.125,0.0625,tie,0.12239384651184082,10,1,256,256,False,1,1,True
"overlap off vs radix off c1, mtp_s3",mt_bench-0048,94,1654,332,0.125,0.0,0.125,tie,0.2394406795501709,14,1,256,256,False,1,4,True
"overlap off vs radix off c1, mtp_s3",mt_bench-0053,33,795,1103,0.0,0.125,0.125,tie,0.19426238536834717,13,1,256,256,False,1,1,True
"overlap off vs radix off c1, mtp_s3",mt_bench-0059,84,2791,42794,0.0,0.125,0.125,tie,0.12066650390625,64,1,256,256,False,0,4,True
"overlap off vs radix off c1, mtp_s3",mt_bench-0060,78,506,318,0.125,0.0,0.125,tie,0.19812250137329102,34,1,256,256,False,1,1,True
"overlap off vs radix off c1, mtp_s3",mt_bench-0063,57,314,33448,0.0,0.125,0.125,tie,0.24213671684265137,40,1,256,256,False,2,2,True
"overlap off vs radix off c1, mtp_s3",mt_bench-0064,177,462,7057,0.125,0.125,0.125,one_ulp,0.2378833293914795,151,1,256,256,False,0,4,True
"overlap off vs radix off c1, mtp_s3",mt_bench-0067,51,13,1817,0.0,0.125,0.125,tie,0.12218713760375977,46,1,256,256,False,0,2,True
"overlap off vs radix off c1, mtp_s3",mt_bench-0068,153,478,283,0.125,0.0,0.125,tie,0.24547290802001953,98,1,256,256,False,1,4,True
"overlap off vs radix off c1, mtp_s3",mt_bench-0069,168,9422,8597,0.125,0.0,0.125,tie,0.22221589088439941,141,1,256,256,False,0,1,True
"overlap off vs radix off c1, mtp_s3",mt_bench-0070,152,7059,2972,0.125,0.0,0.125,tie,0.21382546424865723,133,1,256,256,False,0,2,True
"overlap off vs radix off c1, mtp_s3",mt_bench-0071,125,11,13,0.0,0.12499994039535522,0.125,tie,0.15614056587219238,70,1,256,256,False,0,2,True
"overlap off vs radix off c1, mtp_s3",mt_bench-0072,15,11587,5190,0.125,0.0,0.125,tie,0.12259459495544434,3,1,256,256,False,3,4,True
"overlap off vs radix off c1, mtp_s3",mt_bench-0075,17,369,318,0.25,0.0,0.25,tie,0.12224745750427246,1,1,256,256,False,0,4,True
"overlap off vs radix off c1, mtp_s3",mt_bench-0076,202,6821,15506,0.0,0.125,0.125,tie,0.21555304527282715,97,1,256,256,False,2,2,True
"overlap off vs radix off c1, mtp_s3",mt_bench-0077,86,74316,36009,0.125,0.0,0.125,tie,0.12507057189941406,70,1,256,256,False,0,3,True
"overlap off vs radix off c1, mtp_s3",mt_bench-0078,17,5788,25215,0.0,0.125,0.125,tie,0.12290096282958984,9,1,256,256,False,1,4,True
"overlap off vs radix off c1, mtp_s3",mt_bench-0079,212,9492,3115,0.0625,0.0625,0.0625,one_ulp,0.23469161987304688,129,1,256,256,False,0,1,True
"overlap off, mtp_s3 c1 vs c32",alpaca_eval-0000,153,23953,44,0.0625,0.0,0.0625,tie,0.2302687168121338,87,1,256,256,False,2,4,True
"overlap off, mtp_s3 c1 vs c32",alpaca_eval-0010,64,1220,1144,0.125,0.0,0.125,tie,0.13078570365905762,31,1,256,256,False,1,3,True
"overlap off, mtp_s3 c1 vs c32",alpaca_eval-0020,136,30424,58555,0.0,0.0625,0.0625,tie,0.17200803756713867,29,1,256,256,False,1,2,True
"overlap off, mtp_s3 c1 vs c32",alpaca_eval-0030,49,19214,35234,0.0,0.125,0.125,tie,0.18831110000610352,42,1,256,256,False,0,1,True
"overlap off, mtp_s3 c1 vs c32",alpaca_eval-0050,20,7832,1007,0.125,0.0,0.125,tie,0.0002588910283520818,13,1,256,256,False,3,4,True
"overlap off, mtp_s3 c1 vs c32",alpaca_eval-0060,125,20331,37462,0.0625,0.0625,0.0625,one_ulp,0.24422144889831543,62,1,256,256,False,3,2,True
"overlap off, mtp_s3 c1 vs c32",alpaca_eval-0070,85,11247,799,0.125,0.0,0.125,tie,0.13230061531066895,17,1,95,95,False,0,3,True
"overlap off, mtp_s3 c1 vs c32",alpaca_eval-0080,76,50209,15214,0.125,0.0,0.125,tie,0.21656537055969238,37,1,256,256,False,3,3,True
"overlap off, mtp_s3 c1 vs c32",alpaca_eval-0090,88,6762,4364,0.125,0.0,0.125,tie,0.2373669147491455,81,1,256,256,False,3,1,True
"overlap off, mtp_s3 c1 vs c32",alpaca_eval-0100,65,90433,45675,0.125,0.0,0.125,tie,0.136826753616333,53,1,256,256,False,2,2,True
"overlap off, mtp_s3 c1 vs c32",alpaca_eval-0110,93,18995,279,0.125,0.0,0.125,tie,0.12168765068054199,75,1,256,256,False,1,3,True
"overlap off, mtp_s3 c1 vs c32",alpaca_eval-0130,62,19104,28774,0.0,0.125,0.125,tie,0.1354503631591797,58,1,256,256,False,1,2,True
"overlap off, mtp_s3 c1 vs c32",alpaca_eval-0150,120,11,25,0.0,0.125,0.125,tie,0.14542484283447266,20,1,256,256,False,0,4,True
"overlap off, mtp_s3 c1 vs c32",alpaca_eval-0160,112,12983,5369,0.125,0.0,0.125,tie,0.22439289093017578,50,1,256,256,False,1,1,True
"overlap off, mtp_s3 c1 vs c32",alpaca_eval-0180,39,26932,24065,0.125,0.0,0.125,tie,0.13356494903564453,29,1,256,256,False,3,1,True
"overlap off, mtp_s3 c1 vs c32",alpaca_eval-0200,144,68,39551,0.0,0.125,0.125,tie,0.2197265625,99,1,256,256,False,0,2,True
"overlap off, mtp_s3 c1 vs c32",alpaca_eval-0210,161,42303,599,0.125,0.0,0.125,tie,0.2280111312866211,126,1,256,256,False,1,1,True
"overlap off, mtp_s3 c1 vs c32",alpaca_eval-0220,7,1402,65884,0.0,0.125,0.0625,tie,0.1185295581817627,2,1,256,256,False,0,2,True
"overlap off, mtp_s3 c1 vs c32",alpaca_eval-0230,220,2528,18516,0.0,0.125,0.125,tie,0.19726181030273438,78,1,256,256,False,2,4,True
"overlap off, mtp_s3 c1 vs c32",alpaca_eval-0240,9,7253,46548,0.0,0.125,0.125,tie,0.10221052169799805,6,1,256,256,False,0,2,True
"overlap off, mtp_s3 c1 vs c32",alpaca_eval-0250,150,279,16577,0.0,0.125,0.125,tie,0.20380711555480957,108,1,256,256,False,0,2,True
"overlap off, mtp_s3 c1 vs c32",alpaca_eval-0260,78,198,271,0.0,0.125,0.125,tie,0.18146681785583496,75,1,256,256,False,2,3,True
"overlap off, mtp_s3 c1 vs c32",alpaca_eval-0270,150,318,11,0.125,0.0,0.125,tie,0.13202381134033203,86,1,256,256,False,0,4,True
"overlap off, mtp_s3 c1 vs c32",alpaca_eval-0280,107,6236,34860,0.0,0.125,0.125,tie,0.24076032638549805,30,1,256,256,False,1,2,True
"overlap off, mtp_s3 c1 vs c32",alpaca_eval-0290,109,3579,958,0.125,0.125,0.125,one_ulp,0.15984606742858887,3,1,256,256,False,2,4,True
"overlap off, mtp_s3 c1 vs c32",alpaca_eval-0300,167,13684,3899,0.125,0.0,0.125,tie,0.21037507057189941,119,1,256,256,False,0,1,True
"overlap off, mtp_s3 c1 vs c32",alpaca_eval-0320,125,524,381,0.125,0.0,0.125,tie,0.20385360717773438,45,1,256,256,False,0,4,True
"overlap off, mtp_s3 c1 vs c32",alpaca_eval-0330,10,2534,13759,0.0,0.125,0.125,tie,0.13462424278259277,8,1,256,256,False,2,2,True
"overlap off, mtp_s3 c1 vs c32",alpaca_eval-0340,137,3588,18115,0.0,0.125,0.125,tie,0.24250102043151855,44,1,208,200,False,3,4,True
"overlap off, mtp_s3 c1 vs c32",alpaca_eval-0350,130,10829,25066,0.0,0.25,0.125,tie,0.18662810325622559,53,2,256,256,False,1,4,True
"overlap off, mtp_s3 c1 vs c32",alpaca_eval-0360,113,17,18,0.0,0.125,0.125,tie,0.2212214469909668,22,1,256,256,False,1,1,True
"overlap off, mtp_s3 c1 vs c32",alpaca_eval-0380,146,12001,44739,0.0,0.125,0.125,tie,0.24124550819396973,55,2,256,256,False,3,4,True
"overlap off, mtp_s3 c1 vs c32",alpaca_eval-0390,5,198,220,0.0,0.125,0.125,tie,0.10227036476135254,1,1,256,256,False,0,1,True
"overlap off, mtp_s3 c1 vs c32",alpaca_eval-0400,7,2972,1510,0.125,0.0,0.125,tie,0.00038313865661621094,6,1,256,256,False,1,3,True
"overlap off, mtp_s3 c1 vs c32",alpaca_eval-0420,33,3611,5629,0.0,0.125,0.125,tie,0.2453324794769287,19,1,202,202,False,2,1,True
"overlap off, mtp_s3 c1 vs c32",alpaca_eval-0430,172,22955,760,0.125,0.0,0.125,tie,0.23576617240905762,7,1,256,256,False,3,4,True
"overlap off, mtp_s3 c1 vs c32",alpaca_eval-0440,122,11,318,0.0,0.125,0.125,tie,0.2360668182373047,105,1,256,256,False,3,4,True
"overlap off, mtp_s3 c1 vs c32",alpaca_eval-0450,19,1732,4370,0.0,0.125,0.125,tie,0.11870765686035156,9,1,256,256,False,1,3,True
"overlap off, mtp_s3 c1 vs c32",alpaca_eval-0470,238,31341,7873,0.12499988079071045,0.0,0.125,tie,0.21948504447937012,195,1,256,256,False,2,1,True
"overlap off, mtp_s3 c1 vs c32",alpaca_eval-0480,107,7497,17973,0.0,0.125,0.125,tie,0.23592829704284668,85,1,256,256,False,1,2,True
"overlap off, mtp_s3 c1 vs c32",alpaca_eval-0490,103,5129,1496,0.125,0.0,0.125,tie,0.21323585510253906,95,1,256,256,False,0,2,True
"overlap off, mtp_s3 c1 vs c32",alpaca_eval-0510,17,12103,10813,0.125,0.0,0.125,tie,0.12304067611694336,16,1,146,183,False,1,1,True
"overlap off, mtp_s3 c1 vs c32",alpaca_eval-0520,125,88433,760,0.125,0.0,0.0625,tie,0.3592667579650879,104,1,256,256,False,3,4,True
"overlap off, mtp_s3 c1 vs c32",alpaca_eval-0530,183,37170,6992,0.125,0.0,0.125,tie,0.23388957977294922,106,1,256,256,False,1,2,True
"overlap off, mtp_s3 c1 vs c32",alpaca_eval-0550,14,3404,15327,0.0,0.125,0.125,tie,0.12221431732177734,2,1,256,256,False,2,3,True
"overlap off, mtp_s3 c1 vs c32",alpaca_eval-0570,93,4006,13348,0.0,0.125,0.125,tie,0.2391974925994873,91,1,256,256,False,1,4,True
"overlap off, mtp_s3 c1 vs c32",alpaca_eval-0580,96,10340,321,0.125,0.0,0.125,tie,0.24013280868530273,44,1,256,256,False,0,3,True
"overlap off, mtp_s3 c1 vs c32",alpaca_eval-0590,235,21426,37568,0.125,0.125,0.125,one_ulp,0.22327756881713867,155,1,256,256,False,0,3,True
"overlap off, mtp_s3 c1 vs c32",cnn_dailymail-0000,85,264,449,0.0,0.125,0.125,tie,0.11979556083679199,54,1,112,113,False,0,2,True
"overlap off, mtp_s3 c1 vs c32",cnn_dailymail-0001,67,494,321,0.125,0.0,0.125,tie,0.14091181755065918,35,1,120,110,False,1,4,True
"overlap off, mtp_s3 c1 vs c32",cnn_dailymail-0003,7,852,11,0.125,0.0,0.125,tie,0.08666563034057617,4,1,108,87,False,2,1,True
"overlap off, mtp_s3 c1 vs c32",cnn_dailymail-0005,49,7524,18659,0.0,0.125,0.125,tie,0.12194514274597168,37,1,256,256,False,2,4,True
"overlap off, mtp_s3 c1 vs c32",cnn_dailymail-0006,88,29651,8818,0.125,0.0,0.125,tie,0.19641709327697754,42,1,123,123,False,0,3,True
"overlap off, mtp_s3 c1 vs c32",cnn_dailymail-0007,47,18433,557,0.125,0.0,0.125,tie,0.1876366138458252,41,1,104,99,False,1,1,True
"overlap off, mtp_s3 c1 vs c32",cnn_dailymail-0009,62,2394,11,0.125,0.0,0.125,tie,0.12414360046386719,13,1,84,83,False,2,2,True
"overlap off, mtp_s3 c1 vs c32",cnn_dailymail-0011,213,2196,69075,0.0,0.125,0.125,tie,0.22907733917236328,171,1,256,256,False,2,4,True
"overlap off, mtp_s3 c1 vs c32",cnn_dailymail-0012,88,38334,19060,0.125,0.0,0.125,tie,0.18777704238891602,20,1,97,98,False,1,1,True
"overlap off, mtp_s3 c1 vs c32",cnn_dailymail-0013,34,9290,76057,0.0,0.125,0.125,tie,0.17055678367614746,2,1,107,106,False,2,2,True
"overlap off, mtp_s3 c1 vs c32",cnn_dailymail-0014,243,67481,9180,0.125,0.0,0.125,tie,0.24170660972595215,167,1,256,256,False,3,4,True
"overlap off, mtp_s3 c1 vs c32",cnn_dailymail-0016,86,13,303,0.0,0.125,0.125,tie,0.24384832382202148,29,1,119,126,False,1,4,True
"overlap off, mtp_s3 c1 vs c32",cnn_dailymail-0018,91,279,264,0.125,0.0,0.125,tie,0.21795034408569336,78,1,111,111,False,0,2,True
"overlap off, mtp_s3 c1 vs c32",cnn_dailymail-0020,46,4400,3543,0.25,0.0,0.25,tie,0.22461533546447754,42,1,256,256,False,0,1,True
"overlap off, mtp_s3 c1 vs c32",cnn_dailymail-0023,131,303,998,0.0,0.125,0.125,tie,0.2322533130645752,114,1,256,256,False,3,4,True
"overlap off, mtp_s3 c1 vs c32",cnn_dailymail-0024,53,8334,998,0.0625,0.0,0.0625,tie,0.24143171310424805,34,1,110,113,False,3,3,True
"overlap off, mtp_s3 c1 vs c32",cnn_dailymail-0025,77,18682,9704,0.0625,0.0,0.0625,tie,0.21074414253234863,11,1,116,116,False,2,1,True
"overlap off, mtp_s3 c1 vs c32",cnn_dailymail-0028,57,1,8476,0.0,0.125,0.125,tie,0.22027373313903809,10,1,115,111,False,2,3,True
"overlap off, mtp_s3 c1 vs c32",cnn_dailymail-0029,42,25,9926,0.125,0.125,0.125,one_ulp,0.0014905845746397972,17,1,256,256,False,2,4,True
"overlap off, mtp_s3 c1 vs c32",cnn_dailymail-0031,32,2756,5381,0.0,0.125,0.0625,tie,0.1549065113067627,2,1,130,128,False,0,2,True
"overlap off, mtp_s3 c1 vs c32",cnn_dailymail-0034,12,411,11,0.125,0.0,0.125,tie,0.1824800968170166,6,1,110,113,False,3,4,True
"overlap off, mtp_s3 c1 vs c32",cnn_dailymail-0035,253,4961,1149,0.125,0.125,0.125,one_ulp,0.21757245063781738,143,1,256,256,False,0,1,True
"overlap off, mtp_s3 c1 vs c32",cnn_dailymail-0037,99,18007,32662,0.0,0.125,0.125,tie,0.12935829162597656,97,1,120,114,False,1,1,True
"overlap off, mtp_s3 c1 vs c32",cnn_dailymail-0038,254,279,1254,0.0,0.12499994039535522,0.125,tie,0.2366046905517578,72,1,256,256,False,0,4,True
"overlap off, mtp_s3 c1 vs c32",cnn_dailymail-0039,53,303,310,0.0,0.125,0.125,tie,0.17150068283081055,45,1,151,166,False,2,4,True
"overlap off, mtp_s3 c1 vs c32",gsm8k-0000,148,2420,5898,0.0,0.125,0.125,tie,0.2343919277191162,65,1,256,256,False,2,4,True
"overlap off, mtp_s3 c1 vs c32",gsm8k-0002,29,279,17704,0.0,0.125,0.125,tie,0.1368696689605713,26,0,256,256,False,0,4,True
"overlap off, mtp_s3 c1 vs c32",gsm8k-0003,164,19434,332,0.125,0.0,0.125,tie,0.12015485763549805,79,0,170,170,False,2,4,True
"overlap off, mtp_s3 c1 vs c32",gsm8k-0005,242,424,328,0.125,0.0,0.125,tie,0.2133777141571045,123,0,256,256,False,2,1,True
"overlap off, mtp_s3 c1 vs c32",gsm8k-0007,7,310,364,0.0,0.125,0.125,tie,0.12032532691955566,4,0,256,256,False,2,4,True
"overlap off, mtp_s3 c1 vs c32",gsm8k-0008,210,264,1010,0.0,0.125,0.125,tie,0.1334986686706543,194,1,256,256,False,2,3,True
"overlap off, mtp_s3 c1 vs c32",gsm8k-0009,146,458,27858,0.0,0.125,0.125,tie,0.23342180252075195,64,1,256,256,False,0,4,True
"overlap off, mtp_s3 c1 vs c32",gsm8k-0010,151,16,9,0.125,0.0,0.125,tie,0.2024517059326172,8,1,256,256,False,2,4,True
"overlap off, mtp_s3 c1 vs c32",gsm8k-0012,187,65253,36941,0.125,0.0,0.125,tie,0.23307180404663086,131,1,256,256,False,3,4,True
"overlap off, mtp_s3 c1 vs c32",gsm8k-0015,61,7742,32653,0.0,0.125,0.125,tie,0.2379145622253418,38,0,256,256,False,0,4,True
"overlap off, mtp_s3 c1 vs c32",gsm8k-0019,214,220,2972,0.0,0.125,0.125,tie,0.12689483165740967,70,2,256,256,False,0,2,True
"overlap off, mtp_s3 c1 vs c32",gsm8k-0020,44,8529,2144,0.125,0.0,0.125,tie,0.12259340286254883,19,1,256,256,False,1,2,True
"overlap off, mtp_s3 c1 vs c32",gsm8k-0021,94,948,506,0.125,0.0,0.125,tie,0.24463748931884766,8,1,168,166,False,0,4,True
"overlap off, mtp_s3 c1 vs c32",gsm8k-0028,27,2702,3377,0.0,0.125,0.125,tie,0.23935461044311523,12,1,256,240,False,0,3,True
"overlap off, mtp_s3 c1 vs c32",gsm8k-0029,73,24435,1330,0.125,0.0,0.125,tie,0.12280917167663574,49,1,256,256,False,1,4,True
"overlap off, mtp_s3 c1 vs c32",gsm8k-0032,79,791,7157,0.0,0.125,0.125,tie,0.12523126602172852,52,1,256,256,False,1,3,True
"overlap off, mtp_s3 c1 vs c32",gsm8k-0035,139,303,318,0.0,0.125,0.125,tie,0.20583152770996094,32,1,256,256,False,0,1,True
"overlap off, mtp_s3 c1 vs c32",gsm8k-0036,173,6829,314,0.12499994039535522,0.0,0.125,tie,0.19076919555664062,84,1,242,239,False,1,4,True
"overlap off, mtp_s3 c1 vs c32",gsm8k-0037,160,1534,3117,0.12499994039535522,0.12499994039535522,0.125,one_ulp,0.12575936317443848,31,1,256,256,False,0,2,True
"overlap off, mtp_s3 c1 vs c32",gsm8k-0038,162,6558,1368,0.125,0.0,0.125,tie,0.2325601577758789,141,1,256,256,False,1,3,True
"overlap off, mtp_s3 c1 vs c32",gsm8k-0039,201,271,198,0.125,0.0,0.125,tie,0.2649925947189331,168,1,256,256,False,0,4,True
"overlap off, mtp_s3 c1 vs c32",gsm8k-0040,43,9,13682,0.0,0.125,0.125,tie,0.11132121086120605,8,1,208,212,False,3,4,True
"overlap off, mtp_s3 c1 vs c32",gsm8k-0051,12,29694,8105,0.125,0.0,0.125,tie,0.12071800231933594,6,1,256,256,False,3,4,True
"overlap off, mtp_s3 c1 vs c32",gsm8k-0052,114,421,4221,0.0,0.125,0.125,tie,0.13606953620910645,27,1,256,256,False,0,4,True
"overlap off, mtp_s3 c1 vs c32",gsm8k-0056,75,364,25,0.125,0.0,0.125,tie,0.12346196174621582,26,1,256,256,False,0,4,True
"overlap off, mtp_s3 c1 vs c32",gsm8k-0058,132,271,198,0.25,0.0,0.25,tie,0.36457204818725586,19,1,256,256,False,1,4,True
"overlap off, mtp_s3 c1 vs c32",gsm8k-0060,20,321,13,0.125,0.0,0.125,tie,0.23613333702087402,9,1,256,256,False,1,4,True
"overlap off, mtp_s3 c1 vs c32",gsm8k-0061,104,2972,220,0.125,0.0,0.125,tie,0.12247514724731445,22,1,256,256,False,3,1,True
"overlap off, mtp_s3 c1 vs c32",gsm8k-0062,57,393,449,0.0,0.125,0.125,tie,0.1739940643310547,26,1,256,256,False,2,4,True
"overlap off, mtp_s3 c1 vs c32",gsm8k-0063,155,271,198,0.125,0.0,0.125,tie,0.190964937210083,60,1,256,256,False,1,4,True
"overlap off, mtp_s3 c1 vs c32",gsm8k-0066,22,279,23208,0.0,0.125,0.125,tie,0.11567330360412598,7,1,256,256,False,0,4,True
"overlap off, mtp_s3 c1 vs c32",gsm8k-0068,31,279,4007,0.0,0.125,0.125,tie,0.1280040740966797,25,0,256,256,False,0,2,True
"overlap off, mtp_s3 c1 vs c32",gsm8k-0070,15,25,13,0.125,0.0,0.125,tie,0.1122903823852539,6,1,256,256,False,1,1,True
"overlap off, mtp_s3 c1 vs c32",gsm8k-0073,129,3240,3714,0.0,0.125,0.125,tie,0.24544215202331543,17,0,256,256,False,1,3,True
"overlap off, mtp_s3 c1 vs c32",gsm8k-0074,207,6826,220,0.125,0.0,0.125,tie,0.23361492156982422,169,1,256,256,False,0,3,True
"overlap off, mtp_s3 c1 vs c32",gsm8k-0076,103,2972,220,0.25,0.0,0.25,tie,0.1952211856842041,55,1,256,256,False,0,4,True
"overlap off, mtp_s3 c1 vs c32",gsm8k-0079,85,553,1590,0.0,0.125,0.125,tie,0.2238147258758545,80,1,170,170,False,1,4,True
"overlap off, mtp_s3 c1 vs c32",humaneval-0000,127,413,364,0.125,0.0,0.125,tie,0.0005447790026664734,7,1,183,173,False,0,4,True
"overlap off, mtp_s3 c1 vs c32",humaneval-0002,22,4483,17068,0.0,0.125,0.125,tie,0.12763476371765137,2,1,256,256,False,1,1,True
"overlap off, mtp_s3 c1 vs c32",humaneval-0005,197,1726,1031,0.125,0.0,0.125,tie,0.21669793128967285,196,1,256,256,False,0,4,True
"overlap off, mtp_s3 c1 vs c32",humaneval-0011,111,11,321,0.0,0.125,0.125,tie,0.23260164260864258,90,1,256,256,False,1,2,True
"overlap off, mtp_s3 c1 vs c32",humaneval-0014,65,33120,15305,0.125,0.0,0.125,tie,0.20333361625671387,16,1,256,256,False,0,1,True
"overlap off, mtp_s3 c1 vs c32",humaneval-0017,80,539,1083,0.0,0.125,0.125,tie,0.11935782432556152,69,1,256,256,False,1,2,True
"overlap off, mtp_s3 c1 vs c32",humaneval-0020,190,1445,727,0.125,0.0,0.125,tie,0.24331951141357422,130,1,256,256,False,1,4,True
"overlap off, mtp_s3 c1 vs c32",humaneval-0023,119,1220,369,0.125,0.0,0.125,tie,0.12267351150512695,17,1,185,195,False,2,4,True
"overlap off, mtp_s3 c1 vs c32",humaneval-0026,52,279,1204,0.0,0.125,0.125,tie,0.12194514274597168,13,1,256,256,False,1,4,True
"overlap off, mtp_s3 c1 vs c32",humaneval-0032,255,262,285,0.0,0.125,0.125,tie,0.15723562240600586,70,1,256,256,False,2,4,True
"overlap off, mtp_s3 c1 vs c32",humaneval-0036,2,1358,198,0.125,0.0,0.125,tie,2.3841721485950984e-07,1,1,139,139,False,1,1,True
"overlap off, mtp_s3 c1 vs c32",humaneval-0039,247,198,248046,0.125,0.125,0.125,one_ulp,0.12059640884399414,188,1,253,248,False,1,4,True
"overlap off, mtp_s3 c1 vs c32",humaneval-0043,2,1358,198,0.125,0.0,0.125,tie,2.3841548681957647e-06,1,1,201,201,False,1,1,True
"overlap off, mtp_s3 c1 vs c32",humaneval-0046,198,653,413,0.125,0.0,0.125,tie,0.11604428291320801,195,1,256,256,False,1,4,True
"overlap off, mtp_s3 c1 vs c32",humaneval-0053,18,5089,709,0.125,0.0,0.125,tie,0.11374545097351074,6,1,172,193,False,0,3,True
"overlap off, mtp_s3 c1 vs c32",humaneval-0056,210,748,4523,0.0,0.125,0.125,tie,0.2452700138092041,92,1,256,256,False,0,1,True
"overlap off, mtp_s3 c1 vs c32",mt_bench-0000,3,11,303,0.0,0.0625,0.0625,tie,0.00011646747589111328,1,1,256,256,False,1,1,True
"overlap off, mtp_s3 c1 vs c32",mt_bench-0004,22,26054,63834,0.0,0.0625,0.0625,tie,0.1615990400314331,12,1,243,234,False,1,2,True
"overlap off, mtp_s3 c1 vs c32",mt_bench-0005,97,33367,37728,0.0,0.0625,0.0625,tie,0.22274351119995117,70,1,256,256,False,2,4,True
"overlap off, mtp_s3 c1 vs c32",mt_bench-0006,33,80592,1040,0.125,0.0,0.0625,tie,0.2076401710510254,23,1,256,256,False,0,1,True
"overlap off, mtp_s3 c1 vs c32",mt_bench-0007,119,13,3482,0.0,0.25,0.125,tie,0.21323466300964355,30,1,179,183,False,2,1,True
"overlap off, mtp_s3 c1 vs c32",mt_bench-0009,86,11,321,0.0,0.125,0.125,tie,0.13476347923278809,9,1,256,256,False,0,4,True
"overlap off, mtp_s3 c1 vs c32",mt_bench-0010,41,15327,264,0.125,0.0,0.125,tie,0.23441243171691895,15,1,256,215,False,1,4,True
"overlap off, mtp_s3 c1 vs c32",mt_bench-0012,32,18324,54081,0.0,0.125,0.125,tie,0.1310582160949707,14,1,256,256,False,3,4,True
"overlap off, mtp_s3 c1 vs c32",mt_bench-0013,18,2609,4927,0.0,0.125,0.125,tie,0.12198305130004883,12,1,256,256,False,0,1,True
"overlap off, mtp_s3 c1 vs c32",mt_bench-0014,160,579,11,0.125,0.0,0.125,tie,0.23949337005615234,49,1,256,256,False,3,3,True
"overlap off, mtp_s3 c1 vs c32",mt_bench-0015,94,13,539,0.0,0.125,0.125,tie,0.23370027542114258,73,1,256,256,False,2,3,True
"overlap off, mtp_s3 c1 vs c32",mt_bench-0017,69,44145,5304,0.125,0.0,0.125,tie,0.13319873809814453,37,1,256,256,False,0,2,True
"overlap off, mtp_s3 c1 vs c32",mt_bench-0018,28,61,32773,0.0,0.125,0.125,tie,0.12139296531677246,21,1,141,158,False,3,1,True
"overlap off, mtp_s3 c1 vs c32",mt_bench-0021,70,6643,279,0.125,0.0,0.125,tie,0.20729637145996094,33,1,95,91,False,1,4,True
"overlap off, mtp_s3 c1 vs c32",mt_bench-0022,10,7044,1923,0.125,0.0,0.125,tie,0.24348783493041992,8,1,204,256,False,2,1,True
"overlap off, mtp_s3 c1 vs c32",mt_bench-0023,136,1368,1987,0.0,0.125,0.125,tie,0.2430129051208496,127,1,256,256,False,0,4,True
"overlap off, mtp_s3 c1 vs c32",mt_bench-0024,172,369,19505,0.0,0.125,0.125,tie,0.24135851860046387,73,1,256,256,False,2,2,True
"overlap off, mtp_s3 c1 vs c32",mt_bench-0026,212,198,3130,0.0,0.125,0.125,tie,0.2210073471069336,156,1,256,256,False,2,4,True
"overlap off, mtp_s3 c1 vs c32",mt_bench-0028,211,383,310,0.125,0.0,0.125,tie,0.24170851707458496,182,1,256,256,False,3,4,True
"overlap off, mtp_s3 c1 vs c32",mt_bench-0029,93,328,13108,0.0,0.125,0.125,tie,0.1683509349822998,54,1,256,256,False,0,4,True
"overlap off, mtp_s3 c1 vs c32",mt_bench-0033,216,314,421,0.0,0.25,0.125,tie,0.23307585716247559,69,1,256,256,False,3,4,True
"overlap off, mtp_s3 c1 vs c32",mt_bench-0036,39,733,47246,0.0,0.125,0.125,tie,0.12122964859008789,27,1,256,256,False,1,3,True
"overlap off, mtp_s3 c1 vs c32",mt_bench-0037,200,279,393,0.0,0.125,0.125,tie,0.19121408462524414,101,1,256,256,False,2,4,True
"overlap off, mtp_s3 c1 vs c32",mt_bench-0039,144,22868,7258,0.25,0.0,0.25,tie,0.14582419395446777,45,1,256,256,False,0,1,True
"overlap off, mtp_s3 c1 vs c32",mt_bench-0040,189,321,539,0.0,0.12499994039535522,0.125,tie,0.29839301109313965,45,1,256,256,False,1,1,True
"overlap off, mtp_s3 c1 vs c32",mt_bench-0041,215,16,15,0.25,0.0,0.25,tie,0.22866415977478027,19,1,256,256,False,1,3,True
"overlap off, mtp_s3 c1 vs c32",mt_bench-0042,153,15,19,0.0,0.125,0.125,tie,0.17628836631774902,26,1,256,256,False,0,4,True
"overlap off, mtp_s3 c1 vs c32",mt_bench-0043,32,14261,1510,0.125,0.0,0.125,tie,0.12247753143310547,7,1,177,195,False,0,4,True
"overlap off, mtp_s3 c1 vs c32",mt_bench-0044,53,318,332,0.0,0.125,0.125,tie,0.12102103233337402,6,1,256,256,False,2,3,True
"overlap off, mtp_s3 c1 vs c32",mt_bench-0045,26,22373,318,0.125,0.0,0.125,tie,0.18159151077270508,4,1,256,256,False,0,4,True
"overlap off, mtp_s3 c1 vs c32",mt_bench-0047,40,7620,1,0.125,0.0,0.125,tie,0.1213078498840332,38,1,256,256,False,1,1,True
"overlap off, mtp_s3 c1 vs c32",mt_bench-0048,49,580,488,0.125,0.0,0.125,tie,0.2662687301635742,37,1,256,256,False,0,2,True
"overlap off, mtp_s3 c1 vs c32",mt_bench-0056,247,9711,10036,0.125,0.125,0.125,one_ulp,0.22746706008911133,88,1,256,256,False,0,4,True
"overlap off, mtp_s3 c1 vs c32",mt_bench-0061,231,92217,332,0.125,0.0,0.125,tie,0.21971964836120605,99,1,256,256,False,3,4,True
"overlap off, mtp_s3 c1 vs c32",mt_bench-0062,154,13,318,0.0,0.125,0.125,tie,0.12259340286254883,153,1,256,256,False,0,4,True
"overlap off, mtp_s3 c1 vs c32",mt_bench-0063,57,33448,314,0.125,0.0,0.125,tie,0.243208646774292,21,1,256,256,False,0,2,True
"overlap off, mtp_s3 c1 vs c32",mt_bench-0066,93,10539,332,0.125,0.0,0.125,tie,0.19119644165039062,27,1,256,256,False,0,1,True
"overlap off, mtp_s3 c1 vs c32",mt_bench-0067,47,310,13,0.125,0.0,0.125,tie,0.1878337860107422,14,1,256,256,False,3,2,True
"overlap off, mtp_s3 c1 vs c32",mt_bench-0068,153,283,478,0.0,0.125,0.125,tie,0.24547481536865234,98,1,256,256,False,1,4,True
"overlap off, mtp_s3 c1 vs c32",mt_bench-0069,103,11228,1208,0.25,0.0,0.125,tie,0.24547505378723145,3,1,256,256,False,2,2,True
"overlap off, mtp_s3 c1 vs c32",mt_bench-0070,200,3619,65408,0.0,0.125,0.125,tie,0.19502520561218262,133,1,256,256,False,3,4,True
"overlap off, mtp_s3 c1 vs c32",mt_bench-0071,253,1216,59725,0.0,0.0625,0.0625,tie,0.22975516319274902,250,1,256,256,False,1,3,True
"overlap off, mtp_s3 c1 vs c32",mt_bench-0072,107,5212,36110,0.0,0.125,0.125,tie,0.16620445251464844,45,2,256,256,False,1,4,True
"overlap off, mtp_s3 c1 vs c32",mt_bench-0073,86,49773,38580,0.125,0.0,0.125,tie,0.20099329948425293,85,1,256,256,False,0,4,True
"overlap off, mtp_s3 c1 vs c32",mt_bench-0075,17,318,369,0.0,0.25,0.25,tie,0.11089086532592773,12,1,256,256,False,0,4,True
"overlap off, mtp_s3 c1 vs c32",mt_bench-0076,197,12688,795,0.125,0.0,0.125,tie,0.24360299110412598,86,1,256,256,False,1,3,True
"overlap off, mtp_s3 c1 vs c32",mt_bench-0078,34,54759,4670,0.125,0.0,0.125,tie,0.2095639705657959,24,1,256,256,False,1,4,True
"overlap off, mtp_s3 c1 vs c32",mt_bench-0079,131,364,1472,0.0,0.125,0.125,tie,0.22577118873596191,49,1,256,256,False,2,1,True
"spec vs plain c1, mtp_s1",alpaca_eval-0000,6,63049,26310,0.125,0.0,0.125,tie,0.11805582046508789,1,1,256,256,False,0,2,True
"spec vs plain c1, mtp_s1",alpaca_eval-0010,246,34,36418,0.0,0.125,0.125,tie,0.21906232833862305,32,1,256,256,False,1,2,True
"spec vs plain c1, mtp_s1",alpaca_eval-0030,155,30835,15166,0.125,0.0,0.0625,tie,0.21435236930847168,136,1,256,256,False,1,2,True
"spec vs plain c1, mtp_s1",alpaca_eval-0040,8,3046,1484,0.125,0.0,0.125,tie,0.11774206161499023,5,1,256,256,False,0,2,True
"spec vs plain c1, mtp_s1",alpaca_eval-0050,254,1151,7832,0.0,0.125,0.125,tie,0.23984694480895996,117,1,256,256,False,1,1,True
"spec vs plain c1, mtp_s1",alpaca_eval-0060,125,37462,20331,0.0625,0.0,0.0625,tie,0.2406609058380127,36,1,256,256,False,1,2,True
"spec vs plain c1, mtp_s1",alpaca_eval-0080,76,15214,50209,0.0,0.125,0.125,tie,0.12142658233642578,52,1,256,256,False,1,2,True
"spec vs plain c1, mtp_s1",alpaca_eval-0100,51,10919,264,0.125,0.0,0.125,tie,0.13579893112182617,14,1,256,256,False,1,2,True
"spec vs plain c1, mtp_s1",alpaca_eval-0110,93,279,18995,0.0,0.125,0.0625,tie,0.2091810703277588,92,1,256,256,False,1,1,True
"spec vs plain c1, mtp_s1",alpaca_eval-0130,38,1876,39107,0.0,0.12500005960464478,0.0625,tie,0.12154412269592285,20,1,256,256,False,0,2,True
"spec vs plain c1, mtp_s1",alpaca_eval-0140,234,6855,36636,0.0,0.125,0.125,tie,0.16971087455749512,181,2,256,256,False,0,2,True
"spec vs plain c1, mtp_s1",alpaca_eval-0150,134,16629,1273,0.125,0.0,0.125,tie,0.23433589935302734,104,1,256,256,False,0,1,True
"spec vs plain c1, mtp_s1",alpaca_eval-0160,112,12983,5369,0.125,0.0,0.125,tie,0.22494816780090332,50,1,256,256,False,1,1,True
"spec vs plain c1, mtp_s1",alpaca_eval-0170,241,11,13,0.0,0.125,0.125,tie,0.17077302932739258,55,1,256,256,False,0,2,True
"spec vs plain c1, mtp_s1",alpaca_eval-0200,163,77505,7085,0.12500011920928955,0.0,0.125,tie,0.21827483177185059,78,1,256,256,False,1,2,True
"spec vs plain c1, mtp_s1",alpaca_eval-0210,20,321,4016,0.0,0.125,0.125,tie,0.12300968170166016,14,1,256,256,False,1,2,True
"spec vs plain c1, mtp_s1",alpaca_eval-0220,7,1402,65884,0.0,0.12500005960464478,0.0625,tie,0.12137103080749512,1,1,256,256,False,0,2,True
"spec vs plain c1, mtp_s1",alpaca_eval-0240,9,7253,46548,0.0,0.125,0.125,tie,0.12683451175689697,6,1,256,256,False,0,2,True
"spec vs plain c1, mtp_s1",alpaca_eval-0250,71,5214,48559,0.0,0.125,0.125,tie,0.19287490844726562,8,1,256,256,False,0,1,True
"spec vs plain c1, mtp_s1",alpaca_eval-0260,201,353,25790,0.0,0.0625,0.0625,tie,0.23540401458740234,29,1,256,256,False,0,1,True
"spec vs plain c1, mtp_s1",alpaca_eval-0270,11,2046,279,0.125,0.0,0.125,tie,0.09673821926116943,9,1,256,256,False,0,1,True
"spec vs plain c1, mtp_s1",alpaca_eval-0280,42,314,159029,0.0,0.125,0.125,tie,0.19300198554992676,35,1,256,256,False,1,2,True
"spec vs plain c1, mtp_s1",alpaca_eval-0290,109,958,3579,0.0,0.125,0.125,tie,0.12420225143432617,34,1,256,256,False,0,2,True
"spec vs plain c1, mtp_s1",alpaca_eval-0300,136,271,198,0.125,0.0,0.125,tie,0.23936104774475098,104,1,256,256,False,0,2,True
"spec vs plain c1, mtp_s1",alpaca_eval-0320,125,381,524,0.0,0.12499988079071045,0.125,tie,0.19154834747314453,44,1,256,256,False,0,2,True
"spec vs plain c1, mtp_s1",alpaca_eval-0330,10,13759,2534,0.125,0.0,0.125,tie,0.12765049934387207,8,1,256,256,False,0,2,True
"spec vs plain c1, mtp_s1",alpaca_eval-0340,111,4650,68,0.125,0.0,0.125,tie,0.23564791679382324,48,1,188,195,False,0,1,True
"spec vs plain c1, mtp_s1",alpaca_eval-0350,254,15714,3050,0.125,0.0,0.125,tie,0.2257835865020752,132,1,256,256,False,0,2,True
"spec vs plain c1, mtp_s1",alpaca_eval-0360,32,2614,1017,0.125,0.0,0.125,tie,0.22708511352539062,27,1,256,256,False,1,2,True
"spec vs plain c1, mtp_s1",alpaca_eval-0390,3,10,220,0.0,0.0625,0.0625,tie,0.10220789909362793,1,1,256,256,False,0,2,True
"spec vs plain c1, mtp_s1",alpaca_eval-0400,7,1510,2972,0.0,0.125,0.125,tie,0.11810851097106934,6,1,256,256,False,0,2,True
"spec vs plain c1, mtp_s1",alpaca_eval-0410,74,357,20656,0.0,0.125,0.125,tie,0.14806461334228516,42,1,256,256,False,0,2,True
"spec vs plain c1, mtp_s1",alpaca_eval-0420,21,34404,29667,0.125,0.0,0.125,tie,0.24529170989990234,19,1,202,221,False,0,2,True
"spec vs plain c1, mtp_s1",alpaca_eval-0430,103,279,264,0.125,0.0,0.125,tie,0.4154059886932373,47,1,256,256,False,1,1,True
"spec vs plain c1, mtp_s1",alpaca_eval-0440,90,11000,11429,0.0,0.125,0.125,tie,0.14294147491455078,80,1,256,256,False,0,2,True
"spec vs plain c1, mtp_s1",alpaca_eval-0450,114,7499,8070,0.0,0.125,0.125,tie,0.18876886367797852,35,1,256,256,False,0,1,True
"spec vs plain c1, mtp_s1",alpaca_eval-0460,21,318,466,0.0,0.125,0.125,tie,0.13328981399536133,20,1,256,256,False,1,2,True
"spec vs plain c1, mtp_s1",alpaca_eval-0470,238,7873,31341,0.125,0.12499988079071045,0.125,one_ulp,0.23679447174072266,124,1,256,256,False,0,2,True
"spec vs plain c1, mtp_s1",alpaca_eval-0480,107,1879,7497,0.0,0.125,0.125,tie,0.20695042610168457,68,1,256,256,False,1,2,True
"spec vs plain c1, mtp_s1",alpaca_eval-0490,103,5129,1496,0.125,0.0,0.125,tie,0.23034334182739258,41,1,256,256,False,1,2,True
"spec vs plain c1, mtp_s1",alpaca_eval-0500,36,56679,21397,0.125,0.0,0.125,tie,0.12157106399536133,25,1,256,256,False,1,2,True
"spec vs plain c1, mtp_s1",alpaca_eval-0510,17,10813,12103,0.0,0.125,0.125,tie,0.22251033782958984,12,1,167,256,False,1,1,True
"spec vs plain c1, mtp_s1",alpaca_eval-0520,172,357,264,0.125,0.125,0.125,one_ulp,0.3556373119354248,48,1,256,256,False,0,1,True
"spec vs plain c1, mtp_s1",alpaca_eval-0530,154,30096,321,0.25,0.0,0.125,tie,0.18317532539367676,123,1,256,256,False,0,2,True
"spec vs plain c1, mtp_s1",alpaca_eval-0550,70,318,1083,0.0,0.125,0.125,tie,0.15243124961853027,60,2,256,256,False,0,2,True
"spec vs plain c1, mtp_s1",alpaca_eval-0570,1,3766,4400,0.0,0.125,0.125,tie,0.0,,,256,256,False,0,1,True
"spec vs plain c1, mtp_s1",alpaca_eval-0580,96,321,10340,0.0,0.125,0.125,tie,0.20796692371368408,46,1,256,256,False,1,2,True
"spec vs plain c1, mtp_s1",alpaca_eval-0590,235,21426,37568,0.0,0.125,0.125,tie,0.23947858810424805,133,1,256,256,False,0,2,True
"spec vs plain c1, mtp_s1",cnn_dailymail-0001,34,11,13,0.0,0.125,0.125,tie,0.11967873573303223,16,1,125,105,False,1,2,True
"spec vs plain c1, mtp_s1",cnn_dailymail-0002,150,2599,30284,0.0,0.125,0.125,tie,0.23492097854614258,43,1,256,256,False,0,2,True
"spec vs plain c1, mtp_s1",cnn_dailymail-0003,48,3322,864,0.125,0.0,0.125,tie,0.22278594970703125,25,1,112,109,False,1,2,True
"spec vs plain c1, mtp_s1",cnn_dailymail-0004,20,1083,321,0.125,0.0,0.125,tie,0.13689875602722168,16,1,97,106,False,1,1,True
"spec vs plain c1, mtp_s1",cnn_dailymail-0005,125,24342,1905,0.25,0.0,0.125,tie,0.13573980331420898,48,1,256,256,False,0,2,True
"spec vs plain c1, mtp_s1",cnn_dailymail-0006,28,1040,494,0.125,0.0,0.125,tie,0.14030981063842773,10,1,115,123,False,1,2,True
"spec vs plain c1, mtp_s1",cnn_dailymail-0009,47,888,279,0.125,0.0,0.125,tie,0.2230534553527832,15,1,80,81,False,1,2,True
"spec vs plain c1, mtp_s1",cnn_dailymail-0010,22,13064,30957,0.0,0.125,0.125,tie,0.1203622817993164,7,1,79,79,False,1,2,True
"spec vs plain c1, mtp_s1",cnn_dailymail-0013,26,975,279,0.125,0.0,0.125,tie,0.1488349437713623,4,1,121,113,False,0,1,True
"spec vs plain c1, mtp_s1",cnn_dailymail-0015,37,682,11,0.125,0.0,0.125,tie,0.2273550033569336,11,1,108,111,False,0,1,True
"spec vs plain c1, mtp_s1",cnn_dailymail-0016,86,303,13,0.125,0.0,0.125,tie,0.13603568077087402,9,1,126,119,False,0,2,True
"spec vs plain c1, mtp_s1",cnn_dailymail-0017,68,1027,279,0.125,0.0,0.125,tie,0.11788582801818848,67,1,256,256,False,1,2,True
"spec vs plain c1, mtp_s1",cnn_dailymail-0019,35,9953,13789,0.0,0.125,0.0625,tie,0.14931750297546387,30,1,102,104,False,0,2,True
"spec vs plain c1, mtp_s1",cnn_dailymail-0020,46,4400,3543,0.25,0.0,0.25,tie,0.22104930877685547,33,1,256,256,False,0,1,True
"spec vs plain c1, mtp_s1",cnn_dailymail-0021,43,4788,1010,0.125,0.0,0.125,tie,0.2405862808227539,13,1,118,131,False,0,1,True
"spec vs plain c1, mtp_s1",cnn_dailymail-0022,81,4171,44164,0.0,0.125,0.125,tie,0.24225902557373047,71,1,116,111,False,1,1,True
"spec vs plain c1, mtp_s1",cnn_dailymail-0024,55,66345,42849,0.125,0.0,0.125,tie,0.2209937572479248,35,1,107,113,False,0,1,True
"spec vs plain c1, mtp_s1",cnn_dailymail-0026,226,45482,48401,0.0,0.125,0.125,tie,0.2185969352722168,33,1,256,256,False,0,2,True
"spec vs plain c1, mtp_s1",cnn_dailymail-0028,54,43001,328,0.125,0.0,0.125,tie,0.2271256446838379,34,1,114,115,False,0,2,True
"spec vs plain c1, mtp_s1",cnn_dailymail-0029,42,25,9926,0.125,0.25,0.125,near,0.12198877334594727,41,1,256,256,False,1,2,True
"spec vs plain c1, mtp_s1",cnn_dailymail-0031,32,5381,2756,0.125,0.0,0.125,tie,0.17641592025756836,29,1,132,126,False,0,2,True
"spec vs plain c1, mtp_s1",cnn_dailymail-0032,153,75532,22525,0.125,0.0,0.125,tie,0.22683978080749512,33,1,256,256,False,0,2,True
"spec vs plain c1, mtp_s1",cnn_dailymail-0034,12,411,11,0.25,0.0,0.25,tie,0.12286114692687988,4,1,110,108,False,1,2,True
"spec vs plain c1, mtp_s1",cnn_dailymail-0035,214,318,13,0.125,0.0,0.125,tie,0.24469804763793945,113,1,256,256,False,1,2,True
"spec vs plain c1, mtp_s1",cnn_dailymail-0037,4,303,424,0.0,0.125,0.125,tie,0.1264514923095703,3,1,137,114,False,1,2,True
"spec vs plain c1, mtp_s1",cnn_dailymail-0038,124,557,10298,0.0,0.125,0.125,tie,0.23018431663513184,33,1,256,256,False,0,2,True
"spec vs plain c1, mtp_s1",gsm8k-0000,148,2420,5898,0.0,0.125,0.125,tie,0.12069392204284668,58,1,256,256,False,0,2,True
"spec vs plain c1, mtp_s1",gsm8k-0003,164,332,19434,0.125,0.125,0.125,one_ulp,0.12105250358581543,30,1,170,170,False,0,2,True
"spec vs plain c1, mtp_s1",gsm8k-0004,39,2250,220,0.125,0.0,0.125,tie,0.15099382400512695,23,1,256,256,False,0,2,True
"spec vs plain c1, mtp_s1",gsm8k-0005,242,424,328,0.125,0.0,0.125,tie,0.21016573905944824,137,1,256,256,False,0,2,True
"spec vs plain c1, mtp_s1",gsm8k-0006,194,188144,15875,0.125,0.0,0.125,tie,0.1223289966583252,169,1,256,256,False,0,2,True
"spec vs plain c1, mtp_s1",gsm8k-0007,234,623,9923,0.0,0.125,0.125,tie,0.23765921592712402,233,1,256,256,False,0,2,True
"spec vs plain c1, mtp_s1",gsm8k-0008,68,3491,13362,0.0,0.125,0.125,tie,0.12285900115966797,40,1,256,256,False,0,1,True
"spec vs plain c1, mtp_s1",gsm8k-0009,218,279,458,0.0,0.125,0.125,tie,0.14802885055541992,55,1,256,256,False,1,2,True
"spec vs plain c1, mtp_s1",gsm8k-0011,61,506,13,0.125,0.0,0.125,tie,0.1285076141357422,47,1,256,256,False,1,2,True
"spec vs plain c1, mtp_s1",gsm8k-0012,32,12585,11044,0.125,0.0,0.125,tie,0.1149907112121582,30,1,256,256,False,0,2,True
"spec vs plain c1, mtp_s1",gsm8k-0013,45,430,13,0.125,0.0,0.125,tie,0.15438222885131836,43,1,256,256,False,1,1,True
"spec vs plain c1, mtp_s1",gsm8k-0019,214,220,2972,0.125,0.125,0.125,one_ulp,0.23229122161865234,79,1,256,256,False,0,2,True
"spec vs plain c1, mtp_s1",gsm8k-0020,44,8529,2144,0.125,0.0,0.125,tie,0.12260270118713379,2,1,256,256,False,0,2,True
"spec vs plain c1, mtp_s1",gsm8k-0025,19,279,3750,0.0,0.125,0.125,tie,0.12260770797729492,15,1,256,256,False,0,2,True
"spec vs plain c1, mtp_s1",gsm8k-0026,134,3925,17355,0.0,0.125,0.125,tie,0.1236720085144043,26,1,256,256,False,1,2,True
"spec vs plain c1, mtp_s1",gsm8k-0028,166,31192,567,0.125,0.0,0.125,tie,0.24265623092651367,110,1,248,249,False,1,2,True
"spec vs plain c1, mtp_s1",gsm8k-0032,79,7157,791,0.125,0.0,0.125,tie,0.2447812557220459,52,1,256,256,False,1,1,True
"spec vs plain c1, mtp_s1",gsm8k-0035,139,318,303,0.125,0.0,0.125,tie,0.2041454315185547,56,1,256,256,False,0,1,True
"spec vs plain c1, mtp_s1",gsm8k-0036,26,159029,364,0.125,0.0,0.125,tie,0.12115097045898438,19,1,245,242,False,1,2,True
"spec vs plain c1, mtp_s1",gsm8k-0037,137,364,506,0.0,0.12499994039535522,0.125,tie,0.12901461124420166,29,1,256,256,False,0,2,True
"spec vs plain c1, mtp_s1",gsm8k-0039,201,271,198,0.125,0.0,0.125,tie,0.20428729057312012,168,1,256,256,False,0,2,True
"spec vs plain c1, mtp_s1",gsm8k-0042,94,1238,506,0.125,0.0,0.125,tie,0.12242841720581055,62,1,201,199,False,0,2,True
"spec vs plain c1, mtp_s1",gsm8k-0044,64,3520,283,0.125,0.0,0.125,tie,0.1213064193725586,35,1,256,256,False,1,2,True
"spec vs plain c1, mtp_s1",gsm8k-0046,123,760,1206,0.0,0.125,0.125,tie,0.12260150909423828,33,1,256,256,False,1,2,True
"spec vs plain c1, mtp_s1",gsm8k-0049,16,13,303,0.0,0.12499994039535522,0.125,tie,0.1186823844909668,6,1,256,256,False,1,2,True
"spec vs plain c1, mtp_s1",gsm8k-0053,74,393,56014,0.0,0.25,0.25,tie,0.20760416984558105,43,1,256,256,False,1,1,True
"spec vs plain c1, mtp_s1",gsm8k-0060,19,4952,321,0.125,0.0,0.125,tie,0.1224830150604248,9,1,256,256,False,1,2,True
"spec vs plain c1, mtp_s1",gsm8k-0061,100,10737,14418,0.0,0.125,0.125,tie,0.22062921524047852,88,1,256,256,False,1,2,True
"spec vs plain c1, mtp_s1",gsm8k-0065,190,17239,5122,0.125,0.0,0.125,tie,0.2382216453552246,62,1,256,256,False,1,2,True
"spec vs plain c1, mtp_s1",gsm8k-0066,226,19,32897,0.0,0.25,0.125,tie,0.21669721603393555,15,1,256,256,False,1,2,True
"spec vs plain c1, mtp_s1",gsm8k-0068,31,4007,279,0.125,0.0,0.125,tie,0.11445021629333496,25,1,256,256,False,1,2,True
"spec vs plain c1, mtp_s1",gsm8k-0070,196,68647,198,0.125,0.0,0.125,tie,0.14802122116088867,49,1,256,256,False,1,2,True
"spec vs plain c1, mtp_s1",gsm8k-0073,129,3714,2702,0.125,0.0,0.125,tie,0.21781086921691895,127,1,256,256,False,1,2,True
"spec vs plain c1, mtp_s1",gsm8k-0074,117,22746,348,0.125,0.0,0.125,tie,0.24260807037353516,82,1,256,256,False,1,2,True
"spec vs plain c1, mtp_s1",gsm8k-0076,40,760,32,0.12500005960464478,0.0,0.125,tie,0.23472142219543457,36,1,256,256,False,1,2,True
"spec vs plain c1, mtp_s1",gsm8k-0078,,,,,,,,0.6166682243347168,156,1,256,256,False,,,
"spec vs plain c1, mtp_s1",gsm8k-0079,85,1590,553,0.125,0.0,0.125,tie,0.21295976638793945,31,1,170,170,False,1,2,True
"spec vs plain c1, mtp_s1",humaneval-0000,127,364,413,0.0,0.125,0.125,tie,0.000539837870746851,7,1,173,183,False,0,2,True
"spec vs plain c1, mtp_s1",humaneval-0005,212,1103,39965,0.0,0.125,0.125,tie,0.24284791946411133,72,1,256,256,False,1,2,True
"spec vs plain c1, mtp_s1",humaneval-0011,222,1179,5335,0.0,0.125,0.125,tie,0.2377471923828125,93,1,256,256,False,1,2,True
"spec vs plain c1, mtp_s1",humaneval-0014,65,15305,33120,0.0,0.125,0.125,tie,0.18864774703979492,60,1,256,256,False,0,1,True
"spec vs plain c1, mtp_s1",humaneval-0020,89,1906,10300,0.0,0.125,0.125,tie,0.23233580589294434,35,1,256,256,False,0,2,True
"spec vs plain c1, mtp_s1",humaneval-0021,200,87,2334,0.0,0.125,0.125,tie,0.22288799285888672,184,1,221,221,False,0,1,True
"spec vs plain c1, mtp_s1",humaneval-0032,39,1406,2574,0.0,0.125,0.125,tie,0.1606290340423584,25,1,256,256,False,1,2,True
"spec vs plain c1, mtp_s1",humaneval-0038,26,579,728,0.0,0.125,0.125,tie,0.12236666679382324,17,1,256,256,False,0,2,True
"spec vs plain c1, mtp_s1",humaneval-0050,13,561,1061,0.0,0.125,0.125,tie,0.10534095764160156,1,1,256,256,False,0,2,True
"spec vs plain c1, mtp_s1",humaneval-0053,18,709,5089,0.0,0.125,0.125,tie,0.1110990047454834,14,1,193,172,False,1,2,True
"spec vs plain c1, mtp_s1",mt_bench-0000,3,11,303,0.0,0.0625,0.0625,tie,0.052260518074035645,1,1,256,256,False,1,1,True
"spec vs plain c1, mtp_s1",mt_bench-0001,113,5328,40,0.125,0.0,0.125,tie,0.20099449157714844,66,1,153,160,False,0,2,True
"spec vs plain c1, mtp_s1",mt_bench-0003,30,6379,4929,0.125,0.0,0.125,tie,0.13156461715698242,25,1,256,256,False,0,2,True
"spec vs plain c1, mtp_s1",mt_bench-0004,83,7481,11938,0.0,0.125,0.125,tie,0.14751386642456055,10,1,231,256,False,1,1,True
"spec vs plain c1, mtp_s1",mt_bench-0005,97,33367,37728,0.0,0.0625,0.0625,tie,0.1862034797668457,95,1,256,256,False,0,2,True
"spec vs plain c1, mtp_s1",mt_bench-0006,182,3979,35091,0.0,0.125,0.0625,tie,0.193520188331604,158,1,256,256,False,1,2,True
"spec vs plain c1, mtp_s1",mt_bench-0007,13,3413,15920,0.0,0.0625,0.0625,tie,0.15609753131866455,8,1,204,174,False,1,2,True
"spec vs plain c1, mtp_s1",mt_bench-0008,205,14,13,0.125,0.0,0.125,tie,0.23925542831420898,80,1,256,256,False,0,2,True
"spec vs plain c1, mtp_s1",mt_bench-0009,139,579,557,0.125,0.0,0.125,tie,0.2405872344970703,101,1,256,256,False,1,2,True
"spec vs plain c1, mtp_s1",mt_bench-0010,33,1459,1132,0.125,0.0,0.125,tie,0.2140495777130127,29,1,254,256,False,1,2,True
"spec vs plain c1, mtp_s1",mt_bench-0011,147,64,435,0.125,0.125,0.0625,near,0.24557995796203613,129,1,256,256,False,0,2,True
"spec vs plain c1, mtp_s1",mt_bench-0012,28,7139,33404,0.125,0.125,0.125,one_ulp,0.16869497299194336,10,1,256,256,False,1,2,True
"spec vs plain c1, mtp_s1",mt_bench-0014,171,258,286,0.0,0.125,0.125,tie,0.21730685234069824,22,1,256,256,False,1,2,True
"spec vs plain c1, mtp_s1",mt_bench-0015,43,4087,2534,0.125,0.0,0.125,tie,0.17098164558410645,9,1,256,256,False,0,2,True
"spec vs plain c1, mtp_s1",mt_bench-0017,69,5304,44145,0.0,0.125,0.125,tie,0.16297435760498047,31,1,256,256,False,1,2,True
"spec vs plain c1, mtp_s1",mt_bench-0018,73,1442,2166,0.0,0.125,0.125,tie,0.1951436996459961,51,1,132,141,False,1,2,True
"spec vs plain c1, mtp_s1",mt_bench-0019,189,47733,28599,0.125,0.0,0.125,tie,0.2442324161529541,149,1,256,256,False,0,2,True
"spec vs plain c1, mtp_s1",mt_bench-0022,18,2592,760,0.12499994039535522,0.0,0.125,tie,0.12189173698425293,12,1,256,106,False,0,2,True
"spec vs plain c1, mtp_s1",mt_bench-0023,136,1368,1987,0.0,0.125,0.125,tie,0.2314462661743164,79,1,256,256,False,0,2,True
"spec vs plain c1, mtp_s1",mt_bench-0024,151,17,23,0.125,0.125,0.125,one_ulp,0.14829397201538086,16,1,256,256,False,0,2,True
"spec vs plain c1, mtp_s1",mt_bench-0025,187,1149,1,0.125,0.0,0.125,tie,0.19690918922424316,112,1,256,256,False,0,2,True
"spec vs plain c1, mtp_s1",mt_bench-0026,74,13,198,0.0,0.125,0.125,tie,0.23811817169189453,13,1,256,256,False,1,1,True
"spec vs plain c1, mtp_s1",mt_bench-0028,93,22426,2972,0.125,0.0,0.125,tie,0.1455073356628418,24,1,256,256,False,1,2,True
"spec vs plain c1, mtp_s1",mt_bench-0029,123,310,13,0.125,0.0,0.125,tie,0.21442747116088867,120,1,256,256,False,0,2,True
"spec vs plain c1, mtp_s1",mt_bench-0032,181,1083,310,0.125,0.0,0.125,tie,0.24134469032287598,151,1,256,256,False,0,2,True
"spec vs plain c1, mtp_s1",mt_bench-0034,108,348,1518,0.0,0.125,0.125,tie,0.12314081192016602,77,1,256,256,False,1,2,True
"spec vs plain c1, mtp_s1",mt_bench-0035,97,279,35195,0.0,0.125,0.125,tie,0.12654471397399902,95,1,256,256,False,0,2,True
"spec vs plain c1, mtp_s1",mt_bench-0036,39,733,47246,0.0,0.125,0.125,tie,0.11814236640930176,9,1,256,256,False,0,2,True
"spec vs plain c1, mtp_s1",mt_bench-0040,21,279,27690,0.0,0.125,0.125,tie,0.13485407829284668,16,1,256,256,False,0,2,True
"spec vs plain c1, mtp_s1",mt_bench-0041,215,16,15,0.125,0.0,0.125,tie,0.22114801406860352,196,1,256,256,False,0,2,True
"spec vs plain c1, mtp_s1",mt_bench-0042,128,2081,3779,0.0,0.125,0.125,tie,0.2386794090270996,54,1,256,256,False,0,2,True
"spec vs plain c1, mtp_s1",mt_bench-0045,67,10539,8882,0.125,0.0,0.125,tie,0.21745753288269043,49,1,256,256,False,0,2,True
"spec vs plain c1, mtp_s1",mt_bench-0047,40,7620,1,0.125,0.0,0.0625,tie,0.10928893089294434,17,1,256,256,False,1,1,True
"spec vs plain c1, mtp_s1",mt_bench-0048,171,6505,1510,0.12500005960464478,0.0,0.125,tie,0.2416822910308838,41,1,256,256,False,1,2,True
"spec vs plain c1, mtp_s1",mt_bench-0049,24,466,11,0.125,0.0,0.125,tie,0.23584294319152832,20,1,256,256,False,1,2,True
"spec vs plain c1, mtp_s1",mt_bench-0050,247,3158,799,0.125,0.0,0.125,tie,0.3411252498626709,37,2,256,256,False,1,2,True
"spec vs plain c1, mtp_s1",mt_bench-0053,33,795,1103,0.0,0.125,0.125,tie,0.11791634559631348,22,1,256,256,False,1,1,True
"spec vs plain c1, mtp_s1",mt_bench-0056,112,2824,5396,0.125,0.125,0.125,one_ulp,0.12667083740234375,88,1,256,256,False,1,2,True
"spec vs plain c1, mtp_s1",mt_bench-0061,82,5529,1902,0.125,0.125,0.125,one_ulp,0.12795639038085938,35,1,256,256,False,0,2,True
"spec vs plain c1, mtp_s1",mt_bench-0063,199,279,75113,0.0,0.125,0.125,tie,0.21561312675476074,105,1,256,256,False,0,2,True
"spec vs plain c1, mtp_s1",mt_bench-0064,1,64583,8340,0.125,0.0,0.125,tie,0.0,,,256,256,False,0,1,True
"spec vs plain c1, mtp_s1",mt_bench-0066,90,323,4670,0.0,0.125,0.125,tie,0.2278738021850586,67,1,256,256,False,0,2,True
"spec vs plain c1, mtp_s1",mt_bench-0067,37,36515,2790,0.125,0.0,0.125,tie,0.12164545059204102,31,2,256,256,False,1,2,True
"spec vs plain c1, mtp_s1",mt_bench-0069,47,364,421,0.0,0.125,0.125,tie,0.17969417572021484,11,1,256,256,False,1,2,True
"spec vs plain c1, mtp_s1",mt_bench-0071,34,28604,2950,0.125,0.125,0.125,one_ulp,0.14020156860351562,10,1,256,256,False,0,2,True
"spec vs plain c1, mtp_s1",mt_bench-0072,15,5190,11587,0.0,0.125,0.125,tie,0.10685133934020996,11,1,256,256,False,1,2,True
"spec vs plain c1, mtp_s1",mt_bench-0075,56,11315,5077,0.125,0.0,0.125,tie,0.13860642910003662,53,1,256,256,False,0,2,True
"spec vs plain c1, mtp_s1",mt_bench-0076,131,32530,369,0.125,0.0,0.125,tie,0.23890113830566406,69,1,256,256,False,1,1,True
"spec vs plain c1, mtp_s1",mt_bench-0078,17,25215,5788,0.125,0.0,0.125,tie,0.1497197151184082,9,1,256,256,False,1,2,True
"spec vs plain c1, mtp_s1",mt_bench-0079,199,2222,321,0.125,0.0,0.125,tie,0.22189640998840332,7,1,256,256,False,0,2,True
"spec vs plain c1, mtp_s3",alpaca_eval-0000,6,63049,26310,0.125,0.0,0.125,tie,0.11805582046508789,1,1,256,256,False,2,2,True
"spec vs plain c1, mtp_s3",alpaca_eval-0010,246,34,36418,0.0,0.125,0.125,tie,0.22826027870178223,163,1,256,256,False,1,2,True
"spec vs plain c1, mtp_s3",alpaca_eval-0030,155,30835,15166,0.125,0.125,0.0625,near,0.21475481986999512,136,1,256,256,False,0,3,True
"spec vs plain c1, mtp_s3",alpaca_eval-0040,8,3046,1484,0.125,0.0,0.125,tie,0.11774206161499023,5,1,256,256,False,2,2,True
"spec vs plain c1, mtp_s3",alpaca_eval-0050,254,1151,7832,0.0,0.125,0.125,tie,0.1569216251373291,165,1,256,256,False,1,1,True
"spec vs plain c1, mtp_s3",alpaca_eval-0060,125,37462,20331,0.0625,0.0,0.0625,tie,0.2406609058380127,36,1,256,256,False,3,2,True
"spec vs plain c1, mtp_s3",alpaca_eval-0080,110,628,25300,0.0,0.125,0.125,tie,0.2088109254837036,81,1,256,256,False,1,1,True
"spec vs plain c1, mtp_s3",alpaca_eval-0090,88,4364,6762,0.0,0.125,0.125,tie,0.17526793479919434,31,1,256,256,False,3,1,True
"spec vs plain c1, mtp_s3",alpaca_eval-0100,51,10919,264,0.125,0.0,0.125,tie,0.13579893112182617,14,1,256,256,False,1,4,True
"spec vs plain c1, mtp_s3",alpaca_eval-0110,93,279,18995,0.0,0.125,0.0625,tie,0.2091810703277588,92,1,256,256,False,1,3,True
"spec vs plain c1, mtp_s3",alpaca_eval-0120,100,68587,1852,0.125,0.0,0.125,tie,0.2068260908126831,49,1,156,176,False,0,3,True
"spec vs plain c1, mtp_s3",alpaca_eval-0130,38,1876,39107,0.0,0.12500005960464478,0.0625,tie,0.12154412269592285,20,1,256,256,False,0,2,True
"spec vs plain c1, mtp_s3",alpaca_eval-0150,134,16629,1273,0.125,0.0,0.125,tie,0.23433589935302734,104,1,256,256,False,3,4,True
"spec vs plain c1, mtp_s3",alpaca_eval-0160,112,12983,5369,0.125,0.0,0.125,tie,0.22494816780090332,50,1,256,256,False,1,1,True
"spec vs plain c1, mtp_s3",alpaca_eval-0170,241,11,13,0.0,0.125,0.125,tie,0.17077302932739258,55,1,256,256,False,2,4,True
"spec vs plain c1, mtp_s3",alpaca_eval-0200,144,68,39551,0.0,0.125,0.125,tie,0.2183079719543457,78,1,256,256,False,0,2,True
"spec vs plain c1, mtp_s3",alpaca_eval-0210,20,321,4016,0.0,0.125,0.125,tie,0.12300968170166016,14,1,256,256,False,1,4,True
"spec vs plain c1, mtp_s3",alpaca_eval-0220,7,1402,65884,0.0,0.12500005960464478,0.0625,tie,0.12137103080749512,1,1,256,256,False,0,2,True
"spec vs plain c1, mtp_s3",alpaca_eval-0230,190,23373,12298,0.125,0.0,0.125,tie,0.23623347282409668,119,1,256,256,False,3,1,True
"spec vs plain c1, mtp_s3",alpaca_eval-0240,9,7253,46548,0.0,0.125,0.125,tie,0.12683451175689697,6,1,256,256,False,0,2,True
"spec vs plain c1, mtp_s3",alpaca_eval-0250,71,5214,48559,0.0,0.125,0.125,tie,0.19439220428466797,58,1,256,256,False,0,1,True
"spec vs plain c1, mtp_s3",alpaca_eval-0260,201,353,25790,0.0,0.0625,0.0625,tie,0.23540401458740234,29,1,256,256,False,3,4,True
"spec vs plain c1, mtp_s3",alpaca_eval-0270,11,2046,279,0.125,0.0,0.125,tie,0.09673821926116943,9,1,256,256,False,0,1,True
"spec vs plain c1, mtp_s3",alpaca_eval-0280,42,314,159029,0.0,0.125,0.125,tie,0.19300198554992676,35,1,256,256,False,1,2,True
"spec vs plain c1, mtp_s3",alpaca_eval-0290,109,958,3579,0.0,0.125,0.125,tie,0.22642803192138672,96,1,256,256,False,2,4,True
"spec vs plain c1, mtp_s3",alpaca_eval-0320,125,381,524,0.0,0.12499988079071045,0.125,tie,0.19154834747314453,44,1,256,256,False,0,4,True
"spec vs plain c1, mtp_s3",alpaca_eval-0330,10,13759,2534,0.125,0.0,0.125,tie,0.12765049934387207,8,1,256,256,False,2,2,True
"spec vs plain c1, mtp_s3",alpaca_eval-0340,59,1622,3296,0.125,0.125,0.125,one_ulp,0.20712900161743164,30,1,188,212,False,0,2,True
"spec vs plain c1, mtp_s3",alpaca_eval-0360,32,2614,1017,0.125,0.0,0.125,tie,0.22708511352539062,27,1,256,256,False,1,4,True
"spec vs plain c1, mtp_s3",alpaca_eval-0390,3,10,220,0.0,0.0625,0.0625,tie,0.10220789909362793,1,1,256,256,False,2,1,True
"spec vs plain c1, mtp_s3",alpaca_eval-0400,7,1510,2972,0.0,0.125,0.125,tie,0.11810851097106934,6,1,256,256,False,1,3,True
"spec vs plain c1, mtp_s3",alpaca_eval-0410,74,357,20656,0.0,0.125,0.125,tie,0.14806461334228516,42,1,256,256,False,2,3,True
"spec vs plain c1, mtp_s3",alpaca_eval-0420,21,34404,29667,0.125,0.0,0.125,tie,0.24529170989990234,19,1,202,220,False,0,2,True
"spec vs plain c1, mtp_s3",alpaca_eval-0430,103,279,264,0.125,0.0,0.125,tie,0.4154059886932373,47,1,256,256,False,1,1,True
"spec vs plain c1, mtp_s3",alpaca_eval-0440,90,11000,11429,0.0,0.125,0.125,tie,0.14294147491455078,80,1,256,256,False,2,4,True
"spec vs plain c1, mtp_s3",alpaca_eval-0450,114,7499,8070,0.0,0.125,0.125,tie,0.18876886367797852,35,1,256,256,False,0,4,True
"spec vs plain c1, mtp_s3",alpaca_eval-0460,21,318,466,0.0,0.125,0.125,tie,0.13328981399536133,20,1,256,256,False,3,2,True
"spec vs plain c1, mtp_s3",alpaca_eval-0480,107,1879,7497,0.0,0.125,0.125,tie,0.20738959312438965,68,1,256,256,False,1,2,True
"spec vs plain c1, mtp_s3",alpaca_eval-0490,103,5129,1496,0.125,0.0,0.125,tie,0.18056344985961914,51,1,256,256,False,0,3,True
"spec vs plain c1, mtp_s3",alpaca_eval-0500,85,2493,3070,0.0,0.125,0.125,tie,0.19697284698486328,31,1,256,256,False,1,3,True
"spec vs plain c1, mtp_s3",alpaca_eval-0510,17,10813,12103,0.0,0.125,0.125,tie,0.22251033782958984,12,1,167,217,False,1,1,True
"spec vs plain c1, mtp_s3",alpaca_eval-0520,125,760,88433,0.0,0.0625,0.0625,tie,0.23639774322509766,48,1,256,256,False,3,4,True
"spec vs plain c1, mtp_s3",alpaca_eval-0530,56,21568,2018,0.125,0.0,0.125,tie,0.12109065055847168,53,1,256,256,False,2,4,True
"spec vs plain c1, mtp_s3",alpaca_eval-0550,70,318,1083,0.0,0.125,0.125,tie,0.12320113182067871,15,2,256,256,False,2,1,True
"spec vs plain c1, mtp_s3",alpaca_eval-0570,1,3766,4400,0.0,0.125,0.125,tie,0.0,,,256,256,False,0,1,True
"spec vs plain c1, mtp_s3",alpaca_eval-0580,96,321,10340,0.0,0.125,0.125,tie,0.20796692371368408,46,1,256,256,False,0,3,True
"spec vs plain c1, mtp_s3",alpaca_eval-0590,235,21426,37568,0.0,0.125,0.125,tie,0.23947858810424805,133,1,256,256,False,0,3,True
"spec vs plain c1, mtp_s3",cnn_dailymail-0000,85,264,449,0.0,0.125,0.125,tie,0.2297375202178955,17,1,112,113,False,0,2,True
"spec vs plain c1, mtp_s3",cnn_dailymail-0001,34,11,13,0.0,0.125,0.125,tie,0.11967873573303223,16,1,125,105,False,1,4,True
"spec vs plain c1, mtp_s3",cnn_dailymail-0002,150,2599,30284,0.0,0.125,0.125,tie,0.2394108772277832,93,1,256,256,False,2,4,True
"spec vs plain c1, mtp_s3",cnn_dailymail-0003,48,3322,864,0.125,0.0,0.125,tie,0.22278594970703125,25,1,112,109,False,3,4,True
"spec vs plain c1, mtp_s3",cnn_dailymail-0004,20,1083,321,0.125,0.0,0.125,tie,0.13689875602722168,16,1,97,106,False,1,1,True
"spec vs plain c1, mtp_s3",cnn_dailymail-0005,129,12769,1669,0.125,0.0,0.125,tie,0.16077256202697754,51,1,256,256,False,0,3,True
"spec vs plain c1, mtp_s3",cnn_dailymail-0006,82,13211,65844,0.0,0.125,0.125,tie,0.21438980102539062,52,1,115,114,False,0,3,True
"spec vs plain c1, mtp_s3",cnn_dailymail-0009,39,5879,31511,0.0,0.125,0.125,tie,0.2230534553527832,15,1,80,84,False,1,2,True
"spec vs plain c1, mtp_s3",cnn_dailymail-0011,225,321,11,0.125,0.0,0.125,tie,0.15102028846740723,207,1,256,256,False,0,2,True
"spec vs plain c1, mtp_s3",cnn_dailymail-0013,86,12387,328,0.125,0.0,0.125,tie,0.24237418174743652,81,1,121,119,False,0,1,True
"spec vs plain c1, mtp_s3",cnn_dailymail-0016,86,303,13,0.125,0.0,0.125,tie,0.1605381965637207,49,1,126,119,False,0,4,True
"spec vs plain c1, mtp_s3",cnn_dailymail-0019,35,9953,13789,0.0,0.125,0.0625,tie,0.14931750297546387,30,1,102,104,False,2,4,True
"spec vs plain c1, mtp_s3",cnn_dailymail-0021,46,2582,8953,0.0,0.24999994039535522,0.0625,tie,0.20539093017578125,21,1,118,156,False,0,2,True
"spec vs plain c1, mtp_s3",cnn_dailymail-0022,81,4171,44164,0.0,0.125,0.125,tie,0.24225902557373047,71,1,116,111,False,1,1,True
"spec vs plain c1, mtp_s3",cnn_dailymail-0023,161,310,11,0.125,0.0,0.125,tie,0.2336411476135254,103,1,256,256,False,1,4,True
"spec vs plain c1, mtp_s3",cnn_dailymail-0024,55,66345,42849,0.125,0.0,0.125,tie,0.2209937572479248,35,1,107,113,False,0,1,True
"spec vs plain c1, mtp_s3",cnn_dailymail-0025,86,18966,7309,0.125,0.0,0.125,tie,0.21061062812805176,11,1,116,109,False,1,1,True
"spec vs plain c1, mtp_s3",cnn_dailymail-0026,83,4016,321,0.125,0.0,0.125,tie,0.21368622779846191,72,1,256,256,False,1,4,True
"spec vs plain c1, mtp_s3",cnn_dailymail-0027,20,381,3512,0.0,0.125,0.125,tie,0.12253665924072266,15,1,96,110,False,1,2,True
"spec vs plain c1, mtp_s3",cnn_dailymail-0028,54,43001,328,0.125,0.0,0.125,tie,0.1500377655029297,52,1,114,111,False,2,4,True
"spec vs plain c1, mtp_s3",cnn_dailymail-0029,152,8897,279,0.125,0.0,0.125,tie,0.12259173393249512,108,1,256,256,False,1,4,True
"spec vs plain c1, mtp_s3",cnn_dailymail-0031,32,5381,2756,0.125,0.0,0.125,tie,0.17641592025756836,29,1,132,126,False,0,2,True
"spec vs plain c1, mtp_s3",cnn_dailymail-0033,62,279,2107,0.0,0.125,0.125,tie,0.35325098037719727,24,1,95,96,False,0,2,True
"spec vs plain c1, mtp_s3",cnn_dailymail-0035,214,318,13,0.125,0.0,0.125,tie,0.2445695400238037,113,1,256,256,False,1,4,True
"spec vs plain c1, mtp_s3",cnn_dailymail-0036,8,11,15784,0.0,0.125,0.125,tie,0.13977670669555664,5,1,108,115,False,0,2,True
"spec vs plain c1, mtp_s3",cnn_dailymail-0037,4,303,424,0.0,0.125,0.125,tie,0.1260848045349121,3,1,137,114,False,0,3,True
"spec vs plain c1, mtp_s3",cnn_dailymail-0039,53,310,303,0.125,0.0,0.125,tie,0.212729811668396,47,1,166,151,False,2,4,True
"spec vs plain c1, mtp_s3",gsm8k-0000,148,2420,5898,0.0,0.125,0.125,tie,0.12069392204284668,58,1,256,256,False,2,4,True
"spec vs plain c1, mtp_s3",gsm8k-0003,164,332,19434,0.125,0.125,0.125,one_ulp,0.12105250358581543,30,1,170,170,False,2,4,True
"spec vs plain c1, mtp_s3",gsm8k-0005,242,424,328,0.125,0.0,0.125,tie,0.21016573905944824,137,1,256,256,False,2,1,True
"spec vs plain c1, mtp_s3",gsm8k-0006,194,188144,15875,0.125,0.0,0.125,tie,0.15555912256240845,13,1,256,256,False,2,1,True
"spec vs plain c1, mtp_s3",gsm8k-0007,144,1,279,0.0,0.125,0.125,tie,0.20547068119049072,45,1,256,256,False,3,4,True
"spec vs plain c1, mtp_s3",gsm8k-0008,68,3491,13362,0.0,0.125,0.125,tie,0.12285900115966797,40,1,256,256,False,0,1,True
"spec vs plain c1, mtp_s3",gsm8k-0009,218,279,458,0.0,0.125,0.125,tie,0.14802885055541992,55,1,256,256,False,2,4,True
"spec vs plain c1, mtp_s3",gsm8k-0011,61,506,13,0.125,0.0,0.125,tie,0.1285076141357422,47,1,256,256,False,0,4,True
"spec vs plain c1, mtp_s3",gsm8k-0012,32,12585,11044,0.125,0.0,0.125,tie,0.1149907112121582,30,1,256,256,False,2,2,True
"spec vs plain c1, mtp_s3",gsm8k-0013,45,430,13,0.125,0.0,0.125,tie,0.15438222885131836,43,1,256,256,False,1,1,True
"spec vs plain c1, mtp_s3",gsm8k-0019,214,220,2972,0.125,0.125,0.125,one_ulp,0.23229122161865234,79,1,256,256,False,0,2,True
"spec vs plain c1, mtp_s3",gsm8k-0020,44,8529,2144,0.125,0.0,0.125,tie,0.12260270118713379,2,1,256,256,False,0,3,True
"spec vs plain c1, mtp_s3",gsm8k-0025,19,279,3750,0.0,0.125,0.125,tie,0.12260770797729492,15,1,256,256,False,0,2,True
"spec vs plain c1, mtp_s3",gsm8k-0026,134,3925,17355,0.0,0.125,0.125,tie,0.1236720085144043,26,1,256,256,False,1,4,True
"spec vs plain c1, mtp_s3",gsm8k-0028,166,31192,567,0.125,0.0,0.125,tie,0.24265623092651367,110,1,248,249,False,0,4,True
"spec vs plain c1, mtp_s3",gsm8k-0032,79,7157,791,0.125,0.0,0.125,tie,0.2447812557220459,52,1,256,256,False,1,3,True
"spec vs plain c1, mtp_s3",gsm8k-0035,139,318,303,0.125,0.0,0.125,tie,0.2041454315185547,56,1,256,256,False,0,1,True
"spec vs plain c1, mtp_s3",gsm8k-0036,26,159029,364,0.125,0.0,0.125,tie,0.12115097045898438,19,1,245,242,False,1,4,True
"spec vs plain c1, mtp_s3",gsm8k-0037,137,364,506,0.0,0.12499994039535522,0.125,tie,0.12901461124420166,29,1,256,256,False,0,4,True
"spec vs plain c1, mtp_s3",gsm8k-0039,201,271,198,0.125,0.0,0.125,tie,0.2394542694091797,166,1,256,256,False,0,4,True
"spec vs plain c1, mtp_s3",gsm8k-0042,94,1238,506,0.125,0.0,0.125,tie,0.12242841720581055,62,1,201,199,False,3,4,True
"spec vs plain c1, mtp_s3",gsm8k-0043,142,8037,37863,0.0,0.125,0.125,tie,0.2101038694381714,22,1,256,256,False,1,4,True
"spec vs plain c1, mtp_s3",gsm8k-0044,64,3520,283,0.125,0.0,0.125,tie,0.1213064193725586,35,1,256,256,False,3,4,True
"spec vs plain c1, mtp_s3",gsm8k-0045,157,19185,1088,0.125,0.0,0.125,tie,0.2429647445678711,25,1,256,256,False,3,4,True
"spec vs plain c1, mtp_s3",gsm8k-0046,123,760,1206,0.0,0.125,0.125,tie,0.12260150909423828,33,1,256,256,False,3,2,True
"spec vs plain c1, mtp_s3",gsm8k-0049,16,13,303,0.0,0.25,0.25,tie,0.2366197109222412,10,1,256,256,False,3,4,True
"spec vs plain c1, mtp_s3",gsm8k-0053,74,393,56014,0.0,0.25,0.25,tie,0.20760416984558105,43,1,256,256,False,1,3,True
"spec vs plain c1, mtp_s3",gsm8k-0060,19,4952,321,0.125,0.0,0.125,tie,0.1224830150604248,9,1,256,256,False,0,4,True
"spec vs plain c1, mtp_s3",gsm8k-0061,100,10737,14418,0.0,0.125,0.125,tie,0.22062921524047852,88,1,256,256,False,3,4,True
"spec vs plain c1, mtp_s3",gsm8k-0065,190,17239,5122,0.125,0.0,0.125,tie,0.2382216453552246,62,1,256,256,False,1,4,True
"spec vs plain c1, mtp_s3",gsm8k-0066,226,19,32897,0.0,0.25,0.25,tie,0.21669721603393555,15,1,256,256,False,0,4,True
"spec vs plain c1, mtp_s3",gsm8k-0068,31,4007,279,0.125,0.0,0.125,tie,0.11445021629333496,25,1,256,256,False,0,2,True
"spec vs plain c1, mtp_s3",gsm8k-0073,129,3714,2702,0.125,0.0,0.125,tie,0.21781086921691895,127,1,256,256,False,1,3,True
"spec vs plain c1, mtp_s3",gsm8k-0074,9,11488,6093,0.125,0.0,0.125,tie,0.0957632064819336,2,1,256,256,False,0,4,True
"spec vs plain c1, mtp_s3",gsm8k-0076,40,760,32,0.12500005960464478,0.0,0.125,tie,0.23472142219543457,36,1,256,256,False,3,4,True
"spec vs plain c1, mtp_s3",gsm8k-0078,,,,,,,,0.6166682243347168,156,1,256,256,False,,,
"spec vs plain c1, mtp_s3",gsm8k-0079,85,1590,553,0.125,0.0,0.125,tie,0.21295976638793945,31,1,170,170,False,1,4,True
"spec vs plain c1, mtp_s3",humaneval-0000,127,364,413,0.0,0.125,0.125,tie,0.000539837870746851,7,1,173,183,False,0,4,True
"spec vs plain c1, mtp_s3",humaneval-0014,65,15305,33120,0.0,0.125,0.125,tie,0.18864774703979492,60,1,256,256,False,0,1,True
"spec vs plain c1, mtp_s3",humaneval-0020,89,1906,10300,0.0,0.125,0.125,tie,0.23233580589294434,35,1,256,256,False,3,4,True
"spec vs plain c1, mtp_s3",humaneval-0021,200,87,2334,0.0,0.125,0.125,tie,0.22288799285888672,184,1,221,221,False,0,3,True
"spec vs plain c1, mtp_s3",humaneval-0032,138,561,1049,0.0,0.12500005960464478,0.125,tie,0.16632485389709473,126,1,256,256,False,0,4,True
"spec vs plain c1, mtp_s3",humaneval-0038,26,579,728,0.0,0.125,0.125,tie,0.12006878852844238,14,1,256,256,False,0,4,True
"spec vs plain c1, mtp_s3",humaneval-0053,18,709,5089,0.0,0.125,0.125,tie,0.1110990047454834,14,1,193,172,False,0,3,True
"spec vs plain c1, mtp_s3",mt_bench-0000,3,11,303,0.0,0.0625,0.0625,tie,0.052260518074035645,1,1,256,256,False,1,1,True
"spec vs plain c1, mtp_s3",mt_bench-0001,127,10386,1040,0.125,0.0,0.125,tie,0.2306201457977295,113,1,153,153,False,2,2,True
"spec vs plain c1, mtp_s3",mt_bench-0003,30,6379,4929,0.125,0.0,0.125,tie,0.13156461715698242,25,1,256,256,False,1,3,True
"spec vs plain c1, mtp_s3",mt_bench-0004,65,542,15919,0.0,0.125,0.125,tie,0.15108156204223633,44,1,231,224,False,0,1,True
"spec vs plain c1, mtp_s3",mt_bench-0005,97,33367,37728,0.0,0.0625,0.0625,tie,0.1862034797668457,95,1,256,256,False,2,4,True
"spec vs plain c1, mtp_s3",mt_bench-0006,182,3979,35091,0.0,0.0625,0.0625,tie,0.193359375,127,1,256,256,False,1,2,True
"spec vs plain c1, mtp_s3",mt_bench-0007,13,3413,15920,0.0,0.0625,0.0625,tie,0.15609753131866455,8,1,204,174,False,1,3,True
"spec vs plain c1, mtp_s3",mt_bench-0008,213,4950,381,0.125,0.0,0.125,tie,0.23925542831420898,80,1,256,256,False,2,4,True
"spec vs plain c1, mtp_s3",mt_bench-0009,86,321,11,0.125,0.0,0.125,tie,0.1226036548614502,46,1,256,256,False,0,4,True
"spec vs plain c1, mtp_s3",mt_bench-0010,33,1459,1132,0.125,0.0,0.125,tie,0.2140495777130127,29,1,254,256,False,1,4,True
"spec vs plain c1, mtp_s3",mt_bench-0011,151,82868,3428,0.0625,0.0,0.0625,tie,0.24557995796203613,129,1,256,256,False,0,1,True
"spec vs plain c1, mtp_s3",mt_bench-0012,28,7139,33404,0.125,0.125,0.125,one_ulp,0.16869497299194336,10,1,256,256,False,3,2,True
"spec vs plain c1, mtp_s3",mt_bench-0014,171,258,286,0.0,0.125,0.125,tie,0.21730685234069824,22,1,256,256,False,0,2,True
"spec vs plain c1, mtp_s3",mt_bench-0015,43,4087,2534,0.125,0.0,0.125,tie,0.17098164558410645,9,1,256,256,False,1,3,True
"spec vs plain c1, mtp_s3",mt_bench-0017,69,5304,44145,0.0,0.125,0.125,tie,0.12294673919677734,28,1,256,256,False,0,2,True
"spec vs plain c1, mtp_s3",mt_bench-0018,73,1442,2166,0.0,0.125,0.125,tie,0.19611644744873047,51,1,132,141,False,1,3,True
"spec vs plain c1, mtp_s3",mt_bench-0019,189,47733,28599,0.125,0.0,0.125,tie,0.2442324161529541,149,1,256,256,False,0,2,True
"spec vs plain c1, mtp_s3",mt_bench-0022,18,2592,760,0.12499994039535522,0.0,0.125,tie,0.12189173698425293,12,1,256,106,False,1,4,True
"spec vs plain c1, mtp_s3",mt_bench-0023,136,1368,1987,0.0,0.125,0.125,tie,0.1488199234008789,23,1,256,256,False,0,4,True
"spec vs plain c1, mtp_s3",mt_bench-0024,151,17,23,0.125,0.125,0.125,one_ulp,0.24170851707458496,110,1,256,256,False,2,4,True
"spec vs plain c1, mtp_s3",mt_bench-0025,187,1149,1,0.125,0.0,0.125,tie,0.17428374290466309,177,1,256,256,False,0,4,True
"spec vs plain c1, mtp_s3",mt_bench-0026,74,13,198,0.0,0.125,0.125,tie,0.23811817169189453,13,1,256,256,False,1,1,True
"spec vs plain c1, mtp_s3",mt_bench-0028,93,22426,2972,0.125,0.0,0.125,tie,0.137742280960083,22,1,256,256,False,3,4,True
"spec vs plain c1, mtp_s3",mt_bench-0029,124,264,279,0.0,0.125,0.125,tie,0.19688653945922852,112,1,256,256,False,0,2,True
"spec vs plain c1, mtp_s3",mt_bench-0032,181,1083,310,0.125,0.0,0.125,tie,0.24134469032287598,151,1,256,256,False,0,2,True
"spec vs plain c1, mtp_s3",mt_bench-0034,108,348,1518,0.0,0.125,0.125,tie,0.12314081192016602,77,1,256,256,False,1,4,True
"spec vs plain c1, mtp_s3",mt_bench-0035,97,279,35195,0.0,0.125,0.125,tie,0.12654471397399902,95,1,256,256,False,2,2,True
"spec vs plain c1, mtp_s3",mt_bench-0036,39,733,47246,0.0,0.125,0.125,tie,0.11814236640930176,9,1,256,256,False,1,3,True
"spec vs plain c1, mtp_s3",mt_bench-0039,143,279,26782,0.0,0.125,0.125,tie,0.24542951583862305,65,1,256,256,False,0,2,True
"spec vs plain c1, mtp_s3",mt_bench-0040,21,279,27690,0.0,0.125,0.125,tie,0.13485407829284668,16,1,256,256,False,0,2,True
"spec vs plain c1, mtp_s3",mt_bench-0041,215,16,15,0.125,0.0,0.125,tie,0.24570369720458984,187,1,256,256,False,1,3,True
"spec vs plain c1, mtp_s3",mt_bench-0042,128,2081,3779,0.0,0.125,0.125,tie,0.2386794090270996,54,1,256,256,False,2,1,True
"spec vs plain c1, mtp_s3",mt_bench-0044,127,3050,328,0.125,0.0,0.125,tie,0.20430231094360352,31,1,256,256,False,0,3,True
"spec vs plain c1, mtp_s3",mt_bench-0045,67,10539,8882,0.125,0.0,0.125,tie,0.2373058795928955,24,1,256,256,False,2,4,True
"spec vs plain c1, mtp_s3",mt_bench-0047,40,7620,1,0.125,0.0,0.0625,tie,0.10928893089294434,17,1,256,256,False,1,1,True
"spec vs plain c1, mtp_s3",mt_bench-0048,94,332,1654,0.0,0.125,0.125,tie,0.19006752967834473,86,1,256,256,False,1,4,True
"spec vs plain c1, mtp_s3",mt_bench-0049,24,466,11,0.125,0.0,0.125,tie,0.23584294319152832,20,1,256,256,False,1,2,True
"spec vs plain c1, mtp_s3",mt_bench-0050,247,3158,799,0.125,0.0,0.125,tie,0.28645384311676025,20,2,256,256,False,1,4,True
"spec vs plain c1, mtp_s3",mt_bench-0053,33,795,1103,0.0,0.125,0.125,tie,0.234910249710083,22,1,256,256,False,1,1,True
"spec vs plain c1, mtp_s3",mt_bench-0060,78,318,506,0.0,0.125,0.125,tie,0.1604766845703125,75,1,256,256,False,1,1,True
"spec vs plain c1, mtp_s3",mt_bench-0061,82,5529,1902,0.125,0.125,0.125,one_ulp,0.24373221397399902,32,1,256,256,False,3,4,True
"spec vs plain c1, mtp_s3",mt_bench-0062,154,318,13,0.125,0.0,0.125,tie,0.12446355819702148,90,1,256,256,False,0,4,True
"spec vs plain c1, mtp_s3",mt_bench-0063,199,279,75113,0.0,0.125,0.125,tie,0.21561312675476074,105,1,256,256,False,2,1,True
"spec vs plain c1, mtp_s3",mt_bench-0064,1,64583,8340,0.125,0.0,0.125,tie,0.0,,,256,256,False,0,1,True
"spec vs plain c1, mtp_s3",mt_bench-0066,90,323,4670,0.0,0.125,0.125,tie,0.2278738021850586,67,1,256,256,False,2,3,True
"spec vs plain c1, mtp_s3",mt_bench-0067,37,36515,2790,0.125,0.0,0.125,tie,0.23087787628173828,29,2,256,256,False,1,4,True
"spec vs plain c1, mtp_s3",mt_bench-0068,153,283,478,0.0,0.125,0.125,tie,0.18312299251556396,115,1,256,256,False,1,4,True
"spec vs plain c1, mtp_s3",mt_bench-0069,47,364,421,0.0,0.125,0.125,tie,0.17969417572021484,11,1,256,256,False,0,4,True
"spec vs plain c1, mtp_s3",mt_bench-0071,34,28604,2950,0.125,0.125,0.125,one_ulp,0.14020156860351562,10,1,256,256,False,0,4,True
"spec vs plain c1, mtp_s3",mt_bench-0072,15,5190,11587,0.0,0.125,0.125,tie,0.10685133934020996,11,1,256,256,False,3,4,True
"spec vs plain c1, mtp_s3",mt_bench-0075,111,393,3539,0.0,0.125,0.125,tie,0.2451632022857666,84,1,256,256,False,0,3,True
"spec vs plain c1, mtp_s3",mt_bench-0076,131,32530,369,0.125,0.0,0.125,tie,0.23890113830566406,69,1,256,256,False,1,1,True
"spec vs plain c1, mtp_s3",mt_bench-0078,17,25215,5788,0.125,0.0,0.125,tie,0.1497197151184082,9,1,256,256,False,1,4,True
"spec vs plain c1, mtp_s3",mt_bench-0079,212,3115,9492,0.0,0.0625,0.0625,tie,0.22189640998840332,7,1,256,256,False,0,1,True
"spec vs plain c1, mtp_s5",alpaca_eval-0000,146,8252,7745,0.0625,0.0,0.0625,tie,0.24398446083068848,8,1,256,256,False,2,3,True
"spec vs plain c1, mtp_s5",alpaca_eval-0010,29,44280,975,0.125,0.0,0.125,tie,0.12041592597961426,14,1,256,256,False,0,1,True
"spec vs plain c1, mtp_s5",alpaca_eval-0030,155,30835,15166,0.125,0.0,0.0625,tie,0.3538186550140381,108,1,256,256,False,1,6,True
"spec vs plain c1, mtp_s5",alpaca_eval-0040,8,3046,1484,0.125,0.0,0.125,tie,0.12182235717773438,3,1,256,256,False,2,2,True
"spec vs plain c1, mtp_s5",alpaca_eval-0050,182,31874,198,0.125,0.0,0.125,tie,0.23753070831298828,112,1,256,256,False,1,3,True
"spec vs plain c1, mtp_s5",alpaca_eval-0060,125,37462,20331,0.0625,0.0,0.0625,tie,0.23609185218811035,36,1,256,256,False,3,2,True
"spec vs plain c1, mtp_s5",alpaca_eval-0080,76,15214,50209,0.0,0.125,0.125,tie,0.14961814880371094,40,1,256,256,False,3,3,True
"spec vs plain c1, mtp_s5",alpaca_eval-0090,88,4364,6762,0.0,0.125,0.125,tie,0.15458178520202637,14,1,256,256,False,3,1,True
"spec vs plain c1, mtp_s5",alpaca_eval-0100,51,10919,264,0.125,0.0,0.125,tie,0.12187051773071289,37,1,256,256,False,5,6,True
"spec vs plain c1, mtp_s5",alpaca_eval-0110,153,5138,5365,0.0,0.125,0.125,tie,0.18380236625671387,107,1,256,256,False,3,2,True
"spec vs plain c1, mtp_s5",alpaca_eval-0120,100,68587,1852,0.125,0.0,0.125,tie,0.2119121551513672,66,1,156,171,False,0,3,True
"spec vs plain c1, mtp_s5",alpaca_eval-0130,168,40,37432,0.0,0.125,0.125,tie,0.22105956077575684,133,1,256,256,False,4,1,True
"spec vs plain c1, mtp_s5",alpaca_eval-0170,222,198,8336,0.0,0.125,0.125,tie,0.2400834560394287,17,1,256,256,False,1,6,True
"spec vs plain c1, mtp_s5",alpaca_eval-0180,39,26932,24065,0.125,0.0,0.125,tie,0.20182013511657715,32,1,256,256,False,2,6,True
"spec vs plain c1, mtp_s5",alpaca_eval-0200,144,68,39551,0.0,0.125,0.125,tie,0.21866893768310547,78,1,256,256,False,0,1,True
"spec vs plain c1, mtp_s5",alpaca_eval-0210,20,321,4016,0.0,0.125,0.125,tie,0.12101912498474121,14,1,256,256,False,0,5,True
"spec vs plain c1, mtp_s5",alpaca_eval-0220,7,1402,65884,0.0,0.12499994039535522,0.125,tie,0.12562203407287598,1,1,256,256,False,0,2,True
"spec vs plain c1, mtp_s5",alpaca_eval-0230,190,23373,12298,0.125,0.0,0.125,tie,0.1761157512664795,164,1,256,256,False,3,3,True
"spec vs plain c1, mtp_s5",alpaca_eval-0250,71,5214,48559,0.0,0.125,0.125,tie,0.19368982315063477,8,1,256,256,False,0,1,True
"spec vs plain c1, mtp_s5",alpaca_eval-0260,78,198,271,0.0,0.125,0.125,tie,0.23822665214538574,29,1,256,256,False,2,3,True
"spec vs plain c1, mtp_s5",alpaca_eval-0270,11,2046,279,0.125,0.0,0.125,tie,0.20879650115966797,5,1,256,256,False,0,1,True
"spec vs plain c1, mtp_s5",alpaca_eval-0280,90,328,6286,0.0,0.125,0.125,tie,0.2061753273010254,65,1,256,256,False,3,3,True
"spec vs plain c1, mtp_s5",alpaca_eval-0290,234,4044,13170,0.0,0.0625,0.0625,tie,0.23433685302734375,145,1,256,256,False,0,6,True
"spec vs plain c1, mtp_s5",alpaca_eval-0300,5,16866,638,0.125,0.0,0.125,tie,5.10007084812969e-05,4,1,256,256,False,4,1,True
"spec vs plain c1, mtp_s5",alpaca_eval-0320,31,25,5469,0.0,0.125,0.125,tie,0.21231603622436523,26,1,256,256,False,3,6,True
"spec vs plain c1, mtp_s5",alpaca_eval-0330,57,256,15015,0.0,0.125,0.125,tie,0.18378543853759766,21,2,256,256,False,5,1,True
"spec vs plain c1, mtp_s5",alpaca_eval-0340,111,4650,68,0.125,0.0,0.125,tie,0.23862409591674805,98,1,188,201,False,0,1,True
"spec vs plain c1, mtp_s5",alpaca_eval-0350,130,25066,10829,0.125,0.0,0.125,tie,0.24114489555358887,117,1,256,256,False,5,2,True
"spec vs plain c1, mtp_s5",alpaca_eval-0360,113,17,18,0.0,0.125,0.125,tie,0.20052766799926758,75,1,256,256,False,1,2,True
"spec vs plain c1, mtp_s5",alpaca_eval-0390,3,10,220,0.0,0.0625,0.0625,tie,6.246566772460938e-05,1,1,256,256,False,2,1,True
"spec vs plain c1, mtp_s5",alpaca_eval-0400,71,220,6519,0.0,0.125,0.125,tie,0.24468731880187988,34,1,256,256,False,2,5,True
"spec vs plain c1, mtp_s5",alpaca_eval-0410,74,357,20656,0.0,0.125,0.125,tie,0.13714194297790527,72,1,256,256,False,1,2,True
"spec vs plain c1, mtp_s5",alpaca_eval-0420,33,3611,5629,0.0,0.125,0.125,tie,0.18798446655273438,9,1,202,221,False,2,4,True
"spec vs plain c1, mtp_s5",alpaca_eval-0440,80,15771,35,0.125,0.0,0.125,tie,0.12199568748474121,71,1,256,256,False,4,6,True
"spec vs plain c1, mtp_s5",alpaca_eval-0450,231,3376,321,0.12500005960464478,0.0,0.125,tie,0.23151564598083496,217,1,256,256,False,0,2,True
"spec vs plain c1, mtp_s5",alpaca_eval-0460,21,318,466,0.0,0.125,0.125,tie,0.1698315143585205,10,1,256,256,False,3,2,True
"spec vs plain c1, mtp_s5",alpaca_eval-0470,238,7873,31341,0.125,0.125,0.125,one_ulp,0.23213434219360352,119,1,256,256,False,5,2,True
"spec vs plain c1, mtp_s5",alpaca_eval-0480,173,16366,64700,0.0,0.125,0.125,tie,0.16438651084899902,13,1,256,256,False,0,3,True
"spec vs plain c1, mtp_s5",alpaca_eval-0490,103,5129,1496,0.125,0.0,0.125,tie,0.2304553985595703,41,1,256,256,False,0,2,True
"spec vs plain c1, mtp_s5",alpaca_eval-0500,36,56679,21397,0.125,0.0,0.125,tie,0.19558846950531006,31,1,256,256,False,5,2,True
"spec vs plain c1, mtp_s5",alpaca_eval-0510,115,33,47,0.0,0.125,0.0625,tie,0.17624354362487793,106,1,167,161,False,2,6,True
"spec vs plain c1, mtp_s5",alpaca_eval-0520,125,760,88433,0.0,0.0625,0.0625,tie,0.20111513137817383,84,1,256,256,False,1,6,True
"spec vs plain c1, mtp_s5",alpaca_eval-0530,161,2647,854,0.125,0.0,0.125,tie,0.1547999382019043,53,1,256,256,False,0,4,True
"spec vs plain c1, mtp_s5",alpaca_eval-0550,62,70791,10533,0.125,0.0,0.125,tie,0.15734410285949707,46,1,256,256,False,2,2,True
"spec vs plain c1, mtp_s5",alpaca_eval-0570,1,3766,4400,0.0,0.125,0.125,tie,0.0,,,256,256,False,0,1,True
"spec vs plain c1, mtp_s5",alpaca_eval-0580,43,1345,321,0.125,0.0,0.125,tie,0.12702727317810059,41,1,256,256,False,0,1,True
"spec vs plain c1, mtp_s5",cnn_dailymail-0001,113,53113,14612,0.125,0.0,0.125,tie,0.2309110164642334,60,1,125,123,False,1,3,True
"spec vs plain c1, mtp_s5",cnn_dailymail-0002,150,2599,30284,0.0,0.125,0.125,tie,0.20441663265228271,92,1,256,256,False,4,6,True
"spec vs plain c1, mtp_s5",cnn_dailymail-0003,7,852,11,0.125,0.0,0.125,tie,0.12241101264953613,3,1,112,87,False,2,1,True
"spec vs plain c1, mtp_s5",cnn_dailymail-0004,47,11,314,0.0,0.125,0.125,tie,0.1907484531402588,46,1,97,92,False,0,4,True
"spec vs plain c1, mtp_s5",cnn_dailymail-0006,82,13211,65844,0.0,0.125,0.125,tie,0.14351022243499756,10,1,115,114,False,0,3,True
"spec vs plain c1, mtp_s5",cnn_dailymail-0009,68,68059,4649,0.125,0.0,0.125,tie,0.12299847602844238,57,1,80,82,False,1,2,True
"spec vs plain c1, mtp_s5",cnn_dailymail-0013,86,12387,328,0.125,0.0,0.125,tie,0.23766160011291504,35,1,121,124,False,0,1,True
"spec vs plain c1, mtp_s5",cnn_dailymail-0016,86,303,13,0.125,0.0,0.125,tie,0.20178723335266113,22,1,126,119,False,2,5,True
"spec vs plain c1, mtp_s5",cnn_dailymail-0017,68,1027,279,0.125,0.0,0.125,tie,0.21247029304504395,60,1,256,256,False,1,2,True
"spec vs plain c1, mtp_s5",cnn_dailymail-0018,53,1647,5313,0.0,0.125,0.125,tie,0.2185041904449463,51,1,111,111,False,0,1,True
"spec vs plain c1, mtp_s5",cnn_dailymail-0019,35,9953,13789,0.0,0.125,0.0625,tie,0.15520215034484863,34,1,102,104,False,2,4,True
"spec vs plain c1, mtp_s5",cnn_dailymail-0021,43,4788,1010,0.125,0.0,0.125,tie,0.14752721786499023,29,1,118,131,False,0,1,True
"spec vs plain c1, mtp_s5",cnn_dailymail-0028,54,43001,328,0.125,0.0,0.125,tie,0.2429811954498291,23,1,114,115,False,1,5,True
"spec vs plain c1, mtp_s5",cnn_dailymail-0029,152,8897,279,0.125,0.0,0.125,tie,0.16171693801879883,97,1,256,256,False,1,4,True
"spec vs plain c1, mtp_s5",cnn_dailymail-0031,32,5381,2756,0.125,0.0,0.125,tie,0.12860608100891113,29,1,132,130,False,0,2,True
"spec vs plain c1, mtp_s5",cnn_dailymail-0035,214,318,13,0.125,0.0,0.125,tie,0.2211606502532959,186,1,256,256,False,1,3,True
"spec vs plain c1, mtp_s5",cnn_dailymail-0037,53,20684,264,0.125,0.0,0.125,tie,0.19369161128997803,42,1,137,124,False,0,2,True
"spec vs plain c1, mtp_s5",cnn_dailymail-0038,136,553,11664,0.0,0.12499994039535522,0.125,tie,0.12223243713378906,85,1,256,256,False,1,2,True
"spec vs plain c1, mtp_s5",cnn_dailymail-0039,53,310,303,0.125,0.0,0.125,tie,0.12083649635314941,45,1,166,151,False,2,4,True
"spec vs plain c1, mtp_s5",gsm8k-0004,39,2250,220,0.125,0.0,0.125,tie,0.12221860885620117,38,1,256,256,False,0,6,True
"spec vs plain c1, mtp_s5",gsm8k-0005,229,8720,3240,0.125,0.0,0.125,tie,0.16048288345336914,85,1,256,256,False,4,6,True
"spec vs plain c1, mtp_s5",gsm8k-0006,194,188144,15875,0.125,0.0,0.125,tie,0.21338129043579102,169,1,256,256,False,2,1,True
"spec vs plain c1, mtp_s5",gsm8k-0007,144,1,279,0.0,0.125,0.125,tie,0.20584332942962646,45,1,256,256,False,1,6,True
"spec vs plain c1, mtp_s5",gsm8k-0008,68,3491,13362,0.0,0.125,0.125,tie,0.12260818481445312,53,1,256,256,False,0,5,True
"spec vs plain c1, mtp_s5",gsm8k-0009,146,458,27858,0.0,0.125,0.125,tie,0.1675248146057129,57,1,256,256,False,3,6,True
"spec vs plain c1, mtp_s5",gsm8k-0010,19,29478,1324,0.25,0.0,0.25,tie,0.1481354832649231,12,2,256,256,False,1,5,True
"spec vs plain c1, mtp_s5",gsm8k-0012,112,56014,393,0.125,0.0,0.125,tie,0.23789167404174805,50,1,256,256,False,1,3,True
"spec vs plain c1, mtp_s5",gsm8k-0013,45,430,13,0.125,0.0,0.125,tie,0.16680002212524414,20,1,256,256,False,1,5,True
"spec vs plain c1, mtp_s5",gsm8k-0020,33,64494,4346,0.125,0.0,0.125,tie,0.1338658332824707,26,1,256,256,False,3,3,True
"spec vs plain c1, mtp_s5",gsm8k-0025,19,279,3750,0.0,0.125,0.125,tie,0.10441350936889648,1,1,256,256,False,0,2,True
"spec vs plain c1, mtp_s5",gsm8k-0026,2,264,821,0.0,0.125,0.125,tie,5.4573873057961464e-05,1,1,256,256,False,1,1,True
"spec vs plain c1, mtp_s5",gsm8k-0028,27,2702,3377,0.0,0.125,0.125,tie,0.11870503425598145,13,1,248,240,False,1,6,True
"spec vs plain c1, mtp_s5",gsm8k-0035,219,283,11086,0.0,0.125,0.125,tie,0.23310613632202148,204,1,256,256,False,3,6,True
"spec vs plain c1, mtp_s5",gsm8k-0036,26,159029,364,0.125,0.0,0.125,tie,0.23813700675964355,19,1,245,236,False,2,6,True
"spec vs plain c1, mtp_s5",gsm8k-0037,137,364,506,0.0,0.125,0.125,tie,0.1504460573196411,29,1,256,256,False,4,5,True
"spec vs plain c1, mtp_s5",gsm8k-0039,201,271,198,0.125,0.0,0.125,tie,0.23945236206054688,166,1,256,256,False,1,6,True
"spec vs plain c1, mtp_s5",gsm8k-0040,43,13682,9,0.125,0.0,0.125,tie,0.12110614776611328,13,2,221,208,False,5,6,True
"spec vs plain c1, mtp_s5",gsm8k-0041,160,21825,1847,0.125,0.0,0.125,tie,0.16506385803222656,106,1,256,256,False,3,6,True
"spec vs plain c1, mtp_s5",gsm8k-0042,94,1238,506,0.125,0.0,0.125,tie,0.12233114242553711,12,1,201,199,False,1,6,True
"spec vs plain c1, mtp_s5",gsm8k-0044,16,15771,2014,0.125,0.125,0.125,one_ulp,0.09288835525512695,2,1,256,256,False,3,6,True
"spec vs plain c1, mtp_s5",gsm8k-0049,16,13,303,0.0,0.25,0.25,tie,0.2330777645111084,10,1,256,256,False,1,6,True
"spec vs plain c1, mtp_s5",gsm8k-0052,114,4221,421,0.125,0.0,0.125,tie,0.12243318557739258,56,1,256,256,False,5,6,True
"spec vs plain c1, mtp_s5",gsm8k-0053,74,393,56014,0.0,0.25,0.25,tie,0.24219059944152832,60,1,256,256,False,1,3,True
"spec vs plain c1, mtp_s5",gsm8k-0060,19,4952,321,0.125,0.0,0.125,tie,0.23612689971923828,9,1,256,256,False,4,3,True
"spec vs plain c1, mtp_s5",gsm8k-0067,17,25,13,0.125,0.0,0.125,tie,0.12280130386352539,8,1,256,256,False,2,6,True
"spec vs plain c1, mtp_s5",gsm8k-0068,31,4007,279,0.125,0.0,0.125,tie,0.14112639427185059,25,1,256,256,False,0,2,True
"spec vs plain c1, mtp_s5",gsm8k-0073,129,3714,2702,0.125,0.0,0.125,tie,0.23767471313476562,98,1,256,256,False,1,3,True
"spec vs plain c1, mtp_s5",gsm8k-0074,117,22746,348,0.125,0.0,0.125,tie,0.1217799186706543,76,1,256,256,False,2,3,True
"spec vs plain c1, mtp_s5",gsm8k-0076,40,760,32,0.12500005960464478,0.0,0.125,tie,0.11941146850585938,9,1,256,256,False,3,5,True
"spec vs plain c1, mtp_s5",gsm8k-0079,85,1590,553,0.125,0.0,0.125,tie,0.2166604995727539,21,1,170,170,False,5,2,True
"spec vs plain c1, mtp_s5",humaneval-0000,127,364,413,0.0,0.125,0.125,tie,0.00038017937913537025,7,1,173,183,False,4,6,True
"spec vs plain c1, mtp_s5",humaneval-0005,106,498,2958,0.0,0.125,0.125,tie,0.1602468490600586,43,1,256,256,False,5,6,True
"spec vs plain c1, mtp_s5",humaneval-0008,77,1445,727,0.125,0.0,0.125,tie,0.16971838474273682,36,1,256,256,False,1,6,True
"spec vs plain c1, mtp_s5",humaneval-0010,135,653,364,0.12500005960464478,0.0,0.125,tie,0.11922121047973633,119,1,190,174,False,0,6,True
"spec vs plain c1, mtp_s5",humaneval-0011,222,1179,5335,0.0,0.125,0.125,tie,0.1520223617553711,108,1,256,256,False,0,3,True
"spec vs plain c1, mtp_s5",humaneval-0014,65,15305,33120,0.0,0.125,0.125,tie,0.22066092491149902,59,1,256,256,False,0,1,True
"spec vs plain c1, mtp_s5",humaneval-0017,144,271,198,0.125,0.0,0.125,tie,0.12196636199951172,14,1,256,256,False,0,6,True
"spec vs plain c1, mtp_s5",humaneval-0020,89,1906,10300,0.0,0.125,0.125,tie,0.22792482376098633,57,1,256,256,False,1,6,True
"spec vs plain c1, mtp_s5",humaneval-0026,52,1204,279,0.125,0.0,0.125,tie,0.20296227931976318,18,1,256,256,False,5,3,True
"spec vs plain c1, mtp_s5",humaneval-0027,2,198,1358,0.0,0.125,0.125,tie,2.264931026729755e-06,1,1,81,81,False,1,1,True
"spec vs plain c1, mtp_s5",humaneval-0032,94,682,1902,0.0,0.125,0.125,tie,0.18431615829467773,45,1,256,256,False,2,1,True
"spec vs plain c1, mtp_s5",humaneval-0033,164,271,198,0.125,0.0,0.125,tie,0.1160426139831543,157,1,256,256,False,2,1,True
"spec vs plain c1, mtp_s5",humaneval-0038,26,579,728,0.0,0.25,0.25,tie,0.2297358512878418,25,1,256,256,False,0,3,True
"spec vs plain c1, mtp_s5",humaneval-0043,2,1358,198,0.125,0.0,0.125,tie,0.0,,1,201,201,False,1,1,True
"spec vs plain c1, mtp_s5",humaneval-0053,18,709,5089,0.0,0.125,0.125,tie,0.12117886543273926,16,1,193,172,False,0,3,True
"spec vs plain c1, mtp_s5",humaneval-0056,131,1,763,0.0,0.125,0.125,tie,0.24474620819091797,18,1,256,256,False,0,6,True
"spec vs plain c1, mtp_s5",humaneval-0059,43,430,18253,0.125,0.125,0.125,one_ulp,0.2444477081298828,27,1,256,256,False,1,3,True
"spec vs plain c1, mtp_s5",mt_bench-0000,72,279,5028,0.0,0.12499994039535522,0.125,tie,0.20494866371154785,25,1,256,256,False,2,2,True
"spec vs plain c1, mtp_s5",mt_bench-0001,113,5328,40,0.125,0.0,0.125,tie,0.24022674560546875,46,1,153,160,False,4,3,True
"spec vs plain c1, mtp_s5",mt_bench-0002,130,8615,279,0.125,0.0,0.125,tie,0.21810340881347656,120,1,256,256,False,3,6,True
"spec vs plain c1, mtp_s5",mt_bench-0003,167,383,466,0.0,0.125,0.125,tie,0.17847704887390137,46,1,256,256,False,1,4,True
"spec vs plain c1, mtp_s5",mt_bench-0004,65,542,15919,0.0,0.125,0.125,tie,0.17352008819580078,64,1,231,226,False,0,1,True
"spec vs plain c1, mtp_s5",mt_bench-0006,33,1040,80592,0.0,0.125,0.0625,tie,0.12188220024108887,20,1,256,256,False,0,1,True
"spec vs plain c1, mtp_s5",mt_bench-0007,13,3413,8720,0.0,0.0625,0.0625,tie,0.15878534317016602,2,1,204,184,False,1,3,True
"spec vs plain c1, mtp_s5",mt_bench-0008,213,4950,381,0.125,0.0,0.125,tie,0.20197725296020508,198,1,256,256,False,2,4,True
"spec vs plain c1, mtp_s5",mt_bench-0009,144,364,681,0.0,0.125,0.125,tie,0.21576905250549316,134,1,256,256,False,1,2,True
"spec vs plain c1, mtp_s5",mt_bench-0010,15,8964,1,0.125,0.0,0.125,tie,0.11548376083374023,6,1,254,256,False,1,4,True
"spec vs plain c1, mtp_s5",mt_bench-0011,151,82868,3428,0.0625,0.0625,0.0625,one_ulp,0.1306910514831543,147,1,256,256,False,0,1,True
"spec vs plain c1, mtp_s5",mt_bench-0012,144,13522,12483,0.125,0.0,0.125,tie,0.23906373977661133,50,1,256,256,False,1,2,True
"spec vs plain c1, mtp_s5",mt_bench-0014,186,553,8,0.125,0.0,0.125,tie,0.21318602561950684,22,1,256,256,False,2,1,True
"spec vs plain c1, mtp_s5",mt_bench-0015,94,13,539,0.125,0.125,0.125,one_ulp,0.24354815483093262,9,1,256,256,False,1,3,True
"spec vs plain c1, mtp_s5",mt_bench-0016,211,794,13962,0.125,0.125,0.125,one_ulp,0.20198392868041992,142,1,256,256,False,3,3,True
"spec vs plain c1, mtp_s5",mt_bench-0017,69,5304,44145,0.0,0.125,0.125,tie,0.12251091003417969,37,1,256,256,False,1,4,True
"spec vs plain c1, mtp_s5",mt_bench-0018,28,61,32773,0.0,0.125,0.125,tie,0.12083673477172852,5,1,132,158,False,3,1,True
"spec vs plain c1, mtp_s5",mt_bench-0022,18,2592,760,0.12499994039535522,0.0,0.125,tie,0.2434859275817871,8,1,256,106,False,5,2,True
"spec vs plain c1, mtp_s5",mt_bench-0023,131,13,318,0.0,0.125,0.125,tie,0.13197994232177734,23,1,256,256,False,3,2,True
"spec vs plain c1, mtp_s5",mt_bench-0024,191,303,1902,0.0,0.125,0.125,tie,0.22737479209899902,30,1,256,256,False,0,6,True
"spec vs plain c1, mtp_s5",mt_bench-0025,80,48554,40582,0.125,0.0,0.125,tie,0.16923999786376953,5,1,256,256,False,3,6,True
"spec vs plain c1, mtp_s5",mt_bench-0026,212,198,3130,0.0,0.125,0.125,tie,0.24063515663146973,103,1,256,256,False,1,6,True
"spec vs plain c1, mtp_s5",mt_bench-0028,93,22426,2972,0.125,0.125,0.125,one_ulp,0.2238461971282959,36,1,256,256,False,2,5,True
"spec vs plain c1, mtp_s5",mt_bench-0029,124,264,279,0.0,0.125,0.125,tie,0.21515274047851562,120,1,256,256,False,0,2,True
"spec vs plain c1, mtp_s5",mt_bench-0032,137,34167,27382,0.125,0.0,0.125,tie,0.22608065605163574,45,1,256,256,False,0,6,True
"spec vs plain c1, mtp_s5",mt_bench-0033,216,421,314,0.125,0.0,0.125,tie,0.23572731018066406,19,1,256,256,False,2,2,True
"spec vs plain c1, mtp_s5",mt_bench-0034,108,348,1518,0.0,0.125,0.125,tie,0.12260794639587402,9,1,256,256,False,5,4,True
"spec vs plain c1, mtp_s5",mt_bench-0035,182,37201,2441,0.125,0.0,0.125,tie,0.24303698539733887,26,1,256,256,False,4,5,True
"spec vs plain c1, mtp_s5",mt_bench-0036,39,733,47246,0.0,0.125,0.125,tie,0.23909258842468262,27,1,256,256,False,1,5,True
"spec vs plain c1, mtp_s5",mt_bench-0039,143,279,26782,0.0,0.125,0.125,tie,0.21052765846252441,111,1,256,256,False,2,4,True
"spec vs plain c1, mtp_s5",mt_bench-0040,32,31128,8427,0.125,0.0,0.125,tie,0.1341419219970703,16,1,256,256,False,2,3,True
"spec vs plain c1, mtp_s5",mt_bench-0044,83,3578,1788,0.125,0.0,0.125,tie,0.21261906623840332,46,1,256,256,False,1,2,True
"spec vs plain c1, mtp_s5",mt_bench-0045,129,11861,4277,0.125,0.0,0.125,tie,0.1901857852935791,119,1,256,256,False,5,3,True
"spec vs plain c1, mtp_s5",mt_bench-0047,206,2542,2702,0.0,0.12500005960464478,0.125,tie,0.20024919509887695,38,1,256,256,False,1,6,True
"spec vs plain c1, mtp_s5",mt_bench-0048,49,580,488,0.125,0.0,0.125,tie,0.15969586372375488,46,1,256,256,False,0,3,True
"spec vs plain c1, mtp_s5",mt_bench-0059,126,283,25,0.125,0.0,0.125,tie,0.2447047233581543,100,1,256,256,False,0,4,True
"spec vs plain c1, mtp_s5",mt_bench-0060,32,6745,29144,0.0,0.125,0.125,tie,0.13844990730285645,1,1,256,256,False,2,3,True
"spec vs plain c1, mtp_s5",mt_bench-0061,82,5529,1902,0.125,0.0,0.125,tie,0.23542332649230957,1,1,256,256,False,2,6,True
"spec vs plain c1, mtp_s5",mt_bench-0062,154,318,13,0.125,0.0,0.125,tie,0.16044235229492188,114,1,256,256,False,0,6,True
"spec vs plain c1, mtp_s5",mt_bench-0063,199,279,75113,0.0,0.125,0.125,tie,0.2396221160888672,60,1,256,256,False,2,1,True
"spec vs plain c1, mtp_s5",mt_bench-0064,1,64583,8340,0.125,0.0,0.125,tie,0.0,,,256,256,False,0,1,True
"spec vs plain c1, mtp_s5",mt_bench-0066,67,17171,48772,0.0,0.125,0.125,tie,0.18866229057312012,40,1,256,256,False,0,1,True
"spec vs plain c1, mtp_s5",mt_bench-0067,37,36515,2790,0.125,0.0,0.125,tie,0.12060189247131348,7,1,256,256,False,5,6,True
"spec vs plain c1, mtp_s5",mt_bench-0070,13,449,264,0.125,0.0,0.125,tie,0.1225748062133789,8,1,256,256,False,0,2,True
"spec vs plain c1, mtp_s5",mt_bench-0071,34,28604,2950,0.125,0.125,0.125,one_ulp,0.12249875068664551,29,1,256,256,False,0,4,True
"spec vs plain c1, mtp_s5",mt_bench-0072,107,5212,36110,0.0,0.125,0.125,tie,0.23729944229125977,86,1,256,256,False,1,3,True
"spec vs plain c1, mtp_s5",mt_bench-0075,17,369,318,0.125,0.0,0.125,tie,0.11088991165161133,12,1,256,256,False,4,6,True
"spec vs plain c1, mtp_s5",mt_bench-0076,131,32530,369,0.125,0.0,0.125,tie,0.2152881622314453,8,1,256,256,False,1,1,True
"spec vs plain c1, mtp_s5",mt_bench-0077,86,74316,36009,0.125,0.0,0.125,tie,0.1273341178894043,63,1,256,256,False,0,5,True
"spec vs plain c1, mtp_s5",mt_bench-0078,34,54759,4670,0.125,0.0,0.125,tie,0.13760018348693848,14,1,256,256,False,1,2,True
"spec vs plain c1, mtp_s5",mt_bench-0079,163,9682,279,0.125,0.0,0.125,tie,0.22208094596862793,54,1,256,256,False,0,3,True
"spec vs plain c1, mtp_tree",alpaca_eval-0000,146,8252,7745,0.0625,0.0,0.0625,tie,0.24398446083068848,8,1,256,256,False,2,3,True
"spec vs plain c1, mtp_tree",alpaca_eval-0010,29,44280,975,0.125,0.0,0.125,tie,0.12041592597961426,14,1,256,256,False,1,4,True
"spec vs plain c1, mtp_tree",alpaca_eval-0030,155,30835,15166,0.125,0.125,0.125,one_ulp,0.23678970336914062,13,1,256,256,False,3,4,True
"spec vs plain c1, mtp_tree",alpaca_eval-0040,8,3046,1484,0.125,0.0,0.125,tie,0.12182235717773438,3,1,256,256,False,1,3,True
"spec vs plain c1, mtp_tree",alpaca_eval-0050,254,1151,7832,0.0,0.25,0.125,tie,0.2094717025756836,117,1,256,256,False,0,2,True
"spec vs plain c1, mtp_tree",alpaca_eval-0060,125,37462,20331,0.0625,0.0,0.0625,tie,0.23609185218811035,36,1,256,256,False,3,2,True
"spec vs plain c1, mtp_tree",alpaca_eval-0080,76,15214,50209,0.0,0.125,0.125,tie,0.15407371520996094,51,1,256,256,False,3,3,True
"spec vs plain c1, mtp_tree",alpaca_eval-0090,88,4364,6762,0.0,0.125,0.125,tie,0.15458178520202637,14,1,256,256,False,0,2,True
"spec vs plain c1, mtp_tree",alpaca_eval-0100,51,10919,264,0.125,0.0,0.125,tie,0.12187051773071289,37,1,256,256,False,1,4,True
"spec vs plain c1, mtp_tree",alpaca_eval-0110,153,5138,5365,0.0,0.125,0.125,tie,0.1658339500427246,143,1,256,256,False,0,3,True
"spec vs plain c1, mtp_tree",alpaca_eval-0120,100,68587,1852,0.125,0.0,0.125,tie,0.2119121551513672,66,1,156,167,False,0,3,True
"spec vs plain c1, mtp_tree",alpaca_eval-0130,117,14663,3799,0.125,0.0,0.125,tie,0.16573643684387207,30,1,256,256,False,1,1,True
"spec vs plain c1, mtp_tree",alpaca_eval-0160,112,12983,5369,0.125,0.0,0.125,tie,0.22699499130249023,80,1,256,256,False,1,1,True
"spec vs plain c1, mtp_tree",alpaca_eval-0170,222,198,8336,0.0,0.125,0.125,tie,0.2400834560394287,17,1,256,256,False,3,4,True
"spec vs plain c1, mtp_tree",alpaca_eval-0180,39,26932,24065,0.125,0.0,0.125,tie,0.20182013511657715,32,1,256,256,False,3,4,True
"spec vs plain c1, mtp_tree",alpaca_eval-0200,144,68,39551,0.0,0.125,0.125,tie,0.21868681907653809,78,1,256,256,False,2,4,True
"spec vs plain c1, mtp_tree",alpaca_eval-0210,20,321,4016,0.0,0.125,0.125,tie,0.12101912498474121,14,1,256,252,False,1,4,True
"spec vs plain c1, mtp_tree",alpaca_eval-0220,7,1402,65884,0.0,0.12499994039535522,0.125,tie,0.12562203407287598,1,1,256,256,False,0,1,True
"spec vs plain c1, mtp_tree",alpaca_eval-0230,129,2766,77565,0.0,0.125,0.125,tie,0.2153332233428955,79,1,256,256,False,1,4,True
"spec vs plain c1, mtp_tree",alpaca_eval-0250,71,5214,48559,0.0,0.125,0.125,tie,0.19368982315063477,8,1,256,256,False,0,1,True
"spec vs plain c1, mtp_tree",alpaca_eval-0260,78,198,271,0.0,0.125,0.125,tie,0.23822665214538574,29,1,256,256,False,2,2,True
"spec vs plain c1, mtp_tree",alpaca_eval-0270,11,2046,279,0.125,0.0,0.125,tie,0.20879650115966797,5,1,256,256,False,0,1,True
"spec vs plain c1, mtp_tree",alpaca_eval-0280,144,1083,25,0.125,0.125,0.125,one_ulp,0.23257231712341309,81,1,256,256,False,0,3,True
"spec vs plain c1, mtp_tree",alpaca_eval-0290,109,958,3579,0.0,0.125,0.125,tie,0.22317910194396973,96,1,256,256,False,2,4,True
"spec vs plain c1, mtp_tree",alpaca_eval-0300,5,16866,638,0.125,0.0,0.125,tie,5.10007084812969e-05,4,1,256,256,False,0,4,True
"spec vs plain c1, mtp_tree",alpaca_eval-0310,133,3827,6805,0.0,0.25,0.25,tie,0.36684632301330566,59,3,256,256,False,2,1,True
"spec vs plain c1, mtp_tree",alpaca_eval-0320,31,25,5469,0.0,0.125,0.125,tie,0.21231603622436523,26,1,256,256,False,1,4,True
"spec vs plain c1, mtp_tree",alpaca_eval-0330,57,256,15015,0.0,0.125,0.125,tie,0.18378543853759766,21,2,256,256,False,1,4,True
"spec vs plain c1, mtp_tree",alpaca_eval-0340,111,4650,68,0.125,0.0,0.125,tie,0.23862409591674805,98,1,188,201,False,0,1,True
"spec vs plain c1, mtp_tree",alpaca_eval-0360,184,668,76511,0.0,0.125,0.125,tie,0.23879027366638184,107,1,256,256,False,1,4,True
"spec vs plain c1, mtp_tree",alpaca_eval-0390,3,10,220,0.0,0.0625,0.0625,tie,6.246566772460938e-05,1,1,256,256,False,2,1,True
"spec vs plain c1, mtp_tree",alpaca_eval-0400,236,1048,23197,0.0,0.125,0.125,tie,0.24503684043884277,84,1,256,256,False,1,2,True
"spec vs plain c1, mtp_tree",alpaca_eval-0410,74,357,20656,0.0,0.125,0.125,tie,0.13714194297790527,72,1,256,256,False,1,4,True
"spec vs plain c1, mtp_tree",alpaca_eval-0420,33,3611,5629,0.0,0.125,0.125,tie,0.18798446655273438,9,1,202,246,False,2,1,True
"spec vs plain c1, mtp_tree",alpaca_eval-0440,72,1970,13,0.125,0.0,0.125,tie,0.14501428604125977,53,1,256,256,False,3,4,True
"spec vs plain c1, mtp_tree",alpaca_eval-0450,231,3376,321,0.12500005960464478,0.0,0.125,tie,0.23854923248291016,227,1,256,256,False,2,2,True
"spec vs plain c1, mtp_tree",alpaca_eval-0460,21,318,466,0.0,0.125,0.125,tie,0.1698315143585205,10,1,256,256,False,0,3,True
"spec vs plain c1, mtp_tree",alpaca_eval-0480,173,16366,64700,0.0,0.125,0.125,tie,0.16438651084899902,13,1,256,256,False,1,4,True
"spec vs plain c1, mtp_tree",alpaca_eval-0490,103,5129,1496,0.125,0.0,0.125,tie,0.24666786193847656,100,1,256,256,False,2,2,True
"spec vs plain c1, mtp_tree",alpaca_eval-0500,36,56679,21397,0.125,0.0,0.125,tie,0.10310983657836914,28,1,256,256,False,3,4,True
"spec vs plain c1, mtp_tree",alpaca_eval-0510,115,33,47,0.0,0.125,0.125,tie,0.18199563026428223,106,1,167,164,False,3,4,True
"spec vs plain c1, mtp_tree",alpaca_eval-0520,125,760,88433,0.0,0.0625,0.0625,tie,0.20111513137817383,84,1,256,256,False,2,4,True
"spec vs plain c1, mtp_tree",alpaca_eval-0530,161,2647,854,0.125,0.0,0.125,tie,0.22704672813415527,99,1,256,256,False,0,4,True
"spec vs plain c1, mtp_tree",alpaca_eval-0550,79,15374,13236,0.125,0.0,0.125,tie,0.1528005599975586,60,1,256,256,False,0,4,True
"spec vs plain c1, mtp_tree",alpaca_eval-0570,1,3766,4400,0.0,0.125,0.125,tie,0.0,,,256,256,False,0,1,True
"spec vs plain c1, mtp_tree",alpaca_eval-0580,209,914,1436,0.0,0.25,0.25,tie,0.24346542358398438,121,1,256,256,False,1,2,True
"spec vs plain c1, mtp_tree",cnn_dailymail-0003,48,3322,864,0.125,0.0,0.125,tie,0.23832058906555176,12,1,112,110,False,3,4,True
"spec vs plain c1, mtp_tree",cnn_dailymail-0005,49,18659,7524,0.125,0.0,0.125,tie,0.2158644199371338,48,1,256,256,False,0,4,True
"spec vs plain c1, mtp_tree",cnn_dailymail-0006,82,13211,65844,0.0,0.125,0.125,tie,0.14351022243499756,10,1,115,114,False,0,2,True
"spec vs plain c1, mtp_tree",cnn_dailymail-0009,68,68059,4649,0.125,0.0,0.125,tie,0.12299847602844238,57,1,80,82,False,1,1,True
"spec vs plain c1, mtp_tree",cnn_dailymail-0014,52,2201,3567,0.0,0.125,0.125,tie,0.24417328834533691,45,1,256,256,False,2,2,True
"spec vs plain c1, mtp_tree",cnn_dailymail-0015,37,682,11,0.125,0.0,0.125,tie,0.2306537628173828,33,1,108,111,False,0,1,True
"spec vs plain c1, mtp_tree",cnn_dailymail-0016,86,303,13,0.125,0.0,0.125,tie,0.22214007377624512,74,1,126,119,False,1,4,True
"spec vs plain c1, mtp_tree",cnn_dailymail-0017,68,1027,279,0.125,0.0,0.125,tie,0.23654580116271973,67,1,256,256,False,1,2,True
"spec vs plain c1, mtp_tree",cnn_dailymail-0019,35,9953,13789,0.0,0.125,0.0625,tie,0.15520215034484863,34,1,102,104,False,2,4,True
"spec vs plain c1, mtp_tree",cnn_dailymail-0020,71,2824,12968,0.125,0.125,0.125,one_ulp,0.12260937690734863,70,1,256,256,False,2,4,True
"spec vs plain c1, mtp_tree",cnn_dailymail-0021,43,4788,1010,0.125,0.0,0.125,tie,0.1354811191558838,10,1,118,131,False,0,1,True
"spec vs plain c1, mtp_tree",cnn_dailymail-0023,49,36462,9892,0.125,0.0,0.125,tie,0.12263035774230957,41,1,256,256,False,0,4,True
"spec vs plain c1, mtp_tree",cnn_dailymail-0024,22,5732,2785,0.125,0.0,0.125,tie,0.12513375282287598,7,1,107,112,False,0,2,True
"spec vs plain c1, mtp_tree",cnn_dailymail-0026,226,45482,48401,0.0,0.125,0.125,tie,0.2014913558959961,116,1,256,256,False,0,4,True
"spec vs plain c1, mtp_tree",cnn_dailymail-0027,20,381,3512,0.0,0.125,0.125,tie,0.1329951286315918,9,1,96,110,False,3,3,True
"spec vs plain c1, mtp_tree",cnn_dailymail-0028,54,43001,328,0.125,0.0,0.125,tie,0.12237381935119629,14,1,114,111,False,1,3,True
"spec vs plain c1, mtp_tree",cnn_dailymail-0029,116,56028,1905,0.125,0.0,0.125,tie,0.24331068992614746,41,1,256,256,False,3,4,True
"spec vs plain c1, mtp_tree",cnn_dailymail-0031,32,5381,2756,0.125,0.0,0.125,tie,0.15387868881225586,29,1,132,130,False,2,4,True
"spec vs plain c1, mtp_tree",cnn_dailymail-0035,214,318,13,0.125,0.0,0.125,tie,0.24484968185424805,113,1,256,256,False,1,4,True
"spec vs plain c1, mtp_tree",cnn_dailymail-0036,8,11,15784,0.0,0.125,0.125,tie,0.11783623695373535,5,1,108,113,False,0,3,True
"spec vs plain c1, mtp_tree",cnn_dailymail-0037,53,20684,264,0.125,0.0,0.125,tie,0.19369161128997803,42,1,137,124,False,0,2,True
"spec vs plain c1, mtp_tree",cnn_dailymail-0038,104,509,9290,0.0,0.125,0.125,tie,0.1234903335571289,85,1,256,256,False,0,3,True
"spec vs plain c1, mtp_tree",cnn_dailymail-0039,53,310,303,0.125,0.0,0.125,tie,0.212943434715271,47,1,166,151,False,2,4,True
"spec vs plain c1, mtp_tree",gsm8k-0004,39,2250,220,0.125,0.0,0.125,tie,0.20764708518981934,37,1,256,256,False,1,4,True
"spec vs plain c1, mtp_tree",gsm8k-0006,194,188144,15875,0.125,0.0,0.125,tie,0.16280555725097656,12,1,256,256,False,2,4,True
"spec vs plain c1, mtp_tree",gsm8k-0007,144,1,279,0.0,0.125,0.125,tie,0.20584332942962646,45,1,256,256,False,3,4,True
"spec vs plain c1, mtp_tree",gsm8k-0009,146,458,27858,0.0,0.125,0.125,tie,0.1675248146057129,57,1,256,256,False,1,4,True
"spec vs plain c1, mtp_tree",gsm8k-0010,19,29478,1324,0.25,0.0,0.25,tie,0.1481354832649231,12,2,256,256,False,2,4,True
"spec vs plain c1, mtp_tree",gsm8k-0011,26,1421,38663,0.0,0.125,0.125,tie,0.09243464469909668,8,1,256,256,False,1,4,True
"spec vs plain c1, mtp_tree",gsm8k-0012,40,2695,6829,0.0,0.12500005960464478,0.125,tie,0.15076303482055664,36,1,256,256,False,1,4,True
"spec vs plain c1, mtp_tree",gsm8k-0013,45,430,13,0.125,0.0,0.125,tie,0.16680002212524414,20,1,256,256,False,1,1,True
"spec vs plain c1, mtp_tree",gsm8k-0017,197,5759,8941,0.0,0.125,0.125,tie,0.23683929443359375,83,1,256,256,False,1,4,True
"spec vs plain c1, mtp_tree",gsm8k-0020,33,64494,4346,0.125,0.0,0.125,tie,0.1338658332824707,26,1,256,256,False,3,2,True
"spec vs plain c1, mtp_tree",gsm8k-0025,19,279,3750,0.0,0.125,0.125,tie,0.10441350936889648,1,1,256,256,False,0,4,True
"spec vs plain c1, mtp_tree",gsm8k-0026,2,264,821,0.0,0.125,0.125,tie,5.4573873057961464e-05,1,1,256,256,False,1,1,True
"spec vs plain c1, mtp_tree",gsm8k-0028,27,2702,3377,0.0,0.125,0.125,tie,0.11870503425598145,13,1,248,240,False,3,4,True
"spec vs plain c1, mtp_tree",gsm8k-0032,79,7157,791,0.125,0.0,0.125,tie,0.17038822174072266,65,1,256,256,False,2,3,True
"spec vs plain c1, mtp_tree",gsm8k-0035,139,318,303,0.125,0.0,0.125,tie,0.2220907211303711,38,1,256,256,False,0,3,True
"spec vs plain c1, mtp_tree",gsm8k-0036,26,159029,364,0.125,0.0,0.125,tie,0.23813700675964355,19,1,245,236,False,1,4,True
"spec vs plain c1, mtp_tree",gsm8k-0037,137,364,506,0.0,0.125,0.125,tie,0.1504460573196411,29,1,256,256,False,3,2,True
"spec vs plain c1, mtp_tree",gsm8k-0039,201,271,198,0.125,0.0,0.125,tie,0.23945403099060059,166,1,256,256,False,0,4,True
"spec vs plain c1, mtp_tree",gsm8k-0040,43,13682,9,0.125,0.0,0.125,tie,0.12110614776611328,13,2,221,208,False,1,4,True
"spec vs plain c1, mtp_tree",gsm8k-0042,94,1238,506,0.125,0.0,0.125,tie,0.24380254745483398,62,1,201,199,False,3,4,True
"spec vs plain c1, mtp_tree",gsm8k-0044,16,15771,2014,0.125,0.125,0.125,one_ulp,0.09288835525512695,2,1,256,256,False,3,4,True
"spec vs plain c1, mtp_tree",gsm8k-0049,16,13,303,0.0,0.2500000596046448,0.125,tie,0.00020076334476470947,6,1,256,256,False,3,4,True
"spec vs plain c1, mtp_tree",gsm8k-0052,141,279,411,0.0,0.125,0.125,tie,0.12254643440246582,56,1,256,256,False,0,3,True
"spec vs plain c1, mtp_tree",gsm8k-0053,74,393,56014,0.0,0.25,0.25,tie,0.23306894302368164,16,1,256,256,False,0,3,True
"spec vs plain c1, mtp_tree",gsm8k-0060,19,4952,321,0.125,0.0,0.125,tie,0.23612689971923828,9,1,256,256,False,2,3,True
"spec vs plain c1, mtp_tree",gsm8k-0065,190,17239,5122,0.125,0.0,0.125,tie,0.2283480167388916,65,1,256,256,False,1,4,True
"spec vs plain c1, mtp_tree",gsm8k-0067,17,25,13,0.125,0.0,0.125,tie,0.12280130386352539,8,1,256,256,False,0,4,True
"spec vs plain c1, mtp_tree",gsm8k-0073,129,3714,2702,0.125,0.0,0.125,tie,0.23165106773376465,34,1,256,256,False,1,3,True
"spec vs plain c1, mtp_tree",gsm8k-0076,40,760,32,0.12500005960464478,0.0,0.125,tie,0.11941146850585938,9,1,256,256,False,3,4,True
"spec vs plain c1, mtp_tree",humaneval-0000,127,364,413,0.0,0.125,0.125,tie,0.00038017937913537025,7,1,173,183,False,0,4,True
"spec vs plain c1, mtp_tree",humaneval-0002,114,733,271,0.125,0.0,0.125,tie,0.1784379482269287,19,1,256,256,False,0,4,True
"spec vs plain c1, mtp_tree",humaneval-0005,239,35497,8,0.125,0.0,0.125,tie,0.12678861618041992,142,1,256,256,False,2,4,True
"spec vs plain c1, mtp_tree",humaneval-0010,135,653,364,0.12500005960464478,0.0,0.125,tie,0.1910238265991211,128,1,190,174,False,2,4,True
"spec vs plain c1, mtp_tree",humaneval-0011,222,1179,5335,0.0,0.125,0.125,tie,0.1520223617553711,108,1,256,256,False,0,3,True
"spec vs plain c1, mtp_tree",humaneval-0014,65,15305,33120,0.0,0.125,0.125,tie,0.22066092491149902,59,1,256,256,False,1,2,True
"spec vs plain c1, mtp_tree",humaneval-0017,144,271,198,0.125,0.0,0.125,tie,0.23094582557678223,37,1,256,256,False,0,2,True
"spec vs plain c1, mtp_tree",humaneval-0020,89,1906,10300,0.0,0.125,0.125,tie,0.22792482376098633,57,1,256,256,False,2,4,True
"spec vs plain c1, mtp_tree",humaneval-0021,200,87,2334,0.0,0.125,0.125,tie,0.12119913101196289,194,1,221,221,False,0,3,True
"spec vs plain c1, mtp_tree",humaneval-0026,52,1204,279,0.125,0.0,0.125,tie,0.20296227931976318,18,1,256,256,False,2,4,True
"spec vs plain c1, mtp_tree",humaneval-0027,2,198,1358,0.0,0.125,0.125,tie,2.264931026729755e-06,1,1,81,81,False,1,1,True
"spec vs plain c1, mtp_tree",humaneval-0032,138,561,1049,0.0,0.12500005960464478,0.125,tie,0.12923502922058105,52,1,256,256,False,0,4,True
"spec vs plain c1, mtp_tree",humaneval-0033,164,271,198,0.125,0.0,0.125,tie,0.11624836921691895,155,1,256,256,False,0,3,True
"spec vs plain c1, mtp_tree",humaneval-0038,26,579,728,0.0,0.25,0.25,tie,0.1263744831085205,1,1,256,256,False,0,4,True
"spec vs plain c1, mtp_tree",humaneval-0043,2,1358,198,0.125,0.0,0.125,tie,0.0,,1,201,201,False,1,1,True
"spec vs plain c1, mtp_tree",humaneval-0053,18,709,5089,0.0,0.125,0.125,tie,0.12117886543273926,16,1,193,172,False,3,2,True
"spec vs plain c1, mtp_tree",humaneval-0056,131,1,763,0.0,0.125,0.125,tie,0.24474620819091797,18,1,256,256,False,2,4,True
"spec vs plain c1, mtp_tree",mt_bench-0000,72,279,5028,0.0,0.12499994039535522,0.125,tie,0.20494866371154785,25,1,256,256,False,2,1,True
"spec vs plain c1, mtp_tree",mt_bench-0001,113,5328,40,0.125,0.0,0.125,tie,0.24022674560546875,46,1,153,160,False,0,4,True
"spec vs plain c1, mtp_tree",mt_bench-0002,130,8615,279,0.125,0.0,0.125,tie,0.21810340881347656,120,1,256,256,False,2,4,True
"spec vs plain c1, mtp_tree",mt_bench-0003,167,383,466,0.0,0.125,0.125,tie,0.17847704887390137,46,1,256,256,False,1,4,True
"spec vs plain c1, mtp_tree",mt_bench-0004,65,542,15919,0.0,0.125,0.125,tie,0.17352008819580078,64,1,231,217,False,0,1,True
"spec vs plain c1, mtp_tree",mt_bench-0005,97,33367,37728,0.0,0.0625,0.0625,tie,0.1692030429840088,95,1,256,256,False,2,2,True
"spec vs plain c1, mtp_tree",mt_bench-0006,32,10708,1016,0.0625,0.0,0.0625,tie,0.12175202369689941,20,1,256,256,False,0,2,True
"spec vs plain c1, mtp_tree",mt_bench-0007,13,3413,8720,0.0,0.0625,0.0625,tie,0.15878534317016602,2,1,204,184,False,1,3,True
"spec vs plain c1, mtp_tree",mt_bench-0008,213,4950,381,0.125,0.0,0.125,tie,0.2223644256591797,163,1,256,256,False,2,4,True
"spec vs plain c1, mtp_tree",mt_bench-0009,86,321,11,0.125,0.0,0.125,tie,0.13660550117492676,9,1,256,256,False,1,4,True
"spec vs plain c1, mtp_tree",mt_bench-0010,15,8964,1,0.125,0.0,0.125,tie,0.11548376083374023,6,1,254,256,False,0,2,True
"spec vs plain c1, mtp_tree",mt_bench-0011,151,82868,3428,0.0625,0.0,0.0625,tie,0.21308088302612305,140,1,256,256,False,1,1,True
"spec vs plain c1, mtp_tree",mt_bench-0014,198,18547,3512,0.25,0.0,0.25,tie,0.236464262008667,30,1,256,256,False,1,4,True
"spec vs plain c1, mtp_tree",mt_bench-0015,116,19180,21680,0.0,0.125,0.125,tie,0.24354815483093262,9,1,256,256,False,1,4,True
"spec vs plain c1, mtp_tree",mt_bench-0017,69,5304,44145,0.0,0.125,0.125,tie,0.12251091003417969,37,1,256,256,False,1,3,True
"spec vs plain c1, mtp_tree",mt_bench-0018,28,61,32773,0.0,0.125,0.125,tie,0.12083673477172852,5,1,132,158,False,2,2,True
"spec vs plain c1, mtp_tree",mt_bench-0022,18,2592,760,0.12499994039535522,0.0,0.125,tie,0.2434859275817871,8,1,256,106,False,1,4,True
"spec vs plain c1, mtp_tree",mt_bench-0023,131,13,318,0.0,0.125,0.125,tie,0.13197994232177734,23,1,256,256,False,0,4,True
"spec vs plain c1, mtp_tree",mt_bench-0024,191,303,1902,0.0,0.125,0.125,tie,0.24170851707458496,110,1,256,256,False,2,4,True
"spec vs plain c1, mtp_tree",mt_bench-0026,212,198,3130,0.0,0.125,0.125,tie,0.238480806350708,202,1,256,256,False,2,4,True
"spec vs plain c1, mtp_tree",mt_bench-0028,169,6797,12098,0.0,0.25,0.125,tie,0.13232207298278809,25,1,256,256,False,1,4,True
"spec vs plain c1, mtp_tree",mt_bench-0029,93,328,13108,0.0,0.125,0.125,tie,0.1227717399597168,83,1,256,256,False,0,4,True
"spec vs plain c1, mtp_tree",mt_bench-0032,137,34167,27382,0.125,0.0,0.125,tie,0.22608065605163574,45,1,256,256,False,0,4,True
"spec vs plain c1, mtp_tree",mt_bench-0034,108,348,1518,0.0,0.125,0.125,tie,0.24411344528198242,103,1,256,256,False,1,4,True
"spec vs plain c1, mtp_tree",mt_bench-0035,182,37201,2441,0.125,0.0,0.125,tie,0.24303698539733887,26,1,256,256,False,3,4,True
"spec vs plain c1, mtp_tree",mt_bench-0036,39,733,47246,0.0,0.125,0.125,tie,0.23909258842468262,27,1,256,256,False,2,4,True
"spec vs plain c1, mtp_tree",mt_bench-0039,143,279,26782,0.0,0.125,0.125,tie,0.2167038917541504,53,1,256,256,False,0,3,True
"spec vs plain c1, mtp_tree",mt_bench-0040,32,31128,8427,0.125,0.0,0.125,tie,0.1341419219970703,16,1,256,256,False,1,2,True
"spec vs plain c1, mtp_tree",mt_bench-0041,215,16,15,0.125,0.0,0.125,tie,0.21187496185302734,114,1,256,256,False,1,3,True
"spec vs plain c1, mtp_tree",mt_bench-0045,92,303,513,0.0,0.125,0.125,tie,0.2184436321258545,49,1,256,256,False,3,4,True
"spec vs plain c1, mtp_tree",mt_bench-0047,206,2542,2702,0.0,0.125,0.125,tie,0.22969675064086914,64,1,256,256,False,2,4,True
"spec vs plain c1, mtp_tree",mt_bench-0048,49,580,488,0.125,0.0,0.125,tie,0.15969586372375488,46,1,256,256,False,0,2,True
"spec vs plain c1, mtp_tree",mt_bench-0050,247,3158,799,0.125,0.0,0.125,tie,0.32736778259277344,37,1,256,256,False,1,4,True
"spec vs plain c1, mtp_tree",mt_bench-0053,33,795,1103,0.0,0.125,0.125,tie,0.10306167602539062,30,1,256,256,False,0,4,True
"spec vs plain c1, mtp_tree",mt_bench-0056,247,9711,10036,0.125,0.125,0.125,one_ulp,0.24549245834350586,56,1,256,256,False,0,4,True
"spec vs plain c1, mtp_tree",mt_bench-0059,126,283,25,0.125,0.0,0.125,tie,0.24473953247070312,100,1,256,256,False,0,3,True
"spec vs plain c1, mtp_tree",mt_bench-0060,32,6745,29144,0.0,0.125,0.125,tie,0.13844990730285645,1,1,256,256,False,2,2,True
"spec vs plain c1, mtp_tree",mt_bench-0061,82,5529,1902,0.125,0.0,0.125,tie,0.23542332649230957,1,1,256,256,False,0,4,True
"spec vs plain c1, mtp_tree",mt_bench-0062,37,1536,6065,0.0,0.125,0.125,tie,3.382563591003418e-05,10,1,256,256,False,0,4,True
"spec vs plain c1, mtp_tree",mt_bench-0063,199,279,75113,0.0,0.125,0.125,tie,0.2396221160888672,60,1,256,256,False,2,4,True
"spec vs plain c1, mtp_tree",mt_bench-0064,1,64583,8340,0.125,0.0,0.125,tie,0.0,,,256,256,False,0,1,True
"spec vs plain c1, mtp_tree",mt_bench-0065,92,271,198,0.125,0.0,0.125,tie,0.23805689811706543,53,1,256,256,False,3,4,True
"spec vs plain c1, mtp_tree",mt_bench-0066,67,17171,48772,0.0,0.125,0.125,tie,0.18866229057312012,40,1,256,256,False,1,2,True
"spec vs plain c1, mtp_tree",mt_bench-0067,37,36515,2790,0.125,0.0,0.125,tie,0.12060189247131348,7,1,256,256,False,3,4,True
"spec vs plain c1, mtp_tree",mt_bench-0068,153,283,478,0.0,0.125,0.125,tie,0.16873836517333984,54,1,256,256,False,1,4,True
"spec vs plain c1, mtp_tree",mt_bench-0069,234,21846,27402,0.125,0.12500005960464478,0.125,one_ulp,0.2433912754058838,151,1,256,256,False,0,4,True
"spec vs plain c1, mtp_tree",mt_bench-0070,13,449,264,0.125,0.0,0.125,tie,0.1225748062133789,8,1,256,256,False,0,2,True
"spec vs plain c1, mtp_tree",mt_bench-0071,34,28604,2950,0.125,0.125,0.125,one_ulp,0.12249875068664551,29,1,256,256,False,1,4,True
"spec vs plain c1, mtp_tree",mt_bench-0072,107,5212,36110,0.0,0.125,0.125,tie,0.2416989803314209,74,1,256,256,False,0,3,True
"spec vs plain c1, mtp_tree",mt_bench-0074,192,1829,7258,0.0,0.125,0.125,tie,0.22716379165649414,183,1,256,256,False,1,3,True
"spec vs plain c1, mtp_tree",mt_bench-0075,17,369,318,0.125,0.0,0.125,tie,0.11088991165161133,12,1,256,256,False,0,4,True
"spec vs plain c1, mtp_tree",mt_bench-0076,131,32530,369,0.125,0.0,0.125,tie,0.2152881622314453,8,1,256,256,False,1,1,True
"spec vs plain c1, mtp_tree",mt_bench-0077,86,74316,36009,0.125,0.0,0.125,tie,0.12198519706726074,74,1,256,256,False,0,3,True
"spec vs plain c1, mtp_tree",mt_bench-0078,34,54759,4670,0.125,0.0,0.125,tie,0.13760018348693848,14,1,256,256,False,3,4,True
"spec vs plain c1, mtp_tree",mt_bench-0079,212,3115,9492,0.0,0.0625,0.0625,tie,0.20920825004577637,54,1,256,256,False,0,4,True
"spec vs plain c32, mtp_s1",alpaca_eval-0000,73,56276,10345,0.125,0.0,0.125,tie,0.24398446083068848,8,1,256,256,False,1,2,True
"spec vs plain c32, mtp_s1",alpaca_eval-0010,162,4613,11,0.25,0.0,0.125,tie,0.2141110897064209,161,1,256,256,False,0,2,True
"spec vs plain c32, mtp_s1",alpaca_eval-0020,156,1441,424,0.125,0.0,0.125,tie,0.19452500343322754,129,1,256,256,False,0,2,True
"spec vs plain c32, mtp_s1",alpaca_eval-0030,155,30835,15166,0.125,0.0,0.0625,tie,0.20427584648132324,110,1,256,256,False,1,2,True
"spec vs plain c32, mtp_s1",alpaca_eval-0040,8,3046,1484,0.125,0.0,0.125,tie,0.12182235717773438,3,1,256,256,False,0,2,True
"spec vs plain c32, mtp_s1",alpaca_eval-0050,254,1151,7832,0.0,0.125,0.125,tie,0.23717761039733887,112,1,256,256,False,1,1,True
"spec vs plain c32, mtp_s1",alpaca_eval-0060,125,37462,20331,0.0625,0.0,0.0625,tie,0.24229168891906738,94,1,256,256,False,1,2,True
"spec vs plain c32, mtp_s1",alpaca_eval-0080,176,8,553,0.0,0.25,0.125,tie,0.21344637870788574,153,1,256,256,False,1,2,True
"spec vs plain c32, mtp_s1",alpaca_eval-0090,88,4364,6762,0.0,0.125,0.125,tie,0.22657060623168945,45,1,256,256,False,1,2,True
"spec vs plain c32, mtp_s1",alpaca_eval-0100,51,10919,264,0.125,0.0,0.125,tie,0.13544487953186035,39,1,256,256,False,1,2,True
"spec vs plain c32, mtp_s1",alpaca_eval-0120,100,68587,1852,0.125,0.0,0.125,tie,0.1927192211151123,86,1,156,169,False,1,2,True
"spec vs plain c32, mtp_s1",alpaca_eval-0130,117,14663,3799,0.125,0.0,0.125,tie,0.16509151458740234,30,1,256,256,False,1,1,True
"spec vs plain c32, mtp_s1",alpaca_eval-0150,120,11,25,0.0,0.125,0.125,tie,0.19124841690063477,119,1,256,256,False,0,2,True
"spec vs plain c32, mtp_s1",alpaca_eval-0160,112,12983,5369,0.125,0.0,0.125,tie,0.2345747947692871,92,1,256,256,False,1,1,True
"spec vs plain c32, mtp_s1",alpaca_eval-0170,192,557,579,0.0,0.125,0.125,tie,0.17066693305969238,55,1,256,256,False,1,2,True
"spec vs plain c32, mtp_s1",alpaca_eval-0180,21,4752,6206,0.0,0.125,0.125,tie,0.1874830722808838,20,1,256,256,False,1,2,True
"spec vs plain c32, mtp_s1",alpaca_eval-0200,144,68,39551,0.0,0.125,0.125,tie,0.2186591625213623,78,1,256,256,False,0,2,True
"spec vs plain c32, mtp_s1",alpaca_eval-0210,20,321,4016,0.0,0.125,0.125,tie,0.1211400032043457,14,1,256,256,False,1,2,True
"spec vs plain c32, mtp_s1",alpaca_eval-0220,7,1402,65884,0.0,0.12499994039535522,0.125,tie,0.12562203407287598,1,1,256,256,False,0,2,True
"spec vs plain c32, mtp_s1",alpaca_eval-0230,190,23373,12298,0.125,0.0,0.125,tie,0.20406174659729004,171,1,256,256,False,1,2,True
"spec vs plain c32, mtp_s1",alpaca_eval-0250,71,5214,48559,0.0,0.125,0.125,tie,0.15218162536621094,4,1,256,256,False,0,1,True
"spec vs plain c32, mtp_s1",alpaca_eval-0260,78,198,271,0.0,0.125,0.125,tie,0.23539042472839355,29,1,256,256,False,0,2,True
"spec vs plain c32, mtp_s1",alpaca_eval-0280,90,328,6286,0.0,0.125,0.125,tie,0.23488092422485352,32,1,256,256,False,0,1,True
"spec vs plain c32, mtp_s1",alpaca_eval-0300,5,16866,638,0.125,0.0,0.125,tie,5.10007084812969e-05,4,1,256,256,False,0,2,True
"spec vs plain c32, mtp_s1",alpaca_eval-0320,31,25,5469,0.0,0.125,0.125,tie,0.21425724029541016,26,1,256,256,False,0,1,True
"spec vs plain c32, mtp_s1",alpaca_eval-0330,10,13759,2534,0.125,0.0,0.125,tie,0.11185240745544434,7,2,256,256,False,0,2,True
"spec vs plain c32, mtp_s1",alpaca_eval-0340,111,4650,68,0.125,0.0,0.125,tie,0.23874115943908691,44,1,188,195,False,0,1,True
"spec vs plain c32, mtp_s1",alpaca_eval-0360,113,17,18,0.0,0.125,0.125,tie,0.23879146575927734,107,1,256,256,False,1,2,True
"spec vs plain c32, mtp_s1",alpaca_eval-0390,3,10,220,0.0,0.125,0.0625,tie,6.246566772460938e-05,1,1,256,256,False,0,2,True
"spec vs plain c32, mtp_s1",alpaca_eval-0400,7,1510,2972,0.0,0.125,0.125,tie,0.10922884941101074,5,1,256,256,False,0,2,True
"spec vs plain c32, mtp_s1",alpaca_eval-0410,76,23853,3136,0.125,0.0,0.125,tie,0.15406394004821777,44,1,256,256,False,0,2,True
"spec vs plain c32, mtp_s1",alpaca_eval-0420,33,3611,5629,0.0,0.125,0.125,tie,0.18798446655273438,9,1,202,256,False,0,2,True
"spec vs plain c32, mtp_s1",alpaca_eval-0440,80,15771,35,0.125,0.0,0.125,tie,0.2203059196472168,74,1,256,256,False,1,2,True
"spec vs plain c32, mtp_s1",alpaca_eval-0450,231,3376,321,0.12500005960464478,0.0,0.125,tie,0.23864269256591797,227,1,256,256,False,0,2,True
"spec vs plain c32, mtp_s1",alpaca_eval-0460,21,318,466,0.0,0.125,0.125,tie,0.23914837837219238,5,1,256,256,False,1,2,True
"spec vs plain c32, mtp_s1",alpaca_eval-0480,143,9,169286,0.0,0.125,0.125,tie,0.23720860481262207,77,0,256,256,False,0,2,True
"spec vs plain c32, mtp_s1",alpaca_eval-0490,130,6163,58655,0.0,0.125,0.125,tie,0.20648455619812012,117,0,256,256,False,0,2,True
"spec vs plain c32, mtp_s1",alpaca_eval-0500,94,13441,2100,0.125,0.0,0.125,tie,0.1528337001800537,84,1,256,256,False,0,2,True
"spec vs plain c32, mtp_s1",alpaca_eval-0510,115,33,47,0.0,0.125,0.125,tie,0.18044137954711914,106,1,167,164,False,0,2,True
"spec vs plain c32, mtp_s1",alpaca_eval-0520,125,760,88433,0.0,0.0625,0.0625,tie,0.2108529806137085,64,1,256,256,False,0,2,True
"spec vs plain c32, mtp_s1",alpaca_eval-0530,162,13,34093,0.0,0.125,0.125,tie,0.22685742378234863,99,1,256,256,False,0,2,True
"spec vs plain c32, mtp_s1",alpaca_eval-0550,92,5474,3037,0.125,0.0,0.125,tie,0.20250225067138672,59,0,256,256,False,1,1,True
"spec vs plain c32, mtp_s1",alpaca_eval-0570,1,3766,4400,0.0,0.125,0.125,tie,0.0,,,256,256,False,0,1,True
"spec vs plain c32, mtp_s1",alpaca_eval-0590,235,37568,21426,0.125,0.0,0.125,tie,0.23047161102294922,66,0,256,256,False,0,2,True
"spec vs plain c32, mtp_s1",cnn_dailymail-0001,70,2902,6351,0.0,0.125,0.125,tie,0.13138723373413086,45,1,125,119,False,0,2,True
"spec vs plain c32, mtp_s1",cnn_dailymail-0002,150,2599,30284,0.0,0.125,0.125,tie,0.20598196983337402,92,1,256,256,False,0,2,True
"spec vs plain c32, mtp_s1",cnn_dailymail-0003,43,4097,7106,0.0,0.125,0.125,tie,0.18795275688171387,3,1,112,109,False,0,2,True
"spec vs plain c32, mtp_s1",cnn_dailymail-0004,47,11,314,0.0,0.125,0.125,tie,0.1373276710510254,43,1,97,99,False,0,1,True
"spec vs plain c32, mtp_s1",cnn_dailymail-0005,49,18659,7524,0.125,0.0,0.125,tie,0.2193465232849121,48,1,256,256,False,0,2,True
"spec vs plain c32, mtp_s1",cnn_dailymail-0006,88,279,8129,0.0,0.125,0.125,tie,0.2334597110748291,15,1,115,118,False,0,1,True
"spec vs plain c32, mtp_s1",cnn_dailymail-0009,39,5879,31511,0.0,0.125,0.125,tie,0.22852468490600586,27,0,81,84,False,1,2,True
"spec vs plain c32, mtp_s1",cnn_dailymail-0016,86,303,13,0.125,0.0,0.125,tie,0.19057965278625488,49,1,126,119,False,0,2,True
"spec vs plain c32, mtp_s1",cnn_dailymail-0017,68,1027,279,0.125,0.0,0.125,tie,0.16598868370056152,65,1,256,256,False,1,2,True
"spec vs plain c32, mtp_s1",cnn_dailymail-0018,91,264,279,0.0,0.125,0.125,tie,0.19918298721313477,19,1,111,111,False,0,2,True
"spec vs plain c32, mtp_s1",cnn_dailymail-0020,71,12968,2824,0.125,0.0,0.125,tie,0.12205862998962402,41,1,256,256,False,1,2,True
"spec vs plain c32, mtp_s1",cnn_dailymail-0021,43,1010,4788,0.0,0.125,0.125,tie,0.18346905708312988,27,1,131,156,False,0,1,True
"spec vs plain c32, mtp_s1",cnn_dailymail-0022,48,364,321,0.125,0.0,0.125,tie,0.1233665943145752,44,1,116,108,False,0,2,True
"spec vs plain c32, mtp_s1",cnn_dailymail-0024,22,2785,5732,0.0,0.125,0.125,tie,0.12502288818359375,7,1,112,110,False,0,2,True
"spec vs plain c32, mtp_s1",cnn_dailymail-0028,54,43001,328,0.125,0.0,0.125,tie,0.193436861038208,49,1,114,115,False,0,2,True
"spec vs plain c32, mtp_s1",cnn_dailymail-0029,42,25,9926,0.125,0.125,0.125,one_ulp,0.24331068992614746,41,1,256,256,False,1,2,True
"spec vs plain c32, mtp_s1",cnn_dailymail-0030,59,1528,491,0.125,0.0,0.125,tie,0.22864961624145508,13,1,94,92,False,0,2,True
"spec vs plain c32, mtp_s1",cnn_dailymail-0031,89,16679,1602,0.125,0.0,0.125,tie,0.17978477478027344,38,1,132,133,False,0,1,True
"spec vs plain c32, mtp_s1",cnn_dailymail-0032,153,22525,75532,0.0,0.125,0.125,tie,0.24171996116638184,73,1,256,256,False,0,2,True
"spec vs plain c32, mtp_s1",cnn_dailymail-0035,192,1615,21046,0.0,0.125,0.125,tie,0.22266387939453125,55,1,256,256,False,1,2,True
"spec vs plain c32, mtp_s1",cnn_dailymail-0036,8,11,15784,0.0,0.125,0.125,tie,0.19908475875854492,5,1,108,113,False,0,2,True
"spec vs plain c32, mtp_s1",cnn_dailymail-0037,4,303,424,0.0,0.125,0.125,tie,0.1251509189605713,3,1,110,114,False,1,2,True
"spec vs plain c32, mtp_s1",cnn_dailymail-0038,104,9290,509,0.125,0.0,0.125,tie,0.23810482025146484,72,1,256,256,False,0,2,True
"spec vs plain c32, mtp_s1",cnn_dailymail-0039,132,28546,864,0.125,0.0,0.125,tie,0.23977136611938477,101,1,151,166,False,0,2,True
"spec vs plain c32, mtp_s1",gsm8k-0000,148,2420,5898,0.0,0.125,0.125,tie,0.16191887855529785,25,1,256,256,False,0,2,True
"spec vs plain c32, mtp_s1",gsm8k-0005,61,25,283,0.0,0.125,0.125,tie,0.23536419868469238,25,1,256,256,False,1,2,True
"spec vs plain c32, mtp_s1",gsm8k-0007,86,4003,854,0.125,0.0,0.125,tie,0.23393678665161133,4,1,256,256,False,1,2,True
"spec vs plain c32, mtp_s1",gsm8k-0009,146,458,27858,0.0,0.125,0.125,tie,0.24415254592895508,27,1,256,256,False,1,2,True
"spec vs plain c32, mtp_s1",gsm8k-0010,19,1324,29478,0.0,0.125,0.125,tie,0.14813411235809326,12,0,256,256,False,1,1,True
"spec vs plain c32, mtp_s1",gsm8k-0011,26,38663,1421,0.12500005960464478,0.0,0.125,tie,0.07593291997909546,2,1,256,256,False,1,2,True
"spec vs plain c32, mtp_s1",gsm8k-0012,81,1754,303,0.125,0.0,0.125,tie,0.23180866241455078,34,1,256,256,False,0,1,True
"spec vs plain c32, mtp_s1",gsm8k-0015,44,4997,31187,0.125,0.125,0.125,one_ulp,0.283034086227417,15,0,256,256,False,1,2,True
"spec vs plain c32, mtp_s1",gsm8k-0017,75,5381,7836,0.125,0.125,0.125,one_ulp,0.12572860717773438,47,1,256,256,False,0,2,True
"spec vs plain c32, mtp_s1",gsm8k-0020,113,220,2989,0.0,0.125,0.125,tie,0.24130988121032715,34,1,256,256,False,0,2,True
"spec vs plain c32, mtp_s1",gsm8k-0023,97,5141,279,0.125,0.0,0.125,tie,0.11728882789611816,95,0,256,256,False,0,2,True
"spec vs plain c32, mtp_s1",gsm8k-0025,19,279,3750,0.0,0.125,0.125,tie,0.10441374778747559,1,1,256,256,False,0,2,True
"spec vs plain c32, mtp_s1",gsm8k-0026,2,264,821,0.0,0.125,0.125,tie,5.4573873057961464e-05,1,1,256,256,False,1,1,True
"spec vs plain c32, mtp_s1",gsm8k-0028,27,3377,2702,0.125,0.0,0.125,tie,0.13139772415161133,17,0,240,248,False,0,2,True
"spec vs plain c32, mtp_s1",gsm8k-0031,7,1118,1144,0.0,0.125,0.125,tie,0.12266707420349121,5,0,256,256,False,0,2,True
"spec vs plain c32, mtp_s1",gsm8k-0032,120,791,13,0.125,0.0,0.125,tie,0.20880579948425293,104,1,256,256,False,1,2,True
"spec vs plain c32, mtp_s1",gsm8k-0035,219,283,11086,0.0,0.125,0.125,tie,0.23262786865234375,204,1,256,256,False,1,2,True
"spec vs plain c32, mtp_s1",gsm8k-0036,26,159029,364,0.125,0.0,0.125,tie,0.23815202713012695,19,1,245,239,False,1,2,True
"spec vs plain c32, mtp_s1",gsm8k-0037,47,16,1088,0.0,0.125,0.125,tie,0.12328457832336426,21,0,256,256,False,1,2,True
"spec vs plain c32, mtp_s1",gsm8k-0038,162,6558,1368,0.125,0.0,0.125,tie,0.193747878074646,105,0,256,256,False,0,2,True
"spec vs plain c32, mtp_s1",gsm8k-0039,201,271,198,0.125,0.0,0.125,tie,0.22565269470214844,157,0,256,256,False,0,2,True
"spec vs plain c32, mtp_s1",gsm8k-0040,43,13682,9,0.125,0.0,0.125,tie,0.09863805770874023,37,2,221,208,False,1,2,True
"spec vs plain c32, mtp_s1",gsm8k-0042,94,1238,506,0.125,0.0,0.125,tie,0.12573814392089844,28,1,201,199,False,0,2,True
"spec vs plain c32, mtp_s1",gsm8k-0044,16,15771,2014,0.125,0.0,0.125,tie,0.09288835525512695,2,1,256,256,False,1,2,True
"spec vs plain c32, mtp_s1",gsm8k-0049,16,13,303,0.0,0.25,0.25,tie,0.2330777645111084,10,1,256,256,False,1,2,True
"spec vs plain c32, mtp_s1",gsm8k-0052,141,279,411,0.0,0.125,0.125,tie,0.23089194297790527,93,1,256,256,False,0,1,True
"spec vs plain c32, mtp_s1",gsm8k-0053,249,19892,7548,0.125,0.0,0.125,tie,0.2431962490081787,27,0,256,256,False,0,2,True
"spec vs plain c32, mtp_s1",gsm8k-0060,20,321,13,0.125,0.0,0.125,tie,0.15900635719299316,1,1,256,256,False,0,2,True
"spec vs plain c32, mtp_s1",gsm8k-0061,16,2250,836,0.125,0.0,0.125,tie,0.12196898460388184,1,1,256,248,False,1,2,True
"spec vs plain c32, mtp_s1",gsm8k-0063,155,198,271,0.0,0.125,0.125,tie,0.23641204833984375,38,0,256,256,False,1,2,True
"spec vs plain c32, mtp_s1",gsm8k-0065,190,17239,5122,0.125,0.0,0.125,tie,0.2379453182220459,110,1,256,256,False,1,2,True
"spec vs plain c32, mtp_s1",gsm8k-0068,31,4007,279,0.125,0.0,0.125,tie,0.11790776252746582,9,1,256,256,False,1,2,True
"spec vs plain c32, mtp_s1",gsm8k-0070,27,15142,383,0.125,0.0,0.125,tie,0.18463706970214844,8,0,256,256,False,1,2,True
"spec vs plain c32, mtp_s1",gsm8k-0073,129,3714,3240,0.125,0.0,0.125,tie,0.13266539573669434,102,1,256,256,False,1,2,True
"spec vs plain c32, mtp_s1",gsm8k-0074,111,7336,4625,0.125,0.0,0.125,tie,0.12260603904724121,54,1,256,256,False,0,2,True
"spec vs plain c32, mtp_s1",gsm8k-0076,53,9,13682,0.0,0.125,0.125,tie,0.23471760749816895,36,1,256,256,False,0,2,True
"spec vs plain c32, mtp_s1",humaneval-0000,127,364,413,0.0,0.125,0.125,tie,3.0748211429454386e-05,45,1,173,183,False,0,2,True
"spec vs plain c32, mtp_s1",humaneval-0002,96,760,1206,0.125,0.25,0.125,near,0.24547433853149414,95,1,256,256,False,0,2,True
"spec vs plain c32, mtp_s1",humaneval-0005,212,1103,39965,0.0,0.125,0.125,tie,0.12261033058166504,129,1,256,256,False,1,2,True
"spec vs plain c32, mtp_s1",humaneval-0008,77,1445,727,0.125,0.0,0.125,tie,0.20326018333435059,53,1,256,256,False,1,2,True
"spec vs plain c32, mtp_s1",humaneval-0011,222,1179,5335,0.0,0.125,0.125,tie,0.14973235130310059,108,1,256,256,False,1,2,True
"spec vs plain c32, mtp_s1",humaneval-0014,160,7,6686,0.0,0.125,0.125,tie,0.2373485565185547,107,1,256,256,False,0,2,True
"spec vs plain c32, mtp_s1",humaneval-0017,121,2425,12,0.125,0.0,0.125,tie,0.11953878402709961,69,1,256,256,False,1,2,True
"spec vs plain c32, mtp_s1",humaneval-0020,123,264,53064,0.0,0.125,0.125,tie,0.240462064743042,121,1,256,256,False,0,2,True
"spec vs plain c32, mtp_s1",humaneval-0026,52,1204,279,0.125,0.0,0.125,tie,0.2022252082824707,18,1,256,256,False,0,2,True
"spec vs plain c32, mtp_s1",humaneval-0027,2,198,1358,0.0,0.125,0.125,tie,2.264931026729755e-06,1,1,81,81,False,1,1,True
"spec vs plain c32, mtp_s1",humaneval-0032,94,1902,682,0.125,0.0,0.125,tie,0.16221094131469727,68,0,256,256,False,0,2,True
"spec vs plain c32, mtp_s1",humaneval-0033,164,198,271,0.0,0.125,0.125,tie,0.2223818302154541,155,0,256,256,False,0,2,True
"spec vs plain c32, mtp_s1",humaneval-0038,26,579,728,0.0,0.125,0.125,tie,0.23739862442016602,25,1,256,256,False,0,2,True
"spec vs plain c32, mtp_s1",humaneval-0039,211,1698,2912,0.0,0.125,0.125,tie,0.10973596572875977,3,1,253,251,False,0,2,True
"spec vs plain c32, mtp_s1",humaneval-0047,115,3165,11319,0.0,0.125,0.125,tie,0.1874912977218628,91,1,256,256,False,0,2,True
"spec vs plain c32, mtp_s1",humaneval-0050,13,561,1061,0.0,0.12500005960464478,0.125,tie,0.10427069664001465,1,1,256,256,False,0,2,True
"spec vs plain c32, mtp_s1",humaneval-0053,18,709,5089,0.0,0.125,0.125,tie,0.12115311622619629,16,1,193,172,False,1,2,True
"spec vs plain c32, mtp_s1",humaneval-0056,131,1,763,0.0,0.125,0.125,tie,0.18495392799377441,116,1,256,256,False,0,2,True
"spec vs plain c32, mtp_s1",mt_bench-0000,3,11,303,0.0,0.0625,0.0625,tie,0.00010395050048828125,1,1,256,256,False,1,1,True
"spec vs plain c32, mtp_s1",mt_bench-0002,130,8615,279,0.125,0.0,0.125,tie,0.1937931776046753,105,1,256,256,False,0,2,True
"spec vs plain c32, mtp_s1",mt_bench-0003,30,6379,4929,0.125,0.0,0.125,tie,0.16442656517028809,19,1,256,256,False,0,2,True
"spec vs plain c32, mtp_s1",mt_bench-0004,152,84563,11319,0.25,0.0,0.125,tie,0.21483826637268066,85,1,231,238,False,0,1,True
"spec vs plain c32, mtp_s1",mt_bench-0005,97,33367,37728,0.0,0.0625,0.0625,tie,0.21971893310546875,70,1,256,256,False,0,2,True
"spec vs plain c32, mtp_s1",mt_bench-0006,33,1040,80592,0.0,0.125,0.0625,tie,0.19421672821044922,21,1,256,256,False,0,1,True
"spec vs plain c32, mtp_s1",mt_bench-0007,13,3413,15920,0.0,0.0625,0.0625,tie,0.11079716682434082,3,1,204,174,False,1,2,True
"spec vs plain c32, mtp_s1",mt_bench-0008,213,4950,381,0.125,0.0,0.125,tie,0.1992485523223877,198,1,256,256,False,0,2,True
"spec vs plain c32, mtp_s1",mt_bench-0009,144,364,681,0.0,0.125,0.125,tie,0.24062085151672363,101,1,256,256,False,1,2,True
"spec vs plain c32, mtp_s1",mt_bench-0010,164,1042,279,0.12499988079071045,0.0,0.125,tie,0.23097753524780273,136,1,254,215,False,1,2,True
"spec vs plain c32, mtp_s1",mt_bench-0011,147,64,435,0.125,0.125,0.0625,near,0.22611784934997559,35,1,256,256,False,0,2,True
"spec vs plain c32, mtp_s1",mt_bench-0012,209,68,13181,0.0,0.25,0.125,tie,0.24494504928588867,50,1,256,256,False,1,2,True
"spec vs plain c32, mtp_s1",mt_bench-0014,171,258,286,0.0,0.125,0.125,tie,0.21686339378356934,22,1,256,256,False,1,2,True
"spec vs plain c32, mtp_s1",mt_bench-0015,116,19180,16534,0.125,0.125,0.125,one_ulp,0.24355244636535645,9,1,256,256,False,1,2,True
"spec vs plain c32, mtp_s1",mt_bench-0017,166,33266,638,0.0625,0.0,0.0625,tie,0.1541144847869873,31,1,256,256,False,0,2,True
"spec vs plain c32, mtp_s1",mt_bench-0018,28,61,32773,0.0,0.125,0.125,tie,0.12083792686462402,5,1,132,158,False,1,2,True
"spec vs plain c32, mtp_s1",mt_bench-0022,204,369,4138,0.0,0.125,0.125,tie,0.2434859275817871,8,1,256,237,False,1,2,True
"spec vs plain c32, mtp_s1",mt_bench-0023,136,1368,1987,0.0,0.125,0.125,tie,0.24227476119995117,78,1,256,256,False,0,2,True
"spec vs plain c32, mtp_s1",mt_bench-0026,212,198,3130,0.0,0.125,0.125,tie,0.23382329940795898,17,1,256,256,False,0,2,True
"spec vs plain c32, mtp_s1",mt_bench-0028,93,22426,2972,0.125,0.0,0.125,tie,0.22575592994689941,63,1,256,256,False,1,2,True
"spec vs plain c32, mtp_s1",mt_bench-0029,123,310,13,0.125,0.0,0.125,tie,0.19385194778442383,113,1,256,256,False,0,2,True
"spec vs plain c32, mtp_s1",mt_bench-0034,108,348,1518,0.0,0.125,0.125,tie,0.12263369560241699,77,1,256,256,False,1,2,True
"spec vs plain c32, mtp_s1",mt_bench-0035,182,37201,2441,0.125,0.0,0.125,tie,0.24206042289733887,26,1,256,256,False,0,2,True
"spec vs plain c32, mtp_s1",mt_bench-0036,39,733,47246,0.0,0.125,0.125,tie,0.12122988700866699,27,1,256,256,False,0,2,True
"spec vs plain c32, mtp_s1",mt_bench-0037,200,393,279,0.125,0.0,0.125,tie,0.23205780982971191,94,1,256,256,False,1,2,True
"spec vs plain c32, mtp_s1",mt_bench-0039,143,279,26782,0.0,0.125,0.125,tie,0.12777280807495117,45,1,256,256,False,0,2,True
"spec vs plain c32, mtp_s1",mt_bench-0040,21,279,27690,0.0,0.125,0.125,tie,0.22320127487182617,4,1,256,256,False,0,2,True
"spec vs plain c32, mtp_s1",mt_bench-0041,215,16,15,0.125,0.0,0.125,tie,0.21491742134094238,196,0,256,256,False,0,2,True
"spec vs plain c32, mtp_s1",mt_bench-0042,128,2081,3779,0.0,0.125,0.125,tie,0.21234941482543945,38,0,256,256,False,0,2,True
"spec vs plain c32, mtp_s1",mt_bench-0044,74,93001,39,0.125,0.0,0.125,tie,0.20844483375549316,46,1,256,256,False,1,2,True
"spec vs plain c32, mtp_s1",mt_bench-0045,67,10539,8882,0.125,0.0,0.125,tie,0.23421359062194824,24,1,256,256,False,0,2,True
"spec vs plain c32, mtp_s1",mt_bench-0047,40,7620,1,0.125,0.0,0.0625,tie,0.14975833892822266,38,1,256,256,False,1,1,True
"spec vs plain c32, mtp_s1",mt_bench-0048,49,580,488,0.125,0.0,0.125,tie,0.12120819091796875,45,1,256,256,False,0,1,True
"spec vs plain c32, mtp_s1",mt_bench-0049,24,466,11,0.125,0.0,0.125,tie,0.22638726234436035,20,1,256,256,False,1,2,True
"spec vs plain c32, mtp_s1",mt_bench-0050,247,3158,799,0.125,0.0,0.125,tie,0.3426513671875,37,1,256,256,False,1,2,True
"spec vs plain c32, mtp_s1",mt_bench-0053,33,795,1103,0.0,0.125,0.125,tie,0.11791610717773438,22,1,256,256,False,1,1,True
"spec vs plain c32, mtp_s1",mt_bench-0060,32,6745,29144,0.0,0.125,0.125,tie,0.16274559497833252,18,1,256,256,False,0,2,True
"spec vs plain c32, mtp_s1",mt_bench-0061,82,5529,1902,0.125,0.125,0.125,one_ulp,0.3178060054779053,45,1,256,256,False,0,2,True
"spec vs plain c32, mtp_s1",mt_bench-0062,154,318,13,0.125,0.0,0.125,tie,0.14118719100952148,114,1,256,256,False,0,2,True
"spec vs plain c32, mtp_s1",mt_bench-0063,199,279,75113,0.0,0.125,0.125,tie,0.243927001953125,47,1,256,256,False,0,2,True
"spec vs plain c32, mtp_s1",mt_bench-0064,1,64583,8340,0.125,0.0,0.125,tie,0.0,,,256,256,False,0,1,True
"spec vs plain c32, mtp_s1",mt_bench-0065,92,271,198,0.125,0.0,0.125,tie,0.12260818481445312,82,1,256,256,False,1,2,True
"spec vs plain c32, mtp_s1",mt_bench-0066,56,2984,9111,0.125,0.125,0.125,one_ulp,0.13988971710205078,38,1,256,256,False,0,1,True
"spec vs plain c32, mtp_s1",mt_bench-0067,37,36515,2790,0.125,0.0,0.125,tie,0.11599063873291016,29,1,256,256,False,1,2,True
"spec vs plain c32, mtp_s1",mt_bench-0068,153,283,478,0.0,0.125,0.125,tie,0.2237107753753662,105,1,256,256,False,1,2,True
"spec vs plain c32, mtp_s1",mt_bench-0069,47,364,421,0.0,0.125,0.125,tie,0.11954474449157715,9,1,256,256,False,1,2,True
"spec vs plain c32, mtp_s1",mt_bench-0071,34,28604,2950,0.125,0.125,0.125,one_ulp,0.10919332504272461,20,1,256,256,False,0,2,True
"spec vs plain c32, mtp_s1",mt_bench-0072,107,5212,36110,0.0,0.25,0.25,tie,0.19948434829711914,57,1,256,256,False,1,2,True
"spec vs plain c32, mtp_s1",mt_bench-0075,17,369,318,0.125,0.0,0.125,tie,0.11089468002319336,12,1,256,256,False,0,2,True
"spec vs plain c32, mtp_s1",mt_bench-0076,131,32530,369,0.125,0.0,0.125,tie,0.2390763759613037,69,1,256,256,False,1,1,True
"spec vs plain c32, mtp_s1",mt_bench-0077,86,74316,36009,0.125,0.0,0.125,tie,0.17479956150054932,63,1,256,256,False,1,2,True
"spec vs plain c32, mtp_s1",mt_bench-0078,34,54759,4670,0.125,0.0,0.125,tie,0.24015569686889648,15,1,256,256,False,1,2,True
"spec vs plain c32, mtp_s1",mt_bench-0079,212,3115,9492,0.0,0.125,0.125,tie,0.3144059181213379,54,1,256,256,False,0,1,True
"spec vs plain c32, mtp_s3",alpaca_eval-0000,73,56276,10345,0.125,0.0,0.125,tie,0.24398446083068848,8,1,256,256,False,1,2,True
"spec vs plain c32, mtp_s3",alpaca_eval-0010,246,34,36418,0.0,0.125,0.125,tie,0.23806118965148926,171,1,256,256,False,1,2,True
"spec vs plain c32, mtp_s3",alpaca_eval-0020,156,1441,424,0.125,0.0,0.125,tie,0.19452500343322754,129,1,256,256,False,1,3,True
"spec vs plain c32, mtp_s3",alpaca_eval-0030,155,30835,15166,0.125,0.0,0.0625,tie,0.20427584648132324,110,1,256,256,False,0,3,True
"spec vs plain c32, mtp_s3",alpaca_eval-0040,8,3046,1484,0.125,0.0,0.125,tie,0.12182235717773438,3,1,256,256,False,2,2,True
"spec vs plain c32, mtp_s3",alpaca_eval-0050,254,1151,7832,0.0,0.125,0.125,tie,0.23717761039733887,112,1,256,256,False,1,1,True
"spec vs plain c32, mtp_s3",alpaca_eval-0060,125,37462,20331,0.0625,0.0,0.0625,tie,0.24229168891906738,94,1,256,256,False,3,2,True
"spec vs plain c32, mtp_s3",alpaca_eval-0080,76,15214,50209,0.0,0.125,0.125,tie,0.12948131561279297,72,1,256,256,False,3,3,True
"spec vs plain c32, mtp_s3",alpaca_eval-0090,184,279,328,0.0,0.125,0.125,tie,0.35106921195983887,164,1,256,256,False,0,2,True
"spec vs plain c32, mtp_s3",alpaca_eval-0100,51,10919,264,0.125,0.0,0.125,tie,0.13544487953186035,39,1,256,256,False,1,4,True
"spec vs plain c32, mtp_s3",alpaca_eval-0120,100,68587,1852,0.125,0.0,0.125,tie,0.1927192211151123,86,1,156,169,False,0,3,True
"spec vs plain c32, mtp_s3",alpaca_eval-0130,117,14663,3799,0.125,0.0,0.125,tie,0.16509151458740234,30,1,256,256,False,1,1,True
"spec vs plain c32, mtp_s3",alpaca_eval-0150,120,11,25,0.0,0.125,0.125,tie,0.19124841690063477,119,1,256,256,False,0,4,True
"spec vs plain c32, mtp_s3",alpaca_eval-0160,112,12983,5369,0.125,0.0,0.125,tie,0.2345747947692871,92,1,256,256,False,1,1,True
"spec vs plain c32, mtp_s3",alpaca_eval-0170,192,557,579,0.0,0.125,0.125,tie,0.17066693305969238,55,1,256,256,False,1,2,True
"spec vs plain c32, mtp_s3",alpaca_eval-0180,21,4752,6206,0.0,0.125,0.125,tie,0.2322998046875,15,1,256,256,False,1,2,True
"spec vs plain c32, mtp_s3",alpaca_eval-0200,144,68,39551,0.0,0.125,0.125,tie,0.2186591625213623,78,1,256,256,False,0,2,True
"spec vs plain c32, mtp_s3",alpaca_eval-0210,20,321,4016,0.0,0.125,0.125,tie,0.1211400032043457,14,1,256,256,False,1,4,True
"spec vs plain c32, mtp_s3",alpaca_eval-0220,7,1402,65884,0.0,0.12499994039535522,0.125,tie,0.12562203407287598,1,1,256,256,False,0,2,True
"spec vs plain c32, mtp_s3",alpaca_eval-0230,220,18516,2528,0.125,0.0,0.125,tie,0.17819976806640625,203,1,256,256,False,2,4,True
"spec vs plain c32, mtp_s3",alpaca_eval-0240,238,1220,3125,0.0,0.125,0.125,tie,0.23880529403686523,146,1,256,256,False,2,4,True
"spec vs plain c32, mtp_s3",alpaca_eval-0250,71,5214,48559,0.0,0.125,0.125,tie,0.15218162536621094,4,1,256,256,False,0,1,True
"spec vs plain c32, mtp_s3",alpaca_eval-0260,78,198,271,0.0,0.125,0.125,tie,0.23539042472839355,29,1,256,256,False,2,3,True
"spec vs plain c32, mtp_s3",alpaca_eval-0280,90,328,6286,0.0,0.125,0.125,tie,0.23488092422485352,32,1,256,256,False,3,3,True
"spec vs plain c32, mtp_s3",alpaca_eval-0300,5,16866,638,0.125,0.0,0.125,tie,5.10007084812969e-05,4,1,256,256,False,0,4,True
"spec vs plain c32, mtp_s3",alpaca_eval-0320,31,25,5469,0.0,0.125,0.125,tie,0.21425724029541016,26,1,256,256,False,0,1,True
"spec vs plain c32, mtp_s3",alpaca_eval-0330,10,13759,2534,0.125,0.0,0.125,tie,0.11185240745544434,7,2,256,256,False,2,2,True
"spec vs plain c32, mtp_s3",alpaca_eval-0340,111,4650,68,0.125,0.0,0.125,tie,0.23874115943908691,44,1,188,195,False,0,1,True
"spec vs plain c32, mtp_s3",alpaca_eval-0350,254,15714,3050,0.125,0.0,0.125,tie,0.21809744834899902,117,1,256,256,False,0,1,True
"spec vs plain c32, mtp_s3",alpaca_eval-0360,113,17,18,0.0,0.125,0.125,tie,0.23879146575927734,107,1,256,256,False,1,1,True
"spec vs plain c32, mtp_s3",alpaca_eval-0390,3,10,220,0.0,0.125,0.0625,tie,6.246566772460938e-05,1,1,256,256,False,2,1,True
"spec vs plain c32, mtp_s3",alpaca_eval-0400,7,1510,2972,0.0,0.125,0.125,tie,0.10922884941101074,5,1,256,256,False,1,3,True
"spec vs plain c32, mtp_s3",alpaca_eval-0410,76,23853,3136,0.125,0.0,0.125,tie,0.15406394004821777,44,1,256,256,False,1,3,True
"spec vs plain c32, mtp_s3",alpaca_eval-0420,33,3611,5629,0.0,0.125,0.125,tie,0.18798446655273438,9,1,202,249,False,2,1,True
"spec vs plain c32, mtp_s3",alpaca_eval-0440,80,15771,35,0.125,0.0,0.125,tie,0.2203059196472168,74,1,256,256,False,2,4,True
"spec vs plain c32, mtp_s3",alpaca_eval-0450,250,25,310,0.0,0.125,0.125,tie,0.22518467903137207,184,1,256,256,False,1,2,True
"spec vs plain c32, mtp_s3",alpaca_eval-0460,102,1049,1394,0.0,0.125,0.125,tie,0.2410292625427246,5,0,256,256,False,2,2,True
"spec vs plain c32, mtp_s3",alpaca_eval-0480,143,9,169286,0.0,0.125,0.125,tie,0.23720860481262207,77,0,256,256,False,3,3,True
"spec vs plain c32, mtp_s3",alpaca_eval-0490,130,6163,58655,0.0,0.125,0.125,tie,0.20648455619812012,117,0,256,256,False,0,3,True
"spec vs plain c32, mtp_s3",alpaca_eval-0500,36,56679,21397,0.125,0.0,0.125,tie,0.11717581748962402,25,1,256,256,False,1,4,True
"spec vs plain c32, mtp_s3",alpaca_eval-0510,115,33,47,0.0,0.125,0.125,tie,0.18044137954711914,106,1,167,164,False,0,4,True
"spec vs plain c32, mtp_s3",alpaca_eval-0520,125,760,88433,0.0,0.0625,0.0625,tie,0.2108529806137085,64,1,256,256,False,3,4,True
"spec vs plain c32, mtp_s3",alpaca_eval-0530,162,13,34093,0.0,0.125,0.125,tie,0.22685742378234863,99,1,256,256,False,0,1,True
"spec vs plain c32, mtp_s3",alpaca_eval-0550,92,5474,3037,0.125,0.0,0.125,tie,0.15259671211242676,14,1,256,256,False,1,1,True
"spec vs plain c32, mtp_s3",alpaca_eval-0570,1,3766,4400,0.0,0.125,0.125,tie,0.0,,,256,256,False,0,1,True
"spec vs plain c32, mtp_s3",alpaca_eval-0580,220,864,748,0.125,0.0,0.125,tie,0.2433915138244629,10,0,256,256,False,1,1,True
"spec vs plain c32, mtp_s3",alpaca_eval-0590,204,279,821,0.0,0.125,0.125,tie,0.22402691841125488,66,0,256,256,False,0,2,True
"spec vs plain c32, mtp_s3",cnn_dailymail-0000,85,264,449,0.0,0.125,0.125,tie,0.14903104305267334,56,1,112,113,False,0,2,True
"spec vs plain c32, mtp_s3",cnn_dailymail-0001,93,303,314,0.0,0.125,0.125,tie,0.13886117935180664,66,1,125,119,False,2,1,True
"spec vs plain c32, mtp_s3",cnn_dailymail-0003,43,4097,7106,0.0,0.125,0.125,tie,0.18795275688171387,3,1,112,109,False,2,2,True
"spec vs plain c32, mtp_s3",cnn_dailymail-0004,47,11,314,0.0,0.125,0.125,tie,0.1373276710510254,43,1,97,99,False,0,4,True
"spec vs plain c32, mtp_s3",cnn_dailymail-0005,129,12769,1669,0.125,0.0,0.125,tie,0.23935890197753906,115,1,256,256,False,0,3,True
"spec vs plain c32, mtp_s3",cnn_dailymail-0006,82,13211,65844,0.0,0.125,0.125,tie,0.20218396186828613,52,1,115,114,False,0,3,True
"spec vs plain c32, mtp_s3",cnn_dailymail-0009,39,5879,31511,0.0,0.125,0.125,tie,0.22856712341308594,27,0,81,86,False,1,2,True
"spec vs plain c32, mtp_s3",cnn_dailymail-0011,225,321,11,0.125,0.0,0.125,tie,0.16963934898376465,167,1,256,256,False,0,2,True
"spec vs plain c32, mtp_s3",cnn_dailymail-0013,28,10853,12933,0.125,0.125,0.125,one_ulp,0.14811134338378906,4,1,121,122,False,1,1,True
"spec vs plain c32, mtp_s3",cnn_dailymail-0014,49,64777,1208,0.125,0.0,0.125,tie,0.2441730499267578,45,0,256,256,False,1,3,True
"spec vs plain c32, mtp_s3",cnn_dailymail-0016,86,303,13,0.125,0.0,0.125,tie,0.24478840827941895,29,1,126,119,False,1,4,True
"spec vs plain c32, mtp_s3",cnn_dailymail-0018,91,264,279,0.0,0.125,0.125,tie,0.2153935432434082,83,1,111,111,False,0,2,True
"spec vs plain c32, mtp_s3",cnn_dailymail-0019,35,9953,13789,0.0,0.125,0.0625,tie,0.23574066162109375,7,1,104,108,False,2,4,True
"spec vs plain c32, mtp_s3",cnn_dailymail-0020,71,12968,2824,0.125,0.0,0.125,tie,0.12229251861572266,70,1,256,256,False,3,4,True
"spec vs plain c32, mtp_s3",cnn_dailymail-0022,81,4171,44164,0.0,0.125,0.125,tie,0.18916583061218262,63,1,116,113,False,1,1,True
"spec vs plain c32, mtp_s3",cnn_dailymail-0023,49,36462,9892,0.125,0.0,0.125,tie,0.10738277435302734,45,1,256,256,False,0,3,True
"spec vs plain c32, mtp_s3",cnn_dailymail-0024,22,2785,5732,0.0,0.125,0.125,tie,0.12517499923706055,7,1,112,107,False,0,2,True
"spec vs plain c32, mtp_s3",cnn_dailymail-0025,86,18966,7309,0.125,0.125,0.125,one_ulp,0.1787726879119873,36,1,116,109,False,1,1,True
"spec vs plain c32, mtp_s3",cnn_dailymail-0026,226,48401,45482,0.125,0.0,0.125,tie,0.21721124649047852,95,1,256,256,False,0,4,True
"spec vs plain c32, mtp_s3",cnn_dailymail-0027,20,381,3512,0.0,0.125,0.125,tie,0.12151861190795898,15,1,96,110,False,1,2,True
"spec vs plain c32, mtp_s3",cnn_dailymail-0028,54,43001,328,0.125,0.0,0.125,tie,0.19446420669555664,49,1,114,111,False,2,4,True
"spec vs plain c32, mtp_s3",cnn_dailymail-0029,42,25,9926,0.125,0.125,0.125,one_ulp,0.12260818481445312,37,1,256,256,False,2,4,True
"spec vs plain c32, mtp_s3",cnn_dailymail-0030,59,1528,491,0.125,0.0,0.125,tie,0.22633028030395508,37,0,94,92,False,1,2,True
"spec vs plain c32, mtp_s3",cnn_dailymail-0031,89,16679,1602,0.125,0.0,0.125,tie,0.17978477478027344,38,1,132,133,False,0,1,True
"spec vs plain c32, mtp_s3",cnn_dailymail-0032,153,22525,75532,0.0,0.24999994039535522,0.125,tie,0.1856215000152588,131,1,256,256,False,2,4,True
"spec vs plain c32, mtp_s3",cnn_dailymail-0033,57,6349,10184,0.0,0.125,0.125,tie,0.3596644401550293,24,1,95,96,False,2,3,True
"spec vs plain c32, mtp_s3",cnn_dailymail-0035,192,1615,21046,0.0,0.125,0.125,tie,0.22790098190307617,143,1,256,256,False,2,4,True
"spec vs plain c32, mtp_s3",cnn_dailymail-0037,4,303,424,0.0,0.125,0.125,tie,0.1263136863708496,3,1,110,114,False,0,3,True
"spec vs plain c32, mtp_s3",cnn_dailymail-0038,104,9290,509,0.125,0.0,0.125,tie,0.2380974292755127,72,1,256,256,False,0,3,True
"spec vs plain c32, mtp_s3",cnn_dailymail-0039,53,310,303,0.125,0.0,0.125,tie,0.21276652812957764,47,1,151,151,False,2,4,True
"spec vs plain c32, mtp_s3",gsm8k-0000,148,2420,5898,0.0,0.125,0.125,tie,0.16191887855529785,25,1,256,256,False,2,4,True
"spec vs plain c32, mtp_s3",gsm8k-0005,61,25,283,0.0,0.125,0.125,tie,0.12181520462036133,55,1,256,256,False,3,2,True
"spec vs plain c32, mtp_s3",gsm8k-0007,86,4003,854,0.125,0.0,0.125,tie,0.23306727409362793,18,1,256,256,False,1,4,True
"spec vs plain c32, mtp_s3",gsm8k-0008,68,3491,13362,0.0,0.125,0.125,tie,0.12129640579223633,40,1,256,256,False,0,1,True
"spec vs plain c32, mtp_s3",gsm8k-0009,146,458,27858,0.0,0.125,0.125,tie,0.24415254592895508,27,1,256,256,False,0,4,True
"spec vs plain c32, mtp_s3",gsm8k-0010,159,10724,1423,0.125,0.0,0.125,tie,0.23089933395385742,81,0,256,256,False,3,4,True
"spec vs plain c32, mtp_s3",gsm8k-0013,45,430,13,0.125,0.0,0.125,tie,0.1686159372329712,40,0,256,256,False,1,1,True
"spec vs plain c32, mtp_s3",gsm8k-0015,44,4997,31187,0.125,0.125,0.125,one_ulp,0.283034086227417,15,0,256,256,False,1,4,True
"spec vs plain c32, mtp_s3",gsm8k-0017,75,5381,7836,0.125,0.125,0.125,one_ulp,0.12572860717773438,47,1,256,256,False,3,4,True
"spec vs plain c32, mtp_s3",gsm8k-0020,33,64494,4346,0.125,0.0,0.125,tie,0.11595511436462402,29,0,256,256,False,3,3,True
"spec vs plain c32, mtp_s3",gsm8k-0023,97,5141,279,0.125,0.0,0.125,tie,0.11728882789611816,95,0,256,256,False,2,4,True
"spec vs plain c32, mtp_s3",gsm8k-0025,19,279,3750,0.0,0.125,0.125,tie,0.10441374778747559,1,1,256,256,False,0,2,True
"spec vs plain c32, mtp_s3",gsm8k-0026,2,264,821,0.0,0.125,0.125,tie,5.4573873057961464e-05,1,1,256,256,False,1,1,True
"spec vs plain c32, mtp_s3",gsm8k-0028,27,3377,2702,0.125,0.0,0.125,tie,0.13139772415161133,17,0,240,248,False,0,3,True
"spec vs plain c32, mtp_s3",gsm8k-0031,7,1118,1144,0.0,0.125,0.125,tie,0.12266707420349121,5,0,256,256,False,2,4,True
"spec vs plain c32, mtp_s3",gsm8k-0032,120,791,13,0.125,0.0,0.125,tie,0.20880579948425293,104,1,256,256,False,1,4,True
"spec vs plain c32, mtp_s3",gsm8k-0035,219,283,11086,0.0,0.125,0.125,tie,0.23262786865234375,204,1,256,256,False,1,4,True
"spec vs plain c32, mtp_s3",gsm8k-0036,26,159029,364,0.125,0.0,0.125,tie,0.23815202713012695,19,1,245,239,False,1,4,True
"spec vs plain c32, mtp_s3",gsm8k-0037,47,16,1088,0.0,0.125,0.125,tie,0.12328457832336426,21,0,256,256,False,0,3,True
"spec vs plain c32, mtp_s3",gsm8k-0038,162,6558,1368,0.125,0.0,0.125,tie,0.23257875442504883,141,0,256,256,False,1,3,True
"spec vs plain c32, mtp_s3",gsm8k-0039,201,271,198,0.125,0.0,0.125,tie,0.22564315795898438,157,0,256,256,False,0,4,True
"spec vs plain c32, mtp_s3",gsm8k-0040,43,13682,9,0.125,0.0,0.125,tie,0.09863805770874023,37,2,221,208,False,3,4,True
"spec vs plain c32, mtp_s3",gsm8k-0042,94,1238,506,0.125,0.0,0.125,tie,0.12573814392089844,28,1,201,199,False,3,4,True
"spec vs plain c32, mtp_s3",gsm8k-0044,16,15771,2014,0.125,0.0,0.125,tie,0.09288835525512695,2,1,256,256,False,3,4,True
"spec vs plain c32, mtp_s3",gsm8k-0049,16,13,303,0.0,0.25,0.25,tie,0.1186985969543457,6,1,256,256,False,3,4,True
"spec vs plain c32, mtp_s3",gsm8k-0052,141,279,411,0.0,0.125,0.125,tie,0.23089194297790527,93,1,256,256,False,0,3,True
"spec vs plain c32, mtp_s3",gsm8k-0053,249,19892,7548,0.125,0.0,0.125,tie,0.2431962490081787,27,0,256,256,False,0,4,True
"spec vs plain c32, mtp_s3",gsm8k-0060,20,321,13,0.125,0.0,0.125,tie,0.15900635719299316,1,1,256,256,False,1,4,True
"spec vs plain c32, mtp_s3",gsm8k-0061,16,2250,836,0.125,0.0,0.125,tie,0.12196898460388184,1,1,256,248,False,1,4,True
"spec vs plain c32, mtp_s3",gsm8k-0063,155,198,271,0.0,0.125,0.125,tie,0.23641204833984375,38,0,256,256,False,1,4,True
"spec vs plain c32, mtp_s3",gsm8k-0065,190,17239,5122,0.125,0.0,0.125,tie,0.2379453182220459,110,1,256,256,False,1,4,True
"spec vs plain c32, mtp_s3",gsm8k-0068,31,4007,279,0.125,0.0,0.125,tie,0.11790776252746582,9,1,256,256,False,0,2,True
"spec vs plain c32, mtp_s3",gsm8k-0070,27,15142,383,0.125,0.0,0.125,tie,0.18463706970214844,8,0,256,256,False,0,4,True
"spec vs plain c32, mtp_s3",gsm8k-0073,129,3714,3240,0.125,0.0,0.125,tie,0.13266539573669434,102,1,256,256,False,1,3,True
"spec vs plain c32, mtp_s3",gsm8k-0074,117,22746,348,0.125,0.0,0.125,tie,0.24260830879211426,82,1,256,256,False,2,3,True
"spec vs plain c32, mtp_s3",gsm8k-0076,53,9,13682,0.0,0.125,0.125,tie,0.23471760749816895,36,1,256,256,False,0,4,True
"spec vs plain c32, mtp_s3",humaneval-0000,127,364,413,0.0,0.125,0.125,tie,3.0748211429454386e-05,45,1,173,183,False,0,4,True
"spec vs plain c32, mtp_s3",humaneval-0002,96,760,1206,0.125,0.25,0.125,near,0.24547433853149414,95,1,256,256,False,2,4,True
"spec vs plain c32, mtp_s3",humaneval-0005,212,1103,39965,0.0,0.125,0.125,tie,0.15573489665985107,204,1,256,256,False,1,3,True
"spec vs plain c32, mtp_s3",humaneval-0008,77,1445,727,0.125,0.0,0.125,tie,0.20326018333435059,53,1,256,256,False,3,4,True
"spec vs plain c32, mtp_s3",humaneval-0014,160,7,6686,0.0,0.125,0.125,tie,0.2373485565185547,107,1,256,256,False,0,4,True
"spec vs plain c32, mtp_s3",humaneval-0017,121,2425,12,0.125,0.0,0.125,tie,0.11953878402709961,69,1,256,256,False,2,3,True
"spec vs plain c32, mtp_s3",humaneval-0020,123,264,53064,0.0,0.125,0.125,tie,0.240462064743042,121,1,256,256,False,0,2,True
"spec vs plain c32, mtp_s3",humaneval-0026,52,1204,279,0.125,0.0,0.125,tie,0.2022252082824707,18,1,256,256,False,1,4,True
"spec vs plain c32, mtp_s3",humaneval-0027,2,198,1358,0.0,0.125,0.125,tie,2.264931026729755e-06,1,1,81,81,False,1,1,True
"spec vs plain c32, mtp_s3",humaneval-0032,39,1406,2574,0.0,0.125,0.125,tie,0.1221773624420166,27,0,256,256,False,1,4,True
"spec vs plain c32, mtp_s3",humaneval-0033,164,198,271,0.0,0.125,0.125,tie,0.2223818302154541,155,0,256,256,False,2,2,True
"spec vs plain c32, mtp_s3",humaneval-0038,26,579,728,0.0,0.125,0.125,tie,0.1263744831085205,1,1,256,256,False,0,4,True
"spec vs plain c32, mtp_s3",humaneval-0039,211,1698,2912,0.0,0.125,0.125,tie,0.11603760719299316,115,1,253,251,False,2,4,True
"spec vs plain c32, mtp_s3",humaneval-0043,2,1358,198,0.125,0.0,0.125,tie,0.0,,1,201,201,False,1,1,True
"spec vs plain c32, mtp_s3",humaneval-0047,115,3165,11319,0.0,0.125,0.125,tie,0.1874912977218628,91,1,256,256,False,1,4,True
"spec vs plain c32, mtp_s3",humaneval-0053,18,709,5089,0.0,0.125,0.125,tie,0.12115311622619629,16,1,193,172,False,0,3,True
"spec vs plain c32, mtp_s3",humaneval-0056,131,1,763,0.0,0.125,0.125,tie,0.17979800701141357,44,1,256,256,False,0,4,True
"spec vs plain c32, mtp_s3",mt_bench-0000,3,11,303,0.0,0.0625,0.0625,tie,0.00010395050048828125,1,1,256,256,False,1,1,True
"spec vs plain c32, mtp_s3",mt_bench-0003,167,383,466,0.0,0.125,0.125,tie,0.17652392387390137,106,0,256,256,False,1,4,True
"spec vs plain c32, mtp_s3",mt_bench-0004,152,84563,11319,0.25,0.0,0.125,tie,0.21483826637268066,85,1,231,238,False,0,1,True
"spec vs plain c32, mtp_s3",mt_bench-0005,97,33367,37728,0.0,0.0625,0.0625,tie,0.21971893310546875,70,1,256,256,False,2,4,True
"spec vs plain c32, mtp_s3",mt_bench-0006,33,1040,80592,0.0,0.125,0.0625,tie,0.19421672821044922,21,1,256,256,False,0,1,True
"spec vs plain c32, mtp_s3",mt_bench-0007,13,3413,15920,0.0,0.0625,0.0625,tie,0.11079716682434082,3,1,204,174,False,1,3,True
"spec vs plain c32, mtp_s3",mt_bench-0008,213,4950,381,0.125,0.0,0.125,tie,0.1992485523223877,198,1,256,256,False,2,4,True
"spec vs plain c32, mtp_s3",mt_bench-0009,139,579,557,0.125,0.0,0.125,tie,0.24062371253967285,101,1,256,256,False,0,3,True
"spec vs plain c32, mtp_s3",mt_bench-0010,164,1042,279,0.12499988079071045,0.0,0.125,tie,0.23097753524780273,136,1,254,215,False,1,4,True
"spec vs plain c32, mtp_s3",mt_bench-0011,151,82868,3428,0.0625,0.0625,0.0625,one_ulp,0.22611784934997559,35,1,256,256,False,0,1,True
"spec vs plain c32, mtp_s3",mt_bench-0012,209,68,13181,0.0,0.25,0.125,tie,0.24494504928588867,50,1,256,256,False,3,2,True
"spec vs plain c32, mtp_s3",mt_bench-0014,171,258,286,0.0,0.125,0.125,tie,0.21686339378356934,22,1,256,256,False,0,2,True
"spec vs plain c32, mtp_s3",mt_bench-0015,116,19180,16534,0.125,0.125,0.125,one_ulp,0.24355244636535645,9,1,256,256,False,1,1,True
"spec vs plain c32, mtp_s3",mt_bench-0017,166,33266,638,0.0625,0.0,0.0625,tie,0.1541144847869873,31,1,256,256,False,0,1,True
"spec vs plain c32, mtp_s3",mt_bench-0018,28,61,32773,0.0,0.125,0.125,tie,0.12083792686462402,5,1,132,158,False,3,1,True
"spec vs plain c32, mtp_s3",mt_bench-0019,189,47733,28599,0.125,0.0,0.125,tie,0.2052593231201172,156,1,256,256,False,0,2,True
"spec vs plain c32, mtp_s3",mt_bench-0023,136,1368,1987,0.0,0.125,0.125,tie,0.24227476119995117,78,1,256,256,False,0,4,True
"spec vs plain c32, mtp_s3",mt_bench-0026,212,198,3130,0.0,0.125,0.125,tie,0.23382329940795898,17,1,256,256,False,2,4,True
"spec vs plain c32, mtp_s3",mt_bench-0028,93,22426,2972,0.125,0.0,0.125,tie,0.2235119342803955,63,1,256,256,False,3,4,True
"spec vs plain c32, mtp_s3",mt_bench-0029,123,310,13,0.125,0.0,0.125,tie,0.19385194778442383,113,1,256,256,False,1,3,True
"spec vs plain c32, mtp_s3",mt_bench-0034,108,348,1518,0.0,0.125,0.125,tie,0.12263369560241699,77,1,256,256,False,1,4,True
"spec vs plain c32, mtp_s3",mt_bench-0035,182,37201,2441,0.125,0.0,0.125,tie,0.24206042289733887,26,1,256,256,False,3,4,True
"spec vs plain c32, mtp_s3",mt_bench-0036,39,733,47246,0.0,0.125,0.125,tie,0.12122988700866699,27,1,256,256,False,1,3,True
"spec vs plain c32, mtp_s3",mt_bench-0037,200,393,279,0.125,0.0,0.125,tie,0.23205780982971191,94,1,256,256,False,2,4,True
"spec vs plain c32, mtp_s3",mt_bench-0039,143,279,26782,0.0,0.125,0.125,tie,0.12777280807495117,45,1,256,256,False,2,2,True
"spec vs plain c32, mtp_s3",mt_bench-0040,21,279,27690,0.0,0.125,0.125,tie,0.22320127487182617,4,1,256,256,False,0,2,True
"spec vs plain c32, mtp_s3",mt_bench-0041,215,16,15,0.125,0.0,0.125,tie,0.24169301986694336,51,1,256,256,False,1,3,True
"spec vs plain c32, mtp_s3",mt_bench-0042,128,2081,3779,0.0,0.125,0.125,tie,0.224470853805542,124,1,256,256,False,2,1,True
"spec vs plain c32, mtp_s3",mt_bench-0044,127,3050,328,0.125,0.0,0.125,tie,0.20856213569641113,46,1,256,256,False,0,3,True
"spec vs plain c32, mtp_s3",mt_bench-0045,26,22373,318,0.12499994039535522,0.0,0.125,tie,0.12229752540588379,19,1,256,256,False,0,4,True
"spec vs plain c32, mtp_s3",mt_bench-0047,40,7620,1,0.125,0.0,0.0625,tie,0.14975833892822266,38,1,256,256,False,1,1,True
"spec vs plain c32, mtp_s3",mt_bench-0049,24,466,11,0.125,0.0,0.125,tie,0.22638726234436035,20,1,256,256,False,1,2,True
"spec vs plain c32, mtp_s3",mt_bench-0053,33,795,1103,0.0,0.125,0.125,tie,0.09577882289886475,13,1,256,256,False,1,1,True
"spec vs plain c32, mtp_s3",mt_bench-0056,247,9711,10036,0.125,0.125,0.125,one_ulp,0.24549245834350586,56,1,256,256,False,0,4,True
"spec vs plain c32, mtp_s3",mt_bench-0059,126,283,25,0.125,0.0,0.125,tie,0.12233233451843262,113,1,256,256,False,2,4,True
"spec vs plain c32, mtp_s3",mt_bench-0060,32,6745,29144,0.0,0.125,0.125,tie,0.16274559497833252,18,1,256,256,False,2,3,True
"spec vs plain c32, mtp_s3",mt_bench-0061,82,5529,1902,0.125,0.125,0.125,one_ulp,0.3178060054779053,45,1,256,256,False,3,4,True
"spec vs plain c32, mtp_s3",mt_bench-0063,199,279,75113,0.0,0.125,0.125,tie,0.243927001953125,47,1,256,256,False,2,1,True
"spec vs plain c32, mtp_s3",mt_bench-0064,1,64583,8340,0.125,0.0,0.125,tie,0.0,,,256,256,False,0,1,True
"spec vs plain c32, mtp_s3",mt_bench-0065,92,271,198,0.125,0.0,0.125,tie,0.12260818481445312,82,1,256,256,False,1,2,True
"spec vs plain c32, mtp_s3",mt_bench-0066,56,2984,9111,0.125,0.125,0.125,one_ulp,0.13988971710205078,38,1,256,256,False,0,1,True
"spec vs plain c32, mtp_s3",mt_bench-0067,37,36515,2790,0.125,0.0,0.125,tie,0.11599063873291016,29,1,256,256,False,1,4,True
"spec vs plain c32, mtp_s3",mt_bench-0068,153,283,478,0.0,0.125,0.125,tie,0.2237107753753662,105,1,256,256,False,1,4,True
"spec vs plain c32, mtp_s3",mt_bench-0069,73,57039,66711,0.0,0.125,0.125,tie,0.18163824081420898,11,0,256,256,False,1,2,True
"spec vs plain c32, mtp_s3",mt_bench-0071,34,28604,2950,0.125,0.125,0.125,one_ulp,0.10919332504272461,20,1,256,256,False,0,4,True
"spec vs plain c32, mtp_s3",mt_bench-0072,107,5212,36110,0.0,0.25,0.25,tie,0.19948434829711914,57,1,256,256,False,1,4,True
"spec vs plain c32, mtp_s3",mt_bench-0075,17,369,318,0.125,0.0,0.125,tie,0.11089468002319336,12,1,256,256,False,0,4,True
"spec vs plain c32, mtp_s3",mt_bench-0076,131,32530,369,0.125,0.0,0.125,tie,0.2390763759613037,69,1,256,256,False,1,1,True
"spec vs plain c32, mtp_s3",mt_bench-0077,86,74316,36009,0.125,0.0,0.125,tie,0.17479956150054932,63,1,256,256,False,0,3,True
"spec vs plain c32, mtp_s3",mt_bench-0078,34,54759,4670,0.125,0.0,0.125,tie,0.24015569686889648,15,1,256,256,False,1,4,True
"spec vs plain c32, mtp_s3",mt_bench-0079,212,3115,9492,0.0,0.125,0.125,tie,0.3144059181213379,54,1,256,256,False,0,1,True
"spec vs plain c32, mtp_s5",alpaca_eval-0000,6,63049,26310,0.125,0.0,0.125,tie,0.11799001693725586,1,1,256,256,False,2,2,True
"spec vs plain c32, mtp_s5",alpaca_eval-0030,155,30835,15166,0.125,0.125,0.125,one_ulp,0.23626375198364258,108,1,256,256,False,1,6,True
"spec vs plain c32, mtp_s5",alpaca_eval-0040,8,3046,1484,0.125,0.0,0.125,tie,0.12182235717773438,3,1,256,256,False,2,2,True
"spec vs plain c32, mtp_s5",alpaca_eval-0050,254,1151,7832,0.0,0.125,0.125,tie,0.2397458553314209,117,1,256,256,False,1,1,True
"spec vs plain c32, mtp_s5",alpaca_eval-0060,125,37462,20331,0.0625,0.0,0.0625,tie,0.199876070022583,90,1,256,256,False,3,2,True
"spec vs plain c32, mtp_s5",alpaca_eval-0080,76,15214,50209,0.0,0.125,0.125,tie,0.12948131561279297,72,1,256,256,False,3,3,True
"spec vs plain c32, mtp_s5",alpaca_eval-0090,88,4364,6762,0.0,0.125,0.125,tie,0.18635344505310059,17,0,256,256,False,3,1,True
"spec vs plain c32, mtp_s5",alpaca_eval-0100,51,10919,264,0.125,0.0,0.125,tie,0.127366304397583,21,1,256,256,False,5,6,True
"spec vs plain c32, mtp_s5",alpaca_eval-0110,224,694,3428,0.0,0.125,0.125,tie,0.23464488983154297,103,1,256,256,False,4,1,True
"spec vs plain c32, mtp_s5",alpaca_eval-0130,38,1876,39107,0.0,0.125,0.0625,tie,0.16509151458740234,30,1,256,256,False,0,2,True
"spec vs plain c32, mtp_s5",alpaca_eval-0140,234,6855,36636,0.0,0.125,0.125,tie,0.2291851043701172,77,1,256,256,False,2,6,True
"spec vs plain c32, mtp_s5",alpaca_eval-0160,45,1442,3988,0.0,0.0625,0.0625,tie,0.12244367599487305,25,1,256,256,False,3,4,True
"spec vs plain c32, mtp_s5",alpaca_eval-0170,167,13428,2233,0.125,0.0,0.125,tie,0.2015218734741211,127,1,256,256,False,0,5,True
"spec vs plain c32, mtp_s5",alpaca_eval-0180,21,4752,6206,0.0,0.125,0.125,tie,0.20149469375610352,16,1,256,256,False,1,2,True
"spec vs plain c32, mtp_s5",alpaca_eval-0200,144,68,39551,0.0,0.125,0.125,tie,0.23726201057434082,120,1,256,256,False,0,1,True
"spec vs plain c32, mtp_s5",alpaca_eval-0210,20,321,4016,0.0,0.125,0.125,tie,0.1211400032043457,14,1,256,256,False,0,5,True
"spec vs plain c32, mtp_s5",alpaca_eval-0220,7,1402,65884,0.0,0.12499994039535522,0.125,tie,0.12562203407287598,1,1,256,256,False,0,2,True
"spec vs plain c32, mtp_s5",alpaca_eval-0230,220,18516,2528,0.125,0.0,0.125,tie,0.2378697395324707,217,1,256,256,False,0,6,True
"spec vs plain c32, mtp_s5",alpaca_eval-0240,238,1220,3125,0.0,0.125,0.125,tie,0.22231698036193848,13,1,256,256,False,2,4,True
"spec vs plain c32, mtp_s5",alpaca_eval-0250,28,1765,1593,0.0625,0.0,0.0625,tie,0.15218162536621094,4,1,256,256,False,0,3,True
"spec vs plain c32, mtp_s5",alpaca_eval-0260,78,198,271,0.0,0.125,0.125,tie,0.23539042472839355,29,1,256,256,False,2,3,True
"spec vs plain c32, mtp_s5",alpaca_eval-0270,150,11,318,0.0,0.125,0.125,tie,0.20879650115966797,5,1,256,256,False,4,1,True
"spec vs plain c32, mtp_s5",alpaca_eval-0280,144,1083,25,0.125,0.0,0.125,tie,0.21062183380126953,143,1,256,256,False,1,2,True
"spec vs plain c32, mtp_s5",alpaca_eval-0290,234,4044,13170,0.0,0.0625,0.0625,tie,0.23650622367858887,168,1,256,256,False,0,6,True
"spec vs plain c32, mtp_s5",alpaca_eval-0300,5,16866,638,0.125,0.0,0.125,tie,5.10007084812969e-05,4,1,256,256,False,4,1,True
"spec vs plain c32, mtp_s5",alpaca_eval-0320,31,25,5469,0.0,0.125,0.125,tie,0.11971354484558105,29,1,256,256,False,3,6,True
"spec vs plain c32, mtp_s5",alpaca_eval-0330,10,13759,2534,0.125,0.0,0.125,tie,0.11185240745544434,7,2,256,256,False,2,2,True
"spec vs plain c32, mtp_s5",alpaca_eval-0340,111,4650,68,0.125,0.0,0.125,tie,0.20355510711669922,14,1,188,195,False,0,1,True
"spec vs plain c32, mtp_s5",alpaca_eval-0360,184,668,76511,0.0,0.12500005960464478,0.125,tie,0.24062490463256836,109,1,256,256,False,1,3,True
"spec vs plain c32, mtp_s5",alpaca_eval-0390,225,256,1855,0.0,0.125,0.125,tie,0.36557888984680176,48,1,256,256,False,4,6,True
"spec vs plain c32, mtp_s5",alpaca_eval-0400,7,1510,2972,0.0,0.125,0.125,tie,0.10922884941101074,5,1,256,256,False,1,3,True
"spec vs plain c32, mtp_s5",alpaca_eval-0410,145,264,353,0.0,0.125,0.125,tie,0.20405292510986328,132,1,256,256,False,3,6,True
"spec vs plain c32, mtp_s5",alpaca_eval-0440,72,1970,13,0.125,0.0,0.125,tie,0.2293400764465332,62,1,256,256,False,2,5,True
"spec vs plain c32, mtp_s5",alpaca_eval-0450,231,3376,321,0.12500005960464478,0.0,0.125,tie,0.23862123489379883,227,1,256,256,False,0,2,True
"spec vs plain c32, mtp_s5",alpaca_eval-0460,21,318,466,0.0,0.125,0.125,tie,0.23914837837219238,5,1,256,256,False,3,2,True
"spec vs plain c32, mtp_s5",alpaca_eval-0490,103,1496,5129,0.0,0.125,0.125,tie,0.14993751049041748,28,0,256,256,False,0,3,True
"spec vs plain c32, mtp_s5",alpaca_eval-0500,36,56679,21397,0.125,0.0,0.125,tie,0.20343923568725586,25,1,256,256,False,5,2,True
"spec vs plain c32, mtp_s5",alpaca_eval-0510,115,33,47,0.0,0.25,0.125,tie,0.19180667400360107,76,1,167,164,False,2,6,True
"spec vs plain c32, mtp_s5",alpaca_eval-0520,125,760,88433,0.0,0.0625,0.0625,tie,0.2108529806137085,64,1,256,256,False,1,6,True
"spec vs plain c32, mtp_s5",alpaca_eval-0530,162,13,34093,0.0,0.125,0.125,tie,0.23833680152893066,121,1,256,256,False,0,1,True
"spec vs plain c32, mtp_s5",alpaca_eval-0550,24,15205,11048,0.125,0.0,0.125,tie,0.1192476749420166,14,1,256,256,False,2,1,True
"spec vs plain c32, mtp_s5",alpaca_eval-0570,1,3766,4400,0.0,0.125,0.125,tie,0.0,,,256,256,False,0,1,True
"spec vs plain c32, mtp_s5",alpaca_eval-0580,220,864,748,0.125,0.0,0.125,tie,0.2433915138244629,10,0,256,256,False,1,1,True
"spec vs plain c32, mtp_s5",alpaca_eval-0590,246,48401,35,0.125,0.0,0.125,tie,0.22854232788085938,66,0,256,256,False,3,6,True
"spec vs plain c32, mtp_s5",cnn_dailymail-0000,85,264,449,0.0,0.125,0.125,tie,0.14903104305267334,56,1,112,113,False,0,2,True
"spec vs plain c32, mtp_s5",cnn_dailymail-0001,113,53113,14612,0.125,0.0,0.125,tie,0.17054057121276855,73,1,125,123,False,1,3,True
"spec vs plain c32, mtp_s5",cnn_dailymail-0003,43,4097,7106,0.0,0.125,0.125,tie,0.23098206520080566,2,0,112,108,False,2,2,True
"spec vs plain c32, mtp_s5",cnn_dailymail-0005,49,18659,7524,0.125,0.0,0.125,tie,0.12222456932067871,46,1,256,256,False,3,3,True
"spec vs plain c32, mtp_s5",cnn_dailymail-0006,82,13211,65844,0.0,0.125,0.125,tie,0.2355818748474121,15,1,115,114,False,0,3,True
"spec vs plain c32, mtp_s5",cnn_dailymail-0009,39,5879,31511,0.0,0.125,0.125,tie,0.22452974319458008,15,0,81,84,False,1,2,True
"spec vs plain c32, mtp_s5",cnn_dailymail-0014,52,2201,3567,0.0,0.125,0.125,tie,0.2441997528076172,45,0,256,256,False,2,2,True
"spec vs plain c32, mtp_s5",cnn_dailymail-0016,86,303,13,0.125,0.0,0.125,tie,0.24478840827941895,29,1,126,119,False,3,6,True
"spec vs plain c32, mtp_s5",cnn_dailymail-0017,68,1027,279,0.125,0.0,0.125,tie,0.23651576042175293,67,1,256,256,False,1,2,True
"spec vs plain c32, mtp_s5",cnn_dailymail-0018,38,1238,2614,0.0,0.125,0.125,tie,0.1986398696899414,19,1,111,124,False,4,4,True
"spec vs plain c32, mtp_s5",cnn_dailymail-0020,46,4400,3543,0.125,0.0,0.125,tie,0.12110447883605957,37,1,256,256,False,0,2,True
"spec vs plain c32, mtp_s5",cnn_dailymail-0021,43,1010,4788,0.0,0.125,0.125,tie,0.12514376640319824,19,1,131,125,False,0,1,True
"spec vs plain c32, mtp_s5",cnn_dailymail-0022,81,4171,44164,0.0,0.125,0.125,tie,0.1841259002685547,63,1,116,113,False,1,1,True
"spec vs plain c32, mtp_s5",cnn_dailymail-0024,22,2785,5732,0.0,0.125,0.125,tie,0.12505316734313965,7,1,112,110,False,0,1,True
"spec vs plain c32, mtp_s5",cnn_dailymail-0027,12,4588,22263,0.0,0.125,0.125,tie,0.14866876602172852,1,1,96,99,False,2,2,True
"spec vs plain c32, mtp_s5",cnn_dailymail-0028,54,43001,328,0.125,0.0,0.125,tie,0.13783526420593262,13,1,114,109,False,1,5,True
"spec vs plain c32, mtp_s5",cnn_dailymail-0030,59,1528,491,0.125,0.0,0.125,tie,0.2234203815460205,43,0,94,92,False,1,6,True
"spec vs plain c32, mtp_s5",cnn_dailymail-0031,14,9331,6113,0.25,0.0,0.125,tie,0.15538597106933594,5,1,132,117,False,4,3,True
"spec vs plain c32, mtp_s5",cnn_dailymail-0033,62,279,2107,0.0,0.125,0.125,tie,0.3603365421295166,24,1,95,96,False,0,2,True
"spec vs plain c32, mtp_s5",cnn_dailymail-0035,192,1615,21046,0.0,0.125,0.125,tie,0.18678522109985352,138,1,256,256,False,1,5,True
"spec vs plain c32, mtp_s5",cnn_dailymail-0037,4,303,424,0.0,0.125,0.125,tie,0.12672710418701172,3,1,110,117,False,0,3,True
"spec vs plain c32, mtp_s5",cnn_dailymail-0038,104,9290,509,0.125,0.0,0.125,tie,0.23810482025146484,72,1,256,256,False,0,3,True
"spec vs plain c32, mtp_s5",cnn_dailymail-0039,53,310,303,0.125,0.0,0.125,tie,0.17854571342468262,45,1,151,151,False,2,4,True
"spec vs plain c32, mtp_s5",gsm8k-0000,148,2420,5898,0.0,0.125,0.125,tie,0.16191887855529785,25,1,256,256,False,5,3,True
"spec vs plain c32, mtp_s5",gsm8k-0004,39,2250,220,0.125,0.0,0.125,tie,0.12211155891418457,25,1,256,256,False,0,6,True
"spec vs plain c32, mtp_s5",gsm8k-0005,61,25,283,0.0,0.25,0.25,tie,0.12181639671325684,55,1,256,256,False,3,1,True
"spec vs plain c32, mtp_s5",gsm8k-0007,86,4003,854,0.125,0.0,0.125,tie,0.23306727409362793,18,1,256,256,False,0,6,True
"spec vs plain c32, mtp_s5",gsm8k-0008,68,3491,13362,0.0,0.125,0.125,tie,0.12260842323303223,53,1,256,256,False,0,5,True
"spec vs plain c32, mtp_s5",gsm8k-0009,146,458,27858,0.0,0.125,0.125,tie,0.23343873023986816,92,1,256,256,False,3,6,True
"spec vs plain c32, mtp_s5",gsm8k-0012,60,9483,24157,0.0,0.125,0.125,tie,0.2493906021118164,41,0,256,256,False,3,6,True
"spec vs plain c32, mtp_s5",gsm8k-0013,45,430,13,0.125,0.0,0.125,tie,0.1686159372329712,40,0,256,256,False,1,5,True
"spec vs plain c32, mtp_s5",gsm8k-0015,61,7742,32653,0.0,0.125,0.125,tie,0.23659610748291016,39,1,256,256,False,0,6,True
"spec vs plain c32, mtp_s5",gsm8k-0017,197,5759,8941,0.0,0.125,0.125,tie,0.12653827667236328,47,1,256,256,False,1,4,True
"spec vs plain c32, mtp_s5",gsm8k-0020,44,8529,2144,0.125,0.0,0.125,tie,0.1987452507019043,40,0,256,256,False,0,3,True
"spec vs plain c32, mtp_s5",gsm8k-0021,94,948,506,0.125,0.0,0.125,tie,0.2455127239227295,8,0,168,166,False,4,6,True
"spec vs plain c32, mtp_s5",gsm8k-0023,97,5141,279,0.125,0.0,0.125,tie,0.11728882789611816,95,0,256,256,False,4,6,True
"spec vs plain c32, mtp_s5",gsm8k-0026,2,264,821,0.0,0.125,0.125,tie,5.4573873057961464e-05,1,1,256,256,False,1,1,True
"spec vs plain c32, mtp_s5",gsm8k-0028,27,3377,2702,0.125,0.0,0.125,tie,0.3560295104980469,13,0,240,247,False,1,6,True
"spec vs plain c32, mtp_s5",gsm8k-0031,7,1118,1144,0.0,0.125,0.125,tie,0.12266707420349121,5,0,256,256,False,0,6,True
"spec vs plain c32, mtp_s5",gsm8k-0035,139,318,303,0.125,0.0,0.125,tie,0.22208428382873535,38,1,256,256,False,0,1,True
"spec vs plain c32, mtp_s5",gsm8k-0036,26,159029,364,0.125,0.0,0.125,tie,0.24488472938537598,0,0,245,239,False,2,6,True
"spec vs plain c32, mtp_s5",gsm8k-0037,47,16,1088,0.0,0.125,0.125,tie,0.1723182201385498,20,0,256,256,False,0,2,True
"spec vs plain c32, mtp_s5",gsm8k-0038,201,328,32645,0.0,0.125,0.125,tie,0.21616673469543457,191,0,256,256,False,4,4,True
"spec vs plain c32, mtp_s5",gsm8k-0040,44,1088,16257,0.125,0.125,0.125,one_ulp,0.1211087703704834,13,1,221,212,False,0,6,True
"spec vs plain c32, mtp_s5",gsm8k-0041,160,21825,1847,0.125,0.0,0.125,tie,0.23484349250793457,19,1,256,256,False,3,6,True
"spec vs plain c32, mtp_s5",gsm8k-0042,94,1238,506,0.125,0.0,0.125,tie,0.12573814392089844,28,1,201,199,False,1,6,True
"spec vs plain c32, mtp_s5",gsm8k-0044,16,15771,2014,0.125,0.0,0.125,tie,0.09288835525512695,2,1,256,256,False,3,6,True
"spec vs plain c32, mtp_s5",gsm8k-0049,16,13,303,0.0,0.2500000596046448,0.25,tie,0.11856269836425781,6,1,256,256,False,1,6,True
"spec vs plain c32, mtp_s5",gsm8k-0052,235,6747,1801,0.125,0.0,0.125,tie,0.22008371353149414,19,1,256,256,False,0,6,True
"spec vs plain c32, mtp_s5",gsm8k-0056,75,364,25,0.125,0.0,0.125,tie,0.1198267936706543,45,1,256,256,False,2,6,True
"spec vs plain c32, mtp_s5",gsm8k-0060,0,1206,8160,0.125,0.125,0.125,one_ulp,0.0,,,256,256,False,0,,True
"spec vs plain c32, mtp_s5",gsm8k-0061,22,11,2695,0.0,0.125,0.125,tie,0.12194180488586426,4,0,256,256,False,3,2,True
"spec vs plain c32, mtp_s5",gsm8k-0063,155,198,271,0.0,0.125,0.125,tie,0.23641204833984375,38,0,256,256,False,3,6,True
"spec vs plain c32, mtp_s5",gsm8k-0065,190,17239,5122,0.125,0.0,0.125,tie,0.23795509338378906,110,0,256,256,False,3,6,True
"spec vs plain c32, mtp_s5",gsm8k-0066,226,19,32897,0.0,0.25,0.125,tie,0.21110117435455322,190,1,256,256,False,0,4,True
"spec vs plain c32, mtp_s5",gsm8k-0068,31,4007,279,0.125,0.0,0.125,tie,0.06870722770690918,25,1,256,256,False,0,2,True
"spec vs plain c32, mtp_s5",gsm8k-0069,131,2763,5732,0.0,0.125,0.125,tie,0.22420954704284668,17,1,256,256,False,0,3,True
"spec vs plain c32, mtp_s5",gsm8k-0070,27,15142,383,0.125,0.0,0.125,tie,0.18463706970214844,8,0,256,256,False,2,3,True
"spec vs plain c32, mtp_s5",gsm8k-0073,129,3714,2702,0.125,0.0,0.125,tie,0.16499781608581543,49,1,256,256,False,1,3,True
"spec vs plain c32, mtp_s5",gsm8k-0074,111,7336,4625,0.125,0.0,0.125,tie,0.16146564483642578,39,1,256,256,False,1,5,True
"spec vs plain c32, mtp_s5",gsm8k-0076,53,9,13682,0.0,0.125,0.125,tie,0.23471760749816895,36,1,256,256,False,4,3,True
"spec vs plain c32, mtp_s5",humaneval-0000,127,364,413,0.0,0.125,0.125,tie,3.0748211429454386e-05,45,1,173,183,False,4,6,True
"spec vs plain c32, mtp_s5",humaneval-0002,114,733,271,0.125,0.125,0.125,one_ulp,0.14535784721374512,19,1,256,256,False,4,6,True
"spec vs plain c32, mtp_s5",humaneval-0008,77,1445,727,0.125,0.0,0.125,tie,0.1220405101776123,16,1,256,256,False,1,6,True
"spec vs plain c32, mtp_s5",humaneval-0011,222,1179,5335,0.0,0.125,0.125,tie,0.14623761177062988,108,1,256,256,False,0,3,True
"spec vs plain c32, mtp_s5",humaneval-0014,65,15305,33120,0.0,0.125,0.125,tie,0.18864893913269043,60,1,256,256,False,0,1,True
"spec vs plain c32, mtp_s5",humaneval-0017,72,25,6507,0.0,0.125,0.125,tie,0.23093891143798828,37,0,256,256,False,2,6,True
"spec vs plain c32, mtp_s5",humaneval-0020,89,1906,10300,0.0,0.125,0.125,tie,0.2323439121246338,35,1,256,256,False,1,6,True
"spec vs plain c32, mtp_s5",humaneval-0023,119,1220,369,0.125,0.0,0.125,tie,0.2444596290588379,0,0,185,195,False,2,6,True
"spec vs plain c32, mtp_s5",humaneval-0026,52,1204,279,0.125,0.0,0.125,tie,0.24128460884094238,51,1,256,256,False,5,3,True
"spec vs plain c32, mtp_s5",humaneval-0027,2,198,1358,0.0,0.125,0.125,tie,2.264931026729755e-06,1,1,81,81,False,1,1,True
"spec vs plain c32, mtp_s5",humaneval-0032,94,1902,682,0.125,0.0,0.125,tie,0.21103405952453613,71,0,256,256,False,2,1,True
"spec vs plain c32, mtp_s5",humaneval-0037,158,498,1103,0.0,0.125,0.125,tie,0.11939024925231934,150,1,217,189,False,1,4,True
"spec vs plain c32, mtp_s5",humaneval-0038,26,579,728,0.0,0.125,0.125,tie,0.1263744831085205,1,1,256,256,False,0,3,True
"spec vs plain c32, mtp_s5",humaneval-0050,13,561,1061,0.0,0.12500005960464478,0.125,tie,0.1657876968383789,12,1,256,256,False,0,6,True
"spec vs plain c32, mtp_s5",humaneval-0053,20,4829,1220,0.125,0.0,0.125,tie,0.1405179500579834,7,1,193,176,False,1,1,True
"spec vs plain c32, mtp_s5",humaneval-0056,131,1,763,0.0,0.125,0.125,tie,0.24491047859191895,18,1,256,256,False,0,6,True
"spec vs plain c32, mtp_s5",mt_bench-0000,72,279,5028,0.0,0.125,0.125,tie,0.181962251663208,6,1,256,256,False,2,2,True
"spec vs plain c32, mtp_s5",mt_bench-0001,86,3258,5117,0.0,0.12500005960464478,0.125,tie,0.17107391357421875,64,0,153,154,False,0,1,True
"spec vs plain c32, mtp_s5",mt_bench-0002,130,8615,279,0.125,0.0,0.125,tie,0.1937931776046753,105,1,256,256,False,3,6,True
"spec vs plain c32, mtp_s5",mt_bench-0003,167,383,466,0.0,0.125,0.125,tie,0.16620206832885742,105,1,256,256,False,1,4,True
"spec vs plain c32, mtp_s5",mt_bench-0004,65,542,15919,0.0,0.125,0.125,tie,0.17441344261169434,28,0,231,226,False,0,1,True
"spec vs plain c32, mtp_s5",mt_bench-0005,97,33367,37728,0.0,0.0625,0.0625,tie,0.21971893310546875,70,1,256,256,False,2,4,True
"spec vs plain c32, mtp_s5",mt_bench-0006,32,10708,1016,0.0625,0.0,0.0625,tie,0.1930251121520996,21,1,256,256,False,0,2,True
"spec vs plain c32, mtp_s5",mt_bench-0007,10,264,279,0.0,0.125,0.125,tie,0.15200746059417725,8,1,204,200,False,1,3,True
"spec vs plain c32, mtp_s5",mt_bench-0009,86,321,11,0.125,0.0,0.125,tie,0.12234950065612793,25,1,256,256,False,4,5,True
"spec vs plain c32, mtp_s5",mt_bench-0010,41,264,15327,0.0,0.125,0.125,tie,0.12994670867919922,27,1,254,256,False,0,5,True
"spec vs plain c32, mtp_s5",mt_bench-0011,151,82868,3428,0.0625,0.125,0.0625,near,0.2034398317337036,144,1,256,256,False,0,1,True
"spec vs plain c32, mtp_s5",mt_bench-0014,186,553,8,0.125,0.0,0.125,tie,0.22636175155639648,31,1,256,256,False,2,1,True
"spec vs plain c32, mtp_s5",mt_bench-0015,94,13,539,0.125,0.125,0.125,one_ulp,0.24355244636535645,9,1,256,256,False,1,2,True
"spec vs plain c32, mtp_s5",mt_bench-0018,28,61,32773,0.0,0.125,0.125,tie,0.12083792686462402,5,1,132,158,False,3,1,True
"spec vs plain c32, mtp_s5",mt_bench-0022,18,2592,760,0.12499994039535522,0.0,0.125,tie,0.1884908676147461,6,1,256,106,False,5,2,True
"spec vs plain c32, mtp_s5",mt_bench-0023,131,13,318,0.0,0.125,0.125,tie,0.18549323081970215,118,1,256,256,False,3,2,True
"spec vs plain c32, mtp_s5",mt_bench-0024,151,17,23,0.125,0.125,0.125,one_ulp,0.24170851707458496,110,1,256,256,False,0,6,True
"spec vs plain c32, mtp_s5",mt_bench-0026,212,198,3130,0.0,0.125,0.125,tie,0.23382210731506348,17,0,256,256,False,1,6,True
"spec vs plain c32, mtp_s5",mt_bench-0028,93,22426,2972,0.125,0.0,0.125,tie,0.16781139373779297,35,1,256,256,False,2,5,True
"spec vs plain c32, mtp_s5",mt_bench-0029,123,310,13,0.125,0.0,0.125,tie,0.2148878574371338,120,1,256,256,False,1,3,True
"spec vs plain c32, mtp_s5",mt_bench-0032,137,27382,34167,0.0,0.125,0.125,tie,0.12261080741882324,118,1,256,256,False,0,6,True
"spec vs plain c32, mtp_s5",mt_bench-0033,216,421,314,0.125,0.0,0.125,tie,0.23937034606933594,208,1,256,256,False,2,2,True
"spec vs plain c32, mtp_s5",mt_bench-0034,241,2222,1118,0.125,0.0,0.125,tie,0.24533677101135254,215,1,256,256,False,1,4,True
"spec vs plain c32, mtp_s5",mt_bench-0036,39,733,47246,0.0,0.125,0.125,tie,0.23572969436645508,27,1,256,256,False,1,5,True
"spec vs plain c32, mtp_s5",mt_bench-0040,21,279,27690,0.0,0.125,0.125,tie,0.22320127487182617,4,1,256,256,False,0,6,True
"spec vs plain c32, mtp_s5",mt_bench-0042,128,2081,3779,0.0,0.125,0.125,tie,0.21170783042907715,38,0,256,256,False,2,1,True
"spec vs plain c32, mtp_s5",mt_bench-0044,83,3578,1788,0.125,0.0,0.125,tie,0.2036113739013672,46,1,256,256,False,1,2,True
"spec vs plain c32, mtp_s5",mt_bench-0045,26,22373,318,0.12499994039535522,0.0,0.125,tie,0.24421310424804688,19,1,256,256,False,4,3,True
"spec vs plain c32, mtp_s5",mt_bench-0047,40,7620,1,0.125,0.0,0.0625,tie,0.14975833892822266,38,1,256,256,False,1,4,True
"spec vs plain c32, mtp_s5",mt_bench-0049,24,466,11,0.125,0.0,0.125,tie,0.12687444686889648,20,1,256,256,False,1,4,True
"spec vs plain c32, mtp_s5",mt_bench-0053,33,795,1103,0.0,0.125,0.125,tie,0.11790966987609863,22,1,256,256,False,1,2,True
"spec vs plain c32, mtp_s5",mt_bench-0061,82,5529,1902,0.125,0.0,0.125,tie,0.23542332649230957,1,1,256,256,False,3,6,True
"spec vs plain c32, mtp_s5",mt_bench-0062,154,318,13,0.125,0.0,0.125,tie,0.21068906784057617,92,1,256,256,False,0,4,True
"spec vs plain c32, mtp_s5",mt_bench-0063,57,314,33448,0.0,0.125,0.125,tie,0.19341206550598145,45,1,256,256,False,0,2,True
"spec vs plain c32, mtp_s5",mt_bench-0064,1,64583,8340,0.125,0.0,0.125,tie,0.0,,,256,256,False,0,1,True
"spec vs plain c32, mtp_s5",mt_bench-0066,67,17171,48772,0.0,0.125,0.125,tie,0.22179913520812988,51,1,256,256,False,0,1,True
"spec vs plain c32, mtp_s5",mt_bench-0067,37,36515,2790,0.125,0.0,0.125,tie,0.11599063873291016,29,1,256,256,False,3,6,True
"spec vs plain c32, mtp_s5",mt_bench-0069,73,57039,66711,0.0,0.125,0.125,tie,0.18363690376281738,51,1,256,256,False,1,2,True
"spec vs plain c32, mtp_s5",mt_bench-0071,38,4092,2199,0.125,0.0,0.125,tie,0.20424151420593262,27,1,256,256,False,1,1,True
"spec vs plain c32, mtp_s5",mt_bench-0072,107,5212,36110,0.0,0.125,0.125,tie,0.22969675064086914,99,1,256,256,False,1,3,True
"spec vs plain c32, mtp_s5",mt_bench-0075,111,393,3539,0.0,0.125,0.125,tie,0.22402000427246094,21,2,256,256,False,0,3,True
"spec vs plain c32, mtp_s5",mt_bench-0076,193,5774,3404,0.125,0.0,0.125,tie,0.2390763759613037,69,1,256,256,False,1,1,True
"spec vs plain c32, mtp_s5",mt_bench-0077,86,74316,36009,0.125,0.0,0.125,tie,0.24305367469787598,62,1,256,256,False,0,5,True
"spec vs plain c32, mtp_s5",mt_bench-0078,183,41928,4101,0.125,0.0,0.125,tie,0.23758745193481445,105,1,256,256,False,2,5,True
"spec vs plain c32, mtp_s5",mt_bench-0079,163,9682,279,0.125,0.0,0.125,tie,0.1763761043548584,142,1,256,256,False,0,3,True
"spec vs plain c32, mtp_tree",alpaca_eval-0000,73,56276,10345,0.125,0.0,0.125,tie,0.24398446083068848,8,1,256,256,False,1,4,True
"spec vs plain c32, mtp_tree",alpaca_eval-0010,117,2504,11678,0.125,0.125,0.125,one_ulp,0.24290132522583008,100,1,256,256,False,1,4,True
"spec vs plain c32, mtp_tree",alpaca_eval-0030,156,332,321,0.125,0.0,0.125,tie,0.24422025680541992,69,1,256,256,False,0,4,True
"spec vs plain c32, mtp_tree",alpaca_eval-0040,8,3046,1484,0.125,0.0,0.125,tie,0.12182235717773438,3,1,256,256,False,1,3,True
"spec vs plain c32, mtp_tree",alpaca_eval-0060,117,5133,1216,0.125,0.0,0.125,tie,0.23611712455749512,36,1,256,256,False,0,4,True
"spec vs plain c32, mtp_tree",alpaca_eval-0080,110,628,25300,0.0,0.125,0.125,tie,0.12900185585021973,31,1,256,256,False,0,2,True
"spec vs plain c32, mtp_tree",alpaca_eval-0090,88,4364,6762,0.0,0.125,0.125,tie,0.22566604614257812,45,1,256,256,False,0,2,True
"spec vs plain c32, mtp_tree",alpaca_eval-0100,51,10919,264,0.125,0.0,0.125,tie,0.13544487953186035,39,1,256,256,False,1,4,True
"spec vs plain c32, mtp_tree",alpaca_eval-0110,153,5138,8545,0.0,0.125,0.125,tie,0.23646259307861328,103,1,256,256,False,0,3,True
"spec vs plain c32, mtp_tree",alpaca_eval-0130,38,1876,39107,0.0,0.125,0.0625,tie,0.16741418838500977,30,1,256,256,False,2,1,True
"spec vs plain c32, mtp_tree",alpaca_eval-0150,120,11,25,0.0,0.125,0.125,tie,0.23442506790161133,104,1,256,256,False,0,3,True
"spec vs plain c32, mtp_tree",alpaca_eval-0160,33,13,421,0.0,0.125,0.125,tie,0.11756110191345215,26,1,256,256,False,0,1,True
"spec vs plain c32, mtp_tree",alpaca_eval-0170,192,557,579,0.0,0.125,0.125,tie,0.23173308372497559,13,1,256,256,False,1,2,True
"spec vs plain c32, mtp_tree",alpaca_eval-0180,21,4752,6206,0.0,0.125,0.125,tie,0.2322998046875,15,1,256,256,False,1,2,True
"spec vs plain c32, mtp_tree",alpaca_eval-0200,144,68,39551,0.0,0.125,0.125,tie,0.2186870574951172,78,1,256,256,False,2,4,True
"spec vs plain c32, mtp_tree",alpaca_eval-0210,20,321,4016,0.0,0.125,0.125,tie,0.1211400032043457,14,1,256,256,False,1,4,True
"spec vs plain c32, mtp_tree",alpaca_eval-0220,7,1402,65884,0.0,0.12499994039535522,0.125,tie,0.12562203407287598,1,1,256,256,False,0,1,True
"spec vs plain c32, mtp_tree",alpaca_eval-0230,220,18516,2528,0.125,0.0,0.125,tie,0.2082895040512085,73,1,256,256,False,0,4,True
"spec vs plain c32, mtp_tree",alpaca_eval-0240,238,1220,3125,0.0,0.125,0.125,tie,0.2367234230041504,120,1,256,256,False,2,4,True
"spec vs plain c32, mtp_tree",alpaca_eval-0250,48,781,45112,0.0,0.125,0.125,tie,0.15218162536621094,4,1,256,256,False,2,3,True
"spec vs plain c32, mtp_tree",alpaca_eval-0260,78,198,271,0.0,0.125,0.125,tie,0.18665623664855957,57,1,256,256,False,2,2,True
"spec vs plain c32, mtp_tree",alpaca_eval-0270,11,2046,279,0.125,0.0,0.125,tie,0.12244462966918945,5,1,256,256,False,0,1,True
"spec vs plain c32, mtp_tree",alpaca_eval-0280,90,328,6286,0.0,0.125,0.125,tie,0.16864991188049316,81,1,256,256,False,1,3,True
"spec vs plain c32, mtp_tree",alpaca_eval-0300,5,16866,638,0.125,0.0,0.125,tie,5.10007084812969e-05,4,1,256,256,False,0,4,True
"spec vs plain c32, mtp_tree",alpaca_eval-0320,31,25,5469,0.0,0.125,0.125,tie,0.21425724029541016,26,1,256,256,False,1,4,True
"spec vs plain c32, mtp_tree",alpaca_eval-0330,10,13759,2534,0.125,0.0,0.125,tie,0.11185240745544434,7,2,256,256,False,0,4,True
"spec vs plain c32, mtp_tree",alpaca_eval-0340,111,4650,68,0.125,0.0,0.125,tie,0.24115800857543945,42,1,188,205,False,0,1,True
"spec vs plain c32, mtp_tree",alpaca_eval-0360,184,668,76511,0.0,0.125,0.125,tie,0.2402815818786621,85,1,256,256,False,1,4,True
"spec vs plain c32, mtp_tree",alpaca_eval-0390,3,10,220,0.0,0.125,0.0625,tie,6.246566772460938e-05,1,1,256,256,False,2,1,True
"spec vs plain c32, mtp_tree",alpaca_eval-0400,7,1510,2972,0.0,0.125,0.125,tie,0.11828160285949707,6,1,256,256,False,2,4,True
"spec vs plain c32, mtp_tree",alpaca_eval-0410,76,23853,3136,0.125,0.0,0.125,tie,0.15406394004821777,44,1,256,256,False,1,2,True
"spec vs plain c32, mtp_tree",alpaca_eval-0420,183,3579,628,0.125,0.0,0.125,tie,0.23310160636901855,108,1,202,199,False,3,4,True
"spec vs plain c32, mtp_tree",alpaca_eval-0440,162,5190,5471,0.0,0.125,0.125,tie,0.20333194732666016,95,1,256,256,False,0,2,True
"spec vs plain c32, mtp_tree",alpaca_eval-0450,250,25,310,0.0,0.125,0.125,tie,0.23917245864868164,162,1,256,256,False,1,2,True
"spec vs plain c32, mtp_tree",alpaca_eval-0460,21,318,466,0.0,0.125,0.125,tie,0.2411034107208252,5,1,256,256,False,3,2,True
"spec vs plain c32, mtp_tree",alpaca_eval-0480,143,9,169286,0.0,0.125,0.125,tie,0.23865604400634766,66,0,256,256,False,3,3,True
"spec vs plain c32, mtp_tree",alpaca_eval-0490,130,6163,58655,0.0,0.125,0.125,tie,0.20630192756652832,117,0,256,256,False,0,3,True
"spec vs plain c32, mtp_tree",alpaca_eval-0500,36,56679,21397,0.125,0.0,0.125,tie,0.11717581748962402,25,1,256,256,False,3,4,True
"spec vs plain c32, mtp_tree",alpaca_eval-0520,125,760,88433,0.0,0.0625,0.0625,tie,0.2108529806137085,64,1,256,256,False,2,4,True
"spec vs plain c32, mtp_tree",alpaca_eval-0530,56,21568,2018,0.125,0.0,0.125,tie,0.23940110206604004,0,0,256,256,False,2,4,True
"spec vs plain c32, mtp_tree",alpaca_eval-0550,22,3286,24865,0.0,0.125,0.125,tie,0.18157267570495605,14,0,256,256,False,1,1,True
"spec vs plain c32, mtp_tree",alpaca_eval-0570,1,3766,4400,0.0,0.125,0.125,tie,0.0,,,256,256,False,0,1,True
"spec vs plain c32, mtp_tree",alpaca_eval-0580,220,864,748,0.125,0.0,0.125,tie,0.24533867835998535,4,0,256,256,False,1,1,True
"spec vs plain c32, mtp_tree",alpaca_eval-0590,246,48401,35,0.125,0.0,0.125,tie,0.2311718463897705,120,0,256,256,False,3,4,True
"spec vs plain c32, mtp_tree",cnn_dailymail-0001,34,11,13,0.0,0.125,0.125,tie,0.12682032585144043,30,1,125,105,False,0,4,True
"spec vs plain c32, mtp_tree",cnn_dailymail-0002,150,2599,30284,0.0,0.125,0.125,tie,0.20443952083587646,92,1,256,256,False,2,4,True
"spec vs plain c32, mtp_tree",cnn_dailymail-0003,77,314,8455,0.0,0.125,0.125,tie,0.21683573722839355,50,1,112,102,False,0,2,True
"spec vs plain c32, mtp_tree",cnn_dailymail-0004,47,11,314,0.0,0.125,0.125,tie,0.12168288230895996,28,1,97,99,False,0,3,True
"spec vs plain c32, mtp_tree",cnn_dailymail-0006,82,13211,65844,0.0,0.125,0.125,tie,0.20218396186828613,52,1,115,114,False,0,2,True
"spec vs plain c32, mtp_tree",cnn_dailymail-0007,53,321,3384,0.0,0.125,0.125,tie,0.13833928108215332,41,0,104,100,False,3,2,True
"spec vs plain c32, mtp_tree",cnn_dailymail-0009,39,5879,31511,0.0,0.125,0.125,tie,0.22856712341308594,27,0,81,84,False,1,2,True
"spec vs plain c32, mtp_tree",cnn_dailymail-0010,22,13064,30957,0.0,0.125,0.125,tie,0.22469711303710938,15,1,79,79,False,2,4,True
"spec vs plain c32, mtp_tree",cnn_dailymail-0013,60,8292,4464,0.125,0.0,0.125,tie,0.14811134338378906,4,1,121,124,False,0,4,True
"spec vs plain c32, mtp_tree",cnn_dailymail-0014,49,64777,1208,0.125,0.0,0.125,tie,0.12222790718078613,45,1,256,256,False,1,3,True
"spec vs plain c32, mtp_tree",cnn_dailymail-0016,86,303,13,0.125,0.0,0.125,tie,0.24478840827941895,29,1,126,119,False,1,4,True
"spec vs plain c32, mtp_tree",cnn_dailymail-0017,68,1027,279,0.125,0.0,0.125,tie,0.12220430374145508,61,1,256,256,False,1,2,True
"spec vs plain c32, mtp_tree",cnn_dailymail-0018,52,91243,2579,0.125,0.0,0.125,tie,0.19916963577270508,19,1,111,114,False,0,1,True
"spec vs plain c32, mtp_tree",cnn_dailymail-0019,35,9953,13789,0.0,0.125,0.0625,tie,0.20871734619140625,7,1,104,104,False,2,4,True
"spec vs plain c32, mtp_tree",cnn_dailymail-0020,46,4400,3543,0.125,0.0,0.125,tie,0.12167787551879883,42,1,256,256,False,1,4,True
"spec vs plain c32, mtp_tree",cnn_dailymail-0022,81,4171,44164,0.0,0.125,0.125,tie,0.18079280853271484,40,1,116,113,False,1,1,True
"spec vs plain c32, mtp_tree",cnn_dailymail-0024,97,3087,19623,0.0,0.125,0.125,tie,0.14320015907287598,61,1,112,112,False,1,3,True
"spec vs plain c32, mtp_tree",cnn_dailymail-0025,86,18966,7309,0.125,0.0,0.125,tie,0.12274742126464844,38,1,116,111,False,0,2,True
"spec vs plain c32, mtp_tree",cnn_dailymail-0028,54,43001,328,0.125,0.0,0.125,tie,0.12332701683044434,49,1,114,111,False,1,3,True
"spec vs plain c32, mtp_tree",cnn_dailymail-0029,207,14217,10661,0.125,0.0,0.125,tie,0.17893266677856445,93,1,256,256,False,0,4,True
"spec vs plain c32, mtp_tree",cnn_dailymail-0030,59,1528,491,0.125,0.0,0.125,tie,0.1920170783996582,37,0,94,92,False,3,4,True
"spec vs plain c32, mtp_tree",cnn_dailymail-0031,89,16679,1602,0.125,0.0,0.125,tie,0.23364877700805664,63,1,132,134,False,0,1,True
"spec vs plain c32, mtp_tree",cnn_dailymail-0032,153,22525,75532,0.0,0.125,0.125,tie,0.12564873695373535,106,1,256,256,False,2,2,True
"spec vs plain c32, mtp_tree",cnn_dailymail-0033,57,6349,10184,0.0,0.125,0.125,tie,0.3603365421295166,24,1,95,96,False,2,3,True
"spec vs plain c32, mtp_tree",cnn_dailymail-0035,192,1615,21046,0.0,0.25,0.125,tie,0.20206713676452637,155,1,256,256,False,2,4,True
"spec vs plain c32, mtp_tree",cnn_dailymail-0036,8,11,15784,0.0,0.125,0.125,tie,0.1035926342010498,5,1,108,115,False,0,3,True
"spec vs plain c32, mtp_tree",cnn_dailymail-0037,4,303,424,0.0,0.125,0.125,tie,0.125136137008667,3,1,110,114,False,0,3,True
"spec vs plain c32, mtp_tree",cnn_dailymail-0038,104,9290,509,0.125,0.0,0.125,tie,0.23810482025146484,72,1,256,256,False,0,3,True
"spec vs plain c32, mtp_tree",cnn_dailymail-0039,53,310,303,0.125,0.0,0.125,tie,0.14821529388427734,36,1,151,151,False,2,4,True
"spec vs plain c32, mtp_tree",gsm8k-0005,61,25,283,0.0,0.125,0.125,tie,0.12181615829467773,55,1,256,256,False,1,3,True
"spec vs plain c32, mtp_tree",gsm8k-0007,86,4003,854,0.125,0.0,0.125,tie,0.23306727409362793,18,1,256,256,False,1,4,True
"spec vs plain c32, mtp_tree",gsm8k-0009,146,458,27858,0.0,0.125,0.125,tie,0.244706392288208,85,1,256,256,False,1,4,True
"spec vs plain c32, mtp_tree",gsm8k-0010,19,1324,29478,0.0,0.125,0.125,tie,0.14813411235809326,12,0,256,256,False,2,4,True
"spec vs plain c32, mtp_tree",gsm8k-0011,26,38663,1421,0.12500005960464478,0.125,0.125,one_ulp,0.07594668865203857,2,1,256,256,False,1,4,True
"spec vs plain c32, mtp_tree",gsm8k-0012,124,77720,94721,0.0,0.125,0.125,tie,0.24299120903015137,11,1,256,256,False,3,4,True
"spec vs plain c32, mtp_tree",gsm8k-0015,44,4997,31187,0.125,0.25,0.125,near,0.35616445541381836,43,0,256,256,False,0,3,True
"spec vs plain c32, mtp_tree",gsm8k-0019,214,220,2972,0.0,0.125,0.125,tie,0.2363574504852295,35,0,256,256,False,1,4,True
"spec vs plain c32, mtp_tree",gsm8k-0020,33,64494,4346,0.125,0.0,0.125,tie,0.23761844635009766,29,0,256,256,False,3,2,True
"spec vs plain c32, mtp_tree",gsm8k-0025,19,279,3750,0.0,0.125,0.125,tie,0.12260770797729492,15,1,256,256,False,0,4,True
"spec vs plain c32, mtp_tree",gsm8k-0026,2,264,821,0.0,0.125,0.125,tie,5.4573873057961464e-05,1,1,256,256,False,1,1,True
"spec vs plain c32, mtp_tree",gsm8k-0028,27,3377,2702,0.125,0.0,0.125,tie,0.13141584396362305,17,0,240,247,False,3,4,True
"spec vs plain c32, mtp_tree",gsm8k-0031,7,1118,1144,0.0,0.125,0.125,tie,0.12266707420349121,5,0,256,256,False,2,4,True
"spec vs plain c32, mtp_tree",gsm8k-0032,79,7157,791,0.125,0.0,0.125,tie,0.14648181200027466,74,1,256,256,False,2,3,True
"spec vs plain c32, mtp_tree",gsm8k-0035,139,318,303,0.125,0.0,0.125,tie,0.23636555671691895,89,1,256,256,False,0,3,True
"spec vs plain c32, mtp_tree",gsm8k-0037,47,16,1088,0.0,0.125,0.125,tie,0.16186851263046265,38,0,256,256,False,3,4,True
"spec vs plain c32, mtp_tree",gsm8k-0038,201,328,32645,0.0,0.25,0.125,tie,0.1858832836151123,196,0,256,256,False,0,4,True
"spec vs plain c32, mtp_tree",gsm8k-0039,201,271,198,0.125,0.0,0.125,tie,0.21750402450561523,62,0,256,256,False,0,4,True
"spec vs plain c32, mtp_tree",gsm8k-0040,43,13682,9,0.125,0.0,0.125,tie,0.0829770565032959,8,2,221,208,False,1,4,True
"spec vs plain c32, mtp_tree",gsm8k-0042,94,1238,506,0.125,0.0,0.125,tie,0.23749685287475586,31,1,201,199,False,3,4,True
"spec vs plain c32, mtp_tree",gsm8k-0043,142,8037,37863,0.0,0.125,0.125,tie,0.218095064163208,128,1,256,256,False,2,4,True
"spec vs plain c32, mtp_tree",gsm8k-0044,16,15771,2014,0.125,0.0,0.125,tie,0.09288835525512695,2,1,256,256,False,3,4,True
"spec vs plain c32, mtp_tree",gsm8k-0049,16,13,303,0.0,0.25,0.25,tie,0.1186985969543457,6,1,256,256,False,3,4,True
"spec vs plain c32, mtp_tree",gsm8k-0050,229,71690,38540,0.125,0.0,0.125,tie,0.17893576622009277,121,1,256,256,False,3,4,True
"spec vs plain c32, mtp_tree",gsm8k-0052,141,279,411,0.0,0.125,0.125,tie,0.22739887237548828,132,1,256,256,False,0,3,True
"spec vs plain c32, mtp_tree",gsm8k-0053,249,19892,7548,0.125,0.0,0.125,tie,0.3641059398651123,27,0,256,256,False,0,4,True
"spec vs plain c32, mtp_tree",gsm8k-0058,228,11220,2972,0.125,0.0,0.125,tie,0.16504573822021484,144,1,256,256,False,0,4,True
"spec vs plain c32, mtp_tree",gsm8k-0060,19,4952,321,0.125,0.0,0.125,tie,0.15900635719299316,1,1,256,256,False,2,3,True
"spec vs plain c32, mtp_tree",gsm8k-0063,155,198,271,0.0,0.125,0.125,tie,0.23641204833984375,38,0,256,256,False,1,4,True
"spec vs plain c32, mtp_tree",gsm8k-0066,226,19,32897,0.0,0.25,0.125,tie,0.21669769287109375,15,1,256,256,False,0,3,True
"spec vs plain c32, mtp_tree",gsm8k-0070,27,15142,383,0.125,0.0,0.125,tie,0.18463706970214844,8,0,256,256,False,1,4,True
"spec vs plain c32, mtp_tree",gsm8k-0074,111,7336,4625,0.125,0.0,0.125,tie,0.2441425323486328,76,1,256,256,False,1,3,True
"spec vs plain c32, mtp_tree",gsm8k-0076,53,9,13682,0.0,0.125,0.125,tie,0.12058258056640625,45,1,256,256,False,0,4,True
"spec vs plain c32, mtp_tree",humaneval-0000,127,364,413,0.0,0.125,0.125,tie,3.146330709569156e-05,45,1,173,183,False,0,4,True
"spec vs plain c32, mtp_tree",humaneval-0005,106,498,2958,0.0,0.125,0.125,tie,0.16025257110595703,43,1,256,256,False,0,4,True
"spec vs plain c32, mtp_tree",humaneval-0010,135,653,364,0.12500005960464478,0.0,0.125,tie,0.16870880126953125,118,1,190,180,False,2,4,True
"spec vs plain c32, mtp_tree",humaneval-0011,222,1179,5335,0.0,0.125,0.125,tie,0.12969398498535156,213,1,256,256,False,0,3,True
"spec vs plain c32, mtp_tree",humaneval-0014,160,7,6686,0.0,0.125,0.125,tie,0.21940875053405762,59,1,256,256,False,0,4,True
"spec vs plain c32, mtp_tree",humaneval-0020,89,1906,10300,0.0,0.125,0.125,tie,0.23234272003173828,35,1,256,256,False,2,4,True
"spec vs plain c32, mtp_tree",humaneval-0026,52,1204,279,0.125,0.0,0.125,tie,0.12134408950805664,51,1,256,256,False,2,4,True
"spec vs plain c32, mtp_tree",humaneval-0027,2,198,1358,0.0,0.125,0.125,tie,2.264931026729755e-06,1,1,81,81,False,1,1,True
"spec vs plain c32, mtp_tree",humaneval-0032,94,1902,682,0.125,0.0,0.125,tie,0.22721552848815918,52,0,256,256,False,2,1,True
"spec vs plain c32, mtp_tree",humaneval-0033,164,198,271,0.0,0.125,0.125,tie,0.13544654846191406,160,0,256,256,False,0,3,True
"spec vs plain c32, mtp_tree",humaneval-0038,26,579,728,0.0,0.25,0.25,tie,0.1263744831085205,1,1,256,256,False,0,4,True
"spec vs plain c32, mtp_tree",humaneval-0043,2,1358,198,0.125,0.0,0.125,tie,0.0,,1,201,201,False,1,1,True
"spec vs plain c32, mtp_tree",humaneval-0050,13,561,1061,0.0,0.12499994039535522,0.125,tie,0.10427069664001465,1,1,256,256,False,0,4,True
"spec vs plain c32, mtp_tree",humaneval-0053,18,709,5089,0.0,0.125,0.125,tie,0.09580111503601074,12,1,193,172,False,3,2,True
"spec vs plain c32, mtp_tree",mt_bench-0000,3,11,303,0.0,0.0625,0.0625,tie,0.00010395050048828125,1,1,256,256,False,1,1,True
"spec vs plain c32, mtp_tree",mt_bench-0001,127,1040,10386,0.0,0.125,0.125,tie,0.21740961074829102,95,0,153,153,False,3,3,True
"spec vs plain c32, mtp_tree",mt_bench-0002,130,8615,279,0.125,0.0,0.125,tie,0.21370768547058105,81,1,256,256,False,2,4,True
"spec vs plain c32, mtp_tree",mt_bench-0003,30,6379,4929,0.125,0.0,0.125,tie,0.1252574920654297,25,1,256,256,False,0,4,True
"spec vs plain c32, mtp_tree",mt_bench-0004,32,38831,5843,0.25,0.0,0.125,tie,0.12578320503234863,12,1,231,241,False,0,3,True
"spec vs plain c32, mtp_tree",mt_bench-0005,97,33367,37728,0.0,0.0625,0.0625,tie,0.11737918853759766,29,1,256,256,False,2,2,True
"spec vs plain c32, mtp_tree",mt_bench-0006,182,3979,35091,0.0,0.1875,0.0625,tie,0.23825693130493164,160,1,256,256,False,1,2,True
"spec vs plain c32, mtp_tree",mt_bench-0007,13,3413,15920,0.0,0.0625,0.0625,tie,0.11079716682434082,3,1,204,211,False,1,3,True
"spec vs plain c32, mtp_tree",mt_bench-0009,144,364,681,0.0,0.125,0.125,tie,0.21509695053100586,134,1,256,256,False,1,3,True
"spec vs plain c32, mtp_tree",mt_bench-0010,41,264,15327,0.0,0.125,0.125,tie,0.13499689102172852,28,1,254,256,False,3,4,True
"spec vs plain c32, mtp_tree",mt_bench-0011,151,82868,3428,0.0625,0.0,0.0625,tie,0.13826417922973633,96,1,256,256,False,1,1,True
"spec vs plain c32, mtp_tree",mt_bench-0013,82,8396,279,0.125,0.0,0.125,tie,0.16818737983703613,47,1,256,256,False,1,1,True
"spec vs plain c32, mtp_tree",mt_bench-0014,198,18547,3512,0.25,0.0,0.25,tie,0.2554035186767578,156,1,256,256,False,1,4,True
"spec vs plain c32, mtp_tree",mt_bench-0015,116,19180,21680,0.0,0.125,0.125,tie,0.23436903953552246,78,1,256,256,False,1,4,True
"spec vs plain c32, mtp_tree",mt_bench-0018,73,1442,2166,0.0,0.25,0.125,tie,0.22779464721679688,53,1,132,141,False,0,4,True
"spec vs plain c32, mtp_tree",mt_bench-0020,241,561,353,0.125,0.0,0.125,tie,0.24030852317810059,231,1,256,256,False,1,4,True
"spec vs plain c32, mtp_tree",mt_bench-0022,197,28187,318,0.125,0.0,0.125,tie,0.2434859275817871,8,1,256,236,False,1,2,True
"spec vs plain c32, mtp_tree",mt_bench-0023,136,1368,1987,0.0,0.25,0.125,tie,0.2422635555267334,78,1,256,256,False,1,4,True
"spec vs plain c32, mtp_tree",mt_bench-0028,169,6797,12098,0.0,0.125,0.125,tie,0.15731549263000488,22,1,256,256,False,1,4,True
"spec vs plain c32, mtp_tree",mt_bench-0029,124,264,279,0.0,0.125,0.125,tie,0.21480345726013184,120,1,256,256,False,2,3,True
"spec vs plain c32, mtp_tree",mt_bench-0034,108,348,1518,0.0,0.125,0.125,tie,0.2398080825805664,21,1,256,256,False,1,4,True
"spec vs plain c32, mtp_tree",mt_bench-0038,95,45382,46270,0.0,0.25,0.25,tie,0.13592875003814697,17,1,256,256,False,1,4,True
"spec vs plain c32, mtp_tree",mt_bench-0039,143,279,26782,0.0,0.125,0.125,tie,0.12059998512268066,74,1,256,256,False,0,3,True
"spec vs plain c32, mtp_tree",mt_bench-0040,32,31128,8427,0.125,0.0,0.125,tie,0.23646950721740723,10,1,256,256,False,1,2,True
"spec vs plain c32, mtp_tree",mt_bench-0041,215,16,15,0.125,0.0,0.125,tie,0.19804978370666504,91,1,256,256,False,1,3,True
"spec vs plain c32, mtp_tree",mt_bench-0044,83,3578,1788,0.125,0.0,0.125,tie,0.20815157890319824,46,1,256,256,False,0,3,True
"spec vs plain c32, mtp_tree",mt_bench-0045,67,10539,8882,0.125,0.125,0.125,one_ulp,0.17994165420532227,32,1,256,256,False,1,2,True
"spec vs plain c32, mtp_tree",mt_bench-0047,117,364,13,0.125,0.0,0.125,tie,0.23108458518981934,64,1,256,256,False,0,1,True
"spec vs plain c32, mtp_tree",mt_bench-0048,49,580,488,0.125,0.0,0.125,tie,0.2412281036376953,41,1,256,256,False,0,2,True
"spec vs plain c32, mtp_tree",mt_bench-0049,24,466,11,0.125,0.0,0.125,tie,0.22638988494873047,20,1,256,256,False,1,2,True
"spec vs plain c32, mtp_tree",mt_bench-0050,247,3158,799,0.125,0.0,0.125,tie,0.12155008316040039,17,1,256,256,False,1,4,True
"spec vs plain c32, mtp_tree",mt_bench-0061,82,5529,1902,0.125,0.125,0.125,one_ulp,0.23504924774169922,1,1,256,256,False,0,4,True
"spec vs plain c32, mtp_tree",mt_bench-0062,37,1536,6065,0.0,0.125,0.125,tie,5.1000650273635983e-05,8,1,256,256,False,0,4,True
"spec vs plain c32, mtp_tree",mt_bench-0063,57,314,33448,0.0,0.125,0.125,tie,0.31278109550476074,48,1,256,256,False,2,2,True
"spec vs plain c32, mtp_tree",mt_bench-0064,1,64583,8340,0.125,0.0,0.125,tie,0.0,,,256,256,False,0,1,True
"spec vs plain c32, mtp_tree",mt_bench-0065,92,271,198,0.125,0.0,0.0625,tie,0.22110843658447266,62,1,256,256,False,3,4,True
"spec vs plain c32, mtp_tree",mt_bench-0066,90,323,4670,0.0,0.125,0.125,tie,0.21125459671020508,76,1,256,256,False,2,2,True
"spec vs plain c32, mtp_tree",mt_bench-0067,117,733,2972,0.0,0.125,0.125,tie,0.23087787628173828,29,1,256,256,False,3,1,True
"spec vs plain c32, mtp_tree",mt_bench-0069,146,427,33037,0.0,0.125,0.125,tie,0.2211320400238037,136,0,256,256,False,1,4,True
"spec vs plain c32, mtp_tree",mt_bench-0071,34,28604,2950,0.125,0.0,0.125,tie,0.2042689323425293,27,1,256,256,False,1,4,True
"spec vs plain c32, mtp_tree",mt_bench-0072,201,28069,2981,0.125,0.0,0.125,tie,0.19179999828338623,35,1,256,256,False,1,2,True
"spec vs plain c32, mtp_tree",mt_bench-0074,192,1829,7258,0.0,0.125,0.125,tie,0.21939802169799805,134,1,256,256,False,1,3,True
"spec vs plain c32, mtp_tree",mt_bench-0075,17,369,318,0.125,0.0,0.125,tie,0.11089372634887695,12,1,256,256,False,0,4,True
"spec vs plain c32, mtp_tree",mt_bench-0076,131,32530,369,0.125,0.0,0.125,tie,0.215254545211792,8,1,256,256,False,1,1,True
"spec vs plain c32, mtp_tree",mt_bench-0077,112,557,1467,0.0,0.125,0.125,tie,0.13489508628845215,9,1,256,256,False,1,4,True
"spec vs plain c32, mtp_tree",mt_bench-0078,183,41928,4101,0.125,0.0,0.125,tie,0.24036169052124023,15,1,256,256,False,2,1,True
"spec vs plain c32, mtp_tree",mt_bench-0079,199,2222,321,0.125,0.0,0.125,tie,0.425187349319458,54,1,256,256,False,0,2,True
"spec vs spec c1, mtp_s1 vs mtp_s3",alpaca_eval-0000,111,348,279,0.125,0.0,0.125,tie,0.1337583065032959,104,36,256,256,False,1,2,True
"spec vs spec c1, mtp_s1 vs mtp_s3",alpaca_eval-0080,76,50209,15214,0.125,0.0,0.125,tie,0.1076364517211914,31,30,256,256,False,3,3,True
"spec vs spec c1, mtp_s1 vs mtp_s3",alpaca_eval-0090,88,4364,6762,0.0,0.125,0.125,tie,0.23461008071899414,81,36,256,256,False,3,1,True
"spec vs spec c1, mtp_s1 vs mtp_s3",alpaca_eval-0120,100,68587,1852,0.25,0.0,0.25,tie,0.20479965209960938,95,39,156,176,False,0,3,True
"spec vs spec c1, mtp_s1 vs mtp_s3",alpaca_eval-0130,182,855,20976,0.0,0.0625,0.0625,tie,0.15422272682189941,178,157,256,256,False,1,2,True
"spec vs spec c1, mtp_s1 vs mtp_s3",alpaca_eval-0140,234,36636,6855,0.125,0.0,0.125,tie,0.1376185417175293,221,44,256,256,False,2,3,True
"spec vs spec c1, mtp_s1 vs mtp_s3",alpaca_eval-0150,159,13,11,0.125,0.0,0.125,tie,0.12184906005859375,138,138,256,256,False,0,2,True
"spec vs spec c1, mtp_s1 vs mtp_s3",alpaca_eval-0200,144,68,39551,0.0,0.125,0.125,tie,0.12270832061767578,68,45,256,256,False,0,2,True
"spec vs spec c1, mtp_s1 vs mtp_s3",alpaca_eval-0210,161,599,42303,0.0,0.125,0.125,tie,0.12147712707519531,116,44,256,256,False,1,1,True
"spec vs spec c1, mtp_s1 vs mtp_s3",alpaca_eval-0220,93,6792,1865,0.125,0.0,0.125,tie,0.2353670597076416,86,36,256,256,False,0,3,True
"spec vs spec c1, mtp_s1 vs mtp_s3",alpaca_eval-0230,190,23373,12298,0.125,0.0,0.125,tie,0.11801958084106445,171,155,256,256,False,3,1,True
"spec vs spec c1, mtp_s1 vs mtp_s3",alpaca_eval-0240,209,4275,3741,0.125,0.0,0.125,tie,0.24158287048339844,205,39,256,256,False,0,3,True
"spec vs spec c1, mtp_s1 vs mtp_s3",alpaca_eval-0250,137,440,279,0.125,0.0,0.125,tie,0.14432716369628906,54,18,256,256,False,0,1,True
"spec vs spec c1, mtp_s1 vs mtp_s3",alpaca_eval-0270,113,21716,30310,0.0,0.125,0.125,tie,0.20862150192260742,63,25,256,256,False,1,4,True
"spec vs spec c1, mtp_s1 vs mtp_s3",alpaca_eval-0280,208,6436,2201,0.125,0.0,0.125,tie,0.13025379180908203,168,154,256,256,False,3,4,True
"spec vs spec c1, mtp_s1 vs mtp_s3",alpaca_eval-0290,122,17814,5821,0.125,0.0,0.125,tie,0.19087815284729004,46,5,256,256,False,0,2,True
"spec vs spec c1, mtp_s1 vs mtp_s3",alpaca_eval-0300,136,198,271,0.0,0.125,0.125,tie,0.2394559383392334,31,6,256,256,False,2,4,True
"spec vs spec c1, mtp_s1 vs mtp_s3",alpaca_eval-0340,59,1622,3296,0.125,0.125,0.125,one_ulp,0.12854337692260742,46,42,195,212,False,0,2,True
"spec vs spec c1, mtp_s1 vs mtp_s3",alpaca_eval-0350,254,3050,15714,0.0,0.125,0.125,tie,0.12235736846923828,212,175,256,256,False,0,1,True
"spec vs spec c1, mtp_s1 vs mtp_s3",alpaca_eval-0360,231,36,2196,0.0,0.125,0.125,tie,0.23950910568237305,164,38,256,256,False,2,2,True
"spec vs spec c1, mtp_s1 vs mtp_s3",alpaca_eval-0420,158,11120,4204,0.25,0.0,0.125,tie,0.17328500747680664,63,41,221,220,False,0,1,True
"spec vs spec c1, mtp_s1 vs mtp_s3",alpaca_eval-0470,238,31341,7873,0.12499988079071045,0.0,0.125,tie,0.2368464469909668,124,37,256,256,False,2,1,True
"spec vs spec c1, mtp_s1 vs mtp_s3",alpaca_eval-0480,184,264,3712,0.0,0.125,0.125,tie,0.16056394577026367,92,30,256,256,False,1,4,True
"spec vs spec c1, mtp_s1 vs mtp_s3",alpaca_eval-0500,36,21397,56679,0.0,0.125,0.125,tie,0.12367033958435059,27,3,256,256,False,1,4,True
"spec vs spec c1, mtp_s1 vs mtp_s3",alpaca_eval-0510,133,62861,3514,0.125,0.0,0.125,tie,0.1435716152191162,99,33,256,217,False,2,4,True
"spec vs spec c1, mtp_s1 vs mtp_s3",alpaca_eval-0520,125,760,88433,0.0,0.0625,0.0625,tie,0.19086074829101562,75,42,256,256,False,3,4,True
"spec vs spec c1, mtp_s1 vs mtp_s3",alpaca_eval-0530,56,21568,2018,0.125,0.0,0.125,tie,0.134224534034729,50,28,256,256,False,2,4,True
"spec vs spec c1, mtp_s1 vs mtp_s3",alpaca_eval-0550,211,1919,3733,0.0,0.12500011920928955,0.125,tie,0.24492192268371582,184,38,256,256,False,2,3,True
"spec vs spec c1, mtp_s1 vs mtp_s3",alpaca_eval-0570,159,17325,37038,0.0,0.125,0.125,tie,0.22899818420410156,130,111,256,256,False,3,4,True
"spec vs spec c1, mtp_s1 vs mtp_s3",alpaca_eval-0580,220,748,864,0.0,0.125,0.125,tie,0.22768735885620117,151,148,256,256,False,1,1,True
"spec vs spec c1, mtp_s1 vs mtp_s3",cnn_dailymail-0000,85,264,449,0.0,0.125,0.125,tie,0.15819120407104492,84,3,112,113,False,0,2,True
"spec vs spec c1, mtp_s1 vs mtp_s3",cnn_dailymail-0005,125,1905,24342,0.0,0.25,0.125,tie,0.22611165046691895,67,3,256,256,False,0,4,True
"spec vs spec c1, mtp_s1 vs mtp_s3",cnn_dailymail-0006,28,494,1040,0.0,0.25,0.25,tie,0.23271512985229492,15,3,123,114,False,1,2,True
"spec vs spec c1, mtp_s1 vs mtp_s3",cnn_dailymail-0009,39,5879,31511,0.0,0.125,0.125,tie,0.12025737762451172,36,17,81,84,False,1,2,True
"spec vs spec c1, mtp_s1 vs mtp_s3",cnn_dailymail-0010,22,30957,13064,0.125,0.0,0.125,tie,0.18733322620391846,20,3,79,79,False,2,4,True
"spec vs spec c1, mtp_s1 vs mtp_s3",cnn_dailymail-0011,225,321,11,0.125,0.0,0.125,tie,0.23086905479431152,110,3,256,256,False,0,2,True
"spec vs spec c1, mtp_s1 vs mtp_s3",cnn_dailymail-0013,26,279,975,0.0,0.125,0.125,tie,0.12261223793029785,13,3,113,119,False,0,1,True
"spec vs spec c1, mtp_s1 vs mtp_s3",cnn_dailymail-0015,37,11,682,0.0,0.125,0.125,tie,0.1942145824432373,32,3,111,108,False,0,4,True
"spec vs spec c1, mtp_s1 vs mtp_s3",cnn_dailymail-0017,68,279,1027,0.0,0.125,0.125,tie,0.22468829154968262,41,3,256,256,False,1,2,True
"spec vs spec c1, mtp_s1 vs mtp_s3",cnn_dailymail-0020,46,3543,4400,0.0,0.125,0.125,tie,0.22207951545715332,33,3,256,256,False,0,1,True
"spec vs spec c1, mtp_s1 vs mtp_s3",cnn_dailymail-0021,43,1010,4788,0.0,0.125,0.125,tie,0.14676403999328613,13,3,131,156,False,0,1,True
"spec vs spec c1, mtp_s1 vs mtp_s3",cnn_dailymail-0023,161,310,11,0.125,0.0,0.125,tie,0.12265372276306152,50,3,256,256,False,1,4,True
"spec vs spec c1, mtp_s1 vs mtp_s3",cnn_dailymail-0025,86,18966,7309,0.125,0.0,0.125,tie,0.13760590553283691,80,48,116,109,False,1,1,True
"spec vs spec c1, mtp_s1 vs mtp_s3",cnn_dailymail-0026,83,4016,321,0.125,0.0,0.125,tie,0.21449565887451172,81,3,256,256,False,1,4,True
"spec vs spec c1, mtp_s1 vs mtp_s3",cnn_dailymail-0027,20,381,3512,0.0,0.125,0.125,tie,0.12244510650634766,15,2,96,110,False,1,2,True
"spec vs spec c1, mtp_s1 vs mtp_s3",cnn_dailymail-0028,59,12407,9078,0.125,0.0,0.125,tie,0.1385650634765625,35,3,115,111,False,1,3,True
"spec vs spec c1, mtp_s1 vs mtp_s3",cnn_dailymail-0029,42,9926,25,0.25,0.0,0.25,tie,0.1155397891998291,33,3,256,256,False,2,4,True
"spec vs spec c1, mtp_s1 vs mtp_s3",cnn_dailymail-0032,153,22525,75532,0.0,0.125,0.125,tie,0.22696542739868164,33,3,256,256,False,2,4,True
"spec vs spec c1, mtp_s1 vs mtp_s3",cnn_dailymail-0033,62,279,2107,0.0,0.125,0.125,tie,0.2350153923034668,42,3,95,96,False,0,2,True
"spec vs spec c1, mtp_s1 vs mtp_s3",cnn_dailymail-0034,12,11,411,0.0,0.125,0.125,tie,0.12372517585754395,5,3,108,110,False,3,4,True
"spec vs spec c1, mtp_s1 vs mtp_s3",cnn_dailymail-0036,8,11,15784,0.0,0.125,0.125,tie,0.0810164213180542,6,3,108,115,False,0,2,True
"spec vs spec c1, mtp_s1 vs mtp_s3",cnn_dailymail-0038,124,10298,557,0.125,0.0,0.125,tie,0.22795367240905762,95,3,256,256,False,0,2,True
"spec vs spec c1, mtp_s1 vs mtp_s3",cnn_dailymail-0039,53,310,303,0.125,0.0,0.125,tie,0.1250932216644287,45,3,166,151,False,2,4,True
"spec vs spec c1, mtp_s1 vs mtp_s3",gsm8k-0004,39,220,2250,0.0,0.125,0.125,tie,0.21669745445251465,12,4,256,256,False,0,4,True
"spec vs spec c1, mtp_s1 vs mtp_s3",gsm8k-0007,144,1,279,0.0,0.125,0.125,tie,0.12130188941955566,134,101,256,256,False,3,4,True
"spec vs spec c1, mtp_s1 vs mtp_s3",gsm8k-0043,142,8037,37863,0.0,0.125,0.125,tie,0.21282625198364258,131,110,256,256,False,1,4,True
"spec vs spec c1, mtp_s1 vs mtp_s3",gsm8k-0045,157,19185,1088,0.125,0.0,0.125,tie,0.07694697380065918,125,76,256,256,False,3,4,True
"spec vs spec c1, mtp_s1 vs mtp_s3",gsm8k-0070,196,198,68647,0.0,0.125,0.125,tie,0.12179112434387207,131,117,256,256,False,0,3,True
"spec vs spec c1, mtp_s1 vs mtp_s3",gsm8k-0074,9,11488,6093,0.125,0.0,0.125,tie,9.891838999465108e-06,3,3,256,256,False,0,4,True
"spec vs spec c1, mtp_s1 vs mtp_s3",gsm8k-0076,209,303,539,0.0,0.125,0.125,tie,0.24170637130737305,156,83,256,256,False,0,2,True
"spec vs spec c1, mtp_s1 vs mtp_s3",humaneval-0005,212,39965,1103,0.125,0.0,0.125,tie,0.1563584804534912,139,72,256,256,False,1,3,True
"spec vs spec c1, mtp_s1 vs mtp_s3",humaneval-0011,222,5335,1179,0.125,0.0,0.125,tie,0.12276554107666016,99,84,256,256,False,0,3,True
"spec vs spec c1, mtp_s1 vs mtp_s3",humaneval-0032,39,2574,1406,0.125,0.0,0.125,tie,0.19111108779907227,35,3,256,256,False,1,4,True
"spec vs spec c1, mtp_s1 vs mtp_s3",humaneval-0038,94,6922,513,0.125,0.0,0.125,tie,0.1826798915863037,93,3,256,256,False,3,4,True
"spec vs spec c1, mtp_s1 vs mtp_s3",humaneval-0050,13,1061,561,0.125,0.0,0.125,tie,0.08657729625701904,6,3,256,256,False,2,4,True
"spec vs spec c1, mtp_s1 vs mtp_s3",mt_bench-0000,117,57973,348,0.125,0.0,0.125,tie,0.18740081787109375,32,28,256,256,False,1,3,True
"spec vs spec c1, mtp_s1 vs mtp_s3",mt_bench-0001,113,40,5328,0.0,0.125,0.125,tie,0.2850534915924072,50,4,160,153,False,0,4,True
"spec vs spec c1, mtp_s1 vs mtp_s3",mt_bench-0004,65,542,15919,0.0,0.125,0.125,tie,0.12240290641784668,49,29,256,224,False,0,1,True
"spec vs spec c1, mtp_s1 vs mtp_s3",mt_bench-0008,205,13,14,0.0,0.125,0.125,tie,0.22648406028747559,191,140,256,256,False,0,2,True
"spec vs spec c1, mtp_s1 vs mtp_s3",mt_bench-0009,86,321,11,0.125,0.0,0.125,tie,0.10345709323883057,82,82,256,256,False,0,4,True
"spec vs spec c1, mtp_s1 vs mtp_s3",mt_bench-0010,204,11362,1066,0.06250011920928955,0.0,0.0625,tie,0.14231538772583008,178,147,256,256,False,1,4,True
"spec vs spec c1, mtp_s1 vs mtp_s3",mt_bench-0011,147,435,64,0.125,0.0,0.0625,tie,0.12213253974914551,140,130,256,256,False,3,3,True
"spec vs spec c1, mtp_s1 vs mtp_s3",mt_bench-0017,199,883,11,0.125,0.0,0.125,tie,0.1694880723953247,51,13,256,256,False,1,3,True
"spec vs spec c1, mtp_s1 vs mtp_s3",mt_bench-0022,35,159034,159029,0.125,0.0,0.125,tie,0.10790693759918213,33,30,106,106,False,0,4,True
"spec vs spec c1, mtp_s1 vs mtp_s3",mt_bench-0024,240,303,506,0.0,0.125,0.125,tie,0.21028923988342285,69,3,256,256,False,1,2,True
"spec vs spec c1, mtp_s1 vs mtp_s3",mt_bench-0028,112,10234,16903,0.0,0.125,0.125,tie,0.15220284461975098,85,3,256,256,False,0,4,True
"spec vs spec c1, mtp_s1 vs mtp_s3",mt_bench-0029,123,13,310,0.0,0.125,0.125,tie,0.1223292350769043,103,41,256,256,False,1,3,True
"spec vs spec c1, mtp_s1 vs mtp_s3",mt_bench-0039,143,279,26782,0.0,0.125,0.125,tie,0.1215510368347168,59,24,256,256,False,0,2,True
"spec vs spec c1, mtp_s1 vs mtp_s3",mt_bench-0040,50,84387,6971,0.125,0.125,0.125,one_ulp,0.12102580070495605,43,24,256,256,False,0,1,True
"spec vs spec c1, mtp_s1 vs mtp_s3",mt_bench-0044,127,3050,328,0.125,0.0,0.125,tie,0.2021787166595459,94,31,256,256,False,0,3,True
"spec vs spec c1, mtp_s1 vs mtp_s3",mt_bench-0048,94,332,1654,0.0,0.125,0.125,tie,0.14693379402160645,69,18,256,256,False,1,4,True
"spec vs spec c1, mtp_s1 vs mtp_s3",mt_bench-0056,112,5396,2824,0.125,0.125,0.125,one_ulp,0.23125791549682617,94,3,256,256,False,1,4,True
"spec vs spec c1, mtp_s1 vs mtp_s3",mt_bench-0060,78,318,506,0.0,0.125,0.125,tie,0.12178492546081543,50,26,256,256,False,1,1,True
"spec vs spec c1, mtp_s1 vs mtp_s3",mt_bench-0062,154,318,13,0.125,0.0,0.125,tie,0.16277408599853516,37,11,256,256,False,0,4,True
"spec vs spec c1, mtp_s1 vs mtp_s3",mt_bench-0066,187,29077,328,0.25,0.0,0.125,tie,0.15468406677246094,171,116,256,256,False,1,1,True
"spec vs spec c1, mtp_s1 vs mtp_s3",mt_bench-0067,51,1817,13,0.125,0.0,0.125,tie,0.11488747596740723,29,14,256,256,False,0,2,True
"spec vs spec c1, mtp_s1 vs mtp_s3",mt_bench-0068,153,283,478,0.0,0.125,0.125,tie,0.12276649475097656,152,149,256,256,False,1,4,True
"spec vs spec c1, mtp_s1 vs mtp_s3",mt_bench-0069,168,8597,9422,0.0,0.125,0.125,tie,0.15542471408843994,165,159,256,256,False,0,1,True
"spec vs spec c1, mtp_s1 vs mtp_s3",mt_bench-0071,125,13,11,0.125,0.0,0.125,tie,0.18504953384399414,99,38,256,256,False,0,2,True
"spec vs spec c1, mtp_s1 vs mtp_s3",mt_bench-0075,56,5077,11315,0.0,0.125,0.125,tie,0.12136697769165039,31,29,256,256,False,0,2,True
"spec vs spec c1, mtp_s1 vs mtp_s3",mt_bench-0078,102,55252,17439,0.125,0.0,0.125,tie,0.1279306411743164,78,39,256,256,False,0,1,True
"spec vs spec c1, mtp_s1 vs mtp_s3",mt_bench-0079,199,321,2222,0.0,0.125,0.125,tie,0.22089743614196777,67,34,256,256,False,0,3,True
"spec vs spec c1, mtp_s3 vs mtp_s5",alpaca_eval-0000,6,26310,63049,0.0,0.125,0.125,tie,0.07784163951873779,2,1,256,256,False,2,2,True
"spec vs spec c1, mtp_s3 vs mtp_s5",alpaca_eval-0010,29,44280,975,0.125,0.0,0.125,tie,0.1553652286529541,14,1,256,256,False,0,1,True
"spec vs spec c1, mtp_s3 vs mtp_s5",alpaca_eval-0030,190,1891,12439,0.0,0.125,0.125,tie,0.23365521430969238,108,2,256,256,False,3,6,True
"spec vs spec c1, mtp_s3 vs mtp_s5",alpaca_eval-0050,182,31874,198,0.125,0.0,0.125,tie,0.20908713340759277,55,1,256,256,False,1,3,True
"spec vs spec c1, mtp_s3 vs mtp_s5",alpaca_eval-0060,152,23351,5487,0.125,0.0,0.125,tie,0.2012333869934082,64,1,256,256,False,3,1,True
"spec vs spec c1, mtp_s3 vs mtp_s5",alpaca_eval-0080,76,15214,50209,0.0,0.125,0.125,tie,0.12142658233642578,52,1,256,256,False,3,3,True
"spec vs spec c1, mtp_s3 vs mtp_s5",alpaca_eval-0090,158,7751,9419,0.0,0.125,0.0625,tie,0.23627901077270508,125,1,256,256,False,1,1,True
"spec vs spec c1, mtp_s3 vs mtp_s5",alpaca_eval-0100,65,90433,45675,0.125,0.0,0.125,tie,0.2160128355026245,14,1,256,256,False,2,2,True
"spec vs spec c1, mtp_s3 vs mtp_s5",alpaca_eval-0110,93,18995,279,0.125,0.0,0.125,tie,0.24382686614990234,86,1,256,256,False,1,3,True
"spec vs spec c1, mtp_s3 vs mtp_s5",alpaca_eval-0120,125,28206,7745,0.0625,0.0,0.0625,tie,0.15689754486083984,75,1,176,171,False,0,4,True
"spec vs spec c1, mtp_s3 vs mtp_s5",alpaca_eval-0130,38,39107,1876,0.12500005960464478,0.0,0.0625,tie,0.12621855735778809,37,1,256,256,False,0,2,True
"spec vs spec c1, mtp_s3 vs mtp_s5",alpaca_eval-0150,134,1273,16629,0.0,0.125,0.125,tie,0.18840456008911133,122,1,256,256,False,5,6,True
"spec vs spec c1, mtp_s3 vs mtp_s5",alpaca_eval-0160,112,5369,12983,0.0,0.125,0.125,tie,0.2446603775024414,104,1,256,256,False,1,1,True
"spec vs spec c1, mtp_s3 vs mtp_s5",alpaca_eval-0170,222,198,8336,0.0,0.125,0.125,tie,0.24091029167175293,17,1,256,256,False,1,6,True
"spec vs spec c1, mtp_s3 vs mtp_s5",alpaca_eval-0180,39,26932,24065,0.125,0.0,0.125,tie,0.1453108787536621,21,1,256,256,False,2,6,True
"spec vs spec c1, mtp_s3 vs mtp_s5",alpaca_eval-0210,95,318,364,0.0,0.125,0.125,tie,0.23801159858703613,87,1,256,256,False,3,4,True
"spec vs spec c1, mtp_s3 vs mtp_s5",alpaca_eval-0220,182,310,303,0.125,0.0,0.0625,tie,0.2439439296722412,156,1,256,256,False,0,2,True
"spec vs spec c1, mtp_s3 vs mtp_s5",alpaca_eval-0230,220,2528,18516,0.0,0.125,0.125,tie,0.23787307739257812,217,1,256,256,False,0,6,True
"spec vs spec c1, mtp_s3 vs mtp_s5",alpaca_eval-0240,9,46548,7253,0.125,0.0,0.125,tie,0.12092924118041992,8,1,256,256,False,0,2,True
"spec vs spec c1, mtp_s3 vs mtp_s5",alpaca_eval-0250,103,836,279,0.125,0.0,0.125,tie,0.22622060775756836,89,1,256,256,False,0,2,True
"spec vs spec c1, mtp_s3 vs mtp_s5",alpaca_eval-0260,78,198,271,0.0,0.125,0.125,tie,0.22433996200561523,27,1,256,256,False,2,3,True
"spec vs spec c1, mtp_s3 vs mtp_s5",alpaca_eval-0270,93,1369,7071,0.0,0.125,0.125,tie,0.2402956485748291,67,1,256,256,False,2,3,True
"spec vs spec c1, mtp_s3 vs mtp_s5",alpaca_eval-0280,42,159029,314,0.125,0.0,0.125,tie,0.21667909622192383,41,1,256,256,False,1,2,True
"spec vs spec c1, mtp_s3 vs mtp_s5",alpaca_eval-0290,109,3579,958,0.125,0.0,0.125,tie,0.15984606742858887,3,1,256,256,False,1,5,True
"spec vs spec c1, mtp_s3 vs mtp_s5",alpaca_eval-0300,5,16866,638,0.125,0.0,0.125,tie,5.10007084812969e-05,4,2,256,256,False,4,1,True
"spec vs spec c1, mtp_s3 vs mtp_s5",alpaca_eval-0320,31,25,5469,0.0,0.125,0.125,tie,0.11992716789245605,29,1,256,256,False,3,6,True
"spec vs spec c1, mtp_s3 vs mtp_s5",alpaca_eval-0330,10,2534,13759,0.0,0.125,0.125,tie,0.1279127597808838,8,1,256,256,False,2,2,True
"spec vs spec c1, mtp_s3 vs mtp_s5",alpaca_eval-0340,59,3296,1622,0.125,0.125,0.125,one_ulp,0.20255637168884277,40,1,212,201,False,0,2,True
"spec vs spec c1, mtp_s3 vs mtp_s5",alpaca_eval-0350,130,25066,10829,0.25,0.0,0.125,tie,0.17923903465270996,87,2,256,256,False,5,2,True
"spec vs spec c1, mtp_s3 vs mtp_s5",alpaca_eval-0360,32,1017,2614,0.0,0.125,0.125,tie,0.16797828674316406,25,1,256,256,False,4,3,True
"spec vs spec c1, mtp_s3 vs mtp_s5",alpaca_eval-0390,5,198,220,0.0,0.125,0.125,tie,0.10227036476135254,1,1,256,256,False,0,1,True
"spec vs spec c1, mtp_s3 vs mtp_s5",alpaca_eval-0400,7,2972,1510,0.125,0.0,0.125,tie,0.1177513599395752,6,1,256,256,False,1,3,True
"spec vs spec c1, mtp_s3 vs mtp_s5",alpaca_eval-0420,21,29667,34404,0.0,0.125,0.125,tie,0.2453289031982422,19,1,220,221,False,0,2,True
"spec vs spec c1, mtp_s3 vs mtp_s5",alpaca_eval-0430,103,264,279,0.0,0.125,0.125,tie,0.23060870170593262,16,1,256,256,False,1,1,True
"spec vs spec c1, mtp_s3 vs mtp_s5",alpaca_eval-0440,80,15771,35,0.25,0.0,0.25,tie,0.1226811408996582,74,1,256,256,False,4,6,True
"spec vs spec c1, mtp_s3 vs mtp_s5",alpaca_eval-0450,114,8070,7499,0.125,0.0,0.125,tie,0.23823046684265137,58,1,256,256,False,0,4,True
"spec vs spec c1, mtp_s3 vs mtp_s5",alpaca_eval-0460,41,3315,1204,0.125,0.0,0.125,tie,0.15478044748306274,1,1,256,256,False,0,1,True
"spec vs spec c1, mtp_s3 vs mtp_s5",alpaca_eval-0470,238,7873,31341,0.0,0.125,0.125,tie,0.22980546951293945,3,1,256,256,False,5,2,True
"spec vs spec c1, mtp_s3 vs mtp_s5",alpaca_eval-0480,107,7497,1879,0.125,0.0,0.125,tie,0.20041775703430176,103,1,256,256,False,1,2,True
"spec vs spec c1, mtp_s3 vs mtp_s5",alpaca_eval-0490,130,58655,1414,0.125,0.0,0.125,tie,0.17770719528198242,25,1,256,256,False,1,6,True
"spec vs spec c1, mtp_s3 vs mtp_s5",alpaca_eval-0500,36,56679,21397,0.125,0.0,0.125,tie,0.1171574592590332,25,1,256,256,False,5,2,True
"spec vs spec c1, mtp_s3 vs mtp_s5",alpaca_eval-0510,17,12103,10813,0.125,0.0,0.125,tie,0.2231149673461914,12,1,217,161,False,1,5,True
"spec vs spec c1, mtp_s3 vs mtp_s5",alpaca_eval-0520,159,264,303,0.0,0.125,0.125,tie,0.2362358570098877,48,1,256,256,False,0,1,True
"spec vs spec c1, mtp_s3 vs mtp_s5",alpaca_eval-0530,56,2018,21568,0.0,0.125,0.125,tie,0.11870527267456055,28,1,256,256,False,2,4,True
"spec vs spec c1, mtp_s3 vs mtp_s5",alpaca_eval-0550,62,70791,10533,0.125,0.0,0.125,tie,0.1378943920135498,8,1,256,256,False,2,2,True
"spec vs spec c1, mtp_s3 vs mtp_s5",alpaca_eval-0570,9,55007,495,0.12500005960464478,0.0,0.125,tie,0.24122118949890137,6,1,256,256,False,5,2,True
"spec vs spec c1, mtp_s3 vs mtp_s5",alpaca_eval-0580,43,1345,321,0.125,0.0,0.125,tie,0.1297013759613037,41,1,256,256,False,0,1,True
"spec vs spec c1, mtp_s3 vs mtp_s5",alpaca_eval-0590,235,37568,21426,0.125,0.0,0.125,tie,0.21884703636169434,47,1,256,256,False,0,3,True
"spec vs spec c1, mtp_s3 vs mtp_s5",cnn_dailymail-0000,85,449,264,0.125,0.0,0.125,tie,0.22211623191833496,66,1,113,112,False,0,2,True
"spec vs spec c1, mtp_s3 vs mtp_s5",cnn_dailymail-0001,34,13,11,0.125,0.0,0.125,tie,0.11963367462158203,16,1,105,123,False,3,6,True
"spec vs spec c1, mtp_s3 vs mtp_s5",cnn_dailymail-0003,7,852,11,0.125,0.0,0.125,tie,0.10808777809143066,4,1,109,87,False,2,1,True
"spec vs spec c1, mtp_s3 vs mtp_s5",cnn_dailymail-0004,20,321,1083,0.0,0.125,0.125,tie,0.14551401138305664,16,1,106,92,False,1,1,True
"spec vs spec c1, mtp_s3 vs mtp_s5",cnn_dailymail-0005,129,1669,12769,0.0,0.125,0.125,tie,0.16520285606384277,85,1,256,256,False,2,3,True
"spec vs spec c1, mtp_s3 vs mtp_s5",cnn_dailymail-0009,39,31511,5879,0.125,0.0,0.125,tie,0.12109994888305664,12,1,84,82,False,1,2,True
"spec vs spec c1, mtp_s3 vs mtp_s5",cnn_dailymail-0011,225,11,321,0.0,0.125,0.125,tie,0.2421412467956543,68,1,256,256,False,0,2,True
"spec vs spec c1, mtp_s3 vs mtp_s5",cnn_dailymail-0013,95,46231,668,0.125,0.0,0.125,tie,0.23769164085388184,35,1,119,124,False,2,1,True
"spec vs spec c1, mtp_s3 vs mtp_s5",cnn_dailymail-0017,68,1027,279,0.125,0.0,0.125,tie,0.14141631126403809,41,1,256,256,False,1,2,True
"spec vs spec c1, mtp_s3 vs mtp_s5",cnn_dailymail-0018,53,1647,5313,0.0,0.125,0.125,tie,0.17174506187438965,14,1,111,111,False,0,1,True
"spec vs spec c1, mtp_s3 vs mtp_s5",cnn_dailymail-0021,43,4788,1010,0.125,0.0,0.125,tie,0.12814998626708984,31,1,156,131,False,0,1,True
"spec vs spec c1, mtp_s3 vs mtp_s5",cnn_dailymail-0022,81,44164,4171,0.125,0.0,0.125,tie,0.22388148307800293,67,1,111,116,False,1,1,True
"spec vs spec c1, mtp_s3 vs mtp_s5",cnn_dailymail-0023,161,11,310,0.0,0.125,0.125,tie,0.21666109561920166,45,1,256,256,False,1,4,True
"spec vs spec c1, mtp_s3 vs mtp_s5",cnn_dailymail-0024,55,42849,66345,0.0,0.125,0.125,tie,0.22257328033447266,40,1,113,107,False,0,1,True
"spec vs spec c1, mtp_s3 vs mtp_s5",cnn_dailymail-0025,86,7309,18966,0.0,0.125,0.125,tie,0.22948551177978516,44,1,109,116,False,1,1,True
"spec vs spec c1, mtp_s3 vs mtp_s5",cnn_dailymail-0026,83,321,4016,0.0,0.125,0.125,tie,0.21448874473571777,81,1,256,256,False,5,4,True
"spec vs spec c1, mtp_s3 vs mtp_s5",cnn_dailymail-0027,20,3512,381,0.125,0.0,0.125,tie,0.11954569816589355,17,1,110,96,False,1,2,True
"spec vs spec c1, mtp_s3 vs mtp_s5",cnn_dailymail-0028,59,9078,12407,0.0,0.125,0.125,tie,0.20349454879760742,33,1,111,115,False,1,3,True
"spec vs spec c1, mtp_s3 vs mtp_s5",cnn_dailymail-0031,87,264,220,0.125,0.0,0.125,tie,0.131727933883667,86,1,126,130,False,0,5,True
"spec vs spec c1, mtp_s3 vs mtp_s5",cnn_dailymail-0033,62,2107,279,0.125,0.0,0.125,tie,0.18258404731750488,13,1,96,95,False,0,2,True
"spec vs spec c1, mtp_s3 vs mtp_s5",cnn_dailymail-0036,8,15784,11,0.125,0.0,0.125,tie,0.08102405071258545,6,1,115,108,False,0,2,True
"spec vs spec c1, mtp_s3 vs mtp_s5",cnn_dailymail-0037,4,424,303,0.125,0.0,0.125,tie,0.11548805236816406,3,1,114,124,False,0,3,True
"spec vs spec c1, mtp_s3 vs mtp_s5",cnn_dailymail-0038,136,553,11664,0.0,0.12499994039535522,0.125,tie,0.12232685089111328,85,1,256,256,False,1,2,True
"spec vs spec c1, mtp_s3 vs mtp_s5",gsm8k-0000,148,5898,2420,0.125,0.0,0.125,tie,0.23597145080566406,65,1,256,256,False,5,3,True
"spec vs spec c1, mtp_s3 vs mtp_s5",gsm8k-0003,164,19434,332,0.125,0.0,0.125,tie,0.21982765197753906,74,1,170,170,False,0,6,True
"spec vs spec c1, mtp_s3 vs mtp_s5",gsm8k-0004,39,2250,220,0.125,0.0,0.125,tie,0.24419283866882324,38,1,256,256,False,0,6,True
"spec vs spec c1, mtp_s3 vs mtp_s5",gsm8k-0005,229,8720,3240,0.125,0.0,0.125,tie,0.1384434700012207,123,1,256,256,False,4,6,True
"spec vs spec c1, mtp_s3 vs mtp_s5",gsm8k-0007,154,16526,71486,0.0,0.125,0.125,tie,0.14120864868164062,44,1,256,256,False,1,4,True
"spec vs spec c1, mtp_s3 vs mtp_s5",gsm8k-0009,146,458,27858,0.0,0.125,0.125,tie,0.1730254888534546,31,1,256,256,False,3,6,True
"spec vs spec c1, mtp_s3 vs mtp_s5",gsm8k-0010,19,29478,1324,0.125,0.0,0.125,tie,0.1481354832649231,12,1,256,256,False,1,5,True
"spec vs spec c1, mtp_s3 vs mtp_s5",gsm8k-0011,61,13,506,0.0,0.25,0.125,tie,0.12199926376342773,32,1,256,256,False,5,6,True
"spec vs spec c1, mtp_s3 vs mtp_s5",gsm8k-0012,32,11044,12585,0.0,0.125,0.125,tie,0.11940169334411621,2,1,256,256,False,2,2,True
"spec vs spec c1, mtp_s3 vs mtp_s5",gsm8k-0013,242,1142,1292,0.0,0.125,0.125,tie,0.22046279907226562,121,1,256,256,False,2,4,True
"spec vs spec c1, mtp_s3 vs mtp_s5",gsm8k-0019,214,2972,220,0.125,0.0,0.125,tie,0.23945379257202148,109,1,256,256,False,0,2,True
"spec vs spec c1, mtp_s3 vs mtp_s5",gsm8k-0020,33,64494,4346,0.125,0.0,0.125,tie,0.12772798538208008,27,1,256,256,False,3,3,True
"spec vs spec c1, mtp_s3 vs mtp_s5",gsm8k-0026,2,264,821,0.0,0.125,0.125,tie,2.3830216377973557e-07,1,1,256,256,False,1,1,True
"spec vs spec c1, mtp_s3 vs mtp_s5",gsm8k-0028,27,2702,3377,0.0,0.125,0.125,tie,0.12278628349304199,17,1,249,240,False,1,6,True
"spec vs spec c1, mtp_s3 vs mtp_s5",gsm8k-0032,79,791,7157,0.0,0.125,0.125,tie,0.2447807788848877,52,1,256,256,False,1,3,True
"spec vs spec c1, mtp_s3 vs mtp_s5",gsm8k-0035,139,303,318,0.0,0.125,0.125,tie,0.22209453582763672,38,1,256,256,False,0,1,True
"spec vs spec c1, mtp_s3 vs mtp_s5",gsm8k-0036,102,506,13,0.125,0.0,0.125,tie,0.16657090187072754,83,1,242,236,False,4,4,True
"spec vs spec c1, mtp_s3 vs mtp_s5",gsm8k-0040,43,13682,9,0.125,0.0,0.125,tie,0.12110638618469238,13,1,221,208,False,5,6,True
"spec vs spec c1, mtp_s3 vs mtp_s5",gsm8k-0041,160,21825,1847,0.125,0.0,0.125,tie,0.22055912017822266,70,1,256,256,False,3,6,True
"spec vs spec c1, mtp_s3 vs mtp_s5",gsm8k-0043,142,37863,8037,0.125,0.125,0.125,one_ulp,0.21848559379577637,118,1,256,256,False,1,6,True
"spec vs spec c1, mtp_s3 vs mtp_s5",gsm8k-0044,16,15771,2014,0.125,0.125,0.125,one_ulp,0.10101652145385742,9,1,256,256,False,3,6,True
"spec vs spec c1, mtp_s3 vs mtp_s5",gsm8k-0045,157,1088,19185,0.0,0.125,0.125,tie,0.1830751895904541,94,1,256,256,False,1,3,True
"spec vs spec c1, mtp_s3 vs mtp_s5",gsm8k-0046,123,1206,760,0.125,0.0,0.125,tie,0.21749114990234375,8,1,256,256,False,3,2,True
"spec vs spec c1, mtp_s3 vs mtp_s5",gsm8k-0052,114,4221,421,0.125,0.0,0.125,tie,0.12255072593688965,48,1,256,256,False,5,6,True
"spec vs spec c1, mtp_s3 vs mtp_s5",gsm8k-0060,20,7995,5790,0.125,0.0,0.125,tie,0.23864412307739258,9,1,256,256,False,0,5,True
"spec vs spec c1, mtp_s3 vs mtp_s5",gsm8k-0061,100,14418,10737,0.125,0.0,0.125,tie,0.12246417999267578,22,1,256,256,False,0,5,True
"spec vs spec c1, mtp_s3 vs mtp_s5",gsm8k-0065,190,5122,17239,0.0,0.125,0.125,tie,0.2261033058166504,64,1,256,256,False,3,6,True
"spec vs spec c1, mtp_s3 vs mtp_s5",gsm8k-0066,226,32897,19,0.25,0.0,0.125,tie,0.21669816970825195,15,1,256,256,False,0,4,True
"spec vs spec c1, mtp_s3 vs mtp_s5",gsm8k-0067,17,25,13,0.125,0.0,0.125,tie,0.12224578857421875,6,1,256,256,False,2,6,True
"spec vs spec c1, mtp_s3 vs mtp_s5",gsm8k-0068,221,21,17,0.125,0.0,0.125,tie,0.15167617797851562,25,1,256,256,False,5,6,True
"spec vs spec c1, mtp_s3 vs mtp_s5",gsm8k-0074,9,6093,11488,0.0,0.125,0.125,tie,2.467632293701172e-05,2,1,256,256,False,2,6,True
"spec vs spec c1, mtp_s3 vs mtp_s5",humaneval-0005,106,498,2958,0.0,0.125,0.125,tie,0.2236936092376709,4,1,256,256,False,5,6,True
"spec vs spec c1, mtp_s3 vs mtp_s5",humaneval-0008,77,1445,727,0.125,0.0,0.125,tie,0.12269926071166992,56,1,256,256,False,1,6,True
"spec vs spec c1, mtp_s3 vs mtp_s5",humaneval-0010,135,653,364,0.25,0.0,0.125,tie,0.11867499351501465,118,1,190,174,False,0,6,True
"spec vs spec c1, mtp_s3 vs mtp_s5",humaneval-0011,222,1179,5335,0.0,0.125,0.125,tie,0.18532204627990723,27,1,256,256,False,0,3,True
"spec vs spec c1, mtp_s3 vs mtp_s5",humaneval-0017,144,271,198,0.125,0.0,0.125,tie,0.13625264167785645,8,1,256,256,False,0,6,True
"spec vs spec c1, mtp_s3 vs mtp_s5",humaneval-0020,118,53064,264,0.25,0.0,0.25,tie,0.21717572212219238,113,1,256,256,False,0,2,True
"spec vs spec c1, mtp_s3 vs mtp_s5",humaneval-0021,200,2334,87,0.125,0.0,0.125,tie,0.22288799285888672,184,1,221,221,False,0,1,True
"spec vs spec c1, mtp_s3 vs mtp_s5",humaneval-0026,52,1204,279,0.125,0.0,0.125,tie,0.24349498748779297,13,1,256,256,False,5,3,True
"spec vs spec c1, mtp_s3 vs mtp_s5",humaneval-0027,2,198,1358,0.0,0.125,0.125,tie,5.960337148280814e-07,1,1,81,81,False,1,1,True
"spec vs spec c1, mtp_s3 vs mtp_s5",humaneval-0032,94,682,1902,0.0,0.125,0.125,tie,0.18201518058776855,45,1,256,256,False,2,1,True
"spec vs spec c1, mtp_s3 vs mtp_s5",humaneval-0033,164,271,198,0.125,0.0,0.125,tie,0.11609578132629395,157,1,256,256,False,2,1,True
"spec vs spec c1, mtp_s3 vs mtp_s5",humaneval-0038,94,513,6922,0.0,0.125,0.125,tie,0.22985196113586426,25,1,256,256,False,1,6,True
"spec vs spec c1, mtp_s3 vs mtp_s5",humaneval-0043,2,1358,198,0.125,0.0,0.125,tie,0.0,,,201,201,False,1,1,True
"spec vs spec c1, mtp_s3 vs mtp_s5",humaneval-0056,131,1,763,0.0,0.125,0.125,tie,0.18406891822814941,116,1,256,256,False,0,6,True
"spec vs spec c1, mtp_s3 vs mtp_s5",humaneval-0059,43,430,18253,0.0,0.125,0.125,tie,0.1233816146850586,26,1,256,256,False,1,3,True
"spec vs spec c1, mtp_s3 vs mtp_s5",mt_bench-0000,3,303,11,0.0625,0.0625,0.0625,one_ulp,0.05215656757354736,1,1,256,256,False,1,1,True
"spec vs spec c1, mtp_s3 vs mtp_s5",mt_bench-0001,113,5328,40,0.125,0.0,0.125,tie,0.2302699089050293,68,1,153,160,False,4,3,True
"spec vs spec c1, mtp_s3 vs mtp_s5",mt_bench-0002,130,8615,279,0.125,0.0,0.125,tie,0.12229585647583008,113,1,256,256,False,3,6,True
"spec vs spec c1, mtp_s3 vs mtp_s5",mt_bench-0003,30,4929,6379,0.0,0.125,0.125,tie,0.1346728801727295,25,1,256,256,False,1,3,True
"spec vs spec c1, mtp_s3 vs mtp_s5",mt_bench-0004,171,25888,29714,0.0,0.0625,0.0625,tie,0.17166590690612793,110,1,224,226,False,1,2,True
"spec vs spec c1, mtp_s3 vs mtp_s5",mt_bench-0005,97,37728,33367,0.0625,0.0,0.0625,tie,0.14559650421142578,95,1,256,256,False,2,4,True
"spec vs spec c1, mtp_s3 vs mtp_s5",mt_bench-0006,33,1040,80592,0.0,0.125,0.0625,tie,0.12168693542480469,25,1,256,256,False,0,1,True
"spec vs spec c1, mtp_s3 vs mtp_s5",mt_bench-0007,13,15920,8720,0.0625,0.0,0.0625,tie,0.1148061752319336,3,1,174,184,False,1,3,True
"spec vs spec c1, mtp_s3 vs mtp_s5",mt_bench-0009,86,11,321,0.0,0.125,0.125,tie,0.2086033821105957,9,1,256,256,False,4,5,True
"spec vs spec c1, mtp_s3 vs mtp_s5",mt_bench-0010,15,8964,1,0.125,0.0,0.125,tie,0.2103574275970459,7,1,256,256,False,1,4,True
"spec vs spec c1, mtp_s3 vs mtp_s5",mt_bench-0011,184,74021,11939,0.0625,0.0,0.0625,tie,0.20855236053466797,129,1,256,256,False,0,3,True
"spec vs spec c1, mtp_s3 vs mtp_s5",mt_bench-0012,28,33404,7139,0.125,0.0,0.125,tie,0.1230158805847168,23,1,256,256,False,3,6,True
"spec vs spec c1, mtp_s3 vs mtp_s5",mt_bench-0014,171,286,258,0.125,0.0,0.125,tie,0.20906448364257812,127,1,256,256,False,0,6,True
"spec vs spec c1, mtp_s3 vs mtp_s5",mt_bench-0015,43,2534,4087,0.0,0.125,0.125,tie,0.20192456245422363,22,1,256,256,False,1,3,True
"spec vs spec c1, mtp_s3 vs mtp_s5",mt_bench-0016,211,794,13962,0.12499994039535522,0.125,0.125,one_ulp,0.23656916618347168,198,1,256,256,False,3,3,True
"spec vs spec c1, mtp_s3 vs mtp_s5",mt_bench-0017,90,3158,1764,0.125,0.125,0.125,one_ulp,0.13377594947814941,43,1,256,256,False,1,2,True
"spec vs spec c1, mtp_s3 vs mtp_s5",mt_bench-0018,28,61,32773,0.0,0.125,0.125,tie,0.1182856559753418,14,1,141,158,False,3,1,True
"spec vs spec c1, mtp_s3 vs mtp_s5",mt_bench-0019,189,28599,47733,0.0,0.125,0.125,tie,0.2442326545715332,149,1,256,256,False,0,2,True
"spec vs spec c1, mtp_s3 vs mtp_s5",mt_bench-0023,131,13,318,0.0,0.125,0.125,tie,0.14183998107910156,23,1,256,256,False,3,2,True
"spec vs spec c1, mtp_s3 vs mtp_s5",mt_bench-0024,151,23,17,0.125,0.0,0.125,tie,0.13548898696899414,46,1,256,256,False,0,6,True
"spec vs spec c1, mtp_s3 vs mtp_s5",mt_bench-0025,80,48554,40582,0.125,0.0,0.125,tie,0.14088106155395508,52,1,256,256,False,3,6,True
"spec vs spec c1, mtp_s3 vs mtp_s5",mt_bench-0026,74,198,13,0.125,0.0,0.125,tie,0.2381138801574707,13,1,256,256,False,1,1,True
"spec vs spec c1, mtp_s3 vs mtp_s5",mt_bench-0028,112,16903,10234,0.125,0.0,0.125,tie,0.22386908531188965,36,1,256,256,False,4,4,True
"spec vs spec c1, mtp_s3 vs mtp_s5",mt_bench-0032,137,34167,27382,0.125,0.0,0.125,tie,0.22608160972595215,45,1,256,256,False,0,6,True
"spec vs spec c1, mtp_s3 vs mtp_s5",mt_bench-0033,216,421,314,0.125,0.0,0.125,tie,0.2129209041595459,68,2,256,256,False,2,2,True
"spec vs spec c1, mtp_s3 vs mtp_s5",mt_bench-0035,97,35195,279,0.125,0.0,0.125,tie,0.2131056785583496,94,1,256,256,False,2,3,True
"spec vs spec c1, mtp_s3 vs mtp_s5",mt_bench-0036,148,40729,1423,0.125,0.0,0.125,tie,0.12283039093017578,78,2,256,256,False,0,6,True
"spec vs spec c1, mtp_s3 vs mtp_s5",mt_bench-0040,21,27690,279,0.125,0.0,0.125,tie,0.19830775260925293,1,1,256,256,False,0,6,True
"spec vs spec c1, mtp_s3 vs mtp_s5",mt_bench-0041,215,15,16,0.0,0.125,0.125,tie,0.1772913932800293,198,1,256,256,False,1,5,True
"spec vs spec c1, mtp_s3 vs mtp_s5",mt_bench-0042,128,3779,2081,0.125,0.0,0.125,tie,0.1227121353149414,54,1,256,256,False,2,1,True
"spec vs spec c1, mtp_s3 vs mtp_s5",mt_bench-0044,83,3578,1788,0.24999994039535522,0.0,0.125,tie,0.16697382926940918,79,1,256,256,False,1,2,True
"spec vs spec c1, mtp_s3 vs mtp_s5",mt_bench-0045,67,8882,10539,0.0,0.125,0.125,tie,0.23387432098388672,24,1,256,256,False,1,4,True
"spec vs spec c1, mtp_s3 vs mtp_s5",mt_bench-0047,40,1,7620,0.0,0.125,0.0625,tie,0.20024943351745605,38,1,256,256,False,1,4,True
"spec vs spec c1, mtp_s3 vs mtp_s5",mt_bench-0048,49,580,488,0.125,0.0,0.125,tie,0.14288735389709473,46,1,256,256,False,0,3,True
"spec vs spec c1, mtp_s3 vs mtp_s5",mt_bench-0049,24,11,466,0.0,0.125,0.125,tie,0.19310569763183594,7,1,256,256,False,1,4,True
"spec vs spec c1, mtp_s3 vs mtp_s5",mt_bench-0050,247,799,3158,0.0,0.125,0.125,tie,0.2406463623046875,31,1,256,256,False,5,5,True
"spec vs spec c1, mtp_s3 vs mtp_s5",mt_bench-0053,33,1103,795,0.125,0.0,0.125,tie,0.23487448692321777,22,1,256,256,False,1,2,True
"spec vs spec c1, mtp_s3 vs mtp_s5",mt_bench-0059,126,283,25,0.125,0.0,0.125,tie,0.244734525680542,100,1,256,256,False,0,4,True
"spec vs spec c1, mtp_s3 vs mtp_s5",mt_bench-0060,32,6745,29144,0.0,0.125,0.125,tie,0.16230475902557373,1,1,256,256,False,2,3,True
"spec vs spec c1, mtp_s3 vs mtp_s5",mt_bench-0061,138,44,85,0.0,0.125,0.125,tie,0.21979093551635742,99,1,256,256,False,2,6,True
"spec vs spec c1, mtp_s3 vs mtp_s5",mt_bench-0064,206,12571,33474,0.0,0.125,0.125,tie,0.23794317245483398,52,1,256,256,False,2,2,True
"spec vs spec c1, mtp_s3 vs mtp_s5",mt_bench-0066,67,17171,48772,0.0,0.125,0.125,tie,0.18936872482299805,27,1,256,256,False,0,1,True
"spec vs spec c1, mtp_s3 vs mtp_s5",mt_bench-0067,51,13,1817,0.0,0.125,0.125,tie,0.1217036247253418,31,1,256,256,False,0,2,True
"spec vs spec c1, mtp_s3 vs mtp_s5",mt_bench-0068,153,478,283,0.125,0.0,0.125,tie,0.1883556842803955,136,1,256,256,False,1,1,True
"spec vs spec c1, mtp_s3 vs mtp_s5",mt_bench-0069,47,421,364,0.125,0.0,0.125,tie,0.16587138175964355,34,1,256,256,False,4,3,True
"spec vs spec c1, mtp_s3 vs mtp_s5",mt_bench-0070,13,449,264,0.125,0.0,0.125,tie,0.17443037033081055,10,1,256,256,False,0,2,True
"spec vs spec c1, mtp_s3 vs mtp_s5",mt_bench-0071,61,6195,18100,0.0,0.125,0.125,tie,0.20352721214294434,41,1,256,256,False,2,1,True
"spec vs spec c1, mtp_s3 vs mtp_s5",mt_bench-0072,15,11587,5190,0.125,0.0,0.125,tie,0.12264370918273926,3,1,256,256,False,3,4,True
"spec vs spec c1, mtp_s3 vs mtp_s5",mt_bench-0075,17,369,318,0.25,0.0,0.25,tie,7.362791802734137e-05,2,2,256,256,False,4,6,True
"spec vs spec c1, mtp_s3 vs mtp_s5",mt_bench-0076,202,6821,15506,0.0,0.125,0.125,tie,0.2330608367919922,69,1,256,256,False,2,2,True
"spec vs spec c1, mtp_s3 vs mtp_s5",mt_bench-0077,86,74316,36009,0.125,0.0,0.125,tie,0.2112436294555664,71,1,256,256,False,0,5,True
"spec vs spec c1, mtp_s3 vs mtp_s5",mt_bench-0078,17,5788,25215,0.0,0.125,0.125,tie,0.13039135932922363,6,1,256,256,False,2,5,True
"spec vs spec c1, mtp_s3 vs mtp_s5",mt_bench-0079,163,9682,279,0.125,0.0,0.125,tie,0.24152708053588867,115,1,256,256,False,0,3,True
"spec vs spec c1, mtp_s3 vs mtp_tree",alpaca_eval-0000,6,26310,63049,0.0,0.125,0.125,tie,0.07784163951873779,2,1,256,256,False,0,4,True
"spec vs spec c1, mtp_s3 vs mtp_tree",alpaca_eval-0010,29,44280,975,0.125,0.0,0.125,tie,0.1553652286529541,14,1,256,256,False,1,4,True
"spec vs spec c1, mtp_s3 vs mtp_tree",alpaca_eval-0030,190,1891,12439,0.0,0.125,0.125,tie,0.2190089225769043,80,2,256,256,False,3,4,True
"spec vs spec c1, mtp_s3 vs mtp_tree",alpaca_eval-0060,152,23351,5487,0.125,0.0,0.125,tie,0.2012333869934082,64,1,256,256,False,3,1,True
"spec vs spec c1, mtp_s3 vs mtp_tree",alpaca_eval-0080,76,15214,50209,0.0,0.125,0.125,tie,0.22640275955200195,51,1,256,256,False,3,3,True
"spec vs spec c1, mtp_s3 vs mtp_tree",alpaca_eval-0090,158,7751,9419,0.0,0.125,0.0625,tie,0.23627901077270508,125,1,256,256,False,1,2,True
"spec vs spec c1, mtp_s3 vs mtp_tree",alpaca_eval-0100,65,90433,45675,0.125,0.0,0.125,tie,0.2160128355026245,14,1,256,256,False,2,2,True
"spec vs spec c1, mtp_s3 vs mtp_tree",alpaca_eval-0110,93,18995,279,0.125,0.0,0.125,tie,0.24353551864624023,86,1,256,256,False,1,3,True
"spec vs spec c1, mtp_s3 vs mtp_tree",alpaca_eval-0120,125,28206,48876,0.0,0.0625,0.0625,tie,0.15689754486083984,75,1,176,167,False,0,4,True
"spec vs spec c1, mtp_s3 vs mtp_tree",alpaca_eval-0130,38,39107,1876,0.12500005960464478,0.0,0.0625,tie,0.12621855735778809,37,1,256,256,False,2,1,True
"spec vs spec c1, mtp_s3 vs mtp_tree",alpaca_eval-0150,134,1273,16629,0.0,0.125,0.125,tie,0.19434261322021484,109,1,256,256,False,0,3,True
"spec vs spec c1, mtp_s3 vs mtp_tree",alpaca_eval-0170,222,198,8336,0.0,0.125,0.125,tie,0.24091029167175293,17,1,256,256,False,3,4,True
"spec vs spec c1, mtp_s3 vs mtp_tree",alpaca_eval-0180,39,26932,24065,0.125,0.0,0.125,tie,0.1453108787536621,21,1,256,256,False,3,4,True
"spec vs spec c1, mtp_s3 vs mtp_tree",alpaca_eval-0210,95,318,364,0.0,0.125,0.125,tie,0.211090087890625,59,1,256,252,False,3,4,True
"spec vs spec c1, mtp_s3 vs mtp_tree",alpaca_eval-0220,185,3733,6820,0.0,0.125,0.125,tie,0.14987516403198242,167,1,256,256,False,2,1,True
"spec vs spec c1, mtp_s3 vs mtp_tree",alpaca_eval-0230,129,2766,77565,0.0,0.125,0.125,tie,0.12046384811401367,50,1,256,256,False,1,4,True
"spec vs spec c1, mtp_s3 vs mtp_tree",alpaca_eval-0240,9,46548,7253,0.125,0.0,0.125,tie,0.12092924118041992,8,1,256,256,False,0,4,True
"spec vs spec c1, mtp_s3 vs mtp_tree",alpaca_eval-0250,103,836,279,0.125,0.0,0.125,tie,0.19464635848999023,58,1,256,256,False,0,2,True
"spec vs spec c1, mtp_s3 vs mtp_tree",alpaca_eval-0260,78,198,271,0.0,0.125,0.125,tie,0.22433996200561523,27,1,256,256,False,2,2,True
"spec vs spec c1, mtp_s3 vs mtp_tree",alpaca_eval-0270,69,20434,5995,0.125,0.0,0.125,tie,0.24016857147216797,17,1,256,256,False,2,2,True
"spec vs spec c1, mtp_s3 vs mtp_tree",alpaca_eval-0280,42,159029,314,0.125,0.0,0.125,tie,0.19363117218017578,35,1,256,256,False,1,3,True
"spec vs spec c1, mtp_s3 vs mtp_tree",alpaca_eval-0290,122,5821,17814,0.0,0.125,0.125,tie,0.15984606742858887,3,1,256,256,False,1,3,True
"spec vs spec c1, mtp_s3 vs mtp_tree",alpaca_eval-0300,5,16866,638,0.125,0.0,0.125,tie,5.10007084812969e-05,4,2,256,256,False,0,4,True
"spec vs spec c1, mtp_s3 vs mtp_tree",alpaca_eval-0310,133,3827,6805,0.0,0.25,0.25,tie,0.36684632301330566,59,1,256,256,False,2,1,True
"spec vs spec c1, mtp_s3 vs mtp_tree",alpaca_eval-0320,31,25,5469,0.0,0.125,0.125,tie,0.11992716789245605,29,1,256,256,False,1,4,True
"spec vs spec c1, mtp_s3 vs mtp_tree",alpaca_eval-0330,10,2534,13759,0.0,0.125,0.125,tie,0.1279127597808838,8,1,256,256,False,0,4,True
"spec vs spec c1, mtp_s3 vs mtp_tree",alpaca_eval-0340,59,3296,1622,0.125,0.125,0.125,one_ulp,0.20255637168884277,40,1,212,201,False,0,2,True
"spec vs spec c1, mtp_s3 vs mtp_tree",alpaca_eval-0360,32,1017,2614,0.0,0.125,0.125,tie,0.16797828674316406,25,1,256,256,False,1,4,True
"spec vs spec c1, mtp_s3 vs mtp_tree",alpaca_eval-0390,5,198,220,0.0,0.125,0.125,tie,0.10227036476135254,1,1,256,256,False,0,1,True
"spec vs spec c1, mtp_s3 vs mtp_tree",alpaca_eval-0400,7,2972,1510,0.125,0.0,0.125,tie,0.1177513599395752,6,1,256,256,False,2,4,True
"spec vs spec c1, mtp_s3 vs mtp_tree",alpaca_eval-0420,21,29667,34404,0.0,0.125,0.125,tie,0.2453289031982422,19,1,220,246,False,0,2,True
"spec vs spec c1, mtp_s3 vs mtp_tree",alpaca_eval-0430,103,264,279,0.0,0.125,0.125,tie,0.23060870170593262,16,1,256,256,False,1,3,True
"spec vs spec c1, mtp_s3 vs mtp_tree",alpaca_eval-0440,72,1970,13,0.125,0.0,0.125,tie,0.1444721221923828,53,1,256,256,False,3,4,True
"spec vs spec c1, mtp_s3 vs mtp_tree",alpaca_eval-0450,114,8070,7499,0.125,0.125,0.125,one_ulp,0.23823046684265137,58,1,256,256,False,0,4,True
"spec vs spec c1, mtp_s3 vs mtp_tree",alpaca_eval-0460,41,3315,1204,0.125,0.0,0.125,tie,0.15478044748306274,1,1,256,256,False,0,1,True
"spec vs spec c1, mtp_s3 vs mtp_tree",alpaca_eval-0480,107,7497,1879,0.125,0.0,0.125,tie,0.20041775703430176,103,1,256,256,False,1,1,True
"spec vs spec c1, mtp_s3 vs mtp_tree",alpaca_eval-0500,36,56679,21397,0.125,0.0,0.125,tie,0.13262510299682617,25,1,256,256,False,3,4,True
"spec vs spec c1, mtp_s3 vs mtp_tree",alpaca_eval-0510,17,12103,10813,0.125,0.0,0.125,tie,0.2231149673461914,12,1,217,164,False,1,4,True
"spec vs spec c1, mtp_s3 vs mtp_tree",alpaca_eval-0520,159,264,303,0.0,0.125,0.125,tie,0.2362358570098877,48,1,256,256,False,1,4,True
"spec vs spec c1, mtp_s3 vs mtp_tree",alpaca_eval-0530,56,2018,21568,0.0,0.125,0.125,tie,0.11870527267456055,28,1,256,256,False,2,4,True
"spec vs spec c1, mtp_s3 vs mtp_tree",alpaca_eval-0550,70,1083,318,0.125,0.0,0.125,tie,0.16408157348632812,42,1,256,256,False,3,1,True
"spec vs spec c1, mtp_s3 vs mtp_tree",alpaca_eval-0570,9,55007,495,0.12500005960464478,0.0,0.125,tie,0.24122118949890137,6,1,256,256,False,1,4,True
"spec vs spec c1, mtp_s3 vs mtp_tree",alpaca_eval-0580,96,10340,321,0.125,0.0,0.125,tie,0.24049043655395508,44,1,256,256,False,3,2,True
"spec vs spec c1, mtp_s3 vs mtp_tree",alpaca_eval-0590,235,37568,21426,0.125,0.0,0.125,tie,0.20722365379333496,165,1,256,256,False,2,4,True
"spec vs spec c1, mtp_s3 vs mtp_tree",cnn_dailymail-0000,85,449,264,0.125,0.0,0.125,tie,0.1304926872253418,38,1,113,112,False,0,2,True
"spec vs spec c1, mtp_s3 vs mtp_tree",cnn_dailymail-0001,34,13,11,0.125,0.0,0.125,tie,0.11963367462158203,16,1,105,125,False,0,4,True
"spec vs spec c1, mtp_s3 vs mtp_tree",cnn_dailymail-0002,150,30284,2599,0.125,0.0,0.125,tie,0.20421946048736572,45,1,256,256,False,2,4,True
"spec vs spec c1, mtp_s3 vs mtp_tree",cnn_dailymail-0003,70,39542,38009,0.125,0.0,0.125,tie,0.2280101776123047,49,1,109,110,False,2,1,True
"spec vs spec c1, mtp_s3 vs mtp_tree",cnn_dailymail-0004,20,321,1083,0.0,0.125,0.125,tie,0.13384127616882324,19,1,106,97,False,1,1,True
"spec vs spec c1, mtp_s3 vs mtp_tree",cnn_dailymail-0005,49,18659,7524,0.125,0.0,0.125,tie,0.21854448318481445,48,1,256,256,False,0,4,True
"spec vs spec c1, mtp_s3 vs mtp_tree",cnn_dailymail-0009,39,31511,5879,0.125,0.0,0.125,tie,0.12109994888305664,12,1,84,82,False,1,2,True
"spec vs spec c1, mtp_s3 vs mtp_tree",cnn_dailymail-0011,225,11,321,0.0,0.125,0.125,tie,0.22326397895812988,87,1,256,256,False,0,3,True
"spec vs spec c1, mtp_s3 vs mtp_tree",cnn_dailymail-0013,86,328,12387,0.0,0.125,0.125,tie,0.2421109676361084,81,1,119,121,False,0,1,True
"spec vs spec c1, mtp_s3 vs mtp_tree",cnn_dailymail-0014,52,2201,3567,0.0,0.125,0.125,tie,0.24419403076171875,45,1,256,256,False,2,2,True
"spec vs spec c1, mtp_s3 vs mtp_tree",cnn_dailymail-0015,37,682,11,0.125,0.0,0.125,tie,0.18837285041809082,32,1,108,111,False,0,1,True
"spec vs spec c1, mtp_s3 vs mtp_tree",cnn_dailymail-0017,68,1027,279,0.125,0.0,0.125,tie,0.23141789436340332,33,1,256,256,False,1,2,True
"spec vs spec c1, mtp_s3 vs mtp_tree",cnn_dailymail-0020,71,2824,12968,0.0,0.125,0.125,tie,0.20800352096557617,61,1,256,256,False,2,4,True
"spec vs spec c1, mtp_s3 vs mtp_tree",cnn_dailymail-0021,43,4788,1010,0.125,0.0,0.125,tie,0.12804746627807617,31,1,156,131,False,0,1,True
"spec vs spec c1, mtp_s3 vs mtp_tree",cnn_dailymail-0022,81,44164,4171,0.125,0.0,0.125,tie,0.22388148307800293,67,1,111,116,False,1,1,True
"spec vs spec c1, mtp_s3 vs mtp_tree",cnn_dailymail-0023,49,36462,9892,0.125,0.0,0.125,tie,0.21666228771209717,45,1,256,256,False,0,4,True
"spec vs spec c1, mtp_s3 vs mtp_tree",cnn_dailymail-0024,22,5732,2785,0.125,0.0,0.125,tie,0.12237977981567383,8,1,113,112,False,0,2,True
"spec vs spec c1, mtp_s3 vs mtp_tree",cnn_dailymail-0025,86,7309,18966,0.0,0.125,0.125,tie,0.22948551177978516,44,1,109,116,False,0,2,True
"spec vs spec c1, mtp_s3 vs mtp_tree",cnn_dailymail-0026,83,321,4016,0.0,0.125,0.125,tie,0.1591963768005371,70,1,256,256,False,1,4,True
"spec vs spec c1, mtp_s3 vs mtp_tree",cnn_dailymail-0029,116,56028,1905,0.125,0.0,0.125,tie,0.23305654525756836,43,1,256,256,False,3,4,True
"spec vs spec c1, mtp_s3 vs mtp_tree",cnn_dailymail-0031,87,264,220,0.125,0.0,0.125,tie,0.13036704063415527,86,1,126,130,False,0,2,True
"spec vs spec c1, mtp_s3 vs mtp_tree",cnn_dailymail-0033,62,2107,279,0.125,0.0,0.125,tie,0.18258404731750488,13,1,96,95,False,0,2,True
"spec vs spec c1, mtp_s3 vs mtp_tree",cnn_dailymail-0036,107,20753,31330,0.0,0.125,0.125,tie,0.23737192153930664,50,1,115,113,False,3,3,True
"spec vs spec c1, mtp_s3 vs mtp_tree",cnn_dailymail-0037,4,424,303,0.125,0.0,0.125,tie,0.11548805236816406,3,1,114,124,False,0,3,True
"spec vs spec c1, mtp_s3 vs mtp_tree",cnn_dailymail-0038,104,509,9290,0.0,0.125,0.125,tie,0.12358474731445312,85,1,256,256,False,0,3,True
"spec vs spec c1, mtp_s3 vs mtp_tree",gsm8k-0000,148,5898,2420,0.125,0.0,0.125,tie,0.2352466583251953,65,1,256,256,False,1,4,True
"spec vs spec c1, mtp_s3 vs mtp_tree",gsm8k-0003,164,19434,332,0.125,0.0,0.125,tie,0.1360245943069458,151,1,170,170,False,0,4,True
"spec vs spec c1, mtp_s3 vs mtp_tree",gsm8k-0004,39,2250,220,0.125,0.0,0.125,tie,0.21670079231262207,12,1,256,256,False,1,4,True
"spec vs spec c1, mtp_s3 vs mtp_tree",gsm8k-0005,242,328,424,0.0,0.125,0.125,tie,0.19037103652954102,129,1,256,256,False,3,4,True
"spec vs spec c1, mtp_s3 vs mtp_tree",gsm8k-0007,154,16526,71486,0.0,0.125,0.125,tie,0.14120864868164062,44,1,256,256,False,1,4,True
"spec vs spec c1, mtp_s3 vs mtp_tree",gsm8k-0008,68,13362,3491,0.125,0.0,0.125,tie,0.12145781517028809,40,1,256,256,False,1,4,True
"spec vs spec c1, mtp_s3 vs mtp_tree",gsm8k-0009,146,458,27858,0.0,0.125,0.125,tie,0.1730254888534546,31,1,256,256,False,1,4,True
"spec vs spec c1, mtp_s3 vs mtp_tree",gsm8k-0010,19,29478,1324,0.125,0.0,0.125,tie,0.1481354832649231,12,1,256,256,False,2,4,True
"spec vs spec c1, mtp_s3 vs mtp_tree",gsm8k-0011,26,1421,38663,0.0,0.125,0.125,tie,0.0009151725098490715,7,1,256,256,False,1,4,True
"spec vs spec c1, mtp_s3 vs mtp_tree",gsm8k-0012,32,11044,12585,0.0,0.125,0.125,tie,0.11940169334411621,2,1,256,256,False,2,3,True
"spec vs spec c1, mtp_s3 vs mtp_tree",gsm8k-0013,242,1142,1292,0.0,0.125,0.125,tie,0.22046279907226562,121,1,256,256,False,3,4,True
"spec vs spec c1, mtp_s3 vs mtp_tree",gsm8k-0017,197,5759,8941,0.0,0.125,0.125,tie,0.20877516269683838,53,1,256,256,False,1,4,True
"spec vs spec c1, mtp_s3 vs mtp_tree",gsm8k-0019,214,2972,220,0.125,0.0,0.125,tie,0.23945379257202148,109,1,256,256,False,0,2,True
"spec vs spec c1, mtp_s3 vs mtp_tree",gsm8k-0020,33,64494,4346,0.125,0.0,0.125,tie,0.12772798538208008,27,1,256,256,False,3,2,True
"spec vs spec c1, mtp_s3 vs mtp_tree",gsm8k-0026,2,264,821,0.0,0.125,0.125,tie,2.3830216377973557e-07,1,1,256,256,False,1,1,True
"spec vs spec c1, mtp_s3 vs mtp_tree",gsm8k-0028,27,2702,3377,0.0,0.125,0.125,tie,0.12278628349304199,17,1,249,240,False,3,4,True
"spec vs spec c1, mtp_s3 vs mtp_tree",gsm8k-0032,157,13,198,0.0,0.125,0.125,tie,0.2447812557220459,52,1,256,256,False,0,4,True
"spec vs spec c1, mtp_s3 vs mtp_tree",gsm8k-0036,102,506,13,0.125,0.0,0.125,tie,0.19094586372375488,84,1,242,236,False,0,4,True
"spec vs spec c1, mtp_s3 vs mtp_tree",gsm8k-0040,43,13682,9,0.125,0.0,0.125,tie,0.12110638618469238,13,1,221,208,False,1,4,True
"spec vs spec c1, mtp_s3 vs mtp_tree",gsm8k-0043,142,37863,8037,0.125,0.0,0.125,tie,0.21009838581085205,22,1,256,256,False,3,4,True
"spec vs spec c1, mtp_s3 vs mtp_tree",gsm8k-0044,16,15771,2014,0.125,0.125,0.125,one_ulp,0.10101652145385742,9,1,256,256,False,3,4,True
"spec vs spec c1, mtp_s3 vs mtp_tree",gsm8k-0045,157,1088,19185,0.0,0.12500005960464478,0.125,tie,0.12848615646362305,92,1,256,256,False,3,4,True
"spec vs spec c1, mtp_s3 vs mtp_tree",gsm8k-0046,123,1206,760,0.125,0.0,0.125,tie,0.21749114990234375,8,1,256,256,False,3,3,True
"spec vs spec c1, mtp_s3 vs mtp_tree",gsm8k-0052,141,279,411,0.0,0.125,0.125,tie,0.12255072593688965,48,1,256,256,False,0,3,True
"spec vs spec c1, mtp_s3 vs mtp_tree",gsm8k-0053,249,19892,7548,0.125,0.0,0.125,tie,0.12268519401550293,27,1,256,256,False,0,4,True
"spec vs spec c1, mtp_s3 vs mtp_tree",gsm8k-0060,20,7995,5790,0.125,0.0,0.125,tie,0.23864412307739258,9,1,256,256,False,0,3,True
"spec vs spec c1, mtp_s3 vs mtp_tree",gsm8k-0061,100,14418,10737,0.125,0.0,0.125,tie,0.12246417999267578,22,1,256,256,False,0,4,True
"spec vs spec c1, mtp_s3 vs mtp_tree",gsm8k-0066,226,32897,19,0.25,0.0,0.125,tie,0.21669816970825195,15,1,256,256,False,0,3,True
"spec vs spec c1, mtp_s3 vs mtp_tree",gsm8k-0067,17,25,13,0.125,0.0,0.125,tie,0.12224578857421875,6,1,256,256,False,0,4,True
"spec vs spec c1, mtp_s3 vs mtp_tree",gsm8k-0068,31,279,4007,0.0,0.125,0.125,tie,0.11792230606079102,9,1,256,256,False,0,3,True
"spec vs spec c1, mtp_s3 vs mtp_tree",gsm8k-0073,207,2695,2702,0.0,0.125,0.125,tie,0.2793877124786377,57,1,256,256,False,0,2,True
"spec vs spec c1, mtp_s3 vs mtp_tree",gsm8k-0074,9,6093,11488,0.0,0.125,0.125,tie,2.467632293701172e-05,2,1,256,256,False,0,4,True
"spec vs spec c1, mtp_s3 vs mtp_tree",gsm8k-0079,85,553,1590,0.0,0.125,0.125,tie,0.12261152267456055,54,1,170,170,False,1,4,True
"spec vs spec c1, mtp_s3 vs mtp_tree",humaneval-0002,114,733,271,0.125,0.0,0.125,tie,0.13508272171020508,19,1,256,256,False,0,4,True
"spec vs spec c1, mtp_s3 vs mtp_tree",humaneval-0005,239,35497,8,0.125,0.0,0.125,tie,0.24388337135314941,73,1,256,256,False,2,4,True
"spec vs spec c1, mtp_s3 vs mtp_tree",humaneval-0010,135,653,364,0.25,0.0,0.25,tie,0.2235262393951416,13,1,190,174,False,2,4,True
"spec vs spec c1, mtp_s3 vs mtp_tree",humaneval-0011,222,1179,5335,0.0,0.125,0.125,tie,0.18532204627990723,27,1,256,256,False,0,3,True
"spec vs spec c1, mtp_s3 vs mtp_tree",humaneval-0017,144,271,198,0.125,0.0,0.125,tie,0.13580775260925293,8,1,256,256,False,0,2,True
"spec vs spec c1, mtp_s3 vs mtp_tree",humaneval-0026,52,1204,279,0.125,0.0,0.125,tie,0.24349498748779297,13,1,256,256,False,2,4,True
"spec vs spec c1, mtp_s3 vs mtp_tree",humaneval-0027,2,198,1358,0.0,0.125,0.125,tie,5.960337148280814e-07,1,1,81,81,False,1,1,True
"spec vs spec c1, mtp_s3 vs mtp_tree",humaneval-0033,164,271,198,0.125,0.0,0.125,tie,0.12771320343017578,161,1,256,256,False,0,3,True
"spec vs spec c1, mtp_s3 vs mtp_tree",humaneval-0038,94,513,6922,0.0,0.125,0.125,tie,0.12258791923522949,14,1,256,256,False,0,4,True
"spec vs spec c1, mtp_s3 vs mtp_tree",humaneval-0043,2,1358,198,0.125,0.0,0.125,tie,0.0,,,201,201,False,1,1,True
"spec vs spec c1, mtp_s3 vs mtp_tree",humaneval-0056,131,1,763,0.0,0.125,0.125,tie,0.19004273414611816,112,1,256,256,False,2,4,True
"spec vs spec c1, mtp_s3 vs mtp_tree",mt_bench-0000,3,303,11,0.0625,0.0625,0.0625,one_ulp,0.05215656757354736,1,1,256,256,False,1,1,True
"spec vs spec c1, mtp_s3 vs mtp_tree",mt_bench-0001,113,5328,40,0.125,0.0,0.125,tie,0.2302699089050293,68,1,153,160,False,0,4,True
"spec vs spec c1, mtp_s3 vs mtp_tree",mt_bench-0002,130,8615,279,0.125,0.0,0.125,tie,0.12229585647583008,113,1,256,256,False,2,4,True
"spec vs spec c1, mtp_s3 vs mtp_tree",mt_bench-0003,30,4929,6379,0.0,0.125,0.125,tie,0.1346728801727295,25,1,256,256,False,0,4,True
"spec vs spec c1, mtp_s3 vs mtp_tree",mt_bench-0004,171,25888,29714,0.0,0.0625,0.0625,tie,0.18842530250549316,167,1,224,217,False,1,2,True
"spec vs spec c1, mtp_s3 vs mtp_tree",mt_bench-0006,32,10708,1016,0.125,0.0,0.125,tie,0.12045693397521973,25,1,256,256,False,0,2,True
"spec vs spec c1, mtp_s3 vs mtp_tree",mt_bench-0007,13,15920,8720,0.0625,0.0,0.0625,tie,0.1148061752319336,3,1,174,184,False,1,3,True
"spec vs spec c1, mtp_s3 vs mtp_tree",mt_bench-0008,215,7114,43396,0.0,0.125,0.125,tie,0.2394411563873291,80,1,256,256,False,1,3,True
"spec vs spec c1, mtp_s3 vs mtp_tree",mt_bench-0010,15,8964,1,0.125,0.0,0.125,tie,0.2103574275970459,7,1,256,256,False,0,2,True
"spec vs spec c1, mtp_s3 vs mtp_tree",mt_bench-0011,184,74021,11939,0.0625,0.0,0.0625,tie,0.20794296264648438,129,1,256,256,False,2,3,True
"spec vs spec c1, mtp_s3 vs mtp_tree",mt_bench-0012,28,33404,7139,0.125,0.0,0.125,tie,0.1230158805847168,23,1,256,256,False,2,3,True
"spec vs spec c1, mtp_s3 vs mtp_tree",mt_bench-0014,171,286,258,0.125,0.0,0.125,tie,0.20894861221313477,127,1,256,256,False,1,4,True
"spec vs spec c1, mtp_s3 vs mtp_tree",mt_bench-0015,43,2534,4087,0.0,0.125,0.125,tie,0.20192456245422363,22,1,256,256,False,1,3,True
"spec vs spec c1, mtp_s3 vs mtp_tree",mt_bench-0017,90,3158,1764,0.125,0.125,0.125,one_ulp,0.13377594947814941,43,1,256,256,False,1,3,True
"spec vs spec c1, mtp_s3 vs mtp_tree",mt_bench-0018,28,61,32773,0.0,0.125,0.125,tie,0.1182856559753418,14,1,141,158,False,2,2,True
"spec vs spec c1, mtp_s3 vs mtp_tree",mt_bench-0019,189,28599,47733,0.0,0.125,0.125,tie,0.2442328929901123,149,1,256,256,False,1,3,True
"spec vs spec c1, mtp_s3 vs mtp_tree",mt_bench-0023,131,13,318,0.0,0.125,0.125,tie,0.14183998107910156,23,1,256,256,False,0,4,True
"spec vs spec c1, mtp_s3 vs mtp_tree",mt_bench-0024,151,23,17,0.125,0.0,0.125,tie,0.1273636817932129,14,1,256,256,False,3,4,True
"spec vs spec c1, mtp_s3 vs mtp_tree",mt_bench-0025,187,1,1149,0.0,0.125,0.125,tie,0.15107309818267822,105,1,256,256,False,2,4,True
"spec vs spec c1, mtp_s3 vs mtp_tree",mt_bench-0026,74,198,13,0.125,0.0,0.125,tie,0.2381138801574707,13,1,256,256,False,1,3,True
"spec vs spec c1, mtp_s3 vs mtp_tree",mt_bench-0028,93,2972,22426,0.0,0.125,0.125,tie,0.12867140769958496,91,1,256,256,False,2,3,True
"spec vs spec c1, mtp_s3 vs mtp_tree",mt_bench-0029,93,328,13108,0.0,0.125,0.125,tie,0.17311668395996094,87,1,256,256,False,0,4,True
"spec vs spec c1, mtp_s3 vs mtp_tree",mt_bench-0032,137,34167,27382,0.125,0.0,0.125,tie,0.22608160972595215,45,1,256,256,False,0,4,True
"spec vs spec c1, mtp_s3 vs mtp_tree",mt_bench-0035,97,35195,279,0.125,0.0,0.125,tie,0.2131056785583496,94,1,256,256,False,1,3,True
"spec vs spec c1, mtp_s3 vs mtp_tree",mt_bench-0036,148,40729,1423,0.125,0.0,0.125,tie,0.18794727325439453,77,2,256,256,False,2,4,True
"spec vs spec c1, mtp_s3 vs mtp_tree",mt_bench-0040,21,27690,279,0.125,0.0,0.125,tie,0.19830775260925293,1,1,256,256,False,0,2,True
"spec vs spec c1, mtp_s3 vs mtp_tree",mt_bench-0042,128,3779,2081,0.125,0.0,0.125,tie,0.2386932373046875,54,1,256,256,False,2,2,True
"spec vs spec c1, mtp_s3 vs mtp_tree",mt_bench-0044,127,328,3050,0.0,0.125,0.125,tie,0.2264845371246338,62,1,256,256,False,0,3,True
"spec vs spec c1, mtp_s3 vs mtp_tree",mt_bench-0045,67,8882,10539,0.0,0.125,0.125,tie,0.12770581245422363,9,1,256,256,False,1,2,True
"spec vs spec c1, mtp_s3 vs mtp_tree",mt_bench-0047,40,1,7620,0.0,0.125,0.0625,tie,0.11946988105773926,35,1,256,256,False,2,4,True
"spec vs spec c1, mtp_s3 vs mtp_tree",mt_bench-0048,49,580,488,0.125,0.0,0.125,tie,0.14288735389709473,46,1,256,256,False,0,2,True
"spec vs spec c1, mtp_s3 vs mtp_tree",mt_bench-0049,24,11,466,0.0,0.125,0.125,tie,0.19310569763183594,7,1,256,256,False,1,2,True
"spec vs spec c1, mtp_s3 vs mtp_tree",mt_bench-0056,247,9711,10036,0.125,0.125,0.125,one_ulp,0.24549245834350586,56,1,256,256,False,0,4,True
"spec vs spec c1, mtp_s3 vs mtp_tree",mt_bench-0059,126,283,25,0.125,0.0,0.125,tie,0.24476933479309082,100,1,256,256,False,0,3,True
"spec vs spec c1, mtp_s3 vs mtp_tree",mt_bench-0060,32,6745,29144,0.0,0.125,0.125,tie,0.16230475902557373,1,1,256,256,False,2,2,True
"spec vs spec c1, mtp_s3 vs mtp_tree",mt_bench-0062,37,1536,6065,0.125,0.125,0.125,one_ulp,3.445148468017578e-05,10,1,256,256,False,0,4,True
"spec vs spec c1, mtp_s3 vs mtp_tree",mt_bench-0064,253,13376,58236,0.0,0.25,0.25,tie,0.23794317245483398,52,1,256,256,False,1,4,True
"spec vs spec c1, mtp_s3 vs mtp_tree",mt_bench-0065,92,271,198,0.125,0.0,0.0625,tie,0.1220862865447998,65,1,256,256,False,3,4,True
"spec vs spec c1, mtp_s3 vs mtp_tree",mt_bench-0066,67,17171,48772,0.0,0.125,0.125,tie,0.18936872482299805,27,1,256,256,False,1,2,True
"spec vs spec c1, mtp_s3 vs mtp_tree",mt_bench-0067,47,310,13,0.125,0.0,0.125,tie,0.12149310111999512,31,1,256,256,False,1,4,True
"spec vs spec c1, mtp_s3 vs mtp_tree",mt_bench-0069,47,421,364,0.125,0.0,0.125,tie,0.16587138175964355,34,1,256,256,False,0,4,True
"spec vs spec c1, mtp_s3 vs mtp_tree",mt_bench-0070,13,449,264,0.125,0.0,0.125,tie,0.17443037033081055,10,1,256,256,False,0,2,True
"spec vs spec c1, mtp_s3 vs mtp_tree",mt_bench-0071,61,6195,18100,0.0,0.125,0.125,tie,0.20352721214294434,41,1,256,256,False,2,2,True
"spec vs spec c1, mtp_s3 vs mtp_tree",mt_bench-0072,15,11587,5190,0.125,0.0,0.125,tie,0.12264370918273926,3,1,256,256,False,3,4,True
"spec vs spec c1, mtp_s3 vs mtp_tree",mt_bench-0074,192,1829,7258,0.0,0.125,0.125,tie,0.18210816383361816,121,1,256,256,False,1,3,True
"spec vs spec c1, mtp_s3 vs mtp_tree",mt_bench-0075,17,369,318,0.25,0.0,0.25,tie,7.362791802734137e-05,2,2,256,256,False,0,4,True
"spec vs spec c1, mtp_s3 vs mtp_tree",mt_bench-0076,202,6821,15506,0.0,0.125,0.125,tie,0.21567821502685547,9,1,256,256,False,1,3,True
"spec vs spec c1, mtp_s3 vs mtp_tree",mt_bench-0077,86,74316,36009,0.125,0.0,0.125,tie,0.1255629062652588,63,1,256,256,False,0,3,True
"spec vs spec c1, mtp_s3 vs mtp_tree",mt_bench-0078,17,5788,25215,0.0,0.125,0.125,tie,0.13039135932922363,6,1,256,256,False,1,4,True
"spec vs spec c1, mtp_s3 vs mtp_tree",mt_bench-0079,235,3672,604,0.0625,0.0625,0.0625,one_ulp,0.2415771484375,115,1,256,256,False,0,2,True
"deterministic, mtp_s3 c1 vs c32",alpaca_eval-0000,73,56276,10345,0.125,0.0,0.125,tie,0.24451422691345215,8,1,256,256,False,1,2,True
"deterministic, mtp_s3 c1 vs c32",alpaca_eval-0010,114,10478,2519,0.125,0.0,0.0625,tie,0.22653985023498535,34,1,256,256,False,1,4,True
"deterministic, mtp_s3 c1 vs c32",alpaca_eval-0020,154,1345,310,0.12499994039535522,0.0,0.125,tie,0.23449921607971191,100,1,256,256,False,2,2,True
"deterministic, mtp_s3 c1 vs c32",alpaca_eval-0030,49,35234,19214,0.125,0.0,0.125,tie,0.18551397323608398,16,1,256,256,False,0,1,True
"deterministic, mtp_s3 c1 vs c32",alpaca_eval-0050,167,17967,3428,0.125,0.0,0.125,tie,0.22312211990356445,136,1,256,256,False,1,4,True
"deterministic, mtp_s3 c1 vs c32",alpaca_eval-0060,133,864,9297,0.0,0.125,0.125,tie,0.21809649467468262,28,1,256,256,False,3,1,True
"deterministic, mtp_s3 c1 vs c32",alpaca_eval-0080,76,15214,50209,0.0,0.125,0.125,tie,0.12884759902954102,31,1,256,256,False,3,3,True
"deterministic, mtp_s3 c1 vs c32",alpaca_eval-0090,104,10632,68488,0.0,0.25,0.125,tie,0.23532629013061523,37,1,256,256,False,1,4,True
"deterministic, mtp_s3 c1 vs c32",alpaca_eval-0110,153,8545,5365,0.125,0.0,0.125,tie,0.22818303108215332,65,1,256,256,False,3,2,True
"deterministic, mtp_s3 c1 vs c32",alpaca_eval-0120,6,3364,557,0.125,0.0,0.125,tie,0.13509750366210938,4,1,158,156,False,1,4,True
"deterministic, mtp_s3 c1 vs c32",alpaca_eval-0130,80,15,19,0.0,0.25,0.125,tie,0.16907930374145508,62,1,256,256,False,1,4,True
"deterministic, mtp_s3 c1 vs c32",alpaca_eval-0140,48,2716,6400,0.0,0.25,0.25,tie,0.12660157680511475,47,1,256,256,False,0,4,True
"deterministic, mtp_s3 c1 vs c32",alpaca_eval-0160,45,1442,3988,0.0,0.0625,0.0625,tie,0.12980079650878906,19,1,256,256,False,3,4,True
"deterministic, mtp_s3 c1 vs c32",alpaca_eval-0170,192,557,579,0.0,0.125,0.125,tie,0.2409212589263916,17,1,256,256,False,1,2,True
"deterministic, mtp_s3 c1 vs c32",alpaca_eval-0180,81,303,3428,0.0,0.125,0.125,tie,0.2021653652191162,64,1,256,256,False,1,1,True
"deterministic, mtp_s3 c1 vs c32",alpaca_eval-0200,144,39551,68,0.125,0.0,0.125,tie,0.24260783195495605,55,1,256,256,False,0,2,True
"deterministic, mtp_s3 c1 vs c32",alpaca_eval-0210,20,4016,321,0.125,0.0,0.125,tie,0.15637433528900146,14,1,256,256,False,1,4,True
"deterministic, mtp_s3 c1 vs c32",alpaca_eval-0220,60,264,35101,0.0,0.06250011920928955,0.0625,tie,0.17833340167999268,39,1,256,256,False,0,2,True
"deterministic, mtp_s3 c1 vs c32",alpaca_eval-0230,220,2528,18516,0.0,0.125,0.125,tie,0.14030790328979492,28,1,256,256,False,2,4,True
"deterministic, mtp_s3 c1 vs c32",alpaca_eval-0240,9,46548,7253,0.125,0.0,0.125,tie,0.11941289901733398,2,1,256,256,False,0,2,True
"deterministic, mtp_s3 c1 vs c32",alpaca_eval-0250,28,1593,1765,0.0,0.0625,0.0625,tie,0.16606664657592773,17,1,256,256,False,0,3,True
"deterministic, mtp_s3 c1 vs c32",alpaca_eval-0260,68,3050,8782,0.0,0.12500005960464478,0.125,tie,0.12367630004882812,65,1,256,256,False,1,1,True
"deterministic, mtp_s3 c1 vs c32",alpaca_eval-0270,150,318,11,0.125,0.0,0.125,tie,0.17105674743652344,119,1,256,256,False,0,4,True
"deterministic, mtp_s3 c1 vs c32",alpaca_eval-0280,42,314,159029,0.0,0.125,0.125,tie,0.14051342010498047,31,1,256,256,False,1,2,True
"deterministic, mtp_s3 c1 vs c32",alpaca_eval-0300,136,271,198,0.125,0.0,0.125,tie,0.2405223846435547,112,1,256,256,False,2,4,True
"deterministic, mtp_s3 c1 vs c32",alpaca_eval-0310,28,11116,5788,0.125,0.0,0.125,tie,0.13892769813537598,9,1,256,256,False,3,1,True
"deterministic, mtp_s3 c1 vs c32",alpaca_eval-0320,100,5165,18890,0.0,0.125,0.125,tie,0.1408545970916748,27,1,256,256,False,0,4,True
"deterministic, mtp_s3 c1 vs c32",alpaca_eval-0330,10,2534,13759,0.0,0.125,0.125,tie,0.12200021743774414,5,1,256,256,False,2,2,True
"deterministic, mtp_s3 c1 vs c32",alpaca_eval-0350,195,1040,1318,0.0,0.125,0.125,tie,0.24345660209655762,43,2,256,256,False,0,1,True
"deterministic, mtp_s3 c1 vs c32",alpaca_eval-0360,113,18,17,0.125,0.0,0.125,tie,0.2410273551940918,112,1,256,256,False,1,1,True
"deterministic, mtp_s3 c1 vs c32",alpaca_eval-0380,146,12001,44739,0.0,0.125,0.125,tie,0.17640602588653564,41,2,256,256,False,3,4,True
"deterministic, mtp_s3 c1 vs c32",alpaca_eval-0390,3,220,10,0.0625,0.0,0.0625,tie,0.1040337085723877,1,1,256,256,False,2,1,True
"deterministic, mtp_s3 c1 vs c32",alpaca_eval-0400,71,6519,220,0.125,0.0,0.125,tie,0.2410750389099121,48,1,256,256,False,3,4,True
"deterministic, mtp_s3 c1 vs c32",alpaca_eval-0420,10,10125,8396,0.125,0.0,0.125,tie,0.12175297737121582,5,1,207,243,False,3,2,True
"deterministic, mtp_s3 c1 vs c32",alpaca_eval-0430,86,40967,25,0.125,0.0,0.125,tie,0.214369535446167,36,1,256,256,False,0,4,True
"deterministic, mtp_s3 c1 vs c32",alpaca_eval-0440,212,5471,5190,0.125,0.0,0.125,tie,0.18935894966125488,71,1,256,256,False,1,4,True
"deterministic, mtp_s3 c1 vs c32",alpaca_eval-0450,94,3404,3254,0.125,0.0,0.125,tie,0.14121603965759277,43,1,256,256,False,2,3,True
"deterministic, mtp_s3 c1 vs c32",alpaca_eval-0460,21,318,466,0.0,0.125,0.125,tie,0.24429106712341309,18,1,256,256,False,3,2,True
"deterministic, mtp_s3 c1 vs c32",alpaca_eval-0480,6,369,55347,0.0,0.125,0.125,tie,0.12268376350402832,4,1,256,256,False,0,1,True
"deterministic, mtp_s3 c1 vs c32",alpaca_eval-0490,130,6163,58655,0.0,0.125,0.125,tie,0.2424006462097168,109,1,256,256,False,0,3,True
"deterministic, mtp_s3 c1 vs c32",alpaca_eval-0510,157,279,21100,0.0,0.25,0.125,tie,0.13535022735595703,80,1,164,161,False,1,2,True
"deterministic, mtp_s3 c1 vs c32",alpaca_eval-0520,53,236,237,0.0,0.25,0.25,tie,0.23963189125061035,29,1,256,256,False,1,4,True
"deterministic, mtp_s3 c1 vs c32",alpaca_eval-0530,154,30096,321,0.125,0.0,0.125,tie,0.22882652282714844,91,1,256,256,False,0,2,True
"deterministic, mtp_s3 c1 vs c32",alpaca_eval-0550,22,3286,24865,0.0,0.12499994039535522,0.125,tie,0.17876887321472168,20,2,256,256,False,0,1,True
"deterministic, mtp_s3 c1 vs c32",alpaca_eval-0570,225,36690,22561,0.0625,0.0,0.0625,tie,0.24105381965637207,39,1,256,256,False,1,3,True
"deterministic, mtp_s3 c1 vs c32",alpaca_eval-0580,223,8941,10390,0.0,0.125,0.125,tie,0.23646283149719238,142,2,256,256,False,0,2,True
"deterministic, mtp_s3 c1 vs c32",alpaca_eval-0590,204,821,279,0.125,0.0,0.125,tie,0.22120308876037598,66,1,256,256,False,0,2,True
"deterministic, mtp_s3 c1 vs c32",cnn_dailymail-0000,85,449,264,0.125,0.0,0.125,tie,0.15019011497497559,39,1,113,112,False,0,2,True
"deterministic, mtp_s3 c1 vs c32",cnn_dailymail-0001,92,314,303,0.125,0.0,0.125,tie,0.14463210105895996,16,1,112,112,False,0,3,True
"deterministic, mtp_s3 c1 vs c32",cnn_dailymail-0003,43,7106,4097,0.25,0.0,0.25,tie,0.23096132278442383,13,1,108,105,False,2,2,True
"deterministic, mtp_s3 c1 vs c32",cnn_dailymail-0005,125,1905,24342,0.0,0.25,0.125,tie,0.18858778476715088,45,1,256,256,False,0,4,True
"deterministic, mtp_s3 c1 vs c32",cnn_dailymail-0006,28,1040,494,0.125,0.0,0.125,tie,0.19482135772705078,20,1,114,117,False,1,2,True
"deterministic, mtp_s3 c1 vs c32",cnn_dailymail-0008,208,318,64700,0.0,0.125,0.0625,tie,0.23125767707824707,194,1,256,256,False,2,4,True
"deterministic, mtp_s3 c1 vs c32",cnn_dailymail-0009,21,11,383,0.0,0.125,0.125,tie,0.1182243824005127,15,1,101,84,False,0,4,True
"deterministic, mtp_s3 c1 vs c32",cnn_dailymail-0010,22,13064,30957,0.0,0.125,0.125,tie,0.2403099536895752,7,1,79,79,False,2,4,True
"deterministic, mtp_s3 c1 vs c32",cnn_dailymail-0012,19,41050,4222,0.12500005960464478,0.125,0.125,one_ulp,0.11875009536743164,18,1,115,98,False,0,4,True
"deterministic, mtp_s3 c1 vs c32",cnn_dailymail-0013,34,9290,76057,0.0,0.125,0.125,tie,0.2020893096923828,23,1,107,117,False,2,2,True
"deterministic, mtp_s3 c1 vs c32",cnn_dailymail-0016,104,293,16545,0.0,0.125,0.125,tie,0.24265170097351074,29,1,125,130,False,2,4,True
"deterministic, mtp_s3 c1 vs c32",cnn_dailymail-0018,72,5713,4927,0.125,0.0,0.125,tie,0.1409168243408203,39,1,110,115,False,0,4,True
"deterministic, mtp_s3 c1 vs c32",cnn_dailymail-0020,46,4400,3543,0.125,0.0,0.125,tie,0.12162947654724121,42,1,256,256,False,0,1,True
"deterministic, mtp_s3 c1 vs c32",cnn_dailymail-0021,51,2583,1680,0.125,0.0,0.125,tie,0.20679879188537598,38,1,124,156,False,0,3,True
"deterministic, mtp_s3 c1 vs c32",cnn_dailymail-0023,161,11,310,0.0,0.125,0.125,tie,0.1271991729736328,114,1,256,256,False,1,4,True
"deterministic, mtp_s3 c1 vs c32",cnn_dailymail-0025,76,47586,279,0.125,0.125,0.125,one_ulp,0.22199630737304688,44,1,103,109,False,1,1,True
"deterministic, mtp_s3 c1 vs c32",cnn_dailymail-0026,239,1024,1292,0.0,0.125,0.125,tie,0.2357189655303955,80,1,256,256,False,0,1,True
"deterministic, mtp_s3 c1 vs c32",cnn_dailymail-0028,31,264,6946,0.0,0.125,0.125,tie,0.16991877555847168,8,1,115,107,False,1,4,True
"deterministic, mtp_s3 c1 vs c32",cnn_dailymail-0029,42,25,9926,0.0,0.125,0.125,tie,0.12175583839416504,41,1,256,256,False,0,4,True
"deterministic, mtp_s3 c1 vs c32",cnn_dailymail-0030,65,16894,5307,0.125,0.0,0.125,tie,0.20069336891174316,23,1,92,92,False,3,1,True
"deterministic, mtp_s3 c1 vs c32",cnn_dailymail-0031,6,264,42344,0.0,0.125,0.125,tie,0.1144416332244873,2,1,135,130,False,1,2,True
"deterministic, mtp_s3 c1 vs c32",cnn_dailymail-0035,254,15749,56398,0.0,0.125,0.125,tie,0.22327232360839844,80,1,256,256,False,1,4,True
"deterministic, mtp_s3 c1 vs c32",cnn_dailymail-0037,4,303,424,0.0,0.125,0.125,tie,0.1172022819519043,3,1,110,114,False,0,3,True
"deterministic, mtp_s3 c1 vs c32",cnn_dailymail-0038,104,6791,9290,0.0,0.125,0.125,tie,0.23494482040405273,67,1,256,256,False,0,3,True
"deterministic, mtp_s3 c1 vs c32",gsm8k-0000,148,2420,5898,0.0,0.125,0.125,tie,0.14635229110717773,44,1,256,256,False,1,4,True
"deterministic, mtp_s3 c1 vs c32",gsm8k-0002,29,17704,279,0.125,0.0,0.125,tie,0.1631374955177307,9,1,256,256,False,0,4,True
"deterministic, mtp_s3 c1 vs c32",gsm8k-0006,233,2972,393,0.125,0.0,0.125,tie,0.2210395336151123,44,1,256,256,False,3,4,True
"deterministic, mtp_s3 c1 vs c32",gsm8k-0007,123,1331,4003,0.0,0.125,0.125,tie,0.21187233924865723,87,1,256,256,False,1,4,True
"deterministic, mtp_s3 c1 vs c32",gsm8k-0010,155,16,9,0.25,0.0,0.125,tie,0.21177935600280762,148,1,256,256,False,3,3,True
"deterministic, mtp_s3 c1 vs c32",gsm8k-0011,26,1421,38663,0.0,0.12499994039535522,0.125,tie,0.09245944023132324,8,1,256,256,False,1,4,True
"deterministic, mtp_s3 c1 vs c32",gsm8k-0012,249,3984,15164,0.0,0.125,0.125,tie,0.21947288513183594,71,1,256,256,False,1,4,True
"deterministic, mtp_s3 c1 vs c32",gsm8k-0017,180,1936,1007,0.125,0.0,0.125,tie,0.21965956687927246,150,1,256,256,False,1,4,True
"deterministic, mtp_s3 c1 vs c32",gsm8k-0025,58,506,13,0.125,0.0,0.125,tie,0.1481267213821411,2,1,256,256,False,3,2,True
"deterministic, mtp_s3 c1 vs c32",gsm8k-0028,122,30116,220,0.125,0.0,0.125,tie,0.14035367965698242,52,1,247,254,False,1,2,True
"deterministic, mtp_s3 c1 vs c32",gsm8k-0031,7,1118,1144,0.0,0.125,0.125,tie,0.12006664276123047,4,1,256,256,False,2,4,True
"deterministic, mtp_s3 c1 vs c32",gsm8k-0032,157,13,198,0.0,0.125,0.125,tie,0.12264394760131836,17,1,256,256,False,2,4,True
"deterministic, mtp_s3 c1 vs c32",gsm8k-0035,227,869,3202,0.0,0.125,0.125,tie,0.1623610258102417,163,1,256,256,False,1,4,True
"deterministic, mtp_s3 c1 vs c32",gsm8k-0036,102,506,13,0.125,0.0,0.125,tie,0.18865954875946045,12,1,239,236,False,0,4,True
"deterministic, mtp_s3 c1 vs c32",gsm8k-0037,137,506,364,0.12500005960464478,0.0,0.125,tie,0.2149195671081543,132,1,256,256,False,0,4,True
"deterministic, mtp_s3 c1 vs c32",gsm8k-0038,162,6558,1368,0.125,0.0,0.125,tie,0.3275878429412842,2,1,256,256,False,1,3,True
"deterministic, mtp_s3 c1 vs c32",gsm8k-0040,43,9,13682,0.0,0.125,0.125,tie,0.12111091613769531,13,1,208,212,False,3,4,True
"deterministic, mtp_s3 c1 vs c32",gsm8k-0051,39,2261,310,0.125,0.0,0.125,tie,0.2263779640197754,13,1,256,256,False,1,2,True
"deterministic, mtp_s3 c1 vs c32",gsm8k-0052,233,1801,6747,0.0,0.125,0.125,tie,0.24484944343566895,48,1,256,256,False,2,4,True
"deterministic, mtp_s3 c1 vs c32",gsm8k-0053,249,19892,7548,0.125,0.0,0.125,tie,0.12263154983520508,224,1,256,256,False,0,4,True
"deterministic, mtp_s3 c1 vs c32",gsm8k-0060,174,220,1088,0.0,0.125,0.125,tie,0.21191692352294922,43,1,256,256,False,3,4,True
"deterministic, mtp_s3 c1 vs c32",gsm8k-0061,22,11,2695,0.0,0.125,0.125,tie,0.14268040657043457,15,1,256,256,False,3,2,True
"deterministic, mtp_s3 c1 vs c32",gsm8k-0062,118,328,424,0.0,0.125,0.125,tie,0.2454853057861328,2,1,256,256,False,0,3,True
"deterministic, mtp_s3 c1 vs c32",gsm8k-0066,226,32897,19,0.25,0.0,0.125,tie,0.24043774604797363,112,1,256,256,False,0,4,True
"deterministic, mtp_s3 c1 vs c32",gsm8k-0067,17,13,25,0.0,0.25,0.25,tie,0.12062692642211914,14,1,256,256,False,0,4,True
"deterministic, mtp_s3 c1 vs c32",gsm8k-0068,179,25,318,0.0,0.125,0.125,tie,0.16965746879577637,102,1,256,256,False,0,4,True
"deterministic, mtp_s3 c1 vs c32",gsm8k-0069,127,2702,3377,0.0,0.125,0.125,tie,0.238114595413208,104,1,242,256,False,0,4,True
"deterministic, mtp_s3 c1 vs c32",gsm8k-0070,15,25,13,0.125,0.0,0.125,tie,0.09358525276184082,8,1,256,256,False,1,1,True
"deterministic, mtp_s3 c1 vs c32",gsm8k-0073,129,2702,3240,0.0,0.125,0.125,tie,0.24349236488342285,6,1,256,256,False,1,3,True
"deterministic, mtp_s3 c1 vs c32",gsm8k-0074,111,4625,7336,0.0,0.125,0.125,tie,0.12589263916015625,53,1,256,256,False,1,3,True
"deterministic, mtp_s3 c1 vs c32",gsm8k-0076,40,760,32,0.12500005960464478,0.0,0.125,tie,0.23811674118041992,9,1,256,256,False,3,4,True
"deterministic, mtp_s3 c1 vs c32",humaneval-0002,114,271,733,0.0,0.125,0.125,tie,0.24547338485717773,95,1,256,256,False,0,4,True
"deterministic, mtp_s3 c1 vs c32",humaneval-0005,7,1324,1881,0.0,0.125,0.125,tie,0.12753534317016602,6,1,256,256,False,0,2,True
"deterministic, mtp_s3 c1 vs c32",humaneval-0011,26,760,2381,0.0,0.25,0.25,tie,0.1226961612701416,25,1,256,256,False,3,4,True
"deterministic, mtp_s3 c1 vs c32",humaneval-0014,65,15305,33120,0.0,0.125,0.125,tie,0.12442255020141602,55,1,256,256,False,0,1,True
"deterministic, mtp_s3 c1 vs c32",humaneval-0025,159,2643,1345,0.125,0.0,0.125,tie,0.19754374027252197,153,1,219,214,False,1,4,True
"deterministic, mtp_s3 c1 vs c32",humaneval-0026,52,279,1204,0.0,0.125,0.125,tie,0.12260580062866211,29,1,256,256,False,1,4,True
"deterministic, mtp_s3 c1 vs c32",humaneval-0031,2,198,1358,0.0,0.125,0.125,tie,7.152502803364769e-07,1,1,213,213,False,1,1,True
"deterministic, mtp_s3 c1 vs c32",humaneval-0032,138,1049,561,0.125,0.0,0.125,tie,0.13172292709350586,25,1,256,256,False,0,4,True
"deterministic, mtp_s3 c1 vs c32",humaneval-0033,164,198,271,0.0,0.125,0.125,tie,0.12549734115600586,155,1,256,256,False,2,2,True
"deterministic, mtp_s3 c1 vs c32",humaneval-0036,2,1358,198,0.125,0.0,0.125,tie,0.0,,1,139,139,False,1,1,True
"deterministic, mtp_s3 c1 vs c32",humaneval-0038,94,6922,513,0.125,0.0,0.125,tie,0.18268728256225586,93,1,256,256,False,3,4,True
"deterministic, mtp_s3 c1 vs c32",humaneval-0039,252,220,248046,0.0,0.125,0.125,tie,0.24815130233764648,248,1,256,253,False,2,4,True
"deterministic, mtp_s3 c1 vs c32",humaneval-0050,20,1396,1754,0.0,0.125,0.125,tie,0.11149406433105469,14,1,256,256,False,2,4,True
"deterministic, mtp_s3 c1 vs c32",humaneval-0053,101,4613,421,0.125,0.125,0.125,one_ulp,0.22866272926330566,98,1,193,252,False,0,3,True
"deterministic, mtp_s3 c1 vs c32",humaneval-0058,130,7080,13765,0.0,0.125,0.125,tie,0.09947657585144043,128,1,143,142,False,2,4,True
"deterministic, mtp_s3 c1 vs c32",humaneval-0059,85,271,466,0.0,0.125,0.125,tie,0.15847134590148926,66,1,256,256,False,2,1,True
"deterministic, mtp_s3 c1 vs c32",mt_bench-0000,29,3594,6797,0.0,0.0625,0.0625,tie,0.172227144241333,7,1,256,256,False,0,3,True
"deterministic, mtp_s3 c1 vs c32",mt_bench-0001,113,5328,40,0.125,0.0,0.125,tie,0.2166767120361328,34,1,153,160,False,0,4,True
"deterministic, mtp_s3 c1 vs c32",mt_bench-0002,180,10166,198,0.125,0.0,0.125,tie,0.3560323715209961,158,1,256,256,False,2,2,True
"deterministic, mtp_s3 c1 vs c32",mt_bench-0003,76,25585,26899,0.0,0.125,0.125,tie,0.18716812133789062,19,1,256,252,False,0,3,True
"deterministic, mtp_s3 c1 vs c32",mt_bench-0004,11,23772,264,0.125,0.0,0.125,tie,0.12147855758666992,10,1,256,245,False,2,3,True
"deterministic, mtp_s3 c1 vs c32",mt_bench-0005,131,27597,11,0.125,0.0,0.125,tie,0.2211933135986328,98,1,256,256,False,0,2,True
"deterministic, mtp_s3 c1 vs c32",mt_bench-0006,32,10708,1016,0.0625,0.0,0.0625,tie,0.12074494361877441,20,1,256,256,False,0,2,True
"deterministic, mtp_s3 c1 vs c32",mt_bench-0007,43,20950,19088,0.125,0.0,0.125,tie,0.13142752647399902,26,1,187,205,False,1,1,True
"deterministic, mtp_s3 c1 vs c32",mt_bench-0008,168,11754,41717,0.0,0.125,0.125,tie,0.19177889823913574,76,1,256,256,False,2,2,True
"deterministic, mtp_s3 c1 vs c32",mt_bench-0009,86,321,11,0.125,0.0,0.125,tie,0.12269258499145508,19,1,256,256,False,0,4,True
"deterministic, mtp_s3 c1 vs c32",mt_bench-0010,15,1,8964,0.0,0.25,0.25,tie,0.141876220703125,3,1,256,256,False,1,4,True
"deterministic, mtp_s3 c1 vs c32",mt_bench-0011,184,11939,74021,0.0,0.0625,0.0625,tie,0.13490009307861328,155,1,256,256,False,0,3,True
"deterministic, mtp_s3 c1 vs c32",mt_bench-0012,158,30119,41152,0.0,0.125,0.125,tie,0.23172783851623535,48,1,256,256,False,1,2,True
"deterministic, mtp_s3 c1 vs c32",mt_bench-0013,18,2609,4927,0.0,0.125,0.125,tie,0.16962623596191406,7,1,256,256,False,0,1,True
"deterministic, mtp_s3 c1 vs c32",mt_bench-0014,175,107754,48,0.0625,0.0,0.0625,tie,0.2269291877746582,31,1,256,256,False,2,1,True
"deterministic, mtp_s3 c1 vs c32",mt_bench-0015,94,13,539,0.0,0.125,0.125,tie,0.2056746482849121,39,1,256,256,False,2,3,True
"deterministic, mtp_s3 c1 vs c32",mt_bench-0017,124,38663,51,0.125,0.0,0.125,tie,0.20210647583007812,33,1,256,256,False,1,4,True
"deterministic, mtp_s3 c1 vs c32",mt_bench-0018,28,61,32773,0.0,0.125,0.125,tie,0.15720248222351074,19,1,141,158,False,3,1,True
"deterministic, mtp_s3 c1 vs c32",mt_bench-0023,252,716,328,0.125,0.0,0.125,tie,0.22669196128845215,175,1,256,256,False,2,4,True
"deterministic, mtp_s3 c1 vs c32",mt_bench-0024,151,23,17,0.25,0.0,0.125,tie,0.20659112930297852,27,1,256,256,False,2,4,True
"deterministic, mtp_s3 c1 vs c32",mt_bench-0025,132,348,25273,0.0,0.125,0.125,tie,0.21929216384887695,36,1,256,256,False,2,3,True
"deterministic, mtp_s3 c1 vs c32",mt_bench-0026,212,198,3130,0.0,0.125,0.125,tie,0.14024066925048828,157,1,256,256,False,2,4,True
"deterministic, mtp_s3 c1 vs c32",mt_bench-0028,211,383,310,0.125,0.0,0.125,tie,0.2409358024597168,68,1,256,256,False,3,4,True
"deterministic, mtp_s3 c1 vs c32",mt_bench-0033,216,421,314,0.25,0.0,0.125,tie,0.23685789108276367,36,1,256,256,False,3,4,True
"deterministic, mtp_s3 c1 vs c32",mt_bench-0034,220,7949,1445,0.125,0.0,0.125,tie,0.20654749870300293,50,1,256,256,False,1,4,True
"deterministic, mtp_s3 c1 vs c32",mt_bench-0036,39,47246,733,0.125,0.0,0.125,tie,0.12229800224304199,1,1,256,256,False,1,3,True
"deterministic, mtp_s3 c1 vs c32",mt_bench-0039,143,279,26782,0.0,0.125,0.125,tie,0.2335224151611328,108,1,256,256,False,2,2,True
"deterministic, mtp_s3 c1 vs c32",mt_bench-0040,21,279,27690,0.0,0.125,0.125,tie,0.11862945556640625,9,1,256,256,False,0,2,True
"deterministic, mtp_s3 c1 vs c32",mt_bench-0041,215,15,16,0.0,0.125,0.125,tie,0.1892714500427246,199,1,256,256,False,1,3,True
"deterministic, mtp_s3 c1 vs c32",mt_bench-0044,136,733,198,0.125,0.0,0.125,tie,0.23177289962768555,97,1,256,256,False,3,4,True
"deterministic, mtp_s3 c1 vs c32",mt_bench-0045,26,318,22373,0.0,0.12499994039535522,0.125,tie,0.15786409378051758,3,1,256,256,False,0,4,True
"deterministic, mtp_s3 c1 vs c32",mt_bench-0047,161,7552,16720,0.0,0.125,0.125,tie,0.15633010864257812,26,1,256,256,False,1,4,True
"deterministic, mtp_s3 c1 vs c32",mt_bench-0048,124,49283,51301,0.0,0.125,0.125,tie,0.23407578468322754,54,1,256,256,False,3,4,True
"deterministic, mtp_s3 c1 vs c32",mt_bench-0056,247,10036,9711,0.125,0.0,0.125,tie,0.2282097339630127,84,1,256,256,False,0,4,True
"deterministic, mtp_s3 c1 vs c32",mt_bench-0059,84,2791,42794,0.0,0.125,0.125,tie,0.12260794639587402,77,1,256,256,False,0,4,True
"deterministic, mtp_s3 c1 vs c32",mt_bench-0062,37,6065,1536,0.125,0.0,0.125,tie,0.000711499247699976,31,1,256,256,False,2,4,True
"deterministic, mtp_s3 c1 vs c32",mt_bench-0064,228,2919,6093,0.0,0.125,0.125,tie,0.22614216804504395,223,1,256,256,False,2,2,True
"deterministic, mtp_s3 c1 vs c32",mt_bench-0066,93,332,10539,0.0,0.125,0.125,tie,0.2184767723083496,77,1,256,256,False,0,1,True
"deterministic, mtp_s3 c1 vs c32",mt_bench-0067,37,36515,2790,0.2500000596046448,0.0,0.25,tie,0.22487354278564453,30,1,256,256,False,1,4,True
"deterministic, mtp_s3 c1 vs c32",mt_bench-0068,153,478,283,0.125,0.0,0.125,tie,0.12586379051208496,151,1,256,256,False,1,4,True
"deterministic, mtp_s3 c1 vs c32",mt_bench-0069,114,89700,22767,0.125,0.0,0.125,tie,0.21280193328857422,51,1,256,256,False,1,4,True
"deterministic, mtp_s3 c1 vs c32",mt_bench-0070,197,65408,3619,0.125,0.0,0.125,tie,0.23947453498840332,47,1,256,256,False,2,2,True
"deterministic, mtp_s3 c1 vs c32",mt_bench-0071,36,33286,17102,0.125,0.0,0.125,tie,0.12130546569824219,10,1,256,256,False,0,1,True
"deterministic, mtp_s3 c1 vs c32",mt_bench-0072,15,11587,5190,0.125,0.0,0.125,tie,0.10596275329589844,11,1,256,256,False,3,4,True
"deterministic, mtp_s3 c1 vs c32",mt_bench-0073,144,11120,49314,0.0,0.125,0.125,tie,0.1493535041809082,138,1,256,256,False,0,1,True
"deterministic, mtp_s3 c1 vs c32",mt_bench-0075,134,64,16,0.125,0.0,0.125,tie,0.216050386428833,69,1,256,256,False,0,1,True
"deterministic, mtp_s3 c1 vs c32",mt_bench-0076,197,795,12688,0.0,0.125,0.125,tie,0.2197401523590088,195,3,256,256,False,1,3,True
"deterministic, mtp_s3 c1 vs c32",mt_bench-0077,186,13305,11004,0.0625,0.0,0.0625,tie,0.22075510025024414,117,1,256,256,False,3,4,True
"deterministic, mtp_s3 c1 vs c32",mt_bench-0078,75,321,369,0.0,0.125,0.125,tie,0.229736328125,31,1,256,256,False,0,1,True
"deterministic, mtp_s3 c1 vs c32",mt_bench-0079,163,279,795,0.125,0.125,0.125,one_ulp,0.22200679779052734,54,2,256,256,False,0,3,True
"fp32 head, mtp_s3 c1 vs c32",alpaca_eval-0000,146,7745,8252,0.020204544067382812,0.009821891784667969,0.0078125,near,0.16278910636901855,87,1,256,256,False,2,3,True
"fp32 head, mtp_s3 c1 vs c32",alpaca_eval-0020,223,3931,604,0.028926849365234375,0.07551765441894531,0.015625,near,0.17429256439208984,184,1,256,256,False,0,4,True
"fp32 head, mtp_s3 c1 vs c32",alpaca_eval-0030,148,93868,332,0.00083160400390625,0.04813385009765625,0.00048828125,near,0.16494441032409668,109,1,256,256,False,0,1,True
"fp32 head, mtp_s3 c1 vs c32",alpaca_eval-0040,8,3046,1484,0.06134605407714844,0.038482666015625,0.03125,near,0.09348702430725098,1,1,256,256,False,2,2,True
"fp32 head, mtp_s3 c1 vs c32",alpaca_eval-0050,253,17077,8559,0.021375656127929688,0.01609039306640625,0.015625,near,0.110595703125,176,1,256,256,False,1,1,True
"fp32 head, mtp_s3 c1 vs c32",alpaca_eval-0060,75,33868,41262,0.06641006469726562,0.0041446685791015625,0.00390625,near,0.10455703735351562,60,1,256,256,False,3,1,True
"fp32 head, mtp_s3 c1 vs c32",alpaca_eval-0090,155,279,799,0.015201568603515625,0.04227256774902344,0.0078125,near,0.156951904296875,102,1,256,256,False,0,1,True
"fp32 head, mtp_s3 c1 vs c32",alpaca_eval-0100,18,2172,4062,0.04944038391113281,0.021648406982421875,0.015625,near,0.06487178802490234,15,1,256,256,False,2,2,True
"fp32 head, mtp_s3 c1 vs c32",alpaca_eval-0110,93,18995,279,0.0160369873046875,0.018072128295898438,0.0078125,near,0.15936541557312012,6,1,256,256,False,1,3,True
"fp32 head, mtp_s3 c1 vs c32",alpaca_eval-0120,6,557,3364,0.03157234191894531,0.04268646240234375,0.03125,near,0.07219982147216797,5,1,167,151,False,1,4,True
"fp32 head, mtp_s3 c1 vs c32",alpaca_eval-0130,53,13136,9103,0.042992591857910156,0.02126312255859375,0.015625,near,0.1011497974395752,21,1,256,256,False,1,2,True
"fp32 head, mtp_s3 c1 vs c32",alpaca_eval-0140,212,46499,328,0.008738517761230469,0.0184783935546875,0.0078125,near,0.10797357559204102,195,1,256,256,False,0,4,True
"fp32 head, mtp_s3 c1 vs c32",alpaca_eval-0180,30,2433,279,0.00083160400390625,0.07676506042480469,0.00048828125,near,0.0797266960144043,7,1,256,256,False,3,4,True
"fp32 head, mtp_s3 c1 vs c32",alpaca_eval-0210,4,303,539,0.030046463012695312,0.0002727508544921875,0.000244140625,near,0.052582740783691406,2,1,256,256,False,2,1,True
"fp32 head, mtp_s3 c1 vs c32",alpaca_eval-0220,64,34235,13626,0.00028228759765625,0.01908588409423828,0.000244140625,near,0.13791537284851074,10,1,256,256,False,3,2,True
"fp32 head, mtp_s3 c1 vs c32",alpaca_eval-0230,220,18516,2528,0.002582550048828125,0.013414382934570312,0.001953125,near,0.11931157112121582,186,1,256,256,False,2,4,True
"fp32 head, mtp_s3 c1 vs c32",alpaca_eval-0240,94,1092,279,0.0058116912841796875,0.005908966064453125,0.00390625,near,0.20729684829711914,63,1,256,256,False,0,4,True
"fp32 head, mtp_s3 c1 vs c32",alpaca_eval-0250,24,5106,2222,2.09808349609375e-05,0.010845184326171875,1.52587890625e-05,near,0.09966707229614258,8,1,256,256,False,1,1,True
"fp32 head, mtp_s3 c1 vs c32",alpaca_eval-0270,232,4460,318,0.00997161865234375,0.10639190673828125,0.0078125,near,0.11953866481781006,80,0,256,256,False,3,3,True
"fp32 head, mtp_s3 c1 vs c32",alpaca_eval-0280,111,17759,4138,0.027200698852539062,0.0034809112548828125,0.001953125,near,0.2170119285583496,90,0,256,256,False,1,1,True
"fp32 head, mtp_s3 c1 vs c32",alpaca_eval-0290,109,3579,958,0.030965805053710938,0.00081634521484375,0.00048828125,near,0.18779921531677246,94,1,256,256,False,2,4,True
"fp32 head, mtp_s3 c1 vs c32",alpaca_eval-0320,175,25,2512,0.06654739379882812,0.0030803680419921875,0.001953125,near,0.1075294017791748,153,1,256,256,False,3,4,True
"fp32 head, mtp_s3 c1 vs c32",alpaca_eval-0330,130,6112,8806,0.036373138427734375,0.0373992919921875,0.0001220703125,near,0.13042998313903809,65,1,256,256,False,1,4,True
"fp32 head, mtp_s3 c1 vs c32",alpaca_eval-0340,59,3296,1622,0.014879226684570312,0.01879119873046875,0.0078125,near,0.15408992767333984,48,1,212,191,False,0,2,True
"fp32 head, mtp_s3 c1 vs c32",alpaca_eval-0360,32,1017,2614,0.0049915313720703125,0.1017913818359375,0.00390625,near,0.1262192726135254,28,1,256,256,False,1,4,True
"fp32 head, mtp_s3 c1 vs c32",alpaca_eval-0410,109,1764,871,0.001827239990234375,0.030553817749023438,0.0009765625,near,0.09100914001464844,84,1,256,256,False,1,4,True
"fp32 head, mtp_s3 c1 vs c32",alpaca_eval-0420,9,36213,2972,0.008905410766601562,0.03459739685058594,0.0078125,near,0.07157373428344727,6,1,256,202,False,2,2,True
"fp32 head, mtp_s3 c1 vs c32",alpaca_eval-0430,31,11,11991,0.023981094360351562,0.11905097961425781,0.015625,near,0.07291221618652344,18,1,256,256,False,0,2,True
"fp32 head, mtp_s3 c1 vs c32",alpaca_eval-0450,114,8070,7499,0.03364753723144531,0.00780487060546875,0.00390625,near,0.12628602981567383,29,1,256,256,False,0,4,True
"fp32 head, mtp_s3 c1 vs c32",alpaca_eval-0460,105,63,27653,0.019647598266601562,0.0076503753662109375,0.00390625,near,0.13721656799316406,5,0,256,256,False,1,2,True
"fp32 head, mtp_s3 c1 vs c32",alpaca_eval-0470,78,345,279,0.008502960205078125,0.0258636474609375,0.0078125,near,0.14070343971252441,18,1,256,256,False,0,1,True
"fp32 head, mtp_s3 c1 vs c32",alpaca_eval-0490,119,4416,13427,0.0208282470703125,0.022289276123046875,0.015625,near,0.10293316841125488,86,1,256,256,False,3,1,True
"fp32 head, mtp_s3 c1 vs c32",alpaca_eval-0510,68,4216,13263,0.038848876953125,0.03995704650878906,0.03125,near,0.15656805038452148,65,1,199,190,False,0,1,True
"fp32 head, mtp_s3 c1 vs c32",alpaca_eval-0520,255,4199,1919,0.08162879943847656,0.02204132080078125,0.0078125,near,0.18608951568603516,245,1,256,256,False,3,3,True
"fp32 head, mtp_s3 c1 vs c32",alpaca_eval-0530,77,34404,46448,0.017940521240234375,0.018922805786132812,0.015625,near,0.10083484649658203,72,1,256,256,False,0,4,True
"fp32 head, mtp_s3 c1 vs c32",alpaca_eval-0550,106,310,332,0.07155799865722656,0.03456878662109375,0.03125,near,0.11802029609680176,43,1,256,256,False,0,4,True
"fp32 head, mtp_s3 c1 vs c32",alpaca_eval-0560,125,37647,369,0.03426551818847656,0.00336456298828125,0.001953125,near,0.09730386734008789,65,1,256,256,False,0,2,True
"fp32 head, mtp_s3 c1 vs c32",alpaca_eval-0570,73,16,9,0.004398345947265625,0.07099723815917969,0.00390625,near,0.10787630081176758,44,1,256,256,False,2,1,True
"fp32 head, mtp_s3 c1 vs c32",alpaca_eval-0580,85,563,4379,0.03589820861816406,0.029211044311523438,0.015625,near,0.12407183647155762,44,1,256,256,False,0,4,True
"fp32 head, mtp_s3 c1 vs c32",alpaca_eval-0590,174,11227,21861,0.045665740966796875,0.0002231597900390625,0.0001220703125,near,0.12715744972229004,28,1,256,256,False,1,2,True
"fp32 head, mtp_s3 c1 vs c32",cnn_dailymail-0001,36,2943,53000,0.059803009033203125,0.008205413818359375,0.0078125,near,0.14023661613464355,30,1,100,104,False,0,1,True
"fp32 head, mtp_s3 c1 vs c32",cnn_dailymail-0009,38,156338,20367,0.041083335876464844,0.03187847137451172,0.03125,near,0.056259751319885254,26,1,82,84,False,1,4,True
"fp32 head, mtp_s3 c1 vs c32",cnn_dailymail-0011,149,328,557,0.0039577484130859375,0.028615951538085938,0.00390625,near,0.10998082160949707,86,1,256,256,False,1,1,True
"fp32 head, mtp_s3 c1 vs c32",cnn_dailymail-0012,44,48995,11312,0.04760169982910156,0.020557403564453125,0.015625,near,0.11353349685668945,31,1,98,97,False,3,2,True
"fp32 head, mtp_s3 c1 vs c32",cnn_dailymail-0013,17,780,12004,0.008290290832519531,0.0010995864868164062,0.0009765625,near,0.07023072242736816,10,1,122,107,False,0,1,True
"fp32 head, mtp_s3 c1 vs c32",cnn_dailymail-0014,219,27661,13235,0.012951850891113281,0.0025300979614257812,0.001953125,near,0.14020919799804688,81,1,256,256,False,1,4,True
"fp32 head, mtp_s3 c1 vs c32",cnn_dailymail-0015,97,421,42838,0.016172409057617188,0.03961372375488281,0.015625,near,0.18814492225646973,11,1,108,109,False,1,2,True
"fp32 head, mtp_s3 c1 vs c32",cnn_dailymail-0016,109,321,310,0.010644912719726562,0.030797958374023438,0.0078125,near,0.1642153263092041,22,1,129,126,False,2,2,True
"fp32 head, mtp_s3 c1 vs c32",cnn_dailymail-0017,68,1027,279,0.03687858581542969,0.024183273315429688,0.015625,near,0.10939884185791016,42,1,256,256,False,1,2,True
"fp32 head, mtp_s3 c1 vs c32",cnn_dailymail-0018,38,2614,1238,0.03923988342285156,0.04340553283691406,0.03125,near,0.0638113021850586,14,1,124,111,False,0,4,True
"fp32 head, mtp_s3 c1 vs c32",cnn_dailymail-0020,71,2824,12968,0.03247261047363281,0.0440826416015625,0.03125,near,0.07056927680969238,70,1,256,256,False,3,4,True
"fp32 head, mtp_s3 c1 vs c32",cnn_dailymail-0024,53,998,8334,0.07772839069366455,0.018846511840820312,0.015625,near,0.06883001327514648,14,1,107,114,False,3,3,True
"fp32 head, mtp_s3 c1 vs c32",cnn_dailymail-0027,12,4588,22263,0.0013637542724609375,0.009647369384765625,0.0009765625,near,0.0904165506362915,1,1,110,110,False,2,2,True
"fp32 head, mtp_s3 c1 vs c32",cnn_dailymail-0031,89,16679,1602,0.013319015502929688,0.013427734375,0.0078125,near,0.12617850303649902,5,1,132,133,False,0,1,True
"fp32 head, mtp_s3 c1 vs c32",cnn_dailymail-0036,44,6278,34729,0.004474639892578125,0.06118583679199219,0.00390625,near,0.0975959300994873,40,1,113,105,False,1,2,True
"fp32 head, mtp_s3 c1 vs c32",cnn_dailymail-0038,115,733,4767,0.0008869171142578125,0.057819366455078125,0.00048828125,near,0.12965178489685059,33,1,256,256,False,1,4,True
"fp32 head, mtp_s3 c1 vs c32",cnn_dailymail-0039,88,21354,1118,0.025354385375976562,0.04527473449707031,0.015625,near,0.07798957824707031,87,1,142,152,False,1,1,True
"fp32 head, mtp_s3 c1 vs c32",gsm8k-0003,164,19434,332,0.03536224365234375,0.027801513671875,0.015625,near,0.1253986358642578,86,0,170,170,False,2,4,True
"fp32 head, mtp_s3 c1 vs c32",gsm8k-0010,60,28924,19892,0.020641326904296875,0.019245147705078125,0.015625,near,0.1060950756072998,8,1,256,256,False,1,4,True
"fp32 head, mtp_s3 c1 vs c32",gsm8k-0012,,,,,,,,0.526421308517456,67,0,256,256,False,,,
"fp32 head, mtp_s3 c1 vs c32",gsm8k-0015,44,31187,4997,0.18555831909179688,0.11490058898925781,0.0625,near,0.22766733169555664,43,0,256,256,False,1,4,True
"fp32 head, mtp_s3 c1 vs c32",gsm8k-0017,75,5381,7836,0.05928802490234375,0.0349578857421875,6.103515625e-05,near,0.09243583679199219,47,1,256,256,False,3,4,True
"fp32 head, mtp_s3 c1 vs c32",gsm8k-0019,178,14728,1088,0.07323837280273438,0.0062694549560546875,0.00390625,near,0.16429996490478516,109,1,256,256,False,0,4,True
"fp32 head, mtp_s3 c1 vs c32",gsm8k-0020,33,64494,4346,0.038715362548828125,7.62939453125e-06,7.62939453125e-06,near,0.08307027816772461,27,1,256,256,False,3,3,True
"fp32 head, mtp_s3 c1 vs c32",gsm8k-0024,164,1083,869,0.06876182556152344,0.016178131103515625,0.015625,near,0.13155078887939453,129,1,256,256,False,3,1,True
"fp32 head, mtp_s3 c1 vs c32",gsm8k-0029,73,1330,24435,0.013702452182769775,0.019687652587890625,0.0078125,near,0.09343385696411133,30,1,256,256,False,1,4,True
"fp32 head, mtp_s3 c1 vs c32",gsm8k-0035,34,61148,19892,0.028482437133789062,0.05989837646484375,0.015625,near,0.09460097551345825,13,1,256,256,False,1,4,True
"fp32 head, mtp_s3 c1 vs c32",gsm8k-0039,18,45055,279,0.03702735900878906,0.0005741119384765625,0.00048828125,near,0.06143510341644287,10,1,256,256,False,1,4,True
"fp32 head, mtp_s3 c1 vs c32",gsm8k-0042,94,1238,506,0.0157470703125,0.0005168914794921875,0.00048828125,near,0.25156521797180176,62,1,201,199,False,3,4,True
"fp32 head, mtp_s3 c1 vs c32",gsm8k-0043,142,37863,8037,0.057926177978515625,0.03282356262207031,0.03125,near,0.11915755271911621,118,1,256,256,False,1,4,True
"fp32 head, mtp_s3 c1 vs c32",gsm8k-0049,120,56014,393,0.000377655029296875,0.03621101379394531,0.000244140625,near,0.0906827449798584,60,1,256,256,False,1,4,True
"fp32 head, mtp_s3 c1 vs c32",gsm8k-0055,17,28924,19892,0.0051250457763671875,0.035411834716796875,0.00390625,near,0.0005767028778791428,7,1,150,147,False,0,4,True
"fp32 head, mtp_s3 c1 vs c32",gsm8k-0064,193,220,47912,0.16033363342285156,0.0106658935546875,0.0078125,near,0.2087702751159668,126,1,256,256,False,2,4,True
"fp32 head, mtp_s3 c1 vs c32",gsm8k-0066,22,279,23208,0.001434326171875,0.0045452117919921875,0.0009765625,near,0.06501960754394531,7,1,256,256,False,0,4,True
"fp32 head, mtp_s3 c1 vs c32",gsm8k-0073,129,3240,3714,0.0013275146484375,0.0314788818359375,0.0009765625,near,0.1571216583251953,13,1,256,256,False,1,4,True
"fp32 head, mtp_s3 c1 vs c32",gsm8k-0076,166,3487,9376,0.05657768249511719,0.03135871887207031,0.03125,near,0.12389779090881348,133,1,256,256,False,3,4,True
"fp32 head, mtp_s3 c1 vs c32",gsm8k-0078,,,,,,,,0.5567474365234375,156,1,256,256,False,,,
"fp32 head, mtp_s3 c1 vs c32",humaneval-0002,96,760,1206,0.06078147888183594,0.14136886596679688,0.03125,near,0.06663036346435547,19,1,256,256,False,2,4,True
"fp32 head, mtp_s3 c1 vs c32",humaneval-0005,106,498,2958,0.011592864990234375,0.06313514709472656,0.0078125,near,0.1433274745941162,43,0,256,256,False,2,4,True
"fp32 head, mtp_s3 c1 vs c32",humaneval-0006,138,18488,8016,0.00527191162109375,5.7220458984375e-05,3.0517578125e-05,near,0.17119979858398438,130,1,214,214,False,0,2,True
"fp32 head, mtp_s3 c1 vs c32",humaneval-0011,71,40,760,0.02046966552734375,0.03914070129394531,0.015625,near,0.14454197883605957,27,1,256,256,False,2,4,True
"fp32 head, mtp_s3 c1 vs c32",humaneval-0017,80,539,1083,0.0086669921875,0.0041484832763671875,0.00390625,near,0.07239627838134766,55,1,256,256,False,1,2,True
"fp32 head, mtp_s3 c1 vs c32",humaneval-0020,144,279,3523,0.0186767578125,0.014482498168945312,0.0078125,near,0.09957599639892578,101,1,256,256,False,0,2,True
"fp32 head, mtp_s3 c1 vs c32",humaneval-0037,158,1103,498,0.0041065216064453125,0.024806976318359375,0.00390625,near,0.10323882102966309,131,1,189,217,False,0,4,True
"fp32 head, mtp_s3 c1 vs c32",humaneval-0039,211,1698,2912,0.011148452758789062,0.05632781982421875,0.0078125,near,0.07784461975097656,115,1,253,251,False,2,4,True
"fp32 head, mtp_s3 c1 vs c32",humaneval-0041,179,3850,12189,0.024679183959960938,0.00519561767578125,0.00390625,near,0.17136216163635254,42,1,256,256,False,3,3,True
"fp32 head, mtp_s3 c1 vs c32",humaneval-0046,198,413,653,0.0065460205078125,0.048580169677734375,0.00390625,near,0.06610143184661865,2,1,256,256,False,1,4,True
"fp32 head, mtp_s3 c1 vs c32",humaneval-0047,246,49332,12,0.002895355224609375,0.043766021728515625,0.001953125,near,0.11870360374450684,1,1,256,256,False,3,3,True
"fp32 head, mtp_s3 c1 vs c32",humaneval-0050,13,561,1061,0.003040313720703125,0.0062580108642578125,0.001953125,near,0.07240939140319824,6,1,256,256,False,2,4,True
"fp32 head, mtp_s3 c1 vs c32",mt_bench-0000,28,6797,3594,0.0013113021850585938,0.059561729431152344,0.0009765625,near,0.07557106018066406,12,1,256,256,False,0,3,True
"fp32 head, mtp_s3 c1 vs c32",mt_bench-0001,50,11352,506,0.009180068969726562,0.07101637125015259,0.0078125,near,0.1739521026611328,46,1,165,153,False,0,2,True
"fp32 head, mtp_s3 c1 vs c32",mt_bench-0002,153,1253,5972,0.0009174346923828125,0.018987655639648438,0.00048828125,near,0.13925576210021973,134,1,256,256,False,0,4,True
"fp32 head, mtp_s3 c1 vs c32",mt_bench-0003,169,26003,22856,0.027872085571289062,0.0191802978515625,0.015625,near,0.10134053230285645,146,1,256,256,False,1,2,True
"fp32 head, mtp_s3 c1 vs c32",mt_bench-0004,28,264,449,0.0359649658203125,0.0071926116943359375,0.00390625,near,0.10258841514587402,10,1,223,256,False,2,2,True
"fp32 head, mtp_s3 c1 vs c32",mt_bench-0005,134,4477,57959,0.010671615600585938,0.0016231536865234375,0.0009765625,near,0.09166312217712402,133,1,256,256,False,0,3,True
"fp32 head, mtp_s3 c1 vs c32",mt_bench-0006,101,11,645,0.004058837890625,0.03964042663574219,0.00390625,near,0.14259791374206543,24,1,256,256,False,1,3,True
"fp32 head, mtp_s3 c1 vs c32",mt_bench-0007,161,279,551,0.0075511932373046875,0.015325546264648438,0.00390625,near,0.09754490852355957,15,1,208,199,False,0,1,True
"fp32 head, mtp_s3 c1 vs c32",mt_bench-0008,168,11754,41717,0.010381698608398438,0.018957138061523438,0.0078125,near,0.10488581657409668,131,1,256,256,False,2,2,True
"fp32 head, mtp_s3 c1 vs c32",mt_bench-0009,86,11,321,0.014225006103515625,0.01477813720703125,0.0078125,near,0.10663390159606934,77,1,256,256,False,0,4,True
"fp32 head, mtp_s3 c1 vs c32",mt_bench-0010,48,2414,264,0.01194000244140625,0.02136993408203125,0.0078125,near,0.07565140724182129,45,1,256,256,False,0,2,True
"fp32 head, mtp_s3 c1 vs c32",mt_bench-0011,198,599,6088,0.0014820098876953125,0.0050716400146484375,0.0009765625,near,0.1117391586303711,129,1,256,256,False,0,4,True
"fp32 head, mtp_s3 c1 vs c32",mt_bench-0012,28,33404,7139,0.06692123413085938,0.053356170654296875,0.03125,near,0.10566043853759766,22,1,256,256,False,3,2,True
"fp32 head, mtp_s3 c1 vs c32",mt_bench-0013,39,321,11,0.018651962280273438,0.0076274871826171875,0.00390625,near,0.08193445205688477,35,1,256,256,False,1,3,True
"fp32 head, mtp_s3 c1 vs c32",mt_bench-0014,160,11,579,0.013874053955078125,0.009206771850585938,0.0078125,near,0.1869490146636963,91,1,256,256,False,3,3,True
"fp32 head, mtp_s3 c1 vs c32",mt_bench-0015,94,539,13,0.03440284729003906,0.012769699096679688,0.0078125,near,0.10996246337890625,20,1,256,256,False,2,3,True
"fp32 head, mtp_s3 c1 vs c32",mt_bench-0016,52,3710,2592,0.04001426696777344,0.007801055908203125,0.00390625,near,0.12948346138000488,5,1,256,256,False,2,4,True
"fp32 head, mtp_s3 c1 vs c32",mt_bench-0017,207,41,1719,0.0120086669921875,0.090118408203125,0.0078125,near,0.10522174835205078,129,1,256,256,False,0,2,True
"fp32 head, mtp_s3 c1 vs c32",mt_bench-0019,159,19074,352,0.012971878051757812,0.01975250244140625,0.0078125,near,0.10430574417114258,92,1,256,256,False,2,1,True
"fp32 head, mtp_s3 c1 vs c32",mt_bench-0023,209,42753,2902,0.0044841766357421875,0.03735542297363281,0.00390625,near,0.16596460342407227,130,1,256,256,False,2,1,True
"fp32 head, mtp_s3 c1 vs c32",mt_bench-0028,93,2972,22426,0.013807296752929688,0.01151275634765625,0.0078125,near,0.11132621765136719,75,1,256,256,False,3,4,True
"fp32 head, mtp_s3 c1 vs c32",mt_bench-0030,43,1948,898,0.022115707397460938,0.00978851318359375,0.0078125,near,0.06592035293579102,42,1,256,256,False,0,4,True
"fp32 head, mtp_s3 c1 vs c32",mt_bench-0033,236,12,9,0.046291351318359375,0.0020961761474609375,0.001953125,near,0.16105937957763672,145,1,256,256,False,1,4,True
"fp32 head, mtp_s3 c1 vs c32",mt_bench-0037,196,4543,1165,0.015859603881835938,0.008642196655273438,0.0078125,near,0.1374523639678955,25,0,256,256,False,2,4,True
"fp32 head, mtp_s3 c1 vs c32",mt_bench-0038,95,45382,46270,0.00063323974609375,0.03236961364746094,0.00048828125,near,0.0839548110961914,52,1,256,256,False,1,4,True
"fp32 head, mtp_s3 c1 vs c32",mt_bench-0043,32,14261,1510,0.025720596313476562,0.010725021362304688,0.0078125,near,0.053603410720825195,24,1,177,195,False,0,4,True
"fp32 head, mtp_s3 c1 vs c32",mt_bench-0045,67,8882,10539,0.051822662353515625,0.09775924682617188,0.03125,near,0.11795711517333984,6,1,256,256,False,2,4,True
"fp32 head, mtp_s3 c1 vs c32",mt_bench-0047,192,561,10342,0.051570892333984375,0.0058746337890625,0.00390625,near,0.08139324188232422,56,1,256,256,False,2,4,True
"fp32 head, mtp_s3 c1 vs c32",mt_bench-0048,119,91786,51301,0.00643157958984375,4.00543212890625e-05,3.0517578125e-05,near,0.13297462463378906,14,1,256,256,False,3,4,True
"fp32 head, mtp_s3 c1 vs c32",mt_bench-0049,24,11,466,0.009199142456054688,0.004291534423828125,0.00390625,near,0.11433529853820801,23,1,256,256,False,1,2,True
"fp32 head, mtp_s3 c1 vs c32",mt_bench-0056,112,2824,5396,0.1303119659423828,0.0029201507568359375,0.001953125,near,0.16696476936340332,17,0,256,256,False,1,4,True
"fp32 head, mtp_s3 c1 vs c32",mt_bench-0060,57,5978,20665,0.0208587646484375,0.1297893524169922,0.015625,near,0.12242698669433594,47,1,256,256,False,3,4,True
"fp32 head, mtp_s3 c1 vs c32",mt_bench-0061,138,85,44,0.003269195556640625,0.015897750854492188,0.001953125,near,0.15574097633361816,46,1,256,256,False,0,4,True
"fp32 head, mtp_s3 c1 vs c32",mt_bench-0062,37,1536,6065,0.031064987182617188,0.017681121826171875,0.015625,near,0.0033882856369018555,10,1,256,256,False,2,4,True
"fp32 head, mtp_s3 c1 vs c32",mt_bench-0063,57,33448,314,0.06396484375,0.028661727905273438,0.015625,near,0.19620060920715332,47,1,256,256,False,0,2,True
"fp32 head, mtp_s3 c1 vs c32",mt_bench-0064,177,462,7057,0.0073680877685546875,0.04306793212890625,0.00390625,near,0.17804616689682007,124,1,256,256,False,0,4,True
"fp32 head, mtp_s3 c1 vs c32",mt_bench-0065,126,13,11,0.027250289916992188,0.03998565673828125,0.015625,near,0.09343862533569336,125,1,256,256,False,1,3,True
"fp32 head, mtp_s3 c1 vs c32",mt_bench-0066,65,48772,17171,0.029621124267578125,0.0055027008056640625,0.00390625,near,0.16750216484069824,36,1,256,256,False,0,1,True
"fp32 head, mtp_s3 c1 vs c32",mt_bench-0067,83,56570,19888,0.005008697509765625,0.010538101196289062,0.00390625,near,0.09793663024902344,65,1,256,256,False,0,3,True
"fp32 head, mtp_s3 c1 vs c32",mt_bench-0069,126,318,321,0.027662277221679688,0.0040187835693359375,0.00390625,near,0.09705495834350586,66,1,256,256,False,1,1,True
"fp32 head, mtp_s3 c1 vs c32",mt_bench-0070,197,65408,3619,0.03817176818847656,0.0075531005859375,0.00390625,near,0.12758588790893555,54,1,256,256,False,2,2,True
"fp32 head, mtp_s3 c1 vs c32",mt_bench-0075,141,1919,40,0.011013031005859375,0.0044879913330078125,0.00390625,near,0.13779067993164062,104,1,256,256,False,0,1,True
"fp32 head, mtp_s3 c1 vs c32",mt_bench-0076,247,47978,264,0.04644203186035156,0.0069141387939453125,0.00390625,near,0.1477816104888916,153,1,256,256,False,2,4,True
