prompt_id,split,position,outcome,domain,context_len,rho,rho_head_centred
p0003,heldout,1,accepted,chat,32,1.312,1.232
p0003,heldout,3,accepted,chat,42,1.277,1.206
p0003,heldout,1,accepted,chat,47,1.269,1.23
p0003,heldout,2,accepted,chat,47,1.006,0.9497
p0003,heldout,4,unreached,chat,47,1.184,1.152
p0003,heldout,4,accepted,chat,50,0.9475,0.7821
p0003,heldout,2,accepted,chat,55,0.8733,0.6489
p0003,heldout,3,accepted,chat,55,0.934,0.7941
p0003,heldout,1,accepted,chat,60,1.327,1.134
p0003,heldout,2,accepted,chat,60,1.123,1.038
p0003,heldout,4,unreached,chat,65,0.9827,0.737
p0003,heldout,3,accepted,chat,68,0.9956,0.9072
p0003,heldout,1,accepted,chat,77,1.074,1.046
p0003,heldout,2,accepted,chat,77,0.9126,0.8352
p0003,heldout,2,accepted,chat,90,1.156,1.111
p0003,heldout,3,accepted,chat,100,1.221,1.229
p0003,heldout,4,accepted,chat,100,1.311,1.235
p0003,heldout,4,rejected,chat,105,1.083,1.062
p0003,heldout,4,unreached,chat,113,0.9744,0.836
p0003,heldout,2,accepted,chat,120,0.8816,0.7756
p0003,heldout,4,rejected,chat,120,0.9506,0.8571
p0003,heldout,4,accepted,chat,124,1.267,1.208
p0003,heldout,1,accepted,chat,134,0.6861,0.6491
p0003,heldout,3,unreached,chat,134,0.9066,0.8036
p0003,heldout,3,accepted,chat,136,0.9328,0.7906
p0003,heldout,4,rejected,chat,136,0.8765,0.8093
p0003,heldout,1,accepted,chat,142,0.8815,0.7483
p0003,heldout,4,unreached,chat,142,0.9314,0.859
p0003,heldout,4,unreached,chat,145,1.117,1.043
p0003,heldout,1,accepted,chat,150,0.7175,0.6116
p0003,heldout,2,accepted,chat,150,1.308,1.245
p0003,heldout,2,accepted,chat,155,0.958,0.8327
p0003,heldout,1,accepted,chat,160,1.045,0.9766
p0003,heldout,2,unreached,chat,163,0.886,0.7754
p0003,heldout,4,unreached,chat,163,0.9356,0.8145
p0003,heldout,1,accepted,chat,167,0.8021,0.7053
p0003,heldout,4,accepted,chat,176,1.04,0.9319
p0003,heldout,1,accepted,chat,181,1.068,1.002
p0003,heldout,2,accepted,chat,181,0.8394,0.7605
p0003,heldout,3,rejected,chat,186,0.9414,0.8179
p0003,heldout,1,rejected,chat,189,0.8338,0.7028
p0003,heldout,2,unreached,chat,189,0.7992,0.692
p0003,heldout,1,accepted,chat,193,0.6906,0.5673
p0003,heldout,4,accepted,chat,193,0.819,0.6991
p0003,heldout,3,accepted,chat,198,1.03,0.8893
p0003,heldout,2,accepted,chat,208,0.8544,0.7268
p0003,heldout,3,rejected,chat,208,0.8461,0.7752
p0003,heldout,2,accepted,chat,211,0.8775,0.7443
p0003,heldout,3,rejected,chat,211,0.9574,0.8257
p0003,heldout,3,unreached,chat,214,0.8364,0.727
p0003,heldout,3,accepted,chat,216,1.058,0.9707
p0003,heldout,2,accepted,chat,220,0.8182,0.763
p0003,heldout,4,unreached,chat,224,1.019,0.9551
p0003,heldout,1,accepted,chat,225,1.087,0.9643
p0003,heldout,2,accepted,chat,225,0.9794,0.8994
p0003,heldout,3,accepted,chat,225,1.122,1.092
p0003,heldout,2,rejected,chat,230,0.8423,0.708
p0003,heldout,2,rejected,chat,232,0.7817,0.689
p0003,heldout,4,unreached,chat,232,0.8482,0.7695
p0003,heldout,1,rejected,chat,236,0.7593,0.6475
p0003,heldout,2,unreached,chat,236,0.8319,0.7657
p0003,heldout,4,unreached,chat,236,0.9772,0.885
p0003,heldout,1,rejected,chat,237,0.8264,0.7738
p0003,heldout,1,accepted,chat,238,0.6131,0.5413
p0003,heldout,3,unreached,chat,242,1.026,1.011
p0003,heldout,3,unreached,chat,244,0.8673,0.7783
p0003,heldout,2,rejected,chat,245,0.9149,0.7744
p0003,heldout,3,unreached,chat,245,0.8966,0.7667
p0003,heldout,4,unreached,chat,247,0.8348,0.7877
p0003,heldout,4,unreached,chat,248,0.8901,0.7538
p0003,heldout,1,rejected,chat,250,0.8241,0.7428
p0003,heldout,3,unreached,chat,250,0.9726,0.873
p0003,heldout,4,unreached,chat,250,0.9994,0.8992
p0003,heldout,1,accepted,chat,251,0.6335,0.5735
p0003,heldout,2,accepted,chat,256,0.8073,0.7149
p0003,heldout,2,accepted,chat,261,0.8406,0.7851
p0003,heldout,4,rejected,chat,261,0.8001,0.7424
p0003,heldout,1,accepted,chat,265,0.9735,0.8343
p0003,heldout,4,unreached,chat,265,0.9601,0.8492
p0003,heldout,1,accepted,chat,267,0.6601,0.5698
p0003,heldout,3,accepted,chat,272,0.9905,0.8964
p0003,heldout,4,rejected,chat,277,0.8207,0.7788
p0003,heldout,2,rejected,chat,288,1.098,1.122
p0003,heldout,1,accepted,chat,290,0.7718,0.674
p0003,heldout,3,accepted,chat,290,0.8594,0.8057
p0003,heldout,1,rejected,chat,294,0.8306,0.7101
p0003,heldout,3,unreached,chat,294,1.091,1.029
p0003,heldout,4,unreached,chat,295,0.962,0.86
p0003,heldout,1,rejected,chat,297,0.8119,0.7019
p0003,heldout,4,unreached,chat,297,0.8627,0.7483
p0003,heldout,3,rejected,chat,300,0.8059,0.7594
p0003,heldout,1,accepted,chat,303,0.7383,0.6696
p0003,heldout,2,accepted,chat,303,0.736,0.6287
p0003,heldout,1,rejected,chat,309,0.744,0.6519
p0003,heldout,3,rejected,chat,316,0.7654,0.6479
p0003,heldout,1,rejected,chat,321,0.8509,0.7149
p0003,heldout,1,accepted,chat,323,0.821,0.7219
p0003,heldout,2,accepted,chat,323,0.7737,0.7358
p0003,heldout,3,accepted,chat,323,0.9927,0.9453
p0003,heldout,4,accepted,chat,323,0.8878,0.836
p0003,heldout,1,rejected,chat,328,0.77,0.6863
p0003,heldout,1,accepted,chat,331,0.7784,0.693
p0003,heldout,3,rejected,chat,340,0.8669,0.8278
p0003,heldout,3,accepted,chat,343,0.8136,0.6967
p0003,heldout,1,rejected,chat,351,0.6698,0.5616
p0003,heldout,4,unreached,chat,351,1.003,0.876
p0003,heldout,1,accepted,chat,352,0.8807,0.7955
p0003,heldout,2,rejected,chat,352,0.8496,0.7669
p0003,heldout,3,unreached,chat,352,1.025,0.8959
p0003,heldout,4,unreached,chat,356,0.8665,0.7922
p0003,heldout,3,unreached,chat,358,0.8701,0.7984
p0003,heldout,4,unreached,chat,358,0.851,0.8009
p0003,heldout,3,unreached,chat,365,0.8637,0.8185
p0003,heldout,1,accepted,chat,371,0.8038,0.6955
p0003,heldout,2,rejected,chat,371,0.8831,0.792
p0008,heldout,1,accepted,chat,70,1.347,1.299
p0008,heldout,2,accepted,chat,70,1.362,1.243
p0008,heldout,4,accepted,chat,70,1.336,1.251
p0003,heldout,1,accepted,chat,373,1.022,0.9633
p0003,heldout,3,rejected,chat,373,0.9047,0.833
p0003,heldout,4,unreached,chat,373,0.8207,0.7043
p0008,heldout,4,accepted,chat,75,1.27,1.235
p0003,heldout,1,accepted,chat,376,0.6019,0.4919
p0008,heldout,2,accepted,chat,80,1.022,0.9475
p0008,heldout,3,accepted,chat,80,1.303,1.204
p0008,heldout,4,accepted,chat,80,1.27,1.207
p0003,heldout,2,accepted,chat,379,0.8785,0.7836
p0008,heldout,2,accepted,chat,95,1.221,1.133
p0008,heldout,4,accepted,chat,95,0.9592,0.8896
p0003,heldout,2,unreached,chat,390,0.7171,0.5897
p0008,heldout,1,accepted,chat,100,0.6858,0.5849
p0008,heldout,3,rejected,chat,100,0.9738,0.7841
p0003,heldout,2,rejected,chat,391,0.7525,0.6481
p0003,heldout,4,accepted,chat,393,0.8999,0.845
p0008,heldout,3,unreached,chat,105,1.218,1.091
p0008,heldout,2,unreached,chat,106,0.9423,0.8546
p0003,heldout,1,accepted,chat,400,0.9124,0.886
p0003,heldout,2,accepted,chat,400,1.076,1.045
p0008,heldout,2,accepted,chat,107,0.8898,0.8379
p0008,heldout,2,accepted,chat,110,0.9314,0.8638
p0003,heldout,1,accepted,chat,406,0.9055,0.8139
p0003,heldout,1,accepted,chat,408,0.8111,0.6911
p0003,heldout,4,unreached,chat,411,0.8302,0.719
p0010,heldout,1,accepted,chat,55,0.8141,0.7181
p0010,heldout,3,accepted,chat,55,0.8413,0.7067
p0003,heldout,1,rejected,chat,413,0.7656,0.6529
p0008,heldout,1,accepted,chat,125,0.7369,0.6426
p0010,heldout,1,accepted,chat,60,0.6875,0.584
p0010,heldout,2,accepted,chat,60,0.7864,0.6275
p0010,heldout,1,accepted,chat,65,0.8008,0.6991
p0010,heldout,2,accepted,chat,65,0.8775,0.8042
p0008,heldout,1,accepted,chat,135,0.7977,0.7348
p0008,heldout,3,accepted,chat,135,1.131,0.9302
p0008,heldout,4,accepted,chat,135,1.047,0.8427
p0008,heldout,3,accepted,chat,140,1.13,1.017
p0010,heldout,3,accepted,chat,72,0.7539,0.6656
p0008,heldout,1,accepted,chat,145,0.8204,0.6758
p0008,heldout,3,accepted,chat,145,1.068,0.8987
p0008,heldout,4,accepted,chat,145,1.037,0.9129
p0008,heldout,3,accepted,chat,150,1.088,0.9818
p0008,heldout,2,accepted,chat,155,1.124,1.11
p0008,heldout,3,accepted,chat,155,0.8825,0.8512
p0010,heldout,1,accepted,chat,84,0.7952,0.674
p0010,heldout,2,rejected,chat,84,0.7901,0.7836
p0010,heldout,3,unreached,chat,84,0.8934,0.7862
p0008,heldout,4,unreached,chat,161,1.153,1.065
p0010,heldout,3,unreached,chat,86,0.77,0.7132
p0008,heldout,3,accepted,chat,164,0.9613,0.8697
p0010,heldout,1,accepted,chat,88,0.7243,0.6863
p0010,heldout,2,rejected,chat,88,0.6994,0.6164
p0010,heldout,4,unreached,chat,88,0.8376,0.7709
p0010,heldout,4,unreached,chat,90,1.144,1.124
p0008,heldout,4,accepted,chat,173,0.9967,0.8757
p0008,heldout,1,accepted,chat,178,0.8607,0.7934
p0008,heldout,4,accepted,chat,178,1.343,1.252
p0010,heldout,1,accepted,chat,93,0.6703,0.6266
p0008,heldout,4,accepted,chat,183,0.9175,0.8439
p0010,heldout,3,unreached,chat,103,0.8573,0.7478
p0008,heldout,4,unreached,chat,189,0.9753,0.8673
p0010,heldout,3,accepted,chat,105,0.916,0.8204
p0008,heldout,1,accepted,chat,191,0.757,0.6559
p0008,heldout,1,accepted,chat,195,0.5983,0.4701
p0008,heldout,2,unreached,chat,198,0.9182,0.7853
p0010,heldout,1,rejected,chat,121,0.7381,0.6446
p0008,heldout,1,rejected,chat,200,0.7701,0.644
p0008,heldout,2,unreached,chat,200,0.8187,0.7764
p0008,heldout,4,unreached,chat,200,1.216,1.162
p0010,heldout,4,unreached,chat,122,0.793,0.7251
p0008,heldout,3,rejected,chat,201,0.8516,0.7554
p0010,heldout,1,accepted,chat,125,0.792,0.7239
p0010,heldout,3,unreached,chat,130,0.9109,0.8754
p0008,heldout,3,unreached,chat,209,0.8452,0.6955
p0010,heldout,3,unreached,chat,131,0.8953,0.8853
p0010,heldout,1,accepted,chat,132,0.5903,0.5428
p0010,heldout,3,accepted,chat,132,1.027,1.006
p0008,heldout,3,unreached,chat,211,0.8803,0.7352
p0010,heldout,1,accepted,chat,137,0.7255,0.6581
p0010,heldout,4,rejected,chat,137,0.881,0.8245
p0008,heldout,2,accepted,chat,216,0.9361,0.8687
p0010,heldout,1,accepted,chat,146,0.7053,0.6811
p0010,heldout,2,accepted,chat,146,0.9019,0.8673
p0010,heldout,4,unreached,chat,146,0.8043,0.7003
p0008,heldout,1,rejected,chat,220,0.7266,0.6143
p0008,heldout,4,unreached,chat,220,0.8451,0.733
p0008,heldout,3,unreached,chat,221,0.8553,0.6838
p0010,heldout,3,unreached,chat,153,0.9564,0.8558
p0008,heldout,2,accepted,chat,227,0.7889,0.6531
p0010,heldout,1,accepted,chat,154,0.9302,0.8733
p0008,heldout,1,accepted,chat,231,0.9264,0.8428
p0010,heldout,2,accepted,chat,159,0.825,0.777
p0010,heldout,3,accepted,chat,159,0.809,0.6974
p0008,heldout,4,accepted,chat,236,1.2,1.197
p0010,heldout,3,accepted,chat,164,0.8967,0.8642
p0010,heldout,4,accepted,chat,164,0.9154,0.8716
p0008,heldout,1,accepted,chat,241,0.9119,0.8072
p0008,heldout,3,accepted,chat,241,0.7231,0.6662
p0008,heldout,4,accepted,chat,241,0.9732,0.8739
p0008,heldout,3,unreached,chat,246,0.8551,0.7349
p0008,heldout,1,rejected,chat,247,0.863,0.774
p0008,heldout,3,unreached,chat,247,1.03,0.8953
p0008,heldout,2,unreached,chat,248,0.9135,0.7794
p0008,heldout,3,accepted,chat,249,1.026,0.8654
p0008,heldout,4,accepted,chat,249,1.054,0.9412
p0008,heldout,2,unreached,chat,254,1.022,0.9614
p0008,heldout,3,unreached,chat,255,1.106,1.065
p0008,heldout,2,unreached,chat,260,0.733,0.6273
p0008,heldout,3,unreached,chat,260,0.7634,0.6752
p0008,heldout,4,unreached,chat,260,1.125,1.051
p0008,heldout,2,accepted,chat,261,1.106,1.063
p0008,heldout,4,accepted,chat,266,1.014,0.8967
p0008,heldout,2,accepted,chat,271,0.745,0.634
p0008,heldout,1,accepted,chat,274,0.8045,0.6442
p0008,heldout,3,unreached,chat,274,0.9731,0.8092
p0008,heldout,1,accepted,chat,276,0.8422,0.7659
p0008,heldout,2,accepted,chat,276,1.017,0.9183
p0008,heldout,2,accepted,chat,279,0.96,0.7601
p0008,heldout,4,accepted,chat,279,0.9278,0.8315
p0008,heldout,2,accepted,chat,284,0.7883,0.6721
p0008,heldout,2,unreached,chat,289,0.8393,0.7508
p0008,heldout,1,accepted,chat,290,0.6629,0.5596
p0008,heldout,2,rejected,chat,290,0.7231,0.6399
p0008,heldout,4,unreached,chat,290,0.8344,0.729
p0008,heldout,1,accepted,chat,292,0.8476,0.7178
p0008,heldout,2,accepted,chat,301,0.7356,0.6834
p0008,heldout,4,unreached,chat,304,0.8668,0.8163
p0008,heldout,2,accepted,chat,307,0.8459,0.7646
p0008,heldout,3,accepted,chat,307,0.9147,0.8466
p0008,heldout,1,accepted,chat,312,0.6565,0.5647
p0008,heldout,1,accepted,chat,315,1.072,0.9932
p0008,heldout,3,unreached,chat,320,0.8948,0.7877
p0008,heldout,1,accepted,chat,328,1.175,1.026
p0008,heldout,3,accepted,chat,335,1.177,1.29
p0008,heldout,1,accepted,chat,345,0.5123,0.4813
p0008,heldout,3,unreached,chat,350,0.7958,0.6957
p0008,heldout,1,accepted,chat,352,0.7384,0.639
p0008,heldout,2,accepted,chat,352,1.013,0.956
p0008,heldout,4,accepted,chat,352,0.9331,0.8374
p0008,heldout,4,accepted,chat,357,1.165,1.098
p0008,heldout,4,unreached,chat,362,1.044,0.9678
p0008,heldout,4,unreached,chat,363,0.8562,0.6833
p0008,heldout,4,rejected,chat,365,0.9718,0.8964
p0008,heldout,2,unreached,chat,373,1.01,0.8793
p0008,heldout,4,unreached,chat,373,1.19,1.062
p0008,heldout,1,accepted,chat,374,0.9813,0.9837
p0008,heldout,1,accepted,chat,378,1.026,1.005
p0008,heldout,4,unreached,chat,385,0.9026,0.8541
p0008,heldout,4,unreached,chat,387,1.314,1.191
p0008,heldout,3,unreached,chat,388,0.9701,0.8532
p0008,heldout,2,accepted,chat,389,0.8805,0.8233
p0018,heldout,1,accepted,chat,53,1.04,0.8994
p0018,heldout,4,accepted,chat,53,0.9904,0.7959
p0008,heldout,2,rejected,chat,398,0.7831,0.675
p0008,heldout,4,unreached,chat,398,0.9207,0.8372
p0018,heldout,2,accepted,chat,58,0.7706,0.6248
p0018,heldout,4,accepted,chat,58,1.161,1.085
p0008,heldout,3,unreached,chat,400,0.9485,0.8336
p0008,heldout,4,unreached,chat,400,0.9082,0.8495
p0008,heldout,1,accepted,chat,401,0.6958,0.6208
p0008,heldout,3,accepted,chat,401,0.8221,0.7154
p0018,heldout,1,accepted,chat,64,0.8135,0.7196
p0018,heldout,2,accepted,chat,64,1.205,0.9871
p0008,heldout,1,rejected,chat,408,0.7292,0.6047
p0008,heldout,2,unreached,chat,408,0.7367,0.6062
p0008,heldout,3,unreached,chat,408,0.8422,0.7513
p0018,heldout,1,accepted,chat,74,1.059,0.8623
p0018,heldout,4,accepted,chat,74,1.318,1.127
p0008,heldout,3,unreached,chat,409,0.8682,0.7961
p0018,heldout,1,rejected,chat,79,0.7417,0.5447
p0018,heldout,2,accepted,chat,80,1.017,0.9209
p0008,heldout,1,rejected,chat,415,0.4784,0.411
p0008,heldout,3,unreached,chat,415,0.8783,0.7771
p0008,heldout,4,unreached,chat,415,0.9502,0.8207
p0018,heldout,2,accepted,chat,85,0.9304,0.8241
p0018,heldout,3,accepted,chat,85,1.174,1.099
p0018,heldout,4,accepted,chat,85,1.253,1.168
p0008,heldout,4,unreached,chat,416,0.8503,0.7652
p0018,heldout,2,accepted,chat,90,0.7053,0.6249
p0008,heldout,2,accepted,chat,417,0.8906,0.8124
p0008,heldout,3,accepted,chat,417,0.8839,0.7907
p0018,heldout,1,accepted,chat,95,0.7752,0.6999
p0008,heldout,3,unreached,chat,422,0.8928,0.7356
p0018,heldout,2,accepted,chat,100,1.02,0.8249
p0018,heldout,3,accepted,chat,100,1.137,1.046
p0018,heldout,4,accepted,chat,105,1.288,1.206
p0008,heldout,1,accepted,chat,429,0.8661,0.7192
p0008,heldout,3,unreached,chat,429,0.7847,0.6839
p0018,heldout,1,accepted,chat,110,1.032,0.8193
p0008,heldout,1,accepted,chat,431,0.7563,0.642
p0008,heldout,4,accepted,chat,431,1.163,1.166
p0018,heldout,3,accepted,chat,115,1.145,1.004
p0018,heldout,4,accepted,chat,115,1.119,0.9274
p0008,heldout,1,accepted,chat,436,1.225,1.069
p0018,heldout,2,accepted,chat,125,0.837,0.7434
p0018,heldout,3,accepted,chat,125,0.9401,0.8528
p0008,heldout,3,accepted,chat,444,1.115,1.057
p0018,heldout,4,accepted,chat,130,1.084,1.043
p0008,heldout,2,accepted,chat,449,0.8675,0.7295
p0008,heldout,3,accepted,chat,449,1.029,0.9174
p0018,heldout,1,accepted,chat,135,0.997,0.8118
p0018,heldout,2,accepted,chat,135,0.8472,0.7555
p0018,heldout,3,accepted,chat,135,0.6973,0.6324
p0018,heldout,1,accepted,chat,140,0.6553,0.5414
p0018,heldout,3,rejected,chat,140,0.8837,0.7818
p0020,heldout,2,accepted,chat,34,0.9591,0.844
p0020,heldout,4,unreached,chat,34,0.9619,0.8091
p0018,heldout,1,accepted,chat,143,0.867,0.731
p0020,heldout,3,unreached,chat,37,1.013,0.9687
p0018,heldout,1,rejected,chat,148,0.588,0.5163
p0020,heldout,2,rejected,chat,38,0.9617,0.8327
p0020,heldout,2,accepted,chat,40,0.8465,0.7662
p0018,heldout,3,accepted,chat,154,1.135,1.109
p0020,heldout,1,accepted,chat,44,0.7245,0.6749
p0021,heldout,1,accepted,chat,46,0.8368,0.701
p0020,heldout,4,unreached,chat,49,0.864,0.7275
p0021,heldout,1,accepted,chat,49,0.8013,0.7149
p0021,heldout,2,accepted,chat,49,1.053,0.8956
p0021,heldout,4,unreached,chat,49,0.9478,0.8627
p0018,heldout,3,accepted,chat,164,1.168,1.052
p0020,heldout,2,accepted,chat,52,1.002,0.9219
p0021,heldout,2,accepted,chat,52,1.021,0.8691
p0021,heldout,4,accepted,chat,52,0.9964,0.8552
p0022,heldout,1,rejected,chat,34,0.823,0.7256
p0022,heldout,3,unreached,chat,34,0.8533,0.7934
p0022,heldout,4,unreached,chat,34,0.9416,0.7938
p0018,heldout,2,accepted,chat,169,1.141,0.9936
p0020,heldout,2,accepted,chat,57,0.9285,0.8622
p0021,heldout,1,rejected,chat,57,0.8393,0.7665
p0018,heldout,1,accepted,chat,174,1.003,0.8094
p0018,heldout,4,accepted,chat,174,0.9188,0.8066
p0018,heldout,4,accepted,chat,179,1.152,1.142
p0020,heldout,1,accepted,chat,65,0.9466,0.902
p0021,heldout,3,accepted,chat,61,0.9697,0.9002
p0021,heldout,4,accepted,chat,61,1.03,0.8239
p0022,heldout,3,accepted,chat,42,0.9424,0.817
p0018,heldout,3,rejected,chat,184,0.9793,0.84
p0018,heldout,4,unreached,chat,184,1.059,1.041
p0020,heldout,3,rejected,chat,70,0.9339,0.8064
p0021,heldout,3,accepted,chat,66,1.002,1.036
p0018,heldout,3,accepted,chat,187,1.063,0.9884
p0018,heldout,4,accepted,chat,187,1.095,1.084
p0020,heldout,2,accepted,chat,73,0.8536,0.7602
p0020,heldout,4,accepted,chat,73,1.001,0.9149
p0021,heldout,2,accepted,chat,71,0.7606,0.6653
p0021,heldout,3,rejected,chat,71,0.9061,0.7844
p0022,heldout,4,unreached,chat,52,0.9504,0.8726
p0018,heldout,2,accepted,chat,192,1.185,1.057
p0018,heldout,4,rejected,chat,192,1.396,1.375
p0020,heldout,1,rejected,chat,78,0.714,0.5863
p0021,heldout,1,accepted,chat,74,0.9674,0.8258
p0021,heldout,2,accepted,chat,74,0.908,0.783
p0022,heldout,2,accepted,chat,55,0.8949,0.7685
p0018,heldout,2,accepted,chat,196,1.116,1.004
p0018,heldout,3,accepted,chat,196,1.134,1.082
p0021,heldout,2,accepted,chat,79,0.8376,0.7579
p0022,heldout,2,unreached,chat,58,0.8051,0.6896
p0018,heldout,4,rejected,chat,201,1.073,0.912
p0020,heldout,1,accepted,chat,84,0.5549,0.4734
p0021,heldout,1,accepted,chat,84,0.7502,0.5424
p0022,heldout,1,accepted,chat,59,0.6799,0.5741
p0018,heldout,2,accepted,chat,205,1.143,1.057
p0018,heldout,3,accepted,chat,205,1.146,1.015
p0020,heldout,3,unreached,chat,86,0.9162,0.785
p0022,heldout,1,rejected,chat,62,0.7242,0.6015
p0022,heldout,4,unreached,chat,63,1.063,1.06
p0020,heldout,2,accepted,chat,88,0.9046,0.7713
p0018,heldout,3,rejected,chat,219,0.6998,0.5945
p0018,heldout,4,unreached,chat,219,0.989,0.8216
p0021,heldout,2,accepted,chat,94,0.6396,0.5947
p0021,heldout,4,rejected,chat,94,0.9094,0.825
p0018,heldout,3,unreached,chat,222,0.8511,0.7265
p0020,heldout,3,unreached,chat,94,0.9894,0.8897
p0021,heldout,2,rejected,chat,98,0.9241,0.7964
p0022,heldout,3,rejected,chat,67,1.026,0.8978
p0018,heldout,1,accepted,chat,223,0.5628,0.4245
p0020,heldout,2,accepted,chat,95,0.9166,0.8068
p0021,heldout,3,accepted,chat,100,0.9762,0.8727
p0021,heldout,4,accepted,chat,100,0.8824,0.865
p0018,heldout,1,accepted,chat,228,1.103,0.9367
p0018,heldout,2,accepted,chat,228,1.172,1.069
p0020,heldout,4,unreached,chat,99,0.83,0.7409
p0021,heldout,1,accepted,chat,105,1.01,0.9685
p0021,heldout,2,accepted,chat,105,0.7925,0.7461
p0018,heldout,1,accepted,chat,233,1.073,0.889
p0020,heldout,3,accepted,chat,101,0.8736,0.733
p0022,heldout,4,unreached,chat,78,1.018,0.8994
p0018,heldout,2,accepted,chat,238,1.132,1.056
p0021,heldout,3,accepted,chat,111,0.9069,0.7797
p0018,heldout,1,accepted,chat,243,0.6929,0.5705
p0020,heldout,1,accepted,chat,107,0.6937,0.6369
p0021,heldout,1,accepted,chat,116,0.7128,0.6139
p0022,heldout,1,rejected,chat,82,0.8662,0.7548
p0022,heldout,3,unreached,chat,82,0.972,0.8152
p0020,heldout,2,accepted,chat,112,1.026,1.036
p0021,heldout,1,rejected,chat,119,0.8515,0.7175
p0018,heldout,1,accepted,chat,250,1.183,0.9307
p0018,heldout,2,accepted,chat,250,1.21,1.018
p0020,heldout,1,rejected,chat,116,0.8261,0.7215
p0021,heldout,3,unreached,chat,120,0.9498,0.8701
p0021,heldout,4,unreached,chat,120,0.9225,0.8428
p0022,heldout,1,accepted,chat,86,0.8176,0.7033
p0023,heldout,1,accepted,chat,186,1.304,1.171
p0023,heldout,2,accepted,chat,186,1.348,1.158
p0020,heldout,3,unreached,chat,117,0.978,0.9267
p0021,heldout,4,unreached,chat,122,1.016,0.9179
p0022,heldout,1,rejected,chat,89,0.8514,0.7272
p0022,heldout,3,unreached,chat,89,0.9002,0.8314
p0018,heldout,2,unreached,chat,260,0.9913,1.007
p0018,heldout,4,unreached,chat,260,1.194,1.042
p0020,heldout,2,rejected,chat,119,0.8517,0.7804
p0020,heldout,4,unreached,chat,119,1.033,0.9153
p0021,heldout,2,accepted,chat,125,0.9638,0.8806
p0021,heldout,3,accepted,chat,125,1.124,1.03
p0021,heldout,4,accepted,chat,125,1.079,0.9487
p0018,heldout,2,accepted,chat,261,1.044,0.9354
p0022,heldout,4,rejected,chat,95,1.052,0.9149
p0023,heldout,2,rejected,chat,201,1.006,0.9158
p0023,heldout,3,unreached,chat,201,1.14,1.028
p0023,heldout,4,unreached,chat,201,1.023,0.9057
p0018,heldout,1,accepted,chat,266,0.8153,0.6428
p0018,heldout,2,accepted,chat,266,0.959,0.9005
p0023,heldout,1,accepted,chat,203,1.145,1.042
p0018,heldout,3,accepted,chat,271,1.203,1.03
p0022,heldout,1,rejected,chat,101,0.7488,0.6585
p0023,heldout,2,accepted,chat,206,0.9415,0.8172
p0023,heldout,4,accepted,chat,206,1.042,0.8739
p0024,heldout,1,accepted,chat,215,0.9031,0.7335
p0024,heldout,4,unreached,chat,215,0.8822,0.7804
p0018,heldout,3,accepted,chat,276,1.166,1.016
p0020,heldout,1,accepted,chat,126,0.6329,0.532
p0020,heldout,3,accepted,chat,126,0.8045,0.7238
p0021,heldout,3,accepted,chat,138,1.158,1.08
p0024,heldout,2,rejected,chat,218,0.9661,0.8698
p0018,heldout,3,accepted,chat,281,0.7088,0.6022
p0020,heldout,1,accepted,chat,131,0.8405,0.7305
p0020,heldout,2,rejected,chat,131,0.8254,0.7027
p0021,heldout,1,accepted,chat,143,1.047,0.9391
p0021,heldout,3,accepted,chat,143,0.856,0.7654
p0022,heldout,3,accepted,chat,106,1.061,0.9744
p0023,heldout,4,accepted,chat,216,1.306,1.208
p0024,heldout,1,accepted,chat,220,0.5054,0.4117
p0024,heldout,2,accepted,chat,220,0.9067,0.7755
p0024,heldout,3,accepted,chat,220,0.9001,0.7954
p0018,heldout,1,accepted,chat,286,0.847,0.6253
p0018,heldout,2,accepted,chat,286,1.001,0.8286
p0020,heldout,2,unreached,chat,133,1.029,0.9954
p0022,heldout,1,accepted,chat,110,0.8925,0.7902
p0023,heldout,2,accepted,chat,221,0.888,0.729
p0023,heldout,3,accepted,chat,221,0.936,0.8399
p0024,heldout,4,accepted,chat,225,1.248,1.042
p0018,heldout,2,accepted,chat,291,1.213,1.056
p0021,heldout,2,unreached,chat,149,0.8382,0.7359
p0021,heldout,3,unreached,chat,149,1.094,1.049
p0023,heldout,4,accepted,chat,226,1.128,1.006
p0024,heldout,1,accepted,chat,230,0.5952,0.4761
p0024,heldout,3,accepted,chat,230,0.9368,0.8051
p0024,heldout,4,rejected,chat,230,1.233,1.112
p0020,heldout,1,accepted,chat,136,0.5822,0.4427
p0020,heldout,3,accepted,chat,136,0.8407,0.7107
p0021,heldout,2,unreached,chat,150,0.9218,0.7862
p0023,heldout,2,accepted,chat,231,0.9672,0.915
p0024,heldout,4,accepted,chat,234,1.023,0.8372
p0020,heldout,1,accepted,chat,140,0.7228,0.5757
p0021,heldout,1,accepted,chat,151,0.8251,0.7091
p0022,heldout,2,accepted,chat,115,1.038,0.9517
p0018,heldout,1,accepted,chat,306,0.6353,0.5295
p0020,heldout,2,accepted,chat,142,0.7379,0.5624
p0020,heldout,4,rejected,chat,142,0.9083,0.786
p0024,heldout,2,accepted,chat,244,1.102,0.9399
p0024,heldout,3,accepted,chat,244,1.138,1.083
p0024,heldout,4,accepted,chat,244,0.97,0.7874
p0018,heldout,2,accepted,chat,311,0.635,0.5298
p0018,heldout,3,accepted,chat,311,0.873,0.8433
p0020,heldout,3,unreached,chat,146,0.8711,0.7892
p0021,heldout,2,accepted,chat,156,0.8217,0.718
p0021,heldout,3,accepted,chat,156,1.156,1.102
p0022,heldout,3,unreached,chat,122,1.131,1.094
p0023,heldout,1,accepted,chat,246,0.7242,0.6136
p0023,heldout,2,rejected,chat,246,0.893,0.765
p0024,heldout,3,accepted,chat,249,0.9802,0.841
p0018,heldout,1,accepted,chat,316,0.9967,0.8626
p0018,heldout,4,accepted,chat,316,1.195,0.9722
p0023,heldout,4,unreached,chat,248,0.9807,0.8829
p0018,heldout,1,accepted,chat,321,0.9317,0.8375
p0018,heldout,3,accepted,chat,321,1.2,1.061
p0020,heldout,1,accepted,chat,149,1.07,1.007
p0020,heldout,2,accepted,chat,149,0.9952,0.9059
p0020,heldout,3,accepted,chat,149,0.8941,0.8412
p0020,heldout,4,accepted,chat,149,0.8536,0.7744
p0022,heldout,2,unreached,chat,128,1.068,1.047
p0022,heldout,3,unreached,chat,128,1.202,1.136
p0018,heldout,1,accepted,chat,326,1.201,1.101
p0020,heldout,3,accepted,chat,154,0.916,0.7599
p0022,heldout,3,rejected,chat,129,1.099,1.024
p0023,heldout,4,accepted,chat,255,1.054,0.8497
p0020,heldout,3,unreached,chat,159,1.033,0.9449
p0020,heldout,4,unreached,chat,159,1.025,1.004
p0023,heldout,2,accepted,chat,260,0.8924,0.7931
p0018,heldout,1,accepted,chat,336,1.025,0.9731
p0018,heldout,3,accepted,chat,336,1.189,1.073
p0020,heldout,3,unreached,chat,160,1.017,1.037
p0020,heldout,4,unreached,chat,160,0.987,0.9151
p0022,heldout,1,accepted,chat,137,0.7316,0.6114
p0022,heldout,2,accepted,chat,137,0.9065,0.8447
p0022,heldout,4,unreached,chat,137,0.9213,0.8879
p0023,heldout,2,accepted,chat,265,0.8004,0.7905
p0018,heldout,1,accepted,chat,341,0.9687,0.8312
p0018,heldout,4,accepted,chat,341,1.086,0.9488
p0021,heldout,3,unreached,chat,171,1,0.8629
p0023,heldout,2,accepted,chat,270,1.102,1.136
p0023,heldout,4,accepted,chat,270,1.183,1.198
p0021,heldout,1,accepted,chat,172,0.7296,0.6437
p0021,heldout,2,accepted,chat,172,0.7802,0.6971
p0021,heldout,4,accepted,chat,172,0.9983,0.8763
p0026,heldout,4,unreached,chat,272,1.121,1.023
p0020,heldout,2,rejected,chat,165,0.8901,0.8154
p0020,heldout,4,unreached,chat,165,1.014,0.8909
p0021,heldout,3,unreached,chat,177,0.9515,0.8466
p0021,heldout,4,unreached,chat,177,0.9937,0.8846
p0022,heldout,3,accepted,chat,143,1.212,1.109
p0026,heldout,3,accepted,chat,274,0.9545,0.8782
p0026,heldout,4,accepted,chat,274,1.235,1.211
p0027,heldout,2,accepted,chat,351,1.047,0.9566
p0027,heldout,3,accepted,chat,351,0.96,0.8865
p0020,heldout,2,accepted,chat,167,0.8465,0.8081
p0021,heldout,1,accepted,chat,178,0.8312,0.7468
p0023,heldout,3,accepted,chat,285,1.357,1.222
p0023,heldout,4,accepted,chat,285,1.254,1.132
p0026,heldout,2,accepted,chat,279,1.142,1.081
p0027,heldout,1,accepted,chat,356,0.7452,0.6627
p0027,heldout,2,accepted,chat,356,1.087,1.003
p0018,heldout,2,accepted,chat,361,1.303,1.197
p0023,heldout,2,accepted,chat,290,1.279,1.275
p0026,heldout,4,accepted,chat,283,1.377,1.133
p0027,heldout,3,unreached,chat,361,1.16,1.054
p0018,heldout,3,accepted,chat,366,1.075,0.9533
p0020,heldout,3,unreached,chat,173,0.9512,0.8431
p0020,heldout,4,unreached,chat,173,1.035,0.9754
p0021,heldout,3,unreached,chat,184,0.9332,0.8008
p0018,heldout,1,accepted,chat,371,1.098,0.8874
p0020,heldout,2,rejected,chat,174,0.9699,0.8991
p0021,heldout,3,unreached,chat,186,1.075,1.089
p0027,heldout,3,unreached,chat,365,0.9115,0.7932
p0028,heldout,1,accepted,chat,355,0.8877,0.8931
p0018,heldout,3,accepted,chat,376,1.355,1.214
p0020,heldout,1,accepted,chat,176,0.8257,0.719
p0021,heldout,2,accepted,chat,187,0.8731,0.7405
p0021,heldout,3,accepted,chat,187,0.9216,0.8841
p0021,heldout,4,rejected,chat,187,0.9519,0.9561
p0027,heldout,3,rejected,chat,367,0.9199,0.9067
p0027,heldout,4,unreached,chat,367,0.9535,0.8919
p0018,heldout,1,accepted,chat,381,0.878,0.8639
p0018,heldout,4,accepted,chat,381,1.118,1.089
p0022,heldout,1,accepted,chat,168,0.8659,0.777
p0022,heldout,3,accepted,chat,168,1.042,1.026
p0022,heldout,4,accepted,chat,168,1.186,1.095
p0023,heldout,3,accepted,chat,310,1,0.9599
p0023,heldout,4,rejected,chat,310,1.208,1.192
p0028,heldout,3,unreached,chat,365,1.012,1.117
p0018,heldout,4,accepted,chat,386,1.14,1.077
p0022,heldout,4,accepted,chat,173,1.193,1.122
p0023,heldout,3,accepted,chat,314,1.274,1.214
p0018,heldout,1,accepted,chat,391,1.051,0.9282
p0018,heldout,2,accepted,chat,391,0.9437,0.7965
p0021,heldout,3,rejected,chat,198,1.101,1.047
p0022,heldout,2,accepted,chat,178,1.176,1.071
p0022,heldout,3,accepted,chat,178,1.158,1.071
p0028,heldout,1,accepted,chat,371,1.012,0.9516
p0018,heldout,2,accepted,chat,395,1.099,0.9666
p0020,heldout,4,unreached,chat,190,0.9778,0.9309
p0021,heldout,2,accepted,chat,201,1.168,1.067
p0021,heldout,3,accepted,chat,201,1.082,1.021
p0021,heldout,4,accepted,chat,201,1.29,1.293
p0022,heldout,2,accepted,chat,183,1.01,0.8638
p0022,heldout,4,unreached,chat,183,1.029,0.9765
p0023,heldout,3,rejected,chat,322,0.8535,0.7914
p0023,heldout,4,unreached,chat,322,1.191,1.143
p0027,heldout,3,rejected,chat,377,0.9407,0.8264
p0028,heldout,2,accepted,chat,374,0.8736,0.9162
p0018,heldout,2,accepted,chat,399,1.021,0.9524
p0018,heldout,3,accepted,chat,399,1.055,1.069
p0018,heldout,4,accepted,chat,399,0.9496,0.8714
p0020,heldout,1,accepted,chat,191,0.7385,0.6858
p0020,heldout,4,unreached,chat,191,1.032,0.9635
p0021,heldout,2,accepted,chat,206,1.027,0.9315
p0021,heldout,3,rejected,chat,206,0.9281,0.8502
p0027,heldout,1,accepted,chat,380,0.7583,0.7217
p0027,heldout,4,accepted,chat,380,1.038,0.9878
p0028,heldout,1,accepted,chat,379,1.139,1.066
p0020,heldout,1,accepted,chat,194,0.8188,0.7771
p0021,heldout,4,unreached,chat,209,1.09,1.054
p0023,heldout,2,accepted,chat,330,1.089,1.029
p0023,heldout,4,unreached,chat,330,0.8717,0.858
p0018,heldout,4,accepted,chat,409,1.121,1.037
p0022,heldout,1,accepted,chat,189,0.832,0.7569
p0022,heldout,2,accepted,chat,189,0.7962,0.6832
p0023,heldout,3,unreached,chat,333,0.8726,0.7701
p0023,heldout,4,unreached,chat,333,0.7874,0.7116
p0027,heldout,4,accepted,chat,389,0.9517,0.8689
p0028,heldout,3,accepted,chat,387,1.202,1.217
p0018,heldout,2,rejected,chat,414,0.9458,0.8471
p0028,heldout,2,accepted,chat,392,1.194,1.131
p0028,heldout,3,accepted,chat,392,1.289,1.239
p0028,heldout,4,rejected,chat,392,1.256,1.186
p0020,heldout,1,accepted,chat,206,0.5822,0.4894
p0023,heldout,2,accepted,chat,340,0.9558,0.8902
p0027,heldout,4,accepted,chat,397,1.139,1.002
p0020,heldout,4,unreached,chat,211,0.9617,0.8234
p0021,heldout,1,rejected,chat,222,0.9062,0.7692
p0021,heldout,4,unreached,chat,222,0.9696,0.8175
p0022,heldout,4,unreached,chat,201,0.9356,0.8405
p0023,heldout,2,accepted,chat,344,1.145,1.078
p0027,heldout,3,accepted,chat,402,1.065,0.9647
p0028,heldout,3,accepted,chat,401,1.243,1.144
p0021,heldout,1,rejected,chat,223,0.8177,0.7073
p0022,heldout,4,rejected,chat,203,0.9495,0.9195
p0023,heldout,1,accepted,chat,349,0.9319,0.8168
p0027,heldout,4,unreached,chat,407,0.8817,0.7837
p0029,heldout,1,accepted,chat,54,1.028,0.9815
p0020,heldout,3,accepted,chat,213,0.9859,0.8221
p0021,heldout,1,accepted,chat,224,0.8729,0.7538
p0021,heldout,3,accepted,chat,224,0.966,0.9041
p0021,heldout,4,accepted,chat,224,0.929,0.8134
p0022,heldout,1,accepted,chat,207,1.126,1.101
p0022,heldout,4,unreached,chat,207,0.9543,0.8643
p0023,heldout,3,accepted,chat,354,1.279,1.182
p0028,heldout,3,accepted,chat,411,1.096,1.045
p0020,heldout,3,unreached,chat,218,0.9392,0.7893
p0022,heldout,4,unreached,chat,210,0.9032,0.822
p0028,heldout,1,accepted,chat,416,1.176,1.107
p0028,heldout,4,accepted,chat,416,1.117,1.032
p0029,heldout,1,accepted,chat,58,0.8123,0.7199
p0029,heldout,2,accepted,chat,58,0.953,0.8098
p0022,heldout,1,accepted,chat,211,0.8353,0.7438
p0022,heldout,2,rejected,chat,211,0.7557,0.6598
p0022,heldout,3,unreached,chat,211,0.9089,0.8092
p0023,heldout,2,accepted,chat,364,1.082,0.9557
p0027,heldout,2,accepted,chat,414,1.019,1.009
p0027,heldout,3,accepted,chat,414,1.28,1.254
p0027,heldout,4,accepted,chat,414,1.277,1.188
p0020,heldout,4,unreached,chat,224,0.9618,0.907
p0027,heldout,1,accepted,chat,419,0.5004,0.4286
p0029,heldout,4,unreached,chat,66,1.15,1.033
p0030,heldout,2,accepted,chat,31,0.8633,0.7474
p0030,heldout,3,accepted,chat,31,0.9191,0.7581
p0020,heldout,4,accepted,chat,227,1.177,1.061
p0021,heldout,4,unreached,chat,233,0.9265,0.9601
p0022,heldout,4,unreached,chat,215,0.9248,0.8068
p0023,heldout,2,accepted,chat,374,1.085,1.001
p0023,heldout,4,accepted,chat,374,1.161,1.009
p0027,heldout,3,rejected,chat,422,0.9701,0.8249
p0027,heldout,4,unreached,chat,422,0.912,0.7978
p0029,heldout,1,accepted,chat,69,1.017,0.8662
p0030,heldout,4,accepted,chat,36,0.8932,0.8775
p0020,heldout,1,accepted,chat,232,1.137,1.036
p0020,heldout,4,unreached,chat,232,0.8598,0.7641
p0021,heldout,3,unreached,chat,234,0.9201,0.9574
p0023,heldout,3,accepted,chat,379,1.116,0.9515
p0030,heldout,1,accepted,chat,41,0.5853,0.5106
p0030,heldout,4,rejected,chat,41,0.8928,0.8489
p0021,heldout,1,accepted,chat,235,0.866,0.8033
p0021,heldout,3,accepted,chat,235,1.103,1.016
p0021,heldout,4,rejected,chat,235,0.9884,0.8964
p0022,heldout,3,unreached,chat,220,0.9894,0.8893
p0022,heldout,4,unreached,chat,220,1.088,1.077
p0023,heldout,1,accepted,chat,384,0.7784,0.7545
p0023,heldout,3,accepted,chat,384,0.9713,0.7547
p0027,heldout,2,accepted,chat,430,1.058,0.8998
p0029,heldout,1,rejected,chat,75,0.8295,0.7093
p0030,heldout,2,accepted,chat,45,0.808,0.667
p0030,heldout,3,accepted,chat,45,1.026,0.8657
p0021,heldout,1,accepted,chat,239,0.8528,0.7317
p0021,heldout,2,accepted,chat,239,0.9747,0.8166
p0022,heldout,1,rejected,chat,221,0.7213,0.5968
p0023,heldout,2,accepted,chat,389,0.9906,0.9086
p0027,heldout,1,accepted,chat,435,1.121,1.01
p0027,heldout,2,accepted,chat,435,0.9365,0.7787
p0027,heldout,4,accepted,chat,435,1.331,1.245
p0029,heldout,4,accepted,chat,76,1.104,0.9781
p0030,heldout,1,accepted,chat,50,0.7111,0.6219
p0020,heldout,3,unreached,chat,237,0.9546,0.8477
p0020,heldout,4,unreached,chat,237,0.8876,0.725
p0022,heldout,1,accepted,chat,222,0.7817,0.7201
p0023,heldout,1,accepted,chat,394,0.926,0.8841
p0027,heldout,1,accepted,chat,440,0.9791,0.8554
p0027,heldout,2,accepted,chat,440,1.043,0.9394
p0029,heldout,2,accepted,chat,81,1.007,0.95
p0029,heldout,3,rejected,chat,81,0.9462,0.9275
p0030,heldout,1,rejected,chat,52,0.8422,0.6907
p0021,heldout,3,accepted,chat,245,0.9896,0.9569
p0021,heldout,4,rejected,chat,245,0.9538,0.8617
p0023,heldout,1,accepted,chat,399,0.8645,0.7575
p0023,heldout,3,accepted,chat,399,1.303,1.226
p0027,heldout,1,accepted,chat,445,0.5189,0.4319
p0030,heldout,1,accepted,chat,53,0.8245,0.7138
p0020,heldout,3,unreached,chat,241,0.9412,0.8374
p0021,heldout,1,accepted,chat,249,0.8207,0.7283
p0021,heldout,2,accepted,chat,249,0.9222,0.889
p0021,heldout,4,accepted,chat,249,0.9771,0.8635
p0027,heldout,4,accepted,chat,450,1.012,0.7323
p0029,heldout,1,accepted,chat,89,0.7785,0.6759
p0020,heldout,2,accepted,chat,242,0.955,0.8127
p0020,heldout,3,rejected,chat,242,0.9335,0.827
p0020,heldout,4,unreached,chat,242,0.9774,0.8284
p0022,heldout,1,accepted,chat,233,0.7696,0.7618
p0023,heldout,1,accepted,chat,409,0.7194,0.6
p0027,heldout,1,accepted,chat,455,0.7055,0.6264
p0022,heldout,2,accepted,chat,238,1.236,1.213
p0027,heldout,1,accepted,chat,460,0.9074,0.7913
p0030,heldout,1,accepted,chat,64,0.8863,0.7344
p0030,heldout,3,accepted,chat,64,1.032,0.9561
p0030,heldout,4,rejected,chat,64,0.9701,0.8391
p0020,heldout,2,accepted,chat,247,0.8562,0.7094
p0020,heldout,4,accepted,chat,247,0.9307,0.8272
p0022,heldout,3,accepted,chat,242,0.9099,0.7542
p0022,heldout,4,rejected,chat,242,0.94,0.8271
p0027,heldout,1,accepted,chat,462,0.8968,0.7882
p0027,heldout,3,accepted,chat,462,0.9864,0.8542
p0029,heldout,2,rejected,chat,98,0.8092,0.7885
p0029,heldout,3,unreached,chat,98,1.132,1.124
p0030,heldout,1,rejected,chat,68,0.8941,0.8149
p0030,heldout,3,unreached,chat,68,0.9154,0.7663
p0030,heldout,4,unreached,chat,68,0.9826,0.8534
p0020,heldout,4,unreached,chat,252,1.034,0.8845
p0021,heldout,1,accepted,chat,269,0.8099,0.7254
p0021,heldout,2,accepted,chat,269,0.8884,0.7613
p0022,heldout,1,accepted,chat,246,0.8281,0.7002
p0023,heldout,1,accepted,chat,423,1.046,0.9089
p0027,heldout,2,accepted,chat,467,0.849,0.7437
p0030,heldout,1,rejected,chat,69,0.9811,0.85
p0020,heldout,1,accepted,chat,254,0.8059,0.6599
p0021,heldout,2,accepted,chat,274,0.9051,0.8266
p0021,heldout,3,accepted,chat,274,0.9146,0.8943
p0022,heldout,2,accepted,chat,250,0.9157,0.8994
p0023,heldout,3,accepted,chat,427,1.032,1.024
p0027,heldout,1,accepted,chat,472,1.167,0.9807
p0027,heldout,3,accepted,chat,472,0.7131,0.6361
p0027,heldout,4,accepted,chat,472,0.9554,0.9219
p0029,heldout,3,accepted,chat,101,1.01,0.9008
p0029,heldout,4,accepted,chat,101,1.068,1.021
p0020,heldout,2,rejected,chat,256,0.8757,0.77
p0023,heldout,1,accepted,chat,432,0.7416,0.6256
p0023,heldout,2,accepted,chat,432,0.7671,0.6854
p0023,heldout,3,accepted,chat,432,0.8428,0.7508
p0027,heldout,2,accepted,chat,477,0.7236,0.6181
p0020,heldout,3,accepted,chat,258,0.976,0.8672
p0020,heldout,4,accepted,chat,258,0.8024,0.7294
p0021,heldout,3,accepted,chat,284,0.8,0.7499
p0021,heldout,4,accepted,chat,284,0.8181,0.773
p0023,heldout,1,accepted,chat,437,1.218,0.9515
p0027,heldout,1,accepted,chat,482,0.9389,0.9326
p0030,heldout,2,rejected,chat,76,1.059,0.9014
p0021,heldout,1,accepted,chat,289,0.9217,0.8173
p0021,heldout,2,accepted,chat,289,0.89,0.8851
p0023,heldout,3,accepted,chat,442,1.117,1.063
p0029,heldout,1,accepted,chat,115,0.7577,0.6145
p0020,heldout,4,unreached,chat,264,0.9051,0.7914
p0021,heldout,2,rejected,chat,292,1.069,1.017
p0021,heldout,3,unreached,chat,292,1.096,1.054
p0021,heldout,4,unreached,chat,292,1.056,1.002
p0022,heldout,2,accepted,chat,264,1.06,1.026
p0030,heldout,1,rejected,chat,79,0.8512,0.7341
p0030,heldout,3,unreached,chat,79,1.055,0.988
p0020,heldout,2,accepted,chat,266,0.9061,0.8772
p0020,heldout,4,rejected,chat,266,1.05,0.9464
p0021,heldout,3,accepted,chat,294,1.063,0.9755
p0022,heldout,2,accepted,chat,269,1.252,1.11
p0023,heldout,4,accepted,chat,452,1.25,1.137
p0020,heldout,3,accepted,chat,270,1.02,0.909
p0022,heldout,4,accepted,chat,274,1.106,1.077
p0023,heldout,4,accepted,chat,457,1.201,1.281
p0027,heldout,1,accepted,chat,499,0.8467,0.6689
p0027,heldout,3,unreached,chat,499,0.9152,0.7752
p0029,heldout,1,accepted,chat,127,0.633,0.5075
p0030,heldout,1,accepted,chat,81,0.8324,0.6843
p0020,heldout,4,rejected,chat,274,1.009,1.006
p0021,heldout,3,accepted,chat,304,1.062,0.905
p0022,heldout,2,accepted,chat,279,1.125,1.064
p0023,heldout,1,accepted,chat,462,0.8047,0.6148
p0023,heldout,4,accepted,chat,462,1.091,0.9801
p0027,heldout,1,accepted,chat,501,0.7553,0.6475
p0029,heldout,1,accepted,chat,130,0.8695,0.628
p0029,heldout,4,unreached,chat,130,1.035,0.8962
p0030,heldout,1,accepted,chat,83,0.8115,0.6867
p0021,heldout,1,accepted,chat,309,0.9287,0.7912
p0021,heldout,4,unreached,chat,309,0.9593,0.9717
p0027,heldout,2,accepted,chat,506,0.8612,0.754
p0029,heldout,3,unreached,chat,133,0.9377,0.8165
p0020,heldout,3,accepted,chat,281,0.9732,0.9418
p0021,heldout,1,accepted,chat,312,1.189,1.106
p0021,heldout,2,accepted,chat,312,0.9454,0.8082
p0022,heldout,1,accepted,chat,289,0.8405,0.8643
p0023,heldout,2,accepted,chat,472,1.135,1.009
p0027,heldout,2,accepted,chat,509,1.026,0.8925
p0029,heldout,1,accepted,chat,134,0.8721,0.7357
p0030,heldout,1,rejected,chat,87,0.7359,0.6311
p0022,heldout,2,accepted,chat,294,0.8734,0.7543
p0023,heldout,3,accepted,chat,477,0.9935,0.8507
p0027,heldout,1,accepted,chat,513,0.7499,0.6018
p0029,heldout,1,rejected,chat,137,0.5844,0.4531
p0029,heldout,4,unreached,chat,137,0.9583,0.7546
p0021,heldout,2,rejected,chat,320,0.9143,0.8076
p0022,heldout,1,accepted,chat,299,0.7565,0.6674
p0022,heldout,2,accepted,chat,299,0.9238,0.7613
p0022,heldout,3,accepted,chat,299,1.214,1.145
p0023,heldout,1,accepted,chat,482,0.9313,0.8293
p0023,heldout,3,accepted,chat,482,1.1,1.046
p0027,heldout,2,accepted,chat,518,1.064,0.9557
p0027,heldout,3,accepted,chat,518,1.121,1.024
p0029,heldout,1,accepted,chat,138,0.9396,0.8341
p0029,heldout,3,accepted,chat,138,1.196,1.071
p0029,heldout,4,accepted,chat,138,1.313,1.326
p0030,heldout,4,accepted,chat,90,0.8784,0.8055
p0020,heldout,1,accepted,chat,296,1.06,0.9498
p0021,heldout,1,accepted,chat,322,0.9243,0.8177
p0030,heldout,2,accepted,chat,95,1.136,1.076
p0020,heldout,2,accepted,chat,301,0.7843,0.6904
p0021,heldout,4,accepted,chat,324,0.9024,0.7748
p0022,heldout,2,accepted,chat,309,1.038,1.002
p0023,heldout,1,accepted,chat,492,0.7565,0.6534
p0023,heldout,3,accepted,chat,492,1.279,1.212
p0027,heldout,2,accepted,chat,527,0.8839,0.7439
p0027,heldout,4,accepted,chat,527,0.9027,0.8229
p0029,heldout,4,accepted,chat,148,0.967,0.9265
p0030,heldout,1,accepted,chat,100,0.9853,0.7885
p0030,heldout,2,accepted,chat,100,1.069,1.001
p0021,heldout,2,accepted,chat,329,1.192,1.152
p0023,heldout,1,accepted,chat,497,1.277,1.257
p0023,heldout,3,accepted,chat,497,1.119,0.994
p0029,heldout,2,unreached,chat,153,0.9291,0.7647
p0030,heldout,1,accepted,chat,105,1.013,0.9346
p0020,heldout,1,accepted,chat,311,0.8858,0.8261
p0021,heldout,1,rejected,chat,334,0.7893,0.7713
p0022,heldout,2,accepted,chat,319,0.8912,0.8085
p0022,heldout,4,accepted,chat,319,1.216,1.113
p0023,heldout,4,accepted,chat,502,1.222,1.053
p0030,heldout,4,unreached,chat,107,0.9425,0.8051
p0022,heldout,2,accepted,chat,324,1.093,1.117
p0023,heldout,2,accepted,chat,507,1.125,0.9424
p0027,heldout,1,accepted,chat,539,1.04,1.026
p0027,heldout,4,rejected,chat,539,0.9562,0.8536
p0030,heldout,1,rejected,chat,108,0.7008,0.5659
p0020,heldout,2,accepted,chat,320,0.8459,0.6855
p0021,heldout,3,rejected,chat,336,1.061,1.056
p0021,heldout,4,unreached,chat,336,1.034,1.011
p0022,heldout,4,accepted,chat,329,0.929,0.7151
p0023,heldout,3,accepted,chat,512,0.9408,0.9065
p0027,heldout,3,rejected,chat,543,0.9065,0.8318
p0027,heldout,4,unreached,chat,543,0.8564,0.7317
p0029,heldout,1,accepted,chat,157,0.8697,0.7454
p0029,heldout,2,rejected,chat,157,0.9845,0.8576
p0021,heldout,2,accepted,chat,339,1.061,1.045
p0022,heldout,1,accepted,chat,334,0.9959,0.9658
p0022,heldout,2,accepted,chat,334,1.106,1.075
p0022,heldout,4,accepted,chat,334,1.132,1.114
p0023,heldout,2,accepted,chat,517,1.061,0.9046
p0027,heldout,4,unreached,chat,546,0.987,0.851
p0029,heldout,2,rejected,chat,159,1.011,0.9084
p0021,heldout,3,accepted,chat,343,1.146,1.124
p0021,heldout,4,accepted,chat,343,1.207,1.059
p0022,heldout,4,accepted,chat,339,1.165,1.075
p0023,heldout,2,accepted,chat,522,0.7771,0.6198
p0027,heldout,1,accepted,chat,548,0.6535,0.5664
p0027,heldout,4,unreached,chat,548,0.9568,0.8374
p0030,heldout,2,rejected,chat,114,0.8583,0.7174
p0020,heldout,4,accepted,chat,330,1.068,0.8935
p0023,heldout,4,rejected,chat,525,0.8084,0.7668
p0030,heldout,3,accepted,chat,116,0.9827,0.8594
p0020,heldout,3,accepted,chat,335,1.03,0.9865
p0021,heldout,2,accepted,chat,352,1.176,1.163
p0021,heldout,3,accepted,chat,352,1.288,1.196
p0022,heldout,1,accepted,chat,349,1.034,1.029
p0022,heldout,2,accepted,chat,349,1.192,1.087
p0027,heldout,2,unreached,chat,552,0.7894,0.6516
p0027,heldout,4,unreached,chat,552,0.8332,0.7316
p0029,heldout,1,rejected,chat,165,0.9105,0.8198
p0021,heldout,3,accepted,chat,357,0.9665,0.9413
p0022,heldout,1,accepted,chat,354,0.6895,0.5776
p0027,heldout,2,rejected,chat,553,0.77,0.6491
p0030,heldout,4,unreached,chat,125,0.9174,0.8306
p0020,heldout,2,unreached,chat,344,0.9265,0.9189
p0021,heldout,2,accepted,chat,362,1.049,1.054
p0022,heldout,1,accepted,chat,359,0.8883,0.7187
p0022,heldout,4,unreached,chat,359,1.205,1.153
p0027,heldout,3,unreached,chat,555,1.222,1.218
p0020,heldout,3,unreached,chat,345,0.8757,0.8775
p0021,heldout,2,accepted,chat,365,1.053,0.9634
p0021,heldout,4,accepted,chat,365,1.013,0.9439
p0022,heldout,1,accepted,chat,362,0.9174,0.895
p0023,heldout,4,unreached,chat,543,0.8994,0.7887
p0029,heldout,4,unreached,chat,172,1.015,0.8727
p0020,heldout,1,accepted,chat,346,0.9807,1.045
p0020,heldout,3,unreached,chat,346,0.9,0.8536
p0021,heldout,1,accepted,chat,370,0.9129,0.8076
p0023,heldout,4,unreached,chat,546,0.7407,0.6814
p0029,heldout,2,rejected,chat,173,1.055,0.9614
p0030,heldout,2,accepted,chat,134,0.8469,0.7354
p0021,heldout,1,accepted,chat,375,0.8834,0.8301
p0022,heldout,3,accepted,chat,365,1.15,1.215
p0023,heldout,3,unreached,chat,549,0.8538,0.823
p0027,heldout,3,accepted,chat,567,1.125,0.9724
p0027,heldout,4,accepted,chat,567,0.9865,0.8537
p0029,heldout,1,accepted,chat,175,0.8764,0.7093
p0029,heldout,3,accepted,chat,175,1.134,1.105
p0030,heldout,1,rejected,chat,138,0.687,0.581
p0030,heldout,3,unreached,chat,138,1.056,0.974
p0020,heldout,4,accepted,chat,353,1.041,0.9722
p0023,heldout,1,rejected,chat,550,0.7216,0.6412
p0029,heldout,2,rejected,chat,180,0.8866,0.8383
p0029,heldout,3,unreached,chat,180,0.9269,0.9113
p0029,heldout,4,unreached,chat,180,1.013,0.9046
p0030,heldout,1,accepted,chat,139,0.8257,0.6973
p0021,heldout,1,accepted,chat,383,0.8236,0.7972
p0022,heldout,3,rejected,chat,375,0.9916,1.005
p0022,heldout,4,unreached,chat,375,0.9687,0.8714
p0023,heldout,4,unreached,chat,551,0.9415,0.8417
p0030,heldout,2,rejected,chat,142,0.8986,0.7221
p0020,heldout,1,accepted,chat,362,1.178,1.198
p0020,heldout,4,accepted,chat,362,1.178,1.03
p0021,heldout,1,accepted,chat,386,0.9723,0.9485
p0021,heldout,2,accepted,chat,386,1.098,1.048
p0021,heldout,4,accepted,chat,391,1.156,1.052
p0022,heldout,1,accepted,chat,383,1.028,0.96
p0023,heldout,1,accepted,chat,559,0.5318,0.4587
p0027,heldout,3,accepted,chat,584,0.8441,0.7997
p0027,heldout,4,accepted,chat,584,1.12,1.049
p0029,heldout,2,rejected,chat,190,1.259,1.223
p0030,heldout,1,accepted,chat,145,1.075,0.9146
p0030,heldout,2,rejected,chat,145,0.9229,0.8239
p0030,heldout,4,unreached,chat,145,1.058,1.093
p0023,heldout,1,accepted,chat,561,0.8906,0.8008
p0030,heldout,2,accepted,chat,147,0.8776,0.7266
p0030,heldout,3,accepted,chat,147,0.8758,0.7313
p0030,heldout,4,rejected,chat,147,0.8927,0.7603
p0021,heldout,3,accepted,chat,401,1.311,1.207
p0022,heldout,1,accepted,chat,392,0.9413,0.9025
p0022,heldout,4,accepted,chat,392,1.143,1.157
p0027,heldout,3,unreached,chat,594,0.9545,0.8181
p0027,heldout,4,unreached,chat,594,1.084,1.007
p0030,heldout,1,accepted,chat,151,0.7927,0.7163
p0030,heldout,3,accepted,chat,151,0.8406,0.7674
p0020,heldout,4,unreached,chat,380,1.022,0.9383
p0023,heldout,1,accepted,chat,564,0.728,0.6652
p0023,heldout,2,accepted,chat,564,0.8179,0.7249
p0023,heldout,4,accepted,chat,564,1.221,1.115
p0027,heldout,2,accepted,chat,596,0.9944,0.9169
p0030,heldout,1,accepted,chat,155,0.8563,0.7221
p0020,heldout,2,accepted,chat,381,1.164,1.153
p0021,heldout,3,rejected,chat,411,1.122,1.059
p0022,heldout,4,accepted,chat,402,1.283,1.252
p0027,heldout,2,accepted,chat,601,0.986,0.7609
p0027,heldout,4,rejected,chat,601,1.074,0.9747
p0029,heldout,1,accepted,chat,205,0.8058,0.698
p0029,heldout,4,unreached,chat,205,0.9965,0.8648
p0030,heldout,2,accepted,chat,160,0.738,0.6777
p0020,heldout,4,accepted,chat,384,1.044,0.9238
p0021,heldout,3,accepted,chat,414,1.109,1.001
p0022,heldout,1,accepted,chat,407,0.6495,0.5583
p0022,heldout,3,accepted,chat,407,1.039,0.954
p0022,heldout,4,accepted,chat,407,1.033,0.9958
p0029,heldout,3,unreached,chat,208,1.057,0.9423
p0031,heldout,2,unreached,chat,69,0.8157,0.6681
p0031,heldout,4,unreached,chat,69,1.097,0.9667
p0020,heldout,1,accepted,chat,389,0.5697,0.4635
p0021,heldout,1,accepted,chat,419,0.9361,0.8572
p0021,heldout,2,accepted,chat,419,1.11,1.012
p0021,heldout,3,accepted,chat,419,1.107,0.9266
p0022,heldout,1,accepted,chat,412,0.9234,0.8112
p0027,heldout,2,unreached,chat,610,1.055,0.9389
p0027,heldout,3,unreached,chat,610,1.038,0.9041
p0029,heldout,1,accepted,chat,209,0.9054,0.7684
p0020,heldout,2,unreached,chat,392,0.8978,0.834
p0020,heldout,3,unreached,chat,392,0.852,0.7428
p0029,heldout,1,accepted,chat,214,0.6915,0.5896
p0030,heldout,2,accepted,chat,172,0.9512,0.7992
p0030,heldout,4,rejected,chat,172,1.06,0.9501
p0031,heldout,1,accepted,chat,73,1.038,0.9079
p0031,heldout,4,unreached,chat,73,1.056,0.9227
p0020,heldout,3,unreached,chat,393,1.056,0.9421
p0020,heldout,4,unreached,chat,393,1.059,0.9372
p0027,heldout,2,accepted,chat,616,1.181,1.047
p0029,heldout,2,accepted,chat,216,1.129,1.116
p0029,heldout,3,rejected,chat,216,1.047,0.9378
p0029,heldout,4,unreached,chat,216,1.03,0.9397
p0032,heldout,4,rejected,chat,50,1.053,0.9748
p0027,heldout,1,accepted,chat,621,1.025,0.8707
p0029,heldout,1,accepted,chat,219,0.8476,0.7774
p0029,heldout,4,accepted,chat,219,0.9776,0.8336
p0031,heldout,1,accepted,chat,80,1.038,1.021
p0031,heldout,4,accepted,chat,80,1.114,1.117
p0027,heldout,1,accepted,chat,623,0.6948,0.5938
p0029,heldout,2,accepted,chat,224,1.212,1.097
p0030,heldout,2,rejected,chat,180,0.8987,0.8004
p0031,heldout,2,accepted,chat,85,1.009,0.8824
p0031,heldout,3,accepted,chat,85,0.9476,0.7618
p0032,heldout,1,rejected,chat,57,0.9457,0.8094
p0032,heldout,3,unreached,chat,57,1.081,0.9373
p0033,heldout,4,unreached,chat,47,1.071,0.9192
p0020,heldout,1,rejected,chat,403,0.6155,0.5135
p0020,heldout,3,unreached,chat,403,0.8428,0.7725
p0027,heldout,2,unreached,chat,627,0.991,0.9421
p0027,heldout,4,unreached,chat,627,0.9966,0.9018
p0030,heldout,1,accepted,chat,182,1.015,0.9077
p0030,heldout,4,accepted,chat,182,1.056,1.04
p0031,heldout,3,accepted,chat,90,1.054,1.057
p0033,heldout,4,unreached,chat,48,1.044,0.9145
p0020,heldout,1,accepted,chat,404,0.8886,0.8003
p0020,heldout,3,accepted,chat,404,1.04,0.9273
p0027,heldout,3,accepted,chat,628,0.9872,0.8184
p0029,heldout,1,accepted,chat,234,0.6325,0.549
p0030,heldout,3,unreached,chat,187,1.044,0.9064
p0031,heldout,3,unreached,chat,95,0.9669,0.8586
p0027,heldout,4,unreached,chat,633,0.789,0.6763
p0029,heldout,4,unreached,chat,237,1.036,0.9735
p0030,heldout,1,accepted,chat,189,0.9257,0.7992
p0031,heldout,1,accepted,chat,97,0.6696,0.5578
p0032,heldout,2,accepted,chat,68,0.91,0.7972
p0033,heldout,1,rejected,chat,52,0.807,0.7082
p0020,heldout,2,unreached,chat,414,0.8056,0.7549
p0020,heldout,3,unreached,chat,414,0.9974,0.9849
p0027,heldout,4,unreached,chat,634,0.8348,0.7417
p0029,heldout,1,accepted,chat,240,0.9768,0.9237
p0030,heldout,1,accepted,chat,192,0.6203,0.5446
p0032,heldout,1,accepted,chat,73,0.9507,0.8335
p0032,heldout,2,accepted,chat,73,0.9304,0.784
p0033,heldout,1,accepted,chat,53,0.651,0.5372
p0020,heldout,2,unreached,chat,415,0.9111,0.8152
p0029,heldout,1,accepted,chat,242,0.9819,0.916
p0029,heldout,3,accepted,chat,242,1.164,1.104
p0029,heldout,4,accepted,chat,242,1.113,1.01
p0030,heldout,1,accepted,chat,195,0.9156,0.8434
p0032,heldout,2,accepted,chat,76,0.9255,0.8229
p0032,heldout,4,rejected,chat,76,1.003,0.8712
p0033,heldout,4,unreached,chat,56,0.9446,0.8402
p0020,heldout,3,rejected,chat,416,0.979,0.9456
p0031,heldout,3,accepted,chat,106,1.143,1.139
p0032,heldout,2,accepted,chat,80,0.9669,0.8509
p0032,heldout,3,rejected,chat,80,0.9464,0.8112
p0033,heldout,2,unreached,chat,57,0.9553,0.827
p0027,heldout,1,accepted,chat,646,0.7879,0.6811
p0027,heldout,3,accepted,chat,646,0.9547,0.8843
p0029,heldout,1,accepted,chat,252,1.073,1.021
p0029,heldout,3,accepted,chat,252,1.104,1.094
p0029,heldout,4,rejected,chat,252,1.006,0.8656
p0030,heldout,3,accepted,chat,205,0.9833,0.8557
p0031,heldout,1,accepted,chat,111,0.9506,0.8653
p0032,heldout,4,unreached,chat,83,0.8753,0.7391
p0033,heldout,4,unreached,chat,58,0.9756,0.8342
p0027,heldout,1,accepted,chat,651,1.245,1.081
p0027,heldout,3,accepted,chat,651,0.8406,0.7114
p0031,heldout,2,rejected,chat,114,1.027,0.9299
p0031,heldout,4,unreached,chat,114,1.121,0.9763
p0034,heldout,2,accepted,chat,38,0.9814,0.8197
p0027,heldout,1,accepted,chat,656,0.9128,0.8105
p0027,heldout,4,accepted,chat,656,0.9174,0.7476
p0029,heldout,3,unreached,chat,258,0.9462,0.8602
p0030,heldout,2,accepted,chat,211,1.141,1.084
p0032,heldout,2,accepted,chat,89,1.075,1.063
p0033,heldout,4,accepted,chat,65,1.045,0.9208
p0034,heldout,1,accepted,chat,41,0.8663,0.8009
p0029,heldout,3,accepted,chat,259,1.038,0.9579
p0029,heldout,4,rejected,chat,259,1.073,0.9651
p0032,heldout,4,accepted,chat,94,1.216,1.151
p0033,heldout,1,accepted,chat,70,0.8175,0.7631
p0033,heldout,2,accepted,chat,70,0.7844,0.7265
p0034,heldout,2,accepted,chat,45,0.893,0.8231
p0034,heldout,3,accepted,chat,45,0.9161,0.8137
p0027,heldout,3,accepted,chat,666,1.039,0.9502
p0027,heldout,4,accepted,chat,666,0.9124,0.8689
p0029,heldout,2,rejected,chat,263,0.914,0.8522
p0030,heldout,1,accepted,chat,218,1.026,0.902
p0030,heldout,3,unreached,chat,218,1.158,1.149
p0031,heldout,1,accepted,chat,122,1.004,0.9647
p0034,heldout,1,accepted,chat,49,0.8237,0.6879
p0029,heldout,3,accepted,chat,265,1.066,1.027
p0029,heldout,4,accepted,chat,265,0.9094,0.8636
p0031,heldout,3,rejected,chat,127,0.864,0.7427
p0033,heldout,3,unreached,chat,77,1.042,0.9318
p0034,heldout,3,unreached,chat,53,1.102,0.997
p0027,heldout,4,accepted,chat,676,0.9692,0.7497
p0030,heldout,3,accepted,chat,225,1.122,1.01
p0029,heldout,1,accepted,chat,274,1.092,1.066
p0029,heldout,2,rejected,chat,274,1.149,1.124
p0030,heldout,2,rejected,chat,229,1.011,0.8581
p0030,heldout,3,unreached,chat,229,1.113,0.9648
p0030,heldout,4,unreached,chat,229,1.055,0.8949
p0031,heldout,1,rejected,chat,132,0.9731,0.9401
p0031,heldout,3,unreached,chat,132,0.9431,0.8264
p0031,heldout,4,unreached,chat,132,1.013,0.9122
p0032,heldout,1,rejected,chat,107,0.8105,0.6787
p0032,heldout,2,unreached,chat,107,0.8764,0.7432
p0032,heldout,4,unreached,chat,107,1.142,0.9821
p0033,heldout,1,accepted,chat,80,1.071,0.9741
p0027,heldout,1,accepted,chat,682,0.8234,0.6097
p0031,heldout,1,accepted,chat,133,0.7741,0.6802
p0032,heldout,4,unreached,chat,108,1.002,0.8752
p0033,heldout,1,accepted,chat,85,0.8105,0.729
p0033,heldout,4,unreached,chat,85,0.8304,0.7367
p0027,heldout,1,accepted,chat,687,0.7791,0.6776
p0027,heldout,2,accepted,chat,687,1.023,0.9646
p0029,heldout,1,accepted,chat,277,0.7736,0.712
p0031,heldout,2,unreached,chat,136,0.8648,0.7712
p0032,heldout,1,accepted,chat,109,0.8335,0.708
p0032,heldout,2,rejected,chat,109,0.8943,0.725
p0033,heldout,3,unreached,chat,88,0.9206,0.7757
p0034,heldout,2,rejected,chat,65,0.9393,0.8533
p0029,heldout,1,accepted,chat,279,0.9736,0.9685
p0031,heldout,3,unreached,chat,137,1.095,1.089
p0033,heldout,3,unreached,chat,90,0.8909,0.8208
p0029,heldout,3,unreached,chat,281,0.8386,0.7934
p0030,heldout,2,unreached,chat,246,0.8712,0.7298
p0030,heldout,3,unreached,chat,246,0.8808,0.7712
p0027,heldout,1,accepted,chat,698,0.5965,0.512
p0027,heldout,3,accepted,chat,698,1.038,0.8851
p0032,heldout,2,unreached,chat,116,0.9458,0.7846
p0032,heldout,3,unreached,chat,116,1.01,0.8872
p0032,heldout,4,unreached,chat,116,0.9696,0.8466
p0033,heldout,1,accepted,chat,94,0.7567,0.6665
p0034,heldout,3,accepted,chat,72,0.9874,0.8792
p0027,heldout,2,unreached,chat,702,0.9004,0.7851
p0027,heldout,3,unreached,chat,702,0.9545,0.7704
p0027,heldout,4,unreached,chat,702,0.9408,0.8507
p0029,heldout,2,unreached,chat,284,1.117,1.027
p0029,heldout,3,unreached,chat,284,0.9501,0.8327
p0030,heldout,1,accepted,chat,249,0.7979,0.7273
p0030,heldout,2,accepted,chat,249,1.04,1.058
p0031,heldout,2,accepted,chat,146,1.04,1.004
p0032,heldout,2,accepted,chat,117,0.8528,0.7615
p0034,heldout,2,accepted,chat,77,0.8926,0.7677
p0029,heldout,3,unreached,chat,285,1.022,0.9063
p0030,heldout,1,accepted,chat,254,1.096,1.104
p0030,heldout,2,accepted,chat,254,0.936,0.8533
p0031,heldout,4,unreached,chat,150,1.005,0.8864
p0032,heldout,1,accepted,chat,121,0.9401,0.7821
p0033,heldout,1,rejected,chat,100,0.8198,0.7119
p0034,heldout,1,accepted,chat,81,0.8517,0.7288
p0034,heldout,3,unreached,chat,81,1.049,0.9475
p0034,heldout,4,unreached,chat,81,1.101,0.9958
p0027,heldout,2,rejected,chat,705,0.7545,0.7064
p0029,heldout,1,accepted,chat,286,1.132,1.03
p0031,heldout,2,accepted,chat,151,0.9698,0.913
p0032,heldout,1,accepted,chat,124,0.8622,0.6889
p0032,heldout,4,accepted,chat,124,1.09,0.9942
p0033,heldout,3,accepted,chat,101,0.9153,0.7737
p0034,heldout,1,accepted,chat,83,0.9664,0.8667
p0027,heldout,3,unreached,chat,707,0.8861,0.7787
p0029,heldout,3,unreached,chat,289,0.8851,0.811
p0030,heldout,2,accepted,chat,264,0.9708,0.8821
p0030,heldout,4,rejected,chat,264,1.149,1.134
p0031,heldout,2,rejected,chat,156,0.972,0.884
p0032,heldout,2,accepted,chat,129,0.8673,0.7563
p0032,heldout,3,accepted,chat,129,0.8672,0.8195
p0034,heldout,4,unreached,chat,85,0.9744,0.8197
p0029,heldout,1,accepted,chat,290,0.735,0.65
p0031,heldout,1,accepted,chat,158,0.9086,0.8389
p0032,heldout,3,accepted,chat,134,1.048,1.031
p0033,heldout,2,accepted,chat,108,1.087,0.9652
p0029,heldout,4,accepted,chat,292,1.065,1.052
p0030,heldout,2,accepted,chat,273,1.055,1.003
p0030,heldout,3,accepted,chat,273,1.096,1.07
p0029,heldout,3,accepted,chat,297,0.8251,0.6853
p0030,heldout,1,accepted,chat,278,1.066,0.9621
p0030,heldout,2,accepted,chat,278,1.006,0.9557
p0030,heldout,3,accepted,chat,278,1.01,0.9631
p0029,heldout,4,accepted,chat,302,0.9408,0.9537
p0032,heldout,3,unreached,chat,143,1.015,0.9037
p0033,heldout,1,rejected,chat,120,0.9437,0.7814
p0033,heldout,2,unreached,chat,120,1.007,0.875
p0033,heldout,3,unreached,chat,120,1.032,0.8891
p0033,heldout,4,unreached,chat,120,1.037,0.9222
p0034,heldout,3,unreached,chat,97,0.8983,0.7442
p0029,heldout,1,accepted,chat,307,1.054,0.9993
p0030,heldout,2,accepted,chat,288,1.129,1.082
p0032,heldout,2,accepted,chat,144,0.9706,0.9254
p0033,heldout,4,unreached,chat,121,1.046,0.8725
p0034,heldout,4,unreached,chat,98,0.9989,0.9798
p0027,heldout,4,accepted,chat,727,0.8601,0.7669
p0030,heldout,4,accepted,chat,293,1.203,1.216
p0031,heldout,2,accepted,chat,178,1.044,1.036
p0032,heldout,3,unreached,chat,147,1.198,1.108
p0034,heldout,2,accepted,chat,99,0.7745,0.6757
p0034,heldout,3,accepted,chat,99,1.018,1.001
p0029,heldout,4,rejected,chat,313,1.042,0.9491
p0030,heldout,1,accepted,chat,298,1.108,1.093
p0032,heldout,1,accepted,chat,149,1.03,0.9115
p0029,heldout,1,rejected,chat,317,0.7959,0.6588
p0030,heldout,1,accepted,chat,303,1.041,1.03
p0030,heldout,2,accepted,chat,303,0.9784,0.9218
p0031,heldout,1,accepted,chat,186,0.9737,0.8529
p0031,heldout,3,rejected,chat,186,1.036,0.9346
p0031,heldout,4,unreached,chat,186,1.04,0.9162
p0032,heldout,2,unreached,chat,153,0.9586,0.8215
p0034,heldout,3,unreached,chat,105,0.991,0.8082
p0034,heldout,4,unreached,chat,105,0.9731,0.856
p0036,heldout,2,accepted,chat,32,1.277,1.117
p0036,heldout,3,accepted,chat,32,1.336,1.197
p0029,heldout,1,accepted,chat,318,0.8879,0.7957
p0031,heldout,4,rejected,chat,189,1.171,1.135
p0032,heldout,3,unreached,chat,154,0.982,0.8949
p0033,heldout,2,accepted,chat,129,0.9335,0.7984
p0036,heldout,1,accepted,chat,37,1.054,0.9353
p0031,heldout,3,accepted,chat,193,1.059,0.9202
p0032,heldout,3,rejected,chat,155,0.9197,0.8204
p0034,heldout,1,accepted,chat,107,0.7351,0.6149
p0036,heldout,3,unreached,chat,42,1.383,1.359
p0029,heldout,1,accepted,chat,325,1.144,0.9838
p0029,heldout,3,accepted,chat,325,1.036,1.077
p0030,heldout,2,unreached,chat,314,0.8529,0.7024
p0032,heldout,1,accepted,chat,158,0.9037,0.7858
p0034,heldout,1,accepted,chat,109,1.043,0.9286
p0029,heldout,1,accepted,chat,329,0.9972,0.9931
p0029,heldout,4,unreached,chat,329,1.196,1.127
p0031,heldout,2,accepted,chat,202,1.151,1.094
p0031,heldout,3,accepted,chat,202,1.134,1.174
p0033,heldout,2,accepted,chat,141,1.019,0.858
p0034,heldout,1,accepted,chat,114,0.7263,0.5941
p0034,heldout,3,accepted,chat,114,0.9101,0.7343
p0036,heldout,1,accepted,chat,45,0.8207,0.6672
p0030,heldout,3,unreached,chat,318,0.9187,0.744
p0031,heldout,1,rejected,chat,207,0.6557,0.586
p0032,heldout,2,accepted,chat,165,0.7803,0.7112
p0034,heldout,1,accepted,chat,119,1.306,1.209
p0034,heldout,4,accepted,chat,119,1.239,1.213
p0029,heldout,2,rejected,chat,333,1.232,1.237
p0030,heldout,3,rejected,chat,320,1.019,0.851
p0031,heldout,2,unreached,chat,208,1.058,0.9858
p0033,heldout,2,accepted,chat,148,1.3,1.192
p0034,heldout,1,accepted,chat,124,1.158,1.093
p0034,heldout,4,unreached,chat,124,0.8739,0.7823
p0036,heldout,2,accepted,chat,55,1.013,0.9575
p0031,heldout,1,accepted,chat,209,0.9396,0.8863
p0032,heldout,2,accepted,chat,175,0.9159,0.7401
p0032,heldout,3,accepted,chat,175,1.136,0.9898
p0033,heldout,1,accepted,chat,151,1.147,1.094
p0030,heldout,2,rejected,chat,325,0.9109,0.7886
p0031,heldout,3,rejected,chat,214,0.9495,0.8209
p0033,heldout,1,accepted,chat,156,0.5975,0.4974
p0033,heldout,3,rejected,chat,156,1.118,1.096
p0036,heldout,3,accepted,chat,65,1.028,0.8393
p0030,heldout,2,rejected,chat,327,0.9042,0.8027
p0031,heldout,2,accepted,chat,217,0.9418,0.8042
p0032,heldout,1,accepted,chat,185,0.9721,0.8321
p0032,heldout,3,accepted,chat,185,1.068,0.8832
p0034,heldout,1,accepted,chat,137,0.9612,0.901
p0034,heldout,2,accepted,chat,137,0.9672,0.8326
p0029,heldout,2,accepted,chat,342,1.004,0.9666
p0029,heldout,4,accepted,chat,342,1.112,1.064
p0030,heldout,3,accepted,chat,329,1.111,0.9642
p0032,heldout,1,accepted,chat,190,0.7837,0.6914
p0032,heldout,4,accepted,chat,190,0.9644,0.811
p0036,heldout,1,accepted,chat,75,1.01,0.9289
p0036,heldout,3,accepted,chat,75,1.345,1.238
p0031,heldout,1,accepted,chat,227,0.7794,0.7445
p0031,heldout,2,accepted,chat,227,1.08,1.109
p0031,heldout,4,accepted,chat,227,1.114,1.041
p0029,heldout,2,accepted,chat,352,1.069,0.9608
p0029,heldout,3,accepted,chat,352,1.134,1.007
p0031,heldout,4,accepted,chat,232,1.163,1.13
p0032,heldout,4,accepted,chat,200,0.9282,0.8924
p0033,heldout,2,accepted,chat,170,0.8969,0.7208
p0034,heldout,1,accepted,chat,148,0.6585,0.5617
p0034,heldout,2,accepted,chat,148,1.054,0.9295
p0036,heldout,1,accepted,chat,85,0.7185,0.5637
p0036,heldout,3,accepted,chat,85,1.153,1.054
p0036,heldout,4,accepted,chat,85,1.249,1.133
p0030,heldout,4,unreached,chat,336,0.9963,0.8494
p0033,heldout,1,accepted,chat,173,1.073,0.9413
p0036,heldout,2,accepted,chat,90,1.055,1.033
p0033,heldout,2,accepted,chat,175,0.898,0.7995
p0034,heldout,4,accepted,chat,153,1.049,0.9204
p0036,heldout,3,rejected,chat,93,0.8337,0.767
p0031,heldout,1,accepted,chat,246,1.042,0.9961
p0032,heldout,1,accepted,chat,212,0.69,0.5832
p0034,heldout,3,accepted,chat,158,1.181,1.177
p0029,heldout,1,accepted,chat,372,0.941,0.8263
p0029,heldout,3,accepted,chat,372,1.011,0.9122
p0029,heldout,4,accepted,chat,372,1.006,0.8899
p0030,heldout,3,unreached,chat,349,0.9914,0.8971
p0032,heldout,2,rejected,chat,215,0.8509,0.7134
p0033,heldout,4,unreached,chat,181,1.016,0.8573
p0034,heldout,4,unreached,chat,163,1.106,1.052
p0030,heldout,2,unreached,chat,350,0.9784,0.8893
p0031,heldout,1,accepted,chat,256,1.055,1.02
p0031,heldout,4,accepted,chat,256,0.9138,0.8605
p0032,heldout,4,unreached,chat,217,1.098,0.9384
p0033,heldout,2,rejected,chat,183,0.8401,0.8039
p0036,heldout,1,accepted,chat,98,0.7505,0.5872
p0031,heldout,1,accepted,chat,261,0.9298,0.8478
p0031,heldout,3,rejected,chat,261,0.9686,0.8516
p0032,heldout,1,accepted,chat,218,0.6921,0.5428
p0032,heldout,4,unreached,chat,218,0.9182,0.8175
p0033,heldout,2,accepted,chat,185,1.17,1.031
p0033,heldout,4,rejected,chat,185,0.9901,0.816
p0034,heldout,2,accepted,chat,167,0.9318,0.8694
p0034,heldout,4,rejected,chat,167,1.035,0.9407
p0036,heldout,3,accepted,chat,103,0.9824,0.9498
p0029,heldout,2,accepted,chat,387,0.8023,0.7454
p0029,heldout,4,accepted,chat,387,1.006,0.8716
p0036,heldout,2,accepted,chat,108,0.9003,0.7757
p0029,heldout,2,accepted,chat,392,0.843,0.7992
p0029,heldout,4,rejected,chat,392,0.9994,0.854
p0030,heldout,4,unreached,chat,360,0.8836,0.7684
p0032,heldout,3,accepted,chat,223,0.8735,0.7126
p0033,heldout,1,accepted,chat,191,0.7027,0.5719
p0036,heldout,2,accepted,chat,112,0.8511,0.7526
p0029,heldout,2,accepted,chat,396,1.046,0.9361
p0030,heldout,2,unreached,chat,361,0.8865,0.7929
p0030,heldout,4,unreached,chat,361,1.09,1.07
p0031,heldout,2,accepted,chat,270,0.9692,0.9234
p0034,heldout,2,accepted,chat,175,0.8889,0.7913
p0029,heldout,1,accepted,chat,399,0.8284,0.7374
p0029,heldout,2,rejected,chat,399,0.9327,0.875
p0030,heldout,1,accepted,chat,362,0.815,0.7129
p0031,heldout,2,accepted,chat,273,1.064,1.036
p0033,heldout,4,unreached,chat,196,0.9343,0.8085
p0034,heldout,1,accepted,chat,178,0.8298,0.692
p0034,heldout,4,unreached,chat,178,1.035,0.9109
p0029,heldout,3,accepted,chat,401,1.07,1.011
p0029,heldout,4,rejected,chat,401,1.075,1.051
p0031,heldout,4,accepted,chat,278,1.095,1.006
p0032,heldout,3,unreached,chat,232,1.039,0.9712
p0033,heldout,1,accepted,chat,197,0.8567,0.6948
p0034,heldout,2,accepted,chat,181,0.9416,0.8334
p0036,heldout,2,accepted,chat,126,1.169,1.113
p0036,heldout,4,accepted,chat,126,1.164,1.122
p0029,heldout,3,accepted,chat,405,1.198,1.24
p0030,heldout,2,accepted,chat,367,1.096,1.003
p0030,heldout,3,accepted,chat,367,1.079,0.9969
p0031,heldout,2,accepted,chat,283,1.117,0.9863
p0033,heldout,2,rejected,chat,202,0.8659,0.7461
p0033,heldout,4,unreached,chat,202,0.8478,0.7639
p0029,heldout,2,accepted,chat,409,0.9693,0.8559
p0029,heldout,4,accepted,chat,409,1.205,1.06
p0030,heldout,4,unreached,chat,372,1.04,0.9684
p0031,heldout,3,accepted,chat,288,1.096,1.059
p0031,heldout,4,accepted,chat,288,1.13,1.039
p0033,heldout,1,accepted,chat,204,0.6866,0.5935
p0033,heldout,3,rejected,chat,204,0.882,0.7199
p0036,heldout,3,accepted,chat,133,1.129,1.107
p0029,heldout,3,accepted,chat,414,1.007,0.8886
p0029,heldout,4,rejected,chat,414,1.043,0.9199
p0034,heldout,1,accepted,chat,191,0.8565,0.6588
p0029,heldout,3,rejected,chat,418,1.065,0.9685
p0029,heldout,4,unreached,chat,418,1.004,0.8846
p0030,heldout,2,accepted,chat,380,0.848,0.7615
p0031,heldout,4,accepted,chat,298,1.094,1.098
p0032,heldout,1,accepted,chat,245,0.5881,0.55
p0033,heldout,4,unreached,chat,209,0.8797,0.8135
p0034,heldout,2,unreached,chat,193,0.9983,0.9117
p0034,heldout,4,unreached,chat,193,1.002,0.8897
p0036,heldout,1,rejected,chat,141,0.8814,0.7515
p0029,heldout,4,unreached,chat,421,1.043,0.9181
p0030,heldout,2,accepted,chat,385,0.8589,0.8288
p0032,heldout,2,rejected,chat,250,0.9592,0.8708
p0033,heldout,1,rejected,chat,212,0.9236,0.835
p0033,heldout,3,unreached,chat,212,0.9598,0.7975
p0034,heldout,4,unreached,chat,194,0.9055,0.8017
p0036,heldout,2,accepted,chat,142,0.9735,0.8773
p0029,heldout,3,accepted,chat,424,0.9258,0.8104
p0029,heldout,4,rejected,chat,424,1.029,0.987
p0030,heldout,2,rejected,chat,388,0.8333,0.7199
p0031,heldout,2,rejected,chat,307,0.9248,0.867
p0031,heldout,3,unreached,chat,307,1.03,0.9384
p0032,heldout,2,accepted,chat,252,0.9183,0.9009
p0033,heldout,4,unreached,chat,213,0.9273,0.7895
p0034,heldout,1,accepted,chat,196,0.9053,0.8274
p0034,heldout,4,rejected,chat,196,1.013,0.9124
p0029,heldout,4,accepted,chat,428,1.237,1.172
p0030,heldout,3,unreached,chat,390,0.8838,0.8748
p0032,heldout,1,accepted,chat,257,0.8562,0.7355
p0034,heldout,3,unreached,chat,200,0.9719,0.8347
p0036,heldout,1,accepted,chat,147,1.047,0.9655
p0029,heldout,2,rejected,chat,433,0.8644,0.7151
p0029,heldout,4,unreached,chat,433,1.085,0.9716
p0030,heldout,2,accepted,chat,392,0.9266,0.8355
p0030,heldout,3,accepted,chat,392,1.016,0.8949
p0031,heldout,1,accepted,chat,314,1.007,0.8563
p0031,heldout,2,accepted,chat,314,0.9968,0.8567
p0032,heldout,2,accepted,chat,262,0.9273,0.941
p0033,heldout,1,rejected,chat,219,0.4816,0.4216
p0029,heldout,3,accepted,chat,435,1.071,0.9817
p0030,heldout,2,rejected,chat,397,1.222,1.209
p0031,heldout,4,unreached,chat,318,1.005,0.9019
p0032,heldout,1,accepted,chat,266,1.033,0.946
p0032,heldout,3,rejected,chat,266,0.9588,0.8674
p0034,heldout,1,accepted,chat,207,0.6011,0.5594
p0030,heldout,2,rejected,chat,399,1.213,1.175
p0030,heldout,3,unreached,chat,399,0.8993,0.8754
p0031,heldout,2,rejected,chat,319,0.9015,0.8155
p0030,heldout,4,accepted,chat,401,1.278,1.229
p0034,heldout,1,accepted,chat,213,0.9702,0.9106
p0034,heldout,3,accepted,chat,213,1.062,1.053
p0030,heldout,1,accepted,chat,406,1.284,1.165
p0031,heldout,1,accepted,chat,325,0.8256,0.6823
p0031,heldout,3,accepted,chat,325,0.9812,0.8231
p0032,heldout,1,accepted,chat,274,0.7514,0.6151
p0032,heldout,3,accepted,chat,274,0.9596,0.8606
p0034,heldout,1,rejected,chat,218,0.6865,0.5951
p0034,heldout,2,unreached,chat,218,1.072,1.058
p0036,heldout,1,accepted,chat,163,0.875,0.7756
p0036,heldout,2,accepted,chat,163,1.019,1.041
p0036,heldout,3,accepted,chat,163,1.051,0.9842
p0030,heldout,3,rejected,chat,411,0.8664,0.8055
p0031,heldout,1,accepted,chat,330,0.9169,0.6997
p0032,heldout,3,unreached,chat,279,0.7828,0.676
p0034,heldout,2,unreached,chat,219,0.9692,0.8568
p0034,heldout,4,unreached,chat,219,1.057,0.9574
p0036,heldout,2,accepted,chat,168,1.075,1.047
p0036,heldout,3,accepted,chat,168,1.023,0.9306
p0033,heldout,2,rejected,chat,240,0.975,0.8394
p0033,heldout,3,unreached,chat,240,1.059,0.922
p0034,heldout,3,unreached,chat,220,0.947,0.8405
p0036,heldout,2,accepted,chat,173,0.8042,0.695
p0031,heldout,1,accepted,chat,336,0.8045,0.6721
p0034,heldout,2,accepted,chat,222,1.162,1.002
p0036,heldout,3,unreached,chat,176,1.141,1.074
p0031,heldout,1,accepted,chat,338,0.9313,0.8089
p0032,heldout,2,accepted,chat,284,1.083,0.9761
p0032,heldout,3,rejected,chat,284,1.02,0.9133
p0033,heldout,3,accepted,chat,243,0.9399,0.8298
p0034,heldout,2,rejected,chat,225,0.9444,0.817
p0034,heldout,3,unreached,chat,225,0.9537,0.8404
p0036,heldout,3,accepted,chat,177,1.154,1.058
p0031,heldout,2,accepted,chat,342,0.9546,0.9288
p0031,heldout,3,accepted,chat,342,1.031,0.9687
p0031,heldout,4,accepted,chat,342,0.9124,0.7799
p0032,heldout,1,accepted,chat,287,0.7768,0.6795
p0032,heldout,2,rejected,chat,287,1.009,0.9219
p0032,heldout,4,unreached,chat,287,0.9111,0.866
p0033,heldout,2,accepted,chat,247,1.035,0.9007
p0031,heldout,2,rejected,chat,347,0.8104,0.6699
p0032,heldout,2,accepted,chat,289,1.116,1.045
p0033,heldout,1,rejected,chat,250,0.7773,0.6659
p0033,heldout,4,unreached,chat,250,1.038,0.8987
p0038,heldout,1,accepted,chat,32,0.7615,0.6655
p0038,heldout,2,accepted,chat,32,0.8809,0.782
p0031,heldout,2,accepted,chat,349,1.042,0.8027
p0031,heldout,3,accepted,chat,349,0.9982,0.8128
p0032,heldout,2,accepted,chat,294,1.251,1.214
p0036,heldout,1,rejected,chat,188,1.035,0.9224
p0036,heldout,2,unreached,chat,188,0.955,0.8076
p0038,heldout,3,unreached,chat,37,0.909,0.7857
p0032,heldout,1,accepted,chat,299,1.11,1.003
p0032,heldout,3,accepted,chat,299,1.059,0.958
p0033,heldout,4,accepted,chat,252,1.009,0.8924
p0036,heldout,3,unreached,chat,189,0.962,0.8777
p0031,heldout,4,unreached,chat,358,0.9955,0.8848
p0033,heldout,1,accepted,chat,257,0.9913,0.8591
p0036,heldout,2,accepted,chat,191,1.102,1.061
p0036,heldout,4,accepted,chat,191,1.193,1.136
p0032,heldout,4,accepted,chat,308,1.038,0.9908
p0033,heldout,1,rejected,chat,260,0.9054,0.7928
p0033,heldout,4,unreached,chat,260,0.9802,0.8366
p0036,heldout,2,accepted,chat,196,0.8097,0.706
p0036,heldout,3,accepted,chat,196,0.9173,0.8349
p0036,heldout,4,accepted,chat,196,0.7322,0.623
p0031,heldout,3,unreached,chat,362,0.9289,0.8616
p0033,heldout,3,accepted,chat,261,0.966,0.8456
p0033,heldout,4,rejected,chat,261,1.007,0.88
p0036,heldout,3,unreached,chat,201,0.944,0.8999
p0038,heldout,4,unreached,chat,44,0.8912,0.7716
p0031,heldout,2,accepted,chat,364,1.03,1.003
p0032,heldout,3,unreached,chat,318,0.9364,0.838
p0032,heldout,4,unreached,chat,318,0.9729,0.8745
p0034,heldout,1,accepted,chat,245,0.8532,0.7121
p0034,heldout,3,accepted,chat,245,1.198,1.078
p0036,heldout,2,accepted,chat,202,0.9231,0.8506
p0038,heldout,1,accepted,chat,46,0.7653,0.663
p0032,heldout,2,accepted,chat,320,0.9347,0.8444
p0032,heldout,3,accepted,chat,320,0.9103,0.8183
p0032,heldout,4,rejected,chat,320,0.963,0.8893
p0033,heldout,3,unreached,chat,267,1.065,0.918
p0034,heldout,3,unreached,chat,250,1.04,0.9811
p0038,heldout,3,unreached,chat,48,0.9071,0.8034
p0031,heldout,4,accepted,chat,371,1.083,0.8898
p0032,heldout,2,accepted,chat,324,0.807,0.7143
p0033,heldout,3,unreached,chat,268,0.997,0.896
p0033,heldout,4,unreached,chat,268,1.152,1.069
p0034,heldout,1,accepted,chat,252,0.8829,0.8092
p0034,heldout,2,rejected,chat,252,0.9638,0.885
p0034,heldout,3,unreached,chat,252,0.9333,0.8565
p0036,heldout,2,rejected,chat,212,0.7871,0.7141
p0036,heldout,4,unreached,chat,212,1.053,1.035
p0038,heldout,2,rejected,chat,49,0.9268,0.8197
p0031,heldout,1,accepted,chat,376,0.9433,0.8722
p0032,heldout,1,accepted,chat,327,0.7747,0.7194
p0034,heldout,1,rejected,chat,254,0.8797,0.7894
p0034,heldout,4,unreached,chat,254,0.967,0.8431
p0038,heldout,2,accepted,chat,51,0.9289,0.8246
p0038,heldout,3,rejected,chat,51,1.027,0.9039
p0032,heldout,2,accepted,chat,330,0.925,0.7958
p0033,heldout,1,accepted,chat,270,0.8883,0.7616
p0032,heldout,3,accepted,chat,335,1.055,0.9632
p0032,heldout,4,accepted,chat,335,1.046,1.045
p0033,heldout,1,accepted,chat,273,0.8882,0.8103
p0034,heldout,4,unreached,chat,258,0.8505,0.7623
p0036,heldout,1,accepted,chat,219,0.9675,0.805
p0038,heldout,1,rejected,chat,57,0.9068,0.8966
p0032,heldout,1,rejected,chat,340,0.7154,0.6169
p0032,heldout,3,unreached,chat,340,1.074,1.04
p0034,heldout,1,accepted,chat,260,0.9553,0.8394
p0034,heldout,2,accepted,chat,260,1.042,0.9445
p0036,heldout,1,accepted,chat,222,0.7815,0.6379
p0032,heldout,4,accepted,chat,341,1.006,0.9687
p0033,heldout,1,rejected,chat,279,0.7995,0.6955
p0033,heldout,4,unreached,chat,279,0.8919,0.8217
p0036,heldout,1,accepted,chat,224,0.7257,0.6071
p0036,heldout,3,unreached,chat,224,0.7358,0.6637
p0038,heldout,1,rejected,chat,63,0.8366,0.8093
p0032,heldout,2,rejected,chat,346,0.8254,0.7032
p0032,heldout,4,unreached,chat,346,0.8973,0.8145
p0033,heldout,4,unreached,chat,280,0.9584,0.8666
p0036,heldout,2,accepted,chat,226,0.8913,0.8396
p0038,heldout,3,accepted,chat,64,1.339,1.256
p0031,heldout,1,accepted,chat,391,0.9133,0.8196
p0031,heldout,2,accepted,chat,391,1.117,1.085
p0031,heldout,4,accepted,chat,391,1.042,0.9811
p0032,heldout,1,accepted,chat,348,0.848,0.7457
p0034,heldout,1,accepted,chat,267,0.8936,0.771
p0036,heldout,3,accepted,chat,231,1.069,0.9396
p0038,heldout,3,accepted,chat,68,0.9689,0.7976
p0038,heldout,4,rejected,chat,68,0.9799,0.8022
p0031,heldout,2,accepted,chat,396,0.8938,0.7704
p0031,heldout,4,accepted,chat,396,1.041,0.9077
p0032,heldout,1,accepted,chat,353,0.9132,0.8493
p0032,heldout,3,accepted,chat,353,1.033,0.97
p0033,heldout,4,accepted,chat,286,0.926,0.8318
p0034,heldout,3,unreached,chat,272,0.9631,0.8617
p0036,heldout,2,rejected,chat,236,0.7418,0.6591
p0038,heldout,1,accepted,chat,72,0.8577,0.7285
p0031,heldout,1,accepted,chat,401,0.9644,0.7601
p0032,heldout,2,rejected,chat,358,0.8315,0.797
p0033,heldout,1,accepted,chat,291,0.9388,0.8784
p0033,heldout,2,accepted,chat,291,1.119,0.9366
p0033,heldout,4,rejected,chat,291,1.01,0.8646
p0036,heldout,4,unreached,chat,238,1.151,0.9868
p0038,heldout,2,unreached,chat,76,0.9486,0.8329
p0038,heldout,4,unreached,chat,76,0.9656,0.8077
p0032,heldout,2,accepted,chat,360,1.034,0.9418
p0032,heldout,4,unreached,chat,360,1.082,0.9716
p0033,heldout,3,accepted,chat,295,0.9152,0.7989
p0033,heldout,4,accepted,chat,295,0.984,0.8329
p0034,heldout,3,rejected,chat,275,0.9734,0.8784
p0038,heldout,2,accepted,chat,77,0.9463,0.8235
p0038,heldout,3,rejected,chat,77,0.9167,0.7791
p0031,heldout,2,accepted,chat,407,1.205,1.119
p0031,heldout,4,accepted,chat,407,0.975,0.8426
p0032,heldout,2,accepted,chat,363,1.002,0.9495
p0032,heldout,3,accepted,chat,363,1.073,0.9434
p0032,heldout,4,accepted,chat,363,0.9423,0.8214
p0034,heldout,4,rejected,chat,278,0.9001,0.7904
p0031,heldout,1,accepted,chat,412,0.8031,0.8129
p0031,heldout,3,accepted,chat,412,0.9698,0.8989
p0034,heldout,4,accepted,chat,282,1.204,1.103
p0036,heldout,4,unreached,chat,247,0.8287,0.7498
p0038,heldout,3,unreached,chat,82,1.056,0.9061
p0032,heldout,2,accepted,chat,373,1.001,0.8713
p0033,heldout,1,rejected,chat,304,0.788,0.6965
p0034,heldout,4,rejected,chat,287,0.8976,0.7757
p0036,heldout,4,unreached,chat,250,1.073,0.9608
p0031,heldout,3,accepted,chat,422,1.042,1.018
p0031,heldout,4,accepted,chat,422,1.025,0.9263
p0032,heldout,1,accepted,chat,378,0.7602,0.6056
p0033,heldout,1,accepted,chat,305,0.7748,0.651
p0033,heldout,3,unreached,chat,305,0.9383,0.815
p0033,heldout,4,unreached,chat,305,0.9192,0.7812
p0034,heldout,2,accepted,chat,291,1.122,1.083
p0034,heldout,3,accepted,chat,291,0.9239,0.8197
p0036,heldout,3,accepted,chat,252,1.123,1.06
p0031,heldout,1,accepted,chat,427,1.146,1.108
p0036,heldout,2,accepted,chat,257,0.8327,0.7625
p0036,heldout,3,accepted,chat,257,1.022,0.9033
p0038,heldout,3,unreached,chat,87,0.971,0.8136
p0031,heldout,3,accepted,chat,432,1.058,1.064
p0032,heldout,3,accepted,chat,388,0.9852,0.8914
p0034,heldout,1,accepted,chat,296,0.8546,0.714
p0034,heldout,3,rejected,chat,296,1.041,0.9123
p0036,heldout,1,rejected,chat,262,0.5573,0.4879
p0036,heldout,4,unreached,chat,262,0.9179,0.8485
p0038,heldout,2,accepted,chat,88,0.8722,0.7443
p0032,heldout,4,accepted,chat,393,1.077,1.036
p0033,heldout,3,accepted,chat,312,0.9649,0.8726
p0034,heldout,2,unreached,chat,299,0.8985,0.8406
p0036,heldout,2,accepted,chat,263,1.087,0.9859
p0036,heldout,3,rejected,chat,263,1.142,1.086
p0036,heldout,4,unreached,chat,263,1.175,1.095
p0038,heldout,3,unreached,chat,93,0.8536,0.7306
p0031,heldout,1,accepted,chat,442,0.9868,0.9468
p0031,heldout,4,accepted,chat,442,1.016,0.8848
p0032,heldout,2,accepted,chat,398,0.9652,0.9063
p0034,heldout,3,accepted,chat,300,0.9816,0.867
p0036,heldout,1,accepted,chat,266,0.7168,0.6934
p0033,heldout,3,rejected,chat,319,0.9375,0.8135
p0034,heldout,4,unreached,chat,304,0.9065,0.7584
p0036,heldout,2,accepted,chat,268,1.145,1.065
p0038,heldout,1,rejected,chat,97,0.8771,0.7561
p0038,heldout,3,unreached,chat,97,0.9224,0.798
p0038,heldout,4,unreached,chat,97,0.9961,0.9606
p0034,heldout,1,accepted,chat,305,0.9789,0.9567
p0038,heldout,4,unreached,chat,98,1.013,0.947
p0033,heldout,4,unreached,chat,325,0.8796,0.8169
p0034,heldout,1,rejected,chat,307,0.8065,0.7016
p0034,heldout,2,unreached,chat,307,0.996,0.8909
p0034,heldout,3,unreached,chat,307,0.9769,0.8578
p0036,heldout,3,unreached,chat,275,0.8864,0.7506
p0032,heldout,4,accepted,chat,416,1.026,0.9246
p0033,heldout,2,accepted,chat,326,1.141,0.9802
p0034,heldout,4,unreached,chat,308,0.963,0.8737
p0032,heldout,1,accepted,chat,421,0.705,0.5714
p0033,heldout,4,rejected,chat,329,0.9853,0.8998
p0034,heldout,2,unreached,chat,309,1.157,1.123
p0038,heldout,1,accepted,chat,105,0.811,0.6939
p0032,heldout,4,unreached,chat,423,1.038,0.8817
p0033,heldout,1,accepted,chat,333,0.7049,0.6307
p0034,heldout,1,rejected,chat,310,1.073,0.9586
p0034,heldout,3,unreached,chat,310,0.9767,0.8988
p0036,heldout,3,accepted,chat,282,0.9628,0.8843
p0032,heldout,3,accepted,chat,426,1.152,1.003
p0033,heldout,4,accepted,chat,337,1.022,0.9021
p0036,heldout,3,unreached,chat,287,1.059,1.072
p0032,heldout,2,rejected,chat,431,1.028,0.8501
p0032,heldout,3,unreached,chat,431,0.8655,0.7279
p0032,heldout,4,unreached,chat,431,0.9605,0.8463
p0033,heldout,2,accepted,chat,342,0.9652,0.919
p0034,heldout,2,accepted,chat,313,1.12,1.055
p0036,heldout,2,rejected,chat,288,0.8941,0.8056
p0038,heldout,3,rejected,chat,113,0.9731,0.9473
p0034,heldout,1,accepted,chat,316,0.6682,0.5656
p0034,heldout,2,rejected,chat,316,0.7236,0.6018
p0038,heldout,1,accepted,chat,116,0.9016,0.8037
p0038,heldout,4,unreached,chat,116,0.9721,0.8626
p0038,heldout,4,unreached,chat,118,0.9501,0.8625
p0034,heldout,2,unreached,chat,319,0.9807,0.8714
p0036,heldout,1,rejected,chat,293,0.6418,0.5287
p0036,heldout,4,unreached,chat,293,1.159,1.014
p0038,heldout,1,accepted,chat,119,0.7325,0.6947
p0033,heldout,2,accepted,chat,355,0.975,0.8692
p0033,heldout,3,rejected,chat,355,0.9011,0.7618
p0038,heldout,2,accepted,chat,124,0.9539,0.919
p0033,heldout,1,rejected,chat,358,0.8623,0.739
p0034,heldout,1,accepted,chat,321,0.7022,0.5844
p0034,heldout,3,rejected,chat,321,0.9827,0.8576
p0034,heldout,4,unreached,chat,321,0.9337,0.8236
p0036,heldout,3,accepted,chat,295,1.138,0.9927
p0036,heldout,4,rejected,chat,295,1.073,0.9469
p0033,heldout,4,unreached,chat,359,0.7967,0.7218
p0034,heldout,4,unreached,chat,324,0.9885,0.9241
p0036,heldout,3,unreached,chat,299,0.8763,0.8394
p0038,heldout,3,accepted,chat,130,0.9831,0.9478
p0038,heldout,4,rejected,chat,130,0.975,0.9792
p0033,heldout,3,rejected,chat,360,0.8158,0.662
p0033,heldout,4,unreached,chat,360,0.8026,0.7255
p0034,heldout,3,unreached,chat,327,0.8871,0.7422
p0036,heldout,1,rejected,chat,301,0.7237,0.6046
p0038,heldout,1,rejected,chat,134,1.224,1.199
p0038,heldout,4,unreached,chat,134,0.9643,0.8585
p0033,heldout,2,accepted,chat,363,0.7799,0.7146
p0034,heldout,4,rejected,chat,328,1.01,1.015
p0038,heldout,1,accepted,chat,135,0.9665,0.9281
p0038,heldout,3,unreached,chat,135,0.9816,0.8763
p0033,heldout,1,accepted,chat,368,0.5563,0.5069
p0033,heldout,3,unreached,chat,368,0.792,0.6871
p0036,heldout,3,unreached,chat,305,0.8505,0.7153
p0036,heldout,4,unreached,chat,305,0.8675,0.7478
p0038,heldout,3,unreached,chat,137,0.9669,0.9319
p0033,heldout,1,accepted,chat,370,0.745,0.6297
p0034,heldout,1,accepted,chat,337,0.5108,0.4023
p0034,heldout,2,accepted,chat,337,0.8339,0.7124
p0034,heldout,3,accepted,chat,337,0.9077,0.8006
p0034,heldout,4,rejected,chat,337,0.8018,0.7111
p0038,heldout,2,rejected,chat,139,1.067,1.097
p0034,heldout,3,unreached,chat,341,0.8408,0.7109
p0038,heldout,2,accepted,chat,141,1.075,0.9815
p0033,heldout,1,accepted,chat,374,0.9345,0.7804
p0033,heldout,3,rejected,chat,374,0.8779,0.8193
p0033,heldout,4,unreached,chat,374,0.9514,0.9384
p0034,heldout,1,accepted,chat,342,1.044,1.032
p0036,heldout,1,rejected,chat,311,0.5803,0.4805
p0036,heldout,3,unreached,chat,311,0.8035,0.7516
p0038,heldout,4,unreached,chat,144,0.972,0.8811
p0033,heldout,2,unreached,chat,377,0.9242,0.8718
p0036,heldout,4,unreached,chat,312,1.06,1.013
p0038,heldout,2,unreached,chat,145,0.8588,0.7821
p0033,heldout,2,rejected,chat,378,1.044,0.903
p0033,heldout,3,unreached,chat,378,1.013,0.9053
p0033,heldout,4,unreached,chat,378,0.9819,0.9438
p0034,heldout,2,accepted,chat,348,1.08,0.9809
p0033,heldout,2,rejected,chat,380,0.8787,0.7561
p0033,heldout,3,unreached,chat,380,0.8594,0.7289
p0034,heldout,2,unreached,chat,351,0.8927,0.7485
p0034,heldout,4,unreached,chat,351,1.036,0.9431
p0036,heldout,1,accepted,chat,315,1.045,1.104
p0036,heldout,2,accepted,chat,315,1.16,1.09
p0033,heldout,3,unreached,chat,382,1.083,0.9569
p0036,heldout,3,rejected,chat,320,0.7959,0.6709
p0038,heldout,4,unreached,chat,150,1.139,1.003
p0036,heldout,3,unreached,chat,323,0.8755,0.7882
p0038,heldout,1,rejected,chat,153,0.6764,0.5902
p0034,heldout,1,accepted,chat,360,0.8142,0.6806
p0036,heldout,2,unreached,chat,324,0.7114,0.6493
p0038,heldout,2,accepted,chat,154,0.8687,0.7632
p0033,heldout,2,accepted,chat,391,0.8703,0.7275
p0034,heldout,2,unreached,chat,364,0.9619,0.8118
p0034,heldout,3,unreached,chat,364,1.105,0.9712
p0034,heldout,4,unreached,chat,364,0.9724,0.8463
p0036,heldout,3,unreached,chat,325,0.9034,0.7837
p0036,heldout,4,unreached,chat,325,0.8658,0.8286
p0038,heldout,1,accepted,chat,157,1.059,0.9533
p0038,heldout,2,rejected,chat,157,0.8944,0.8006
p0033,heldout,3,accepted,chat,396,0.8792,0.8218
p0034,heldout,3,rejected,chat,370,0.8828,0.785
p0038,heldout,3,unreached,chat,160,0.9737,0.8803
p0038,heldout,3,accepted,chat,162,0.8865,0.765
p0034,heldout,2,accepted,chat,374,0.6862,0.5878
p0034,heldout,3,rejected,chat,374,0.9393,0.8452
p0033,heldout,1,accepted,chat,405,1.03,0.956
p0033,heldout,4,unreached,chat,405,0.8573,0.7296
p0033,heldout,1,accepted,chat,408,1.052,0.978
p0033,heldout,2,accepted,chat,408,1.169,1.09
p0033,heldout,3,accepted,chat,408,1.14,0.994
p0036,heldout,1,rejected,chat,344,0.6768,0.5913
p0038,heldout,3,accepted,chat,174,0.9414,0.8173
p0034,heldout,4,accepted,chat,386,1.192,1.174
p0036,heldout,3,unreached,chat,345,0.7989,0.6744
p0038,heldout,3,unreached,chat,179,0.8269,0.7809
p0033,heldout,1,accepted,chat,417,0.8822,0.7847
p0033,heldout,4,accepted,chat,417,1.006,0.8753
p0034,heldout,1,accepted,chat,391,1.204,1.174
p0034,heldout,3,accepted,chat,391,1.34,1.303
p0038,heldout,3,accepted,chat,181,0.999,0.9139
p0038,heldout,4,rejected,chat,181,1.001,0.9796
p0033,heldout,1,accepted,chat,422,0.8102,0.6908
p0034,heldout,1,accepted,chat,396,1.126,1.068
p0034,heldout,1,accepted,chat,401,1.187,1.127
p0034,heldout,2,rejected,chat,404,1.393,1.35
p0034,heldout,4,unreached,chat,404,1.17,1.095
p0036,heldout,1,rejected,chat,354,1.184,1.17
p0036,heldout,2,unreached,chat,354,1.283,1.195
p0036,heldout,4,unreached,chat,354,1.174,1.184
p0034,heldout,1,accepted,chat,406,0.8695,0.7482
p0038,heldout,2,accepted,chat,195,0.8043,0.7406
p0034,heldout,3,rejected,chat,410,1.06,0.9531
p0036,heldout,1,accepted,chat,360,0.9095,0.8205
p0038,heldout,3,unreached,chat,198,0.9033,0.8349
p0038,heldout,2,accepted,chat,199,0.9901,0.9112
p0038,heldout,3,accepted,chat,199,0.919,0.81
p0036,heldout,1,accepted,chat,363,0.7211,0.6148
p0036,heldout,3,accepted,chat,363,0.7446,0.6179
p0038,heldout,1,accepted,chat,204,0.8323,0.7447
p0038,heldout,4,unreached,chat,204,0.9911,0.8685
p0034,heldout,2,unreached,chat,417,0.9001,0.7889
p0036,heldout,2,unreached,chat,368,0.9017,0.8816
p0034,heldout,1,accepted,chat,418,0.8918,0.8426
p0034,heldout,2,rejected,chat,418,0.9477,0.9054
p0036,heldout,1,accepted,chat,369,0.8294,0.8122
p0036,heldout,3,unreached,chat,369,0.7524,0.6676
p0038,heldout,2,accepted,chat,207,0.9451,0.7848
p0034,heldout,2,rejected,chat,420,1.185,1.164
p0036,heldout,1,accepted,chat,371,0.6367,0.5331
p0036,heldout,4,rejected,chat,374,1.087,1.046
p0038,heldout,2,accepted,chat,214,0.9225,0.789
p0038,heldout,3,accepted,chat,214,0.9268,0.8255
p0036,heldout,2,accepted,chat,378,1.001,0.8603
p0036,heldout,3,accepted,chat,378,0.9916,0.9296
p0038,heldout,3,unreached,chat,218,1.033,0.9805
p0042,heldout,1,accepted,chat,156,1.193,0.9963
p0042,heldout,2,accepted,chat,156,1.125,0.9798
p0036,heldout,4,unreached,chat,383,0.8231,0.7699
p0038,heldout,3,rejected,chat,220,0.8383,0.8356
p0042,heldout,4,accepted,chat,160,1.062,0.9479
p0036,heldout,3,unreached,chat,385,0.7728,0.6846
p0042,heldout,2,accepted,chat,165,1.277,1.19
p0036,heldout,2,accepted,chat,386,0.7353,0.6571
p0038,heldout,1,accepted,chat,226,0.8877,0.7629
p0042,heldout,4,rejected,chat,170,0.9882,0.9404
p0036,heldout,1,accepted,chat,391,1.162,1.032
p0036,heldout,3,accepted,chat,391,1.012,0.9698
p0042,heldout,1,accepted,chat,174,0.7104,0.6623
p0036,heldout,3,unreached,chat,396,0.8928,0.7596
p0038,heldout,3,unreached,chat,234,0.9785,0.848
p0042,heldout,1,rejected,chat,179,0.8207,0.7515
p0042,heldout,3,unreached,chat,179,0.919,0.8573
p0042,heldout,3,accepted,chat,180,0.9878,0.8722
p0042,heldout,3,accepted,chat,185,0.9234,0.8807
p0038,heldout,4,unreached,chat,240,0.8236,0.7111
p0042,heldout,4,unreached,chat,189,0.878,0.845
p0036,heldout,2,rejected,chat,400,0.816,0.7119
p0036,heldout,3,unreached,chat,400,0.7838,0.6755
p0038,heldout,3,rejected,chat,242,0.8539,0.7955
p0038,heldout,1,accepted,chat,245,0.7594,0.6727
p0042,heldout,2,rejected,chat,197,0.7972,0.6841
p0042,heldout,3,unreached,chat,197,0.8172,0.7614
p0042,heldout,4,unreached,chat,197,0.8412,0.7861
p0036,heldout,1,accepted,chat,405,0.7642,0.6694
p0036,heldout,2,accepted,chat,405,0.7903,0.683
p0036,heldout,3,accepted,chat,405,0.8015,0.676
p0038,heldout,1,accepted,chat,248,0.9969,0.916
p0042,heldout,2,accepted,chat,199,0.8291,0.7025
p0036,heldout,4,rejected,chat,410,0.8715,0.694
p0043,heldout,1,accepted,chat,79,0.9738,0.9098
p0042,heldout,4,accepted,chat,206,1.191,1.04
p0043,heldout,2,rejected,chat,83,0.8328,0.7997
p0043,heldout,3,unreached,chat,83,1.065,1.038
p0043,heldout,3,unreached,chat,85,0.9045,0.7655
p0043,heldout,3,accepted,chat,87,0.8711,0.7518
p0043,heldout,4,accepted,chat,87,0.8636,0.8332
p0038,heldout,1,accepted,chat,262,0.694,0.5982
p0038,heldout,4,rejected,chat,262,1.118,1.013
p0042,heldout,1,accepted,chat,217,0.8179,0.7381
p0043,heldout,1,accepted,chat,92,0.8953,0.7126
p0038,heldout,4,unreached,chat,266,1.064,0.9307
p0042,heldout,2,accepted,chat,219,0.9381,0.8311
p0043,heldout,4,unreached,chat,97,1.057,0.9136
p0042,heldout,1,accepted,chat,222,0.8497,0.8203
p0042,heldout,2,accepted,chat,222,1.074,0.9088
p0038,heldout,4,unreached,chat,273,1.157,1.119
p0042,heldout,1,accepted,chat,226,0.8004,0.7203
p0043,heldout,1,accepted,chat,101,0.8436,0.7321
p0043,heldout,3,unreached,chat,101,0.9403,0.8137
p0043,heldout,3,accepted,chat,103,0.8172,0.7137
p0038,heldout,1,accepted,chat,277,0.7733,0.7311
p0042,heldout,4,unreached,chat,236,0.9144,0.8126
p0038,heldout,1,accepted,chat,279,0.9685,0.9433
p0038,heldout,4,unreached,chat,279,1.087,0.9478
p0042,heldout,3,unreached,chat,237,1.085,1.091
p0045,heldout,3,unreached,chat,699,1.012,0.8752
p0038,heldout,1,accepted,chat,282,0.5801,0.4719
p0038,heldout,2,accepted,chat,282,0.7918,0.7469
p0042,heldout,4,unreached,chat,239,0.8722,0.7993
p0045,heldout,1,accepted,chat,700,0.8706,0.7544
p0045,heldout,2,accepted,chat,700,0.8268,0.6966
p0042,heldout,4,unreached,chat,242,1.185,1.257
p0043,heldout,2,accepted,chat,117,1.064,0.9781
p0043,heldout,3,rejected,chat,117,1.03,0.9604
p0045,heldout,2,accepted,chat,705,0.9936,0.8792
p0045,heldout,3,accepted,chat,705,1.133,0.9963
p0045,heldout,4,accepted,chat,705,1.067,0.9495
p0042,heldout,2,accepted,chat,243,0.9355,0.8034
p0042,heldout,4,rejected,chat,243,0.9387,0.8834
p0045,heldout,1,accepted,chat,710,0.8701,0.751
p0038,heldout,4,unreached,chat,293,1.022,0.9293
p0042,heldout,2,accepted,chat,247,0.9102,0.7577
p0043,heldout,3,unreached,chat,123,0.9274,0.8437
p0045,heldout,2,unreached,chat,713,0.8951,0.7575
p0045,heldout,3,unreached,chat,713,1.008,0.9023
p0045,heldout,4,unreached,chat,714,0.9643,0.8325
p0038,heldout,1,accepted,chat,296,0.953,0.9603
p0038,heldout,2,accepted,chat,296,0.8473,0.7387
p0038,heldout,4,unreached,chat,296,0.9822,0.8669
p0042,heldout,1,accepted,chat,257,0.8333,0.7425
p0045,heldout,3,accepted,chat,715,1.009,0.9139
p0045,heldout,4,accepted,chat,715,1.019,1.006
p0038,heldout,3,unreached,chat,299,0.9347,0.8743
p0038,heldout,4,unreached,chat,299,0.8521,0.7581
p0042,heldout,1,accepted,chat,262,0.8473,0.7818
p0042,heldout,4,unreached,chat,262,1.186,1.16
p0038,heldout,1,accepted,chat,300,0.6373,0.5423
p0038,heldout,3,rejected,chat,300,1.011,0.9797
p0038,heldout,4,unreached,chat,300,0.9686,0.8453
p0042,heldout,2,accepted,chat,264,0.7834,0.7021
p0042,heldout,4,accepted,chat,264,1.115,1.063
p0043,heldout,3,unreached,chat,131,0.8731,0.7845
p0038,heldout,2,unreached,chat,303,0.7989,0.6814
p0042,heldout,3,accepted,chat,269,1.016,0.947
p0043,heldout,1,accepted,chat,132,0.7563,0.6546
p0043,heldout,4,unreached,chat,132,0.9241,0.8107
p0045,heldout,1,accepted,chat,727,1.049,0.9613
p0038,heldout,2,unreached,chat,304,1.071,0.9952
p0042,heldout,3,accepted,chat,274,1.026,0.9788
p0043,heldout,2,accepted,chat,135,0.7691,0.6659
p0043,heldout,4,unreached,chat,135,0.8358,0.7766
p0045,heldout,3,accepted,chat,729,0.9271,0.8098
p0038,heldout,3,unreached,chat,305,0.889,0.7985
p0038,heldout,4,unreached,chat,305,0.9092,0.8206
p0042,heldout,2,accepted,chat,279,0.6873,0.6155
p0043,heldout,2,unreached,chat,138,0.905,0.8744
p0045,heldout,1,accepted,chat,734,0.7717,0.6709
p0042,heldout,2,accepted,chat,284,0.7741,0.7295
p0042,heldout,3,rejected,chat,284,0.7551,0.6341
p0043,heldout,2,unreached,chat,139,0.8212,0.7534
p0045,heldout,2,rejected,chat,739,0.887,0.7817
p0038,heldout,2,unreached,chat,309,0.8396,0.7449
p0042,heldout,1,accepted,chat,287,0.7312,0.599
p0042,heldout,3,accepted,chat,287,0.8934,0.8234
p0045,heldout,3,unreached,chat,741,0.9218,0.7671
p0038,heldout,2,rejected,chat,310,0.7778,0.7165
p0042,heldout,2,accepted,chat,291,0.8875,0.8989
p0042,heldout,3,accepted,chat,291,0.8977,0.8754
p0045,heldout,1,accepted,chat,742,0.7829,0.661
p0045,heldout,2,accepted,chat,742,0.8736,0.8074
p0042,heldout,1,rejected,chat,296,0.7269,0.636
p0042,heldout,2,unreached,chat,296,0.7969,0.7387
p0042,heldout,4,unreached,chat,296,1.015,0.8757
p0045,heldout,2,unreached,chat,746,1.093,0.9837
p0042,heldout,1,accepted,chat,297,0.7157,0.5899
p0043,heldout,4,accepted,chat,148,0.9746,0.8615
p0045,heldout,3,unreached,chat,747,1.078,0.9962
p0045,heldout,4,unreached,chat,747,1.167,1.167
p0038,heldout,1,rejected,chat,315,0.8798,0.7507
p0038,heldout,4,unreached,chat,315,0.9094,0.7722
p0042,heldout,1,accepted,chat,302,0.724,0.683
p0042,heldout,2,accepted,chat,302,0.9176,0.9237
p0043,heldout,3,accepted,chat,153,0.9495,0.8016
p0045,heldout,1,accepted,chat,753,0.7978,0.6492
p0042,heldout,2,accepted,chat,308,0.8803,0.8402
p0042,heldout,3,accepted,chat,308,1.005,0.8737
p0043,heldout,1,accepted,chat,163,1.075,1.054
p0042,heldout,4,unreached,chat,313,0.851,0.7967
p0043,heldout,4,unreached,chat,167,0.962,0.8707
p0045,heldout,2,rejected,chat,760,0.9862,0.7957
p0042,heldout,1,accepted,chat,314,0.6596,0.5677
p0042,heldout,2,accepted,chat,314,0.897,0.7953
p0043,heldout,1,accepted,chat,168,0.9824,0.9287
p0043,heldout,3,unreached,chat,168,0.9305,0.8406
p0045,heldout,2,accepted,chat,762,1.236,1.156
p0045,heldout,4,accepted,chat,762,0.9302,0.7517
p0042,heldout,2,unreached,chat,318,0.7372,0.6921
p0042,heldout,4,unreached,chat,318,1.024,0.9852
p0043,heldout,2,rejected,chat,170,0.9155,0.9003
p0043,heldout,4,unreached,chat,170,1.211,1.218
p0038,heldout,2,unreached,chat,323,0.9589,0.8383
p0038,heldout,3,unreached,chat,323,1.01,0.9409
p0043,heldout,4,unreached,chat,172,1.051,0.9289
p0045,heldout,4,rejected,chat,772,1.149,1.159
p0038,heldout,1,accepted,chat,324,0.779,0.6692
p0038,heldout,2,rejected,chat,324,0.7791,0.6583
p0038,heldout,3,unreached,chat,324,0.8384,0.7333
p0042,heldout,1,accepted,chat,324,0.6926,0.595
p0043,heldout,1,accepted,chat,174,0.902,0.7935
p0045,heldout,2,accepted,chat,776,0.9397,0.6863
p0045,heldout,4,accepted,chat,776,0.9623,0.9243
p0043,heldout,3,unreached,chat,176,0.8757,0.8239
p0043,heldout,4,unreached,chat,176,0.8909,0.8149
p0045,heldout,4,unreached,chat,781,1.004,0.8743
p0038,heldout,1,accepted,chat,328,0.829,0.7115
p0043,heldout,1,accepted,chat,178,1.006,0.9846
p0043,heldout,2,rejected,chat,178,0.878,0.7409
p0045,heldout,2,accepted,chat,784,0.8946,0.7435
p0038,heldout,2,rejected,chat,331,0.8313,0.7061
p0042,heldout,1,accepted,chat,335,0.7354,0.6466
p0043,heldout,3,rejected,chat,180,0.8961,0.787
p0045,heldout,4,accepted,chat,789,0.997,0.9608
p0038,heldout,1,accepted,chat,333,0.7058,0.5989
p0042,heldout,1,accepted,chat,340,0.8053,0.7044
p0043,heldout,2,accepted,chat,183,0.8356,0.7446
p0043,heldout,3,rejected,chat,183,0.9071,0.7805
p0038,heldout,2,rejected,chat,336,0.9479,0.8568
p0043,heldout,1,accepted,chat,186,0.8716,0.707
p0043,heldout,4,rejected,chat,186,1.07,0.9783
p0038,heldout,4,unreached,chat,338,0.9471,0.8373
p0042,heldout,2,rejected,chat,348,0.813,0.7244
p0045,heldout,3,accepted,chat,800,1.047,1.018
p0045,heldout,4,rejected,chat,800,0.9879,0.9629
p0038,heldout,2,accepted,chat,340,0.92,0.8467
p0042,heldout,3,accepted,chat,350,0.8351,0.7806
p0042,heldout,4,accepted,chat,350,0.8821,0.845
p0045,heldout,1,accepted,chat,804,0.9355,0.7995
p0045,heldout,3,accepted,chat,804,0.8163,0.7255
p0038,heldout,3,rejected,chat,343,0.9248,0.7855
p0038,heldout,4,unreached,chat,343,0.9389,0.7955
p0042,heldout,2,accepted,chat,355,0.8015,0.763
p0042,heldout,3,rejected,chat,355,0.8512,0.8387
p0045,heldout,4,unreached,chat,809,0.9577,0.8993
p0038,heldout,2,accepted,chat,346,0.9299,0.8339
p0042,heldout,2,accepted,chat,358,0.9176,0.863
p0043,heldout,1,accepted,chat,201,0.8484,0.8003
p0045,heldout,3,accepted,chat,811,1.168,1.119
p0045,heldout,4,accepted,chat,811,1.06,1.035
p0043,heldout,3,rejected,chat,206,0.9434,0.8056
p0043,heldout,4,unreached,chat,206,1.001,0.8501
p0038,heldout,4,unreached,chat,354,0.8946,0.8188
p0042,heldout,1,accepted,chat,365,0.8281,0.7653
p0043,heldout,4,unreached,chat,209,1.005,0.904
p0045,heldout,1,accepted,chat,821,1.068,0.9447
p0038,heldout,3,rejected,chat,355,0.8991,0.8205
p0042,heldout,2,rejected,chat,370,1.04,1.043
p0043,heldout,1,rejected,chat,210,0.7987,0.7201
p0043,heldout,4,unreached,chat,210,0.8866,0.8032
p0045,heldout,4,unreached,chat,826,0.9332,0.9401
p0038,heldout,1,accepted,chat,358,0.9567,0.8791
p0043,heldout,1,accepted,chat,211,0.995,0.9146
p0043,heldout,3,unreached,chat,211,0.9924,0.8565
p0045,heldout,2,accepted,chat,828,0.9102,0.8446
p0038,heldout,1,accepted,chat,361,0.8496,0.7578
p0038,heldout,2,accepted,chat,361,0.9212,0.883
p0042,heldout,2,unreached,chat,375,0.8224,0.7508
p0042,heldout,3,unreached,chat,375,0.882,0.7826
p0043,heldout,1,accepted,chat,213,0.8679,0.7927
p0043,heldout,4,unreached,chat,213,0.9764,0.8952
p0045,heldout,2,accepted,chat,833,0.989,0.9348
p0045,heldout,4,accepted,chat,833,1.187,1.132
p0042,heldout,1,rejected,chat,376,0.7972,0.7195
p0042,heldout,4,unreached,chat,376,0.9087,0.8097
p0043,heldout,4,accepted,chat,215,0.836,0.7748
p0045,heldout,2,accepted,chat,838,0.8222,0.6914
p0043,heldout,4,unreached,chat,220,0.8066,0.7488
p0038,heldout,2,rejected,chat,368,0.7602,0.6734
p0042,heldout,4,rejected,chat,379,0.8975,0.7938
p0038,heldout,3,rejected,chat,370,1.022,0.9567
p0042,heldout,4,unreached,chat,383,0.8755,0.7973
p0045,heldout,2,accepted,chat,845,0.9821,0.8965
p0045,heldout,3,accepted,chat,845,1.126,1.115
p0038,heldout,1,rejected,chat,373,0.8321,0.7021
p0042,heldout,3,rejected,chat,387,1.094,1.071
p0043,heldout,2,unreached,chat,236,0.7638,0.6979
p0045,heldout,1,accepted,chat,850,0.8599,0.8117
p0038,heldout,1,accepted,chat,378,0.8971,0.7933
p0045,heldout,1,accepted,chat,858,0.7466,0.608
p0045,heldout,4,accepted,chat,858,0.8876,0.7599
p0038,heldout,4,unreached,chat,380,0.9758,0.9212
p0042,heldout,1,accepted,chat,400,0.6634,0.6185
p0042,heldout,2,accepted,chat,400,0.8237,0.7949
p0043,heldout,2,rejected,chat,240,1.148,1.09
p0038,heldout,1,accepted,chat,383,0.9986,0.9303
p0042,heldout,1,accepted,chat,404,0.8739,0.7668
p0045,heldout,1,accepted,chat,865,1.104,1.054
p0045,heldout,2,accepted,chat,865,1.131,0.9506
p0045,heldout,4,unreached,chat,865,0.8623,0.7295
p0038,heldout,1,rejected,chat,387,0.8498,0.7569
p0038,heldout,3,unreached,chat,387,0.8796,0.7804
p0043,heldout,2,unreached,chat,247,1.096,1.033
p0045,heldout,2,accepted,chat,868,1.005,0.9324
p0045,heldout,4,unreached,chat,868,0.8993,0.7851
p0038,heldout,2,unreached,chat,388,1.164,1.133
p0038,heldout,4,unreached,chat,388,0.968,0.8078
p0042,heldout,1,accepted,chat,414,0.774,0.7
p0042,heldout,4,unreached,chat,414,0.9697,0.9081
p0043,heldout,1,accepted,chat,248,0.9141,0.8503
p0043,heldout,2,accepted,chat,248,0.8906,0.7916
p0043,heldout,4,rejected,chat,248,0.9559,0.8683
p0045,heldout,2,accepted,chat,871,0.9634,0.7914
p0045,heldout,3,rejected,chat,871,0.9043,0.8124
p0038,heldout,1,rejected,chat,389,1.087,1.046
p0038,heldout,3,unreached,chat,389,0.913,0.7652
p0042,heldout,2,accepted,chat,417,0.8365,0.7164
p0042,heldout,3,accepted,chat,417,0.7996,0.7342
p0043,heldout,3,accepted,chat,255,1.098,1.047
p0038,heldout,2,rejected,chat,392,0.9068,0.8611
p0043,heldout,4,unreached,chat,260,0.9621,0.8727
p0042,heldout,1,accepted,chat,426,0.6704,0.5738
p0043,heldout,1,accepted,chat,265,1.064,1.002
p0043,heldout,4,unreached,chat,265,0.9298,0.7913
p0038,heldout,2,rejected,chat,397,1.053,0.9825
p0038,heldout,3,unreached,chat,397,0.9791,0.8835
p0042,heldout,1,accepted,chat,436,0.5531,0.4343
p0042,heldout,4,rejected,chat,436,0.8448,0.7261
p0043,heldout,2,unreached,chat,268,0.949,0.8642
p0045,heldout,1,accepted,chat,888,0.6948,0.556
p0045,heldout,2,accepted,chat,888,0.7976,0.6683
p0038,heldout,1,rejected,chat,399,0.756,0.6512
p0042,heldout,4,accepted,chat,440,1.001,0.8572
p0043,heldout,2,accepted,chat,269,0.9535,0.8247
p0045,heldout,2,accepted,chat,893,1.175,0.99
p0038,heldout,2,rejected,chat,400,0.9606,0.8792
p0038,heldout,3,unreached,chat,400,0.9776,0.8967
p0042,heldout,1,rejected,chat,445,0.7288,0.5805
p0042,heldout,3,unreached,chat,445,0.9944,0.9926
p0038,heldout,2,accepted,chat,402,0.9353,0.8326
p0042,heldout,4,unreached,chat,446,1.313,1.298
p0045,heldout,1,accepted,chat,898,0.8058,0.7078
p0043,heldout,1,accepted,chat,275,0.7408,0.6412
p0045,heldout,4,rejected,chat,903,0.8633,0.8136
p0038,heldout,2,accepted,chat,408,1.028,0.9486
p0042,heldout,3,unreached,chat,454,0.928,0.8151
p0045,heldout,4,unreached,chat,907,0.9206,0.8072
p0042,heldout,1,accepted,chat,456,0.9005,0.8913
p0045,heldout,1,rejected,chat,908,0.5825,0.4695
p0045,heldout,4,unreached,chat,908,0.8909,0.7933
p0042,heldout,2,accepted,chat,460,0.9976,0.9743
p0043,heldout,3,accepted,chat,290,0.8684,0.7562
p0043,heldout,4,rejected,chat,290,0.9232,0.8064
p0045,heldout,2,unreached,chat,909,0.715,0.6204
p0045,heldout,3,unreached,chat,909,1.073,0.9743
p0047,heldout,1,accepted,chat,34,1.149,1.014
p0047,heldout,3,rejected,chat,34,1.038,0.9327
p0047,heldout,4,unreached,chat,34,0.9894,0.9318
p0042,heldout,2,rejected,chat,463,0.8243,0.7357
p0045,heldout,1,accepted,chat,910,0.7656,0.6475
p0047,heldout,1,rejected,chat,37,0.8169,0.7686
p0042,heldout,4,accepted,chat,465,1.024,0.9764
p0045,heldout,2,accepted,chat,915,0.7281,0.6499
p0042,heldout,2,accepted,chat,470,0.9487,0.8732
p0042,heldout,3,accepted,chat,470,1.044,0.9117
p0047,heldout,1,accepted,chat,43,0.9085,0.7857
p0042,heldout,2,accepted,chat,475,1.012,1.045
p0042,heldout,3,rejected,chat,475,0.8191,0.7777
p0043,heldout,2,rejected,chat,302,0.8991,0.8449
p0043,heldout,3,unreached,chat,302,1.004,0.9129
p0047,heldout,3,accepted,chat,45,1.078,0.9511
p0042,heldout,1,rejected,chat,478,0.7948,0.7479
p0043,heldout,1,accepted,chat,304,0.6973,0.6073
p0043,heldout,3,rejected,chat,304,1.035,0.9501
p0043,heldout,4,unreached,chat,304,0.9482,0.8269
p0045,heldout,1,accepted,chat,926,0.8581,0.726
p0045,heldout,3,unreached,chat,926,0.9714,0.8661
p0047,heldout,2,unreached,chat,50,0.847,0.7033
p0047,heldout,4,unreached,chat,50,0.7831,0.6945
p0042,heldout,1,accepted,chat,479,0.7768,0.6992
p0045,heldout,3,accepted,chat,928,0.9671,0.8124
p0047,heldout,4,accepted,chat,51,0.886,0.7531
p0042,heldout,2,accepted,chat,484,0.8831,0.8281
p0045,heldout,3,unreached,chat,933,0.9225,0.8342
p0042,heldout,2,accepted,chat,489,0.9841,0.9332
p0042,heldout,3,rejected,chat,489,0.8505,0.7698
p0043,heldout,2,rejected,chat,309,0.8064,0.6895
p0043,heldout,3,unreached,chat,309,0.9419,0.8263
p0045,heldout,2,accepted,chat,935,0.8824,0.764
p0047,heldout,2,unreached,chat,61,1.125,1.043
p0042,heldout,3,unreached,chat,492,0.8297,0.7389
p0042,heldout,4,unreached,chat,492,0.889,0.7756
p0043,heldout,2,accepted,chat,311,0.9367,0.8342
p0043,heldout,4,unreached,chat,311,1.005,0.86
p0045,heldout,1,accepted,chat,938,0.7691,0.6646
p0045,heldout,2,accepted,chat,938,0.8886,0.7472
p0047,heldout,1,rejected,chat,62,1.103,0.9967
p0042,heldout,2,rejected,chat,493,0.8996,0.8536
p0042,heldout,3,unreached,chat,493,1.101,1.023
p0042,heldout,4,unreached,chat,493,0.9776,0.8747
p0043,heldout,1,accepted,chat,314,0.9697,0.867
p0045,heldout,2,accepted,chat,943,0.856,0.6847
p0042,heldout,4,rejected,chat,495,0.963,0.8465
p0043,heldout,4,unreached,chat,317,0.9669,0.8504
p0045,heldout,2,rejected,chat,948,0.7633,0.6755
p0047,heldout,4,unreached,chat,64,1.049,0.9988
p0045,heldout,1,accepted,chat,950,0.8844,0.8359
p0045,heldout,2,accepted,chat,950,0.9169,0.7855
p0045,heldout,3,accepted,chat,950,0.9494,0.8518
p0047,heldout,1,accepted,chat,65,1.25,1.2
p0042,heldout,2,unreached,chat,504,0.9924,0.9062
p0042,heldout,3,unreached,chat,504,0.8668,0.7805
p0043,heldout,3,accepted,chat,323,1.121,1.011
p0045,heldout,2,accepted,chat,955,0.889,0.7774
p0047,heldout,1,rejected,chat,67,0.9456,0.8949
p0047,heldout,2,unreached,chat,67,0.9757,0.8714
p0045,heldout,2,accepted,chat,958,1.144,1.092
p0043,heldout,1,rejected,chat,330,0.6817,0.5873
p0043,heldout,4,unreached,chat,330,0.9249,0.8028
p0045,heldout,4,rejected,chat,962,0.8701,0.7689
p0047,heldout,2,accepted,chat,70,0.9062,0.8041
p0042,heldout,2,accepted,chat,508,1.147,1.009
p0045,heldout,1,accepted,chat,966,1.099,0.9467
p0045,heldout,4,unreached,chat,966,0.924,0.8829
p0047,heldout,1,rejected,chat,75,0.733,0.6393
p0043,heldout,3,unreached,chat,333,0.8911,0.7966
p0045,heldout,1,accepted,chat,968,0.8115,0.6717
p0045,heldout,2,accepted,chat,968,0.8892,0.8366
p0045,heldout,3,accepted,chat,968,1.074,0.9862
p0047,heldout,1,rejected,chat,76,0.7887,0.6996
p0047,heldout,4,unreached,chat,76,0.9997,0.9349
p0045,heldout,2,accepted,chat,973,0.8261,0.6897
p0042,heldout,3,unreached,chat,520,0.8052,0.7256
p0042,heldout,4,unreached,chat,520,1.194,1.067
p0047,heldout,1,rejected,chat,78,0.8308,0.7278
p0047,heldout,3,accepted,chat,79,1.128,1.067
p0042,heldout,2,accepted,chat,523,0.7594,0.6975
p0043,heldout,2,accepted,chat,342,0.9004,0.8111
p0045,heldout,3,unreached,chat,979,0.79,0.6629
p0042,heldout,3,unreached,chat,527,0.8281,0.7373
p0042,heldout,3,rejected,chat,528,1.022,1.061
p0042,heldout,4,unreached,chat,528,0.884,0.9032
p0043,heldout,2,unreached,chat,350,1.065,0.9825
p0045,heldout,2,accepted,chat,982,0.77,0.7217
p0047,heldout,2,accepted,chat,91,1.071,0.9593
p0047,heldout,3,accepted,chat,91,0.9747,0.8548
p0047,heldout,4,accepted,chat,91,0.8662,0.7804
p0045,heldout,4,accepted,chat,986,0.8823,0.8461
p0047,heldout,2,accepted,chat,96,0.9765,0.8701
p0042,heldout,3,accepted,chat,536,0.9333,0.814
p0045,heldout,2,accepted,chat,991,0.8096,0.6748
p0045,heldout,3,rejected,chat,991,0.9244,0.8128
p0043,heldout,4,unreached,chat,357,0.9563,0.8243
p0045,heldout,1,accepted,chat,994,0.8053,0.7193
p0045,heldout,3,accepted,chat,994,1.022,0.8652
p0043,heldout,1,accepted,chat,360,0.7859,0.6652
p0043,heldout,2,accepted,chat,360,0.7796,0.6766
p0045,heldout,1,accepted,chat,999,0.8731,0.823
p0045,heldout,3,rejected,chat,999,0.9197,0.8109
p0050,heldout,2,unreached,chat,24,1.074,1.015
p0043,heldout,1,rejected,chat,363,0.7257,0.6293
p0043,heldout,3,unreached,chat,363,0.922,0.8068
p0045,heldout,1,accepted,chat,1002,0.808,0.6521
p0045,heldout,2,accepted,chat,1002,0.8707,0.7543
p0047,heldout,2,accepted,chat,106,1.077,0.9871
p0047,heldout,4,unreached,chat,106,0.9021,0.8391
p0050,heldout,1,accepted,chat,25,0.8532,0.7878
p0043,heldout,2,unreached,chat,367,0.893,0.7882
p0047,heldout,4,rejected,chat,110,0.9657,0.9407
p0043,heldout,1,rejected,chat,368,0.7994,0.7094
p0043,heldout,2,unreached,chat,368,0.9902,0.8724
p0043,heldout,3,unreached,chat,368,1.018,0.87
p0045,heldout,2,unreached,chat,1017,0.8691,0.7363
p0047,heldout,3,unreached,chat,114,0.9341,0.8226
p0050,heldout,1,accepted,chat,36,0.9614,0.9319
p0050,heldout,2,rejected,chat,36,1.013,1.018
p0045,heldout,3,accepted,chat,1018,0.99,0.9593
p0047,heldout,1,rejected,chat,115,0.8913,0.7564
p0047,heldout,4,unreached,chat,115,0.8623,0.8026
p0050,heldout,1,accepted,chat,38,0.6543,0.6244
p0050,heldout,2,accepted,chat,38,0.9611,0.8793
p0050,heldout,3,rejected,chat,38,0.8391,0.7039
p0043,heldout,1,accepted,chat,371,0.8756,0.7489
p0043,heldout,2,rejected,chat,371,0.8997,0.8014
p0047,heldout,3,accepted,chat,116,1.042,0.9502
p0050,heldout,1,accepted,chat,41,0.8903,0.7792
p0050,heldout,3,unreached,chat,41,0.9855,0.8881
p0050,heldout,4,unreached,chat,41,1.001,0.8798
p0045,heldout,2,unreached,chat,1028,0.817,0.6908
p0047,heldout,2,unreached,chat,121,0.8016,0.6893
p0043,heldout,4,rejected,chat,374,0.9192,0.8075
p0045,heldout,1,accepted,chat,1029,0.7924,0.7392
p0045,heldout,3,unreached,chat,1029,0.81,0.7603
p0043,heldout,2,unreached,chat,378,0.8195,0.6848
p0050,heldout,1,accepted,chat,53,0.8019,0.6831
p0050,heldout,4,unreached,chat,53,1.021,0.9547
p0043,heldout,4,accepted,chat,379,1.011,0.8851
p0045,heldout,1,accepted,chat,1036,0.7131,0.6576
p0045,heldout,3,accepted,chat,1036,0.9232,0.8904
p0047,heldout,2,rejected,chat,127,0.9927,0.8882
p0045,heldout,1,accepted,chat,1041,0.8524,0.723
p0045,heldout,4,unreached,chat,1041,0.8549,0.7016
p0047,heldout,3,unreached,chat,129,0.8776,0.8115
p0045,heldout,1,accepted,chat,1043,1.144,1.107
p0045,heldout,3,rejected,chat,1043,0.7438,0.6403
p0043,heldout,4,rejected,chat,393,0.8422,0.7276
p0045,heldout,1,accepted,chat,1046,0.6998,0.5767
p0045,heldout,3,unreached,chat,1046,0.8684,0.7274
p0047,heldout,1,rejected,chat,131,0.7322,0.6588
p0045,heldout,3,accepted,chat,1048,0.9593,0.727
p0050,heldout,1,rejected,chat,67,0.5612,0.507
p0050,heldout,2,unreached,chat,67,0.7721,0.6927
p0050,heldout,4,unreached,chat,67,1.066,1.014
p0043,heldout,2,unreached,chat,399,0.887,0.7565
p0047,heldout,2,accepted,chat,134,1.1,0.9931
p0047,heldout,4,accepted,chat,134,0.9334,0.8203
p0043,heldout,1,rejected,chat,400,0.8697,0.7429
p0043,heldout,3,unreached,chat,400,1.086,1.17
p0045,heldout,3,accepted,chat,1055,0.9347,0.7392
p0050,heldout,1,accepted,chat,69,0.8076,0.7263
p0045,heldout,2,accepted,chat,1060,0.8839,0.6878
p0047,heldout,1,rejected,chat,140,0.945,0.8571
p0047,heldout,2,unreached,chat,140,0.8271,0.7153
p0047,heldout,4,unreached,chat,140,0.8925,0.8105
p0045,heldout,4,unreached,chat,1065,0.8036,0.6625
p0047,heldout,2,accepted,chat,141,0.8509,0.7847
p0043,heldout,2,accepted,chat,407,0.9478,0.8245
p0043,heldout,4,accepted,chat,407,0.9263,0.8457
p0047,heldout,3,rejected,chat,146,0.8582,0.7594
p0047,heldout,4,unreached,chat,146,0.8124,0.7503
p0050,heldout,3,unreached,chat,76,1.066,0.9773
p0043,heldout,2,unreached,chat,412,1.092,1.026
p0043,heldout,3,unreached,chat,412,1.218,1.097
p0045,heldout,2,accepted,chat,1070,0.8678,0.7672
p0045,heldout,3,accepted,chat,1070,1.08,0.9687
p0047,heldout,1,rejected,chat,149,0.6264,0.559
p0047,heldout,3,unreached,chat,149,0.9405,0.8838
p0050,heldout,1,accepted,chat,77,1.166,1.11
p0043,heldout,1,accepted,chat,413,0.7252,0.6254
p0043,heldout,2,rejected,chat,413,0.8194,0.7027
p0045,heldout,1,accepted,chat,1075,0.8138,0.6855
p0045,heldout,2,accepted,chat,1075,1.049,0.994
p0047,heldout,4,unreached,chat,150,0.811,0.7257
p0043,heldout,2,rejected,chat,415,0.8735,0.7672
p0043,heldout,1,accepted,chat,417,0.8483,0.7826
p0047,heldout,1,accepted,chat,152,0.8276,0.7163
p0047,heldout,4,accepted,chat,152,0.8832,0.7843
p0047,heldout,1,accepted,chat,157,0.8356,0.7893
p0050,heldout,1,rejected,chat,95,0.6961,0.6239
p0051,heldout,3,accepted,chat,50,1.369,1.329
p0051,heldout,4,accepted,chat,50,1.331,1.232
p0047,heldout,3,unreached,chat,160,0.8832,0.7588
p0050,heldout,4,unreached,chat,96,1.114,0.9925
p0051,heldout,3,accepted,chat,55,0.9593,0.8941
p0043,heldout,3,accepted,chat,427,0.9057,0.8294
p0050,heldout,1,accepted,chat,97,0.9868,0.8353
p0043,heldout,2,unreached,chat,431,1.041,0.9871
p0043,heldout,4,unreached,chat,431,1.348,1.272
p0051,heldout,2,rejected,chat,65,0.9284,0.8265
p0051,heldout,3,unreached,chat,65,0.9476,0.9022
p0051,heldout,4,unreached,chat,65,1.072,1.069
p0047,heldout,1,accepted,chat,164,0.744,0.6133
p0047,heldout,2,accepted,chat,164,0.8812,0.777
p0050,heldout,2,accepted,chat,105,1.14,1.032
p0051,heldout,1,rejected,chat,67,0.8442,0.7474
p0051,heldout,4,unreached,chat,67,1.025,0.9536
p0047,heldout,3,unreached,chat,168,0.8471,0.7215
p0050,heldout,1,accepted,chat,108,1.104,1.091
p0051,heldout,1,rejected,chat,68,0.6593,0.5553
p0051,heldout,2,unreached,chat,68,0.9913,0.9436
p0043,heldout,3,unreached,chat,438,0.8922,0.7801
p0050,heldout,1,accepted,chat,112,1.026,1.013
p0050,heldout,4,unreached,chat,112,1.073,1.016
p0051,heldout,1,accepted,chat,69,0.9567,0.8949
p0043,heldout,3,unreached,chat,440,0.8813,0.8613
p0043,heldout,4,unreached,chat,440,0.9155,0.8303
p0047,heldout,2,accepted,chat,172,0.7498,0.658
p0047,heldout,3,rejected,chat,175,0.9464,0.8156
p0050,heldout,3,rejected,chat,119,0.9437,0.9025
p0051,heldout,1,accepted,chat,76,0.8633,0.8101
p0051,heldout,3,rejected,chat,76,0.906,0.8381
p0043,heldout,3,accepted,chat,446,1.072,0.9915
p0043,heldout,4,accepted,chat,446,0.8236,0.755
p0047,heldout,2,unreached,chat,178,0.7955,0.7076
p0051,heldout,2,accepted,chat,79,0.9014,0.8232
p0043,heldout,3,unreached,chat,451,0.8957,0.8087
p0050,heldout,1,accepted,chat,123,0.7027,0.612
p0050,heldout,2,accepted,chat,123,1.104,1.041
p0050,heldout,4,unreached,chat,123,1.024,0.918
p0043,heldout,2,accepted,chat,452,0.7951,0.6977
p0051,heldout,2,accepted,chat,86,0.7071,0.5872
p0051,heldout,4,rejected,chat,86,0.9649,0.9039
p0047,heldout,4,rejected,chat,186,0.8293,0.6972
p0050,heldout,2,accepted,chat,128,0.8902,0.7954
p0043,heldout,1,accepted,chat,458,0.8139,0.6727
p0043,heldout,2,accepted,chat,458,0.8465,0.7564
p0047,heldout,3,rejected,chat,190,0.7728,0.6762
p0050,heldout,3,unreached,chat,131,0.8871,0.7843
p0051,heldout,1,accepted,chat,95,0.6975,0.6478
p0050,heldout,2,rejected,chat,132,0.8307,0.7221
p0050,heldout,4,unreached,chat,132,0.8772,0.7574
p0047,heldout,2,unreached,chat,197,1.044,0.9638
p0050,heldout,2,rejected,chat,134,0.8406,0.7428
p0050,heldout,3,unreached,chat,134,0.822,0.727
p0052,heldout,4,unreached,chat,87,1.081,0.9449
p0050,heldout,3,accepted,chat,136,0.8272,0.7288
p0052,heldout,1,accepted,chat,88,0.7788,0.7038
p0052,heldout,2,accepted,chat,88,0.9092,0.8177
p0050,heldout,1,rejected,chat,140,0.5537,0.4918
p0052,heldout,3,accepted,chat,93,1.086,0.9938
p0051,heldout,2,accepted,chat,110,0.7672,0.6574
p0052,heldout,3,rejected,chat,98,0.9076,0.7933
p0047,heldout,3,unreached,chat,203,0.816,0.7392
p0050,heldout,1,accepted,chat,142,0.8607,0.7566
p0050,heldout,2,accepted,chat,142,0.8205,0.709
p0050,heldout,4,unreached,chat,142,0.736,0.6459
p0051,heldout,3,accepted,chat,115,0.8967,0.8207
p0047,heldout,2,accepted,chat,205,0.7124,0.6693
p0047,heldout,3,accepted,chat,205,0.937,0.8856
p0047,heldout,4,rejected,chat,205,0.9836,0.8524
p0051,heldout,1,accepted,chat,120,1.232,1.087
p0051,heldout,2,accepted,chat,120,1.015,0.9552
p0051,heldout,4,unreached,chat,120,1.02,0.9902
p0052,heldout,2,accepted,chat,103,0.9195,0.7991
p0047,heldout,3,unreached,chat,209,0.9988,0.8899
p0050,heldout,1,accepted,chat,146,0.8593,0.7791
p0050,heldout,3,unreached,chat,146,0.9048,0.8031
p0050,heldout,3,rejected,chat,149,0.8407,0.7692
p0051,heldout,1,accepted,chat,133,1.096,1.011
p0051,heldout,2,rejected,chat,133,0.836,0.7405
p0050,heldout,3,unreached,chat,152,0.8635,0.7756
p0050,heldout,4,unreached,chat,152,1.074,1.062
p0051,heldout,3,accepted,chat,135,1.1,1.05
p0051,heldout,4,accepted,chat,135,0.9002,0.8036
p0047,heldout,4,accepted,chat,218,0.9424,0.8207
p0050,heldout,2,rejected,chat,153,0.8713,0.7948
p0050,heldout,3,unreached,chat,153,0.8404,0.7102
p0051,heldout,3,accepted,chat,140,0.8336,0.6795
p0052,heldout,1,accepted,chat,114,1.014,0.9698
p0047,heldout,4,accepted,chat,223,1.055,0.9706
p0052,heldout,4,unreached,chat,117,0.9725,0.844
p0050,heldout,4,unreached,chat,156,0.894,0.8418
p0051,heldout,1,accepted,chat,149,1.062,1.011
p0051,heldout,2,accepted,chat,149,0.9475,0.8974
p0052,heldout,3,unreached,chat,120,1.073,1.026
p0047,heldout,1,rejected,chat,229,0.8065,0.7624
p0050,heldout,1,rejected,chat,157,0.8299,0.6933
p0050,heldout,3,unreached,chat,157,0.847,0.7435
p0050,heldout,4,unreached,chat,157,0.8691,0.7696
p0052,heldout,3,unreached,chat,121,0.9369,0.8247
p0050,heldout,2,rejected,chat,158,1.003,0.9025
p0051,heldout,3,accepted,chat,156,0.9164,0.7966
p0047,heldout,2,unreached,chat,231,1.142,1.059
p0050,heldout,1,rejected,chat,160,0.9111,0.7844
p0051,heldout,1,rejected,chat,161,0.7327,0.6309
p0051,heldout,4,unreached,chat,161,0.7975,0.6763
p0052,heldout,2,rejected,chat,125,0.9079,0.7624
p0052,heldout,3,unreached,chat,125,0.9459,0.8199
p0047,heldout,4,unreached,chat,232,0.8915,0.8652
p0052,heldout,2,accepted,chat,127,0.7593,0.6479
p0050,heldout,2,accepted,chat,162,0.8331,0.7482
p0050,heldout,4,accepted,chat,162,1.178,1.156
p0051,heldout,2,rejected,chat,163,0.7185,0.6175
p0052,heldout,1,rejected,chat,131,0.7748,0.66
p0052,heldout,3,unreached,chat,131,0.9789,0.8559
p0047,heldout,1,accepted,chat,235,0.9428,0.8532
p0050,heldout,2,accepted,chat,167,0.5791,0.5145
p0051,heldout,3,rejected,chat,165,0.8379,0.7036
p0051,heldout,4,unreached,chat,165,0.9892,0.8768
p0047,heldout,1,rejected,chat,238,0.9764,0.879
p0047,heldout,2,unreached,chat,238,0.9527,0.8515
p0047,heldout,4,unreached,chat,238,0.9218,0.8109
p0050,heldout,2,unreached,chat,171,1.168,1.114
p0050,heldout,3,unreached,chat,171,1.002,0.9064
p0051,heldout,3,accepted,chat,168,0.7515,0.6637
p0052,heldout,4,unreached,chat,135,1.078,0.9859
p0047,heldout,1,accepted,chat,239,0.8951,0.8016
p0047,heldout,3,unreached,chat,239,0.9152,0.8299
p0051,heldout,2,unreached,chat,172,0.811,0.7586
p0051,heldout,4,unreached,chat,172,1.303,1.152
p0052,heldout,4,rejected,chat,138,0.9709,0.9148
p0052,heldout,3,rejected,chat,142,0.8505,0.774
p0047,heldout,3,unreached,chat,246,1.095,1.009
p0047,heldout,4,unreached,chat,246,1.148,1.003
p0052,heldout,2,unreached,chat,145,0.9397,0.8315
p0050,heldout,4,accepted,chat,182,1.142,1.073
p0051,heldout,1,accepted,chat,178,0.7916,0.7203
p0051,heldout,2,accepted,chat,178,0.9172,0.8639
p0051,heldout,3,accepted,chat,178,0.8208,0.7068
p0051,heldout,4,accepted,chat,178,0.9115,0.797
p0050,heldout,1,accepted,chat,187,0.9396,0.909
p0050,heldout,2,rejected,chat,187,0.7938,0.7351
p0050,heldout,4,unreached,chat,187,1.021,0.8886
p0051,heldout,3,unreached,chat,183,0.856,0.7688
p0052,heldout,1,accepted,chat,148,0.7803,0.6956
p0050,heldout,2,accepted,chat,189,0.9683,0.8337
p0050,heldout,3,accepted,chat,189,0.9785,0.854
p0050,heldout,4,accepted,chat,189,1.168,1.043
p0051,heldout,1,rejected,chat,185,0.6582,0.5425
p0051,heldout,4,unreached,chat,185,0.7509,0.6241
p0052,heldout,1,accepted,chat,152,0.9188,0.8338
p0050,heldout,2,accepted,chat,194,1.133,0.9912
p0051,heldout,1,accepted,chat,186,0.7283,0.6342
p0051,heldout,3,rejected,chat,186,0.7897,0.648
p0052,heldout,3,unreached,chat,155,0.8117,0.7132
p0052,heldout,4,unreached,chat,157,1.06,0.9496
p0047,heldout,4,unreached,chat,259,0.8604,0.7572
p0052,heldout,1,rejected,chat,158,0.8612,0.7357
p0052,heldout,2,unreached,chat,158,0.9316,0.8232
p0052,heldout,4,unreached,chat,158,0.9261,0.7991
p0050,heldout,1,rejected,chat,205,0.7169,0.6361
p0050,heldout,3,unreached,chat,205,0.8765,0.789
p0050,heldout,4,unreached,chat,205,0.9602,0.9048
p0051,heldout,1,accepted,chat,197,0.841,0.824
p0051,heldout,2,rejected,chat,197,0.8462,0.7181
p0051,heldout,3,unreached,chat,197,1.063,0.9663
p0051,heldout,4,unreached,chat,197,1.015,0.9042
p0052,heldout,1,accepted,chat,159,0.8715,0.7759
p0052,heldout,2,accepted,chat,159,0.9816,0.8821
p0047,heldout,4,unreached,chat,263,1.007,0.8595
p0052,heldout,2,rejected,chat,162,0.8549,0.7349
p0052,heldout,4,unreached,chat,162,1.064,0.9823
p0047,heldout,4,accepted,chat,265,0.996,0.8669
p0050,heldout,1,rejected,chat,208,0.937,0.8632
p0050,heldout,2,unreached,chat,208,0.7643,0.6907
p0050,heldout,3,unreached,chat,208,0.9295,0.8703
p0050,heldout,4,unreached,chat,208,0.8693,0.7928
p0047,heldout,3,unreached,chat,270,1.104,1.134
p0050,heldout,2,accepted,chat,209,0.8078,0.7334
p0050,heldout,4,unreached,chat,209,0.89,0.7961
p0052,heldout,3,unreached,chat,165,0.9528,0.871
p0047,heldout,3,unreached,chat,271,0.9613,0.8488
p0050,heldout,2,rejected,chat,212,0.8549,0.7613
p0050,heldout,3,unreached,chat,212,0.9924,0.9262
p0051,heldout,1,accepted,chat,209,0.6562,0.5577
p0051,heldout,2,rejected,chat,209,0.8027,0.6818
p0047,heldout,2,rejected,chat,272,0.9224,0.8069
p0047,heldout,3,unreached,chat,272,0.8649,0.7732
p0052,heldout,4,unreached,chat,167,0.9082,0.814
p0047,heldout,2,rejected,chat,274,0.8522,0.7338
p0050,heldout,3,unreached,chat,224,0.9486,0.8482
p0051,heldout,1,accepted,chat,215,0.6217,0.5592
p0051,heldout,2,accepted,chat,215,1.179,1.133
p0052,heldout,3,unreached,chat,173,0.8478,0.7696
p0047,heldout,2,rejected,chat,277,0.7716,0.7069
p0052,heldout,3,unreached,chat,174,0.8837,0.7828
p0047,heldout,1,rejected,chat,279,0.8325,0.7232
p0047,heldout,2,unreached,chat,279,0.8354,0.7207
p0050,heldout,2,unreached,chat,229,0.9378,0.8273
p0051,heldout,2,accepted,chat,225,1.268,1.134
p0051,heldout,4,rejected,chat,225,0.8058,0.6909
p0052,heldout,3,rejected,chat,176,0.9105,0.7829
p0051,heldout,2,rejected,chat,229,0.7918,0.7385
p0052,heldout,3,unreached,chat,180,1.158,1.094
p0047,heldout,1,accepted,chat,290,1.046,0.9206
p0047,heldout,2,rejected,chat,290,0.8022,0.7296
p0047,heldout,3,unreached,chat,290,0.8794,0.776
p0047,heldout,4,unreached,chat,290,0.8911,0.7628
p0050,heldout,2,accepted,chat,237,1.193,1.112
p0050,heldout,4,accepted,chat,237,1.083,1.007
p0050,heldout,4,accepted,chat,242,1.142,1.012
p0051,heldout,1,accepted,chat,239,0.8204,0.7911
p0051,heldout,2,accepted,chat,239,0.8157,0.674
p0047,heldout,2,accepted,chat,294,0.8924,0.7969
p0047,heldout,4,unreached,chat,294,1.068,1.038
p0052,heldout,3,unreached,chat,185,0.8764,0.7731
p0047,heldout,1,rejected,chat,297,0.9558,0.9147
p0050,heldout,2,unreached,chat,249,0.9717,0.8634
p0051,heldout,4,unreached,chat,245,0.94,0.8019
p0047,heldout,1,rejected,chat,298,1.226,1.118
p0047,heldout,4,unreached,chat,298,0.9064,0.8275
p0050,heldout,1,accepted,chat,250,0.8967,0.7688
p0051,heldout,4,accepted,chat,248,1.081,1.027
p0047,heldout,2,unreached,chat,299,0.9253,0.8182
p0047,heldout,4,unreached,chat,299,0.9395,0.8681
p0051,heldout,2,accepted,chat,253,1,0.9461
p0047,heldout,2,rejected,chat,300,0.9785,0.8802
p0050,heldout,3,accepted,chat,257,0.6788,0.628
p0052,heldout,1,rejected,chat,193,0.8003,0.7011
p0052,heldout,2,unreached,chat,193,0.866,0.7809
p0047,heldout,1,accepted,chat,302,1.042,0.986
p0050,heldout,4,unreached,chat,261,1.134,1.045
p0052,heldout,1,accepted,chat,194,0.8708,0.7931
p0050,heldout,1,rejected,chat,263,0.8302,0.7217
p0052,heldout,3,accepted,chat,197,1.103,1.056
p0047,heldout,2,accepted,chat,307,0.8497,0.7168
p0050,heldout,1,accepted,chat,264,0.9309,0.817
p0050,heldout,3,accepted,chat,264,1.233,1.078
p0052,heldout,1,rejected,chat,202,0.8928,0.8234
p0052,heldout,3,unreached,chat,202,0.9219,0.7909
p0052,heldout,4,unreached,chat,202,0.9259,0.836
p0055,heldout,1,accepted,chat,36,0.9128,0.8414
p0055,heldout,2,rejected,chat,36,0.8387,0.7652
p0051,heldout,1,accepted,chat,270,0.7033,0.5637
p0051,heldout,3,unreached,chat,270,0.7607,0.7326
p0052,heldout,1,accepted,chat,203,0.8126,0.6854
p0055,heldout,1,accepted,chat,38,0.7536,0.7043
p0047,heldout,1,rejected,chat,313,0.8279,0.7272
p0047,heldout,3,unreached,chat,313,0.85,0.7645
p0051,heldout,1,accepted,chat,272,0.8761,0.7516
p0051,heldout,4,accepted,chat,272,0.8945,0.7996
p0052,heldout,1,accepted,chat,205,0.852,0.7812
p0055,heldout,1,accepted,chat,40,0.8362,0.7045
p0055,heldout,3,accepted,chat,40,0.9203,0.8039
p0047,heldout,3,unreached,chat,314,0.8535,0.7543
p0050,heldout,1,accepted,chat,278,0.5859,0.5237
p0050,heldout,2,accepted,chat,278,0.9528,0.8674
p0050,heldout,4,unreached,chat,278,0.927,0.8159
p0051,heldout,1,accepted,chat,277,0.9579,0.8693
p0051,heldout,3,accepted,chat,277,0.9368,0.7888
p0051,heldout,4,accepted,chat,277,0.9852,0.9047
p0052,heldout,1,accepted,chat,208,0.7759,0.6781
p0052,heldout,2,accepted,chat,208,0.872,0.7684
p0055,heldout,2,rejected,chat,46,1.093,1.006
p0047,heldout,3,unreached,chat,317,0.9905,0.8863
p0050,heldout,4,unreached,chat,283,1.038,0.9246
p0051,heldout,1,accepted,chat,286,0.816,0.7302
p0052,heldout,1,accepted,chat,213,0.8231,0.6822
p0055,heldout,2,rejected,chat,48,0.8645,0.7662
p0051,heldout,2,unreached,chat,291,0.9062,0.8198
p0052,heldout,1,rejected,chat,217,0.9506,0.8592
p0055,heldout,3,unreached,chat,50,0.892,0.783
p0047,heldout,2,accepted,chat,319,0.8455,0.7741
p0047,heldout,3,rejected,chat,319,0.8802,0.7747
p0050,heldout,4,unreached,chat,289,0.9248,0.8146
p0052,heldout,2,unreached,chat,218,0.9136,0.819
p0055,heldout,4,unreached,chat,52,0.9732,0.8383
p0047,heldout,3,accepted,chat,322,1.119,1.033
p0052,heldout,4,unreached,chat,219,0.9254,0.803
p0050,heldout,1,accepted,chat,295,0.6042,0.5533
p0050,heldout,2,accepted,chat,295,0.931,0.8251
p0050,heldout,3,accepted,chat,295,0.9291,0.8277
p0052,heldout,1,rejected,chat,221,0.8442,0.7263
p0052,heldout,3,unreached,chat,221,0.925,0.8054
p0055,heldout,1,rejected,chat,54,0.9191,0.8308
p0055,heldout,2,unreached,chat,54,0.8464,0.7292
p0047,heldout,2,rejected,chat,328,0.8671,0.7791
p0047,heldout,4,unreached,chat,328,0.9523,0.8523
p0052,heldout,3,unreached,chat,222,0.838,0.7219
p0055,heldout,2,rejected,chat,55,1.084,0.9494
p0055,heldout,3,unreached,chat,55,1.044,0.9433
p0055,heldout,4,unreached,chat,55,0.9156,0.7601
p0047,heldout,4,accepted,chat,330,0.9789,0.8721
p0050,heldout,1,accepted,chat,302,0.8394,0.7336
p0050,heldout,3,unreached,chat,302,0.9891,0.9181
p0051,heldout,3,accepted,chat,304,0.8537,0.8085
p0052,heldout,3,unreached,chat,224,0.8305,0.7093
p0047,heldout,2,rejected,chat,335,1.009,1
p0047,heldout,3,unreached,chat,335,1.068,0.9856
p0050,heldout,3,accepted,chat,304,1.189,1.091
p0051,heldout,2,accepted,chat,309,0.754,0.7211
p0051,heldout,4,unreached,chat,309,0.9055,0.8111
p0052,heldout,1,accepted,chat,225,0.9058,0.8044
p0052,heldout,2,accepted,chat,225,0.9191,0.804
p0055,heldout,1,accepted,chat,58,0.8165,0.6931
p0055,heldout,4,unreached,chat,58,0.9213,0.8103
p0047,heldout,3,unreached,chat,337,0.8667,0.7644
p0050,heldout,2,accepted,chat,309,1.071,0.9107
p0051,heldout,1,accepted,chat,312,0.6743,0.5899
p0051,heldout,2,accepted,chat,312,0.8496,0.7348
p0052,heldout,3,accepted,chat,229,0.9829,0.8776
p0047,heldout,2,unreached,chat,338,1.026,0.8939
p0047,heldout,3,unreached,chat,338,1.141,1.07
p0047,heldout,4,unreached,chat,338,0.9763,0.9257
p0051,heldout,1,accepted,chat,315,0.663,0.558
p0051,heldout,3,unreached,chat,315,0.9689,0.8377
p0052,heldout,3,unreached,chat,234,0.9535,0.8427
p0055,heldout,2,accepted,chat,61,0.9528,0.848
p0055,heldout,3,rejected,chat,61,0.9859,0.8644
p0055,heldout,4,unreached,chat,61,1.007,0.8846
p0050,heldout,2,rejected,chat,321,0.9153,0.785
p0050,heldout,3,unreached,chat,321,0.9402,0.849
p0050,heldout,4,unreached,chat,321,0.9199,0.8352
p0052,heldout,3,unreached,chat,237,0.8725,0.7701
p0055,heldout,4,unreached,chat,66,0.9677,0.8429
p0047,heldout,3,unreached,chat,344,0.9529,0.8205
p0047,heldout,4,unreached,chat,344,0.8937,0.8009
p0050,heldout,2,unreached,chat,323,0.8625,0.7646
p0055,heldout,1,accepted,chat,67,0.6843,0.5991
p0055,heldout,4,unreached,chat,67,0.9659,0.8455
p0047,heldout,4,unreached,chat,346,0.9847,0.8895
p0050,heldout,1,rejected,chat,324,0.7769,0.6793
p0052,heldout,2,rejected,chat,239,0.9253,0.824
p0052,heldout,3,unreached,chat,239,1.063,0.9302
p0055,heldout,3,unreached,chat,70,0.9613,0.8785
p0051,heldout,2,accepted,chat,329,0.7877,0.6761
p0051,heldout,4,unreached,chat,329,0.8073,0.7728
p0055,heldout,1,rejected,chat,72,0.6933,0.6101
p0055,heldout,2,unreached,chat,72,0.8838,0.8114
p0047,heldout,1,accepted,chat,349,0.9667,0.9247
p0047,heldout,4,accepted,chat,349,0.9164,0.8343
p0050,heldout,3,unreached,chat,330,1.056,1.004
p0055,heldout,2,rejected,chat,73,0.9055,0.8084
p0055,heldout,3,unreached,chat,73,0.9739,0.864
p0047,heldout,1,rejected,chat,354,0.7942,0.7577
p0047,heldout,2,unreached,chat,354,1.161,1.164
p0050,heldout,2,unreached,chat,332,0.9279,0.7826
p0051,heldout,2,accepted,chat,335,0.8529,0.737
p0052,heldout,1,accepted,chat,245,0.8711,0.7324
p0052,heldout,3,unreached,chat,245,1.005,0.8545
p0050,heldout,1,accepted,chat,333,1.044,0.9647
p0050,heldout,3,unreached,chat,333,0.9231,0.776
p0050,heldout,4,unreached,chat,333,1.069,0.9356
p0051,heldout,1,accepted,chat,339,0.8381,0.7412
p0052,heldout,3,accepted,chat,247,0.9297,0.818
p0052,heldout,4,accepted,chat,247,1.025,0.9529
p0055,heldout,1,accepted,chat,76,0.7447,0.6199
p0055,heldout,4,unreached,chat,76,0.9076,0.8475
p0052,heldout,1,rejected,chat,252,0.7563,0.662
p0052,heldout,2,unreached,chat,252,0.8636,0.7736
p0055,heldout,2,accepted,chat,78,0.9694,0.8025
p0047,heldout,2,rejected,chat,358,0.8853,0.8034
p0050,heldout,4,unreached,chat,337,1.046,0.9671
p0051,heldout,1,rejected,chat,344,0.6981,0.6146
p0055,heldout,4,unreached,chat,81,0.873,0.8473
p0047,heldout,1,accepted,chat,360,0.8187,0.731
p0050,heldout,1,accepted,chat,339,0.7929,0.7135
p0051,heldout,4,unreached,chat,345,1.156,1.124
p0055,heldout,3,accepted,chat,82,0.8271,0.7993
p0047,heldout,3,unreached,chat,364,0.9999,0.9732
p0050,heldout,1,accepted,chat,344,1.05,0.9054
p0050,heldout,4,accepted,chat,344,1.017,0.8
p0052,heldout,3,unreached,chat,259,0.9327,0.8376
p0055,heldout,3,accepted,chat,87,0.905,0.792
p0047,heldout,3,rejected,chat,366,0.9348,0.8321
p0050,heldout,1,accepted,chat,349,0.5359,0.474
p0050,heldout,3,unreached,chat,349,0.9115,0.882
p0050,heldout,4,unreached,chat,349,0.9734,0.8743
p0052,heldout,1,accepted,chat,261,1.018,0.9131
p0052,heldout,4,rejected,chat,261,0.8344,0.7438
p0051,heldout,1,accepted,chat,354,0.4983,0.4349
p0052,heldout,1,rejected,chat,265,0.7594,0.6877
p0052,heldout,2,unreached,chat,265,1.051,1.025
p0052,heldout,4,unreached,chat,265,0.9923,0.8642
p0055,heldout,1,rejected,chat,92,0.9024,0.8048
p0055,heldout,4,unreached,chat,92,1.03,0.9368
p0050,heldout,2,accepted,chat,352,1.013,0.9352
p0051,heldout,4,unreached,chat,359,1.029,1.006
p0052,heldout,2,accepted,chat,266,0.8964,0.7969
p0055,heldout,2,accepted,chat,93,0.9051,0.7676
p0055,heldout,3,rejected,chat,93,0.8788,0.7961
p0047,heldout,2,unreached,chat,374,1.225,1.207
p0047,heldout,4,unreached,chat,374,0.8821,0.7579
p0050,heldout,1,accepted,chat,355,0.7783,0.6689
p0050,heldout,2,accepted,chat,355,0.9488,0.8811
p0051,heldout,2,accepted,chat,361,0.99,0.9529
p0055,heldout,2,unreached,chat,96,0.8549,0.7514
p0051,heldout,4,unreached,chat,366,0.9099,0.8266
p0052,heldout,1,accepted,chat,275,0.9483,0.8916
p0055,heldout,1,accepted,chat,97,0.8101,0.711
p0047,heldout,4,unreached,chat,376,0.9494,0.8462
p0050,heldout,3,unreached,chat,359,0.8196,0.7609
p0051,heldout,2,unreached,chat,367,0.8565,0.7352
p0052,heldout,1,accepted,chat,277,0.6709,0.6196
p0052,heldout,2,accepted,chat,277,0.848,0.7528
p0052,heldout,3,rejected,chat,277,0.9478,0.8203
p0055,heldout,1,accepted,chat,99,0.8466,0.7568
p0055,heldout,4,unreached,chat,99,0.8957,0.806
p0047,heldout,1,rejected,chat,378,0.7218,0.6523
p0047,heldout,4,unreached,chat,378,0.8003,0.6911
p0050,heldout,1,accepted,chat,360,0.5358,0.4645
p0050,heldout,2,accepted,chat,360,0.6607,0.6183
p0052,heldout,4,unreached,chat,280,0.987,0.8887
p0055,heldout,4,unreached,chat,101,0.9896,0.8474
p0047,heldout,1,accepted,chat,379,0.85,0.7581
p0051,heldout,1,rejected,chat,369,0.7468,0.6483
p0055,heldout,3,rejected,chat,103,0.8395,0.7209
p0051,heldout,2,accepted,chat,370,0.8136,0.6969
p0052,heldout,1,rejected,chat,287,0.9076,0.791
p0052,heldout,2,unreached,chat,287,0.9603,0.8462
p0052,heldout,3,unreached,chat,287,0.9303,0.7935
p0047,heldout,1,accepted,chat,384,0.7765,0.6653
p0050,heldout,4,unreached,chat,367,0.943,0.8217
p0051,heldout,3,rejected,chat,374,0.8356,0.7267
p0051,heldout,4,unreached,chat,374,0.9068,0.7955
p0052,heldout,1,rejected,chat,288,0.7836,0.7005
p0050,heldout,2,unreached,chat,369,0.7678,0.6603
p0052,heldout,1,accepted,chat,289,0.7688,0.6861
p0052,heldout,3,accepted,chat,289,0.8709,0.7788
p0055,heldout,3,unreached,chat,111,0.9993,0.9772
p0047,heldout,3,unreached,chat,391,0.8257,0.6912
p0052,heldout,2,unreached,chat,294,0.9028,0.7965
p0052,heldout,3,unreached,chat,294,0.9026,0.7895
p0050,heldout,2,accepted,chat,375,0.9203,0.8254
p0051,heldout,3,accepted,chat,382,0.7649,0.6771
p0052,heldout,3,unreached,chat,295,1.023,0.92
p0047,heldout,1,accepted,chat,394,0.966,0.9293
p0050,heldout,1,rejected,chat,379,0.6759,0.5724
p0052,heldout,4,unreached,chat,297,0.9345,0.8208
p0055,heldout,1,accepted,chat,118,0.8227,0.7121
p0051,heldout,3,unreached,chat,392,0.9726,0.9829
p0052,heldout,4,unreached,chat,298,0.8621,0.7799
p0055,heldout,1,rejected,chat,120,0.7936,0.6892
p0055,heldout,3,unreached,chat,120,0.9463,0.8379
p0055,heldout,4,unreached,chat,120,0.9391,0.8222
p0047,heldout,1,accepted,chat,401,0.7871,0.7204
p0050,heldout,2,rejected,chat,383,0.9088,0.7908
p0050,heldout,4,unreached,chat,383,0.8152,0.7811
p0051,heldout,2,accepted,chat,394,0.9515,0.8475
p0052,heldout,4,unreached,chat,301,0.9227,0.8195
p0055,heldout,4,unreached,chat,121,0.9728,0.8423
p0050,heldout,3,rejected,chat,385,0.9983,0.9009
p0051,heldout,2,accepted,chat,397,0.9303,0.8875
p0051,heldout,4,accepted,chat,397,0.8203,0.853
p0052,heldout,4,unreached,chat,302,0.8718,0.7552
p0055,heldout,1,accepted,chat,123,0.9256,0.7867
p0047,heldout,3,unreached,chat,405,0.848,0.7583
p0050,heldout,2,accepted,chat,388,0.8543,0.734
p0050,heldout,4,unreached,chat,388,0.9934,0.9084
p0052,heldout,1,accepted,chat,305,0.7182,0.6248
p0052,heldout,3,rejected,chat,305,0.8707,0.7663
p0055,heldout,1,rejected,chat,126,0.7837,0.6652
p0055,heldout,3,unreached,chat,126,1.086,1.047
p0051,heldout,2,rejected,chat,406,0.8352,0.7171
p0052,heldout,3,accepted,chat,308,0.8496,0.7524
p0047,heldout,4,accepted,chat,410,0.9755,0.8759
p0050,heldout,1,rejected,chat,392,0.795,0.7687
p0050,heldout,2,unreached,chat,392,0.7764,0.6486
p0052,heldout,4,unreached,chat,313,0.9564,0.806
p0055,heldout,2,unreached,chat,128,0.8921,0.7864
p0050,heldout,2,accepted,chat,393,0.9189,0.8822
p0051,heldout,1,accepted,chat,410,0.8143,0.7648
p0052,heldout,1,rejected,chat,314,0.8541,0.7621
p0052,heldout,3,unreached,chat,314,0.9335,0.7977
p0055,heldout,3,unreached,chat,129,0.9561,0.8884
p0047,heldout,4,unreached,chat,416,0.8338,0.7453
p0052,heldout,2,rejected,chat,315,0.9077,0.7852
p0052,heldout,4,unreached,chat,315,0.9408,0.8119
p0055,heldout,2,accepted,chat,131,0.92,0.8475
p0050,heldout,2,rejected,chat,397,0.8092,0.7272
p0051,heldout,2,unreached,chat,420,0.9076,0.8304
p0052,heldout,1,accepted,chat,317,0.8837,0.7609
p0055,heldout,4,accepted,chat,136,1.003,0.8762
p0052,heldout,3,accepted,chat,322,1.214,1.183
p0055,heldout,2,unreached,chat,141,0.8801,0.7646
p0050,heldout,4,accepted,chat,404,1.107,0.9721
p0051,heldout,1,rejected,chat,424,0.6551,0.5991
p0052,heldout,3,accepted,chat,327,1.112,0.9929
p0052,heldout,4,accepted,chat,327,1.178,1.139
p0055,heldout,2,accepted,chat,142,0.9258,0.8187
p0051,heldout,3,accepted,chat,425,1.139,1.05
p0051,heldout,4,accepted,chat,425,1.288,1.149
p0055,heldout,1,rejected,chat,145,0.5449,0.456
p0052,heldout,2,accepted,chat,334,0.8266,0.7024
p0055,heldout,2,unreached,chat,146,0.853,0.7348
p0052,heldout,3,rejected,chat,337,0.9259,0.8295
p0055,heldout,3,unreached,chat,147,0.922,0.7951
p0057,heldout,2,unreached,chat,25,0.8872,0.763
p0052,heldout,1,accepted,chat,340,0.9256,0.8058
p0052,heldout,4,unreached,chat,340,0.8403,0.7547
p0055,heldout,2,accepted,chat,148,0.8937,0.7674
p0055,heldout,4,unreached,chat,151,1.014,0.8723
p0057,heldout,1,accepted,chat,27,0.8606,0.7191
p0052,heldout,3,accepted,chat,346,1.002,0.8537
p0055,heldout,2,rejected,chat,152,0.9965,0.8966
p0055,heldout,3,unreached,chat,152,0.9572,0.7882
p0052,heldout,1,accepted,chat,350,0.8098,0.695
p0052,heldout,2,rejected,chat,352,0.84,0.7374
p0057,heldout,4,unreached,chat,32,0.9453,0.7542
p0052,heldout,1,accepted,chat,358,0.9123,0.7658
p0052,heldout,2,accepted,chat,358,0.8624,0.7207
p0052,heldout,4,unreached,chat,358,0.9649,0.8718
p0055,heldout,1,accepted,chat,161,0.6654,0.5788
p0057,heldout,1,rejected,chat,38,0.7637,0.6195
p0057,heldout,2,unreached,chat,38,0.8732,0.7008
p0057,heldout,3,unreached,chat,38,0.8975,0.7648
p0052,heldout,3,unreached,chat,361,0.7961,0.6747
p0052,heldout,4,rejected,chat,362,1.036,0.946
p0055,heldout,2,unreached,chat,166,0.8872,0.7803
p0055,heldout,4,unreached,chat,166,1.049,0.913
p0057,heldout,3,unreached,chat,40,0.8508,0.6722
p0057,heldout,4,unreached,chat,40,0.8627,0.7253
p0055,heldout,1,accepted,chat,167,0.7977,0.661
p0055,heldout,2,rejected,chat,167,0.8894,0.7744
p0052,heldout,4,unreached,chat,370,1.041,0.9563
p0055,heldout,1,accepted,chat,169,0.8999,0.7995
p0055,heldout,4,unreached,chat,169,0.8497,0.7195
p0057,heldout,3,accepted,chat,42,1.388,1.09
p0052,heldout,4,unreached,chat,372,0.8102,0.7591
p0055,heldout,3,unreached,chat,175,0.9173,0.8488
p0052,heldout,1,rejected,chat,379,0.736,0.6513
p0055,heldout,2,accepted,chat,179,0.9235,0.8821
p0052,heldout,4,accepted,chat,380,1.021,0.936
p0052,heldout,2,accepted,chat,385,0.7212,0.6832
p0055,heldout,1,accepted,chat,185,0.7838,0.7185
p0052,heldout,1,accepted,chat,390,1.186,1.187
p0052,heldout,3,rejected,chat,390,0.9966,0.9246
p0055,heldout,3,unreached,chat,187,0.8893,0.7913
p0052,heldout,3,rejected,chat,393,0.8585,0.7646
p0055,heldout,3,unreached,chat,188,0.9356,0.8417
p0052,heldout,2,accepted,chat,396,1.081,0.978
p0052,heldout,4,rejected,chat,396,1.02,0.9307
p0055,heldout,1,rejected,chat,189,0.6857,0.5796
p0055,heldout,3,unreached,chat,189,0.9054,0.7842
p0052,heldout,2,accepted,chat,400,0.9739,0.8816
p0052,heldout,4,unreached,chat,400,1.042,0.9533
p0055,heldout,1,accepted,chat,190,0.7863,0.6938
p0055,heldout,4,unreached,chat,190,0.8405,0.7108
p0052,heldout,2,accepted,chat,406,0.8508,0.749
p0055,heldout,1,accepted,chat,193,0.8602,0.8407
p0055,heldout,1,rejected,chat,196,0.8812,0.7629
p0055,heldout,2,unreached,chat,196,0.8762,0.7728
p0055,heldout,3,unreached,chat,196,0.8195,0.7018
p0055,heldout,4,unreached,chat,196,0.9135,0.8154
p0052,heldout,4,unreached,chat,412,0.9286,0.8129
p0055,heldout,1,accepted,chat,197,0.6856,0.587
p0055,heldout,4,unreached,chat,197,0.9868,0.8978
p0052,heldout,2,rejected,chat,414,0.85,0.7387
p0052,heldout,3,unreached,chat,414,0.8824,0.7723
p0055,heldout,3,unreached,chat,199,0.8797,0.7929
p0055,heldout,4,unreached,chat,199,0.9038,0.8174
p0052,heldout,2,unreached,chat,416,0.8816,0.7992
p0052,heldout,4,unreached,chat,416,0.9301,0.84
p0055,heldout,1,accepted,chat,201,0.8749,0.7566
p0055,heldout,2,accepted,chat,201,0.9742,0.9521
p0055,heldout,1,accepted,chat,206,0.7821,0.7026
p0055,heldout,4,unreached,chat,208,0.9008,0.7603
p0055,heldout,3,unreached,chat,210,0.86,0.7256
p0052,heldout,2,accepted,chat,422,0.91,0.8432
p0055,heldout,3,unreached,chat,212,0.8895,0.8638
p0052,heldout,3,accepted,chat,425,0.9582,0.8493
p0055,heldout,4,unreached,chat,214,0.8845,0.8243
p0052,heldout,2,unreached,chat,430,0.8399,0.7174
p0052,heldout,4,unreached,chat,430,0.8772,0.7757
p0055,heldout,4,unreached,chat,216,0.8488,0.8005
p0052,heldout,3,unreached,chat,431,0.9223,0.822
p0052,heldout,3,unreached,chat,432,1.037,0.9366
p0055,heldout,3,unreached,chat,225,0.939,0.8766
p0052,heldout,1,accepted,chat,435,0.749,0.693
p0052,heldout,2,accepted,chat,435,0.9163,0.8026
p0052,heldout,3,rejected,chat,435,0.9255,0.8563
p0052,heldout,4,unreached,chat,435,0.9632,0.8644
p0055,heldout,2,unreached,chat,226,0.906,0.8083
p0052,heldout,4,unreached,chat,438,0.9965,0.9022
p0055,heldout,2,accepted,chat,227,0.9674,0.8337
p0055,heldout,3,rejected,chat,227,0.9473,0.8878
p0055,heldout,3,unreached,chat,230,0.8349,0.7461
p0061,heldout,3,accepted,chat,38,1.3,1.161
p0052,heldout,4,unreached,chat,443,0.9164,0.8391
p0055,heldout,1,accepted,chat,231,1.04,0.9398
p0055,heldout,3,rejected,chat,231,0.9711,0.875
p0061,heldout,1,accepted,chat,48,0.8307,0.728
p0061,heldout,4,accepted,chat,48,1.258,1.239
p0052,heldout,2,accepted,chat,448,0.8882,0.8168
p0052,heldout,3,accepted,chat,448,1.171,1.078
p0055,heldout,2,rejected,chat,236,0.86,0.8241
p0055,heldout,3,unreached,chat,236,0.8551,0.8157
p0052,heldout,1,accepted,chat,453,1.187,1.103
p0052,heldout,2,accepted,chat,453,0.9206,0.8566
p0055,heldout,1,rejected,chat,238,0.7963,0.669
p0055,heldout,2,unreached,chat,238,1.107,1.077
p0055,heldout,3,unreached,chat,238,0.9231,0.8271
p0061,heldout,3,accepted,chat,58,1.274,1.263
p0052,heldout,4,unreached,chat,458,0.8962,0.777
p0055,heldout,1,accepted,chat,239,0.7976,0.7764
p0055,heldout,4,unreached,chat,239,0.9209,0.7553
p0052,heldout,2,rejected,chat,461,1.04,0.9465
p0061,heldout,2,accepted,chat,66,0.862,0.792
p0052,heldout,2,rejected,chat,463,0.9385,0.8032
p0055,heldout,1,accepted,chat,243,0.8735,0.735
p0055,heldout,2,rejected,chat,243,0.9306,0.7773
p0052,heldout,1,accepted,chat,465,0.8405,0.7414
p0052,heldout,2,accepted,chat,465,0.8484,0.7659
p0055,heldout,1,rejected,chat,245,0.788,0.7015
p0061,heldout,3,accepted,chat,73,0.8628,0.7371
p0055,heldout,3,rejected,chat,246,0.9575,0.837
p0061,heldout,1,rejected,chat,77,0.7233,0.6227
p0061,heldout,3,unreached,chat,77,1.044,0.9566
p0061,heldout,2,accepted,chat,78,1.171,1.11
p0061,heldout,3,rejected,chat,88,0.8919,0.7582
p0062,heldout,3,accepted,chat,37,0.9056,0.8259
p0062,heldout,4,accepted,chat,37,1.305,1.264
p0061,heldout,3,accepted,chat,91,1.262,1.139
p0062,heldout,2,accepted,chat,42,1.09,1.007
p0055,heldout,1,accepted,chat,260,0.7142,0.6347
p0055,heldout,3,unreached,chat,260,0.8659,0.7562
p0061,heldout,3,accepted,chat,96,1.08,1.034
p0062,heldout,4,unreached,chat,47,0.9998,0.8976
p0055,heldout,1,rejected,chat,262,0.7785,0.6613
p0055,heldout,2,unreached,chat,262,0.7888,0.685
p0062,heldout,1,accepted,chat,49,1.248,1.121
p0062,heldout,2,accepted,chat,49,0.8814,0.8142
p0055,heldout,1,accepted,chat,263,0.7932,0.7244
p0055,heldout,2,rejected,chat,263,0.8122,0.7249
p0055,heldout,3,unreached,chat,263,0.8884,0.7708
p0061,heldout,3,unreached,chat,103,0.8736,0.7757
p0062,heldout,1,accepted,chat,54,0.7527,0.7036
p0055,heldout,3,rejected,chat,265,0.8578,0.7378
p0062,heldout,2,accepted,chat,59,1.127,1.005
p0055,heldout,1,accepted,chat,268,0.8333,0.7074
p0063,heldout,3,accepted,chat,91,1.056,0.9742
p0063,heldout,4,rejected,chat,91,1.015,0.9114
p0055,heldout,4,unreached,chat,271,0.9591,0.8762
p0062,heldout,1,accepted,chat,69,0.5266,0.4366
p0062,heldout,4,accepted,chat,69,1.021,0.8625
p0062,heldout,2,rejected,chat,74,1.074,1.096
p0055,heldout,4,unreached,chat,277,0.9188,0.8005
p0061,heldout,1,accepted,chat,120,0.9563,0.8665
p0061,heldout,2,rejected,chat,120,0.8009,0.6896
p0062,heldout,3,accepted,chat,76,1.239,1.105
p0063,heldout,2,rejected,chat,102,0.957,0.8372
p0063,heldout,3,unreached,chat,102,1.002,0.8798
p0063,heldout,4,unreached,chat,102,0.9227,0.7863
p0061,heldout,3,accepted,chat,122,0.845,0.7811
p0062,heldout,1,accepted,chat,81,0.9618,0.9254
p0063,heldout,2,rejected,chat,104,0.8497,0.7239
p0063,heldout,3,unreached,chat,104,0.8472,0.7548
p0055,heldout,2,accepted,chat,281,0.9096,0.813
p0061,heldout,3,accepted,chat,126,1.133,1.114
p0063,heldout,1,rejected,chat,106,0.7536,0.6776
p0061,heldout,1,accepted,chat,131,0.9098,0.8833
p0062,heldout,2,unreached,chat,89,0.8129,0.7048
p0063,heldout,1,accepted,chat,107,0.8164,0.7104
p0063,heldout,3,rejected,chat,107,0.817,0.7623
p0061,heldout,2,rejected,chat,136,0.7964,0.7875
p0062,heldout,1,accepted,chat,90,0.9933,0.8872
p0062,heldout,3,rejected,chat,90,0.8793,0.7708
p0055,heldout,4,unreached,chat,289,1.187,1.119
p0061,heldout,4,accepted,chat,138,1.012,0.9932
p0062,heldout,1,accepted,chat,93,0.7504,0.6854
p0062,heldout,3,accepted,chat,93,0.9019,0.8013
p0062,heldout,4,accepted,chat,93,0.879,0.7539
p0063,heldout,1,rejected,chat,111,0.8857,0.8439
p0055,heldout,2,rejected,chat,291,0.8766,0.7411
p0055,heldout,3,unreached,chat,291,0.9124,0.7908
p0055,heldout,4,unreached,chat,291,1.036,0.9207
p0061,heldout,1,accepted,chat,143,0.9473,0.9306
p0061,heldout,2,accepted,chat,143,1.118,1.095
p0062,heldout,3,unreached,chat,98,0.8575,0.74
p0062,heldout,2,accepted,chat,99,0.7734,0.6818
p0063,heldout,4,unreached,chat,115,0.8737,0.7961
p0055,heldout,2,rejected,chat,296,0.9228,0.793
p0062,heldout,1,accepted,chat,104,1.031,0.9199
p0062,heldout,3,accepted,chat,104,0.8004,0.7642
p0063,heldout,1,accepted,chat,117,0.8751,0.8016
p0063,heldout,3,unreached,chat,117,0.9163,0.8809
p0055,heldout,1,accepted,chat,298,1.068,0.9931
p0055,heldout,3,unreached,chat,298,0.942,0.8418
p0055,heldout,4,unreached,chat,298,0.8456,0.7039
p0061,heldout,1,accepted,chat,156,0.9518,0.8661
p0062,heldout,1,accepted,chat,109,0.8297,0.7543
p0063,heldout,1,rejected,chat,119,0.9873,0.9683
p0061,heldout,3,unreached,chat,158,0.8505,0.7533
p0063,heldout,3,accepted,chat,120,0.8654,0.8274
p0055,heldout,2,accepted,chat,301,0.8996,0.8311
p0055,heldout,3,accepted,chat,301,0.9299,0.8439
p0055,heldout,4,unreached,chat,306,0.9487,0.8193
p0062,heldout,1,rejected,chat,116,0.7184,0.6458
p0062,heldout,2,unreached,chat,116,0.8193,0.757
p0055,heldout,3,rejected,chat,307,0.9311,0.7932
p0055,heldout,4,unreached,chat,307,1.023,0.8961
p0055,heldout,1,accepted,chat,310,0.7911,0.7252
p0062,heldout,3,rejected,chat,122,0.9723,0.9171
p0055,heldout,3,accepted,chat,313,1.06,0.9658
p0061,heldout,2,accepted,chat,171,0.8724,0.7747
p0062,heldout,3,unreached,chat,125,1.125,1.03
p0062,heldout,1,accepted,chat,126,1.018,0.92
p0062,heldout,3,rejected,chat,126,0.8627,0.7497
p0063,heldout,3,unreached,chat,139,0.8164,0.6794
p0055,heldout,4,accepted,chat,318,1.064,0.9764
p0061,heldout,1,accepted,chat,178,0.8481,0.7842
p0063,heldout,3,unreached,chat,140,0.8916,0.7983
p0061,heldout,1,accepted,chat,180,0.6917,0.5976
p0061,heldout,2,accepted,chat,180,0.9051,0.8354
p0061,heldout,3,rejected,chat,180,0.9538,0.865
p0062,heldout,4,unreached,chat,134,1.042,0.9949
p0062,heldout,2,accepted,chat,137,0.9528,0.8949
p0064,heldout,4,accepted,chat,42,1.081,0.997
p0061,heldout,2,unreached,chat,186,0.7783,0.6719
p0061,heldout,3,unreached,chat,186,0.8053,0.6718
p0061,heldout,4,unreached,chat,186,0.8944,0.8255
p0062,heldout,1,accepted,chat,140,0.811,0.6528
p0063,heldout,2,rejected,chat,147,0.9311,0.839
p0063,heldout,3,unreached,chat,147,0.926,0.8333
p0063,heldout,4,unreached,chat,147,0.9935,0.8948
p0064,heldout,1,accepted,chat,47,0.7658,0.676
p0061,heldout,4,unreached,chat,187,1.015,0.8748
p0064,heldout,1,accepted,chat,52,0.7495,0.6357
p0061,heldout,1,accepted,chat,190,0.8781,0.7994
p0062,heldout,2,rejected,chat,148,1.046,0.9558
p0063,heldout,3,rejected,chat,152,0.9551,0.8312
p0064,heldout,1,accepted,chat,56,0.6131,0.5105
p0064,heldout,2,accepted,chat,56,0.7558,0.6598
p0062,heldout,2,accepted,chat,150,0.7561,0.6644
p0063,heldout,3,unreached,chat,155,0.9754,0.832
p0064,heldout,2,unreached,chat,61,0.9047,0.7476
p0065,heldout,4,unreached,chat,77,1.06,0.9786
p0061,heldout,2,unreached,chat,195,0.8409,0.7393
p0062,heldout,1,accepted,chat,155,1.032,0.9488
p0062,heldout,4,accepted,chat,155,0.8592,0.8346
p0063,heldout,2,accepted,chat,156,0.9204,0.8287
p0064,heldout,3,unreached,chat,62,0.8187,0.7132
p0065,heldout,2,unreached,chat,79,1.039,0.9557
p0064,heldout,2,rejected,chat,64,0.7655,0.6563
p0061,heldout,1,accepted,chat,201,0.7254,0.7504
p0062,heldout,1,accepted,chat,165,0.7473,0.6075
p0062,heldout,3,accepted,chat,165,0.8097,0.7681
p0062,heldout,4,accepted,chat,165,1.055,0.9654
p0063,heldout,4,unreached,chat,161,0.87,0.7807
p0065,heldout,4,accepted,chat,83,0.9514,0.8641
p0062,heldout,3,unreached,chat,170,0.8258,0.7305
p0062,heldout,4,unreached,chat,170,0.7336,0.6913
p0063,heldout,2,unreached,chat,164,0.8594,0.7598
p0063,heldout,4,unreached,chat,164,0.9943,0.8521
p0061,heldout,1,accepted,chat,210,0.7575,0.6341
p0061,heldout,2,rejected,chat,210,0.9238,0.8398
p0062,heldout,2,accepted,chat,171,0.8676,0.7616
p0065,heldout,2,rejected,chat,90,0.9417,0.8132
p0065,heldout,3,unreached,chat,90,0.922,0.8326
p0061,heldout,2,rejected,chat,212,0.8304,0.7304
p0062,heldout,3,unreached,chat,174,1.145,1.132
p0064,heldout,2,unreached,chat,71,0.9429,0.8259
p0065,heldout,1,accepted,chat,92,0.782,0.6961
p0061,heldout,2,rejected,chat,214,0.9283,0.8315
p0062,heldout,3,unreached,chat,175,0.7149,0.6715
p0064,heldout,1,accepted,chat,72,0.8905,0.7913
p0064,heldout,2,rejected,chat,72,0.8153,0.7313
p0064,heldout,3,unreached,chat,72,0.9195,0.9058
p0065,heldout,3,unreached,chat,94,0.9448,0.8467
p0061,heldout,3,unreached,chat,216,0.8128,0.7139
p0062,heldout,1,accepted,chat,176,1.202,1.199
p0062,heldout,2,accepted,chat,176,0.9363,0.836
p0062,heldout,4,accepted,chat,176,0.813,0.7628
p0063,heldout,1,rejected,chat,172,0.8439,0.7414
p0063,heldout,2,unreached,chat,172,0.8317,0.7098
p0064,heldout,4,accepted,chat,74,0.9097,0.8856
p0065,heldout,4,unreached,chat,96,0.9837,0.8944
p0061,heldout,1,rejected,chat,218,0.6428,0.5721
p0061,heldout,3,unreached,chat,218,0.8954,0.7827
p0061,heldout,4,unreached,chat,218,0.9178,0.7948
p0062,heldout,2,accepted,chat,181,0.9546,0.8991
p0062,heldout,3,accepted,chat,181,0.6965,0.6324
p0063,heldout,1,rejected,chat,173,0.8015,0.7193
p0063,heldout,3,unreached,chat,173,0.9198,0.815
p0063,heldout,4,unreached,chat,173,0.9446,0.8428
p0065,heldout,2,rejected,chat,97,0.853,0.769
p0061,heldout,2,rejected,chat,219,0.822,0.6784
p0063,heldout,2,unreached,chat,174,0.8785,0.8387
p0064,heldout,2,rejected,chat,84,0.8481,0.7233
p0065,heldout,3,unreached,chat,99,0.9764,0.8875
p0065,heldout,4,unreached,chat,99,0.9064,0.8163
p0062,heldout,3,unreached,chat,187,0.832,0.746
p0063,heldout,4,unreached,chat,175,1.033,0.9081
p0064,heldout,1,accepted,chat,86,0.6948,0.6794
p0064,heldout,3,accepted,chat,86,1.136,1.086
p0064,heldout,4,accepted,chat,86,1.142,1.114
p0065,heldout,2,accepted,chat,101,0.8002,0.7167
p0062,heldout,4,unreached,chat,188,0.8284,0.7483
p0065,heldout,1,accepted,chat,104,0.8902,0.7653
p0062,heldout,3,accepted,chat,189,0.952,0.8976
p0065,heldout,3,unreached,chat,106,0.8578,0.7372
p0065,heldout,4,unreached,chat,106,0.9125,0.7647
p0062,heldout,3,unreached,chat,193,0.9972,0.8868
p0062,heldout,4,unreached,chat,193,0.9273,0.8471
p0063,heldout,4,unreached,chat,180,0.8989,0.8361
p0064,heldout,1,accepted,chat,97,0.7196,0.6294
p0064,heldout,3,accepted,chat,97,0.9768,0.8522
p0064,heldout,4,accepted,chat,97,0.9809,0.9046
p0061,heldout,2,rejected,chat,230,0.6565,0.571
p0062,heldout,2,rejected,chat,195,0.7323,0.6655
p0062,heldout,3,unreached,chat,195,0.9267,0.846
p0064,heldout,2,accepted,chat,102,0.9296,0.8053
p0061,heldout,2,rejected,chat,232,0.7876,0.6943
p0064,heldout,4,rejected,chat,107,0.9908,0.8915
p0065,heldout,1,accepted,chat,111,0.8087,0.708
p0065,heldout,3,unreached,chat,111,0.9507,0.8547
p0065,heldout,4,unreached,chat,111,0.8705,0.7873
p0064,heldout,2,accepted,chat,111,1.001,0.9405
p0064,heldout,3,accepted,chat,111,0.9458,0.8363
p0061,heldout,4,unreached,chat,235,0.9065,0.8731
p0062,heldout,1,accepted,chat,204,0.9423,0.8466
p0062,heldout,3,unreached,chat,204,0.7841,0.7164
p0063,heldout,2,rejected,chat,186,0.7771,0.6743
p0063,heldout,4,unreached,chat,186,0.9566,0.8667
p0065,heldout,3,unreached,chat,115,0.8552,0.7435
p0062,heldout,3,accepted,chat,206,1.16,1.092
p0062,heldout,4,accepted,chat,206,1.007,0.9672
p0061,heldout,2,accepted,chat,240,0.8513,0.7325
p0062,heldout,3,unreached,chat,211,0.8128,0.7519
p0062,heldout,4,unreached,chat,211,0.8576,0.8352
p0064,heldout,2,accepted,chat,120,0.9225,0.798
p0065,heldout,2,accepted,chat,119,1.053,0.9406
p0062,heldout,1,accepted,chat,212,0.883,0.7911
p0063,heldout,1,accepted,chat,195,0.7695,0.6779
p0063,heldout,2,rejected,chat,195,0.8562,0.7265
p0063,heldout,4,unreached,chat,195,0.842,0.7669
p0065,heldout,4,unreached,chat,122,0.8499,0.759
p0061,heldout,4,unreached,chat,247,0.9605,0.8276
p0063,heldout,1,accepted,chat,197,0.778,0.652
p0063,heldout,4,accepted,chat,197,0.9357,0.9384
p0064,heldout,1,rejected,chat,128,0.7763,0.6166
p0064,heldout,3,unreached,chat,128,0.7784,0.6718
p0064,heldout,4,unreached,chat,128,0.8494,0.7065
p0065,heldout,1,rejected,chat,123,0.78,0.6943
p0065,heldout,4,unreached,chat,123,0.9689,0.8317
p0061,heldout,1,rejected,chat,250,0.7879,0.6963
p0061,heldout,3,unreached,chat,250,0.8995,0.7747
p0062,heldout,2,accepted,chat,220,0.7542,0.6033
p0063,heldout,1,accepted,chat,202,0.8803,0.8659
p0063,heldout,3,unreached,chat,202,0.9872,0.8702
p0063,heldout,4,unreached,chat,202,1.009,0.8746
p0064,heldout,2,rejected,chat,129,0.8347,0.7173
p0064,heldout,4,unreached,chat,129,0.8283,0.7306
p0065,heldout,2,rejected,chat,124,0.8619,0.7259
p0065,heldout,3,unreached,chat,124,0.7505,0.6738
p0065,heldout,4,unreached,chat,124,0.8144,0.7088
p0061,heldout,2,rejected,chat,251,0.8563,0.7508
p0062,heldout,2,accepted,chat,225,0.786,0.7185
p0062,heldout,3,rejected,chat,225,0.775,0.7314
p0065,heldout,1,rejected,chat,126,0.7545,0.6337
p0065,heldout,2,unreached,chat,126,0.8154,0.6857
p0061,heldout,1,accepted,chat,253,0.8794,0.8141
p0063,heldout,1,accepted,chat,207,0.976,0.9157
p0063,heldout,2,accepted,chat,207,0.8623,0.759
p0064,heldout,3,unreached,chat,136,0.771,0.674
p0065,heldout,3,unreached,chat,127,0.8385,0.7513
p0061,heldout,4,accepted,chat,258,1.129,1.069
p0062,heldout,3,unreached,chat,233,0.9058,0.8457
p0063,heldout,3,accepted,chat,211,0.9272,0.8449
p0064,heldout,2,unreached,chat,137,0.742,0.6616
p0062,heldout,1,accepted,chat,235,1.063,0.9286
p0062,heldout,2,accepted,chat,235,0.8504,0.7251
p0062,heldout,1,rejected,chat,238,0.5926,0.5102
p0062,heldout,4,unreached,chat,238,1.192,1.21
p0064,heldout,3,rejected,chat,140,0.8426,0.7257
p0065,heldout,4,rejected,chat,132,1.034,0.9443
p0062,heldout,1,rejected,chat,239,0.8369,0.7856
p0062,heldout,2,unreached,chat,239,0.7341,0.6323
p0063,heldout,2,rejected,chat,220,0.8518,0.767
p0064,heldout,2,unreached,chat,143,0.7837,0.739
p0065,heldout,4,unreached,chat,136,0.9047,0.7972
p0061,heldout,1,accepted,chat,275,0.7652,0.6232
p0061,heldout,3,accepted,chat,275,0.9724,0.8531
p0062,heldout,2,rejected,chat,240,0.765,0.6411
p0063,heldout,1,accepted,chat,222,0.686,0.5733
p0063,heldout,3,accepted,chat,222,1.074,1.039
p0061,heldout,3,unreached,chat,280,0.9385,0.8215
p0061,heldout,4,unreached,chat,280,0.9977,0.8727
p0062,heldout,1,accepted,chat,242,0.6884,0.5741
p0063,heldout,2,accepted,chat,227,0.9362,0.8943
p0063,heldout,4,unreached,chat,227,0.8226,0.7455
p0064,heldout,1,accepted,chat,145,0.8078,0.7235
p0065,heldout,3,unreached,chat,141,1.102,0.9439
p0061,heldout,2,rejected,chat,282,0.8832,0.7373
p0061,heldout,3,unreached,chat,282,0.9561,0.8233
p0062,heldout,3,accepted,chat,247,0.8669,0.7383
p0063,heldout,2,accepted,chat,230,1.168,1.137
p0064,heldout,1,rejected,chat,147,0.6132,0.4865
p0061,heldout,2,rejected,chat,284,0.827,0.7098
p0061,heldout,3,unreached,chat,284,0.8704,0.7443
p0062,heldout,4,unreached,chat,252,1.1,1.011
p0063,heldout,1,rejected,chat,235,0.697,0.6092
p0065,heldout,2,accepted,chat,143,0.878,0.7652
p0061,heldout,2,rejected,chat,286,0.768,0.6631
p0061,heldout,4,unreached,chat,286,0.9164,0.8286
p0062,heldout,4,unreached,chat,255,0.9258,0.8767
p0065,heldout,2,rejected,chat,148,0.8999,0.7854
p0061,heldout,4,accepted,chat,288,1.094,1.081
p0062,heldout,2,unreached,chat,257,0.8578,0.7986
p0062,heldout,4,unreached,chat,257,0.9361,0.8131
p0064,heldout,1,accepted,chat,151,1.002,0.8293
p0064,heldout,2,accepted,chat,151,0.9176,0.796
p0065,heldout,3,accepted,chat,150,1.076,1.004
p0061,heldout,3,unreached,chat,293,0.8651,0.8939
p0061,heldout,4,unreached,chat,293,0.8937,0.7884
p0062,heldout,1,accepted,chat,258,0.8897,0.7645
p0062,heldout,3,rejected,chat,258,1.163,1.119
p0062,heldout,4,unreached,chat,258,1.101,1.034
p0064,heldout,2,unreached,chat,155,0.7814,0.6636
p0064,heldout,4,unreached,chat,155,0.9907,0.9025
p0065,heldout,3,rejected,chat,154,0.9463,0.8896
p0061,heldout,1,rejected,chat,294,0.5037,0.4656
p0061,heldout,2,unreached,chat,294,0.9672,0.9537
p0061,heldout,3,unreached,chat,294,0.9119,0.8462
p0062,heldout,1,accepted,chat,261,1.036,0.9411
p0062,heldout,4,unreached,chat,261,1.122,1.058
p0063,heldout,1,accepted,chat,243,0.7334,0.6109
p0065,heldout,3,unreached,chat,157,0.81,0.7303
p0063,heldout,3,unreached,chat,246,0.9417,0.8145
p0064,heldout,4,unreached,chat,161,0.9001,0.8077
p0065,heldout,1,accepted,chat,158,0.8398,0.7448
p0065,heldout,2,rejected,chat,158,0.8877,0.8057
p0065,heldout,3,unreached,chat,158,0.8722,0.7794
p0061,heldout,2,accepted,chat,299,0.8866,0.8396
p0063,heldout,4,accepted,chat,248,0.9843,0.9278
p0064,heldout,2,accepted,chat,162,0.9157,0.7778
p0064,heldout,4,accepted,chat,162,1.056,0.9325
p0065,heldout,3,unreached,chat,160,0.9929,0.8682
p0064,heldout,3,accepted,chat,167,0.8554,0.7279
p0064,heldout,4,accepted,chat,167,0.8108,0.6722
p0065,heldout,3,unreached,chat,161,0.9534,0.8224
p0061,heldout,2,accepted,chat,306,0.8916,0.8027
p0062,heldout,1,accepted,chat,277,0.8213,0.7149
p0062,heldout,2,accepted,chat,277,0.8661,0.747
p0063,heldout,3,accepted,chat,258,0.9468,0.8038
p0064,heldout,1,rejected,chat,172,0.6079,0.4919
p0065,heldout,1,accepted,chat,163,1.038,0.9914
p0066,heldout,4,unreached,chat,62,1.003,0.8806
p0068,heldout,1,accepted,chat,26,0.7799,0.6788
p0068,heldout,3,unreached,chat,26,0.9301,0.8187
p0062,heldout,1,accepted,chat,281,0.9352,0.8402
p0062,heldout,3,rejected,chat,281,0.9211,0.8124
p0063,heldout,1,accepted,chat,262,0.8058,0.6816
p0063,heldout,2,rejected,chat,262,0.8945,0.7902
p0064,heldout,1,accepted,chat,173,0.653,0.5192
p0064,heldout,4,unreached,chat,173,0.9545,0.845
p0065,heldout,3,unreached,chat,166,0.8792,0.8166
p0066,heldout,1,accepted,chat,64,0.7247,0.6397
p0066,heldout,4,unreached,chat,64,0.9431,0.8282
p0061,heldout,4,unreached,chat,316,0.8673,0.7969
p0062,heldout,4,accepted,chat,284,1.034,0.9007
p0065,heldout,1,rejected,chat,167,0.8994,0.7997
p0065,heldout,4,unreached,chat,167,0.7943,0.7079
p0068,heldout,4,unreached,chat,33,0.9107,0.7819
p0061,heldout,3,accepted,chat,318,0.9121,0.785
p0062,heldout,1,accepted,chat,289,1.078,1.004
p0062,heldout,2,accepted,chat,289,0.9165,0.9071
p0063,heldout,4,unreached,chat,266,0.9171,0.7977
p0064,heldout,3,unreached,chat,180,0.8,0.7236
p0065,heldout,2,unreached,chat,168,0.8901,0.806
p0066,heldout,3,unreached,chat,69,0.9473,0.8277
p0066,heldout,4,unreached,chat,69,0.9513,0.8092
p0061,heldout,2,accepted,chat,323,1.04,1.036
p0061,heldout,4,accepted,chat,323,1.042,0.9245
p0062,heldout,4,accepted,chat,292,0.7874,0.7067
p0063,heldout,2,accepted,chat,268,0.8672,0.7475
p0066,heldout,3,rejected,chat,70,0.9225,0.8019
p0068,heldout,1,accepted,chat,36,0.8073,0.7864
p0068,heldout,3,accepted,chat,36,0.9383,0.8571
p0061,heldout,4,accepted,chat,328,1.214,1.099
p0063,heldout,1,accepted,chat,272,0.7882,0.6721
p0063,heldout,2,rejected,chat,272,0.8949,0.7752
p0063,heldout,3,unreached,chat,272,0.9181,0.8017
p0064,heldout,1,accepted,chat,184,0.7841,0.6505
p0064,heldout,3,unreached,chat,184,0.921,0.8411
p0064,heldout,4,unreached,chat,184,0.9403,0.8414
p0066,heldout,1,rejected,chat,73,0.8388,0.7177
p0062,heldout,4,accepted,chat,300,0.9069,0.9691
p0063,heldout,1,rejected,chat,274,0.6793,0.5815
p0064,heldout,2,rejected,chat,186,0.7271,0.6286
p0064,heldout,4,unreached,chat,186,0.8343,0.772
p0066,heldout,4,unreached,chat,74,0.8769,0.8016
p0061,heldout,2,unreached,chat,337,0.7837,0.7553
p0063,heldout,2,rejected,chat,275,0.9196,0.9164
p0065,heldout,1,accepted,chat,178,0.6937,0.6125
p0066,heldout,2,rejected,chat,76,0.8891,0.8083
p0066,heldout,3,unreached,chat,76,0.9416,0.8908
p0068,heldout,3,unreached,chat,43,1.018,0.9528
p0061,heldout,4,rejected,chat,338,0.9068,0.8787
p0062,heldout,1,accepted,chat,307,0.7344,0.535
p0062,heldout,3,accepted,chat,307,0.678,0.6021
p0064,heldout,3,unreached,chat,193,1.195,1.091
p0068,heldout,1,accepted,chat,44,0.8257,0.7617
p0061,heldout,2,unreached,chat,342,0.8179,0.7056
p0062,heldout,2,accepted,chat,312,0.8617,0.8377
p0063,heldout,1,accepted,chat,280,1.001,0.9912
p0064,heldout,3,unreached,chat,195,0.8286,0.7245
p0066,heldout,2,accepted,chat,79,0.9252,0.8225
p0066,heldout,3,accepted,chat,79,0.9861,0.8746
p0061,heldout,1,accepted,chat,343,0.8995,0.8008
p0061,heldout,2,accepted,chat,343,1.024,0.9067
p0061,heldout,4,accepted,chat,343,1.242,1.165
p0063,heldout,2,unreached,chat,285,0.8164,0.6993
p0064,heldout,1,accepted,chat,197,0.8679,0.7379
p0064,heldout,3,unreached,chat,197,0.7769,0.6707
p0065,heldout,2,unreached,chat,186,0.8489,0.7567
p0066,heldout,1,rejected,chat,83,0.8094,0.6812
p0066,heldout,2,unreached,chat,83,0.9653,0.8564
p0068,heldout,3,accepted,chat,52,0.8322,0.7685
p0068,heldout,4,accepted,chat,52,0.8676,0.8526
p0061,heldout,2,accepted,chat,348,0.7209,0.6668
p0062,heldout,1,accepted,chat,322,1.004,0.8851
p0062,heldout,4,accepted,chat,322,0.8879,0.8057
p0063,heldout,1,accepted,chat,286,0.8194,0.7183
p0063,heldout,2,rejected,chat,286,0.7872,0.6715
p0063,heldout,3,unreached,chat,286,0.9823,0.9113
p0064,heldout,1,accepted,chat,199,0.7568,0.6276
p0065,heldout,4,unreached,chat,187,0.9122,0.8415
p0066,heldout,2,accepted,chat,84,0.9475,0.8365
p0066,heldout,4,unreached,chat,84,0.9913,0.8753
p0061,heldout,2,rejected,chat,353,0.8733,0.7572
p0062,heldout,3,unreached,chat,327,0.995,0.8154
p0063,heldout,4,unreached,chat,288,0.9417,0.7911
p0064,heldout,3,unreached,chat,201,0.9135,0.8257
p0064,heldout,4,unreached,chat,201,0.8463,0.7302
p0065,heldout,2,accepted,chat,190,1.024,0.9476
p0066,heldout,4,rejected,chat,87,0.9202,0.8216
p0068,heldout,2,accepted,chat,62,1.03,1.035
p0064,heldout,4,unreached,chat,203,0.9207,0.8096
p0066,heldout,2,accepted,chat,91,1.009,0.9125
p0066,heldout,3,accepted,chat,91,0.8824,0.7487
p0068,heldout,4,accepted,chat,67,0.8426,0.7739
p0061,heldout,3,unreached,chat,358,1.006,1.011
p0063,heldout,4,accepted,chat,292,1.009,0.9031
p0066,heldout,1,accepted,chat,96,0.7442,0.6913
p0068,heldout,2,unreached,chat,72,0.9872,0.9007
p0061,heldout,3,accepted,chat,359,0.999,1.01
p0063,heldout,4,rejected,chat,297,0.9917,0.8668
p0064,heldout,1,accepted,chat,209,0.7071,0.6286
p0066,heldout,3,accepted,chat,101,0.9639,0.8225
p0068,heldout,1,rejected,chat,73,0.9964,0.876
p0068,heldout,2,unreached,chat,73,0.9049,0.7992
p0062,heldout,1,accepted,chat,344,1.059,0.8911
p0062,heldout,2,accepted,chat,344,0.8443,0.7225
p0065,heldout,1,accepted,chat,196,0.971,0.8945
p0065,heldout,4,unreached,chat,196,0.9037,0.7788
p0066,heldout,2,accepted,chat,105,1.089,0.9905
p0066,heldout,3,accepted,chat,105,1.035,0.9719
p0068,heldout,2,accepted,chat,74,0.9633,0.9258
p0061,heldout,4,unreached,chat,369,0.9339,0.8075
p0062,heldout,2,accepted,chat,349,0.8068,0.6855
p0062,heldout,4,rejected,chat,349,0.819,0.8798
p0064,heldout,1,accepted,chat,217,1.06,0.9152
p0064,heldout,3,rejected,chat,217,0.8947,0.8049
p0065,heldout,1,accepted,chat,198,0.6971,0.6258
p0066,heldout,1,accepted,chat,109,0.8726,0.765
p0066,heldout,2,accepted,chat,109,0.9288,0.7885
p0061,heldout,1,rejected,chat,371,0.8315,0.7176
p0061,heldout,3,unreached,chat,371,0.889,0.7559
p0061,heldout,4,unreached,chat,371,0.9333,0.8805
p0062,heldout,2,accepted,chat,353,1.213,1.147
p0062,heldout,3,accepted,chat,353,1.025,0.9596
p0063,heldout,3,unreached,chat,304,0.8985,0.8447
p0064,heldout,4,accepted,chat,220,1.063,1
p0066,heldout,2,unreached,chat,112,0.9617,0.8508
p0066,heldout,3,unreached,chat,112,0.916,0.8184
p0066,heldout,4,unreached,chat,112,0.8861,0.791
p0068,heldout,4,unreached,chat,78,0.8757,0.8355
p0062,heldout,1,accepted,chat,358,1.034,1.018
p0062,heldout,2,accepted,chat,358,0.9801,0.8877
p0063,heldout,3,rejected,chat,306,0.7946,0.7023
p0064,heldout,2,accepted,chat,225,0.9586,0.9733
p0065,heldout,1,rejected,chat,202,0.6311,0.5261
p0065,heldout,2,unreached,chat,202,0.9076,0.821
p0068,heldout,1,rejected,chat,79,0.7309,0.694
p0061,heldout,2,rejected,chat,377,0.9145,0.8164
p0061,heldout,4,unreached,chat,377,1.014,1.086
p0063,heldout,2,rejected,chat,309,0.8827,0.8409
p0063,heldout,3,unreached,chat,309,0.8166,0.7351
p0064,heldout,4,accepted,chat,228,0.9595,0.8403
p0065,heldout,1,accepted,chat,203,0.7534,0.6524
p0065,heldout,2,accepted,chat,203,0.928,0.836
p0062,heldout,1,accepted,chat,368,0.5831,0.4861
p0063,heldout,2,accepted,chat,311,0.8476,0.7852
p0066,heldout,1,accepted,chat,118,0.834,0.7056
p0062,heldout,3,accepted,chat,370,0.7902,0.7128
p0063,heldout,2,accepted,chat,314,0.7934,0.7021
p0063,heldout,3,accepted,chat,314,0.8172,0.7403
p0065,heldout,1,rejected,chat,209,0.901,0.7937
p0065,heldout,3,unreached,chat,209,0.9308,0.8318
p0066,heldout,2,accepted,chat,123,1.005,0.8427
p0064,heldout,1,rejected,chat,241,0.897,0.7928
p0064,heldout,2,unreached,chat,241,0.8193,0.7197
p0065,heldout,4,unreached,chat,210,0.9435,0.8104
p0066,heldout,2,accepted,chat,126,0.9016,0.7761
p0061,heldout,1,accepted,chat,390,0.5854,0.5063
p0061,heldout,2,accepted,chat,390,1.011,0.9886
p0062,heldout,3,accepted,chat,379,1.077,0.9151
p0064,heldout,1,accepted,chat,242,1.045,0.946
p0064,heldout,3,accepted,chat,242,0.9323,0.8746
p0066,heldout,1,accepted,chat,129,0.5913,0.4905
p0062,heldout,1,accepted,chat,383,0.7526,0.7042
p0062,heldout,2,rejected,chat,383,0.7966,0.7256
p0062,heldout,3,unreached,chat,383,0.7987,0.7191
p0062,heldout,4,unreached,chat,383,0.7349,0.678
p0063,heldout,2,unreached,chat,321,0.9623,0.8254
p0065,heldout,1,rejected,chat,212,0.8788,0.7508
p0065,heldout,2,unreached,chat,212,0.9313,0.8603
p0068,heldout,1,accepted,chat,90,0.8854,0.7385
p0061,heldout,1,accepted,chat,399,0.568,0.5232
p0062,heldout,3,rejected,chat,385,0.9431,0.8636
p0063,heldout,1,accepted,chat,322,0.9077,0.8237
p0063,heldout,4,unreached,chat,322,0.9904,0.8366
p0064,heldout,3,accepted,chat,251,0.8882,0.7938
p0064,heldout,4,accepted,chat,251,1.003,1.015
p0065,heldout,1,rejected,chat,213,0.8776,0.7659
p0065,heldout,3,unreached,chat,213,0.9084,0.8019
p0065,heldout,4,unreached,chat,213,0.9569,0.8264
p0066,heldout,1,accepted,chat,138,0.8363,0.6978
p0063,heldout,4,unreached,chat,325,0.9999,0.9099
p0064,heldout,3,unreached,chat,256,0.9979,0.8852
p0065,heldout,1,rejected,chat,214,0.9186,0.7743
p0065,heldout,4,unreached,chat,214,0.9543,0.8161
p0066,heldout,1,accepted,chat,143,0.6343,0.5236
p0061,heldout,3,unreached,chat,406,0.8705,0.7774
p0061,heldout,4,unreached,chat,406,0.9532,0.849
p0065,heldout,4,rejected,chat,215,0.9979,0.8931
p0066,heldout,1,accepted,chat,146,0.8956,0.8149
p0066,heldout,3,unreached,chat,146,0.8687,0.7265
p0068,heldout,3,rejected,chat,100,0.9344,0.848
p0061,heldout,2,unreached,chat,407,0.6742,0.6477
p0061,heldout,3,unreached,chat,407,0.8273,0.7082
p0062,heldout,3,rejected,chat,398,1.169,1.117
p0063,heldout,4,unreached,chat,327,0.8477,0.7337
p0064,heldout,2,accepted,chat,262,0.7993,0.7748
p0065,heldout,4,rejected,chat,219,0.8385,0.7599
p0068,heldout,1,rejected,chat,103,0.6029,0.525
p0068,heldout,2,unreached,chat,103,1.078,1.008
p0061,heldout,2,unreached,chat,408,1.149,1.128
p0061,heldout,4,unreached,chat,408,1.055,0.9652
p0062,heldout,4,unreached,chat,401,0.8993,0.8168
p0063,heldout,2,accepted,chat,328,0.8687,0.7732
p0063,heldout,4,unreached,chat,328,0.92,0.801
p0064,heldout,2,accepted,chat,265,0.8267,0.758
p0064,heldout,3,rejected,chat,265,0.9848,1.041
p0066,heldout,1,accepted,chat,153,1.049,0.9294
p0066,heldout,4,unreached,chat,153,0.9076,0.8846
p0068,heldout,2,rejected,chat,104,0.8888,0.7601
p0068,heldout,4,unreached,chat,104,0.8926,0.8005
p0062,heldout,2,rejected,chat,404,1.227,1.162
p0063,heldout,1,accepted,chat,331,0.7128,0.6058
p0063,heldout,2,accepted,chat,331,1.126,1.042
p0064,heldout,1,accepted,chat,268,0.8209,0.7783
p0064,heldout,2,accepted,chat,268,1.129,0.9646
p0065,heldout,4,unreached,chat,224,0.9662,0.8307
p0068,heldout,4,unreached,chat,106,0.8448,0.7164
p0063,heldout,1,accepted,chat,335,0.6786,0.5692
p0063,heldout,2,accepted,chat,335,0.7918,0.7075
p0064,heldout,2,rejected,chat,271,0.7798,0.6386
p0065,heldout,1,accepted,chat,225,0.9865,0.919
p0065,heldout,4,unreached,chat,225,1.03,0.8815
p0068,heldout,2,accepted,chat,107,0.7291,0.6074
p0061,heldout,3,unreached,chat,411,0.947,0.9301
p0062,heldout,2,accepted,chat,411,1.013,0.9257
p0062,heldout,4,accepted,chat,411,0.8619,0.7497
p0063,heldout,1,accepted,chat,340,1.064,0.9553
p0063,heldout,3,accepted,chat,340,0.7549,0.7222
p0063,heldout,4,accepted,chat,340,0.8189,0.7075
p0065,heldout,1,accepted,chat,227,0.7882,0.7055
p0066,heldout,2,accepted,chat,161,1.045,0.9594
p0061,heldout,1,accepted,chat,413,1.027,0.9881
p0061,heldout,3,unreached,chat,413,0.8748,0.7901
p0065,heldout,2,rejected,chat,229,0.9212,0.8174
p0066,heldout,1,accepted,chat,165,0.7578,0.6258
p0066,heldout,3,accepted,chat,165,0.9993,0.9336
p0068,heldout,3,unreached,chat,112,0.9616,0.8268
p0063,heldout,1,accepted,chat,348,0.8664,0.7792
p0063,heldout,2,rejected,chat,348,0.9106,0.8091
p0063,heldout,4,unreached,chat,348,1.108,0.9665
p0064,heldout,4,unreached,chat,279,0.7417,0.6206
p0065,heldout,1,rejected,chat,231,1.048,0.9214
p0066,heldout,2,accepted,chat,169,1.087,1.006
p0066,heldout,3,accepted,chat,169,1.031,0.9825
p0061,heldout,3,accepted,chat,416,0.7081,0.6309
p0063,heldout,4,unreached,chat,350,0.9315,0.7565
p0064,heldout,3,unreached,chat,282,1.145,1.108
p0066,heldout,2,accepted,chat,174,0.8607,0.8101
p0066,heldout,4,unreached,chat,174,1.11,1.043
p0068,heldout,2,accepted,chat,115,0.9347,0.8056
p0063,heldout,2,accepted,chat,351,0.9803,0.8335
p0063,heldout,4,unreached,chat,351,0.9075,0.7866
p0064,heldout,3,accepted,chat,283,0.8854,0.8443
p0065,heldout,1,accepted,chat,234,0.9135,0.7992
p0065,heldout,4,unreached,chat,234,0.9598,0.8333
p0066,heldout,1,accepted,chat,177,0.7351,0.6512
p0066,heldout,4,unreached,chat,177,1.033,1.016
p0068,heldout,1,accepted,chat,118,0.8551,0.7264
p0068,heldout,3,unreached,chat,118,0.8869,0.8052
p0063,heldout,1,accepted,chat,354,0.7814,0.656
p0064,heldout,4,unreached,chat,287,0.8528,0.754
p0065,heldout,2,rejected,chat,237,0.9004,0.8005
p0065,heldout,3,unreached,chat,237,0.9195,0.8616
p0068,heldout,1,accepted,chat,120,0.9439,0.8392
p0068,heldout,3,unreached,chat,120,0.8482,0.7744
p0070,heldout,3,unreached,chat,46,0.9131,0.7423
p0070,heldout,4,unreached,chat,46,0.8948,0.7415
p0064,heldout,4,unreached,chat,289,0.9309,0.8078
p0065,heldout,3,unreached,chat,239,0.9276,0.8013
p0066,heldout,4,unreached,chat,181,1.283,1.316
p0068,heldout,2,rejected,chat,122,0.8385,0.7144
p0068,heldout,4,unreached,chat,122,0.8467,0.7713
p0070,heldout,4,unreached,chat,47,0.9412,0.7876
p0063,heldout,3,unreached,chat,359,0.8532,0.785
p0066,heldout,4,accepted,chat,182,1.131,1.145
p0068,heldout,4,unreached,chat,124,0.9884,0.9623
p0063,heldout,2,rejected,chat,360,0.9728,0.8793
p0064,heldout,1,accepted,chat,294,0.8808,0.7451
p0068,heldout,2,unreached,chat,126,0.9338,0.9082
p0068,heldout,3,unreached,chat,126,0.9116,0.8376
p0070,heldout,1,accepted,chat,52,0.8564,0.818
p0063,heldout,3,accepted,chat,362,0.8804,0.7731
p0066,heldout,2,accepted,chat,190,0.8014,0.7311
p0068,heldout,2,unreached,chat,127,0.8483,0.7222
p0068,heldout,4,unreached,chat,127,0.8875,0.8453
p0070,heldout,3,accepted,chat,54,0.792,0.7305
p0063,heldout,4,unreached,chat,366,0.916,0.8355
p0064,heldout,1,accepted,chat,300,0.7043,0.628
p0065,heldout,3,accepted,chat,245,1.047,0.9318
p0066,heldout,1,accepted,chat,195,0.795,0.6989
p0068,heldout,1,accepted,chat,128,0.7369,0.6514
p0070,heldout,2,rejected,chat,58,0.7967,0.7098
p0064,heldout,3,accepted,chat,305,0.8832,0.8232
p0066,heldout,1,accepted,chat,197,0.862,0.7324
p0066,heldout,3,accepted,chat,197,0.8441,0.7477
p0068,heldout,3,unreached,chat,130,0.9082,0.7924
p0068,heldout,4,unreached,chat,130,0.9445,0.7751
p0070,heldout,1,accepted,chat,60,0.7694,0.6427
p0070,heldout,4,unreached,chat,60,0.7975,0.7108
p0063,heldout,3,unreached,chat,371,0.9699,0.887
p0064,heldout,1,accepted,chat,310,1.004,0.9336
p0065,heldout,3,unreached,chat,251,0.8822,0.7662
p0068,heldout,3,unreached,chat,132,1.065,1.051
p0063,heldout,2,accepted,chat,373,0.9272,0.8634
p0063,heldout,3,accepted,chat,373,0.8839,0.7533
p0065,heldout,1,rejected,chat,253,0.8975,0.7793
p0066,heldout,1,accepted,chat,207,0.5658,0.5073
p0066,heldout,2,accepted,chat,207,1.14,1.073
p0066,heldout,4,unreached,chat,207,1.024,0.9162
p0063,heldout,1,rejected,chat,378,0.7823,0.6592
p0065,heldout,1,rejected,chat,254,0.9096,0.8213
p0065,heldout,2,unreached,chat,254,0.9664,0.8384
p0068,heldout,1,accepted,chat,136,1.106,1.075
p0070,heldout,3,rejected,chat,66,0.7997,0.6405
p0070,heldout,4,unreached,chat,66,0.9288,0.7636
p0063,heldout,1,rejected,chat,379,0.7105,0.6224
p0063,heldout,2,unreached,chat,379,0.8143,0.7248
p0064,heldout,1,rejected,chat,321,0.8707,0.8004
p0064,heldout,4,unreached,chat,321,1.018,0.9993
p0065,heldout,1,rejected,chat,255,0.632,0.5485
p0065,heldout,3,unreached,chat,255,0.8877,0.8328
p0066,heldout,3,unreached,chat,213,1.113,1.041
p0068,heldout,3,accepted,chat,138,0.9502,0.8565
p0068,heldout,4,rejected,chat,138,0.9699,0.8687
p0070,heldout,2,unreached,chat,69,1.096,1.092
p0063,heldout,2,unreached,chat,380,0.8302,0.6938
p0063,heldout,3,unreached,chat,380,0.9103,0.8022
p0065,heldout,2,accepted,chat,256,1.078,0.9868
p0066,heldout,3,rejected,chat,215,0.9022,0.7956
p0068,heldout,4,unreached,chat,142,0.9063,0.804
p0070,heldout,2,unreached,chat,70,1.02,0.9808
p0070,heldout,4,unreached,chat,70,0.8241,0.7075
p0063,heldout,3,unreached,chat,381,0.8603,0.7258
p0065,heldout,2,rejected,chat,260,0.8885,0.7749
p0065,heldout,4,unreached,chat,260,0.9558,0.8124
p0066,heldout,1,accepted,chat,218,0.9747,0.9374
p0066,heldout,3,unreached,chat,218,1.06,1.034
p0066,heldout,4,unreached,chat,218,0.9919,0.8998
p0068,heldout,1,accepted,chat,145,0.7207,0.6335
p0068,heldout,4,accepted,chat,145,0.9249,0.8276
p0070,heldout,3,accepted,chat,71,1.037,1.033
p0070,heldout,4,accepted,chat,71,0.7906,0.7313
p0064,heldout,1,accepted,chat,328,0.843,0.8203
p0068,heldout,4,unreached,chat,150,0.9763,0.8592
p0063,heldout,1,accepted,chat,384,0.6756,0.5818
p0063,heldout,3,accepted,chat,384,0.8326,0.7273
p0063,heldout,4,accepted,chat,384,0.8687,0.7639
p0066,heldout,1,accepted,chat,222,0.8575,0.6902
p0066,heldout,2,rejected,chat,222,0.8145,0.7093
p0068,heldout,3,unreached,chat,152,0.8448,0.7452
p0064,heldout,2,accepted,chat,337,0.8884,0.8061
p0066,heldout,1,accepted,chat,224,1.091,1.036
p0066,heldout,3,unreached,chat,224,0.8229,0.7026
p0068,heldout,1,rejected,chat,153,0.9357,0.7636
p0068,heldout,2,unreached,chat,153,0.9306,0.8389
p0070,heldout,2,accepted,chat,80,0.798,0.682
p0063,heldout,1,accepted,chat,390,0.888,0.7973
p0063,heldout,3,unreached,chat,390,0.9177,0.8268
p0064,heldout,2,accepted,chat,342,1.004,0.9695
p0064,heldout,3,accepted,chat,342,0.8046,0.7826
p0068,heldout,2,unreached,chat,154,0.9277,0.8311
p0068,heldout,3,unreached,chat,154,0.8826,0.7681
p0070,heldout,1,rejected,chat,85,0.6441,0.5619
p0064,heldout,1,accepted,chat,346,0.8037,0.7556
p0064,heldout,2,accepted,chat,346,0.6952,0.634
p0065,heldout,2,unreached,chat,273,1.023,0.9168
p0065,heldout,4,unreached,chat,273,0.9001,0.7742
p0068,heldout,2,unreached,chat,155,0.7991,0.6842
p0063,heldout,4,unreached,chat,395,0.9392,0.8203
p0064,heldout,1,accepted,chat,351,1.174,1.219
p0064,heldout,2,accepted,chat,351,0.842,0.8136
p0066,heldout,1,accepted,chat,230,0.9603,0.9535
p0066,heldout,2,rejected,chat,230,1.16,1.164
p0070,heldout,1,accepted,chat,87,0.6866,0.5957
p0070,heldout,3,unreached,chat,87,0.776,0.6543
p0063,heldout,1,accepted,chat,396,0.8121,0.73
p0064,heldout,1,accepted,chat,354,0.8158,0.6892
p0064,heldout,2,rejected,chat,354,0.8104,0.7189
p0065,heldout,2,unreached,chat,275,0.7434,0.6508
p0066,heldout,2,rejected,chat,232,1.045,0.9791
p0066,heldout,4,unreached,chat,232,1.116,1.087
p0068,heldout,3,accepted,chat,158,0.8868,0.8372
p0063,heldout,4,accepted,chat,399,1.07,0.9915
p0064,heldout,4,unreached,chat,356,0.9516,0.8753
p0065,heldout,1,rejected,chat,276,0.765,0.6682
p0065,heldout,4,unreached,chat,276,0.9744,0.8861
p0068,heldout,2,accepted,chat,163,0.9782,0.9845
p0068,heldout,3,rejected,chat,163,0.8632,0.839
p0070,heldout,1,rejected,chat,91,0.7545,0.6388
p0063,heldout,3,unreached,chat,404,0.9535,0.8368
p0063,heldout,4,unreached,chat,404,0.9528,0.8359
p0066,heldout,2,accepted,chat,239,0.9557,0.9841
p0066,heldout,4,accepted,chat,239,0.9122,0.8051
p0068,heldout,2,rejected,chat,166,0.9927,0.8948
p0064,heldout,4,accepted,chat,360,1.009,0.9368
p0065,heldout,1,rejected,chat,278,0.7829,0.7129
p0068,heldout,1,accepted,chat,168,0.8652,0.8019
p0068,heldout,4,unreached,chat,168,0.9862,0.9484
p0070,heldout,1,accepted,chat,94,0.7019,0.6038
p0064,heldout,1,accepted,chat,365,0.9646,0.894
p0064,heldout,3,accepted,chat,365,0.8538,0.8142
p0065,heldout,3,accepted,chat,279,1.073,1.012
p0066,heldout,1,accepted,chat,249,0.8222,0.7265
p0066,heldout,3,accepted,chat,249,1.12,1.082
p0070,heldout,1,rejected,chat,97,0.728,0.6135
p0070,heldout,3,unreached,chat,97,0.8867,0.7487
p0063,heldout,1,rejected,chat,411,0.9049,0.7708
p0063,heldout,2,unreached,chat,411,0.8632,0.7686
p0065,heldout,3,accepted,chat,283,0.8976,0.8652
p0065,heldout,4,rejected,chat,283,0.923,0.8297
p0070,heldout,4,accepted,chat,98,0.9372,0.8287
p0063,heldout,1,accepted,chat,412,0.6662,0.5343
p0064,heldout,1,accepted,chat,375,0.7181,0.663
p0065,heldout,1,accepted,chat,287,1.054,1.006
p0066,heldout,2,rejected,chat,259,0.954,0.8508
p0068,heldout,4,unreached,chat,178,0.9825,0.89
p0070,heldout,1,rejected,chat,103,0.6885,0.5926
p0063,heldout,2,accepted,chat,417,0.8271,0.7394
p0068,heldout,1,accepted,chat,179,0.8549,0.7621
p0068,heldout,2,accepted,chat,179,0.8607,0.757
p0068,heldout,3,rejected,chat,179,0.8768,0.7755
p0070,heldout,3,unreached,chat,104,0.7945,0.6675
p0065,heldout,1,accepted,chat,293,0.7582,0.684
p0070,heldout,3,unreached,chat,105,0.8535,0.7185
p0063,heldout,1,accepted,chat,421,0.765,0.6533
p0068,heldout,3,unreached,chat,183,0.8387,0.7381
p0068,heldout,4,unreached,chat,183,0.8596,0.7589
p0070,heldout,3,accepted,chat,106,0.7741,0.6371
p0070,heldout,4,rejected,chat,106,0.8807,0.6877
p0064,heldout,2,accepted,chat,392,0.952,0.889
p0064,heldout,3,accepted,chat,392,0.9396,0.875
p0065,heldout,3,rejected,chat,299,0.8178,0.698
p0068,heldout,1,rejected,chat,184,0.8444,0.7874
p0064,heldout,2,accepted,chat,397,0.6357,0.5451
p0064,heldout,3,accepted,chat,397,0.9283,0.9036
p0065,heldout,4,unreached,chat,302,0.8317,0.7536
p0066,heldout,1,accepted,chat,273,1.05,1.066
p0066,heldout,3,accepted,chat,273,1.146,1.127
p0068,heldout,3,unreached,chat,185,0.893,0.8289
p0068,heldout,4,unreached,chat,185,0.8775,0.7409
p0070,heldout,4,unreached,chat,113,0.8414,0.7221
p0063,heldout,4,unreached,chat,426,0.9872,0.8746
p0064,heldout,3,accepted,chat,402,1.169,1.268
p0064,heldout,4,rejected,chat,402,0.808,0.8176
p0065,heldout,2,accepted,chat,305,0.8968,0.8219
p0065,heldout,4,unreached,chat,305,0.9188,0.7941
p0066,heldout,3,rejected,chat,277,0.7864,0.6778
p0068,heldout,1,accepted,chat,187,0.7545,0.6676
p0070,heldout,3,unreached,chat,114,0.9212,0.8197
p0065,heldout,1,accepted,chat,308,0.9312,0.8712
p0065,heldout,2,accepted,chat,308,0.8308,0.6776
p0065,heldout,4,unreached,chat,308,0.8082,0.7283
p0066,heldout,2,unreached,chat,280,1.16,1.141
p0066,heldout,4,unreached,chat,280,1.162,1.093
p0064,heldout,2,accepted,chat,411,0.8273,0.717
p0064,heldout,4,rejected,chat,411,0.8962,0.7964
p0070,heldout,1,accepted,chat,117,0.6621,0.5336
p0070,heldout,3,unreached,chat,117,0.8063,0.6733
p0063,heldout,4,unreached,chat,430,0.8516,0.7769
p0066,heldout,2,accepted,chat,286,0.8966,0.8211
p0066,heldout,3,rejected,chat,286,0.849,0.7562
p0068,heldout,2,unreached,chat,191,0.8673,0.7601
p0064,heldout,2,accepted,chat,416,0.9708,0.9517
p0064,heldout,3,accepted,chat,416,0.8473,0.7395
p0065,heldout,3,unreached,chat,317,1.055,0.9455
p0066,heldout,4,unreached,chat,289,0.9187,0.8983
p0068,heldout,2,unreached,chat,192,0.8484,0.8194
p0070,heldout,2,accepted,chat,121,0.957,0.826
p0063,heldout,1,accepted,chat,433,0.8024,0.731
p0065,heldout,1,accepted,chat,319,0.8485,0.755
p0070,heldout,4,unreached,chat,124,0.903,0.7385
p0063,heldout,3,unreached,chat,435,0.9447,0.8393
p0063,heldout,4,unreached,chat,435,0.9223,0.7907
p0064,heldout,2,unreached,chat,421,0.8993,0.7543
p0064,heldout,4,unreached,chat,421,1.156,1.072
p0065,heldout,1,accepted,chat,321,0.8006,0.7168
p0065,heldout,2,accepted,chat,321,0.7851,0.7347
p0066,heldout,1,rejected,chat,295,0.7039,0.6775
p0066,heldout,2,unreached,chat,295,0.8316,0.7742
p0070,heldout,2,rejected,chat,126,0.7828,0.69
p0063,heldout,4,unreached,chat,437,0.8803,0.7458
p0064,heldout,1,accepted,chat,422,0.8163,0.7262
p0064,heldout,3,unreached,chat,422,0.9043,0.8244
p0064,heldout,4,unreached,chat,422,0.9275,0.8081
p0065,heldout,3,rejected,chat,326,0.9813,0.9065
p0065,heldout,4,unreached,chat,326,0.938,0.8779
p0070,heldout,1,accepted,chat,128,0.755,0.6495
p0070,heldout,4,rejected,chat,128,1.082,0.9118
p0063,heldout,1,accepted,chat,439,0.7123,0.6063
p0064,heldout,1,accepted,chat,424,0.6696,0.5774
p0065,heldout,1,accepted,chat,329,0.7049,0.6102
p0065,heldout,2,rejected,chat,329,0.8192,0.7227
p0070,heldout,1,rejected,chat,132,0.7047,0.5446
p0070,heldout,3,unreached,chat,132,1.024,0.9609
p0063,heldout,2,accepted,chat,441,0.847,0.7284
p0065,heldout,1,accepted,chat,331,0.7166,0.6618
p0065,heldout,4,unreached,chat,331,0.8563,0.7236
p0066,heldout,3,rejected,chat,300,0.8814,0.8047
p0068,heldout,1,accepted,chat,198,0.9174,0.847
p0068,heldout,3,unreached,chat,198,0.8195,0.7333
p0068,heldout,4,unreached,chat,198,0.839,0.7521
p0063,heldout,3,unreached,chat,444,1.327,1.324
p0063,heldout,4,unreached,chat,444,1.034,1.019
p0065,heldout,1,accepted,chat,333,0.7355,0.6628
p0065,heldout,3,rejected,chat,333,0.8327,0.7192
p0066,heldout,3,accepted,chat,303,1.033,0.9593
p0068,heldout,2,rejected,chat,200,0.8216,0.6866
p0068,heldout,4,unreached,chat,200,0.919,0.8329
p0070,heldout,1,accepted,chat,134,1.016,1.012
p0070,heldout,4,accepted,chat,134,0.9655,0.8663
p0063,heldout,4,unreached,chat,445,1.013,0.895
p0065,heldout,4,unreached,chat,336,0.8606,0.768
p0068,heldout,1,rejected,chat,202,0.783,0.6988
p0068,heldout,2,unreached,chat,202,0.8377,0.7355
p0070,heldout,1,rejected,chat,139,0.8071,0.696
p0070,heldout,2,unreached,chat,139,0.8625,0.779
p0063,heldout,4,accepted,chat,447,1.127,1.033
p0068,heldout,2,accepted,chat,203,1.101,1.052
p0063,heldout,1,rejected,chat,452,0.598,0.5339
p0065,heldout,3,unreached,chat,342,0.9667,0.8594
p0066,heldout,4,unreached,chat,312,0.8223,0.7363
p0068,heldout,3,accepted,chat,206,0.8988,0.7595
p0070,heldout,3,unreached,chat,141,0.9539,0.7937
p0070,heldout,4,unreached,chat,141,0.9335,0.7814
p0063,heldout,1,accepted,chat,453,0.8212,0.7156
p0063,heldout,4,unreached,chat,453,0.9753,0.8324
p0065,heldout,1,accepted,chat,343,0.8118,0.7433
p0065,heldout,3,unreached,chat,343,0.9647,0.8523
p0066,heldout,1,accepted,chat,313,1.122,1.117
p0066,heldout,2,rejected,chat,313,0.964,0.8364
p0068,heldout,1,rejected,chat,211,0.7258,0.6503
p0063,heldout,3,unreached,chat,456,0.8916,0.7834
p0066,heldout,1,rejected,chat,315,1.021,1.009
p0066,heldout,4,unreached,chat,315,0.8561,0.7845
p0068,heldout,2,unreached,chat,212,1.102,1.089
p0068,heldout,4,unreached,chat,212,0.877,0.7449
p0063,heldout,4,unreached,chat,458,0.8822,0.7815
p0065,heldout,2,unreached,chat,346,0.8026,0.6917
p0068,heldout,1,rejected,chat,213,1.101,1.07
p0063,heldout,3,accepted,chat,459,0.8852,0.7676
p0065,heldout,2,accepted,chat,347,0.8445,0.7206
p0068,heldout,3,unreached,chat,214,0.9427,0.8733
p0065,heldout,1,accepted,chat,352,0.5775,0.4752
p0066,heldout,3,accepted,chat,320,0.9867,0.8813
p0070,heldout,4,rejected,chat,154,0.7578,0.6619
p0065,heldout,1,accepted,chat,354,0.7131,0.6476
p0066,heldout,2,unreached,chat,325,0.8623,0.7532
p0066,heldout,3,unreached,chat,325,0.8654,0.7702
p0066,heldout,4,unreached,chat,325,0.911,0.8309
p0068,heldout,2,accepted,chat,221,0.956,0.8631
p0070,heldout,1,rejected,chat,158,0.8132,0.7154
p0070,heldout,3,unreached,chat,158,0.8945,0.751
p0068,heldout,3,unreached,chat,224,0.8832,0.7759
p0066,heldout,1,accepted,chat,328,0.6841,0.6185
p0068,heldout,4,accepted,chat,226,0.8293,0.7361
p0070,heldout,1,rejected,chat,161,0.6982,0.5828
p0070,heldout,3,unreached,chat,161,0.8683,0.7085
p0070,heldout,4,unreached,chat,161,0.8673,0.7065
p0065,heldout,2,unreached,chat,366,0.86,0.7384
p0066,heldout,2,accepted,chat,331,0.8655,0.7833
p0068,heldout,1,accepted,chat,231,0.6106,0.5187
p0065,heldout,1,accepted,chat,369,0.7864,0.7237
p0068,heldout,1,rejected,chat,238,0.8113,0.7014
p0065,heldout,4,unreached,chat,371,0.8256,0.7441
p0066,heldout,2,rejected,chat,339,0.7947,0.7064
p0068,heldout,2,unreached,chat,239,0.852,0.7329
p0065,heldout,4,unreached,chat,373,0.8118,0.7201
p0066,heldout,3,unreached,chat,341,0.8657,0.7817
p0068,heldout,4,unreached,chat,240,0.8701,0.7735
p0070,heldout,1,accepted,chat,171,0.7565,0.6216
p0070,heldout,2,accepted,chat,171,0.8177,0.7059
p0068,heldout,4,unreached,chat,243,0.7692,0.7359
p0070,heldout,3,accepted,chat,174,0.8352,0.8305
p0065,heldout,1,rejected,chat,377,0.7925,0.6905
p0066,heldout,1,rejected,chat,344,0.7419,0.641
p0068,heldout,1,accepted,chat,246,0.6803,0.6137
p0065,heldout,2,rejected,chat,378,0.9555,0.8461
p0068,heldout,3,unreached,chat,249,0.8653,0.7786
p0070,heldout,3,unreached,chat,180,0.8732,0.7802
p0068,heldout,3,unreached,chat,251,1.024,0.9161
p0070,heldout,3,unreached,chat,181,0.908,0.7641
p0070,heldout,4,unreached,chat,181,0.8726,0.7652
p0066,heldout,1,accepted,chat,349,0.6739,0.6121
p0066,heldout,2,accepted,chat,349,0.7901,0.7246
p0068,heldout,3,unreached,chat,252,1.002,0.9055
p0070,heldout,2,unreached,chat,182,0.7971,0.6716
p0065,heldout,1,accepted,chat,386,0.6988,0.5835
p0068,heldout,2,unreached,chat,254,0.9224,0.7904
p0070,heldout,3,rejected,chat,183,0.7727,0.7407
p0070,heldout,4,unreached,chat,183,0.8401,0.7181
p0065,heldout,3,rejected,chat,388,0.9389,0.8011
p0065,heldout,1,accepted,chat,391,0.9029,0.7719
p0065,heldout,4,unreached,chat,391,1.045,0.916
p0066,heldout,3,rejected,chat,355,0.9961,0.8953
p0068,heldout,4,unreached,chat,258,0.9539,0.8469
p0070,heldout,1,accepted,chat,188,0.7591,0.6184
p0070,heldout,4,unreached,chat,188,0.8633,0.7102
p0065,heldout,2,accepted,chat,393,0.837,0.7133
p0066,heldout,3,unreached,chat,358,0.9779,0.8247
p0068,heldout,1,accepted,chat,259,0.7544,0.707
p0068,heldout,4,unreached,chat,259,0.9368,0.8253
p0065,heldout,2,unreached,chat,397,0.9258,0.7828
p0065,heldout,3,unreached,chat,397,1.008,0.8499
p0065,heldout,4,unreached,chat,397,0.8984,0.7548
p0066,heldout,3,unreached,chat,360,0.959,0.8404
p0068,heldout,2,unreached,chat,261,0.8651,0.7493
p0070,heldout,3,accepted,chat,192,0.8745,0.8349
p0068,heldout,3,rejected,chat,262,1.012,0.9149
p0070,heldout,3,accepted,chat,196,0.8142,0.709
p0065,heldout,1,accepted,chat,400,0.8201,0.7249
p0065,heldout,4,unreached,chat,400,0.827,0.735
p0066,heldout,3,unreached,chat,363,0.8466,0.7769
p0066,heldout,4,unreached,chat,363,0.7692,0.7341
p0070,heldout,1,rejected,chat,200,0.7721,0.6357
p0070,heldout,4,unreached,chat,200,0.9084,0.7715
p0065,heldout,3,rejected,chat,402,0.8166,0.6891
p0065,heldout,4,unreached,chat,402,0.9253,0.7853
p0066,heldout,1,accepted,chat,365,0.7804,0.6734
p0068,heldout,3,unreached,chat,268,0.9281,0.9343
p0066,heldout,2,accepted,chat,370,0.9983,0.9512
p0070,heldout,3,rejected,chat,203,0.7469,0.7178
p0066,heldout,2,rejected,chat,373,0.8341,0.7503
p0068,heldout,1,accepted,chat,270,0.7529,0.646
p0070,heldout,2,rejected,chat,206,0.7325,0.6442
p0068,heldout,2,accepted,chat,272,0.8269,0.7706
p0065,heldout,4,unreached,chat,415,0.7892,0.7023
p0070,heldout,3,accepted,chat,212,0.9,0.8579
p0065,heldout,1,accepted,chat,417,0.8114,0.704
p0066,heldout,4,accepted,chat,382,0.9187,0.8194
p0068,heldout,2,accepted,chat,278,0.8536,0.693
p0065,heldout,3,rejected,chat,419,0.7614,0.7071
p0065,heldout,4,unreached,chat,419,0.8272,0.719
p0065,heldout,3,unreached,chat,422,0.9827,0.8958
p0066,heldout,4,unreached,chat,390,0.886,0.79
p0068,heldout,3,unreached,chat,283,0.8862,0.8357
p0065,heldout,2,rejected,chat,423,0.7935,0.7094
p0066,heldout,4,unreached,chat,394,0.8327,0.7274
p0068,heldout,4,accepted,chat,289,0.9876,0.8356
p0065,heldout,1,accepted,chat,427,0.8548,0.7689
p0065,heldout,3,accepted,chat,427,0.9201,0.8275
p0065,heldout,4,accepted,chat,427,0.9032,0.8116
p0066,heldout,3,accepted,chat,395,0.9059,0.8438
p0066,heldout,4,accepted,chat,395,0.9146,0.8591
p0065,heldout,2,accepted,chat,433,1.008,0.8986
p0065,heldout,4,rejected,chat,433,0.7942,0.7365
p0066,heldout,1,rejected,chat,403,0.6375,0.5523
p0066,heldout,2,unreached,chat,403,0.9857,0.8388
p0066,heldout,2,rejected,chat,404,0.9385,0.8357
p0066,heldout,3,unreached,chat,404,0.9044,0.7922
p0068,heldout,1,rejected,chat,304,0.6086,0.5276
p0065,heldout,1,accepted,chat,440,1.023,0.9457
p0065,heldout,2,accepted,chat,440,0.9994,0.8868
p0065,heldout,4,accepted,chat,440,0.9495,0.8943
p0066,heldout,1,accepted,chat,406,0.9193,0.82
p0068,heldout,4,unreached,chat,305,0.827,0.7762
p0065,heldout,3,accepted,chat,445,0.9347,0.8068
p0065,heldout,4,rejected,chat,445,0.9432,0.8145
p0066,heldout,1,rejected,chat,408,0.6876,0.5967
p0066,heldout,3,unreached,chat,408,0.9311,0.8913
p0065,heldout,1,accepted,chat,449,0.8224,0.7095
p0065,heldout,2,rejected,chat,449,0.9052,0.7827
p0066,heldout,1,rejected,chat,409,0.7181,0.6333
p0068,heldout,1,accepted,chat,311,0.8332,0.6707
p0066,heldout,3,unreached,chat,410,0.9296,0.8781
p0065,heldout,2,rejected,chat,453,0.847,0.7416
p0065,heldout,3,unreached,chat,453,0.8566,0.8074
p0066,heldout,1,accepted,chat,411,0.6845,0.593
p0066,heldout,3,accepted,chat,411,1.17,1.041
p0066,heldout,4,accepted,chat,411,1.084,0.9866
p0065,heldout,1,accepted,chat,455,0.752,0.7005
p0065,heldout,2,rejected,chat,455,0.7562,0.6385
p0065,heldout,4,unreached,chat,455,1.045,1.01
p0066,heldout,4,unreached,chat,416,0.9563,0.8963
p0068,heldout,4,unreached,chat,319,0.9336,0.9075
p0065,heldout,4,unreached,chat,457,0.9291,0.8431
p0066,heldout,1,rejected,chat,417,0.8499,0.7172
p0066,heldout,2,unreached,chat,417,0.8621,0.7692
p0068,heldout,4,unreached,chat,320,1.163,1.085
p0068,heldout,4,unreached,chat,323,1.304,1.279
p0066,heldout,1,rejected,chat,420,0.8595,0.7468
p0068,heldout,2,accepted,chat,326,1.003,0.9088
p0076,heldout,2,accepted,chat,28,1.271,1.12
p0066,heldout,3,unreached,chat,421,0.811,0.7325
p0068,heldout,4,unreached,chat,329,1.179,1.157
p0066,heldout,1,accepted,chat,422,0.799,0.7183
p0068,heldout,3,unreached,chat,331,1.141,1.137
p0076,heldout,4,accepted,chat,38,1.258,1.219
p0068,heldout,1,accepted,chat,332,0.8622,0.748
p0068,heldout,2,accepted,chat,332,1.072,1.046
p0068,heldout,4,rejected,chat,332,0.8453,0.8103
p0076,heldout,2,accepted,chat,43,1.039,1
p0076,heldout,4,accepted,chat,43,1.302,1.268
p0066,heldout,1,accepted,chat,430,0.8837,0.8303
p0066,heldout,4,accepted,chat,430,0.8893,0.8039
p0068,heldout,1,accepted,chat,336,0.9196,0.8181
p0076,heldout,2,accepted,chat,48,1.005,0.9403
p0066,heldout,1,accepted,chat,435,0.7439,0.6232
p0076,heldout,1,accepted,chat,53,1.255,1.232
p0066,heldout,3,unreached,chat,437,0.892,0.7616
p0066,heldout,2,accepted,chat,439,0.7275,0.649
p0068,heldout,4,unreached,chat,343,1.014,0.9057
p0076,heldout,4,accepted,chat,59,1.037,1.039
p0068,heldout,3,unreached,chat,346,0.8303,0.7569
p0076,heldout,3,accepted,chat,64,0.882,0.7948
p0068,heldout,2,rejected,chat,348,0.8911,0.8218
p0068,heldout,4,unreached,chat,350,0.9172,0.7526
p0076,heldout,4,unreached,chat,74,0.9817,0.9009
p0068,heldout,3,unreached,chat,351,0.8507,0.7401
p0076,heldout,3,rejected,chat,76,0.8866,0.8423
p0068,heldout,1,accepted,chat,353,0.7178,0.6373
p0068,heldout,2,accepted,chat,353,0.862,0.7106
p0076,heldout,1,accepted,chat,79,0.9752,0.9174
p0076,heldout,4,rejected,chat,79,0.9521,0.8129
p0068,heldout,1,accepted,chat,356,0.621,0.5383
p0076,heldout,1,accepted,chat,83,0.8687,0.8104
p0076,heldout,2,rejected,chat,83,0.9342,0.8191
p0076,heldout,3,unreached,chat,83,0.9519,0.8579
p0068,heldout,4,accepted,chat,359,0.9312,0.8325
p0076,heldout,2,accepted,chat,85,0.7558,0.6352
p0076,heldout,3,accepted,chat,85,1.082,1.048
p0077,heldout,1,accepted,chat,44,0.7509,0.6338
p0068,heldout,1,accepted,chat,364,0.7768,0.6573
p0068,heldout,2,accepted,chat,364,0.8387,0.7896
p0068,heldout,4,unreached,chat,364,0.8822,0.7883
p0077,heldout,2,unreached,chat,48,1.054,0.9817
p0068,heldout,1,accepted,chat,367,0.63,0.5722
p0068,heldout,3,rejected,chat,367,0.9219,0.8138
p0076,heldout,3,rejected,chat,92,0.847,0.7387
p0068,heldout,4,unreached,chat,370,1.01,0.8724
p0076,heldout,1,accepted,chat,95,1.103,1.04
p0076,heldout,3,accepted,chat,95,1.085,0.9524
p0077,heldout,2,rejected,chat,51,0.8034,0.6942
p0068,heldout,1,accepted,chat,372,1.034,0.9707
p0076,heldout,4,accepted,chat,100,0.9815,0.9298
p0068,heldout,2,rejected,chat,374,0.9083,0.8416
p0076,heldout,2,accepted,chat,105,0.8331,0.7473
p0077,heldout,4,rejected,chat,55,0.9441,0.8382
p0068,heldout,4,unreached,chat,376,1.011,1.012
p0076,heldout,2,accepted,chat,108,0.8261,0.6973
p0076,heldout,3,accepted,chat,108,0.7825,0.6936
p0077,heldout,2,rejected,chat,59,0.9655,0.8673
p0068,heldout,1,accepted,chat,377,0.6796,0.619
p0068,heldout,2,accepted,chat,377,0.8314,0.7373
p0068,heldout,4,rejected,chat,377,1.034,1.032
p0076,heldout,2,accepted,chat,113,1.146,1.062
p0077,heldout,2,unreached,chat,61,0.9611,0.8517
p0076,heldout,4,accepted,chat,117,0.8731,0.7697
p0077,heldout,2,unreached,chat,62,0.9311,0.8846
p0077,heldout,3,unreached,chat,62,0.8991,0.7645
p0068,heldout,2,rejected,chat,383,0.9053,0.7863
p0076,heldout,2,unreached,chat,122,0.7382,0.6085
p0076,heldout,3,unreached,chat,122,0.808,0.71
p0077,heldout,4,unreached,chat,63,1.01,0.9127
p0068,heldout,1,accepted,chat,385,1.004,0.9041
p0068,heldout,3,unreached,chat,385,0.9246,0.832
p0068,heldout,4,unreached,chat,385,0.9179,0.7882
p0076,heldout,4,unreached,chat,123,0.8717,0.7624
p0077,heldout,2,rejected,chat,65,0.9418,0.7995
p0068,heldout,1,rejected,chat,387,0.706,0.6284
p0068,heldout,4,unreached,chat,387,0.9273,0.844
p0076,heldout,1,rejected,chat,125,0.7655,0.6513
p0076,heldout,2,unreached,chat,125,0.7794,0.6611
p0077,heldout,1,accepted,chat,67,0.8579,0.7116
p0068,heldout,2,accepted,chat,388,0.8708,0.7717
p0077,heldout,3,accepted,chat,69,1.114,0.9537
p0068,heldout,2,unreached,chat,393,0.9339,0.8222
p0076,heldout,4,unreached,chat,130,1.023,0.9093
p0077,heldout,3,unreached,chat,74,1.02,0.9378
p0076,heldout,2,rejected,chat,131,0.758,0.627
p0077,heldout,1,accepted,chat,76,0.8549,0.7326
p0076,heldout,1,accepted,chat,133,0.7806,0.6728
p0077,heldout,2,rejected,chat,79,0.8495,0.7281
p0077,heldout,4,unreached,chat,79,0.9331,0.8108
p0077,heldout,1,accepted,chat,81,0.8102,0.6952
p0077,heldout,3,unreached,chat,81,0.9523,0.8614
p0077,heldout,2,unreached,chat,83,0.9732,0.8665
p0068,heldout,1,accepted,chat,399,0.7778,0.7054
p0068,heldout,2,accepted,chat,399,0.8332,0.8179
p0076,heldout,1,accepted,chat,145,0.794,0.737
p0076,heldout,4,accepted,chat,145,1.184,1.124
p0077,heldout,2,accepted,chat,84,0.8494,0.7549
p0068,heldout,1,accepted,chat,402,0.9917,0.9057
p0068,heldout,4,unreached,chat,402,0.764,0.7472
p0076,heldout,3,unreached,chat,150,0.815,0.6843
p0077,heldout,3,unreached,chat,87,0.9257,0.83
p0068,heldout,2,accepted,chat,404,0.7815,0.762
p0076,heldout,3,accepted,chat,152,0.8743,0.7682
p0077,heldout,1,accepted,chat,88,0.7463,0.6254
p0077,heldout,4,rejected,chat,88,0.9261,0.8455
p0076,heldout,3,unreached,chat,157,0.8437,0.7269
p0077,heldout,4,accepted,chat,92,1.161,1.095
p0077,heldout,4,unreached,chat,97,0.9342,0.8166
p0078,heldout,1,accepted,chat,19,1.321,1.263
p0078,heldout,3,accepted,chat,19,1.35,1.314
p0077,heldout,1,accepted,chat,99,0.6995,0.5899
p0076,heldout,4,accepted,chat,164,1.305,1.252
p0077,heldout,2,accepted,chat,104,0.9173,0.8091
p0078,heldout,1,accepted,chat,29,0.864,0.7636
p0077,heldout,4,unreached,chat,109,0.9588,0.8537
p0077,heldout,2,unreached,chat,110,0.9612,0.8121
p0077,heldout,3,unreached,chat,110,0.9107,0.8133
p0076,heldout,1,accepted,chat,177,0.9411,0.85
p0077,heldout,3,unreached,chat,111,0.8983,0.7823
p0078,heldout,2,accepted,chat,44,1.032,0.8626
p0078,heldout,4,accepted,chat,44,1.142,1.005
p0076,heldout,1,accepted,chat,181,0.7897,0.7574
p0077,heldout,4,accepted,chat,112,1.128,1.082
p0078,heldout,4,accepted,chat,49,1.143,1.073
p0076,heldout,2,rejected,chat,185,0.8014,0.7272
p0078,heldout,3,accepted,chat,54,0.9511,0.8576
p0078,heldout,4,accepted,chat,54,0.9989,0.8568
p0076,heldout,2,unreached,chat,187,0.9809,0.9783
p0077,heldout,3,unreached,chat,120,0.8791,0.7741
p0077,heldout,4,unreached,chat,120,0.8317,0.7241
p0076,heldout,3,rejected,chat,188,0.8147,0.7216
p0077,heldout,3,unreached,chat,122,1.066,0.9343
p0078,heldout,2,accepted,chat,64,0.7904,0.6762
p0076,heldout,3,unreached,chat,193,0.8472,0.7406
p0076,heldout,4,unreached,chat,193,0.9982,0.9621
p0077,heldout,1,rejected,chat,126,1.026,0.9986
p0078,heldout,3,unreached,chat,72,1.152,1.123
p0076,heldout,1,accepted,chat,194,0.867,0.7605
p0076,heldout,2,rejected,chat,194,0.7567,0.6705
p0077,heldout,3,accepted,chat,127,1.027,0.9468
p0077,heldout,4,rejected,chat,127,0.9922,0.9582
p0077,heldout,2,accepted,chat,131,0.9192,0.8178
p0077,heldout,4,unreached,chat,131,0.9415,0.833
p0078,heldout,3,accepted,chat,77,0.8649,0.7307
p0078,heldout,4,accepted,chat,77,0.9429,0.8309
p0076,heldout,3,accepted,chat,201,0.8362,0.7326
p0077,heldout,1,rejected,chat,134,0.8265,0.7441
p0078,heldout,4,unreached,chat,82,0.8503,0.7395
p0076,heldout,3,unreached,chat,206,0.9117,0.7922
p0076,heldout,4,unreached,chat,206,1.065,1.013
p0077,heldout,4,unreached,chat,135,0.825,0.7487
p0076,heldout,2,unreached,chat,208,0.8297,0.7372
p0076,heldout,1,rejected,chat,209,0.779,0.7684
p0078,heldout,1,rejected,chat,91,0.6571,0.6404
p0078,heldout,3,unreached,chat,91,1.022,0.931
p0076,heldout,1,accepted,chat,210,0.9497,0.9012
p0076,heldout,4,unreached,chat,210,0.9305,0.8234
p0077,heldout,1,rejected,chat,145,0.8044,0.7199
p0077,heldout,2,unreached,chat,145,0.8248,0.7228
p0077,heldout,3,unreached,chat,145,0.8849,0.733
p0078,heldout,1,accepted,chat,92,1.005,0.9582
p0077,heldout,1,accepted,chat,146,0.7084,0.6082
p0076,heldout,4,unreached,chat,215,0.8808,0.7792
p0077,heldout,3,unreached,chat,149,0.9325,0.7767
p0078,heldout,2,unreached,chat,96,1.016,1.126
p0078,heldout,4,unreached,chat,96,0.8841,0.7938
p0078,heldout,1,rejected,chat,97,0.9388,0.8417
p0078,heldout,3,unreached,chat,97,1.111,1.054
p0081,heldout,1,rejected,code,141,0.9721,0.8623
p0076,heldout,3,unreached,chat,219,0.9023,0.792
p0077,heldout,3,rejected,chat,155,0.9401,0.8707
p0077,heldout,4,unreached,chat,155,0.9388,0.8258
p0078,heldout,3,unreached,chat,98,1.057,1.218
p0078,heldout,2,accepted,chat,99,1.222,1.184
p0081,heldout,1,accepted,code,145,0.7983,0.6736
p0081,heldout,3,accepted,code,145,0.98,0.8313
p0076,heldout,2,accepted,chat,223,0.8583,0.8011
p0078,heldout,2,unreached,chat,102,0.8558,0.7763
p0081,heldout,1,accepted,code,150,0.6819,0.5263
p0081,heldout,3,accepted,code,150,0.9368,0.7692
p0076,heldout,2,unreached,chat,228,1.102,1.16
p0078,heldout,2,accepted,chat,103,0.873,0.8077
p0078,heldout,3,accepted,chat,103,0.8705,0.7851
p0077,heldout,1,accepted,chat,168,0.8287,0.7513
p0078,heldout,1,accepted,chat,107,0.6658,0.5294
p0081,heldout,1,accepted,code,158,0.704,0.6392
p0081,heldout,2,accepted,code,158,0.8327,0.6955
p0077,heldout,4,accepted,chat,170,1.207,1.161
p0081,heldout,3,accepted,code,162,0.8458,0.7178
p0081,heldout,4,accepted,code,167,1.145,0.9714
p0076,heldout,1,accepted,chat,241,1.086,0.9744
p0078,heldout,2,rejected,chat,115,0.813,0.726
p0081,heldout,3,accepted,code,172,1.186,0.9969
p0076,heldout,3,unreached,chat,244,1.015,0.9491
p0077,heldout,2,unreached,chat,180,0.7763,0.6644
p0081,heldout,1,accepted,code,177,0.598,0.5438
p0081,heldout,4,accepted,code,177,0.9014,0.8311
p0076,heldout,1,accepted,chat,245,0.9335,0.8568
p0076,heldout,3,rejected,chat,245,0.8984,0.7961
p0077,heldout,4,unreached,chat,181,0.9371,0.8096
p0078,heldout,3,unreached,chat,118,0.9314,0.8312
p0076,heldout,2,accepted,chat,248,0.9442,0.8529
p0077,heldout,2,unreached,chat,182,0.8477,0.7593
p0077,heldout,3,unreached,chat,183,0.8744,0.7686
p0081,heldout,3,accepted,code,192,0.9508,0.8858
p0076,heldout,1,accepted,chat,261,0.7506,0.6721
p0076,heldout,4,unreached,chat,261,0.7972,0.6782
p0077,heldout,2,rejected,chat,185,0.9016,0.7793
p0077,heldout,4,unreached,chat,185,1.028,0.9504
p0078,heldout,1,accepted,chat,130,0.704,0.55
p0081,heldout,4,accepted,code,197,1.119,0.9635
p0078,heldout,3,accepted,chat,135,0.8051,0.6734
p0078,heldout,4,rejected,chat,135,0.7912,0.7281
p0081,heldout,4,accepted,code,202,0.9807,0.7683
p0076,heldout,1,rejected,chat,267,0.794,0.6836
p0078,heldout,2,accepted,chat,139,0.8985,0.8077
p0078,heldout,4,accepted,chat,139,0.9485,0.8015
p0076,heldout,1,accepted,chat,268,0.8185,0.8422
p0076,heldout,2,accepted,chat,268,0.7855,0.6272
p0077,heldout,2,unreached,chat,193,1.091,1.015
p0081,heldout,1,accepted,code,210,0.819,0.7273
p0081,heldout,2,rejected,code,210,0.8656,0.7409
p0076,heldout,1,rejected,chat,272,0.6899,0.6036
p0077,heldout,1,rejected,chat,194,0.9473,0.8598
p0077,heldout,2,unreached,chat,194,0.8264,0.7324
p0077,heldout,3,unreached,chat,194,1.129,1.045
p0078,heldout,3,rejected,chat,148,0.8056,0.7225
p0081,heldout,2,accepted,code,212,1.169,1.122
p0081,heldout,4,accepted,code,212,1.118,1.053
p0076,heldout,2,unreached,chat,273,0.9349,0.816
p0081,heldout,2,accepted,code,217,0.9531,0.8035
p0077,heldout,3,accepted,chat,200,0.909,0.8251
p0078,heldout,2,unreached,chat,154,0.9979,0.9109
p0081,heldout,1,accepted,code,222,0.8311,0.7814
p0077,heldout,1,accepted,chat,204,1.018,0.9802
p0077,heldout,2,accepted,chat,204,0.9126,0.771
p0077,heldout,4,rejected,chat,204,0.901,0.809
p0081,heldout,4,accepted,code,227,1.05,1.062
p0076,heldout,2,accepted,chat,284,0.6402,0.5579
p0077,heldout,4,unreached,chat,208,0.9814,0.841
p0081,heldout,3,accepted,code,232,1.07,1.074
p0076,heldout,3,accepted,chat,289,1.168,1.138
p0076,heldout,4,accepted,chat,289,1.162,1.145
p0077,heldout,4,unreached,chat,210,0.9584,0.869
p0078,heldout,1,accepted,chat,159,0.8004,0.6707
p0078,heldout,4,accepted,chat,159,1.229,1.143
p0082,heldout,2,rejected,code,177,1.27,1.382
p0081,heldout,4,accepted,code,242,1.21,1.03
p0076,heldout,3,accepted,chat,297,0.8821,0.7741
p0078,heldout,1,accepted,chat,169,1.039,0.9668
p0081,heldout,4,accepted,code,247,1.036,0.8957
p0077,heldout,1,accepted,chat,217,0.758,0.6565
p0077,heldout,3,rejected,chat,217,0.976,0.8385
p0082,heldout,2,accepted,code,189,1.259,1.196
p0076,heldout,4,unreached,chat,302,0.8329,0.7629
p0077,heldout,1,accepted,chat,220,0.9211,0.8978
p0077,heldout,2,accepted,chat,220,0.8636,0.7456
p0078,heldout,2,accepted,chat,177,0.9911,0.9263
p0078,heldout,4,rejected,chat,177,0.8463,0.7909
p0081,heldout,1,accepted,code,257,0.9259,0.6646
p0081,heldout,2,accepted,code,257,1.004,0.8426
p0082,heldout,4,accepted,code,194,1.155,1.013
p0077,heldout,2,rejected,chat,223,1.011,0.8797
p0077,heldout,4,unreached,chat,223,0.9097,0.793
p0082,heldout,4,accepted,code,199,1.116,1.1
p0077,heldout,1,accepted,chat,225,0.8435,0.7468
p0082,heldout,4,accepted,code,204,1.025,1.028
p0076,heldout,2,unreached,chat,305,0.9657,0.8871
p0078,heldout,4,unreached,chat,189,0.9749,0.8264
p0081,heldout,1,accepted,code,272,0.9666,0.727
p0082,heldout,3,accepted,code,209,0.966,0.9428
p0076,heldout,1,accepted,chat,306,0.9091,0.8228
p0077,heldout,3,rejected,chat,231,1.055,0.9207
p0078,heldout,4,unreached,chat,191,0.9982,0.8902
p0082,heldout,4,accepted,code,214,1.048,0.9437
p0078,heldout,4,rejected,chat,194,0.8409,0.7326
p0081,heldout,1,accepted,code,282,1.104,0.9741
p0081,heldout,4,accepted,code,282,1.011,0.9846
p0082,heldout,4,accepted,code,219,1.28,1.194
p0076,heldout,3,unreached,chat,314,1.057,1.054
p0078,heldout,1,accepted,chat,198,0.8254,0.7336
p0081,heldout,3,accepted,code,287,1.04,0.9533
p0082,heldout,1,accepted,code,224,0.8118,0.7898
p0076,heldout,2,accepted,chat,315,1.052,0.9701
p0077,heldout,2,rejected,chat,237,0.8677,0.7331
p0077,heldout,3,unreached,chat,237,0.8773,0.7788
p0077,heldout,4,unreached,chat,237,0.8482,0.7417
p0078,heldout,1,rejected,chat,201,0.9616,0.9778
p0081,heldout,1,accepted,code,292,1.126,1.101
p0081,heldout,2,accepted,code,292,1.068,0.9814
p0081,heldout,3,accepted,code,292,1.226,1.154
p0082,heldout,3,accepted,code,229,1.227,1.073
p0076,heldout,3,unreached,chat,318,0.9035,0.837
p0078,heldout,1,accepted,chat,202,0.9442,0.9575
p0081,heldout,3,accepted,code,297,1.275,1.143
p0081,heldout,4,accepted,code,297,1.298,1.189
p0082,heldout,1,accepted,code,234,0.9297,0.7353
p0082,heldout,4,accepted,code,234,1.23,1.174
p0076,heldout,3,accepted,chat,320,1.18,1.125
p0078,heldout,3,unreached,chat,204,0.7452,0.6655
p0078,heldout,4,unreached,chat,204,1.176,1.095
p0076,heldout,1,accepted,chat,325,0.5144,0.4786
p0082,heldout,2,accepted,code,244,1.017,0.9719
p0081,heldout,2,accepted,code,312,1.279,1.219
p0081,heldout,4,accepted,code,312,1.279,1.088
p0082,heldout,2,accepted,code,249,1.078,1.087
p0082,heldout,3,accepted,code,249,0.9953,0.8576
p0076,heldout,2,accepted,chat,332,1.057,1.021
p0076,heldout,4,rejected,chat,332,0.8819,0.8282
p0077,heldout,2,accepted,chat,255,1.166,1.072
p0077,heldout,3,accepted,chat,255,1.088,1.053
p0077,heldout,4,rejected,chat,255,0.9059,0.8315
p0078,heldout,1,rejected,chat,210,0.7013,0.5747
p0078,heldout,4,unreached,chat,210,0.8395,0.7416
p0082,heldout,1,accepted,code,254,0.9794,1.011
p0082,heldout,4,accepted,code,254,1.045,0.9866
p0076,heldout,2,unreached,chat,336,0.8815,0.7853
p0076,heldout,3,unreached,chat,336,1.146,1.102
p0077,heldout,2,unreached,chat,259,0.9154,0.8261
p0081,heldout,4,accepted,code,322,1.314,1.255
p0081,heldout,1,accepted,code,327,1.279,1.212
p0081,heldout,2,accepted,code,327,1.249,1.114
p0081,heldout,4,accepted,code,327,1.153,1.112
p0077,heldout,4,unreached,chat,261,0.9327,0.8761
p0081,heldout,2,rejected,code,332,0.8163,0.6889
p0082,heldout,4,accepted,code,268,1.098,0.9282
p0076,heldout,3,accepted,chat,339,0.8724,0.8455
p0076,heldout,4,accepted,chat,339,1.138,1.104
p0082,heldout,4,accepted,code,273,1.181,1.074
p0077,heldout,1,accepted,chat,269,1.027,0.9519
p0076,heldout,2,rejected,chat,348,1.045,0.972
p0076,heldout,4,unreached,chat,348,1.025,1.019
p0077,heldout,1,accepted,chat,273,0.702,0.6152
p0081,heldout,3,accepted,code,344,1.15,1.123
p0082,heldout,4,accepted,code,283,1.084,1.005
p0076,heldout,3,unreached,chat,350,1.151,1.138
p0077,heldout,3,unreached,chat,275,0.7908,0.6478
p0081,heldout,3,accepted,code,349,1.175,1.153
p0081,heldout,4,accepted,code,349,1.293,1.229
p0082,heldout,1,accepted,code,288,1.021,0.8978
p0076,heldout,2,unreached,chat,351,1.028,0.9837
p0076,heldout,3,unreached,chat,351,0.9334,0.8475
p0077,heldout,2,rejected,chat,276,0.8258,0.7022
p0077,heldout,3,unreached,chat,276,0.8973,0.7737
p0077,heldout,4,unreached,chat,276,0.8546,0.73
p0081,heldout,2,accepted,code,354,0.8454,0.8062
p0076,heldout,3,accepted,chat,352,1.11,1.075
p0077,heldout,4,unreached,chat,278,0.7967,0.7177
p0078,heldout,1,accepted,chat,240,0.8189,0.6938
p0081,heldout,1,accepted,code,359,0.9394,0.9241
p0081,heldout,2,accepted,code,359,0.9284,0.8319
p0081,heldout,4,accepted,code,359,1.097,1.111
p0082,heldout,1,accepted,code,298,0.8643,0.7415
p0082,heldout,4,accepted,code,298,0.9282,0.8605
p0076,heldout,2,accepted,chat,357,0.9484,0.9156
p0076,heldout,3,rejected,chat,357,0.8357,0.786
p0077,heldout,2,accepted,chat,280,0.8542,0.746
p0078,heldout,2,accepted,chat,245,1.097,1.11
p0076,heldout,2,accepted,chat,360,1.035,1.022
p0076,heldout,3,accepted,chat,360,0.9862,0.8837
p0077,heldout,1,rejected,chat,283,0.8791,0.7611
p0077,heldout,4,unreached,chat,283,0.7979,0.768
p0082,heldout,1,accepted,code,308,1.036,0.9425
p0076,heldout,3,unreached,chat,364,1.108,1.119
p0077,heldout,4,unreached,chat,284,1.208,1.1
p0078,heldout,4,accepted,chat,249,0.7697,0.666
p0081,heldout,3,accepted,code,373,1.133,1.148
p0077,heldout,2,rejected,chat,285,0.7917,0.7091
p0078,heldout,3,accepted,chat,254,1.127,1.142
p0081,heldout,2,unreached,code,378,0.8107,0.7073
p0082,heldout,3,accepted,code,318,1.081,1.028
p0076,heldout,1,accepted,chat,370,1.172,1.105
p0076,heldout,2,accepted,chat,370,0.9593,0.9319
p0077,heldout,4,unreached,chat,287,0.9487,0.8061
p0078,heldout,4,unreached,chat,258,1.214,1.113
p0081,heldout,1,accepted,code,379,0.7769,0.6498
p0082,heldout,1,accepted,code,323,0.9963,0.8876
p0076,heldout,4,unreached,chat,374,1.137,1.126
p0078,heldout,1,accepted,chat,259,0.771,0.7231
p0081,heldout,3,rejected,code,382,0.8432,0.7994
p0076,heldout,1,accepted,chat,375,1.061,0.9622
p0076,heldout,2,accepted,chat,375,0.9216,0.8299
p0078,heldout,4,accepted,chat,264,1.01,0.8693
p0082,heldout,1,accepted,code,330,0.8702,0.8401
p0077,heldout,2,rejected,chat,294,1.045,1.008
p0078,heldout,2,accepted,chat,269,1.254,1.226
p0078,heldout,4,rejected,chat,269,0.8666,0.818
p0081,heldout,1,accepted,code,390,0.8598,0.7741
p0082,heldout,1,accepted,code,335,0.7062,0.6119
p0082,heldout,2,rejected,code,335,0.8988,0.8384
p0076,heldout,1,accepted,chat,383,1.119,1.128
p0077,heldout,2,accepted,chat,296,0.8431,0.7418
p0081,heldout,3,rejected,code,395,1.03,0.9727
p0082,heldout,1,accepted,code,337,0.9897,0.9303
p0082,heldout,4,unreached,code,337,0.9337,0.8336
p0076,heldout,3,accepted,chat,385,1.275,1.248
p0077,heldout,4,accepted,chat,301,1.172,1.087
p0076,heldout,3,unreached,chat,390,1.226,1.241
p0077,heldout,1,rejected,chat,306,0.7982,0.6786
p0077,heldout,2,unreached,chat,306,0.883,0.7581
p0077,heldout,3,unreached,chat,306,0.7728,0.675
p0078,heldout,4,unreached,chat,278,0.875,0.7365
p0081,heldout,1,accepted,code,403,1.179,1.093
p0081,heldout,3,accepted,code,403,0.9296,0.9453
p0082,heldout,3,accepted,code,345,0.9413,0.8345
p0076,heldout,1,accepted,chat,391,0.7281,0.6877
p0076,heldout,3,accepted,chat,391,1.195,1.18
p0077,heldout,1,accepted,chat,307,0.8817,0.7612
p0078,heldout,1,accepted,chat,279,0.8967,0.8744
p0078,heldout,2,accepted,chat,279,0.8786,0.787
p0082,heldout,2,unreached,code,350,0.9137,0.8059
p0076,heldout,3,accepted,chat,396,1.364,1.345
p0077,heldout,1,rejected,chat,309,0.7106,0.6141
p0081,heldout,4,accepted,code,413,1.14,1.128
p0082,heldout,1,accepted,code,351,1.024,0.9476
p0076,heldout,2,rejected,chat,401,0.7605,0.6966
p0076,heldout,4,unreached,chat,401,0.923,0.8247
p0077,heldout,2,unreached,chat,310,0.8888,0.7813
p0078,heldout,3,accepted,chat,283,0.9024,0.8257
p0076,heldout,1,accepted,chat,403,1.047,1.015
p0077,heldout,4,unreached,chat,311,0.9221,0.8097
p0081,heldout,2,accepted,code,422,1.156,1.153
p0081,heldout,3,rejected,code,422,1.105,1.161
p0076,heldout,3,rejected,chat,408,0.8238,0.7601
p0076,heldout,4,unreached,chat,408,0.8048,0.7731
p0077,heldout,1,rejected,chat,313,0.7418,0.652
p0078,heldout,1,rejected,chat,293,0.6299,0.5378
p0078,heldout,4,unreached,chat,293,0.7915,0.6178
p0081,heldout,3,accepted,code,425,1.202,1.103
p0077,heldout,2,accepted,chat,314,0.7913,0.7108
p0081,heldout,3,accepted,code,430,1.168,1.121
p0077,heldout,2,accepted,chat,318,0.9132,0.8144
p0078,heldout,1,accepted,chat,296,0.6926,0.6489
p0081,heldout,1,accepted,code,435,0.7087,0.4896
p0081,heldout,4,accepted,code,435,1.16,1.11
p0082,heldout,2,accepted,code,366,0.9587,0.8624
p0082,heldout,3,accepted,code,366,1.087,1.076
p0085,heldout,2,rejected,code,116,1.23,1.266
p0078,heldout,1,accepted,chat,301,0.6716,0.6009
p0078,heldout,2,accepted,chat,301,1.122,1.036
p0082,heldout,2,accepted,code,371,1.17,1.164
p0082,heldout,3,accepted,code,371,1.057,1.038
p0085,heldout,1,accepted,code,118,0.8138,0.8068
p0085,heldout,3,unreached,code,118,1.019,1.023
p0085,heldout,4,unreached,code,118,1.015,1.043
p0077,heldout,1,accepted,chat,326,0.6094,0.5349
p0081,heldout,3,accepted,code,444,1.201,1.011
p0081,heldout,4,accepted,code,444,1.308,1.19
p0082,heldout,1,accepted,code,375,0.8046,0.7301
p0085,heldout,4,accepted,code,120,1.046,1.068
p0082,heldout,2,rejected,code,379,1.18,1.204
p0082,heldout,4,unreached,code,379,1.038,0.9774
p0078,heldout,1,rejected,chat,312,0.551,0.448
p0081,heldout,2,accepted,code,454,1.148,0.9958
p0082,heldout,3,accepted,code,381,1.127,1.118
p0085,heldout,2,accepted,code,130,1.022,0.8507
p0077,heldout,4,unreached,chat,337,1.159,1.11
p0078,heldout,2,unreached,chat,313,0.718,0.6053
p0081,heldout,1,accepted,code,459,0.7815,0.6728
p0082,heldout,1,accepted,code,385,0.8748,0.8741
p0082,heldout,2,accepted,code,385,0.8761,0.8028
p0077,heldout,1,accepted,chat,338,0.8455,0.7327
p0078,heldout,2,rejected,chat,314,0.7428,0.6861
p0082,heldout,3,rejected,code,390,1.162,1.179
p0085,heldout,2,accepted,code,137,1.087,0.9349
p0077,heldout,2,accepted,chat,343,0.68,0.5798
p0077,heldout,4,unreached,chat,343,0.9844,0.8515
p0081,heldout,4,accepted,code,469,0.8899,0.8376
p0082,heldout,2,accepted,code,393,0.9691,0.8989
p0085,heldout,4,accepted,code,142,1.055,0.8002
p0078,heldout,2,rejected,chat,318,0.9897,0.9316
p0081,heldout,2,accepted,code,474,0.9459,0.986
p0085,heldout,1,accepted,code,147,0.9518,0.8137
p0082,heldout,3,accepted,code,398,1.022,0.915
p0082,heldout,4,rejected,code,398,0.9404,0.8147
p0085,heldout,2,accepted,code,152,0.9735,0.8565
p0077,heldout,1,rejected,chat,349,0.7436,0.6449
p0077,heldout,2,unreached,chat,349,0.7421,0.6925
p0078,heldout,2,unreached,chat,321,1.004,0.9214
p0081,heldout,3,accepted,code,484,1.35,1.255
p0085,heldout,2,accepted,code,157,0.8896,0.9464
p0078,heldout,2,unreached,chat,322,0.9467,0.8604
p0085,heldout,2,accepted,code,162,1.097,1.011
p0077,heldout,4,accepted,chat,355,1.14,1.067
p0082,heldout,2,accepted,code,408,1.062,0.9407
p0082,heldout,3,accepted,code,408,1.14,0.9994
p0078,heldout,1,accepted,chat,328,0.7023,0.6218
p0081,heldout,3,accepted,code,499,1.053,0.9189
p0082,heldout,1,accepted,code,413,1.002,0.9288
p0082,heldout,2,accepted,code,413,0.8211,0.7205
p0082,heldout,3,accepted,code,413,0.8348,0.8237
p0085,heldout,2,accepted,code,172,0.9958,0.8717
p0077,heldout,4,unreached,chat,362,1.004,0.9663
p0081,heldout,1,accepted,code,504,0.8929,0.7719
p0082,heldout,1,rejected,code,418,0.9465,0.8953
p0082,heldout,2,unreached,code,418,1.076,1.068
p0082,heldout,3,unreached,code,418,1.063,1.068
p0085,heldout,4,accepted,code,177,1.114,0.9868
p0082,heldout,4,accepted,code,419,1.01,0.966
p0085,heldout,1,accepted,code,182,1.194,1.084
p0085,heldout,2,accepted,code,182,1.227,1.114
p0077,heldout,4,unreached,chat,365,0.8879,0.7728
p0078,heldout,3,accepted,chat,338,0.8658,0.7286
p0081,heldout,4,accepted,code,514,0.9273,0.7203
p0082,heldout,2,accepted,code,424,1.144,0.9857
p0082,heldout,4,accepted,code,424,0.8864,0.7873
p0085,heldout,1,accepted,code,187,1.095,1.022
p0085,heldout,2,accepted,code,187,1.085,1.076
p0077,heldout,4,accepted,chat,367,0.9092,0.8254
p0078,heldout,4,unreached,chat,342,0.8762,0.7453
p0082,heldout,2,accepted,code,429,0.8834,0.7649
p0085,heldout,2,accepted,code,192,0.9864,0.9459
p0077,heldout,2,rejected,chat,372,0.7349,0.6461
p0082,heldout,1,accepted,code,434,0.8415,0.7707
p0082,heldout,3,accepted,code,434,1.32,1.234
p0085,heldout,1,accepted,code,197,0.9625,0.9593
p0085,heldout,3,accepted,code,197,1.249,1.132
p0077,heldout,3,unreached,chat,374,0.8304,0.7592
p0077,heldout,4,unreached,chat,374,0.9994,0.9314
p0078,heldout,1,accepted,chat,347,0.716,0.6207
p0078,heldout,4,unreached,chat,347,0.8975,0.7763
p0085,heldout,1,accepted,code,202,0.9819,0.887
p0077,heldout,1,accepted,chat,376,0.6886,0.5934
p0085,heldout,1,accepted,code,207,0.5726,0.516
p0085,heldout,4,accepted,code,207,1.133,1.096
p0085,heldout,3,accepted,code,212,1.064,1.035
p0078,heldout,1,rejected,chat,356,0.8284,0.7442
p0085,heldout,1,accepted,code,217,1.077,1.036
p0077,heldout,2,accepted,chat,386,1.144,1.07
p0077,heldout,4,unreached,chat,386,1.012,0.9867
p0078,heldout,2,unreached,chat,357,1.05,0.9886
p0085,heldout,1,accepted,code,222,0.9991,0.9821
p0085,heldout,4,accepted,code,222,1.005,0.9938
p0077,heldout,3,unreached,chat,389,0.8722,0.8581
p0077,heldout,4,unreached,chat,389,1.078,1.008
p0078,heldout,2,unreached,chat,358,1.054,1.013
p0085,heldout,1,accepted,code,227,0.9806,0.9319
p0085,heldout,4,rejected,code,227,0.899,0.8798
p0077,heldout,1,accepted,chat,390,0.682,0.6189
p0077,heldout,2,accepted,chat,390,0.843,0.7559
p0078,heldout,1,accepted,chat,359,0.9948,0.9479
p0078,heldout,2,rejected,chat,359,1.025,0.9951
p0078,heldout,1,accepted,chat,361,0.6456,0.5679
p0078,heldout,4,unreached,chat,361,0.9344,0.8003
p0085,heldout,2,accepted,code,236,0.9242,0.8183
p0078,heldout,1,accepted,chat,363,0.8146,0.7467
p0078,heldout,2,rejected,chat,363,0.8554,0.8486
p0078,heldout,3,unreached,chat,363,0.7549,0.6613
p0078,heldout,4,unreached,chat,363,0.8195,0.7507
p0077,heldout,3,rejected,chat,397,1.156,1.072
p0078,heldout,3,unreached,chat,365,0.8993,0.8666
p0078,heldout,4,unreached,chat,365,0.8754,0.8334
p0085,heldout,3,accepted,code,246,1.13,1.064
p0078,heldout,1,accepted,chat,366,0.666,0.5681
p0078,heldout,2,rejected,chat,366,0.7851,0.6324
p0077,heldout,3,accepted,chat,405,1.131,1.032
p0085,heldout,1,accepted,code,256,0.9827,0.9616
p0077,heldout,2,accepted,chat,409,0.8135,0.6519
p0077,heldout,3,accepted,chat,409,0.8674,0.7729
p0078,heldout,4,accepted,chat,370,0.8727,0.7089
p0078,heldout,1,rejected,chat,375,0.768,0.7127
p0089,heldout,2,rejected,code,142,1.263,1.325
p0077,heldout,3,unreached,chat,416,0.878,0.7311
p0078,heldout,1,accepted,chat,376,1.013,0.989
p0077,heldout,3,unreached,chat,417,0.9194,0.7853
p0085,heldout,3,accepted,code,272,1.113,1.016
p0089,heldout,1,accepted,code,146,0.8441,0.7829
p0078,heldout,1,accepted,chat,382,0.7128,0.7203
p0078,heldout,2,rejected,chat,382,0.6252,0.5788
p0078,heldout,3,unreached,chat,382,0.8622,0.7942
p0085,heldout,1,accepted,code,277,0.7664,0.6443
p0085,heldout,4,unreached,code,277,1.265,1.256
p0089,heldout,3,accepted,code,151,1.06,1.076
p0078,heldout,1,accepted,chat,384,0.6762,0.5811
p0078,heldout,2,accepted,chat,384,0.7828,0.6242
p0085,heldout,1,accepted,code,279,0.9068,0.8815
p0089,heldout,3,accepted,code,156,0.974,0.9168
p0078,heldout,1,rejected,chat,394,0.886,0.854
p0078,heldout,3,unreached,chat,394,1.039,1.015
p0089,heldout,1,accepted,code,166,0.814,0.7611
p0089,heldout,2,accepted,code,166,0.9641,0.9605
p0078,heldout,1,accepted,chat,395,0.9105,0.8737
p0089,heldout,1,accepted,code,176,1.09,1.042
p0089,heldout,2,accepted,code,176,1.168,1.091
p0089,heldout,3,accepted,code,181,1.289,1.182
p0089,heldout,4,accepted,code,181,1.216,1.089
p0093,heldout,3,accepted,code,193,1.058,1.023
p0093,heldout,4,rejected,code,193,1.06,0.944
p0089,heldout,3,accepted,code,191,1.121,1.117
p0093,heldout,4,accepted,code,202,1.211,1.009
p0089,heldout,3,rejected,code,201,1.366,1.301
p0093,heldout,1,accepted,code,207,1.176,1.141
p0093,heldout,1,accepted,code,212,0.9024,0.7232
p0089,heldout,2,accepted,code,207,1.327,1.191
p0089,heldout,1,accepted,code,210,1.202,1.274
p0093,heldout,1,accepted,code,222,1.129,0.9672
p0093,heldout,3,accepted,code,222,1.298,1.221
p0093,heldout,4,accepted,code,222,1.076,0.8336
p0089,heldout,3,accepted,code,215,1.216,1.085
p0093,heldout,2,accepted,code,227,1.043,0.9166
p0089,heldout,4,accepted,code,220,1.257,1.165
p0089,heldout,1,accepted,code,225,1.056,1.023
p0089,heldout,3,accepted,code,225,1.31,1.131
p0093,heldout,2,accepted,code,237,1.085,0.9211
p0093,heldout,4,accepted,code,237,0.9705,0.7737
p0093,heldout,2,accepted,code,242,1.151,1.099
p0093,heldout,2,accepted,code,247,1.17,0.9597
p0093,heldout,3,accepted,code,247,0.9818,0.7647
p0089,heldout,1,accepted,code,240,1.124,1.055
p0089,heldout,3,accepted,code,240,1.147,0.9915
p0093,heldout,2,accepted,code,252,1.221,1.051
p0093,heldout,3,accepted,code,252,1.004,0.809
p0093,heldout,4,accepted,code,252,1.146,0.9715
p0089,heldout,1,accepted,code,245,1.162,1.121
p0089,heldout,4,accepted,code,249,1.197,1.135
p0093,heldout,4,accepted,code,262,1.185,1.02
p0089,heldout,2,accepted,code,254,1.221,1.199
p0089,heldout,3,accepted,code,254,1.089,1.052
p0093,heldout,1,accepted,code,267,0.9474,0.8008
p0093,heldout,2,accepted,code,267,1.055,0.8078
p0093,heldout,2,accepted,code,277,1.218,1.164
p0093,heldout,1,accepted,code,287,1.257,1.161
p0093,heldout,2,accepted,code,287,1.277,1.241
p0093,heldout,1,accepted,code,297,1.229,1.168
p0093,heldout,3,accepted,code,297,1.094,0.984
p0095,heldout,2,accepted,code,188,0.9893,0.9811
p0095,heldout,3,accepted,code,188,1.027,0.9947
p0093,heldout,1,accepted,code,302,1.069,0.9716
p0093,heldout,4,accepted,code,302,1.11,1.102
p0093,heldout,1,accepted,code,307,1.107,1.054
p0095,heldout,3,accepted,code,198,1.104,1.017
p0096,heldout,1,accepted,code,107,1.15,0.9854
p0093,heldout,1,accepted,code,312,1.258,1.185
p0095,heldout,3,accepted,code,203,1.071,0.8914
p0093,heldout,2,accepted,code,317,1.271,1.197
p0093,heldout,3,accepted,code,317,1.148,1.073
p0093,heldout,4,accepted,code,317,1.283,1.089
p0096,heldout,3,accepted,code,114,0.8091,0.7235
p0096,heldout,4,accepted,code,114,1.028,0.9298
p0096,heldout,2,accepted,code,119,0.9474,0.8173
p0096,heldout,4,accepted,code,119,0.9508,0.8112
p0093,heldout,1,accepted,code,327,1.301,1.213
p0093,heldout,2,accepted,code,327,1.052,0.9836
p0095,heldout,3,accepted,code,218,0.9954,0.7917
p0096,heldout,4,accepted,code,124,0.8623,0.713
p0093,heldout,2,accepted,code,332,1.096,0.9607
p0093,heldout,3,accepted,code,332,1.365,1.252
p0095,heldout,4,unreached,code,223,1.166,1.073
p0096,heldout,1,accepted,code,129,0.9804,0.8159
p0096,heldout,4,accepted,code,129,1.2,1.106
p0093,heldout,2,accepted,code,337,1.072,1.06
p0093,heldout,4,accepted,code,337,1.22,1.11
p0095,heldout,1,accepted,code,226,0.9636,0.7436
p0095,heldout,2,accepted,code,226,1.111,0.9643
p0096,heldout,2,accepted,code,134,0.8289,0.7352
p0096,heldout,3,accepted,code,134,1.151,1.044
p0093,heldout,3,accepted,code,342,1.277,1.155
p0095,heldout,3,accepted,code,231,1.007,0.7709
p0096,heldout,2,rejected,code,139,0.8553,0.7376
p0096,heldout,3,unreached,code,139,0.892,0.8408
p0093,heldout,3,accepted,code,346,1.251,1.287
p0095,heldout,4,accepted,code,236,1.157,1.024
p0096,heldout,3,accepted,code,141,1.109,0.9781
p0093,heldout,3,accepted,code,351,1.108,0.9764
p0095,heldout,1,accepted,code,241,0.9452,0.8103
p0093,heldout,4,accepted,code,356,1.263,1.232
p0096,heldout,1,accepted,code,156,0.6509,0.5568
p0096,heldout,2,accepted,code,156,0.9824,0.8304
p0093,heldout,3,unreached,code,366,1.024,1.007
p0095,heldout,2,accepted,code,256,0.9743,0.7274
p0093,heldout,4,accepted,code,368,1.122,1.091
p0095,heldout,2,accepted,code,261,1.016,0.8226
p0096,heldout,4,unreached,code,166,0.8107,0.6978
p0093,heldout,1,accepted,code,373,1.045,0.9923
p0093,heldout,4,unreached,code,373,0.922,0.845
p0093,heldout,2,rejected,code,375,1.065,1.056
p0093,heldout,4,unreached,code,375,1.124,1.165
p0095,heldout,3,accepted,code,271,1.337,1.176
p0096,heldout,3,unreached,code,168,0.869,0.6945
p0093,heldout,2,unreached,code,377,1.057,1.01
p0093,heldout,4,unreached,code,377,1.105,1.092
p0095,heldout,2,accepted,code,276,1.286,1.259
p0093,heldout,1,accepted,code,378,0.9259,0.8744
p0093,heldout,4,unreached,code,378,0.9829,0.8738
p0095,heldout,1,accepted,code,281,1.234,1.261
p0095,heldout,3,accepted,code,281,1.252,1.185
p0096,heldout,3,accepted,code,170,0.9212,0.8277
p0096,heldout,4,accepted,code,170,0.9172,0.812
p0093,heldout,3,unreached,code,386,1.114,1.057
p0095,heldout,1,accepted,code,291,0.9342,0.8969
p0095,heldout,2,accepted,code,291,1.136,1.122
p0095,heldout,3,accepted,code,291,1.149,1.008
p0096,heldout,2,accepted,code,180,0.9657,0.8336
p0093,heldout,1,accepted,code,388,0.8105,0.7706
p0096,heldout,3,accepted,code,187,0.8958,0.7956
p0093,heldout,1,accepted,code,398,0.5619,0.4732
p0095,heldout,2,accepted,code,306,1.379,1.239
p0095,heldout,3,accepted,code,306,1.391,1.293
p0095,heldout,4,accepted,code,306,1.287,1.245
p0093,heldout,2,accepted,code,400,1.037,0.9614
p0095,heldout,1,accepted,code,311,1.255,1.146
p0095,heldout,2,accepted,code,311,1.075,0.9705
p0093,heldout,3,accepted,code,403,1.137,1.079
p0095,heldout,1,accepted,code,316,1.174,1.089
p0095,heldout,3,accepted,code,316,0.9502,0.813
p0093,heldout,1,accepted,code,408,0.8546,0.7947
p0093,heldout,2,accepted,code,408,1.019,1.064
p0095,heldout,1,accepted,code,321,1.142,1.05
p0095,heldout,2,accepted,code,321,1.179,1.089
p0096,heldout,1,rejected,code,204,0.8164,0.717
p0096,heldout,3,unreached,code,204,1.03,0.8505
p0096,heldout,4,unreached,code,204,0.9412,0.7618
p0095,heldout,1,accepted,code,331,1.226,1.204
p0099,heldout,1,accepted,code,303,1.14,0.9605
p0096,heldout,1,accepted,code,212,0.8204,0.7082
p0096,heldout,2,accepted,code,212,0.8843,0.7208
p0096,heldout,3,accepted,code,212,1.096,1.053
p0095,heldout,1,accepted,code,341,1.196,1.11
p0095,heldout,2,accepted,code,341,1.014,0.9604
p0095,heldout,4,unreached,code,341,1.048,1.086
p0096,heldout,1,accepted,code,217,0.9815,0.871
p0096,heldout,4,unreached,code,217,0.918,0.8046
p0095,heldout,2,accepted,code,344,1.072,0.9659
p0096,heldout,2,rejected,code,220,0.8211,0.7326
p0099,heldout,1,accepted,code,314,0.8334,0.7013
p0095,heldout,4,unreached,code,349,1.027,0.9613
p0096,heldout,1,accepted,code,222,1.057,0.8695
p0096,heldout,2,accepted,code,222,0.909,0.7439
p0096,heldout,3,accepted,code,222,0.9382,0.7658
p0096,heldout,4,accepted,code,222,1.143,0.9866
p0096,heldout,1,accepted,code,227,0.7631,0.5491
p0096,heldout,2,accepted,code,227,0.7622,0.6607
p0095,heldout,4,accepted,code,356,1.159,1.124
p0099,heldout,3,accepted,code,329,1.024,1.066
p0095,heldout,4,accepted,code,361,1.196,1.119
p0099,heldout,2,accepted,code,333,1.033,0.9525
p0099,heldout,4,rejected,code,333,0.913,0.866
p0095,heldout,2,accepted,code,366,1.072,1.041
p0096,heldout,1,accepted,code,232,0.9833,0.862
p0096,heldout,4,accepted,code,232,1.063,1.117
p0099,heldout,3,accepted,code,337,0.9801,0.9194
p0100,heldout,1,accepted,code,183,0.9883,0.8655
p0100,heldout,3,accepted,code,183,1.03,0.8817
p0095,heldout,2,accepted,code,371,1.098,0.9386
p0095,heldout,4,accepted,code,371,1.267,1.241
p0096,heldout,3,accepted,code,237,1.021,0.9848
p0100,heldout,1,accepted,code,188,0.8104,0.6769
p0095,heldout,1,accepted,code,376,0.5517,0.5059
p0095,heldout,4,accepted,code,376,1.203,1.125
p0099,heldout,2,accepted,code,347,0.9237,0.9226
p0099,heldout,3,accepted,code,347,1.136,1.032
p0095,heldout,1,accepted,code,381,0.9334,0.7829
p0100,heldout,1,accepted,code,193,0.7904,0.6881
p0100,heldout,3,accepted,code,193,0.9655,0.8023
p0100,heldout,4,accepted,code,193,0.9003,0.7919
p0095,heldout,3,accepted,code,386,1.128,1.008
p0096,heldout,3,accepted,code,257,1.061,0.8566
p0096,heldout,4,accepted,code,257,1.123,1.008
p0096,heldout,1,accepted,code,262,1.018,0.813
p0096,heldout,3,accepted,code,262,1.067,0.9448
p0095,heldout,1,accepted,code,400,1.118,0.9447
p0096,heldout,1,accepted,code,267,0.9391,0.8408
p0099,heldout,4,accepted,code,372,1.087,0.9611
p0096,heldout,2,accepted,code,272,0.9022,0.8024
p0099,heldout,3,accepted,code,377,1.125,0.9425
p0100,heldout,1,accepted,code,215,0.8131,0.6427
p0100,heldout,3,rejected,code,215,0.8719,0.7138
p0096,heldout,1,accepted,code,277,0.6926,0.6822
p0099,heldout,4,rejected,code,382,1.14,1.047
p0100,heldout,4,rejected,code,218,1.112,0.9641
p0100,heldout,2,accepted,code,222,0.9766,0.8404
p0100,heldout,3,accepted,code,222,0.9801,0.8285
p0096,heldout,3,unreached,code,287,0.8754,0.7363
p0096,heldout,4,unreached,code,287,0.9838,0.7784
p0099,heldout,1,accepted,code,391,1.302,1.193
p0099,heldout,3,accepted,code,391,1.284,1.166
p0099,heldout,4,accepted,code,391,1.108,1.054
p0100,heldout,2,accepted,code,227,0.7649,0.6449
p0096,heldout,2,accepted,code,289,1.013,0.8598
p0096,heldout,4,accepted,code,289,0.9997,0.8425
p0099,heldout,1,accepted,code,396,0.9982,0.9279
p0100,heldout,1,accepted,code,232,1.039,0.9788
p0101,heldout,1,accepted,code,89,0.9406,0.8947
p0096,heldout,4,accepted,code,298,1.097,0.8959
p0099,heldout,1,accepted,code,406,0.8395,0.7947
p0099,heldout,3,accepted,code,406,1.108,0.9175
p0100,heldout,1,accepted,code,238,0.8071,0.7198
p0100,heldout,3,accepted,code,238,1.086,1.135
p0101,heldout,2,accepted,code,99,0.9683,0.7495
p0101,heldout,3,accepted,code,99,1.012,0.86
p0096,heldout,1,accepted,code,303,0.861,0.767
p0100,heldout,2,accepted,code,243,1.16,1.03
p0100,heldout,1,accepted,code,248,1.025,0.9817
p0101,heldout,2,accepted,code,109,0.8504,0.7701
p0101,heldout,3,accepted,code,109,1.091,1.053
p0096,heldout,3,unreached,code,313,0.8994,0.8596
p0101,heldout,3,accepted,code,114,1.042,0.9869
p0096,heldout,2,unreached,code,315,0.9351,0.8092
p0096,heldout,3,unreached,code,315,0.9791,0.9931
p0099,heldout,1,accepted,code,426,0.8724,0.7743
p0100,heldout,1,accepted,code,255,0.7404,0.6039
p0100,heldout,2,rejected,code,255,0.919,0.8128
p0100,heldout,3,unreached,code,255,0.991,0.9087
p0100,heldout,4,unreached,code,255,1.098,1.044
p0101,heldout,2,accepted,code,119,1.096,1.048
p0099,heldout,2,accepted,code,431,1.34,1.258
p0100,heldout,3,rejected,code,257,0.9711,0.8457
p0101,heldout,3,accepted,code,124,1.191,1.153
p0101,heldout,4,rejected,code,124,1.028,0.968
p0099,heldout,1,accepted,code,436,1.035,0.9527
p0099,heldout,4,accepted,code,436,1.26,1.144
p0101,heldout,3,rejected,code,128,1.005,1.099
p0101,heldout,4,unreached,code,128,1.056,1.162
p0096,heldout,1,accepted,code,322,1.188,1.078
p0099,heldout,1,accepted,code,441,1.165,1.049
p0099,heldout,2,accepted,code,441,0.9181,0.8668
p0099,heldout,3,accepted,code,441,1.036,0.9259
p0099,heldout,4,accepted,code,441,1.124,1.048
p0101,heldout,2,accepted,code,131,0.8748,0.8826
p0101,heldout,4,accepted,code,131,1.163,1.171
p0102,heldout,1,accepted,code,137,1.177,1.001
p0099,heldout,1,accepted,code,446,0.8364,0.7589
p0099,heldout,3,accepted,code,446,0.8631,0.9069
p0100,heldout,1,accepted,code,268,1.043,0.8444
p0096,heldout,1,accepted,code,331,0.9448,0.8539
p0099,heldout,3,accepted,code,451,1.164,1.084
p0099,heldout,4,rejected,code,451,0.9736,0.9583
p0100,heldout,4,accepted,code,273,1.301,1.144
p0101,heldout,2,accepted,code,141,0.9725,0.8772
p0096,heldout,2,accepted,code,334,0.9086,0.7326
p0099,heldout,3,unreached,code,455,1.214,1.033
p0100,heldout,2,accepted,code,278,1.333,1.272
p0101,heldout,1,accepted,code,146,0.7628,0.725
p0102,heldout,3,rejected,code,144,0.9669,0.8564
p0101,heldout,3,accepted,code,151,1.191,1.155
p0096,heldout,4,unreached,code,340,0.9909,0.8995
p0099,heldout,3,unreached,code,462,0.8589,0.7967
p0102,heldout,1,accepted,code,152,0.6434,0.627
p0102,heldout,2,rejected,code,152,0.9791,0.8419
p0096,heldout,2,accepted,code,341,0.9055,0.8344
p0096,heldout,4,accepted,code,341,1.124,0.9884
p0100,heldout,2,accepted,code,289,1.278,1.188
p0100,heldout,4,unreached,code,289,1.025,0.8851
p0101,heldout,1,accepted,code,157,0.8481,0.6928
p0102,heldout,2,rejected,code,154,1.054,0.9077
p0102,heldout,4,unreached,code,154,1.121,1.053
p0096,heldout,1,accepted,code,346,0.8202,0.688
p0101,heldout,4,accepted,code,161,1.294,1.182
p0102,heldout,2,accepted,code,156,1.023,0.8562
p0100,heldout,1,accepted,code,297,1.069,0.9523
p0100,heldout,3,accepted,code,297,1.027,0.8959
p0101,heldout,3,accepted,code,166,1.175,1.186
p0096,heldout,4,accepted,code,353,1.187,1.049
p0099,heldout,2,rejected,code,472,0.6146,0.5505
p0099,heldout,4,unreached,code,472,0.9749,0.8861
p0100,heldout,4,unreached,code,302,1.008,0.9322
p0101,heldout,2,accepted,code,171,1.155,1.165
p0102,heldout,3,accepted,code,166,0.9878,0.7897
p0102,heldout,4,accepted,code,166,1.125,0.9633
p0096,heldout,1,accepted,code,358,0.8307,0.6593
p0099,heldout,3,accepted,code,474,0.8734,0.8192
p0099,heldout,4,accepted,code,474,0.9317,0.8514
p0100,heldout,3,accepted,code,305,1.056,0.9369
p0102,heldout,1,accepted,code,171,0.8771,0.6941
p0102,heldout,4,accepted,code,171,1.01,0.8349
p0099,heldout,3,accepted,code,479,0.9323,0.8603
p0100,heldout,3,accepted,code,310,1.229,1.067
p0101,heldout,3,accepted,code,178,1.196,1.098
p0102,heldout,2,rejected,code,176,0.8148,0.6685
p0096,heldout,1,accepted,code,365,0.8095,0.769
p0100,heldout,1,accepted,code,315,1.191,1.125
p0101,heldout,1,accepted,code,183,1.116,1.071
p0102,heldout,4,accepted,code,178,1.186,1.022
p0096,heldout,3,accepted,code,370,0.9441,0.795
p0099,heldout,4,accepted,code,489,0.928,0.8246
p0100,heldout,1,accepted,code,320,0.9652,0.766
p0101,heldout,3,unreached,code,185,0.9178,0.7863
p0102,heldout,2,accepted,code,183,0.9316,0.7603
p0101,heldout,2,accepted,code,187,0.9111,0.8225
p0101,heldout,3,rejected,code,187,1.014,0.8765
p0102,heldout,3,unreached,code,186,0.8594,0.7426
p0102,heldout,4,unreached,code,186,0.8153,0.7153
p0096,heldout,1,accepted,code,380,1.1,0.9832
p0099,heldout,1,rejected,code,497,0.6799,0.6507
p0100,heldout,1,accepted,code,330,1.077,0.8812
p0101,heldout,1,accepted,code,190,0.8105,0.7164
p0101,heldout,2,accepted,code,190,0.9497,0.7568
p0101,heldout,3,accepted,code,190,1.024,0.9846
p0099,heldout,3,unreached,code,498,0.9892,1.027
p0100,heldout,3,accepted,code,335,1.275,1.113
p0102,heldout,1,accepted,code,191,0.9324,0.9441
p0102,heldout,2,accepted,code,191,0.898,0.8496
p0102,heldout,3,accepted,code,191,0.8443,0.7471
p0102,heldout,4,accepted,code,191,1.183,1.05
p0099,heldout,2,unreached,code,499,0.9079,0.811
p0100,heldout,1,accepted,code,340,1.058,0.8843
p0100,heldout,2,accepted,code,340,1.334,1.223
p0101,heldout,2,accepted,code,200,0.9158,0.811
p0101,heldout,3,accepted,code,200,1.125,0.9538
p0104,heldout,3,unreached,code,99,1.018,0.9131
p0096,heldout,2,accepted,code,391,0.8132,0.7314
p0096,heldout,3,accepted,code,391,0.9383,0.952
p0099,heldout,2,accepted,code,500,0.9808,1.004
p0100,heldout,2,accepted,code,345,1.26,1.109
p0101,heldout,1,accepted,code,205,1.217,1.148
p0096,heldout,4,accepted,code,396,1.143,0.9223
p0099,heldout,1,accepted,code,505,0.9273,0.8145
p0100,heldout,1,accepted,code,350,0.8682,0.7483
p0100,heldout,4,accepted,code,350,1.124,1.033
p0102,heldout,4,accepted,code,203,1.05,1.034
p0104,heldout,2,unreached,code,106,0.8061,0.682
p0096,heldout,4,accepted,code,401,0.8759,0.7618
p0099,heldout,1,accepted,code,510,0.639,0.59
p0099,heldout,2,accepted,code,510,0.8522,0.7322
p0096,heldout,3,unreached,code,406,0.7829,0.6422
p0099,heldout,3,accepted,code,515,1.308,1.163
p0100,heldout,1,accepted,code,360,0.5643,0.4542
p0100,heldout,2,accepted,code,360,0.931,0.7881
p0100,heldout,3,accepted,code,360,0.995,0.8709
p0100,heldout,4,accepted,code,360,1.155,1.086
p0102,heldout,3,accepted,code,213,0.9423,0.8588
p0102,heldout,4,rejected,code,213,0.9776,0.9377
p0096,heldout,3,rejected,code,408,0.8535,0.6691
p0099,heldout,1,accepted,code,520,0.7446,0.6577
p0100,heldout,3,rejected,code,365,0.9423,0.8115
p0102,heldout,4,rejected,code,217,0.9385,0.9598
p0099,heldout,1,accepted,code,524,1.028,1.012
p0100,heldout,1,accepted,code,368,0.8194,0.6957
p0104,heldout,3,accepted,code,120,1.067,1.057
p0100,heldout,2,unreached,code,370,1.099,1.019
p0104,heldout,3,accepted,code,125,1.093,1.055
p0096,heldout,2,accepted,code,418,0.9454,0.8841
p0102,heldout,1,accepted,code,229,0.8785,0.8685
p0096,heldout,2,accepted,code,423,1.056,0.8841
p0100,heldout,1,accepted,code,373,0.6409,0.4835
p0102,heldout,4,unreached,code,234,0.9479,0.7626
p0099,heldout,1,accepted,code,542,0.9048,0.7608
p0099,heldout,2,accepted,code,542,0.8713,0.7922
p0099,heldout,3,accepted,code,542,0.8412,0.8113
p0100,heldout,1,rejected,code,378,0.863,0.7305
p0100,heldout,4,unreached,code,378,1.031,0.8532
p0104,heldout,1,accepted,code,137,0.674,0.5623
p0104,heldout,3,accepted,code,137,1.081,0.9847
p0096,heldout,2,accepted,code,433,0.7331,0.5597
p0096,heldout,3,accepted,code,433,0.8776,0.6739
p0096,heldout,4,rejected,code,433,0.9051,0.7426
p0099,heldout,3,accepted,code,546,1.211,1.102
p0100,heldout,1,accepted,code,379,0.7472,0.6025
p0100,heldout,3,accepted,code,379,0.8606,0.7571
p0102,heldout,1,accepted,code,239,0.8231,0.8196
p0102,heldout,4,unreached,code,239,0.8882,0.7771
p0096,heldout,3,unreached,code,437,0.8767,0.7175
p0100,heldout,2,accepted,code,384,0.9092,0.751
p0102,heldout,1,accepted,code,242,0.9068,0.7913
p0102,heldout,2,accepted,code,242,1.094,1.003
p0104,heldout,4,rejected,code,147,1.043,0.9679
p0096,heldout,3,rejected,code,438,0.9758,0.7431
p0096,heldout,4,unreached,code,438,0.9246,0.7845
p0099,heldout,2,accepted,code,556,0.9242,0.9009
p0100,heldout,4,unreached,code,389,1.126,0.9886
p0102,heldout,1,accepted,code,245,0.9119,0.8837
p0104,heldout,1,accepted,code,151,0.9708,0.9134
p0104,heldout,4,accepted,code,151,1.145,1.034
p0099,heldout,3,unreached,code,560,0.9343,0.9778
p0100,heldout,2,accepted,code,390,1.061,0.9044
p0102,heldout,1,rejected,code,247,0.8637,0.827
p0104,heldout,1,accepted,code,156,0.646,0.5076
p0099,heldout,4,unreached,code,561,0.9249,0.8604
p0100,heldout,4,accepted,code,395,1.009,0.8662
p0102,heldout,4,unreached,code,248,0.8145,0.7479
p0104,heldout,2,accepted,code,161,0.9524,0.8901
p0104,heldout,4,accepted,code,161,1.02,1.019
p0096,heldout,2,accepted,code,449,0.9246,0.7581
p0096,heldout,3,accepted,code,449,0.8543,0.7393
p0100,heldout,4,accepted,code,400,1.03,0.9826
p0104,heldout,1,accepted,code,166,0.7175,0.6273
p0104,heldout,2,accepted,code,166,0.9773,0.8953
p0096,heldout,2,rejected,code,453,0.6921,0.6082
p0099,heldout,1,rejected,code,568,0.6676,0.6062
p0100,heldout,1,accepted,code,405,1.166,1.086
p0100,heldout,3,rejected,code,405,1.085,0.9408
p0096,heldout,2,accepted,code,455,1.031,0.8935
p0099,heldout,4,accepted,code,569,0.9557,0.8622
p0100,heldout,1,accepted,code,408,0.8944,0.8829
p0100,heldout,3,accepted,code,408,1.215,1.128
p0102,heldout,3,accepted,code,254,0.8771,0.8284
p0102,heldout,4,accepted,code,254,0.9814,0.9721
p0104,heldout,1,accepted,code,175,0.9656,0.9134
p0104,heldout,4,accepted,code,175,1.237,1.168
p0096,heldout,3,accepted,code,460,0.7951,0.6452
p0096,heldout,4,accepted,code,460,0.9864,0.9035
p0099,heldout,1,accepted,code,574,0.9266,0.8941
p0096,heldout,3,accepted,code,465,0.9225,0.7945
p0099,heldout,1,accepted,code,579,0.746,0.6489
p0100,heldout,4,accepted,code,418,1.062,0.8243
p0102,heldout,1,accepted,code,264,1.055,0.9992
p0104,heldout,2,accepted,code,185,1.074,0.9827
p0104,heldout,3,accepted,code,185,1.036,0.9062
p0104,heldout,4,accepted,code,185,1.295,1.212
p0096,heldout,3,accepted,code,470,0.8131,0.7742
p0099,heldout,2,rejected,code,584,0.8127,0.7929
p0099,heldout,4,unreached,code,584,0.8079,0.753
p0100,heldout,2,accepted,code,423,0.9584,0.7718
p0102,heldout,2,accepted,code,269,1.043,0.95
p0104,heldout,1,accepted,code,190,0.8232,0.7574
p0096,heldout,1,accepted,code,475,0.7567,0.7586
p0096,heldout,3,accepted,code,475,0.7875,0.6996
p0099,heldout,1,accepted,code,586,0.8075,0.7113
p0099,heldout,3,accepted,code,586,0.8252,0.7584
p0100,heldout,3,accepted,code,428,1.175,1.184
p0102,heldout,3,rejected,code,274,1.02,1.006
p0104,heldout,3,accepted,code,195,1.013,1.037
p0099,heldout,1,accepted,code,591,1.016,0.9175
p0099,heldout,2,accepted,code,591,0.7878,0.742
p0100,heldout,1,accepted,code,433,1.064,0.969
p0100,heldout,4,accepted,code,433,1.051,0.9024
p0102,heldout,1,accepted,code,277,1.076,1.079
p0096,heldout,2,rejected,code,485,0.6997,0.654
p0099,heldout,1,accepted,code,596,0.9165,0.8247
p0099,heldout,3,accepted,code,596,0.7232,0.6328
p0100,heldout,2,accepted,code,438,1.326,1.261
p0100,heldout,4,accepted,code,438,1.238,1.147
p0104,heldout,1,accepted,code,204,0.8492,0.8284
p0096,heldout,4,accepted,code,487,0.9051,0.694
p0100,heldout,1,accepted,code,443,1.155,0.9889
p0100,heldout,3,accepted,code,443,1.054,0.8514
p0104,heldout,4,unreached,code,206,1.194,1.127
p0100,heldout,4,accepted,code,448,1.261,1.113
p0102,heldout,3,unreached,code,290,1.146,0.9487
p0102,heldout,4,unreached,code,290,1.291,1.187
p0104,heldout,2,accepted,code,208,1.163,1.007
p0104,heldout,3,accepted,code,208,1.285,1.256
p0104,heldout,4,rejected,code,208,1.011,0.9512
p0099,heldout,4,unreached,code,607,0.9873,0.9468
p0100,heldout,2,accepted,code,453,1.077,0.8524
p0102,heldout,2,accepted,code,292,0.8437,0.7608
p0104,heldout,2,accepted,code,212,0.978,0.9229
p0104,heldout,3,rejected,code,212,0.8291,0.7266
p0107,heldout,1,accepted,code,178,1.181,1.009
p0107,heldout,4,rejected,code,178,1.188,1.078
p0099,heldout,3,rejected,code,608,0.8248,0.7582
p0102,heldout,3,rejected,code,296,0.8245,0.7194
p0104,heldout,2,rejected,code,215,1.005,0.8127
p0104,heldout,4,unreached,code,215,0.9741,1.017
p0107,heldout,2,accepted,code,182,0.9231,0.7967
p0099,heldout,3,accepted,code,611,1.088,0.9542
p0099,heldout,4,accepted,code,611,0.8108,0.7258
p0100,heldout,4,accepted,code,463,1.2,1.103
p0102,heldout,1,rejected,code,299,0.8611,0.7677
p0104,heldout,3,accepted,code,217,0.9388,0.903
p0107,heldout,2,accepted,code,187,0.8603,0.7452
p0099,heldout,1,accepted,code,616,0.6468,0.5657
p0099,heldout,3,accepted,code,616,1.149,1.041
p0102,heldout,3,unreached,code,300,0.8701,0.7563
p0104,heldout,3,accepted,code,222,1.098,1.04
p0107,heldout,2,accepted,code,192,0.947,0.7891
p0107,heldout,4,accepted,code,192,1.022,0.8434
p0099,heldout,3,accepted,code,621,0.9014,0.8522
p0099,heldout,4,rejected,code,621,1.017,1.053
p0100,heldout,1,accepted,code,473,0.955,0.7157
p0102,heldout,4,accepted,code,302,0.9279,0.8259
p0104,heldout,1,accepted,code,227,0.9754,0.8729
p0104,heldout,2,accepted,code,227,0.9785,0.898
p0104,heldout,4,accepted,code,227,1.048,1.027
p0107,heldout,3,accepted,code,197,1.027,0.8598
p0100,heldout,3,accepted,code,478,1.079,0.8588
p0102,heldout,4,rejected,code,307,0.9755,0.8594
p0104,heldout,4,accepted,code,232,0.8576,0.7671
p0099,heldout,2,accepted,code,628,0.8677,0.7854
p0104,heldout,3,accepted,code,237,0.9697,0.9235
p0099,heldout,1,accepted,code,633,0.7973,0.7794
p0099,heldout,3,accepted,code,633,1.1,1.095
p0099,heldout,4,accepted,code,633,0.8675,0.8225
p0100,heldout,1,accepted,code,488,0.8929,0.7887
p0100,heldout,2,accepted,code,488,1.051,0.8899
p0102,heldout,1,accepted,code,316,0.752,0.6525
p0104,heldout,4,rejected,code,242,0.8467,0.7309
p0099,heldout,4,unreached,code,638,1.191,1.107
p0100,heldout,2,accepted,code,493,1.308,1.226
p0102,heldout,3,accepted,code,321,1.018,0.9671
p0099,heldout,3,accepted,code,640,0.9181,0.9052
p0099,heldout,4,accepted,code,640,1.072,1.063
p0102,heldout,2,accepted,code,326,1.054,0.9694
p0104,heldout,4,accepted,code,251,1.102,1.007
p0107,heldout,3,accepted,code,222,1.164,1.01
p0099,heldout,2,accepted,code,645,0.7829,0.6818
p0099,heldout,3,accepted,code,645,0.7939,0.7388
p0099,heldout,4,accepted,code,645,1.045,1.003
p0100,heldout,1,accepted,code,503,0.9088,0.8767
p0102,heldout,2,accepted,code,333,0.833,0.8637
p0107,heldout,1,accepted,code,229,0.9989,0.7978
p0107,heldout,2,rejected,code,229,0.9364,0.7952
p0107,heldout,3,unreached,code,229,1.148,1.067
p0099,heldout,1,accepted,code,652,0.7685,0.7166
p0107,heldout,3,unreached,code,231,0.8375,0.7433
p0099,heldout,4,unreached,code,655,0.8686,0.8413
p0104,heldout,2,accepted,code,271,1.237,1.212
p0107,heldout,4,unreached,code,233,1.08,1.037
p0099,heldout,2,rejected,code,657,0.7664,0.7017
p0099,heldout,4,unreached,code,657,0.8253,0.8087
p0100,heldout,1,accepted,code,523,0.9856,0.8795
p0104,heldout,3,accepted,code,276,1.057,1.095
p0099,heldout,1,accepted,code,659,0.6605,0.5726
p0100,heldout,1,accepted,code,528,1.106,1.002
p0102,heldout,2,rejected,code,353,0.837,0.7674
p0102,heldout,3,unreached,code,353,0.8383,0.8407
p0107,heldout,3,unreached,code,241,1.155,0.9748
p0099,heldout,2,accepted,code,663,0.8773,0.8207
p0102,heldout,2,unreached,code,355,0.8676,0.7841
p0102,heldout,4,unreached,code,355,0.926,0.8486
p0104,heldout,1,accepted,code,286,0.9452,0.8241
p0102,heldout,3,unreached,code,356,0.8425,0.7494
p0102,heldout,4,unreached,code,356,1.009,0.9662
p0099,heldout,4,accepted,code,673,1.081,1.033
p0100,heldout,2,accepted,code,542,0.9166,0.8304
p0102,heldout,3,rejected,code,357,0.9092,0.8471
p0107,heldout,4,unreached,code,251,0.9248,0.8271
p0099,heldout,2,accepted,code,678,1.008,0.855
p0099,heldout,4,accepted,code,678,1.016,0.9123
p0102,heldout,1,accepted,code,360,0.6508,0.5701
p0104,heldout,4,rejected,code,301,1.139,1.111
p0107,heldout,1,accepted,code,254,0.9248,0.7513
p0107,heldout,2,accepted,code,254,0.836,0.6778
p0107,heldout,4,accepted,code,254,0.9427,0.8666
p0100,heldout,1,accepted,code,552,1.042,0.8991
p0100,heldout,3,accepted,code,552,1.099,1.05
p0104,heldout,2,accepted,code,305,1.329,1.234
p0104,heldout,3,accepted,code,305,1.093,0.9993
p0107,heldout,1,accepted,code,259,0.6345,0.6027
p0107,heldout,3,accepted,code,259,0.931,0.8589
p0100,heldout,2,accepted,code,557,0.7779,0.6533
p0100,heldout,3,accepted,code,557,0.8202,0.6803
p0100,heldout,4,accepted,code,557,0.923,0.7927
p0102,heldout,2,unreached,code,364,0.8944,0.7701
p0102,heldout,3,unreached,code,364,0.7888,0.6836
p0102,heldout,4,unreached,code,364,0.923,0.7267
p0107,heldout,4,accepted,code,263,1.068,0.9145
p0107,heldout,2,accepted,code,268,0.8875,0.8746
p0102,heldout,2,rejected,code,366,0.7915,0.692
p0102,heldout,3,unreached,code,366,0.8587,0.7319
p0107,heldout,1,accepted,code,273,0.7426,0.6888
p0107,heldout,3,rejected,code,273,0.8773,0.8017
p0107,heldout,4,unreached,code,273,0.9959,0.9343
p0104,heldout,1,accepted,code,325,1.103,1.036
p0107,heldout,2,accepted,code,276,1.085,0.9405
p0102,heldout,4,rejected,code,369,0.9888,0.9519
p0104,heldout,2,accepted,code,329,1.076,0.9706
p0107,heldout,2,accepted,code,279,1.24,1.107
p0107,heldout,3,accepted,code,279,1.123,0.9944
p0108,heldout,3,accepted,code,330,0.9959,0.8945
p0108,heldout,1,accepted,code,335,0.9572,0.916
p0102,heldout,1,accepted,code,378,0.8042,0.7899
p0104,heldout,4,accepted,code,339,0.9454,0.7253
p0107,heldout,2,rejected,code,289,0.7997,0.7449
p0102,heldout,3,accepted,code,383,1.175,1.067
p0104,heldout,1,accepted,code,344,1.031,0.8676
p0107,heldout,1,rejected,code,291,0.895,0.7666
p0107,heldout,3,unreached,code,291,1.022,0.9179
p0107,heldout,4,unreached,code,291,1.067,0.8522
p0108,heldout,2,accepted,code,345,1.109,1.041
p0108,heldout,4,accepted,code,345,1.306,1.13
p0107,heldout,3,accepted,code,292,1.132,0.9663
p0102,heldout,3,accepted,code,393,1.093,0.9831
p0104,heldout,1,accepted,code,351,1.189,1.111
p0102,heldout,2,rejected,code,398,0.7251,0.6362
p0104,heldout,4,accepted,code,356,1.176,1.132
p0107,heldout,2,accepted,code,302,0.9978,0.8306
p0107,heldout,4,accepted,code,302,0.8944,0.822
p0108,heldout,1,accepted,code,360,1.034,0.8998
p0104,heldout,2,accepted,code,361,1.142,1.088
p0107,heldout,2,accepted,code,307,1.004,0.8294
p0102,heldout,1,accepted,code,404,0.5958,0.5866
p0104,heldout,3,accepted,code,366,1.126,1.144
p0108,heldout,1,accepted,code,370,0.9451,0.8588
p0102,heldout,4,accepted,code,406,0.9566,0.9166
p0107,heldout,4,accepted,code,316,0.8893,0.7413
p0102,heldout,4,accepted,code,411,0.916,0.8273
p0107,heldout,1,accepted,code,321,0.7674,0.6269
p0107,heldout,2,accepted,code,321,0.9513,0.8419
p0108,heldout,2,accepted,code,380,1.139,0.9505
p0108,heldout,2,accepted,code,385,1.108,1.022
p0108,heldout,3,accepted,code,385,1.122,0.9104
p0104,heldout,1,accepted,code,385,0.8515,0.7227
p0108,heldout,2,accepted,code,390,0.901,0.8524
p0108,heldout,3,accepted,code,390,1.164,1.072
p0102,heldout,1,accepted,code,423,0.8164,0.7178
p0104,heldout,1,accepted,code,390,1.009,0.7876
p0104,heldout,2,accepted,code,390,1.294,1.231
p0107,heldout,3,accepted,code,334,1.047,0.8907
p0108,heldout,2,accepted,code,395,1.015,0.8197
p0111,heldout,1,accepted,code,164,1.194,1.014
p0111,heldout,2,rejected,code,164,1.104,0.9725
p0102,heldout,1,accepted,code,433,1.028,0.9845
p0102,heldout,2,accepted,code,433,0.8904,0.8743
p0102,heldout,3,accepted,code,433,0.9386,0.8858
p0104,heldout,1,accepted,code,400,0.8462,0.7535
p0104,heldout,4,accepted,code,400,1.172,1.033
p0108,heldout,1,accepted,code,405,1.092,1.013
p0108,heldout,2,accepted,code,405,1.362,1.255
p0111,heldout,1,accepted,code,166,1.059,0.9436
p0102,heldout,1,accepted,code,438,1.05,0.9782
p0104,heldout,4,accepted,code,405,1.176,1.131
p0107,heldout,3,accepted,code,344,1.085,1.024
p0108,heldout,2,accepted,code,410,1.23,1.096
p0111,heldout,3,rejected,code,171,0.9679,0.8859
p0104,heldout,3,accepted,code,410,1.041,0.9525
p0107,heldout,4,unreached,code,349,1.021,0.9699
p0104,heldout,4,rejected,code,415,0.8641,0.7488
p0107,heldout,1,rejected,code,352,0.8044,0.7217
p0107,heldout,3,unreached,code,352,1.141,1.063
p0102,heldout,3,accepted,code,451,0.793,0.7394
p0107,heldout,1,accepted,code,353,0.7466,0.6225
p0108,heldout,1,accepted,code,425,1.247,1.251
p0111,heldout,2,accepted,code,179,1.107,1.067
p0111,heldout,3,rejected,code,179,0.9704,0.8464
p0102,heldout,3,rejected,code,456,0.7363,0.7117
p0102,heldout,4,unreached,code,456,0.836,0.7053
p0104,heldout,1,accepted,code,424,0.6512,0.4783
p0104,heldout,3,accepted,code,424,0.9003,0.8261
p0108,heldout,4,accepted,code,427,1.118,0.972
p0111,heldout,3,accepted,code,182,0.9171,0.8214
p0104,heldout,1,accepted,code,429,0.6088,0.5226
p0108,heldout,3,accepted,code,432,1.198,1.072
p0102,heldout,3,accepted,code,464,0.8754,0.8547
p0102,heldout,4,accepted,code,464,0.8216,0.7471
p0104,heldout,2,accepted,code,434,0.8939,0.8205
p0104,heldout,4,unreached,code,434,0.9905,0.865
p0107,heldout,2,accepted,code,367,1.071,1.059
p0107,heldout,4,accepted,code,367,1.226,1.092
p0108,heldout,1,accepted,code,437,1.322,1.248
p0108,heldout,3,accepted,code,437,1.342,1.263
p0111,heldout,2,accepted,code,192,0.6963,0.5789
p0111,heldout,3,accepted,code,192,0.9526,0.8302
p0102,heldout,4,rejected,code,469,0.8838,0.9323
p0104,heldout,3,accepted,code,437,1.073,1.001
p0107,heldout,1,accepted,code,372,0.7978,0.6981
p0108,heldout,3,accepted,code,442,1.317,1.124
p0111,heldout,3,accepted,code,197,1.06,0.944
p0104,heldout,2,unreached,code,442,1.003,0.8505
p0108,heldout,3,accepted,code,447,1.185,1.048
p0108,heldout,4,accepted,code,447,1.289,1.107
p0111,heldout,2,accepted,code,202,0.798,0.6944
p0102,heldout,1,accepted,code,478,0.8811,0.8141
p0107,heldout,1,accepted,code,375,0.8732,0.7829
p0102,heldout,1,accepted,code,483,0.6798,0.6255
p0102,heldout,4,rejected,code,483,1.049,1.083
p0108,heldout,2,accepted,code,457,1.087,1.002
p0108,heldout,3,accepted,code,457,0.9801,0.7458
p0104,heldout,4,unreached,code,450,0.8713,0.7881
p0107,heldout,4,rejected,code,385,1.209,1.227
p0108,heldout,2,accepted,code,462,1.077,0.9899
p0102,heldout,4,accepted,code,492,0.9454,0.8909
p0104,heldout,1,accepted,code,451,0.611,0.5675
p0107,heldout,4,accepted,code,389,1.164,1.071
p0108,heldout,1,accepted,code,467,1.267,1.221
p0108,heldout,3,accepted,code,467,1.285,1.223
p0111,heldout,2,accepted,code,221,1.013,0.8744
p0102,heldout,4,unreached,code,497,0.8801,0.8072
p0107,heldout,2,accepted,code,394,1.031,0.8696
p0107,heldout,3,accepted,code,394,0.9611,0.8514
p0107,heldout,4,rejected,code,394,0.9527,0.8414
p0108,heldout,1,accepted,code,472,1.283,1.246
p0111,heldout,1,accepted,code,226,0.8907,0.6831
p0104,heldout,1,accepted,code,460,0.8748,0.7654
p0104,heldout,2,accepted,code,460,1.043,0.9786
p0104,heldout,4,accepted,code,460,0.8583,0.7602
p0111,heldout,1,accepted,code,229,0.6489,0.6416
p0102,heldout,3,unreached,code,500,0.9417,0.8108
p0102,heldout,4,unreached,code,500,1.027,0.9128
p0104,heldout,1,rejected,code,465,0.7347,0.609
p0107,heldout,3,accepted,code,403,1.156,1.148
p0102,heldout,1,accepted,code,502,0.8898,0.7899
p0102,heldout,2,accepted,code,502,1.007,1.02
p0102,heldout,4,accepted,code,502,0.9204,0.7998
p0104,heldout,1,accepted,code,466,0.5946,0.454
p0107,heldout,3,accepted,code,408,1.372,1.293
p0108,heldout,1,accepted,code,487,1.004,1.037
p0104,heldout,4,unreached,code,469,1.074,1.049
p0107,heldout,2,accepted,code,413,0.8149,0.7497
p0108,heldout,2,accepted,code,492,0.8471,0.775
p0111,heldout,3,accepted,code,236,1.018,0.9308
p0102,heldout,3,accepted,code,511,0.9848,0.8639
p0102,heldout,4,accepted,code,511,0.8759,0.7562
p0104,heldout,3,accepted,code,472,0.9572,0.8539
p0107,heldout,1,accepted,code,418,0.6517,0.5888
p0107,heldout,2,accepted,code,418,1.111,0.9341
p0107,heldout,4,accepted,code,418,1.185,1.041
p0108,heldout,1,accepted,code,497,1.125,1.068
p0111,heldout,1,accepted,code,241,0.5268,0.4114
p0111,heldout,4,rejected,code,241,0.95,0.9057
p0104,heldout,3,accepted,code,477,1.116,1.035
p0107,heldout,3,accepted,code,423,1.256,1.094
p0108,heldout,1,accepted,code,502,0.8792,0.812
p0111,heldout,1,accepted,code,245,0.9464,0.8953
p0111,heldout,4,accepted,code,245,1.167,1.079
p0102,heldout,3,unreached,code,518,0.7468,0.6455
p0107,heldout,2,accepted,code,428,1.076,1.016
p0107,heldout,4,accepted,code,428,1.183,1.017
p0102,heldout,2,rejected,code,519,0.9508,0.8064
p0112,heldout,1,accepted,code,434,1.055,1.013
p0112,heldout,4,rejected,code,434,1.031,1.017
p0107,heldout,2,accepted,code,438,0.8664,0.8456
p0108,heldout,2,rejected,code,514,1.103,1.114
p0111,heldout,3,accepted,code,260,1.181,1.224
p0112,heldout,3,accepted,code,438,1.039,1.066
p0107,heldout,2,accepted,code,443,1.105,0.976
p0107,heldout,4,accepted,code,443,0.9052,0.7937
p0111,heldout,3,accepted,code,265,1.141,1.073
p0111,heldout,4,accepted,code,265,1.206,1.121
p0113,heldout,3,accepted,code,101,1.054,1.015
p0108,heldout,4,accepted,code,521,1.02,0.8146
p0111,heldout,1,accepted,code,270,1.19,1.206
p0111,heldout,3,accepted,code,270,1.339,1.363
p0107,heldout,2,accepted,code,453,1.175,1.054
p0111,heldout,1,accepted,code,275,1.234,1.135
p0111,heldout,3,accepted,code,275,1.122,1.046
p0107,heldout,2,accepted,code,462,1.116,1.003
p0107,heldout,3,accepted,code,462,1.016,0.9129
p0108,heldout,1,accepted,code,536,1.072,0.8786
p0111,heldout,1,accepted,code,285,1.185,1.162
p0112,heldout,4,accepted,code,463,1.01,0.7941
p0113,heldout,3,accepted,code,116,1.049,0.795
p0113,heldout,4,accepted,code,116,1.103,0.9395
p0108,heldout,2,accepted,code,541,0.9958,0.8626
p0108,heldout,3,accepted,code,541,1.059,0.9015
p0111,heldout,2,accepted,code,289,1.091,0.9374
p0112,heldout,1,accepted,code,468,1.032,0.8652
p0108,heldout,2,accepted,code,546,1.103,1.045
p0111,heldout,3,accepted,code,294,1.083,0.9109
p0112,heldout,2,accepted,code,473,1.17,1.022
p0113,heldout,3,accepted,code,126,1.265,1.148
p0107,heldout,2,accepted,code,477,1.179,1.008
p0107,heldout,4,unreached,code,477,1.146,1.014
p0111,heldout,1,accepted,code,298,0.9495,0.7955
p0111,heldout,4,accepted,code,298,0.9423,0.8095
p0112,heldout,1,accepted,code,478,0.883,0.6635
p0113,heldout,1,accepted,code,131,0.8116,0.7003
p0113,heldout,2,accepted,code,131,1.086,0.8618
p0111,heldout,2,accepted,code,303,1.107,1.026
p0113,heldout,2,accepted,code,136,0.8745,0.8142
p0107,heldout,1,rejected,code,484,0.584,0.461
p0112,heldout,4,accepted,code,488,1.219,1.109
p0107,heldout,3,unreached,code,485,0.8922,0.7414
p0108,heldout,2,accepted,code,566,1.003,0.8489
p0108,heldout,3,accepted,code,566,1.13,1.036
p0111,heldout,3,accepted,code,313,1.348,1.277
p0113,heldout,4,accepted,code,146,1.307,1.174
p0108,heldout,1,accepted,code,570,1.055,0.9201
p0108,heldout,2,accepted,code,570,1.125,1.018
p0111,heldout,4,accepted,code,318,1.097,0.9312
p0112,heldout,1,accepted,code,498,1.006,0.8617
p0112,heldout,3,accepted,code,498,1.153,0.9235
p0107,heldout,3,accepted,code,489,0.8851,0.8521
p0108,heldout,4,accepted,code,575,1.103,1.01
p0107,heldout,4,accepted,code,494,1.121,1.153
p0108,heldout,1,accepted,code,580,1.058,0.9568
p0108,heldout,3,accepted,code,580,0.9331,0.7226
p0108,heldout,4,accepted,code,580,0.9966,0.7834
p0111,heldout,1,accepted,code,328,0.8627,0.6672
p0111,heldout,2,accepted,code,328,0.872,0.7924
p0111,heldout,3,accepted,code,328,0.8824,0.8264
p0111,heldout,4,rejected,code,328,0.9998,1.009
p0112,heldout,3,accepted,code,508,1.091,0.8678
p0112,heldout,4,accepted,code,508,1.155,0.9864
p0111,heldout,3,rejected,code,332,0.8903,0.8605
p0112,heldout,3,accepted,code,513,1.106,0.9131
p0112,heldout,4,accepted,code,513,1.091,0.9664
p0113,heldout,4,accepted,code,165,1.087,0.9299
p0111,heldout,2,accepted,code,335,0.8983,0.8057
p0113,heldout,2,accepted,code,170,1.124,1.003
p0113,heldout,4,accepted,code,170,1.292,1.253
p0107,heldout,2,rejected,code,507,0.8326,0.7239
p0107,heldout,4,unreached,code,507,0.8606,0.7657
p0112,heldout,1,accepted,code,522,1.047,0.9588
p0114,heldout,2,accepted,code,244,1.097,0.9735
p0107,heldout,1,accepted,code,509,0.7934,0.6503
p0108,heldout,1,accepted,code,600,0.9035,0.8596
p0108,heldout,2,accepted,code,600,1.17,1.147
p0111,heldout,2,unreached,code,345,0.932,0.8545
p0112,heldout,4,accepted,code,527,1.288,1.131
p0113,heldout,1,accepted,code,178,0.8571,0.8366
p0113,heldout,2,accepted,code,178,1.003,0.9356
p0113,heldout,3,rejected,code,178,1.24,1.173
p0113,heldout,4,unreached,code,178,1.131,1.113
p0114,heldout,1,accepted,code,249,0.8683,0.7753
p0108,heldout,1,accepted,code,605,1.229,1.191
p0108,heldout,2,accepted,code,605,1.059,1.072
p0108,heldout,3,accepted,code,605,0.8877,0.8087
p0112,heldout,3,accepted,code,532,1.055,0.8966
p0112,heldout,4,accepted,code,532,1.17,0.9623
p0113,heldout,3,rejected,code,181,0.8568,0.7719
p0113,heldout,4,unreached,code,181,0.8841,0.8636
p0114,heldout,1,accepted,code,251,0.6422,0.4666
p0112,heldout,2,accepted,code,537,1.145,0.9688
p0114,heldout,2,accepted,code,256,1.21,1.102
p0111,heldout,2,accepted,code,355,1.07,1.009
p0111,heldout,3,accepted,code,355,1.129,1.073
p0112,heldout,1,accepted,code,542,1.004,0.8286
p0112,heldout,4,accepted,code,542,1.247,1.157
p0114,heldout,3,accepted,code,259,1.039,0.8602
p0112,heldout,2,accepted,code,547,1.086,0.92
p0113,heldout,1,accepted,code,190,1.063,0.9725
p0114,heldout,2,accepted,code,264,0.9529,0.8084
p0107,heldout,4,unreached,code,532,0.8584,0.7585
p0108,heldout,1,accepted,code,613,0.7365,0.6503
p0108,heldout,4,accepted,code,613,0.9737,1.003
p0111,heldout,4,accepted,code,365,1.157,1.077
p0114,heldout,4,accepted,code,267,1.125,1.07
p0107,heldout,1,accepted,code,535,1.031,0.8128
p0108,heldout,1,accepted,code,618,0.9533,0.8945
p0108,heldout,2,rejected,code,618,1.08,1.063
p0111,heldout,1,accepted,code,370,0.8641,0.7078
p0112,heldout,4,accepted,code,557,1.126,0.9766
p0113,heldout,1,accepted,code,200,0.911,0.838
p0113,heldout,3,accepted,code,200,1.188,1.098
p0114,heldout,3,accepted,code,272,0.9599,0.7558
p0114,heldout,4,accepted,code,272,1.006,0.8984
p0107,heldout,2,accepted,code,537,0.7439,0.6577
p0108,heldout,2,accepted,code,620,1.195,1.199
p0108,heldout,3,rejected,code,620,1.048,0.9794
p0111,heldout,4,accepted,code,375,0.8898,0.8464
p0112,heldout,2,accepted,code,562,1.261,1.169
p0112,heldout,3,accepted,code,562,1.175,0.9229
p0113,heldout,1,accepted,code,205,1.017,1.003
p0113,heldout,3,accepted,code,205,0.9033,0.7207
p0114,heldout,3,accepted,code,277,1.228,1.097
p0114,heldout,4,accepted,code,277,0.934,0.8895
p0114,heldout,3,accepted,code,282,0.9539,0.7743
p0114,heldout,4,accepted,code,282,1.038,0.8504
p0115,heldout,4,rejected,code,152,0.8632,0.7817
p0107,heldout,4,accepted,code,547,0.8826,0.7594
p0108,heldout,1,accepted,code,626,0.7456,0.6793
p0108,heldout,2,accepted,code,626,1.084,1.061
p0108,heldout,3,accepted,code,626,1.007,0.9875
p0111,heldout,1,accepted,code,385,0.9612,0.8746
p0111,heldout,4,unreached,code,385,1.015,0.911
p0112,heldout,4,accepted,code,572,1.128,0.9167
p0113,heldout,1,accepted,code,214,1.05,0.9356
p0114,heldout,4,accepted,code,287,1.117,1.028
p0115,heldout,2,accepted,code,156,0.8647,0.8086
p0115,heldout,4,accepted,code,156,1.056,1.041
p0111,heldout,1,accepted,code,387,0.7945,0.6809
p0112,heldout,1,accepted,code,577,0.9386,0.86
p0112,heldout,3,accepted,code,577,1.148,0.9781
p0113,heldout,2,rejected,code,216,0.9129,0.7934
p0113,heldout,3,unreached,code,216,0.972,0.7791
p0114,heldout,1,accepted,code,292,0.6865,0.5539
p0115,heldout,2,accepted,code,161,0.9655,0.9279
p0107,heldout,3,accepted,code,554,1.153,0.9686
p0108,heldout,3,accepted,code,636,1.25,1.107
p0111,heldout,3,rejected,code,390,0.8997,0.7284
p0112,heldout,2,accepted,code,582,1.158,1.031
p0112,heldout,4,accepted,code,582,1.121,1.085
p0113,heldout,3,accepted,code,218,1.147,1.092
p0115,heldout,3,accepted,code,166,1.145,0.9857
p0107,heldout,1,accepted,code,559,1.04,0.8792
p0107,heldout,2,accepted,code,559,1.155,1.061
p0107,heldout,3,accepted,code,559,0.9866,0.9375
p0108,heldout,1,accepted,code,641,1.025,0.8993
p0108,heldout,3,accepted,code,641,1.061,1.023
p0113,heldout,2,accepted,code,223,1.239,1.229
p0114,heldout,1,accepted,code,302,0.8237,0.7257
p0114,heldout,3,accepted,code,302,0.9531,0.8015
p0115,heldout,1,accepted,code,171,0.9062,0.7198
p0115,heldout,2,accepted,code,171,1.019,0.7874
p0108,heldout,3,accepted,code,646,1.166,1.044
p0108,heldout,4,accepted,code,646,1.159,1.067
p0111,heldout,4,unreached,code,397,1.034,0.9156
p0114,heldout,2,accepted,code,307,0.9164,0.7843
p0115,heldout,1,accepted,code,176,1.142,1.091
p0115,heldout,2,accepted,code,176,1.054,0.9366
p0111,heldout,1,accepted,code,398,0.8731,0.761
p0113,heldout,1,accepted,code,233,1.079,1.06
p0113,heldout,2,accepted,code,233,1.233,1.121
p0113,heldout,4,accepted,code,233,1.288,1.203
p0114,heldout,2,rejected,code,310,0.8916,0.7329
p0114,heldout,3,unreached,code,310,0.8917,0.8034
p0115,heldout,4,accepted,code,181,1.116,1.01
p0108,heldout,3,accepted,code,656,1.009,0.9281
p0111,heldout,3,accepted,code,403,0.895,0.8361
p0112,heldout,3,accepted,code,601,1.274,1.207
p0113,heldout,3,unreached,code,238,1.02,0.9407
p0114,heldout,4,accepted,code,312,1.126,1.023
p0115,heldout,3,accepted,code,186,1.218,1.162
p0108,heldout,1,accepted,code,661,0.9851,0.9245
p0108,heldout,3,accepted,code,661,1.336,1.288
p0111,heldout,2,rejected,code,408,0.7065,0.5828
p0112,heldout,1,accepted,code,606,1.029,0.8719
p0112,heldout,4,accepted,code,606,1.081,0.8725
p0111,heldout,2,accepted,code,410,0.9791,0.8322
p0111,heldout,3,accepted,code,410,1.136,1.053
p0112,heldout,2,accepted,code,611,1.136,0.9995
p0114,heldout,1,accepted,code,322,1.025,1.001
p0114,heldout,2,accepted,code,322,1.045,0.9674
p0108,heldout,1,accepted,code,671,1.182,1.152
p0108,heldout,2,accepted,code,671,1.164,1.089
p0111,heldout,1,accepted,code,415,0.8108,0.6729
p0111,heldout,3,accepted,code,415,1.166,1.005
p0111,heldout,4,rejected,code,415,0.9477,0.8066
p0113,heldout,2,accepted,code,246,0.943,0.8902
p0113,heldout,4,accepted,code,246,1.361,1.334
p0114,heldout,1,accepted,code,327,1.153,1.047
p0108,heldout,3,accepted,code,675,1.135,1.085
p0111,heldout,2,unreached,code,419,0.8384,0.7071
p0111,heldout,3,unreached,code,419,0.8599,0.7777
p0112,heldout,4,accepted,code,621,1.116,0.9365
p0114,heldout,4,accepted,code,332,1.147,1.02
p0115,heldout,1,accepted,code,206,0.8976,0.7078
p0111,heldout,1,rejected,code,420,0.7102,0.5403
p0112,heldout,3,accepted,code,626,1.234,1.104
p0115,heldout,2,accepted,code,211,1.08,0.9265
p0115,heldout,1,accepted,code,216,0.9625,0.9368
p0115,heldout,3,accepted,code,216,1.01,0.9677
p0115,heldout,4,accepted,code,216,1.082,0.8691
p0108,heldout,4,accepted,code,690,1.237,1.203
p0112,heldout,1,accepted,code,636,1.086,0.9156
p0114,heldout,2,accepted,code,347,1.149,0.9875
p0115,heldout,4,accepted,code,221,1.009,0.878
p0111,heldout,3,accepted,code,427,1.167,0.9725
p0111,heldout,2,accepted,code,432,0.8573,0.7719
p0111,heldout,4,accepted,code,432,1.03,0.969
p0112,heldout,4,accepted,code,645,1.052,1.052
p0115,heldout,2,accepted,code,228,1.222,1.21
p0115,heldout,3,accepted,code,228,1.288,1.151
p0111,heldout,2,accepted,code,437,0.9797,0.9159
p0114,heldout,1,accepted,code,355,1.154,1.065
p0114,heldout,2,accepted,code,355,1.254,1.094
p0115,heldout,2,accepted,code,233,1.1,1.033
p0118,heldout,2,accepted,code,137,1.234,1.294
p0118,heldout,3,accepted,code,137,1.061,1.033
p0111,heldout,1,rejected,code,440,1.108,1.086
p0114,heldout,2,accepted,code,360,0.8768,0.8098
p0118,heldout,3,accepted,code,141,0.976,0.9802
p0111,heldout,3,accepted,code,441,1.08,0.9218
p0112,heldout,2,accepted,code,660,1.114,1.013
p0114,heldout,4,accepted,code,364,0.8922,0.7425
p0115,heldout,1,accepted,code,242,1.243,1.074
p0118,heldout,2,accepted,code,146,1.046,0.8467
p0118,heldout,3,accepted,code,146,1.052,1.029
p0111,heldout,2,accepted,code,446,0.8105,0.7489
p0114,heldout,2,accepted,code,369,0.7174,0.5861
p0114,heldout,3,rejected,code,369,0.9262,0.8108
p0115,heldout,2,accepted,code,247,1.171,1.094
p0118,heldout,1,accepted,code,151,0.7408,0.6958
p0118,heldout,4,accepted,code,151,1.047,0.975
p0112,heldout,1,accepted,code,670,0.9375,0.7772
p0115,heldout,1,accepted,code,252,1.305,1.287
p0115,heldout,4,accepted,code,252,1.279,1.198
p0118,heldout,1,accepted,code,156,0.9863,0.8806
p0111,heldout,2,accepted,code,456,0.9648,0.8002
p0111,heldout,3,accepted,code,456,1.118,0.9845
p0112,heldout,1,accepted,code,675,0.9326,0.8289
p0112,heldout,3,accepted,code,675,1.102,1.056
p0114,heldout,4,rejected,code,376,0.9555,0.8146
p0115,heldout,2,accepted,code,257,1.188,1.068
p0118,heldout,2,accepted,code,161,1.142,1.022
p0114,heldout,4,accepted,code,380,1.121,1.056
p0115,heldout,1,accepted,code,262,1.285,1.159
p0118,heldout,1,accepted,code,166,0.9154,0.7618
p0118,heldout,4,accepted,code,166,1.068,0.866
p0112,heldout,1,accepted,code,685,0.9333,0.7704
p0114,heldout,4,rejected,code,385,0.7862,0.683
p0115,heldout,4,accepted,code,267,1.113,1.078
p0118,heldout,2,accepted,code,171,0.9463,0.7491
p0112,heldout,4,accepted,code,690,1.069,1.042
p0114,heldout,1,accepted,code,389,0.7662,0.6782
p0115,heldout,2,accepted,code,272,1.091,1.027
p0115,heldout,3,accepted,code,272,1.17,1.09
p0118,heldout,2,accepted,code,176,1.028,0.9507
p0118,heldout,4,accepted,code,176,1.121,0.9965
p0111,heldout,4,accepted,code,476,1.061,0.9158
p0114,heldout,4,unreached,code,393,1.077,1.009
p0115,heldout,4,rejected,code,277,0.9008,0.7951
p0118,heldout,2,accepted,code,181,1.332,1.273
p0111,heldout,1,accepted,code,481,1.025,0.9488
p0111,heldout,4,accepted,code,481,1.266,1.323
p0112,heldout,2,accepted,code,700,1.109,1
p0112,heldout,4,accepted,code,700,1.038,0.8768
p0118,heldout,3,accepted,code,186,0.9883,0.9198
p0118,heldout,4,accepted,code,186,0.9846,0.7381
p0111,heldout,4,unreached,code,486,1.11,1.099
p0114,heldout,3,accepted,code,401,0.8102,0.7313
p0118,heldout,4,accepted,code,191,1.174,1.047
p0111,heldout,4,accepted,code,489,1.031,0.8232
p0112,heldout,4,accepted,code,710,1.061,1.073
p0114,heldout,3,accepted,code,406,0.9708,0.9144
p0118,heldout,1,accepted,code,196,0.8858,0.71
p0118,heldout,2,accepted,code,196,1.053,0.9243
p0118,heldout,3,accepted,code,196,1.084,0.8493
p0112,heldout,2,accepted,code,715,0.7706,0.6518
p0112,heldout,4,accepted,code,715,1.081,1.095
p0114,heldout,2,rejected,code,411,0.844,0.8086
p0114,heldout,4,unreached,code,411,1.001,0.9807
p0115,heldout,1,accepted,code,289,1.06,0.9577
p0118,heldout,2,accepted,code,201,1.241,1.156
p0111,heldout,4,accepted,code,499,1.252,1.121
p0112,heldout,1,accepted,code,720,1.112,0.9613
p0112,heldout,3,accepted,code,720,1.042,1.005
p0112,heldout,4,accepted,code,720,1.115,1.007
p0114,heldout,2,unreached,code,413,0.8321,0.742
p0114,heldout,3,unreached,code,413,0.8216,0.8569
p0115,heldout,3,unreached,code,292,1.043,1.007
p0111,heldout,3,accepted,code,504,1.179,1.15
p0111,heldout,4,accepted,code,504,1.384,1.326
p0112,heldout,1,accepted,code,725,1.268,1.208
p0112,heldout,2,accepted,code,725,1.194,1.023
p0112,heldout,3,accepted,code,725,1.07,0.8915
p0115,heldout,4,rejected,code,294,0.938,0.8561
p0118,heldout,1,accepted,code,211,1.113,0.963
p0111,heldout,1,accepted,code,509,0.9716,0.9456
p0111,heldout,3,accepted,code,509,1.222,1.189
p0112,heldout,3,accepted,code,730,1.247,1.214
p0115,heldout,1,accepted,code,298,0.9862,0.9705
p0115,heldout,2,accepted,code,298,0.8979,0.8224
p0115,heldout,4,accepted,code,298,1.151,1.117
p0118,heldout,3,accepted,code,216,1.267,1.152
p0111,heldout,1,accepted,code,514,1.117,1.065
p0111,heldout,2,accepted,code,514,1.231,1.115
p0112,heldout,2,accepted,code,735,0.9789,0.7138
p0114,heldout,1,accepted,code,420,0.8037,0.6966
p0115,heldout,3,accepted,code,303,1.071,0.9934
p0118,heldout,1,accepted,code,221,1.164,1.05
p0111,heldout,2,accepted,code,519,1.207,1.06
p0114,heldout,1,accepted,code,422,0.7959,0.6797
p0114,heldout,2,accepted,code,422,0.9532,0.8394
p0115,heldout,2,accepted,code,308,0.9733,0.935
p0115,heldout,4,accepted,code,308,1.107,1.096
p0118,heldout,3,accepted,code,226,1.1,0.9741
p0111,heldout,1,accepted,code,524,1.024,0.9709
p0111,heldout,4,accepted,code,524,1.155,1.022
p0112,heldout,3,accepted,code,745,1.098,0.9038
p0112,heldout,4,accepted,code,745,1.096,0.8832
p0114,heldout,3,unreached,code,427,0.9843,0.8791
p0111,heldout,1,accepted,code,529,1.201,1.151
p0111,heldout,4,accepted,code,529,1.164,1.021
p0112,heldout,1,accepted,code,750,0.9343,0.933
p0112,heldout,4,accepted,code,750,1.083,0.9909
p0114,heldout,1,accepted,code,429,0.9229,0.8057
p0114,heldout,2,rejected,code,429,0.8318,0.6987
p0115,heldout,4,rejected,code,318,1.183,1.143
p0111,heldout,3,accepted,code,534,1.137,0.9665
p0112,heldout,2,accepted,code,755,0.8938,0.7792
p0112,heldout,3,accepted,code,755,1.158,1.018
p0112,heldout,4,accepted,code,755,0.9334,0.7695
p0114,heldout,4,accepted,code,431,1.022,0.9126
p0118,heldout,1,accepted,code,241,1.199,1.112
p0118,heldout,2,accepted,code,241,1.081,1.018
p0111,heldout,1,accepted,code,539,1.113,1.046
p0111,heldout,2,accepted,code,539,1.112,1.019
p0111,heldout,3,accepted,code,539,1.016,0.8723
p0111,heldout,4,accepted,code,539,1.093,0.9957
p0115,heldout,4,accepted,code,327,1.218,1.149
p0118,heldout,4,rejected,code,246,0.9011,0.8156
p0112,heldout,2,accepted,code,765,1.187,1.09
p0112,heldout,3,accepted,code,765,1.158,1.247
p0118,heldout,4,unreached,code,250,0.9272,0.7999
p0114,heldout,2,accepted,code,443,0.9754,0.9279
p0115,heldout,1,accepted,code,334,0.9325,0.8477
p0115,heldout,4,unreached,code,334,1.03,0.9731
p0118,heldout,2,unreached,code,251,0.9314,0.8456
p0112,heldout,3,accepted,code,775,1.192,1.08
p0114,heldout,2,accepted,code,446,0.912,0.8614
p0118,heldout,1,accepted,code,252,0.7855,0.7056
p0118,heldout,2,rejected,code,252,0.7721,0.7014
p0114,heldout,2,accepted,code,451,1.051,1.055
p0114,heldout,3,accepted,code,451,0.9054,0.8462
p0115,heldout,2,rejected,code,341,0.8877,0.7954
p0115,heldout,4,unreached,code,341,0.9422,0.9149
p0118,heldout,3,accepted,code,254,0.9825,0.9479
p0112,heldout,1,accepted,code,785,1.309,1.168
p0112,heldout,4,accepted,code,785,1.136,1.029
p0114,heldout,2,accepted,code,455,1.119,0.8824
p0118,heldout,1,rejected,code,258,0.8757,0.8539
p0118,heldout,4,unreached,code,258,1.221,1.063
p0118,heldout,2,accepted,code,259,1.159,1.024
p0118,heldout,3,accepted,code,259,1.245,1.144
p0114,heldout,2,accepted,code,465,1.069,1.005
p0120,heldout,2,accepted,code,94,1.09,0.9601
p0120,heldout,3,accepted,code,99,1.129,1.022
p0112,heldout,2,accepted,code,802,1.008,0.8001
p0112,heldout,1,accepted,code,807,1.039,1.03
p0112,heldout,3,accepted,code,807,1.219,1.212
p0115,heldout,1,accepted,code,353,0.9445,0.9534
p0120,heldout,3,accepted,code,108,0.9609,0.8092
p0112,heldout,1,accepted,code,812,1.024,1.085
p0112,heldout,2,accepted,code,812,1.143,0.9883
p0115,heldout,1,accepted,code,358,0.9011,0.7975
p0115,heldout,2,accepted,code,358,1.105,1.118
p0115,heldout,3,accepted,code,358,1.072,1.055
p0115,heldout,4,rejected,code,358,1.205,1.145
p0118,heldout,1,rejected,code,281,0.8599,0.7866
p0120,heldout,2,accepted,code,113,0.8668,0.7983
p0120,heldout,3,accepted,code,113,1.036,0.9483
p0114,heldout,2,accepted,code,490,1.184,1.211
p0114,heldout,3,accepted,code,495,1.082,0.8649
p0115,heldout,2,accepted,code,365,0.9722,0.8594
p0115,heldout,3,rejected,code,365,0.9819,0.8308
p0118,heldout,1,accepted,code,287,0.7645,0.6443
p0115,heldout,3,accepted,code,368,1.114,1.019
p0115,heldout,4,accepted,code,368,1.096,0.9607
p0120,heldout,2,accepted,code,125,0.89,0.7742
p0120,heldout,4,accepted,code,125,1.156,1.137
p0114,heldout,4,accepted,code,505,1.111,0.8946
p0115,heldout,3,accepted,code,373,1.1,1.054
p0118,heldout,4,unreached,code,294,1.221,1.213
p0120,heldout,1,accepted,code,130,0.6242,0.5405
p0120,heldout,4,accepted,code,130,1.073,1.017
p0114,heldout,2,accepted,code,510,1.092,0.9454
p0115,heldout,1,accepted,code,377,0.9565,0.9238
p0118,heldout,2,accepted,code,295,1.091,1.065
p0118,heldout,4,rejected,code,295,1.254,1.237
p0120,heldout,1,accepted,code,135,0.6942,0.6132
p0120,heldout,3,rejected,code,135,0.9096,0.8199
p0115,heldout,3,accepted,code,382,1.119,1.131
p0115,heldout,4,accepted,code,382,1.188,1.168
p0118,heldout,1,accepted,code,299,0.9962,0.8132
p0118,heldout,3,rejected,code,299,1.185,1.054
p0114,heldout,1,accepted,code,520,0.9468,0.8349
p0114,heldout,4,accepted,code,520,1.082,0.8881
p0115,heldout,4,accepted,code,387,1.219,1.205
p0118,heldout,2,accepted,code,302,0.9367,0.8803
p0120,heldout,2,accepted,code,141,0.9726,0.9205
p0114,heldout,2,accepted,code,525,1.045,1.006
p0114,heldout,3,accepted,code,525,1.116,1.17
p0118,heldout,4,accepted,code,306,1.046,0.9475
p0114,heldout,1,accepted,code,530,0.9915,0.9133
p0118,heldout,1,accepted,code,311,1.04,1.003
p0120,heldout,1,accepted,code,148,0.8248,0.7865
p0120,heldout,2,accepted,code,148,1.01,1.015
p0118,heldout,2,accepted,code,316,0.9801,0.9357
p0118,heldout,4,accepted,code,316,1.11,1.03
p0120,heldout,1,accepted,code,151,0.5998,0.5371
p0114,heldout,4,accepted,code,540,1.044,0.7759
p0115,heldout,2,accepted,code,404,1.073,1.05
p0118,heldout,2,accepted,code,321,1.022,0.9643
p0118,heldout,4,unreached,code,321,1.003,0.8911
p0120,heldout,2,rejected,code,153,0.9903,0.9071
p0114,heldout,1,accepted,code,545,0.8885,0.7271
p0114,heldout,2,accepted,code,545,1.021,0.7956
p0115,heldout,3,accepted,code,407,1.161,1.093
p0115,heldout,4,accepted,code,407,1.184,1.09
p0118,heldout,3,accepted,code,324,1.221,1.189
p0120,heldout,3,accepted,code,155,0.9089,0.87
p0114,heldout,4,accepted,code,550,0.9877,0.8081
p0115,heldout,1,accepted,code,412,1.042,0.9574
p0118,heldout,1,accepted,code,328,1.086,0.983
p0118,heldout,3,accepted,code,328,0.9869,0.7962
p0114,heldout,2,accepted,code,555,1.027,0.785
p0114,heldout,3,accepted,code,555,1.009,0.8561
p0114,heldout,4,accepted,code,555,1.099,0.8686
p0114,heldout,2,accepted,code,560,1.039,0.9081
p0118,heldout,2,accepted,code,337,1.122,1.062
p0122,heldout,1,accepted,code,96,1.105,1.039
p0118,heldout,4,accepted,code,342,1.23,1.086
p0120,heldout,2,accepted,code,172,0.7707,0.7116
p0114,heldout,1,accepted,code,570,1.206,1.133
p0114,heldout,3,accepted,code,575,0.9962,0.9602
p0114,heldout,4,accepted,code,575,1.131,1.049
p0120,heldout,2,accepted,code,182,0.8883,0.8633
p0114,heldout,2,accepted,code,580,1.08,1.056
p0114,heldout,3,accepted,code,580,1.172,1.028
p0120,heldout,1,accepted,code,187,0.6678,0.6936
p0122,heldout,1,rejected,code,114,0.5861,0.4781
p0124,heldout,4,unreached,code,74,1.078,1.01
p0114,heldout,1,accepted,code,585,0.9806,0.9424
p0114,heldout,2,accepted,code,585,1.037,1.107
p0114,heldout,3,accepted,code,585,1.089,1.019
p0122,heldout,2,accepted,code,115,0.8602,0.7161
p0124,heldout,2,accepted,code,76,1.005,0.9016
p0114,heldout,1,accepted,code,590,1.012,0.9747
p0114,heldout,3,accepted,code,590,0.9745,0.8994
p0114,heldout,4,accepted,code,590,0.9266,0.7606
p0120,heldout,1,accepted,code,196,0.6362,0.5032
p0124,heldout,2,rejected,code,79,0.9713,0.793
p0124,heldout,3,unreached,code,79,0.9818,0.8177
p0114,heldout,1,accepted,code,595,1.015,1.036
p0120,heldout,4,rejected,code,201,1.071,0.9161
p0122,heldout,4,accepted,code,124,1.012,0.898
p0114,heldout,1,accepted,code,600,1.066,1.023
p0114,heldout,2,accepted,code,600,0.9913,0.8949
p0114,heldout,3,accepted,code,600,1.146,1.004
p0124,heldout,2,accepted,code,85,0.8364,0.7537
p0114,heldout,1,accepted,code,605,0.9698,0.9207
p0124,heldout,4,accepted,code,90,0.9521,0.8139
p0114,heldout,2,accepted,code,610,1.072,1.012
p0114,heldout,3,accepted,code,610,1.17,1.058
p0120,heldout,2,accepted,code,215,0.9365,0.8937
p0120,heldout,3,accepted,code,215,1.004,0.9572
p0122,heldout,4,accepted,code,135,1.152,1.121
p0124,heldout,3,unreached,code,95,1.138,1.138
p0114,heldout,1,accepted,code,615,1.147,1.079
p0120,heldout,4,accepted,code,219,0.959,0.8697
p0124,heldout,3,accepted,code,97,1.056,1.026
p0114,heldout,4,accepted,code,620,0.9598,0.9294
p0120,heldout,1,accepted,code,224,0.6656,0.5975
p0122,heldout,2,accepted,code,145,0.9457,0.8575
p0124,heldout,1,accepted,code,101,1.054,0.8968
p0114,heldout,2,accepted,code,625,1.015,0.8917
p0120,heldout,1,accepted,code,229,0.8009,0.7999
p0120,heldout,3,accepted,code,229,0.8594,0.794
p0122,heldout,3,accepted,code,148,1.115,1.071
p0120,heldout,2,accepted,code,234,0.981,0.8509
p0122,heldout,4,accepted,code,153,1.021,0.9006
p0124,heldout,3,unreached,code,108,0.818,0.7043
p0122,heldout,1,accepted,code,158,0.7827,0.6503
p0122,heldout,4,accepted,code,158,1.186,1.165
p0122,heldout,1,accepted,code,163,0.7507,0.67
p0122,heldout,2,accepted,code,163,1.054,0.9529
p0124,heldout,1,accepted,code,115,0.563,0.4731
p0122,heldout,4,accepted,code,168,1.186,1.228
p0120,heldout,1,accepted,code,254,0.8878,0.8067
p0120,heldout,4,accepted,code,254,1.021,0.9538
p0124,heldout,2,accepted,code,125,1.022,0.9755
p0124,heldout,4,unreached,code,125,1.216,1.113
p0120,heldout,3,accepted,code,259,1.053,0.9739
p0120,heldout,2,accepted,code,264,1.014,0.9079
p0120,heldout,3,accepted,code,264,1.079,0.9668
p0122,heldout,3,unreached,code,181,0.8964,0.8258
p0122,heldout,4,unreached,code,181,1.042,0.9554
p0124,heldout,3,accepted,code,130,1.136,1.06
p0120,heldout,3,accepted,code,269,1.044,1.008
p0122,heldout,3,accepted,code,182,1.299,1.22
p0124,heldout,3,accepted,code,135,1.117,0.9977
p0124,heldout,4,accepted,code,135,1.13,1.031
p0120,heldout,3,accepted,code,273,1.009,0.9302
p0120,heldout,4,accepted,code,273,0.9439,0.8199
p0122,heldout,2,accepted,code,187,1.046,1.095
p0124,heldout,1,accepted,code,140,0.8576,0.7651
p0120,heldout,1,accepted,code,278,0.7382,0.6923
p0120,heldout,2,accepted,code,278,1.044,0.9419
p0122,heldout,3,accepted,code,191,1.147,1.071
p0124,heldout,1,accepted,code,145,0.9696,0.8347
p0120,heldout,4,unreached,code,283,0.8925,0.8326
p0122,heldout,2,accepted,code,196,1.007,0.9365
p0122,heldout,3,accepted,code,196,1.144,1.163
p0120,heldout,3,accepted,code,286,0.9795,0.939
p0120,heldout,4,accepted,code,286,1.07,0.9814
p0122,heldout,1,accepted,code,201,0.8138,0.7119
p0122,heldout,2,accepted,code,201,0.7891,0.7096
p0124,heldout,2,accepted,code,155,1.041,0.9209
p0122,heldout,3,accepted,code,204,0.8129,0.722
p0122,heldout,4,accepted,code,204,0.9884,0.9172
p0124,heldout,3,rejected,code,160,1.131,1.09
p0120,heldout,2,accepted,code,296,1.079,1.03
p0122,heldout,4,rejected,code,209,0.9658,0.9053
p0124,heldout,2,rejected,code,163,1.244,1.037
p0124,heldout,3,unreached,code,163,1.188,1.146
p0120,heldout,4,accepted,code,301,1.036,0.8999
p0122,heldout,2,accepted,code,213,1.059,1.03
p0122,heldout,2,accepted,code,218,1.111,1.049
p0120,heldout,2,accepted,code,309,0.9406,0.8768
p0122,heldout,3,accepted,code,223,1.203,1.124
p0124,heldout,1,accepted,code,175,1.096,0.8692
p0124,heldout,3,accepted,code,175,1.326,1.185
p0120,heldout,4,rejected,code,314,1.074,1.054
p0126,heldout,1,accepted,code,79,1.184,0.9979
p0120,heldout,3,accepted,code,318,0.9169,0.8296
p0122,heldout,1,accepted,code,229,1.153,1.012
p0122,heldout,3,accepted,code,229,1.293,1.226
p0126,heldout,4,accepted,code,83,1.028,0.9817
p0122,heldout,1,accepted,code,233,1.095,0.9643
p0122,heldout,2,accepted,code,233,0.9054,0.8216
p0126,heldout,3,accepted,code,88,0.9511,0.8156
p0126,heldout,4,rejected,code,88,0.8069,0.6965
p0122,heldout,1,accepted,code,238,0.8378,0.7917
p0124,heldout,3,accepted,code,195,1.239,1.152
p0126,heldout,4,unreached,code,92,1.107,0.9836
p0126,heldout,2,accepted,code,94,0.939,0.7667
p0126,heldout,4,accepted,code,94,0.9219,0.7411
p0120,heldout,1,accepted,code,337,0.8864,0.8122
p0124,heldout,4,unreached,code,201,0.8282,0.7154
p0126,heldout,3,accepted,code,99,0.8989,0.8098
p0120,heldout,2,accepted,code,342,0.8105,0.7064
p0122,heldout,3,accepted,code,253,1.183,1.148
p0124,heldout,3,unreached,code,204,0.8759,0.7578
p0126,heldout,2,rejected,code,104,0.8827,0.7604
p0120,heldout,3,accepted,code,346,0.9301,0.8794
p0122,heldout,1,accepted,code,258,1.033,0.9639
p0122,heldout,4,accepted,code,258,1.006,0.9729
p0124,heldout,2,accepted,code,205,0.9382,0.8044
p0126,heldout,4,accepted,code,106,0.9062,0.7873
p0124,heldout,3,rejected,code,208,0.8959,0.7945
p0126,heldout,3,rejected,code,111,0.9958,0.8409
p0120,heldout,2,rejected,code,356,0.8511,0.8033
p0122,heldout,4,accepted,code,266,0.9877,0.8447
p0124,heldout,3,unreached,code,211,0.8531,0.7471
p0126,heldout,3,unreached,code,114,1.108,1.053
p0120,heldout,1,accepted,code,358,0.8246,0.7327
p0122,heldout,3,accepted,code,271,1.054,0.8734
p0124,heldout,2,accepted,code,212,0.9058,0.8387
p0126,heldout,1,accepted,code,115,0.8635,0.6976
p0126,heldout,2,accepted,code,115,1.036,0.8804
p0120,heldout,1,accepted,code,363,0.6128,0.5186
p0122,heldout,4,unreached,code,276,1.011,0.8627
p0126,heldout,1,accepted,code,120,1.032,0.9255
p0124,heldout,3,accepted,code,218,0.9661,0.8107
p0124,heldout,4,accepted,code,218,1.015,0.8226
p0120,heldout,1,accepted,code,373,0.8367,0.7261
p0124,heldout,3,accepted,code,223,0.9976,0.8499
p0120,heldout,2,accepted,code,378,0.8508,0.7648
p0122,heldout,1,accepted,code,289,0.9707,0.8699
p0122,heldout,2,accepted,code,289,1.246,1.198
p0122,heldout,1,accepted,code,294,1.106,1.116
p0126,heldout,1,rejected,code,130,0.9121,0.8699
p0126,heldout,4,unreached,code,130,0.8111,0.7348
p0124,heldout,1,accepted,code,238,1.114,1.096
p0124,heldout,4,rejected,code,238,0.9038,0.7329
p0126,heldout,1,accepted,code,131,1.129,0.8823
p0120,heldout,4,accepted,code,392,1.001,0.9015
p0122,heldout,1,accepted,code,302,0.9497,0.9252
p0122,heldout,2,accepted,code,302,0.9495,0.9786
p0122,heldout,4,accepted,code,302,1.104,1.035
p0124,heldout,3,accepted,code,242,0.9297,0.8488
p0124,heldout,4,accepted,code,242,0.9638,0.9587
p0120,heldout,1,accepted,code,397,0.7422,0.7106
p0120,heldout,2,accepted,code,397,0.9789,0.9489
p0122,heldout,1,accepted,code,307,0.9769,0.95
p0124,heldout,3,accepted,code,247,1.014,0.9569
p0124,heldout,4,accepted,code,247,1.109,1.071
p0120,heldout,1,accepted,code,401,0.899,0.7507
p0122,heldout,3,rejected,code,312,1.32,1.225
p0122,heldout,4,unreached,code,312,1.183,1.265
p0124,heldout,1,accepted,code,252,0.5547,0.471
p0124,heldout,3,accepted,code,252,0.8922,0.7203
p0124,heldout,4,accepted,code,252,0.8729,0.6182
p0126,heldout,2,accepted,code,139,0.9489,0.787
p0126,heldout,3,accepted,code,139,1.118,1.088
p0122,heldout,1,accepted,code,315,1.201,1.183
p0122,heldout,4,accepted,code,315,1.16,1.096
p0124,heldout,1,accepted,code,257,0.8971,0.853
p0126,heldout,2,accepted,code,144,1.096,1.042
p0122,heldout,2,accepted,code,320,1.031,0.9586
p0122,heldout,3,accepted,code,320,0.8849,0.805
p0122,heldout,4,accepted,code,320,0.8923,0.8258
p0124,heldout,2,accepted,code,261,0.6667,0.5989
p0126,heldout,2,accepted,code,149,1.037,1.05
p0122,heldout,2,accepted,code,325,1.15,1.115
p0126,heldout,2,accepted,code,154,0.99,0.8768
p0120,heldout,2,accepted,code,420,0.8029,0.7403
p0122,heldout,3,accepted,code,330,1.423,1.378
p0126,heldout,1,accepted,code,159,1.077,1.033
p0126,heldout,2,accepted,code,159,1.141,1.042
p0126,heldout,3,accepted,code,159,1.246,1.137
p0122,heldout,1,accepted,code,335,1.142,1.055
p0126,heldout,2,accepted,code,163,1.15,1.018
p0120,heldout,4,accepted,code,429,1.121,1.008
p0122,heldout,4,accepted,code,340,1.221,1.115
p0124,heldout,4,accepted,code,281,1.082,1.028
p0126,heldout,3,accepted,code,168,1.212,1.113
p0120,heldout,2,accepted,code,434,0.8721,0.8304
p0124,heldout,2,unreached,code,286,1.116,1.034
p0124,heldout,4,unreached,code,286,1.099,1.039
p0126,heldout,2,accepted,code,172,1.19,1.049
p0126,heldout,4,accepted,code,172,1.009,0.8681
p0124,heldout,3,accepted,code,287,1.235,1.118
p0120,heldout,1,accepted,code,443,0.9129,0.7636
p0120,heldout,2,accepted,code,443,0.955,0.8753
p0120,heldout,3,accepted,code,443,1.078,0.8862
p0126,heldout,2,accepted,code,182,1.084,1.025
p0120,heldout,1,accepted,code,448,0.6024,0.4513
p0124,heldout,3,accepted,code,297,1.116,0.9817
p0120,heldout,1,accepted,code,453,0.7011,0.7102
p0124,heldout,1,accepted,code,302,1.171,0.9769
p0124,heldout,2,accepted,code,302,0.8084,0.7946
p0124,heldout,3,accepted,code,306,1.214,1.246
p0126,heldout,2,accepted,code,196,1.082,1.029
p0129,heldout,2,accepted,code,76,1.167,1.211
p0129,heldout,3,accepted,code,76,1.013,0.9901
p0124,heldout,1,accepted,code,311,0.8421,0.7735
p0126,heldout,2,accepted,code,200,1.231,1.141
p0126,heldout,3,accepted,code,200,1.255,1.103
p0129,heldout,1,accepted,code,81,0.8533,0.8082
p0120,heldout,2,accepted,code,467,0.8508,0.8723
p0124,heldout,1,rejected,code,315,0.7907,0.6692
p0124,heldout,2,unreached,code,315,0.9792,0.8683
p0124,heldout,3,unreached,code,315,0.8495,0.6886
p0129,heldout,2,accepted,code,86,1.148,1.085
p0129,heldout,3,rejected,code,86,1.171,1.191
p0120,heldout,1,accepted,code,472,0.863,0.7412
p0126,heldout,3,unreached,code,209,1.091,1.071
p0130,heldout,3,accepted,code,118,1.357,1.308
p0124,heldout,1,accepted,code,318,0.9761,0.9425
p0130,heldout,2,accepted,code,123,1.105,1.074
p0124,heldout,2,accepted,code,321,0.9422,0.9027
p0126,heldout,2,accepted,code,216,1.048,1.048
p0126,heldout,3,accepted,code,216,1.067,0.9898
p0126,heldout,4,accepted,code,216,1.267,1.096
p0129,heldout,2,accepted,code,99,0.9528,0.8924
p0130,heldout,3,rejected,code,128,1.075,0.9299
p0132,heldout,3,accepted,code,80,1.262,1.129
p0130,heldout,1,accepted,code,131,0.609,0.4791
p0129,heldout,4,unreached,code,109,1.047,0.9381
p0130,heldout,4,unreached,code,136,1.189,1.044
p0126,heldout,1,accepted,code,228,0.9397,0.8505
p0126,heldout,4,unreached,code,228,0.8771,0.8763
p0130,heldout,1,accepted,code,138,1.061,0.9066
p0130,heldout,2,accepted,code,138,1.131,0.8931
p0130,heldout,3,accepted,code,138,1.278,1.18
p0132,heldout,1,accepted,code,93,0.9031,0.7846
p0129,heldout,4,unreached,code,112,1.145,1.115
p0130,heldout,3,accepted,code,143,0.9962,0.7946
p0126,heldout,4,unreached,code,234,0.9019,0.8174
p0129,heldout,1,accepted,code,114,0.8015,0.6937
p0129,heldout,4,accepted,code,114,1.091,1.086
p0130,heldout,4,accepted,code,147,1.023,0.8373
p0132,heldout,3,accepted,code,100,1.212,1.198
p0132,heldout,4,accepted,code,100,1.027,0.8947
p0124,heldout,1,accepted,code,348,0.869,0.7919
p0126,heldout,1,accepted,code,235,0.8943,0.7918
p0126,heldout,4,unreached,code,235,0.8665,0.8373
p0124,heldout,4,accepted,code,353,1.086,0.9826
p0129,heldout,4,unreached,code,122,1.032,0.8672
p0132,heldout,4,accepted,code,110,0.9287,0.7937
p0124,heldout,4,accepted,code,358,1.192,1.112
p0126,heldout,3,accepted,code,238,0.8837,0.8057
p0126,heldout,4,accepted,code,238,1.283,1.107
p0130,heldout,1,accepted,code,158,0.8021,0.8037
p0132,heldout,3,accepted,code,115,0.8717,0.7961
p0124,heldout,1,accepted,code,363,0.7785,0.7265
p0124,heldout,1,accepted,code,367,0.8689,0.8449
p0124,heldout,2,accepted,code,367,1.19,1.237
p0126,heldout,2,accepted,code,244,0.8171,0.6984
p0126,heldout,3,rejected,code,244,0.7119,0.6487
p0129,heldout,1,accepted,code,133,0.7725,0.7309
p0129,heldout,3,accepted,code,133,1.088,1.165
p0130,heldout,3,accepted,code,167,1.145,0.9591
p0124,heldout,1,accepted,code,371,0.7476,0.65
p0124,heldout,4,unreached,code,371,0.9814,0.9431
p0126,heldout,2,rejected,code,247,0.7989,0.7114
p0129,heldout,4,accepted,code,138,0.9823,0.8458
p0131,heldout,2,accepted,code,77,1.193,1.279
p0124,heldout,1,accepted,code,373,0.6238,0.5142
p0129,heldout,1,accepted,code,143,0.8552,0.8168
p0129,heldout,2,accepted,code,143,1.182,1.25
p0129,heldout,3,accepted,code,143,1.171,1.193
p0129,heldout,4,accepted,code,143,1.074,0.9902
p0130,heldout,1,accepted,code,176,1.012,0.8977
p0132,heldout,2,accepted,code,129,0.9286,0.8905
p0129,heldout,2,accepted,code,148,1.047,1.079
p0130,heldout,2,accepted,code,181,0.9707,0.7976
p0130,heldout,3,rejected,code,181,0.9889,0.8627
p0132,heldout,4,unreached,code,133,0.8979,0.7675
p0124,heldout,4,accepted,code,380,1.081,1.101
p0126,heldout,3,unreached,code,253,0.6898,0.596
p0126,heldout,4,unreached,code,253,0.7049,0.6069
p0129,heldout,3,unreached,code,153,0.9167,0.7855
p0132,heldout,3,accepted,code,136,1.024,0.8539
p0131,heldout,1,accepted,code,91,1.031,1.001
p0131,heldout,3,accepted,code,91,1.102,1.012
p0124,heldout,1,accepted,code,385,1.037,0.9293
p0126,heldout,1,accepted,code,255,0.796,0.6892
p0126,heldout,4,unreached,code,255,0.8533,0.7184
p0129,heldout,4,rejected,code,154,1.004,0.8812
p0130,heldout,2,rejected,code,185,0.9058,0.8372
p0132,heldout,1,accepted,code,141,0.7277,0.7037
p0129,heldout,4,unreached,code,158,0.9459,0.8293
p0130,heldout,4,accepted,code,187,0.9822,0.9169
p0132,heldout,4,unreached,code,144,1.001,0.8528
p0124,heldout,1,accepted,code,394,1.031,0.9188
p0126,heldout,1,accepted,code,260,0.9781,0.827
p0129,heldout,4,unreached,code,159,0.8365,0.7752
p0130,heldout,2,rejected,code,192,0.7618,0.7002
p0132,heldout,4,accepted,code,145,1.326,1.26
p0131,heldout,2,accepted,code,105,0.8273,0.6499
p0131,heldout,3,accepted,code,105,1.002,0.9279
p0126,heldout,3,unreached,code,263,0.7582,0.6935
p0129,heldout,2,accepted,code,160,0.965,0.8764
p0129,heldout,3,accepted,code,160,0.9372,0.8667
p0130,heldout,1,accepted,code,194,0.7044,0.5577
p0130,heldout,2,accepted,code,194,0.7595,0.6288
p0131,heldout,2,accepted,code,110,1.023,0.8635
p0131,heldout,4,accepted,code,110,1.151,1.135
p0124,heldout,2,accepted,code,404,0.8314,0.6758
p0129,heldout,2,unreached,code,164,0.7653,0.6671
p0129,heldout,3,unreached,code,164,0.8081,0.6743
p0132,heldout,1,accepted,code,155,0.9224,0.9327
p0126,heldout,1,accepted,code,268,0.7972,0.6969
p0126,heldout,2,accepted,code,268,0.9025,0.8175
p0129,heldout,1,rejected,code,165,0.7645,0.6449
p0130,heldout,3,unreached,code,199,1.093,0.9355
p0131,heldout,3,rejected,code,117,1.166,1.207
p0124,heldout,4,accepted,code,414,0.948,0.9048
p0129,heldout,1,accepted,code,166,0.5776,0.4621
p0130,heldout,1,accepted,code,200,0.7801,0.6896
p0132,heldout,1,accepted,code,162,0.6635,0.6348
p0131,heldout,1,accepted,code,120,0.5912,0.4847
p0124,heldout,1,accepted,code,419,0.7095,0.6271
p0124,heldout,4,accepted,code,419,1.019,0.9859
p0126,heldout,1,accepted,code,273,0.7212,0.6125
p0129,heldout,3,rejected,code,171,0.9256,0.7859
p0130,heldout,1,accepted,code,205,0.9777,0.9278
p0132,heldout,3,accepted,code,165,0.9497,0.8397
p0124,heldout,3,accepted,code,424,0.8561,0.847
p0129,heldout,2,accepted,code,174,1.024,1.002
p0131,heldout,1,accepted,code,130,1.081,1.05
p0131,heldout,3,rejected,code,130,1.056,1.059
p0131,heldout,4,unreached,code,130,1.053,0.9219
p0126,heldout,1,accepted,code,280,0.7885,0.699
p0126,heldout,4,unreached,code,280,1.058,0.9867
p0129,heldout,4,rejected,code,179,0.8455,0.7624
p0130,heldout,1,accepted,code,212,0.8513,0.7352
p0130,heldout,2,accepted,code,212,0.8205,0.6689
p0132,heldout,3,accepted,code,174,1.165,1.143
p0131,heldout,3,rejected,code,133,0.9717,0.9302
p0124,heldout,4,unreached,code,434,0.9227,0.8998
p0126,heldout,2,rejected,code,282,1.043,1.038
p0129,heldout,2,rejected,code,183,0.759,0.6623
p0129,heldout,4,unreached,code,183,0.8975,0.7834
p0130,heldout,1,rejected,code,215,0.7116,0.6968
p0130,heldout,2,unreached,code,215,0.8435,0.7464
p0130,heldout,3,unreached,code,215,0.8897,0.8049
p0130,heldout,4,unreached,code,215,0.9159,0.7988
p0132,heldout,1,accepted,code,179,1.157,1.059
p0132,heldout,3,accepted,code,179,1.111,1.014
p0124,heldout,1,accepted,code,436,0.8372,0.7762
p0126,heldout,3,rejected,code,284,1.03,0.9157
p0129,heldout,2,accepted,code,185,0.7832,0.6574
p0129,heldout,4,rejected,code,185,0.9281,0.8727
p0130,heldout,3,unreached,code,216,0.8956,0.8166
p0131,heldout,3,accepted,code,138,1.011,0.943
p0126,heldout,1,rejected,code,287,0.6783,0.5651
p0126,heldout,2,unreached,code,287,0.9543,0.9764
p0129,heldout,2,accepted,code,189,0.7357,0.597
p0129,heldout,4,unreached,code,189,0.8927,0.8636
p0131,heldout,3,accepted,code,143,1.002,1.001
p0124,heldout,1,accepted,code,445,0.914,0.826
p0124,heldout,3,accepted,code,445,1.173,1.11
p0126,heldout,1,accepted,code,288,0.8544,0.7685
p0126,heldout,3,unreached,code,288,0.9143,0.8489
p0129,heldout,3,accepted,code,192,0.8749,0.7228
p0131,heldout,1,accepted,code,148,0.8279,0.7889
p0131,heldout,4,accepted,code,148,1.002,0.9889
p0124,heldout,1,accepted,code,450,0.8617,0.903
p0126,heldout,4,unreached,code,290,0.8948,0.8125
p0129,heldout,2,accepted,code,196,0.9472,0.8566
p0130,heldout,4,accepted,code,223,1.133,1.11
p0132,heldout,1,accepted,code,199,1.15,1.062
p0129,heldout,4,unreached,code,199,0.9334,0.8752
p0131,heldout,3,accepted,code,158,1.228,1.249
p0126,heldout,1,accepted,code,292,0.8455,0.8404
p0126,heldout,3,rejected,code,292,0.8966,0.9085
p0130,heldout,3,accepted,code,233,1.334,1.287
p0132,heldout,2,rejected,code,208,0.8429,0.6909
p0133,heldout,1,accepted,code,169,1.147,0.9458
p0133,heldout,4,unreached,code,169,1.213,1.073
p0130,heldout,4,unreached,code,238,1.019,0.9127
p0133,heldout,2,unreached,code,171,0.9567,0.805
p0126,heldout,1,accepted,code,300,0.7608,0.7559
p0129,heldout,1,accepted,code,209,0.8461,0.8591
p0129,heldout,3,accepted,code,209,1.038,1.015
p0129,heldout,4,accepted,code,209,1.122,1.187
p0132,heldout,2,accepted,code,215,0.9618,0.8701
p0126,heldout,2,unreached,code,305,0.8211,0.7727
p0130,heldout,1,accepted,code,241,0.8057,0.6841
p0131,heldout,4,accepted,code,174,0.8869,0.8141
p0129,heldout,2,accepted,code,217,0.9467,0.9177
p0129,heldout,4,accepted,code,217,1.043,0.9961
p0130,heldout,1,accepted,code,246,0.8705,0.7876
p0132,heldout,2,accepted,code,224,1.162,1.113
p0132,heldout,4,rejected,code,224,1.212,1.169
p0131,heldout,3,accepted,code,179,1.216,1.148
p0131,heldout,4,accepted,code,179,1.254,1.185
p0133,heldout,1,accepted,code,175,0.7401,0.7086
p0133,heldout,2,accepted,code,175,1.01,0.8846
p0133,heldout,4,accepted,code,175,1.033,0.9461
p0126,heldout,1,accepted,code,311,1.225,1.035
p0126,heldout,2,accepted,code,311,1.018,0.9452
p0126,heldout,3,accepted,code,311,1.092,0.9821
p0126,heldout,4,accepted,code,311,1.162,1.053
p0129,heldout,1,accepted,code,222,0.6518,0.5755
p0129,heldout,3,accepted,code,222,1.022,0.9744
p0132,heldout,2,accepted,code,228,1.089,0.9865
p0132,heldout,3,rejected,code,228,1.341,1.214
p0132,heldout,4,unreached,code,228,1.108,1.075
p0131,heldout,2,accepted,code,184,1.158,1.247
p0131,heldout,4,accepted,code,184,1.21,1.163
p0133,heldout,1,accepted,code,180,0.507,0.3911
p0126,heldout,3,accepted,code,316,1.239,1.141
p0130,heldout,1,accepted,code,255,0.9705,0.9322
p0130,heldout,2,accepted,code,255,0.9987,0.9961
p0132,heldout,3,accepted,code,231,1.293,1.217
p0131,heldout,3,accepted,code,189,0.9565,0.7144
p0133,heldout,1,rejected,code,185,0.8918,0.7542
p0126,heldout,4,accepted,code,320,1.102,0.9779
p0129,heldout,2,unreached,code,232,1.007,0.9829
p0129,heldout,3,unreached,code,232,0.8868,0.7925
p0130,heldout,2,rejected,code,258,1.134,1.075
p0132,heldout,4,rejected,code,236,1.212,1.185
p0131,heldout,3,accepted,code,194,0.9685,0.8856
p0129,heldout,1,accepted,code,233,0.8584,0.7763
p0130,heldout,3,unreached,code,260,1.253,1.163
p0131,heldout,1,rejected,code,199,0.8042,0.8209
p0126,heldout,3,accepted,code,330,1.143,0.9469
p0129,heldout,1,accepted,code,236,1.024,0.9588
p0130,heldout,4,accepted,code,262,1.158,1.09
p0132,heldout,2,accepted,code,245,0.9789,0.8324
p0126,heldout,4,accepted,code,334,1.044,1.038
p0129,heldout,3,unreached,code,238,1.038,0.9168
p0132,heldout,4,accepted,code,250,1.097,0.9923
p0133,heldout,4,accepted,code,197,0.8855,0.794
p0126,heldout,4,accepted,code,339,1.037,0.9164
p0129,heldout,2,accepted,code,240,0.9263,0.8171
p0130,heldout,1,accepted,code,272,1.083,0.9254
p0130,heldout,3,accepted,code,272,0.8876,0.8218
p0133,heldout,1,rejected,code,202,0.6793,0.5761
p0129,heldout,3,rejected,code,245,1.042,1.046
p0131,heldout,1,accepted,code,213,1.274,1.181
p0131,heldout,3,accepted,code,213,1.139,1.068
p0131,heldout,4,accepted,code,213,1.214,1.232
p0133,heldout,3,unreached,code,203,0.9389,0.8501
p0126,heldout,4,unreached,code,349,0.9503,0.9701
p0129,heldout,1,accepted,code,248,0.9012,0.8822
p0130,heldout,1,accepted,code,280,0.8472,0.7167
p0132,heldout,2,accepted,code,263,0.8377,0.8039
p0131,heldout,3,accepted,code,218,1.274,1.278
p0126,heldout,1,accepted,code,350,0.9732,0.8739
p0126,heldout,3,rejected,code,350,0.8841,0.8658
p0129,heldout,3,accepted,code,253,1.227,1.158
p0129,heldout,4,accepted,code,253,1.121,1.092
p0130,heldout,4,accepted,code,282,0.8889,0.7992
p0132,heldout,2,accepted,code,268,0.9932,0.7769
p0126,heldout,3,rejected,code,353,0.8084,0.8031
p0130,heldout,3,unreached,code,287,0.9356,0.9166
p0130,heldout,4,unreached,code,287,1.012,0.9356
p0132,heldout,1,accepted,code,273,1.223,1.159
p0132,heldout,2,accepted,code,273,1.25,1.146
p0131,heldout,1,accepted,code,225,0.7845,0.6535
p0133,heldout,1,accepted,code,214,1.068,0.9579
p0126,heldout,1,accepted,code,356,0.7082,0.5965
p0126,heldout,3,accepted,code,356,0.8945,0.8463
p0129,heldout,4,unreached,code,263,1.104,1.024
p0130,heldout,1,accepted,code,289,0.9934,1.005
p0130,heldout,2,accepted,code,289,1.045,1.038
p0130,heldout,3,rejected,code,289,1.053,1.012
p0130,heldout,4,unreached,code,289,1.088,1.104
p0132,heldout,2,accepted,code,278,1.155,1.08
p0131,heldout,1,accepted,code,227,0.9615,0.7764
p0131,heldout,2,accepted,code,227,1.044,0.8845
p0131,heldout,3,accepted,code,227,0.9185,0.8252
p0131,heldout,4,accepted,code,227,0.9882,0.982
p0133,heldout,4,accepted,code,217,0.9532,0.9719
p0126,heldout,3,accepted,code,361,0.8878,0.8388
p0129,heldout,3,accepted,code,265,0.9458,0.7531
p0130,heldout,4,accepted,code,292,1.177,1.112
p0132,heldout,1,accepted,code,283,1.077,0.997
p0133,heldout,2,accepted,code,222,1.026,0.9787
p0133,heldout,4,accepted,code,222,1.312,1.158
p0126,heldout,1,accepted,code,366,0.6623,0.5785
p0126,heldout,2,accepted,code,366,0.9466,0.9305
p0129,heldout,4,accepted,code,270,0.9772,0.9275
p0133,heldout,2,accepted,code,227,1.05,1.049
p0130,heldout,2,accepted,code,302,1.084,1.042
p0130,heldout,3,accepted,code,302,0.9988,0.9809
p0132,heldout,1,accepted,code,293,0.5201,0.4433
p0132,heldout,3,accepted,code,293,1.214,1.066
p0131,heldout,1,accepted,code,235,0.7944,0.6892
p0131,heldout,2,accepted,code,235,0.9693,0.9611
p0133,heldout,2,accepted,code,232,1.264,1.187
p0134,heldout,2,rejected,code,107,1.007,0.9539
p0134,heldout,3,unreached,code,107,0.9044,0.8011
p0126,heldout,1,accepted,code,376,0.659,0.585
p0129,heldout,1,accepted,code,280,0.856,0.7681
p0129,heldout,3,accepted,code,280,0.874,0.7081
p0132,heldout,3,accepted,code,298,0.962,0.8779
p0133,heldout,3,accepted,code,237,0.9971,0.919
p0134,heldout,2,accepted,code,109,0.8439,0.7486
p0126,heldout,2,accepted,code,381,0.7951,0.7196
p0126,heldout,4,accepted,code,381,0.9618,0.931
p0129,heldout,1,accepted,code,285,0.8876,0.8156
p0131,heldout,3,accepted,code,242,1.07,1.015
p0133,heldout,2,accepted,code,242,1.117,1.048
p0134,heldout,2,accepted,code,113,0.9243,0.8704
p0126,heldout,2,accepted,code,386,0.9975,0.9089
p0126,heldout,3,accepted,code,386,0.8817,0.8058
p0126,heldout,4,accepted,code,386,0.9222,0.944
p0129,heldout,4,accepted,code,290,0.9883,0.8916
p0130,heldout,4,accepted,code,316,1.013,0.9994
p0132,heldout,1,accepted,code,308,0.8964,0.8334
p0132,heldout,3,accepted,code,308,1.09,1.076
p0130,heldout,1,accepted,code,321,0.9241,0.8502
p0130,heldout,3,accepted,code,321,1.133,1.075
p0131,heldout,2,accepted,code,250,1.015,0.9438
p0133,heldout,2,accepted,code,252,1.105,1.022
p0133,heldout,3,accepted,code,252,1.025,1.017
p0133,heldout,4,accepted,code,252,0.973,0.918
p0130,heldout,2,accepted,code,326,0.9129,0.8606
p0132,heldout,1,accepted,code,318,1.087,0.977
p0131,heldout,2,accepted,code,255,1.083,0.9844
p0133,heldout,4,accepted,code,257,0.957,0.8979
p0134,heldout,4,unreached,code,119,0.8306,0.7961
p0126,heldout,2,accepted,code,401,1.37,1.29
p0129,heldout,3,accepted,code,305,0.919,0.8318
p0129,heldout,4,accepted,code,305,0.9875,0.8948
p0132,heldout,4,accepted,code,323,1.263,1.145
p0131,heldout,3,unreached,code,258,0.8677,0.8658
p0133,heldout,2,rejected,code,262,0.7558,0.7101
p0134,heldout,2,accepted,code,122,0.7896,0.6532
p0134,heldout,3,rejected,code,122,0.8461,0.7971
p0126,heldout,4,rejected,code,406,1.076,1.078
p0129,heldout,3,accepted,code,310,1.127,1.18
p0129,heldout,4,accepted,code,310,1.091,1.031
p0130,heldout,4,accepted,code,334,1.034,0.8737
p0132,heldout,2,accepted,code,328,1.125,1.055
p0131,heldout,4,unreached,code,260,1.085,1.03
p0134,heldout,2,rejected,code,125,0.8327,0.7479
p0134,heldout,4,unreached,code,125,0.9776,0.8996
p0126,heldout,1,accepted,code,410,1.039,0.9752
p0129,heldout,1,accepted,code,315,0.9235,0.7882
p0129,heldout,4,accepted,code,315,0.9929,0.9882
p0130,heldout,1,accepted,code,339,0.9979,0.906
p0130,heldout,2,accepted,code,339,1.041,0.9911
p0130,heldout,3,accepted,code,339,1.206,1.132
p0132,heldout,2,accepted,code,333,1.137,1.039
p0131,heldout,2,accepted,code,263,1.106,0.9768
p0133,heldout,4,rejected,code,266,1.231,1.04
p0126,heldout,1,accepted,code,415,0.8129,0.8108
p0130,heldout,1,accepted,code,344,0.8356,0.7793
p0132,heldout,1,accepted,code,338,0.7753,0.5656
p0132,heldout,2,accepted,code,338,0.9437,0.8623
p0134,heldout,4,accepted,code,128,0.9589,0.8923
p0126,heldout,1,accepted,code,420,1.31,1.185
p0126,heldout,3,accepted,code,420,0.9179,0.8107
p0130,heldout,4,accepted,code,349,1.035,0.9975
p0132,heldout,4,accepted,code,343,1.167,1.104
p0133,heldout,4,unreached,code,272,1.027,0.9632
p0135,heldout,1,accepted,code,173,1.099,1.038
p0132,heldout,3,accepted,code,348,1.336,1.226
p0131,heldout,2,accepted,code,276,0.8118,0.7323
p0131,heldout,3,accepted,code,276,0.9124,0.9373
p0131,heldout,4,accepted,code,276,1.035,0.9408
p0133,heldout,1,accepted,code,274,0.7841,0.7057
p0133,heldout,3,accepted,code,274,0.9409,0.8108
p0133,heldout,4,accepted,code,274,1.067,1.073
p0134,heldout,2,unreached,code,136,0.8333,0.7048
p0126,heldout,1,accepted,code,427,0.7635,0.6512
p0130,heldout,3,accepted,code,358,1.042,0.9055
p0131,heldout,1,accepted,code,281,1.073,1.028
p0133,heldout,1,accepted,code,279,1.037,0.9146
p0133,heldout,4,accepted,code,279,1.172,1.009
p0135,heldout,1,accepted,code,180,0.8558,0.8254
p0135,heldout,4,accepted,code,180,0.9746,0.9654
p0130,heldout,1,accepted,code,363,0.9447,0.986
p0130,heldout,2,accepted,code,363,1.163,1.169
p0132,heldout,3,accepted,code,358,1.101,0.9214
p0131,heldout,3,accepted,code,286,1.154,1.129
p0135,heldout,4,unreached,code,185,1.036,1.056
p0130,heldout,4,accepted,code,368,1.239,1.197
p0131,heldout,4,unreached,code,291,1.357,1.353
p0133,heldout,1,accepted,code,286,0.7371,0.6399
p0134,heldout,2,accepted,code,147,1.08,1.033
p0134,heldout,3,accepted,code,147,0.966,1.012
p0134,heldout,4,accepted,code,147,1.036,0.967
p0126,heldout,1,rejected,code,436,0.6491,0.5449
p0132,heldout,2,accepted,code,368,1.199,1.08
p0132,heldout,3,accepted,code,368,1.176,1.086
p0132,heldout,4,accepted,code,368,0.8708,0.7053
p0131,heldout,3,rejected,code,293,1.237,1.126
p0133,heldout,1,accepted,code,288,0.9404,0.879
p0133,heldout,2,accepted,code,288,0.9312,0.8418
p0135,heldout,2,accepted,code,191,0.9857,0.9355
p0130,heldout,2,accepted,code,378,0.9005,0.8248
p0132,heldout,2,accepted,code,373,1.086,0.9364
p0131,heldout,4,accepted,code,296,1.404,1.306
p0133,heldout,2,accepted,code,293,0.9935,0.862
p0135,heldout,3,accepted,code,196,0.9545,0.7236
p0126,heldout,1,accepted,code,438,0.7701,0.6807
p0132,heldout,1,accepted,code,378,1.206,0.9906
p0132,heldout,3,accepted,code,378,1.301,1.166
p0133,heldout,3,accepted,code,296,1.155,1.05
p0134,heldout,2,accepted,code,160,0.9782,0.8795
p0134,heldout,3,rejected,code,160,0.933,0.8366
p0135,heldout,2,accepted,code,201,0.8645,0.7712
p0126,heldout,3,accepted,code,442,0.917,0.7838
p0126,heldout,4,rejected,code,442,0.9517,0.8128
p0130,heldout,4,accepted,code,388,1.377,1.192
p0132,heldout,3,accepted,code,383,1.289,1.118
p0131,heldout,3,accepted,code,306,1.235,1.102
p0131,heldout,4,accepted,code,306,1.286,1.184
p0134,heldout,1,accepted,code,163,0.8575,0.7781
p0134,heldout,4,unreached,code,163,0.8933,0.7912
p0135,heldout,4,unreached,code,206,0.971,0.9454
p0126,heldout,1,accepted,code,446,0.8341,0.702
p0126,heldout,2,accepted,code,446,1.035,1.019
p0126,heldout,4,rejected,code,446,1.324,1.163
p0132,heldout,2,accepted,code,388,1.186,1.025
p0132,heldout,4,accepted,code,388,1.051,0.9616
p0131,heldout,3,rejected,code,311,0.9098,0.8151
p0131,heldout,4,unreached,code,311,1.014,0.9284
p0134,heldout,4,unreached,code,166,1.202,1.062
p0126,heldout,1,accepted,code,450,0.8029,0.729
p0126,heldout,4,unreached,code,450,1.139,0.935
p0130,heldout,3,accepted,code,398,1.12,1.091
p0132,heldout,4,accepted,code,393,1.179,1.11
p0131,heldout,1,accepted,code,314,1.073,1.08
p0131,heldout,4,unreached,code,314,1.027,0.9385
p0133,heldout,1,accepted,code,311,1.149,1.053
p0134,heldout,4,unreached,code,169,1.045,0.9161
p0135,heldout,4,unreached,code,214,1.174,1.205
p0126,heldout,2,rejected,code,453,0.7105,0.6386
p0130,heldout,1,accepted,code,403,1.136,1.203
p0130,heldout,3,accepted,code,403,1.206,1.138
p0132,heldout,3,accepted,code,398,1.081,0.985
p0133,heldout,1,accepted,code,316,0.9539,0.8681
p0133,heldout,2,accepted,code,316,1.004,0.9704
p0133,heldout,4,accepted,code,316,0.888,0.7764
p0134,heldout,2,accepted,code,171,1.073,1.046
p0126,heldout,1,accepted,code,455,1.045,0.8334
p0126,heldout,2,accepted,code,455,0.7857,0.6841
p0132,heldout,1,accepted,code,403,0.905,0.8352
p0131,heldout,2,accepted,code,320,1.01,0.8852
p0131,heldout,3,accepted,code,320,1.169,1.113
p0133,heldout,3,accepted,code,321,1.062,1.051
p0133,heldout,4,accepted,code,321,1.09,1.038
p0134,heldout,1,accepted,code,176,1.067,0.9784
p0134,heldout,3,accepted,code,176,1.066,1.02
p0135,heldout,3,accepted,code,222,1.093,1.051
p0130,heldout,4,accepted,code,413,0.9738,1.004
p0131,heldout,4,accepted,code,325,1.141,1.114
p0134,heldout,2,accepted,code,181,0.9298,0.899
p0135,heldout,1,accepted,code,227,0.898,0.8033
p0135,heldout,3,accepted,code,227,1.004,0.8408
p0126,heldout,2,accepted,code,461,0.7677,0.6558
p0133,heldout,4,accepted,code,331,1.094,1.073
p0134,heldout,2,rejected,code,186,1.051,1.026
p0134,heldout,4,unreached,code,186,0.9557,0.8653
p0135,heldout,1,accepted,code,231,0.8307,0.6691
p0132,heldout,1,accepted,code,417,0.7673,0.6858
p0132,heldout,3,accepted,code,417,1.066,0.9807
p0131,heldout,3,rejected,code,334,1.228,1.187
p0134,heldout,1,accepted,code,188,0.7031,0.6572
p0131,heldout,1,accepted,code,337,0.9025,0.8886
p0131,heldout,3,unreached,code,337,1.011,0.8749
p0133,heldout,2,accepted,code,341,1.169,1.07
p0135,heldout,4,accepted,code,238,1.012,0.8096
p0132,heldout,1,rejected,code,426,0.6439,0.5307
p0132,heldout,4,unreached,code,426,0.9815,0.8849
p0133,heldout,1,accepted,code,346,0.9968,0.9192
p0131,heldout,4,accepted,code,344,1.189,1.125
p0133,heldout,3,accepted,code,351,1.196,1.042
p0135,heldout,2,accepted,code,248,1.025,0.9608
p0135,heldout,3,accepted,code,248,0.8599,0.7457
p0132,heldout,2,accepted,code,432,1.158,1.064
p0131,heldout,1,accepted,code,349,0.8993,0.7728
p0134,heldout,1,accepted,code,207,1.252,1.248
p0131,heldout,1,accepted,code,354,0.9555,0.8063
p0131,heldout,3,accepted,code,354,0.9755,0.9415
p0131,heldout,4,accepted,code,354,0.9104,0.8224
p0134,heldout,3,accepted,code,212,1.095,0.9538
p0132,heldout,1,accepted,code,442,0.7496,0.62
p0132,heldout,3,accepted,code,442,1.285,1.118
p0131,heldout,2,accepted,code,359,0.9063,0.8316
p0131,heldout,3,accepted,code,359,0.9471,0.8292
p0134,heldout,2,accepted,code,217,1.07,0.9909
p0134,heldout,3,accepted,code,217,1.049,0.97
p0132,heldout,3,accepted,code,447,1.117,1.02
p0131,heldout,1,accepted,code,364,1.234,1.189
p0133,heldout,2,accepted,code,371,1.063,0.9071
p0134,heldout,4,accepted,code,222,1.099,1.021
p0135,heldout,4,accepted,code,268,1.127,1.037
p0132,heldout,2,accepted,code,452,1.172,1.002
p0133,heldout,1,accepted,code,376,0.9873,0.787
p0134,heldout,1,accepted,code,227,1.011,0.9849
p0134,heldout,2,accepted,code,227,0.9244,0.9752
p0132,heldout,4,rejected,code,457,1.085,1.108
p0131,heldout,2,accepted,code,374,1.134,1.024
p0134,heldout,2,accepted,code,232,1.198,1.168
p0135,heldout,1,accepted,code,274,0.8751,0.7873
p0135,heldout,2,accepted,code,274,0.8803,0.8646
p0131,heldout,1,accepted,code,379,0.7839,0.7039
p0131,heldout,4,accepted,code,379,1.119,1.122
p0133,heldout,1,accepted,code,386,0.8305,0.8073
p0134,heldout,2,accepted,code,237,1.064,1.042
p0135,heldout,1,accepted,code,279,0.9481,0.8927
p0131,heldout,2,accepted,code,384,1.143,1.017
p0131,heldout,4,accepted,code,384,1.141,1.07
p0134,heldout,3,accepted,code,242,0.9112,0.7845
p0135,heldout,2,accepted,code,284,0.9284,0.8936
p0135,heldout,4,accepted,code,284,1.05,1.07
p0131,heldout,4,accepted,code,389,0.939,0.9694
p0133,heldout,2,accepted,code,395,0.8562,0.7155
p0134,heldout,2,rejected,code,246,0.9722,0.8414
p0134,heldout,4,unreached,code,246,1.269,1.219
p0133,heldout,2,accepted,code,400,1.198,1.031
p0134,heldout,4,unreached,code,248,0.8986,0.8139
p0133,heldout,1,accepted,code,405,1.217,1.174
p0133,heldout,2,accepted,code,405,1.145,0.9852
p0133,heldout,3,accepted,code,405,1.165,0.9927
p0140,heldout,1,accepted,code,95,1.12,1.048
p0140,heldout,3,accepted,code,95,1.028,1.055
p0133,heldout,1,accepted,code,410,0.9617,0.8497
p0134,heldout,1,accepted,code,254,0.8332,0.675
p0134,heldout,4,accepted,code,254,1.119,1.099
p0135,heldout,4,accepted,code,302,1.316,1.255
p0133,heldout,3,accepted,code,415,1.007,1.007
p0133,heldout,4,accepted,code,415,1.048,0.9917
p0134,heldout,4,rejected,code,259,0.9565,0.9213
p0135,heldout,4,accepted,code,307,1.239,1.219
p0140,heldout,4,accepted,code,104,1.213,1.189
p0133,heldout,2,accepted,code,420,1.034,1.017
p0134,heldout,4,unreached,code,263,0.9852,0.8834
p0135,heldout,2,accepted,code,312,0.9269,0.783
p0140,heldout,3,accepted,code,109,1.213,1.183
p0133,heldout,4,accepted,code,425,1.318,1.216
p0134,heldout,2,accepted,code,264,0.8404,0.749
p0134,heldout,4,unreached,code,264,0.9899,0.912
p0135,heldout,4,accepted,code,317,1.336,1.215
p0134,heldout,2,rejected,code,267,0.9968,0.9328
p0134,heldout,3,unreached,code,267,1.088,1.099
p0135,heldout,1,accepted,code,327,0.9226,0.8609
p0135,heldout,2,accepted,code,327,0.9231,0.9261
p0135,heldout,3,accepted,code,327,0.9984,0.8995
p0134,heldout,2,accepted,code,272,0.8909,0.8943
p0135,heldout,1,accepted,code,332,1.032,0.8931
p0135,heldout,4,accepted,code,332,1.157,1.154
p0140,heldout,1,accepted,code,129,0.9321,0.6779
p0140,heldout,3,accepted,code,129,1.179,1.123
p0134,heldout,3,unreached,code,275,1.089,1.123
p0134,heldout,4,unreached,code,275,0.899,0.8771
p0135,heldout,1,accepted,code,337,1.063,1.021
p0140,heldout,2,rejected,code,133,0.7629,0.6718
p0133,heldout,1,accepted,code,450,1.212,1.156
p0133,heldout,3,accepted,code,450,1.036,0.9605
p0134,heldout,1,accepted,code,277,0.8174,0.7434
p0134,heldout,3,unreached,code,277,0.9518,0.8733
p0140,heldout,3,accepted,code,135,0.9027,0.7162
p0140,heldout,4,accepted,code,135,0.9185,0.7294
p0133,heldout,3,accepted,code,455,1.056,0.938
p0134,heldout,3,accepted,code,279,1.01,0.9993
p0134,heldout,4,accepted,code,279,1.154,1.131
p0135,heldout,1,accepted,code,347,1.089,1.102
p0140,heldout,1,accepted,code,140,0.7196,0.6031
p0140,heldout,4,accepted,code,140,1.129,1.105
p0134,heldout,1,accepted,code,284,0.6012,0.4659
p0134,heldout,2,accepted,code,284,0.8894,0.7683
p0134,heldout,4,accepted,code,284,1.123,1.123
p0135,heldout,3,accepted,code,352,1.242,1.201
p0133,heldout,2,accepted,code,465,1.166,1.03
p0133,heldout,4,accepted,code,465,1.002,0.9515
p0134,heldout,3,accepted,code,289,1.091,0.9569
p0134,heldout,4,accepted,code,289,1.045,0.7878
p0140,heldout,2,accepted,code,150,1.089,1.033
p0140,heldout,3,rejected,code,150,1.178,1.005
p0135,heldout,1,accepted,code,359,1.038,0.9983
p0135,heldout,4,accepted,code,359,1.129,1.123
p0140,heldout,3,unreached,code,153,1,0.914
p0133,heldout,1,accepted,code,475,1.111,1.082
p0134,heldout,4,accepted,code,299,0.9624,0.8909
p0135,heldout,3,accepted,code,364,1.376,1.32
p0140,heldout,1,rejected,code,155,0.9421,0.833
p0133,heldout,4,accepted,code,478,1.116,0.9734
p0135,heldout,2,accepted,code,369,0.9995,0.9464
p0135,heldout,4,accepted,code,369,0.9495,0.8303
p0140,heldout,1,accepted,code,156,1.021,0.9255
p0140,heldout,4,unreached,code,156,0.9948,0.8289
p0133,heldout,3,accepted,code,483,1.053,0.8723
p0133,heldout,1,accepted,code,488,0.9618,0.8752
p0134,heldout,4,unreached,code,314,1.038,0.9477
p0135,heldout,4,accepted,code,379,1.17,1.181
p0140,heldout,3,unreached,code,160,1.134,1.101
p0133,heldout,2,accepted,code,493,1.267,1.184
p0134,heldout,1,accepted,code,317,0.7843,0.7018
p0134,heldout,3,rejected,code,317,0.8277,0.7932
p0134,heldout,4,unreached,code,317,0.8752,0.9033
p0133,heldout,2,accepted,code,498,0.8627,0.7703
p0134,heldout,1,accepted,code,320,0.858,0.7373
p0134,heldout,3,accepted,code,320,0.902,0.7679
p0135,heldout,1,accepted,code,389,1.314,1.179
p0135,heldout,3,accepted,code,389,1.182,1.082
p0135,heldout,4,accepted,code,389,1.255,1.25
p0140,heldout,1,accepted,code,163,1.032,0.9981
p0133,heldout,1,accepted,code,508,1.289,1.167
p0133,heldout,2,accepted,code,508,1.269,1.165
p0133,heldout,4,accepted,code,508,1.186,0.9832
p0134,heldout,2,accepted,code,330,1.065,1.016
p0135,heldout,1,accepted,code,399,1.063,1.023
p0140,heldout,2,accepted,code,172,1.129,1.085
p0135,heldout,2,accepted,code,404,1.124,1.1
p0135,heldout,4,accepted,code,404,1.142,1.031
p0140,heldout,4,accepted,code,175,1.128,1.116
p0134,heldout,3,accepted,code,339,1.03,0.7707
p0135,heldout,3,accepted,code,409,1.378,1.247
p0133,heldout,1,accepted,code,523,0.5944,0.5627
p0133,heldout,2,accepted,code,523,0.7827,0.6903
p0134,heldout,2,accepted,code,344,1.043,0.9987
p0134,heldout,3,rejected,code,344,1.168,1.088
p0140,heldout,2,accepted,code,185,0.91,0.7996
p0133,heldout,2,rejected,code,526,0.7381,0.619
p0133,heldout,3,unreached,code,526,0.7638,0.657
p0134,heldout,1,accepted,code,347,1.052,1.066
p0135,heldout,3,accepted,code,419,1.193,1.093
p0140,heldout,1,accepted,code,190,0.8923,0.8122
p0140,heldout,4,accepted,code,190,1.205,1.112
p0133,heldout,4,accepted,code,528,0.8273,0.7136
p0134,heldout,4,accepted,code,350,0.9271,0.8376
p0140,heldout,1,accepted,code,195,1.278,1.152
p0140,heldout,3,accepted,code,195,1.185,1.195
p0134,heldout,1,accepted,code,355,0.8444,0.7204
p0140,heldout,2,unreached,code,200,1.076,0.9754
p0133,heldout,3,rejected,code,543,0.7933,0.6891
p0140,heldout,2,accepted,code,211,1.067,1.023
p0140,heldout,3,accepted,code,211,1.16,1.039
p0133,heldout,1,rejected,code,546,0.8616,0.7565
p0140,heldout,3,accepted,code,216,1.096,0.9175
p0133,heldout,1,accepted,code,547,0.6484,0.5064
p0133,heldout,4,unreached,code,547,0.9772,0.8663
p0134,heldout,2,accepted,code,380,0.9472,0.7987
p0140,heldout,1,rejected,code,221,0.8591,0.7541
p0140,heldout,2,unreached,code,221,0.9568,0.8192
p0133,heldout,1,accepted,code,550,0.8008,0.6969
p0134,heldout,1,accepted,code,383,0.847,0.8222
p0134,heldout,4,accepted,code,383,0.9038,0.7585
p0140,heldout,1,accepted,code,222,0.8552,0.7381
p0140,heldout,2,accepted,code,222,0.9375,0.9331
p0134,heldout,3,accepted,code,388,1.102,0.959
p0140,heldout,1,accepted,code,227,0.9447,0.9871
p0140,heldout,3,accepted,code,227,1.106,1.126
p0140,heldout,3,accepted,code,232,1.175,1.178
p0134,heldout,4,unreached,code,397,0.9837,0.9274
p0140,heldout,1,accepted,code,237,1.114,1.05
p0134,heldout,1,accepted,code,399,0.8419,0.7763
p0134,heldout,2,accepted,code,399,1.123,0.9658
p0140,heldout,1,accepted,code,247,1.146,1.054
p0140,heldout,2,accepted,code,247,1.139,1.069
p0134,heldout,1,accepted,code,403,0.7782,0.6703
p0134,heldout,3,accepted,code,403,0.8071,0.7368
p0140,heldout,4,accepted,code,251,1.079,0.9683
p0140,heldout,3,accepted,code,256,1.075,0.9869
p0140,heldout,4,accepted,code,256,0.9541,0.9703
p0134,heldout,3,accepted,code,412,0.8765,0.7715
p0134,heldout,1,accepted,code,417,0.5831,0.5089
p0140,heldout,3,accepted,code,266,1.143,1.055
p0134,heldout,1,accepted,code,425,0.83,0.7154
p0134,heldout,4,unreached,code,425,0.9943,0.8799
p0143,heldout,2,accepted,code,79,1.001,0.8853
p0134,heldout,3,accepted,code,427,0.9181,0.8381
p0134,heldout,1,accepted,code,432,0.7806,0.6709
p0143,heldout,2,accepted,code,88,0.8303,0.6531
p0143,heldout,3,accepted,code,88,1.138,0.9326
p0134,heldout,2,rejected,code,437,1.043,0.9481
p0134,heldout,3,unreached,code,444,0.8831,0.8164
p0134,heldout,4,unreached,code,444,0.8552,0.8113
p0143,heldout,2,accepted,code,106,1.037,0.9963
p0143,heldout,1,accepted,code,111,1.171,1.068
p0143,heldout,3,accepted,code,111,1.285,1.201
p0143,heldout,4,accepted,code,119,0.9276,0.8541
p0143,heldout,3,accepted,code,124,0.888,0.7944
p0134,heldout,2,accepted,code,453,0.868,0.8351
p0143,heldout,3,unreached,code,129,0.888,0.8122
p0134,heldout,3,rejected,code,458,0.9167,0.8127
p0143,heldout,2,accepted,code,131,1.051,0.9766
p0134,heldout,1,accepted,code,461,0.8387,0.8265
p0143,heldout,4,accepted,code,134,1.109,1.073
p0134,heldout,4,unreached,code,466,0.7732,0.678
p0143,heldout,1,accepted,code,142,0.6465,0.5493
p0143,heldout,2,rejected,code,142,0.9136,0.8229
p0134,heldout,1,accepted,code,470,0.8648,0.8633
p0134,heldout,4,accepted,code,470,1.112,0.9014
p0134,heldout,1,accepted,code,475,1.036,0.9514
p0134,heldout,3,rejected,code,475,1.299,1.288
p0143,heldout,2,accepted,code,154,1.026,0.962
p0143,heldout,1,accepted,code,159,1.192,1.142
p0134,heldout,1,accepted,code,480,0.9052,0.729
p0143,heldout,1,accepted,code,163,1.175,1.131
p0143,heldout,4,accepted,code,165,1.135,0.9454
p0143,heldout,2,accepted,code,170,1.175,0.9735
p0134,heldout,3,accepted,code,484,0.9537,0.8151
p0143,heldout,3,accepted,code,175,1.035,0.8281
p0143,heldout,1,accepted,code,180,1.144,1.047
p0143,heldout,2,accepted,code,180,1.27,1.082
p0143,heldout,3,accepted,code,185,0.8995,0.7585
p0143,heldout,2,accepted,code,200,1.013,0.917
p0143,heldout,1,accepted,code,205,0.9898,0.8554
p0143,heldout,2,accepted,code,215,1.132,1.013
p0143,heldout,1,accepted,code,220,0.9109,0.8377
p0143,heldout,2,accepted,code,220,1.067,0.9147
p0143,heldout,4,accepted,code,220,1.334,1.234
p0143,heldout,3,accepted,code,225,1.327,1.173
p0143,heldout,3,rejected,code,230,1.26,1.094
p0143,heldout,4,unreached,code,230,1.052,0.9676
p0143,heldout,3,accepted,code,238,1.166,0.9688
p0143,heldout,3,accepted,code,253,1.3,1.155
p0143,heldout,1,accepted,code,258,1.022,0.8444
p0143,heldout,2,accepted,code,258,1.094,0.9434
p0143,heldout,4,accepted,code,268,1.365,1.285
p0143,heldout,3,rejected,code,273,1.319,1.242
p0143,heldout,1,accepted,code,281,1.189,1.051
p0143,heldout,2,accepted,code,281,1.026,0.8974
p0143,heldout,3,accepted,code,281,1.027,0.8865
p0143,heldout,1,accepted,code,286,0.5598,0.4606
p0143,heldout,3,accepted,code,298,0.7771,0.7259
p0143,heldout,2,accepted,code,303,0.979,0.8769
p0148,heldout,1,accepted,code,73,0.7472,0.5773
p0148,heldout,2,rejected,code,76,0.8961,0.8163
p0143,heldout,1,accepted,code,311,0.8396,0.7958
p0143,heldout,4,accepted,code,311,1.079,0.9581
p0148,heldout,2,accepted,code,78,0.8305,0.6996
p0148,heldout,4,unreached,code,78,1.068,0.9486
p0148,heldout,3,rejected,code,81,0.9428,0.8809
p0148,heldout,2,accepted,code,84,1.009,0.8793
p0148,heldout,4,accepted,code,84,0.9285,0.7829
p0148,heldout,1,accepted,code,89,1.138,1.013
p0148,heldout,2,accepted,code,89,1.056,1.005
p0148,heldout,2,accepted,code,92,1.013,0.9546
p0143,heldout,4,unreached,code,329,0.8611,0.7119
p0148,heldout,2,accepted,code,97,0.9443,0.8515
p0143,heldout,2,accepted,code,331,0.8049,0.6883
p0143,heldout,3,accepted,code,331,0.9424,0.8306
p0148,heldout,2,accepted,code,101,1.072,0.936
p0149,heldout,1,accepted,code,135,1.118,1.066
p0149,heldout,3,accepted,code,135,1.074,1.072
p0143,heldout,4,accepted,code,335,0.9784,0.949
p0149,heldout,2,rejected,code,140,1.044,1.065
p0143,heldout,1,accepted,code,340,0.51,0.404
p0143,heldout,4,rejected,code,340,0.9079,0.873
p0148,heldout,4,accepted,code,116,1.064,0.8264
p0148,heldout,3,accepted,code,121,0.9371,0.7911
p0149,heldout,4,unreached,code,149,1.112,0.9177
p0148,heldout,1,accepted,code,126,1.109,1.122
p0148,heldout,2,accepted,code,126,1.351,1.246
p0148,heldout,4,accepted,code,126,1.124,1.018
p0143,heldout,1,accepted,code,355,0.507,0.4033
p0148,heldout,4,accepted,code,131,1.299,1.139
p0143,heldout,1,accepted,code,357,0.5508,0.4428
p0148,heldout,4,accepted,code,136,1.002,1.025
p0143,heldout,1,accepted,code,362,0.6151,0.5003
p0148,heldout,3,unreached,code,141,0.8071,0.7098
p0148,heldout,4,unreached,code,141,0.8293,0.6994
p0149,heldout,2,unreached,code,158,0.9161,0.7738
p0149,heldout,4,unreached,code,158,1.08,0.9933
p0148,heldout,1,accepted,code,143,0.7025,0.5821
p0148,heldout,2,rejected,code,143,0.9311,0.8041
p0149,heldout,3,rejected,code,159,1.045,0.9723
p0143,heldout,2,accepted,code,372,0.9357,0.9411
p0149,heldout,4,accepted,code,162,1.166,1.217
p0148,heldout,1,accepted,code,148,0.8074,0.698
p0149,heldout,4,rejected,code,167,0.9952,0.8827
p0143,heldout,2,accepted,code,380,0.9691,0.8696
p0149,heldout,1,accepted,code,171,0.8691,0.7958
p0149,heldout,4,unreached,code,171,1.057,0.913
p0143,heldout,3,accepted,code,385,1.089,1.045
p0148,heldout,1,accepted,code,157,0.7543,0.5173
p0143,heldout,4,rejected,code,390,1.2,1.137
p0148,heldout,1,accepted,code,162,0.7715,0.6515
p0143,heldout,3,accepted,code,394,1.075,1.04
p0143,heldout,4,accepted,code,394,1.216,1.14
p0148,heldout,4,accepted,code,166,0.8949,0.6864
p0143,heldout,1,accepted,code,399,0.6228,0.5008
p0148,heldout,2,accepted,code,171,0.8864,0.7634
p0148,heldout,3,accepted,code,171,1.026,0.9188
p0149,heldout,3,accepted,code,189,1.173,1.214
p0143,heldout,1,accepted,code,403,0.8753,0.7973
p0149,heldout,1,accepted,code,193,0.8573,0.7158
p0143,heldout,2,accepted,code,408,1.021,0.9823
p0148,heldout,2,unreached,code,177,0.9731,0.8704
p0149,heldout,1,accepted,code,195,1.044,0.9341
p0149,heldout,3,accepted,code,195,1.008,0.9563
p0143,heldout,1,accepted,code,413,1.152,0.9679
p0143,heldout,4,accepted,code,413,1.168,1.166
p0149,heldout,1,accepted,code,199,0.9897,1
p0149,heldout,2,accepted,code,199,1.047,0.9923
p0149,heldout,3,rejected,code,199,0.7591,0.6958
p0148,heldout,1,accepted,code,180,0.7599,0.631
p0148,heldout,3,accepted,code,180,1.15,1.016
p0149,heldout,2,unreached,code,202,0.9675,0.9513
p0143,heldout,4,unreached,code,423,1.012,0.9442
p0148,heldout,3,accepted,code,185,1.034,0.9499
p0148,heldout,4,accepted,code,185,1.116,1.024
p0149,heldout,4,unreached,code,203,1.129,1.112
p0148,heldout,4,unreached,code,190,1.081,0.957
p0149,heldout,3,accepted,code,205,1.263,1.303
p0143,heldout,1,accepted,code,429,0.7601,0.7041
p0143,heldout,4,accepted,code,429,0.9548,0.9041
p0143,heldout,1,accepted,code,434,0.8389,0.8062
p0143,heldout,4,accepted,code,434,1.104,1.018
p0149,heldout,4,accepted,code,213,1.091,0.9244
p0143,heldout,1,accepted,code,439,1.099,1.032
p0149,heldout,2,accepted,code,218,1.177,1.152
p0143,heldout,2,rejected,code,441,1,1.027
p0143,heldout,3,unreached,code,441,0.9903,0.9376
p0143,heldout,4,unreached,code,441,1.053,1.075
p0148,heldout,1,accepted,code,208,0.8827,0.8263
p0148,heldout,3,accepted,code,208,1.116,1.122
p0149,heldout,4,accepted,code,227,1.111,1.051
p0143,heldout,1,accepted,code,444,0.8747,0.8647
p0148,heldout,1,accepted,code,212,0.7631,0.6804
p0148,heldout,2,accepted,code,212,1.09,0.9974
p0149,heldout,2,accepted,code,232,1.058,0.974
p0149,heldout,4,accepted,code,232,1.152,1.145
p0143,heldout,1,accepted,code,449,1.192,1.055
p0143,heldout,3,accepted,code,449,1.129,0.984
p0148,heldout,3,accepted,code,217,1.025,0.9791
p0149,heldout,2,accepted,code,237,1.066,1.025
p0149,heldout,3,accepted,code,237,1.054,0.889
p0149,heldout,1,accepted,code,241,1.116,1.076
p0149,heldout,3,accepted,code,241,1.068,0.9374
p0148,heldout,1,accepted,code,227,0.773,0.7545
p0149,heldout,2,rejected,code,246,1.077,0.9845
p0149,heldout,3,unreached,code,246,1.003,0.863
p0149,heldout,4,unreached,code,246,0.9992,0.8712
p0148,heldout,3,accepted,code,232,0.9514,0.9746
p0148,heldout,4,accepted,code,232,1.086,1.012
p0149,heldout,3,accepted,code,248,0.9671,0.8399
p0148,heldout,2,accepted,code,237,0.8026,0.7232
p0148,heldout,4,accepted,code,237,0.996,0.9277
p0149,heldout,1,accepted,code,253,0.9987,1.005
p0149,heldout,4,accepted,code,253,1.231,1.111
p0152,heldout,2,rejected,code,105,1.068,0.9345
p0152,heldout,3,unreached,code,105,1.261,1.125
p0148,heldout,1,accepted,code,242,1.031,0.9299
p0148,heldout,4,accepted,code,242,1.324,1.209
p0152,heldout,4,unreached,code,107,0.9774,0.843
p0148,heldout,2,accepted,code,247,1.178,1.14
p0148,heldout,4,unreached,code,247,0.9016,0.7848
p0152,heldout,1,accepted,code,108,0.7144,0.6134
p0149,heldout,3,rejected,code,267,1.317,1.232
p0152,heldout,1,rejected,code,111,0.8685,0.8113
p0152,heldout,3,unreached,code,111,1.142,0.9837
p0148,heldout,3,unreached,code,251,0.9084,0.8017
p0149,heldout,1,accepted,code,270,1.089,1.017
p0149,heldout,2,accepted,code,270,1.163,1.05
p0152,heldout,2,accepted,code,112,1.045,0.8687
p0148,heldout,1,accepted,code,252,0.8922,0.7443
p0148,heldout,2,rejected,code,252,0.8524,0.722
p0149,heldout,1,accepted,code,275,0.9701,0.9594
p0152,heldout,4,unreached,code,116,0.9939,0.8934
p0149,heldout,4,accepted,code,280,0.8497,0.8039
p0152,heldout,3,unreached,code,119,0.9829,0.825
p0152,heldout,4,unreached,code,119,1.019,0.872
p0148,heldout,2,unreached,code,259,0.9275,0.8286
p0148,heldout,3,unreached,code,259,0.9133,0.8103
p0149,heldout,3,accepted,code,285,1.263,1.162
p0148,heldout,2,accepted,code,260,0.9967,0.9421
p0152,heldout,2,accepted,code,126,0.8569,0.7569
p0152,heldout,4,unreached,code,130,0.8867,0.7659
p0148,heldout,1,accepted,code,268,0.6465,0.5348
p0148,heldout,4,unreached,code,268,0.907,0.9009
p0152,heldout,3,unreached,code,131,0.8889,0.7735
p0148,heldout,1,accepted,code,270,0.7006,0.6602
p0149,heldout,3,accepted,code,305,1.154,1.064
p0152,heldout,2,rejected,code,132,0.8824,0.7704
p0152,heldout,3,unreached,code,132,1.148,1.058
p0152,heldout,4,unreached,code,132,1.082,1.082
p0148,heldout,2,unreached,code,275,1.047,0.9379
p0152,heldout,3,unreached,code,134,0.8767,0.7549
p0148,heldout,3,rejected,code,276,0.8305,0.7448
p0149,heldout,3,accepted,code,315,1.107,1.017
p0152,heldout,2,accepted,code,136,0.7932,0.6841
p0148,heldout,1,accepted,code,279,0.832,0.6994
p0148,heldout,4,unreached,code,279,0.9632,0.8591
p0152,heldout,4,unreached,code,141,0.993,0.8304
p0148,heldout,1,rejected,code,281,0.6927,0.5895
p0152,heldout,1,accepted,code,149,0.5948,0.4658
p0148,heldout,1,accepted,code,287,0.8968,0.8002
p0148,heldout,2,accepted,code,287,0.9783,0.8522
p0149,heldout,4,accepted,code,334,1.349,1.249
p0148,heldout,1,accepted,code,292,1.124,0.9921
p0149,heldout,1,accepted,code,339,1.002,0.9312
p0149,heldout,2,accepted,code,339,1.062,0.9867
p0148,heldout,2,accepted,code,295,0.9478,0.8689
p0149,heldout,2,accepted,code,344,1.083,1.048
p0152,heldout,3,unreached,code,160,1.091,1.006
p0148,heldout,1,accepted,code,300,0.8409,0.7047
p0149,heldout,2,accepted,code,349,1.203,1.089
p0152,heldout,3,rejected,code,164,0.8161,0.7353
p0148,heldout,4,unreached,code,310,1.102,1.044
p0152,heldout,1,accepted,code,167,0.7994,0.6974
p0152,heldout,3,accepted,code,167,1.016,0.8693
p0152,heldout,4,accepted,code,167,0.9936,0.7796
p0154,heldout,3,accepted,code,155,1.087,1.072
p0152,heldout,4,unreached,code,172,0.8569,0.7734
p0154,heldout,2,accepted,code,160,0.9608,0.8971
p0148,heldout,2,rejected,code,318,1.032,0.948
p0148,heldout,3,unreached,code,318,0.8404,0.7531
p0154,heldout,1,accepted,code,163,0.8657,0.8232
p0148,heldout,1,accepted,code,320,0.9482,0.8354
p0148,heldout,3,accepted,code,320,0.9788,0.8249
p0148,heldout,4,accepted,code,320,0.9981,1.036
p0154,heldout,1,accepted,code,168,1.194,1.075
p0148,heldout,4,accepted,code,325,1.113,0.9555
p0152,heldout,1,accepted,code,179,0.5716,0.4843
p0152,heldout,3,unreached,code,179,0.8687,0.7406
p0152,heldout,1,rejected,code,181,0.7949,0.6769
p0152,heldout,3,unreached,code,181,0.8505,0.7437
p0148,heldout,4,accepted,code,340,1.166,1.026
p0154,heldout,2,accepted,code,181,0.994,0.8791
p0152,heldout,1,accepted,code,189,1.068,0.9056
p0154,heldout,4,unreached,code,189,1.286,1.301
p0152,heldout,4,unreached,code,197,0.8974,0.8676
p0152,heldout,2,accepted,code,198,1.126,1.066
p0152,heldout,4,rejected,code,198,1.011,0.9558
p0154,heldout,2,accepted,code,193,1.157,1.148
p0154,heldout,3,accepted,code,193,0.9902,0.8909
p0148,heldout,1,accepted,code,365,0.9326,0.8315
p0148,heldout,3,accepted,code,365,1.368,1.325
p0152,heldout,3,accepted,code,202,1.139,1.046
p0154,heldout,2,accepted,code,198,0.8583,0.8001
p0154,heldout,4,unreached,code,198,0.9191,0.8558
p0148,heldout,2,accepted,code,370,1.051,0.9324
p0148,heldout,4,accepted,code,370,1.046,0.9131
p0152,heldout,2,accepted,code,207,1.176,1.144
p0152,heldout,3,accepted,code,207,1.135,1.132
p0154,heldout,2,unreached,code,201,0.8464,0.7462
p0148,heldout,4,unreached,code,375,0.9549,0.8393
p0154,heldout,1,accepted,code,202,0.9611,0.9127
p0154,heldout,4,unreached,code,202,1.241,1.232
p0152,heldout,2,accepted,code,217,0.9258,0.805
p0152,heldout,4,rejected,code,217,0.9922,0.9412
p0154,heldout,2,accepted,code,204,1.24,1.234
p0154,heldout,3,accepted,code,204,1.188,1.18
p0148,heldout,2,accepted,code,381,0.9935,0.8852
p0148,heldout,3,accepted,code,381,0.9016,0.7547
p0152,heldout,2,unreached,code,221,0.8309,0.7052
p0152,heldout,1,rejected,code,222,0.6192,0.5148
p0152,heldout,3,unreached,code,222,1.021,0.9117
p0154,heldout,3,accepted,code,211,1.026,0.8958
p0154,heldout,4,accepted,code,211,1.102,0.9994
p0148,heldout,1,rejected,code,391,0.761,0.6137
p0148,heldout,3,unreached,code,391,0.9019,0.7995
p0148,heldout,4,unreached,code,391,0.9339,0.8487
p0152,heldout,3,unreached,code,223,1.009,0.9315
p0154,heldout,2,accepted,code,216,0.8735,0.6971
p0154,heldout,3,accepted,code,216,0.8812,0.8437
p0154,heldout,4,accepted,code,216,0.9547,0.8579
p0152,heldout,2,unreached,code,225,1.03,0.888
p0152,heldout,4,unreached,code,225,0.9739,0.864
p0154,heldout,3,accepted,code,221,1.249,1.171
p0154,heldout,4,rejected,code,221,1.138,1.056
p0154,heldout,2,accepted,code,225,0.8763,0.7366
p0154,heldout,3,accepted,code,225,1.022,0.9412
p0148,heldout,2,accepted,code,402,0.8456,0.8519
p0152,heldout,3,accepted,code,228,1.07,0.9998
p0154,heldout,1,rejected,code,229,0.7845,0.7076
p0154,heldout,3,unreached,code,229,1.095,1.049
p0148,heldout,1,accepted,code,407,0.576,0.5103
p0152,heldout,4,rejected,code,233,0.8784,0.7953
p0154,heldout,2,accepted,code,230,0.8593,0.7488
p0148,heldout,2,accepted,code,411,1.014,0.8512
p0154,heldout,1,accepted,code,240,1.117,1.04
p0154,heldout,3,accepted,code,240,1.031,1.004
p0148,heldout,1,accepted,code,420,0.7876,0.6582
p0148,heldout,2,accepted,code,420,1.045,0.9313
p0152,heldout,1,accepted,code,241,0.7382,0.7906
p0152,heldout,2,accepted,code,241,0.8377,0.7772
p0154,heldout,1,accepted,code,245,0.9667,0.8976
p0154,heldout,3,accepted,code,245,1.034,0.9865
p0154,heldout,3,unreached,code,250,0.9626,0.901
p0148,heldout,3,accepted,code,430,1.062,0.951
p0152,heldout,2,accepted,code,250,0.8748,0.7957
p0154,heldout,2,accepted,code,252,1.046,0.9915
p0154,heldout,3,accepted,code,252,0.9867,0.8514
p0154,heldout,4,accepted,code,252,1.113,1.102
p0148,heldout,1,accepted,code,435,0.9859,0.8141
p0148,heldout,2,accepted,code,435,1.23,1.084
p0152,heldout,4,accepted,code,253,1.092,1.035
p0154,heldout,2,accepted,code,257,1.053,0.9291
p0154,heldout,3,accepted,code,257,1.164,1.146
p0148,heldout,1,accepted,code,440,0.5491,0.5076
p0154,heldout,2,accepted,code,262,1.052,1.106
p0148,heldout,1,accepted,code,442,0.7559,0.6495
p0148,heldout,2,accepted,code,442,0.8589,0.7611
p0152,heldout,2,accepted,code,260,1.002,0.9139
p0154,heldout,2,rejected,code,267,1.046,0.9402
p0148,heldout,3,unreached,code,447,1.032,1.085
p0152,heldout,3,accepted,code,275,1.134,1.153
p0152,heldout,4,accepted,code,275,1.139,1.042
p0154,heldout,2,accepted,code,276,1.183,1.209
p0154,heldout,4,accepted,code,276,1.25,1.209
p0157,heldout,2,accepted,code,169,1.187,1.194
p0152,heldout,1,accepted,code,280,0.9651,0.8011
p0154,heldout,2,accepted,code,281,1.071,1.022
p0154,heldout,4,accepted,code,281,1.332,1.197
p0157,heldout,3,accepted,code,174,1.323,1.296
p0152,heldout,1,accepted,code,285,0.9267,0.8277
p0157,heldout,4,unreached,code,179,1.064,0.9332
p0152,heldout,2,accepted,code,290,0.9566,0.7509
p0157,heldout,1,accepted,code,182,0.8085,0.6722
p0154,heldout,3,accepted,code,296,1.291,1.261
p0154,heldout,1,accepted,code,301,0.9836,0.9169
p0154,heldout,4,accepted,code,301,1.161,1.073
p0157,heldout,1,accepted,code,189,0.5785,0.4735
p0157,heldout,3,unreached,code,189,0.9256,0.7813
p0152,heldout,3,accepted,code,303,1.052,0.9727
p0154,heldout,2,accepted,code,306,0.9757,0.9182
p0157,heldout,1,accepted,code,191,0.7871,0.7126
p0157,heldout,2,accepted,code,191,0.8458,0.705
p0152,heldout,2,accepted,code,308,1.111,0.9371
p0157,heldout,2,accepted,code,196,0.8977,0.7523
p0157,heldout,3,accepted,code,196,0.9508,0.8549
p0157,heldout,4,unreached,code,200,1.158,1.039
p0154,heldout,3,accepted,code,321,1.05,0.9893
p0157,heldout,2,accepted,code,201,1.22,1.163
p0152,heldout,4,accepted,code,318,0.8582,0.7773
p0157,heldout,1,accepted,code,207,0.8559,0.7429
p0157,heldout,2,accepted,code,207,0.9002,0.758
p0157,heldout,3,accepted,code,207,0.8658,0.7294
p0157,heldout,4,accepted,code,207,1.001,0.8433
p0157,heldout,3,rejected,code,212,0.8351,0.808
p0157,heldout,2,rejected,code,215,0.853,0.7401
p0157,heldout,3,unreached,code,215,0.9426,0.8665
p0157,heldout,4,unreached,code,215,1.012,0.9105
p0152,heldout,2,accepted,code,337,0.9881,0.7846
p0152,heldout,3,accepted,code,337,1.118,0.9405
p0152,heldout,4,rejected,code,337,1.299,1.202
p0152,heldout,4,accepted,code,341,1.053,0.8996
p0157,heldout,1,accepted,code,218,0.6804,0.5827
p0157,heldout,3,rejected,code,218,0.9388,0.8386
p0157,heldout,4,unreached,code,218,0.9181,0.7899
p0152,heldout,1,accepted,code,346,1.001,0.8474
p0154,heldout,1,accepted,code,356,0.8009,0.7389
p0154,heldout,3,accepted,code,356,1.016,0.9158
p0154,heldout,4,accepted,code,356,1.081,1.067
p0157,heldout,2,accepted,code,221,1.091,1.06
p0157,heldout,4,rejected,code,221,0.9258,0.9168
p0158,heldout,2,accepted,code,300,1.191,1.236
p0152,heldout,1,accepted,code,351,0.4754,0.4081
p0152,heldout,4,accepted,code,351,1.189,1.072
p0154,heldout,1,accepted,code,361,0.9497,0.8791
p0154,heldout,2,accepted,code,361,1.104,1.023
p0157,heldout,2,accepted,code,225,0.8486,0.7766
p0158,heldout,4,unreached,code,305,1.015,0.9105
p0152,heldout,1,accepted,code,356,1.276,1.091
p0152,heldout,3,accepted,code,356,0.8556,0.7477
p0154,heldout,1,accepted,code,366,0.9834,0.9429
p0158,heldout,2,unreached,code,307,0.9282,0.9346
p0152,heldout,1,accepted,code,361,0.7003,0.5978
p0154,heldout,1,accepted,code,371,0.9952,1.022
p0159,heldout,1,accepted,code,78,0.8155,0.6863
p0152,heldout,1,accepted,code,366,0.7985,0.7735
p0152,heldout,2,accepted,code,366,0.9198,0.8157
p0152,heldout,3,rejected,code,366,0.7535,0.635
p0157,heldout,1,accepted,code,238,0.9471,0.8744
p0154,heldout,3,accepted,code,381,1.123,1.006
p0159,heldout,1,accepted,code,86,0.5272,0.453
p0152,heldout,2,accepted,code,372,1.011,0.8858
p0154,heldout,2,accepted,code,386,1.089,0.9878
p0157,heldout,2,accepted,code,248,0.9591,0.939
p0158,heldout,1,accepted,code,321,0.8581,0.6697
p0152,heldout,1,accepted,code,375,0.7692,0.6053
p0152,heldout,2,accepted,code,375,0.7959,0.6498
p0158,heldout,2,rejected,code,324,0.8398,0.7812
p0159,heldout,3,accepted,code,92,1.078,1.072
p0152,heldout,2,rejected,code,380,0.8087,0.6596
p0152,heldout,3,unreached,code,380,0.8234,0.7003
p0154,heldout,3,accepted,code,396,1.332,1.316
p0152,heldout,1,accepted,code,382,0.7347,0.633
p0152,heldout,2,accepted,code,382,0.927,0.7929
p0152,heldout,3,rejected,code,382,0.9143,0.7544
p0152,heldout,4,unreached,code,382,0.9451,0.7864
p0157,heldout,1,rejected,code,263,0.9177,0.7571
p0152,heldout,3,accepted,code,385,0.9902,0.8067
p0157,heldout,3,accepted,code,264,1.111,0.9879
p0157,heldout,4,accepted,code,264,1.027,1.096
p0152,heldout,1,accepted,code,390,0.7714,0.6548
p0152,heldout,4,accepted,code,390,0.87,0.7631
p0158,heldout,1,rejected,code,336,0.8148,0.7022
p0157,heldout,1,accepted,code,272,0.839,0.7235
p0157,heldout,3,accepted,code,272,1.03,0.8834
p0159,heldout,2,accepted,code,113,0.8519,0.7794
p0152,heldout,1,accepted,code,399,0.7369,0.5299
p0152,heldout,4,accepted,code,399,1.194,0.9982
p0157,heldout,2,accepted,code,277,1.173,1.232
p0158,heldout,1,accepted,code,338,0.6429,0.5258
p0152,heldout,2,accepted,code,404,0.8465,0.7249
p0152,heldout,4,accepted,code,404,1.251,1.2
p0158,heldout,3,accepted,code,340,1.185,1.195
p0152,heldout,1,accepted,code,409,1.076,1.022
p0157,heldout,1,accepted,code,287,1.172,1.149
p0158,heldout,4,rejected,code,344,0.9942,0.9263
p0152,heldout,2,accepted,code,414,0.9583,0.908
p0152,heldout,4,accepted,code,414,1.134,1.109
p0157,heldout,1,accepted,code,290,1.068,1.053
p0157,heldout,3,accepted,code,290,1.352,1.29
p0158,heldout,4,unreached,code,348,1.052,1.016
p0152,heldout,4,accepted,code,419,1.205,1.118
p0157,heldout,3,accepted,code,295,1.17,1.067
p0158,heldout,2,accepted,code,351,1.016,1.017
p0159,heldout,2,accepted,code,136,1.121,1.049
p0159,heldout,4,unreached,code,136,0.8496,0.743
p0152,heldout,1,accepted,code,424,1.208,1.06
p0157,heldout,1,accepted,code,300,0.9178,0.8391
p0157,heldout,3,accepted,code,300,1.169,1.108
p0158,heldout,2,accepted,code,356,1.209,1.255
p0157,heldout,1,accepted,code,305,1.186,1.204
p0152,heldout,1,accepted,code,434,0.7843,0.6673
p0152,heldout,3,accepted,code,434,0.8133,0.705
p0157,heldout,2,accepted,code,310,1.106,1.103
p0158,heldout,2,accepted,code,364,1.277,1.334
p0158,heldout,3,accepted,code,364,1.222,1.231
p0159,heldout,1,accepted,code,145,1.035,0.9564
p0152,heldout,1,rejected,code,439,0.8141,0.7765
p0152,heldout,4,unreached,code,439,1.159,1.214
p0157,heldout,1,accepted,code,315,0.899,0.875
p0157,heldout,4,accepted,code,315,1.203,1.127
p0158,heldout,4,accepted,code,369,1.214,1.141
p0159,heldout,2,accepted,code,148,0.8881,0.8444
p0159,heldout,4,accepted,code,148,0.8905,0.766
p0152,heldout,2,accepted,code,440,0.9759,0.85
p0152,heldout,4,accepted,code,440,1.075,1.061
p0158,heldout,4,accepted,code,374,1.091,1.008
p0159,heldout,1,accepted,code,153,0.7229,0.6284
p0159,heldout,2,accepted,code,153,0.8588,0.8041
p0159,heldout,4,accepted,code,153,1.06,0.9371
p0158,heldout,2,rejected,code,379,0.868,0.8089
p0159,heldout,2,accepted,code,158,0.7709,0.6738
p0158,heldout,1,rejected,code,381,0.7767,0.6883
p0152,heldout,3,unreached,code,454,0.8292,0.7745
p0157,heldout,4,accepted,code,333,1.267,1.148
p0158,heldout,2,unreached,code,382,0.9064,0.7425
p0159,heldout,2,unreached,code,168,0.7041,0.6345
p0159,heldout,3,unreached,code,168,0.6943,0.6416
p0157,heldout,1,accepted,code,338,1.268,1.262
p0159,heldout,2,accepted,code,169,0.8676,0.7709
p0161,heldout,4,accepted,maths,49,1.247,1.281
p0152,heldout,4,rejected,code,457,1.1,1.084
p0158,heldout,1,accepted,code,388,0.7614,0.6858
p0161,heldout,3,accepted,maths,54,1.109,0.9618
p0161,heldout,4,accepted,maths,54,1.138,0.9952
p0152,heldout,2,accepted,code,461,1.147,1.143
p0152,heldout,3,accepted,code,461,1.057,0.9929
p0152,heldout,4,accepted,code,461,1.118,1.026
p0157,heldout,4,accepted,code,348,1.197,1.061
p0159,heldout,2,unreached,code,176,0.92,0.8255
p0159,heldout,3,unreached,code,176,0.8712,0.8106
p0152,heldout,1,accepted,code,466,0.9181,0.8969
p0157,heldout,1,accepted,code,353,1.269,1.141
p0158,heldout,3,rejected,code,393,0.9867,0.9079
p0161,heldout,1,accepted,maths,63,0.9177,0.8239
p0161,heldout,4,accepted,maths,63,1.287,1.163
p0157,heldout,3,accepted,code,358,1.088,1.038
p0158,heldout,3,unreached,code,396,0.9539,0.8205
p0158,heldout,4,unreached,code,396,0.9122,0.8443
p0159,heldout,2,rejected,code,182,0.9575,0.8635
p0161,heldout,4,rejected,maths,68,0.9953,0.8305
p0152,heldout,2,accepted,code,476,0.7847,0.672
p0158,heldout,2,accepted,code,397,0.8803,0.7608
p0158,heldout,3,accepted,code,397,0.9369,0.795
p0159,heldout,1,rejected,code,184,0.6242,0.5139
p0161,heldout,1,accepted,maths,72,0.8381,0.7031
p0161,heldout,4,accepted,maths,72,1.155,0.988
p0157,heldout,1,accepted,code,368,0.8727,0.8115
p0158,heldout,3,accepted,code,402,1.218,1.146
p0162,heldout,2,accepted,maths,133,1.329,1.193
p0152,heldout,1,accepted,code,486,0.8561,0.8596
p0152,heldout,2,accepted,code,486,0.9052,0.7603
p0152,heldout,3,accepted,code,486,0.9324,0.8618
p0159,heldout,4,unreached,code,186,0.9209,0.8396
p0161,heldout,2,accepted,maths,82,1.062,0.9074
p0162,heldout,1,accepted,maths,138,0.9604,0.8274
p0162,heldout,4,accepted,maths,138,1.165,1.039
p0157,heldout,2,accepted,code,378,1.167,1.136
p0157,heldout,3,accepted,code,378,1.132,1.033
p0158,heldout,1,accepted,code,409,0.7796,0.7422
p0158,heldout,2,accepted,code,409,1.095,1.076
p0159,heldout,2,accepted,code,189,0.7355,0.6732
p0159,heldout,4,unreached,code,189,0.8818,0.8904
p0161,heldout,2,accepted,maths,86,1.102,1.003
p0161,heldout,3,accepted,maths,86,1.053,0.9876
p0162,heldout,4,accepted,maths,143,1.235,1.14
p0157,heldout,4,accepted,code,383,1.237,1.065
p0159,heldout,1,accepted,code,192,0.817,0.8324
p0159,heldout,2,accepted,code,192,0.8633,0.7903
p0161,heldout,1,accepted,maths,91,0.5728,0.5041
p0161,heldout,2,accepted,maths,91,1.034,0.924
p0161,heldout,3,accepted,maths,91,0.8749,0.7346
p0162,heldout,2,accepted,maths,148,1.262,1.229
p0162,heldout,4,accepted,maths,148,1.115,0.9684
p0157,heldout,2,accepted,code,388,1.278,1.21
p0157,heldout,3,accepted,code,388,1.167,1.023
p0158,heldout,4,rejected,code,418,0.9907,0.8914
p0161,heldout,1,accepted,maths,96,0.9049,0.8127
p0158,heldout,1,accepted,code,422,1.108,1.069
p0162,heldout,1,rejected,maths,158,0.5227,0.4846
p0158,heldout,3,accepted,code,427,1.159,1.159
p0159,heldout,4,unreached,code,204,0.9932,0.8814
p0161,heldout,2,accepted,maths,106,0.9824,0.9269
p0157,heldout,1,accepted,code,403,1.169,1.116
p0157,heldout,4,accepted,code,403,1.031,0.9371
p0158,heldout,3,accepted,code,431,0.9778,0.899
p0162,heldout,1,accepted,maths,163,0.8005,0.7361
p0162,heldout,2,accepted,maths,163,0.8251,0.7182
p0162,heldout,3,accepted,maths,163,0.9483,0.8022
p0157,heldout,3,accepted,code,408,1.268,1.234
p0161,heldout,2,accepted,maths,114,1.273,1.131
p0161,heldout,4,accepted,maths,114,1.246,1.094
p0162,heldout,1,accepted,maths,167,0.7243,0.6914
p0158,heldout,4,accepted,code,441,1.151,1.13
p0161,heldout,3,accepted,maths,119,1.12,0.9754
p0162,heldout,4,unreached,maths,172,1.267,1.26
p0158,heldout,2,accepted,code,446,1.166,1.143
p0161,heldout,3,accepted,maths,124,1.078,0.9694
p0161,heldout,4,accepted,maths,124,1.036,0.8664
p0162,heldout,4,unreached,maths,175,1.047,0.9884
p0158,heldout,1,accepted,code,449,0.8807,0.8413
p0158,heldout,3,unreached,code,449,0.9713,0.8293
p0161,heldout,1,accepted,maths,129,0.9351,0.7965
p0162,heldout,4,accepted,maths,178,1.148,1.067
p0158,heldout,1,accepted,code,451,0.8381,0.7188
p0158,heldout,2,accepted,code,451,0.881,0.8802
p0161,heldout,1,accepted,maths,134,0.8206,0.7106
p0161,heldout,2,accepted,maths,134,0.7673,0.6566
p0162,heldout,1,accepted,maths,183,1.052,0.9555
p0158,heldout,3,unreached,code,456,0.9999,1.059
p0161,heldout,1,accepted,maths,137,0.8404,0.7371
p0161,heldout,3,accepted,maths,137,0.9564,0.8122
p0162,heldout,2,accepted,maths,188,0.9727,0.9302
p0162,heldout,3,accepted,maths,188,0.9029,0.8969
p0162,heldout,4,rejected,maths,188,0.7948,0.74
p0158,heldout,1,accepted,code,463,1.036,1.009
p0159,heldout,3,accepted,code,232,1.08,1.108
p0161,heldout,2,rejected,maths,147,0.9808,0.8874
p0161,heldout,4,accepted,maths,149,0.866,0.7843
p0162,heldout,2,accepted,maths,201,1.017,0.9577
p0159,heldout,4,unreached,code,241,0.9353,0.832
p0161,heldout,1,accepted,maths,154,0.9998,0.8492
p0162,heldout,1,accepted,maths,206,1.158,1.085
p0158,heldout,1,accepted,code,477,0.982,0.885
p0158,heldout,3,accepted,code,477,1.233,1.184
p0161,heldout,4,accepted,maths,156,1.116,1.006
p0162,heldout,2,accepted,maths,211,0.9585,0.8705
p0159,heldout,3,rejected,code,244,0.6788,0.6621
p0161,heldout,1,accepted,maths,161,1.082,1.033
p0161,heldout,3,accepted,maths,161,1.093,0.9669
p0162,heldout,1,accepted,maths,216,1.172,0.9974
p0162,heldout,3,accepted,maths,216,1.351,1.197
p0158,heldout,3,accepted,code,483,1.239,1.162
p0159,heldout,1,accepted,code,247,0.7843,0.749
p0162,heldout,2,accepted,maths,221,1.249,1.207
p0158,heldout,1,accepted,code,488,1.062,1.077
p0159,heldout,3,rejected,code,252,0.7634,0.654
p0159,heldout,4,unreached,code,252,0.895,0.8428
p0161,heldout,1,accepted,maths,171,1.103,0.945
p0161,heldout,3,accepted,maths,171,1.171,1.103
p0162,heldout,3,accepted,maths,226,1.106,1.002
p0158,heldout,2,accepted,code,493,1.109,1.051
p0158,heldout,3,accepted,code,493,1.181,1.09
p0158,heldout,4,accepted,code,493,1.151,1.052
p0159,heldout,1,accepted,code,255,0.6999,0.6249
p0161,heldout,2,accepted,maths,176,1.185,1.076
p0162,heldout,2,accepted,maths,230,1.351,1.241
p0162,heldout,3,accepted,maths,230,1.35,1.194
p0158,heldout,4,accepted,code,498,1.151,1.025
p0162,heldout,1,accepted,maths,235,1.056,0.9378
p0158,heldout,4,unreached,code,503,1.09,1.15
p0161,heldout,2,accepted,maths,184,0.9844,0.9007
p0161,heldout,4,accepted,maths,184,1.037,1.006
p0162,heldout,2,unreached,maths,240,0.9761,0.8544
p0158,heldout,1,accepted,code,506,1.067,1.073
p0158,heldout,3,unreached,code,506,1.031,1.047
p0161,heldout,2,accepted,maths,189,1.256,1.122
p0162,heldout,2,rejected,maths,241,0.8197,0.7089
p0162,heldout,3,unreached,maths,241,0.8285,0.7713
p0158,heldout,3,unreached,code,509,0.9451,0.8438
p0159,heldout,3,unreached,code,270,1.038,0.9782
p0159,heldout,4,unreached,code,270,1.083,1.041
p0161,heldout,2,accepted,maths,199,0.9312,0.8011
p0162,heldout,3,accepted,maths,245,0.9127,0.7955
p0159,heldout,1,accepted,code,271,0.752,0.6565
p0159,heldout,4,unreached,code,271,1.212,1.08
p0161,heldout,4,accepted,maths,202,1.013,0.7814
p0162,heldout,2,accepted,maths,250,0.701,0.6062
p0158,heldout,1,accepted,code,516,1.056,0.9699
p0161,heldout,1,accepted,maths,207,0.8497,0.6485
p0158,heldout,1,accepted,code,521,1.149,1.076
p0161,heldout,3,unreached,maths,211,1.104,0.9768
p0161,heldout,4,unreached,maths,211,0.9492,0.8914
p0162,heldout,3,rejected,maths,260,1.054,1.051
p0158,heldout,4,accepted,code,526,1.199,1.095
p0159,heldout,1,rejected,code,281,0.7896,0.7226
p0159,heldout,2,unreached,code,281,0.7206,0.6371
p0159,heldout,3,unreached,code,281,0.7694,0.6728
p0161,heldout,2,accepted,maths,213,1.18,1.023
p0159,heldout,4,unreached,code,282,0.8402,0.7937
p0161,heldout,3,rejected,maths,218,1.076,0.9958
p0162,heldout,2,accepted,maths,267,0.9108,0.8206
p0162,heldout,4,accepted,maths,267,0.9975,0.8921
p0158,heldout,3,accepted,code,536,1.195,1.127
p0159,heldout,1,accepted,code,283,0.5655,0.5155
p0159,heldout,1,accepted,code,288,0.9536,0.9171
p0159,heldout,2,accepted,code,288,1.005,1.005
p0162,heldout,3,accepted,maths,277,0.9948,0.9356
p0158,heldout,1,accepted,code,545,1.099,1.08
p0158,heldout,4,rejected,code,545,1.344,1.274
p0162,heldout,1,accepted,maths,282,0.873,0.7136
p0162,heldout,3,accepted,maths,282,0.8078,0.6285
p0162,heldout,4,accepted,maths,282,0.9959,0.9128
p0159,heldout,1,rejected,code,297,0.8003,0.6723
p0159,heldout,4,unreached,code,297,0.8087,0.7234
p0161,heldout,1,accepted,maths,236,0.6792,0.6064
p0161,heldout,4,accepted,maths,236,1.166,1.135
p0159,heldout,1,accepted,code,298,0.8162,0.7233
p0161,heldout,2,rejected,maths,241,0.7994,0.6779
p0161,heldout,3,unreached,maths,241,1.152,1.089
p0162,heldout,2,accepted,maths,292,1.06,0.9669
p0162,heldout,2,accepted,maths,297,1.152,1.062
p0158,heldout,1,accepted,code,564,1.013,0.9691
p0158,heldout,4,rejected,code,564,1.312,1.249
p0159,heldout,3,accepted,code,305,1.024,0.9529
p0161,heldout,1,accepted,maths,245,0.809,0.704
p0161,heldout,3,accepted,maths,245,1.175,1.011
p0161,heldout,4,accepted,maths,245,1.032,0.9386
p0162,heldout,1,accepted,maths,302,0.5215,0.4469
p0162,heldout,4,accepted,maths,302,0.9512,0.8654
p0158,heldout,1,accepted,code,568,1.073,0.96
p0158,heldout,3,accepted,code,568,1.23,1.151
p0159,heldout,2,accepted,code,309,0.9927,0.9407
p0161,heldout,2,accepted,maths,250,1.02,0.8688
p0162,heldout,2,unreached,maths,307,0.7771,0.679
p0158,heldout,3,accepted,code,573,1.288,1.145
p0159,heldout,4,accepted,code,313,1.006,0.8934
p0162,heldout,2,accepted,maths,308,0.8075,0.7157
p0159,heldout,2,accepted,code,318,0.8593,0.7516
p0159,heldout,3,accepted,code,318,1.028,0.8065
p0161,heldout,1,accepted,maths,260,0.9231,0.7977
p0162,heldout,4,unreached,maths,311,1.054,0.9712
p0158,heldout,2,accepted,code,583,1.142,1.068
p0159,heldout,1,accepted,code,323,0.8606,0.7975
p0159,heldout,4,rejected,code,323,1.006,0.9303
p0161,heldout,1,accepted,maths,265,0.9544,0.842
p0162,heldout,2,accepted,maths,313,0.8323,0.7334
p0158,heldout,2,accepted,code,587,1.226,1.047
p0158,heldout,4,accepted,code,587,1.186,1.074
p0159,heldout,4,accepted,code,327,1.215,1.258
p0161,heldout,2,accepted,maths,267,0.8395,0.685
p0162,heldout,1,accepted,maths,318,1.017,0.8502
p0158,heldout,2,accepted,code,592,1.15,1.036
p0159,heldout,2,rejected,code,332,0.8139,0.7091
p0161,heldout,1,accepted,maths,272,1.057,0.9461
p0158,heldout,1,accepted,code,596,0.9834,0.9839
p0159,heldout,3,accepted,code,334,0.8486,0.7366
p0159,heldout,4,accepted,code,334,1.058,0.9332
p0161,heldout,4,unreached,maths,277,1.083,1.02
p0158,heldout,1,accepted,code,601,1.027,1.009
p0158,heldout,3,unreached,code,601,1.05,1.063
p0161,heldout,1,accepted,maths,280,1.038,0.9616
p0162,heldout,3,unreached,maths,327,0.8414,0.7047
p0162,heldout,4,unreached,maths,327,1.014,0.9581
p0158,heldout,3,accepted,code,603,1.205,1.048
p0158,heldout,4,accepted,code,603,1.329,1.286
p0159,heldout,3,accepted,code,344,0.7582,0.6611
p0161,heldout,1,accepted,maths,285,0.7386,0.5536
p0161,heldout,3,unreached,maths,285,1.081,1.076
p0161,heldout,2,accepted,maths,287,1.099,1.176
p0162,heldout,1,accepted,maths,333,0.5481,0.5194
p0162,heldout,2,accepted,maths,333,0.8952,0.829
p0162,heldout,3,rejected,maths,333,1.085,1
p0162,heldout,4,unreached,maths,333,0.8624,0.7695
p0158,heldout,1,accepted,code,613,1.021,0.88
p0158,heldout,2,accepted,code,613,1.232,1.171
p0162,heldout,2,accepted,maths,336,0.8956,0.7892
p0158,heldout,3,accepted,code,618,1.312,1.134
p0162,heldout,4,accepted,maths,341,1.261,1.278
p0158,heldout,1,accepted,code,623,1.031,0.9849
p0162,heldout,1,accepted,maths,346,0.8059,0.7518
p0167,heldout,3,unreached,maths,107,1.061,0.9153
p0158,heldout,2,accepted,code,628,1.143,1.137
p0162,heldout,1,rejected,maths,348,0.7272,0.635
p0167,heldout,3,accepted,maths,108,0.8351,0.6847
p0167,heldout,4,accepted,maths,108,0.9023,0.7683
p0158,heldout,2,accepted,code,633,0.9397,0.8179
p0158,heldout,4,accepted,code,633,0.9595,0.8455
p0159,heldout,4,rejected,code,370,0.934,0.9559
p0162,heldout,1,rejected,maths,349,0.8331,0.7444
p0162,heldout,3,unreached,maths,349,0.9849,0.8687
p0167,heldout,4,accepted,maths,113,1.128,1.005
p0158,heldout,1,accepted,code,638,1.079,1.058
p0162,heldout,1,accepted,maths,352,0.8471,0.7407
p0167,heldout,1,rejected,maths,123,0.7922,0.7318
p0167,heldout,2,unreached,maths,123,0.8118,0.7236
p0158,heldout,4,accepted,code,648,1.297,1.161
p0162,heldout,2,unreached,maths,355,0.7736,0.7204
p0167,heldout,3,unreached,maths,124,0.8813,0.7933
p0159,heldout,4,rejected,code,387,1.285,1.423
p0167,heldout,1,accepted,maths,125,0.6821,0.7215
p0167,heldout,2,accepted,maths,125,0.7637,0.6766
p0167,heldout,3,rejected,maths,125,0.8936,0.7867
p0159,heldout,1,accepted,code,391,0.8351,0.8115
p0159,heldout,2,accepted,code,391,1.201,1.018
p0162,heldout,1,accepted,maths,358,0.8139,0.7298
p0167,heldout,1,accepted,maths,128,0.7631,0.6611
p0167,heldout,3,accepted,maths,128,0.991,0.915
p0158,heldout,1,accepted,code,663,1.099,0.9462
p0159,heldout,1,accepted,code,396,1.093,1.023
p0159,heldout,2,accepted,code,396,0.9309,0.8566
p0162,heldout,1,accepted,maths,363,0.9624,0.8437
p0162,heldout,2,accepted,maths,363,0.9847,0.8459
p0167,heldout,3,unreached,maths,132,0.7996,0.7149
p0158,heldout,3,accepted,code,668,1.078,1.01
p0158,heldout,4,accepted,code,668,1.177,1.064
p0159,heldout,1,accepted,code,401,1.06,1.094
p0162,heldout,4,rejected,maths,368,0.8009,0.7194
p0167,heldout,3,rejected,maths,133,0.9457,0.8
p0159,heldout,1,accepted,code,406,0.8993,0.8459
p0162,heldout,3,accepted,maths,372,0.9409,0.8977
p0167,heldout,1,accepted,maths,136,0.8775,0.7238
p0167,heldout,2,accepted,maths,136,0.8828,0.8097
p0158,heldout,4,accepted,code,678,1.363,1.162
p0159,heldout,1,accepted,code,411,1.015,0.9599
p0162,heldout,1,accepted,maths,376,0.7885,0.7472
p0162,heldout,3,accepted,maths,376,1.13,1.142
p0162,heldout,4,accepted,maths,376,1.127,1.086
p0167,heldout,1,accepted,maths,141,1.072,1.044
p0167,heldout,4,accepted,maths,141,0.9938,0.8694
p0159,heldout,1,accepted,code,416,0.6712,0.5848
p0162,heldout,4,accepted,maths,381,1.09,1.07
p0167,heldout,1,accepted,maths,146,0.5113,0.3994
p0159,heldout,3,accepted,code,421,0.9361,0.9
p0162,heldout,2,accepted,maths,386,1.128,1.026
p0162,heldout,3,accepted,maths,386,1.113,1.035
p0168,heldout,1,accepted,maths,51,1.172,1.056
p0159,heldout,1,accepted,code,426,0.8841,0.7919
p0162,heldout,4,accepted,maths,391,1.224,1.146
p0159,heldout,1,accepted,code,431,1.146,1.003
p0159,heldout,2,accepted,code,431,0.678,0.5992
p0159,heldout,4,accepted,code,431,0.8709,0.8454
p0162,heldout,4,accepted,maths,396,1.095,0.9688
p0167,heldout,2,unreached,maths,158,0.9659,0.8783
p0168,heldout,3,accepted,maths,60,1.072,0.9753
p0159,heldout,2,accepted,code,436,0.831,0.7259
p0167,heldout,2,rejected,maths,159,1.054,0.9913
p0168,heldout,2,accepted,maths,65,1.121,1.029
p0159,heldout,1,accepted,code,441,0.8984,0.779
p0162,heldout,3,accepted,maths,406,1.148,1.032
p0167,heldout,2,accepted,maths,161,1.104,0.9832
p0159,heldout,1,rejected,code,443,1.053,0.8513
p0167,heldout,4,accepted,maths,166,1.018,0.9524
p0168,heldout,4,unreached,maths,75,0.9527,0.9334
p0159,heldout,2,accepted,code,444,0.7572,0.6842
p0167,heldout,1,accepted,maths,171,0.8013,0.7685
p0168,heldout,2,rejected,maths,78,0.9318,0.99
p0168,heldout,3,unreached,maths,78,1.083,1.161
p0159,heldout,3,unreached,code,447,1.184,1.131
p0159,heldout,4,unreached,code,447,1.16,1.129
p0162,heldout,3,accepted,maths,421,1.014,0.9178
p0167,heldout,1,accepted,maths,176,1.12,0.9339
p0168,heldout,1,accepted,maths,80,0.9855,0.923
p0168,heldout,4,accepted,maths,80,0.9639,0.8669
p0159,heldout,2,accepted,code,448,1.042,1.027
p0162,heldout,1,accepted,maths,425,0.8009,0.7533
p0162,heldout,2,accepted,maths,425,0.8151,0.8093
p0167,heldout,1,accepted,maths,178,0.9422,0.8487
p0168,heldout,1,accepted,maths,85,0.7483,0.7266
p0159,heldout,4,unreached,code,453,1.039,0.9952
p0162,heldout,1,accepted,maths,430,1.04,0.9694
p0167,heldout,3,accepted,maths,182,1.001,0.86
p0162,heldout,4,accepted,maths,435,1.32,1.218
p0168,heldout,3,unreached,maths,92,1.093,1.042
p0162,heldout,1,accepted,maths,440,0.9124,0.7904
p0162,heldout,4,accepted,maths,440,1.24,1.115
p0167,heldout,3,unreached,maths,190,1.027,0.9844
p0168,heldout,2,accepted,maths,93,1.072,1.014
p0168,heldout,3,accepted,maths,93,1.182,1.117
p0168,heldout,4,accepted,maths,93,1.236,1.254
p0162,heldout,1,accepted,maths,445,0.6507,0.5292
p0162,heldout,2,accepted,maths,445,0.8525,0.6307
p0167,heldout,1,accepted,maths,191,0.8874,0.7307
p0167,heldout,2,accepted,maths,191,0.6865,0.5587
p0168,heldout,1,rejected,maths,98,0.7887,0.7082
p0162,heldout,2,accepted,maths,450,1.146,0.9567
p0162,heldout,3,rejected,maths,450,1.405,1.238
p0168,heldout,1,accepted,maths,99,0.9298,0.8783
p0162,heldout,1,accepted,maths,453,1.065,0.9237
p0167,heldout,4,accepted,maths,201,0.9936,0.9437
p0167,heldout,1,accepted,maths,206,0.83,0.7307
p0167,heldout,2,accepted,maths,206,0.9861,0.8309
p0167,heldout,3,accepted,maths,206,0.9625,0.7644
p0168,heldout,1,accepted,maths,109,1.044,0.8824
p0168,heldout,4,accepted,maths,109,1.002,0.8809
p0162,heldout,3,accepted,maths,463,1.125,0.9851
p0167,heldout,2,accepted,maths,211,0.952,0.8496
p0167,heldout,3,accepted,maths,211,1.036,0.893
p0162,heldout,3,accepted,maths,468,1.132,0.9611
p0168,heldout,2,accepted,maths,116,0.9999,0.866
p0162,heldout,1,accepted,maths,473,0.8472,0.8104
p0162,heldout,3,accepted,maths,473,1.151,1.184
p0162,heldout,4,accepted,maths,473,1.291,1.143
p0168,heldout,2,accepted,maths,121,0.9865,0.8526
p0167,heldout,1,accepted,maths,223,0.545,0.3952
p0168,heldout,4,accepted,maths,126,1.025,0.9665
p0167,heldout,1,accepted,maths,228,0.7936,0.7715
p0168,heldout,2,accepted,maths,131,1.073,1.067
p0162,heldout,1,accepted,maths,485,0.7901,0.6729
p0167,heldout,4,accepted,maths,230,1.178,1.051
p0168,heldout,3,accepted,maths,136,1.098,1.053
p0162,heldout,1,accepted,maths,487,0.7031,0.5772
p0162,heldout,3,accepted,maths,487,1.116,1.076
p0167,heldout,2,accepted,maths,235,1.096,1.067
p0168,heldout,1,accepted,maths,141,1.068,1.081
p0168,heldout,2,accepted,maths,141,0.8682,0.7982
p0168,heldout,4,accepted,maths,141,1.074,0.9693
p0162,heldout,2,accepted,maths,492,0.7152,0.6996
p0162,heldout,3,rejected,maths,492,0.7973,0.7568
p0162,heldout,4,unreached,maths,492,0.8925,0.7782
p0167,heldout,2,accepted,maths,240,1.022,0.9104
p0162,heldout,3,accepted,maths,495,0.7945,0.7182
p0168,heldout,3,accepted,maths,151,0.9939,0.8898
p0162,heldout,4,rejected,maths,499,0.9321,0.8439
p0162,heldout,1,accepted,maths,503,1.074,1.039
p0162,heldout,2,accepted,maths,503,1.191,1.192
p0162,heldout,4,unreached,maths,503,0.9426,0.9509
p0167,heldout,3,accepted,maths,254,1.137,1.027
p0167,heldout,4,accepted,maths,254,1.209,1.103
p0168,heldout,1,accepted,maths,161,0.9379,0.7908
p0162,heldout,3,unreached,maths,506,0.9422,0.9437
p0162,heldout,4,unreached,maths,506,1.123,1.142
p0167,heldout,2,accepted,maths,259,1.071,0.9841
p0168,heldout,3,accepted,maths,166,1.142,1.066
p0162,heldout,4,rejected,maths,508,1.056,0.9855
p0167,heldout,2,accepted,maths,262,0.9572,0.9943
p0168,heldout,2,accepted,maths,176,1.047,0.9991
p0168,heldout,4,accepted,maths,176,0.9852,0.9597
p0167,heldout,1,accepted,maths,270,0.6194,0.4414
p0167,heldout,2,accepted,maths,270,0.7439,0.5883
p0167,heldout,4,accepted,maths,270,1.039,0.9447
p0168,heldout,1,accepted,maths,181,1.148,0.9713
p0168,heldout,2,accepted,maths,181,1.259,1.148
p0168,heldout,3,accepted,maths,186,1.159,0.9909
p0172,heldout,3,accepted,maths,58,1.225,1.112
p0168,heldout,1,accepted,maths,191,0.8964,0.7607
p0172,heldout,1,accepted,maths,68,1.349,1.197
p0173,heldout,4,accepted,maths,57,1.286,1.119
p0167,heldout,2,accepted,maths,290,0.7633,0.7544
p0168,heldout,3,accepted,maths,201,1.054,0.9269
p0168,heldout,4,accepted,maths,201,1.103,1.058
p0167,heldout,1,accepted,maths,295,0.838,0.6574
p0168,heldout,4,accepted,maths,206,1.122,1.008
p0172,heldout,2,accepted,maths,78,1.245,1.254
p0167,heldout,2,accepted,maths,298,0.8051,0.6289
p0172,heldout,1,accepted,maths,83,0.7451,0.66
p0167,heldout,3,accepted,maths,303,1.025,0.8618
p0167,heldout,4,accepted,maths,303,0.9105,0.8687
p0168,heldout,4,accepted,maths,216,1.187,1.111
p0172,heldout,3,unreached,maths,88,1.099,0.9644
p0172,heldout,4,unreached,maths,88,1.031,0.9382
p0173,heldout,3,accepted,maths,76,1.297,1.296
p0168,heldout,2,accepted,maths,221,1.062,0.9588
p0172,heldout,2,accepted,maths,89,1.012,0.8661
p0172,heldout,4,rejected,maths,89,0.9342,0.8958
p0173,heldout,2,rejected,maths,81,0.8534,0.7438
p0173,heldout,3,unreached,maths,81,0.8437,0.7802
p0173,heldout,4,unreached,maths,81,0.9138,0.7917
p0168,heldout,1,accepted,maths,226,1.094,1.035
p0168,heldout,2,accepted,maths,226,1.052,1.058
p0168,heldout,3,accepted,maths,226,0.9163,0.8362
p0172,heldout,3,accepted,maths,93,1.191,1.099
p0167,heldout,3,accepted,maths,318,1.049,0.9763
p0168,heldout,3,accepted,maths,231,1.26,1.162
p0173,heldout,2,accepted,maths,85,1.09,1.038
p0167,heldout,1,accepted,maths,323,1.115,1.057
p0167,heldout,4,accepted,maths,323,1.108,1.06
p0168,heldout,1,accepted,maths,236,0.9509,0.7822
p0168,heldout,2,accepted,maths,236,1.252,1.093
p0172,heldout,1,accepted,maths,103,1.063,0.9357
p0173,heldout,4,accepted,maths,90,1.296,1.175
p0167,heldout,2,rejected,maths,328,0.8723,0.8211
p0168,heldout,1,accepted,maths,241,1.233,1.146
p0168,heldout,4,accepted,maths,241,1.152,1.115
p0172,heldout,1,accepted,maths,108,0.822,0.6728
p0172,heldout,2,accepted,maths,108,1.072,0.966
p0172,heldout,4,unreached,maths,108,0.9813,0.8764
p0173,heldout,2,accepted,maths,95,0.8938,0.7154
p0167,heldout,2,rejected,maths,330,1.175,1.107
p0173,heldout,1,accepted,maths,100,1.099,0.9392
p0168,heldout,2,accepted,maths,251,1.257,1.08
p0173,heldout,3,accepted,maths,105,1.02,0.9183
p0167,heldout,2,accepted,maths,337,1.001,0.8826
p0167,heldout,3,rejected,maths,337,0.9856,0.8873
p0168,heldout,1,accepted,maths,256,0.8823,0.7531
p0168,heldout,4,rejected,maths,256,0.9298,0.8622
p0173,heldout,1,rejected,maths,109,0.7332,0.6991
p0173,heldout,2,unreached,maths,109,0.8631,0.8282
p0173,heldout,2,accepted,maths,110,0.7376,0.6336
p0173,heldout,3,accepted,maths,110,0.9614,0.8765
p0167,heldout,2,accepted,maths,343,1.252,1.144
p0168,heldout,1,accepted,maths,263,0.8941,0.8104
p0167,heldout,3,accepted,maths,348,1.116,1.013
p0172,heldout,3,accepted,maths,135,0.6551,0.5755
p0172,heldout,1,accepted,maths,139,0.5316,0.4628
p0173,heldout,2,accepted,maths,125,0.8191,0.7259
p0167,heldout,1,accepted,maths,358,0.9789,0.8664
p0168,heldout,2,accepted,maths,274,1.139,1.041
p0168,heldout,3,accepted,maths,274,1.115,1.122
p0168,heldout,4,accepted,maths,274,1.15,1.138
p0172,heldout,2,accepted,maths,141,0.8952,0.8204
p0173,heldout,2,accepted,maths,129,1.056,1.016
p0167,heldout,3,accepted,maths,363,1.203,1.212
p0172,heldout,1,accepted,maths,146,0.965,0.8286
p0173,heldout,2,accepted,maths,134,1.126,0.9757
p0173,heldout,3,accepted,maths,134,0.9187,0.7949
p0167,heldout,2,rejected,maths,368,0.8569,0.8446
p0172,heldout,2,accepted,maths,151,0.78,0.6685
p0172,heldout,4,unreached,maths,151,0.9929,0.9221
p0167,heldout,4,unreached,maths,370,0.9658,0.9375
p0168,heldout,4,accepted,maths,288,1.103,1.05
p0172,heldout,1,accepted,maths,154,0.937,0.9361
p0172,heldout,2,accepted,maths,154,0.9855,0.8831
p0173,heldout,3,unreached,maths,143,1.055,0.9737
p0173,heldout,4,unreached,maths,143,1.18,1.115
p0167,heldout,1,accepted,maths,373,0.7604,0.6196
p0168,heldout,3,accepted,maths,293,0.9638,0.8824
p0172,heldout,1,accepted,maths,158,0.5416,0.4081
p0173,heldout,4,accepted,maths,144,1.186,1.14
p0167,heldout,4,accepted,maths,378,1.011,0.9339
p0172,heldout,1,accepted,maths,160,0.6999,0.6026
p0173,heldout,1,accepted,maths,149,0.8583,0.8455
p0173,heldout,3,accepted,maths,154,0.9004,0.8014
p0167,heldout,1,accepted,maths,385,0.716,0.5906
p0167,heldout,4,unreached,maths,385,0.8737,0.8474
p0168,heldout,2,accepted,maths,308,0.9865,0.9123
p0168,heldout,3,accepted,maths,308,1.086,0.9491
p0168,heldout,4,accepted,maths,308,1.089,1.065
p0172,heldout,1,accepted,maths,170,0.9079,0.8018
p0172,heldout,4,accepted,maths,175,1.254,1.108
p0173,heldout,1,accepted,maths,164,0.9294,0.8819
p0167,heldout,4,rejected,maths,389,0.9215,0.7914
p0168,heldout,4,accepted,maths,318,1.221,1.114
p0167,heldout,4,accepted,maths,393,0.8608,0.7523
p0168,heldout,2,accepted,maths,323,1.199,1.07
p0172,heldout,2,accepted,maths,184,1.18,1.157
p0167,heldout,3,rejected,maths,398,0.8605,0.8303
p0168,heldout,4,accepted,maths,328,1.113,0.9519
p0173,heldout,3,rejected,maths,173,1.038,1.021
p0167,heldout,2,accepted,maths,401,0.8892,0.7542
p0168,heldout,3,unreached,maths,338,1.154,0.983
p0172,heldout,1,accepted,maths,198,0.8697,0.6757
p0172,heldout,2,accepted,maths,198,0.8197,0.7383
p0173,heldout,2,accepted,maths,178,1.1,1.041
p0173,heldout,4,accepted,maths,178,1.181,1.123
p0167,heldout,2,accepted,maths,407,1.09,0.9538
p0172,heldout,3,accepted,maths,203,0.8885,0.8405
p0173,heldout,3,accepted,maths,183,1.033,0.9751
p0173,heldout,4,accepted,maths,183,1.07,1.006
p0168,heldout,3,accepted,maths,345,1.07,1.08
p0173,heldout,3,rejected,maths,188,1.119,1.034
p0172,heldout,1,rejected,maths,212,0.6442,0.5643
p0173,heldout,3,rejected,maths,191,0.9345,0.8768
p0167,heldout,3,unreached,maths,421,1.135,1.071
p0168,heldout,1,accepted,maths,355,0.7499,0.6396
p0167,heldout,2,accepted,maths,423,1.104,1.104
p0167,heldout,4,accepted,maths,423,1.059,0.9182
p0168,heldout,1,accepted,maths,360,0.8325,0.6906
p0172,heldout,2,unreached,maths,214,0.924,0.8548
p0172,heldout,4,unreached,maths,214,0.9963,0.9139
p0173,heldout,3,unreached,maths,199,0.9448,0.8842
p0173,heldout,4,unreached,maths,199,1.017,0.9611
p0173,heldout,3,rejected,maths,200,0.9976,0.9279
p0173,heldout,2,accepted,maths,203,0.9835,0.8549
p0173,heldout,3,accepted,maths,203,1.141,1.099
p0176,heldout,4,accepted,maths,128,1.237,1.249
p0173,heldout,2,accepted,maths,208,1.255,1.119
p0172,heldout,2,accepted,maths,230,0.8417,0.804
p0173,heldout,1,accepted,maths,213,0.7389,0.6581
p0173,heldout,4,unreached,maths,213,0.9861,0.9137
p0176,heldout,1,accepted,maths,134,1.04,0.9069
p0176,heldout,3,unreached,maths,134,1.158,1.068
p0172,heldout,3,accepted,maths,235,0.8144,0.7405
p0172,heldout,4,accepted,maths,235,1.16,1.11
p0173,heldout,4,accepted,maths,216,1.092,0.9578
p0172,heldout,1,accepted,maths,240,0.8654,0.7928
p0173,heldout,1,accepted,maths,221,0.8935,0.8006
p0173,heldout,4,accepted,maths,221,1.298,1.124
p0176,heldout,2,accepted,maths,139,0.8901,0.8706
p0176,heldout,3,accepted,maths,144,1.279,1.2
p0173,heldout,1,accepted,maths,229,1.009,0.9615
p0173,heldout,2,accepted,maths,229,1.14,1.071
p0176,heldout,1,accepted,maths,149,1.046,0.981
p0172,heldout,2,rejected,maths,253,0.5777,0.4967
p0176,heldout,3,accepted,maths,153,0.9658,0.8327
p0172,heldout,3,accepted,maths,255,0.9478,0.8913
p0176,heldout,2,accepted,maths,158,0.8896,0.7699
p0176,heldout,4,unreached,maths,158,0.7738,0.7242
p0172,heldout,3,accepted,maths,260,1.168,0.9774
p0172,heldout,4,accepted,maths,260,0.9779,0.8435
p0173,heldout,1,accepted,maths,241,1.155,1.051
p0173,heldout,2,accepted,maths,246,1.083,0.8891
p0176,heldout,2,accepted,maths,164,0.897,0.7811
p0172,heldout,1,rejected,maths,270,0.7644,0.7084
p0172,heldout,2,unreached,maths,270,0.7877,0.6533
p0173,heldout,2,accepted,maths,249,0.9577,0.8625
p0173,heldout,1,accepted,maths,253,0.7611,0.6851
p0172,heldout,2,accepted,maths,276,1.12,1.064
p0173,heldout,2,accepted,maths,255,1.091,0.9635
p0173,heldout,1,accepted,maths,260,0.4643,0.3746
p0172,heldout,1,accepted,maths,286,1.023,0.8954
p0176,heldout,1,accepted,maths,183,0.9429,0.8477
p0172,heldout,2,accepted,maths,291,1.09,1.061
p0176,heldout,4,accepted,maths,185,1.096,1.002
p0172,heldout,1,accepted,maths,296,0.5325,0.4543
p0173,heldout,3,unreached,maths,270,0.8858,0.8368
p0172,heldout,1,accepted,maths,301,1.132,1.002
p0173,heldout,2,accepted,maths,272,1.074,1.012
p0173,heldout,3,accepted,maths,272,1.156,1.024
p0176,heldout,1,accepted,maths,195,0.9094,0.801
p0176,heldout,2,accepted,maths,195,1.18,1.131
p0172,heldout,3,accepted,maths,306,0.8418,0.7917
p0176,heldout,1,accepted,maths,200,0.7789,0.7185
p0173,heldout,1,rejected,maths,282,0.6857,0.5292
p0176,heldout,1,accepted,maths,202,1.088,0.9568
p0176,heldout,3,accepted,maths,202,1.282,1.206
p0173,heldout,3,accepted,maths,283,1.204,1.133
p0172,heldout,3,rejected,maths,320,0.611,0.5242
p0172,heldout,2,accepted,maths,323,0.7938,0.7091
p0173,heldout,3,accepted,maths,292,1.106,0.9622
p0176,heldout,2,accepted,maths,214,0.9229,0.8258
p0172,heldout,4,accepted,maths,326,1.297,1.16
p0173,heldout,1,accepted,maths,297,0.9556,0.8219
p0173,heldout,3,accepted,maths,297,1.147,0.9995
p0173,heldout,1,accepted,maths,302,1.02,0.8623
p0176,heldout,1,accepted,maths,223,0.7169,0.637
p0176,heldout,2,accepted,maths,223,0.9981,0.9035
p0172,heldout,3,accepted,maths,336,1.054,0.9795
p0173,heldout,2,accepted,maths,307,1.064,0.8906
p0176,heldout,1,accepted,maths,228,1.152,0.9984
p0176,heldout,2,accepted,maths,228,1.087,0.95
p0172,heldout,3,rejected,maths,341,1.126,1.067
p0172,heldout,4,unreached,maths,341,1.175,1.082
p0173,heldout,1,accepted,maths,312,0.924,0.8148
p0176,heldout,3,accepted,maths,233,0.7752,0.5997
p0176,heldout,4,accepted,maths,233,1.045,0.9101
p0172,heldout,2,accepted,maths,344,1.096,0.9408
p0172,heldout,3,accepted,maths,344,1.093,1.013
p0172,heldout,4,accepted,maths,344,1.233,1.147
p0173,heldout,1,accepted,maths,317,0.9527,0.7559
p0176,heldout,3,unreached,maths,238,0.9552,0.8951
p0176,heldout,4,unreached,maths,239,0.9911,0.9088
p0173,heldout,4,accepted,maths,327,1.127,0.9637
p0176,heldout,2,accepted,maths,240,1.126,1.019
p0176,heldout,4,accepted,maths,240,1.054,0.9388
p0173,heldout,1,accepted,maths,332,0.9091,0.8083
p0173,heldout,4,accepted,maths,332,1.072,0.9932
p0176,heldout,3,unreached,maths,245,0.9681,0.9489
p0176,heldout,4,unreached,maths,245,1.292,1.126
p0178,heldout,1,rejected,maths,63,0.9374,0.7939
p0178,heldout,3,unreached,maths,63,1.128,0.9983
p0172,heldout,4,accepted,maths,363,1.258,1.099
p0176,heldout,2,accepted,maths,247,0.8791,0.7396
p0176,heldout,3,accepted,maths,247,0.8551,0.8447
p0176,heldout,4,accepted,maths,247,1.041,1.047
p0172,heldout,1,accepted,maths,368,1.038,1.015
p0172,heldout,4,accepted,maths,368,1.187,1.081
p0173,heldout,2,accepted,maths,342,1.124,1.018
p0173,heldout,3,accepted,maths,342,1.136,1.01
p0176,heldout,2,accepted,maths,252,1.059,0.9408
p0176,heldout,3,accepted,maths,252,0.9824,0.8059
p0172,heldout,4,accepted,maths,373,1.309,1.17
p0173,heldout,2,accepted,maths,346,0.9487,0.8068
p0173,heldout,3,rejected,maths,346,0.9623,0.8099
p0178,heldout,2,accepted,maths,71,0.9262,0.7991
p0178,heldout,1,accepted,maths,76,0.9016,0.7678
p0178,heldout,4,rejected,maths,76,0.8862,0.7655
p0173,heldout,1,accepted,maths,354,1.009,0.9806
p0178,heldout,2,unreached,maths,80,1.203,1.238
p0178,heldout,3,unreached,maths,80,1.015,0.9258
p0173,heldout,2,accepted,maths,357,1.088,0.9873
p0173,heldout,3,accepted,maths,357,1.001,0.9119
p0173,heldout,4,accepted,maths,357,1.247,1.222
p0176,heldout,2,rejected,maths,272,0.8385,0.7194
p0173,heldout,1,accepted,maths,362,0.9927,0.953
p0173,heldout,2,accepted,maths,362,0.8865,0.8709
p0173,heldout,4,rejected,maths,362,0.8168,0.8113
p0176,heldout,1,accepted,maths,274,0.8791,0.7691
p0178,heldout,2,accepted,maths,86,0.9326,0.9695
p0178,heldout,3,accepted,maths,86,0.7586,0.722
p0172,heldout,4,unreached,maths,391,0.8555,0.742
p0176,heldout,1,accepted,maths,278,0.8591,0.715
p0178,heldout,4,accepted,maths,91,1.125,1.072
p0172,heldout,3,accepted,maths,394,0.7699,0.7316
p0173,heldout,2,rejected,maths,371,0.8156,0.7617
p0178,heldout,3,accepted,maths,96,1.209,1.195
p0179,heldout,1,rejected,maths,75,0.9533,0.8005
p0172,heldout,1,accepted,maths,399,1.107,0.9976
p0173,heldout,1,accepted,maths,373,0.797,0.7374
p0173,heldout,2,accepted,maths,373,1.044,0.9116
p0173,heldout,4,accepted,maths,373,1.181,1.121
p0176,heldout,1,accepted,maths,285,0.9994,0.8542
p0176,heldout,3,rejected,maths,285,1.088,0.9386
p0178,heldout,3,accepted,maths,101,1.123,1.041
p0178,heldout,4,accepted,maths,101,1.024,0.9038
p0179,heldout,4,accepted,maths,76,1.208,1.046
p0173,heldout,3,accepted,maths,378,1.045,0.9144
p0173,heldout,4,rejected,maths,378,1.128,1.043
p0178,heldout,4,unreached,maths,106,0.9969,0.9808
p0179,heldout,1,accepted,maths,81,0.8243,0.767
p0179,heldout,2,rejected,maths,81,0.9341,0.9662
p0179,heldout,4,unreached,maths,81,0.9665,0.8896
p0173,heldout,3,accepted,maths,382,1.249,1.188
p0173,heldout,4,accepted,maths,382,1.251,1.115
p0178,heldout,1,accepted,maths,109,0.6824,0.5798
p0178,heldout,4,accepted,maths,109,1.14,1.112
p0179,heldout,3,accepted,maths,83,1.002,0.9305
p0179,heldout,4,accepted,maths,83,1.009,0.9054
p0173,heldout,2,accepted,maths,387,1.222,1.079
p0178,heldout,3,accepted,maths,114,1.16,1.153
p0179,heldout,2,accepted,maths,88,0.9343,0.852
p0173,heldout,2,accepted,maths,392,0.7609,0.6488
p0176,heldout,1,accepted,maths,300,0.9974,0.9344
p0176,heldout,2,rejected,maths,300,0.9294,0.7811
p0178,heldout,1,accepted,maths,119,0.962,0.935
p0178,heldout,3,accepted,maths,119,1.115,1.108
p0179,heldout,4,unreached,maths,92,0.9494,0.8291
p0176,heldout,1,accepted,maths,302,0.9961,0.8253
p0172,heldout,2,accepted,maths,421,0.8937,0.7992
p0172,heldout,4,accepted,maths,421,1.113,1.115
p0176,heldout,1,accepted,maths,305,0.8074,0.7735
p0176,heldout,2,accepted,maths,305,1.107,1.126
p0179,heldout,3,accepted,maths,97,1.085,0.9418
p0172,heldout,2,unreached,maths,426,0.9557,0.8787
p0173,heldout,3,unreached,maths,406,0.7744,0.7286
p0178,heldout,1,accepted,maths,134,1.005,0.8796
p0178,heldout,3,accepted,maths,134,1.178,1.115
p0179,heldout,3,accepted,maths,102,1.128,1.033
p0173,heldout,1,accepted,maths,407,0.9042,0.8272
p0173,heldout,4,accepted,maths,407,1.071,0.9839
p0178,heldout,3,accepted,maths,139,1.238,1.211
p0179,heldout,1,accepted,maths,107,1.057,0.9609
p0179,heldout,4,unreached,maths,107,0.8714,0.8175
p0173,heldout,1,accepted,maths,412,0.5958,0.5161
p0173,heldout,2,accepted,maths,412,0.8473,0.7429
p0173,heldout,4,accepted,maths,412,1.118,1.075
p0178,heldout,1,accepted,maths,144,1.098,0.9955
p0179,heldout,3,unreached,maths,110,0.7658,0.6885
p0180,heldout,1,accepted,maths,88,0.9747,0.8272
p0180,heldout,2,rejected,maths,88,1.044,0.9551
p0180,heldout,3,unreached,maths,88,1.06,0.9407
p0172,heldout,1,accepted,maths,434,0.9579,0.8847
p0173,heldout,1,accepted,maths,417,0.9108,0.8105
p0173,heldout,4,accepted,maths,417,1.341,1.252
p0180,heldout,1,accepted,maths,90,0.8309,0.7408
p0180,heldout,3,accepted,maths,90,0.8559,0.7388
p0173,heldout,2,accepted,maths,422,1.19,1.056
p0179,heldout,1,accepted,maths,117,0.9791,0.8647
p0172,heldout,2,accepted,maths,439,0.8807,0.8079
p0172,heldout,4,unreached,maths,439,0.8934,0.7509
p0173,heldout,2,accepted,maths,425,1.082,0.9376
p0173,heldout,3,accepted,maths,425,1.037,0.9551
p0179,heldout,1,accepted,maths,122,0.7498,0.5762
p0176,heldout,1,accepted,maths,339,0.8817,0.8054
p0176,heldout,4,accepted,maths,339,0.9057,0.7986
p0178,heldout,2,accepted,maths,164,1.095,0.943
p0179,heldout,3,rejected,maths,127,1.107,1.053
p0179,heldout,4,unreached,maths,127,1.192,1.096
p0180,heldout,2,accepted,maths,103,1.102,0.9649
p0180,heldout,3,accepted,maths,103,1.009,0.883
p0173,heldout,1,accepted,maths,435,1.078,0.8995
p0173,heldout,3,accepted,maths,435,0.8612,0.8059
p0176,heldout,2,accepted,maths,344,1.132,1.025
p0178,heldout,2,accepted,maths,168,1.002,0.8915
p0179,heldout,3,accepted,maths,130,0.9716,0.8743
p0179,heldout,4,accepted,maths,130,1.1,1.087
p0180,heldout,2,accepted,maths,108,1.132,1.029
p0180,heldout,4,accepted,maths,108,1.183,1.052
p0181,heldout,2,accepted,maths,79,1.033,0.9415
p0181,heldout,4,unreached,maths,79,1.131,0.996
p0178,heldout,2,accepted,maths,173,0.8512,0.8366
p0179,heldout,2,rejected,maths,135,0.8726,0.8064
p0179,heldout,3,unreached,maths,135,1.104,1.08
p0180,heldout,1,accepted,maths,113,0.8972,0.8141
p0180,heldout,2,accepted,maths,113,0.9546,0.8347
p0180,heldout,4,accepted,maths,113,1.054,0.9098
p0181,heldout,2,unreached,maths,82,1.065,1.003
p0176,heldout,4,accepted,maths,354,0.9759,0.8969
p0179,heldout,2,accepted,maths,137,1.073,0.9393
p0179,heldout,3,accepted,maths,137,1.148,1.112
p0180,heldout,2,accepted,maths,118,1.028,0.9851
p0180,heldout,4,rejected,maths,118,0.9941,0.868
p0178,heldout,3,accepted,maths,183,0.8406,0.7575
p0180,heldout,2,rejected,maths,122,0.9946,0.9056
p0181,heldout,3,rejected,maths,87,1.053,0.9339
p0176,heldout,2,accepted,maths,364,0.7881,0.5908
p0178,heldout,1,accepted,maths,188,1.164,0.9797
p0181,heldout,3,unreached,maths,90,1.017,0.8972
p0181,heldout,4,unreached,maths,90,1.328,1.262
p0176,heldout,4,accepted,maths,369,1.157,1.151
p0178,heldout,3,accepted,maths,193,0.8834,0.7891
p0178,heldout,4,accepted,maths,193,1,0.9565
p0179,heldout,1,accepted,maths,151,0.7808,0.6948
p0180,heldout,2,accepted,maths,128,0.8198,0.6913
p0181,heldout,3,accepted,maths,92,1.304,1.225
p0179,heldout,2,accepted,maths,154,1.157,1.116
p0180,heldout,2,accepted,maths,133,0.7984,0.7063
p0180,heldout,4,accepted,maths,133,1.08,1.029
p0178,heldout,1,accepted,maths,203,0.8984,0.7725
p0179,heldout,1,accepted,maths,159,0.9218,0.7773
p0180,heldout,2,accepted,maths,138,1.115,1.048
p0180,heldout,3,accepted,maths,143,1.002,0.9146
p0181,heldout,1,accepted,maths,105,0.9068,0.8575
p0181,heldout,3,accepted,maths,105,0.9444,0.7988
p0181,heldout,4,accepted,maths,105,1.135,1.004
p0178,heldout,1,accepted,maths,213,0.741,0.6825
p0179,heldout,3,accepted,maths,166,0.9111,0.8173
p0180,heldout,2,accepted,maths,148,0.9192,0.7847
p0179,heldout,3,accepted,maths,171,1.077,1.028
p0181,heldout,1,accepted,maths,115,0.8893,0.778
p0183,heldout,4,unreached,maths,72,1.01,0.8779
p0178,heldout,2,accepted,maths,220,1.151,1.239
p0178,heldout,4,rejected,maths,220,0.9592,0.8458
p0180,heldout,4,accepted,maths,158,1.262,1.149
p0178,heldout,2,accepted,maths,224,1.029,0.9838
p0179,heldout,4,accepted,maths,181,1.023,0.9354
p0180,heldout,2,unreached,maths,163,1.111,1.11
p0183,heldout,1,accepted,maths,76,0.7856,0.7034
p0183,heldout,2,rejected,maths,76,0.9552,0.8085
p0183,heldout,3,unreached,maths,76,1.004,0.9189
p0178,heldout,1,accepted,maths,228,1,0.9745
p0178,heldout,3,rejected,maths,228,0.9574,0.9325
p0180,heldout,2,accepted,maths,164,1.094,1.018
p0183,heldout,1,accepted,maths,78,1.019,0.913
p0179,heldout,2,accepted,maths,191,1.075,0.953
p0179,heldout,3,accepted,maths,191,1.159,1.095
p0179,heldout,4,accepted,maths,191,1.255,1.165
p0180,heldout,2,accepted,maths,169,1.033,0.9291
p0180,heldout,4,accepted,maths,169,1.334,1.324
p0181,heldout,1,accepted,maths,127,1.032,0.8643
p0181,heldout,3,accepted,maths,127,0.9732,0.8232
p0181,heldout,4,accepted,maths,127,1.039,0.9539
p0178,heldout,2,accepted,maths,236,1.093,1.046
p0178,heldout,3,accepted,maths,236,1.116,1.134
p0178,heldout,4,accepted,maths,236,0.9858,0.9549
p0179,heldout,4,accepted,maths,196,1.263,1.096
p0180,heldout,1,accepted,maths,174,1.03,0.8841
p0181,heldout,4,unreached,maths,132,0.8826,0.8378
p0179,heldout,4,accepted,maths,201,0.9217,0.7232
p0180,heldout,2,accepted,maths,179,0.9491,0.8377
p0180,heldout,4,accepted,maths,179,1.242,1.117
p0181,heldout,3,accepted,maths,135,0.8464,0.7394
p0183,heldout,3,rejected,maths,92,0.981,0.8689
p0178,heldout,2,accepted,maths,246,1.069,1.096
p0179,heldout,1,accepted,maths,206,0.8989,0.8058
p0179,heldout,4,accepted,maths,206,0.8897,0.7405
p0180,heldout,1,accepted,maths,184,1.147,0.9831
p0181,heldout,4,unreached,maths,140,1.185,1.084
p0183,heldout,1,rejected,maths,95,0.8597,0.7119
p0183,heldout,3,unreached,maths,95,0.8075,0.6882
p0179,heldout,2,accepted,maths,211,0.9076,0.7908
p0179,heldout,4,accepted,maths,211,1.126,1.014
p0180,heldout,2,accepted,maths,186,1.047,0.9651
p0179,heldout,1,accepted,maths,216,0.9402,0.8114
p0179,heldout,2,accepted,maths,216,0.6396,0.5814
p0179,heldout,4,accepted,maths,216,1.106,0.9675
p0180,heldout,4,accepted,maths,190,1.086,0.9364
p0181,heldout,2,accepted,maths,147,1.077,1.013
p0181,heldout,4,accepted,maths,147,1.043,0.9242
p0179,heldout,2,unreached,maths,221,0.8028,0.7021
p0181,heldout,3,accepted,maths,152,0.9482,0.805
p0183,heldout,4,rejected,maths,104,0.9282,0.8426
p0178,heldout,2,accepted,maths,263,1.234,1.15
p0179,heldout,1,accepted,maths,222,0.7843,0.7015
p0180,heldout,2,rejected,maths,200,0.638,0.5449
p0181,heldout,1,accepted,maths,157,0.8341,0.6611
p0181,heldout,4,accepted,maths,157,1.138,1.059
p0183,heldout,1,accepted,maths,108,0.9306,0.886
p0183,heldout,3,rejected,maths,108,0.9152,0.8167
p0185,heldout,2,accepted,maths,69,1.166,1.041
p0179,heldout,4,unreached,maths,226,0.962,0.8417
p0180,heldout,1,rejected,maths,202,0.7337,0.6898
p0181,heldout,1,accepted,maths,162,1.225,1.048
p0185,heldout,2,accepted,maths,74,0.9925,0.8584
p0185,heldout,4,rejected,maths,74,1.027,0.9098
p0178,heldout,3,accepted,maths,269,1.065,1.058
p0179,heldout,1,accepted,maths,228,0.8061,0.6467
p0181,heldout,3,accepted,maths,167,1.062,1.001
p0183,heldout,1,accepted,maths,116,0.8099,0.7461
p0185,heldout,4,accepted,maths,78,1.324,1.324
p0178,heldout,3,accepted,maths,274,1.159,1.108
p0180,heldout,4,rejected,maths,207,1.119,1.047
p0179,heldout,1,accepted,maths,238,0.8685,0.709
p0181,heldout,1,accepted,maths,174,0.7488,0.5981
p0181,heldout,2,accepted,maths,174,0.8769,0.7816
p0183,heldout,2,accepted,maths,126,0.8883,0.8501
p0183,heldout,3,accepted,maths,126,1.091,0.9699
p0179,heldout,1,accepted,maths,243,0.9465,0.9059
p0179,heldout,2,accepted,maths,243,1.078,0.9612
p0181,heldout,3,unreached,maths,178,1.115,1.083
p0183,heldout,3,accepted,maths,131,1.046,1.024
p0179,heldout,2,accepted,maths,248,1.159,1.041
p0179,heldout,4,unreached,maths,248,1.221,1.063
p0181,heldout,1,accepted,maths,179,1.016,0.9551
p0181,heldout,2,accepted,maths,179,1.099,0.9823
p0183,heldout,3,accepted,maths,136,1.12,0.9857
p0185,heldout,4,unreached,maths,93,0.9895,0.8617
p0179,heldout,3,accepted,maths,251,0.9845,0.8942
p0180,heldout,1,accepted,maths,224,0.8814,0.7471
p0180,heldout,3,accepted,maths,224,0.9629,0.8382
p0183,heldout,3,accepted,maths,141,0.9574,0.9269
p0180,heldout,3,accepted,maths,229,0.9043,0.8006
p0180,heldout,4,accepted,maths,229,1.083,0.9256
p0183,heldout,4,unreached,maths,146,1.157,1.046
p0185,heldout,1,accepted,maths,100,0.8889,0.7295
p0185,heldout,3,rejected,maths,100,1.041,1.011
p0180,heldout,3,accepted,maths,234,0.9294,0.8136
p0181,heldout,3,accepted,maths,194,1.19,1.122
p0183,heldout,1,rejected,maths,149,0.9003,0.7697
p0183,heldout,2,unreached,maths,149,0.8855,0.7462
p0183,heldout,4,unreached,maths,149,0.9528,0.7828
p0185,heldout,4,unreached,maths,106,0.9544,0.983
p0186,heldout,3,unreached,maths,109,0.869,0.8212
p0186,heldout,4,unreached,maths,109,0.8961,0.9
p0179,heldout,2,accepted,maths,269,1.053,0.947
p0179,heldout,3,accepted,maths,269,0.8953,0.6999
p0183,heldout,2,accepted,maths,155,1.2,1.257
p0183,heldout,3,rejected,maths,155,1.053,1.166
p0183,heldout,4,unreached,maths,155,0.9639,0.9271
p0185,heldout,1,accepted,maths,107,1.165,1.045
p0180,heldout,2,accepted,maths,247,1.134,1.02
p0185,heldout,2,accepted,maths,112,1.045,1.015
p0185,heldout,4,accepted,maths,112,1.24,1.139
p0186,heldout,1,accepted,maths,113,1.241,1.201
p0179,heldout,1,accepted,maths,279,0.7313,0.6977
p0179,heldout,4,unreached,maths,279,1.134,1.052
p0180,heldout,1,accepted,maths,252,0.5601,0.4142
p0185,heldout,2,accepted,maths,117,1.052,1.003
p0186,heldout,1,accepted,maths,117,0.8432,0.7627
p0179,heldout,2,accepted,maths,282,1.113,1.128
p0180,heldout,1,accepted,maths,257,0.5627,0.4119
p0180,heldout,2,accepted,maths,257,0.7538,0.6468
p0180,heldout,4,unreached,maths,257,0.8869,0.7341
p0181,heldout,1,accepted,maths,218,0.6386,0.5696
p0181,heldout,2,accepted,maths,218,0.9606,0.8225
p0183,heldout,1,accepted,maths,168,1.121,1.075
p0183,heldout,3,accepted,maths,168,1.128,1.055
p0185,heldout,2,accepted,maths,122,1.135,1.032
p0186,heldout,1,accepted,maths,122,0.9307,0.7847
p0179,heldout,1,accepted,maths,287,1.073,1.075
p0180,heldout,4,unreached,maths,260,1.094,1.045
p0181,heldout,4,unreached,maths,223,1.096,0.8991
p0183,heldout,3,accepted,maths,173,1.27,1.22
p0185,heldout,1,accepted,maths,126,0.9723,0.8625
p0185,heldout,2,accepted,maths,126,1.04,1.001
p0180,heldout,2,accepted,maths,262,1.065,1.038
p0183,heldout,1,rejected,maths,178,0.885,0.8995
p0183,heldout,2,unreached,maths,178,1.22,1.119
p0183,heldout,3,unreached,maths,178,1.187,1.057
p0183,heldout,4,unreached,maths,178,1.091,1.163
p0185,heldout,1,accepted,maths,131,0.8398,0.7533
p0185,heldout,3,accepted,maths,131,1.091,1.083
p0186,heldout,1,accepted,maths,129,0.8055,0.6658
p0186,heldout,2,accepted,maths,129,0.9205,0.8512
p0186,heldout,4,accepted,maths,129,1.012,0.8874
p0181,heldout,2,unreached,maths,229,0.9479,0.8366
p0183,heldout,3,unreached,maths,179,1.008,0.9177
p0186,heldout,3,accepted,maths,134,1.239,1.092
p0186,heldout,4,accepted,maths,134,1.322,1.199
p0180,heldout,2,accepted,maths,267,1.134,1.047
p0181,heldout,4,rejected,maths,230,1.036,0.9478
p0183,heldout,4,unreached,maths,180,1.118,1.083
p0179,heldout,4,accepted,maths,303,1.08,1.111
p0181,heldout,2,accepted,maths,234,0.9672,0.7746
p0183,heldout,1,accepted,maths,182,0.8821,0.8554
p0186,heldout,3,unreached,maths,144,0.82,0.7463
p0179,heldout,1,accepted,maths,308,0.912,0.7907
p0179,heldout,4,accepted,maths,308,1.335,1.253
p0180,heldout,1,accepted,maths,277,1.181,1.191
p0181,heldout,2,accepted,maths,238,0.9532,0.8254
p0180,heldout,3,accepted,maths,279,0.8754,0.7523
p0183,heldout,2,accepted,maths,191,1.098,1.028
p0183,heldout,4,accepted,maths,191,1.158,1.068
p0185,heldout,1,accepted,maths,156,0.9568,0.8559
p0185,heldout,2,accepted,maths,156,1.273,1.106
p0185,heldout,3,accepted,maths,156,1.177,1.087
p0186,heldout,2,rejected,maths,146,0.7349,0.6461
p0186,heldout,3,unreached,maths,146,0.7646,0.681
p0179,heldout,2,accepted,maths,318,1.123,1.031
p0181,heldout,2,accepted,maths,248,0.6791,0.5391
p0183,heldout,4,accepted,maths,196,1.211,1.145
p0185,heldout,3,accepted,maths,161,1.126,1.039
p0186,heldout,2,accepted,maths,148,0.8175,0.7739
p0179,heldout,4,accepted,maths,323,1.195,1.074
p0183,heldout,2,accepted,maths,201,1.076,0.8902
p0179,heldout,1,accepted,maths,328,0.974,0.8384
p0179,heldout,2,accepted,maths,328,1.176,1.079
p0181,heldout,1,rejected,maths,256,0.9349,0.8317
p0185,heldout,1,accepted,maths,171,1.058,0.9569
p0185,heldout,4,unreached,maths,171,1.348,1.151
p0186,heldout,3,accepted,maths,158,1.171,1.026
p0181,heldout,1,accepted,maths,257,0.6756,0.5095
p0181,heldout,4,unreached,maths,257,0.8854,0.7546
p0183,heldout,1,accepted,maths,211,0.8845,0.7584
p0181,heldout,1,accepted,maths,259,1.082,0.9417
p0181,heldout,2,rejected,maths,259,0.9479,0.7519
p0181,heldout,4,unreached,maths,259,0.9998,0.9712
p0185,heldout,1,accepted,maths,179,1.085,0.9368
p0185,heldout,2,accepted,maths,179,1.135,1.046
p0187,heldout,2,accepted,maths,61,1.181,1.066
p0187,heldout,3,accepted,maths,61,1.202,1.073
p0187,heldout,4,accepted,maths,61,1.254,1.286
p0179,heldout,1,accepted,maths,343,1.224,1.157
p0179,heldout,3,unreached,maths,343,1.143,1.042
p0179,heldout,4,unreached,maths,343,1.079,0.9601
p0181,heldout,4,accepted,maths,261,1.073,0.9364
p0185,heldout,1,accepted,maths,184,1.129,0.9362
p0185,heldout,3,accepted,maths,184,0.7419,0.6545
p0186,heldout,2,accepted,maths,173,1.297,1.288
p0179,heldout,3,accepted,maths,345,0.9564,0.9119
p0181,heldout,1,accepted,maths,266,0.8839,0.7784
p0183,heldout,4,accepted,maths,226,1.064,0.902
p0186,heldout,1,accepted,maths,178,0.9647,0.8468
p0187,heldout,1,accepted,maths,67,0.9589,0.8316
p0187,heldout,4,accepted,maths,67,1.182,1.075
p0179,heldout,1,accepted,maths,350,0.9017,0.8322
p0181,heldout,3,rejected,maths,268,0.8974,0.7598
p0183,heldout,2,accepted,maths,231,1.194,1.068
p0185,heldout,3,accepted,maths,194,1.18,1.123
p0179,heldout,2,accepted,maths,355,0.9407,0.8531
p0181,heldout,3,unreached,maths,271,1.029,0.9892
p0185,heldout,1,accepted,maths,199,1.001,0.7982
p0185,heldout,2,accepted,maths,199,0.884,0.7507
p0185,heldout,4,unreached,maths,199,1.013,0.7895
p0187,heldout,1,accepted,maths,77,1.226,1.07
p0187,heldout,3,rejected,maths,77,0.9799,0.8679
p0183,heldout,1,accepted,maths,241,1.007,0.8391
p0185,heldout,1,accepted,maths,202,0.869,0.7547
p0185,heldout,3,accepted,maths,202,1.078,1.024
p0183,heldout,2,accepted,maths,246,1.098,0.9212
p0185,heldout,1,accepted,maths,207,0.9883,0.9045
p0186,heldout,2,accepted,maths,193,1.073,1.068
p0186,heldout,4,accepted,maths,193,1.037,0.9911
p0187,heldout,1,accepted,maths,85,0.7897,0.6711
p0181,heldout,2,accepted,maths,280,1.019,0.9028
p0181,heldout,2,accepted,maths,285,1.121,1.037
p0185,heldout,2,accepted,maths,217,1.009,0.845
p0186,heldout,2,accepted,maths,199,0.7221,0.5963
p0186,heldout,3,accepted,maths,199,0.8087,0.718
p0187,heldout,1,accepted,maths,91,0.9326,0.7795
p0187,heldout,2,rejected,maths,91,0.7634,0.6678
p0187,heldout,3,unreached,maths,91,0.9307,0.8561
p0181,heldout,1,accepted,maths,290,0.7959,0.6888
p0183,heldout,4,accepted,maths,261,1.222,1.05
p0185,heldout,4,accepted,maths,222,1.098,0.9869
p0186,heldout,3,accepted,maths,204,1.087,1.104
p0185,heldout,1,accepted,maths,227,0.7766,0.6254
p0186,heldout,1,accepted,maths,209,0.6409,0.5312
p0186,heldout,3,accepted,maths,209,1.028,0.8697
p0183,heldout,2,accepted,maths,271,0.8539,0.7162
p0183,heldout,4,accepted,maths,271,1.114,0.986
p0185,heldout,2,accepted,maths,232,1.058,1.047
p0185,heldout,3,rejected,maths,232,0.9352,0.8993
p0186,heldout,3,unreached,maths,214,1.028,1.006
p0183,heldout,4,accepted,maths,276,1.148,1.085
p0185,heldout,2,accepted,maths,235,0.9183,0.8146
p0187,heldout,1,accepted,maths,105,0.7935,0.6939
p0187,heldout,2,accepted,maths,105,0.8366,0.7965
p0181,heldout,2,rejected,maths,310,1.046,0.9273
p0183,heldout,1,accepted,maths,281,0.9596,0.912
p0186,heldout,1,accepted,maths,216,0.9515,0.9144
p0187,heldout,2,rejected,maths,110,1.042,0.965
p0186,heldout,3,accepted,maths,221,1.05,1.042
p0187,heldout,1,accepted,maths,112,0.964,0.8547
p0181,heldout,4,unreached,maths,317,1.258,1.169
p0186,heldout,2,accepted,maths,226,1,0.9244
p0181,heldout,1,accepted,maths,319,1.135,1.061
p0181,heldout,3,accepted,maths,319,1.031,0.9317
p0183,heldout,1,accepted,maths,294,0.9361,0.79
p0186,heldout,1,accepted,maths,231,1.053,1.054
p0186,heldout,4,accepted,maths,231,1.041,1.062
p0187,heldout,2,accepted,maths,122,1.23,1.066
p0187,heldout,3,accepted,maths,122,1.248,1.142
p0187,heldout,4,accepted,maths,122,1.254,1.192
p0181,heldout,1,accepted,maths,324,0.9584,0.8727
p0187,heldout,2,accepted,maths,127,0.9126,0.7325
p0187,heldout,4,rejected,maths,127,1.214,1.11
p0181,heldout,1,accepted,maths,329,0.9909,0.842
p0183,heldout,2,unreached,maths,302,1.013,0.8835
p0183,heldout,3,unreached,maths,302,1.052,0.9077
p0181,heldout,1,accepted,maths,334,1.153,1.065
p0181,heldout,2,accepted,maths,334,1.148,1.069
p0183,heldout,1,accepted,maths,303,0.6385,0.5432
p0183,heldout,3,rejected,maths,303,1.033,0.8826
p0186,heldout,2,unreached,maths,243,0.6785,0.5987
p0186,heldout,3,unreached,maths,243,0.8238,0.6917
p0181,heldout,1,accepted,maths,339,1.024,0.9363
p0181,heldout,2,accepted,maths,339,1.087,1.031
p0183,heldout,1,accepted,maths,306,0.9532,0.8547
p0186,heldout,3,accepted,maths,244,0.8067,0.6683
p0187,heldout,3,accepted,maths,138,1.172,1.137
p0187,heldout,4,accepted,maths,138,1.177,1.051
p0183,heldout,2,accepted,maths,308,0.9286,0.8483
p0186,heldout,1,accepted,maths,249,1.087,1.029
p0181,heldout,2,accepted,maths,347,1.112,1.047
p0183,heldout,2,accepted,maths,311,0.9075,0.822
p0186,heldout,2,unreached,maths,254,1.059,0.9601
p0186,heldout,4,unreached,maths,254,1.084,0.9078
p0187,heldout,1,rejected,maths,148,1.099,0.9844
p0181,heldout,3,accepted,maths,352,1.279,1.223
p0183,heldout,2,accepted,maths,316,0.9229,0.8166
p0186,heldout,2,accepted,maths,255,1.048,1.011
p0186,heldout,3,accepted,maths,255,1.075,0.9165
p0186,heldout,4,accepted,maths,255,1.139,0.9995
p0187,heldout,2,rejected,maths,149,1.208,1.159
p0187,heldout,1,rejected,maths,151,0.9908,0.9205
p0183,heldout,4,unreached,maths,325,1.033,0.8903
p0187,heldout,3,accepted,maths,152,0.9789,0.8003
p0187,heldout,4,accepted,maths,152,1.114,0.9846
p0181,heldout,4,unreached,maths,365,1.135,0.9853
p0186,heldout,1,accepted,maths,267,0.8185,0.7936
p0187,heldout,1,accepted,maths,157,1.169,1.132
p0187,heldout,4,accepted,maths,157,1.322,1.125
p0181,heldout,1,accepted,maths,368,0.8874,0.7638
p0181,heldout,3,rejected,maths,368,1.022,0.8618
p0183,heldout,1,accepted,maths,331,0.5932,0.4946
p0187,heldout,3,accepted,maths,162,0.9447,0.859
p0183,heldout,2,rejected,maths,336,0.6825,0.6394
p0186,heldout,4,unreached,maths,276,1.189,1.133
p0187,heldout,1,accepted,maths,167,0.5232,0.4244
p0187,heldout,2,accepted,maths,167,0.8764,0.7015
p0187,heldout,4,accepted,maths,167,0.9257,0.735
p0181,heldout,1,rejected,maths,375,0.9104,0.7773
p0183,heldout,1,rejected,maths,338,0.5174,0.4474
p0183,heldout,3,unreached,maths,338,0.9433,0.8807
p0186,heldout,2,accepted,maths,279,1.063,1.001
p0186,heldout,3,accepted,maths,279,1.159,1.111
p0187,heldout,1,accepted,maths,172,0.7065,0.6498
p0181,heldout,3,rejected,maths,376,0.8706,0.7515
p0187,heldout,1,accepted,maths,174,0.9642,0.8851
p0181,heldout,2,rejected,maths,379,0.9859,0.9868
p0183,heldout,1,accepted,maths,341,1.017,0.9369
p0187,heldout,4,accepted,maths,179,0.8547,0.7709
p0181,heldout,1,accepted,maths,381,1.081,1.043
p0183,heldout,3,unreached,maths,345,1.117,1.141
p0186,heldout,1,accepted,maths,294,1.228,1.167
p0187,heldout,1,accepted,maths,184,0.8116,0.722
p0187,heldout,4,rejected,maths,184,1.182,1.162
p0181,heldout,4,accepted,maths,386,0.893,0.6897
p0183,heldout,1,accepted,maths,346,0.9257,0.7885
p0186,heldout,1,accepted,maths,299,0.7972,0.7232
p0186,heldout,3,rejected,maths,299,0.9275,0.7998
p0186,heldout,4,unreached,maths,299,0.9258,0.7495
p0183,heldout,2,accepted,maths,351,0.9225,0.7555
p0183,heldout,3,accepted,maths,351,1.048,0.9277
p0183,heldout,4,accepted,maths,351,1.119,0.974
p0186,heldout,4,accepted,maths,302,1.215,1.131
p0187,heldout,4,unreached,maths,189,0.9246,0.7892
p0183,heldout,1,accepted,maths,356,1.08,0.9407
p0183,heldout,3,accepted,maths,356,1.065,1.027
p0186,heldout,1,accepted,maths,307,1.092,0.9714
p0186,heldout,4,accepted,maths,307,1.281,1.156
p0187,heldout,1,accepted,maths,191,0.8211,0.705
p0187,heldout,4,unreached,maths,191,0.9794,0.8881
p0181,heldout,3,accepted,maths,401,1.072,1.072
p0183,heldout,2,accepted,maths,361,0.8589,0.8377
p0183,heldout,3,accepted,maths,361,1.083,0.9659
p0186,heldout,1,accepted,maths,312,0.5872,0.4827
p0187,heldout,1,accepted,maths,193,0.7781,0.6351
p0181,heldout,1,accepted,maths,406,0.8751,0.7932
p0181,heldout,2,accepted,maths,411,1.019,0.9522
p0186,heldout,2,accepted,maths,322,1.094,1.018
p0186,heldout,1,accepted,maths,326,0.7614,0.669
p0186,heldout,4,accepted,maths,331,1.061,0.9994
p0187,heldout,1,accepted,maths,210,0.8746,0.7692
p0181,heldout,4,unreached,maths,426,1.246,1.108
p0186,heldout,1,accepted,maths,336,0.853,0.7702
p0187,heldout,3,unreached,maths,215,0.9697,0.8362
p0181,heldout,2,accepted,maths,427,1.232,1.159
p0181,heldout,3,accepted,maths,427,1.278,1.131
p0183,heldout,2,accepted,maths,390,0.9904,0.9204
p0186,heldout,1,accepted,maths,338,0.9286,0.8048
p0186,heldout,4,accepted,maths,338,1.103,0.9274
p0187,heldout,1,accepted,maths,216,0.687,0.5372
p0181,heldout,2,accepted,maths,432,1.117,0.9877
p0181,heldout,3,accepted,maths,432,1.215,1.086
p0181,heldout,4,accepted,maths,432,1.07,0.8545
p0186,heldout,1,accepted,maths,343,0.7052,0.5438
p0187,heldout,2,accepted,maths,221,1.029,1
p0181,heldout,4,accepted,maths,437,1.047,0.997
p0186,heldout,3,accepted,maths,348,1.146,1.076
p0186,heldout,1,accepted,maths,353,0.7697,0.6649
p0187,heldout,4,accepted,maths,227,1.211,1.186
p0181,heldout,3,accepted,maths,447,1.188,1.137
p0181,heldout,4,accepted,maths,447,1.193,1.105
p0183,heldout,2,accepted,maths,403,1.088,1.058
p0183,heldout,4,accepted,maths,403,1.178,1.079
p0187,heldout,1,accepted,maths,232,0.8616,0.8357
p0181,heldout,3,accepted,maths,452,1.162,1.091
p0186,heldout,3,accepted,maths,360,1.251,1.12
p0187,heldout,1,accepted,maths,237,1.171,1.117
p0181,heldout,2,accepted,maths,457,1.124,0.9948
p0183,heldout,1,accepted,maths,413,1.051,0.909
p0183,heldout,2,accepted,maths,413,1.131,0.9814
p0187,heldout,1,accepted,maths,242,1.123,1.042
p0187,heldout,3,accepted,maths,247,0.8785,0.8029
p0187,heldout,4,accepted,maths,247,1.097,0.9357
p0186,heldout,4,accepted,maths,374,1.305,1.183
p0187,heldout,2,accepted,maths,252,1.152,1.044
p0187,heldout,3,accepted,maths,252,1.24,1.16
p0187,heldout,4,accepted,maths,252,1.219,1.172
p0190,heldout,4,accepted,maths,68,1.248,1.161
p0191,heldout,4,accepted,maths,87,1.234,1.253
p0183,heldout,4,accepted,maths,428,1.034,1.003
p0187,heldout,3,accepted,maths,257,1.12,1.085
p0187,heldout,4,accepted,maths,257,1.19,1.089
p0190,heldout,1,accepted,maths,73,0.6493,0.604
p0190,heldout,4,unreached,maths,73,0.9548,0.8071
p0191,heldout,2,accepted,maths,92,1.022,0.8983
p0183,heldout,4,accepted,maths,433,1.088,0.9151
p0190,heldout,2,unreached,maths,76,1.026,0.9119
p0191,heldout,3,accepted,maths,97,1.331,1.268
p0183,heldout,1,accepted,maths,438,1.026,0.9267
p0183,heldout,4,accepted,maths,438,1.18,1.076
p0186,heldout,1,accepted,maths,389,0.8138,0.7471
p0190,heldout,2,rejected,maths,77,0.9464,0.9093
p0186,heldout,1,accepted,maths,394,0.6065,0.5062
p0186,heldout,2,accepted,maths,394,0.8445,0.7646
p0186,heldout,3,accepted,maths,394,1.099,0.9525
p0187,heldout,1,accepted,maths,269,1.035,0.896
p0190,heldout,1,accepted,maths,79,0.8168,0.667
p0190,heldout,2,accepted,maths,79,1.061,0.9225
p0191,heldout,1,accepted,maths,106,0.741,0.6562
p0191,heldout,3,accepted,maths,106,1.024,0.9347
p0186,heldout,2,accepted,maths,398,1.11,0.9988
p0187,heldout,3,accepted,maths,274,1.242,1.142
p0191,heldout,4,unreached,maths,110,0.9168,0.7908
p0186,heldout,1,accepted,maths,403,1.173,1.017
p0186,heldout,3,accepted,maths,403,0.7797,0.6656
p0187,heldout,1,accepted,maths,279,1.182,1.184
p0187,heldout,2,accepted,maths,279,1.006,0.9835
p0187,heldout,4,unreached,maths,279,1.104,1.001
p0190,heldout,2,accepted,maths,85,1.158,1.099
p0191,heldout,1,accepted,maths,111,0.8364,0.8002
p0191,heldout,2,accepted,maths,111,0.8364,0.7316
p0191,heldout,4,accepted,maths,111,0.9086,0.787
p0186,heldout,3,accepted,maths,408,1.172,1.083
p0190,heldout,4,unreached,maths,90,1.087,1.066
p0191,heldout,2,unreached,maths,116,0.8126,0.7497
p0191,heldout,4,unreached,maths,116,1.076,1.013
p0186,heldout,2,accepted,maths,413,1.058,0.953
p0190,heldout,1,accepted,maths,91,0.6778,0.5386
p0190,heldout,3,accepted,maths,91,1.013,0.9014
p0190,heldout,4,accepted,maths,91,0.9609,0.9266
p0191,heldout,1,accepted,maths,117,0.9504,0.8793
p0186,heldout,2,accepted,maths,418,1.22,1.113
p0190,heldout,2,accepted,maths,96,1.086,1.07
p0190,heldout,4,accepted,maths,96,0.9459,0.8715
p0191,heldout,1,rejected,maths,119,0.9439,0.8538
p0190,heldout,4,unreached,maths,101,1.223,1.178
p0190,heldout,1,accepted,maths,103,0.9731,0.8857
p0191,heldout,1,accepted,maths,125,0.6612,0.5562
p0186,heldout,2,accepted,maths,433,1.031,0.9032
p0190,heldout,4,accepted,maths,111,1.292,1.117
p0190,heldout,1,accepted,maths,116,1.076,0.9193
p0190,heldout,2,accepted,maths,116,0.8743,0.8122
p0191,heldout,2,accepted,maths,132,1.045,1.035
p0186,heldout,2,accepted,maths,447,1.193,1.064
p0186,heldout,4,accepted,maths,447,1.234,1.094
p0191,heldout,1,accepted,maths,137,1.053,0.9534
p0191,heldout,3,unreached,maths,137,1.063,1.033
p0186,heldout,2,accepted,maths,452,1.289,1.172
p0186,heldout,4,accepted,maths,452,0.9702,0.7926
p0190,heldout,3,accepted,maths,124,1.032,0.8945
p0190,heldout,4,accepted,maths,124,0.9724,0.9153
p0186,heldout,2,accepted,maths,457,1.066,0.9589
p0191,heldout,3,accepted,maths,143,0.9197,0.8091
p0191,heldout,4,rejected,maths,143,0.9991,0.922
p0186,heldout,1,accepted,maths,462,0.8128,0.7812
p0190,heldout,2,unreached,maths,130,1.069,1.021
p0191,heldout,3,accepted,maths,147,1.147,1.077
p0191,heldout,3,unreached,maths,152,1.167,1.201
p0190,heldout,3,accepted,maths,136,0.8989,0.7083
p0190,heldout,4,accepted,maths,136,0.8971,0.7813
p0191,heldout,1,accepted,maths,154,1.061,0.9893
p0191,heldout,2,accepted,maths,154,1.158,1.013
p0191,heldout,3,accepted,maths,154,1.18,1.107
p0195,heldout,1,accepted,maths,59,1.169,1.044
p0195,heldout,2,accepted,maths,59,1.178,1.058
p0195,heldout,2,accepted,maths,64,0.9884,0.8634
p0195,heldout,3,rejected,maths,64,1.052,0.9195
p0190,heldout,1,accepted,maths,144,0.8993,0.8435
p0190,heldout,2,accepted,maths,144,0.9784,0.8651
p0191,heldout,4,accepted,maths,162,1.174,1.137
p0195,heldout,1,accepted,maths,67,0.9569,0.8692
p0195,heldout,3,accepted,maths,67,0.9954,0.8975
p0191,heldout,1,accepted,maths,167,0.6034,0.4881
p0191,heldout,3,accepted,maths,167,0.9999,0.9014
p0190,heldout,3,accepted,maths,154,1.178,1.119
p0190,heldout,4,accepted,maths,154,1.323,1.193
p0195,heldout,1,accepted,maths,76,0.7558,0.667
p0195,heldout,3,rejected,maths,76,0.8855,0.8726
p0195,heldout,4,unreached,maths,76,0.972,0.8642
p0190,heldout,3,accepted,maths,159,1.203,1.198
p0191,heldout,1,accepted,maths,177,0.6268,0.5092
p0191,heldout,2,accepted,maths,177,0.9623,0.8988
p0195,heldout,1,rejected,maths,79,1.051,1.018
p0195,heldout,3,unreached,maths,79,1.041,1.048
p0190,heldout,1,accepted,maths,164,1.183,1.012
p0190,heldout,3,rejected,maths,164,1.117,1.026
p0195,heldout,1,accepted,maths,80,0.9246,0.8057
p0190,heldout,3,accepted,maths,167,1.16,1.041
p0190,heldout,4,accepted,maths,167,1.316,1.317
p0190,heldout,1,rejected,maths,172,1.028,0.871
p0190,heldout,3,unreached,maths,172,1.153,1.067
p0191,heldout,2,accepted,maths,192,1.241,1.096
p0191,heldout,4,accepted,maths,192,1.023,0.896
p0195,heldout,1,rejected,maths,87,0.7941,0.7725
p0195,heldout,2,unreached,maths,87,0.812,0.9274
p0190,heldout,1,accepted,maths,178,1.051,0.9396
p0190,heldout,2,accepted,maths,178,1.155,1.083
p0191,heldout,1,rejected,maths,202,0.7221,0.6187
p0191,heldout,4,unreached,maths,202,1.115,1.038
p0195,heldout,1,accepted,maths,93,0.8792,0.6983
p0191,heldout,4,accepted,maths,203,1.074,1.006
p0195,heldout,1,accepted,maths,98,1.082,1.073
p0195,heldout,2,accepted,maths,98,1.135,0.9856
p0195,heldout,3,accepted,maths,98,0.9464,0.8344
p0195,heldout,4,rejected,maths,98,1.037,0.9137
p0190,heldout,1,accepted,maths,188,0.8935,0.8671
p0190,heldout,4,accepted,maths,188,1.303,1.106
p0191,heldout,4,accepted,maths,208,1.096,1.118
p0195,heldout,1,accepted,maths,102,0.8668,0.7696
p0195,heldout,3,accepted,maths,102,0.9326,0.8594
p0190,heldout,2,accepted,maths,193,1.115,1.032
p0191,heldout,3,accepted,maths,213,0.9412,0.7821
p0195,heldout,4,unreached,maths,107,0.9428,0.8006
p0190,heldout,1,accepted,maths,197,1.168,1.021
p0190,heldout,4,unreached,maths,197,1.151,1.055
p0191,heldout,4,accepted,maths,218,1.187,1.158
p0195,heldout,2,accepted,maths,110,0.8815,0.7509
p0195,heldout,3,rejected,maths,110,1.018,0.9151
p0195,heldout,4,unreached,maths,110,1.055,1.023
p0191,heldout,2,accepted,maths,223,1.152,1.093
p0191,heldout,4,accepted,maths,223,1.184,1.12
p0191,heldout,2,accepted,maths,228,1.191,1.063
p0191,heldout,3,accepted,maths,228,1.188,1.115
p0195,heldout,2,accepted,maths,117,0.857,0.782
p0191,heldout,2,accepted,maths,233,1.134,1.122
p0191,heldout,4,accepted,maths,233,0.9919,0.8382
p0190,heldout,1,accepted,maths,212,1.046,1.003
p0190,heldout,3,accepted,maths,212,1.157,1.086
p0190,heldout,4,accepted,maths,212,1.108,1.07
p0191,heldout,1,accepted,maths,238,0.9896,0.8734
p0191,heldout,2,accepted,maths,238,1.125,1.11
p0191,heldout,4,accepted,maths,238,0.9408,0.9111
p0190,heldout,1,accepted,maths,217,0.7299,0.6802
p0190,heldout,2,accepted,maths,217,1.005,0.8759
p0190,heldout,4,accepted,maths,217,1.258,1.142
p0191,heldout,1,accepted,maths,243,1.101,0.9299
p0195,heldout,1,rejected,maths,132,0.5323,0.5216
p0195,heldout,2,unreached,maths,132,0.7495,0.5922
p0190,heldout,4,unreached,maths,222,0.8766,0.7233
p0191,heldout,1,accepted,maths,248,0.4857,0.3839
p0195,heldout,2,accepted,maths,133,0.8887,0.7687
p0195,heldout,3,accepted,maths,133,1.067,0.9606
p0190,heldout,1,accepted,maths,224,0.6878,0.5107
p0191,heldout,1,accepted,maths,253,0.7202,0.5731
p0191,heldout,2,accepted,maths,253,0.981,0.8829
p0195,heldout,1,accepted,maths,138,0.6352,0.4773
p0191,heldout,1,rejected,maths,258,0.725,0.6044
p0191,heldout,3,unreached,maths,258,0.9256,0.8014
p0190,heldout,3,unreached,maths,229,0.974,0.8843
p0191,heldout,2,accepted,maths,259,0.8569,0.6451
p0191,heldout,3,accepted,maths,259,1.207,0.9999
p0195,heldout,4,accepted,maths,148,1.043,0.9798
p0190,heldout,1,accepted,maths,231,0.894,0.7714
p0191,heldout,2,accepted,maths,263,1.132,0.9697
p0190,heldout,4,accepted,maths,233,0.9749,0.8536
p0195,heldout,4,accepted,maths,158,0.9477,0.7295
p0195,heldout,1,accepted,maths,163,0.84,0.7612
p0195,heldout,3,rejected,maths,163,1.072,0.9955
p0191,heldout,1,accepted,maths,277,0.8774,0.8106
p0191,heldout,2,accepted,maths,277,1.127,1.071
p0191,heldout,4,accepted,maths,277,1.068,1.08
p0197,heldout,1,accepted,maths,55,1.198,1.061
p0197,heldout,2,rejected,maths,55,1.321,1.197
p0190,heldout,2,accepted,maths,248,1.029,1.041
p0195,heldout,2,accepted,maths,171,1.043,0.9216
p0197,heldout,2,accepted,maths,57,1.222,1.075
p0191,heldout,2,accepted,maths,287,0.9797,0.8197
p0195,heldout,3,accepted,maths,176,0.9004,0.778
p0195,heldout,4,accepted,maths,176,1.137,0.9486
p0195,heldout,3,accepted,maths,181,1.146,1.008
p0195,heldout,4,accepted,maths,181,1.188,1.108
p0197,heldout,3,accepted,maths,67,1.173,1.164
p0197,heldout,4,accepted,maths,67,1.159,1.063
p0191,heldout,2,accepted,maths,296,1.123,1.071
p0191,heldout,4,accepted,maths,296,1.252,1.242
p0197,heldout,1,accepted,maths,72,1.191,1.059
p0197,heldout,3,accepted,maths,72,1.112,1.064
p0190,heldout,1,accepted,maths,268,0.8601,0.8129
p0191,heldout,3,accepted,maths,301,1.051,1.042
p0191,heldout,4,accepted,maths,301,1.083,1.084
p0197,heldout,3,accepted,maths,77,0.8427,0.7766
p0190,heldout,1,accepted,maths,273,0.9241,0.8061
p0190,heldout,2,accepted,maths,273,1.051,0.9781
p0195,heldout,4,unreached,maths,195,1.08,1.083
p0190,heldout,1,accepted,maths,278,1.037,0.891
p0190,heldout,3,accepted,maths,278,1.213,1.144
p0191,heldout,3,accepted,maths,309,1.272,1.156
p0195,heldout,2,accepted,maths,198,0.9693,0.8615
p0195,heldout,4,unreached,maths,198,0.973,0.9136
p0197,heldout,1,accepted,maths,86,0.5541,0.4192
p0197,heldout,4,accepted,maths,86,1.09,1.029
p0191,heldout,1,accepted,maths,314,1.183,1.131
p0191,heldout,2,accepted,maths,314,1.277,1.16
p0191,heldout,3,accepted,maths,314,1.164,1.072
p0197,heldout,2,accepted,maths,91,1.068,0.9275
p0190,heldout,1,accepted,maths,288,1.002,0.9088
p0190,heldout,4,unreached,maths,288,1.176,1.121
p0197,heldout,1,accepted,maths,96,0.7656,0.6906
p0190,heldout,3,accepted,maths,291,1.137,1.075
p0191,heldout,4,accepted,maths,324,1.229,1.115
p0195,heldout,2,accepted,maths,206,0.9983,0.9987
p0195,heldout,4,unreached,maths,206,1.227,1.185
p0190,heldout,1,accepted,maths,296,0.7819,0.7085
p0190,heldout,2,accepted,maths,296,1.049,0.9205
p0190,heldout,4,accepted,maths,296,1.164,1.072
p0191,heldout,1,accepted,maths,329,0.6138,0.5216
p0195,heldout,2,accepted,maths,209,1.092,1.146
p0197,heldout,1,accepted,maths,104,0.8044,0.7422
p0197,heldout,2,accepted,maths,104,1.121,1.07
p0190,heldout,2,accepted,maths,301,0.814,0.7837
p0190,heldout,3,accepted,maths,301,0.8604,0.7467
p0191,heldout,2,accepted,maths,334,0.8957,0.8438
p0190,heldout,2,accepted,maths,306,1.108,0.897
p0195,heldout,3,accepted,maths,219,0.9941,0.8885
p0197,heldout,3,accepted,maths,114,1.043,0.9587
p0197,heldout,4,rejected,maths,114,0.9975,0.9449
p0190,heldout,2,unreached,maths,311,0.8518,0.7081
p0190,heldout,3,unreached,maths,311,1.009,0.9141
p0191,heldout,3,accepted,maths,341,0.7989,0.6477
p0195,heldout,1,accepted,maths,224,0.9453,0.93
p0197,heldout,3,accepted,maths,118,0.9912,0.9565
p0190,heldout,4,accepted,maths,312,1.01,0.834
p0191,heldout,4,unreached,maths,346,1.037,0.9684
p0197,heldout,1,accepted,maths,123,1.113,0.9148
p0191,heldout,1,accepted,maths,349,0.9195,0.888
p0191,heldout,4,unreached,maths,349,0.864,0.7428
p0195,heldout,3,accepted,maths,234,1.14,1.02
p0197,heldout,3,accepted,maths,128,0.9278,0.8764
p0190,heldout,1,accepted,maths,321,1.076,1
p0190,heldout,4,accepted,maths,321,1.107,0.9574
p0197,heldout,3,unreached,maths,133,0.7906,0.7077
p0190,heldout,2,accepted,maths,326,1.014,0.838
p0190,heldout,4,accepted,maths,326,1.002,0.86
p0197,heldout,2,accepted,maths,135,0.9598,0.8482
p0190,heldout,3,accepted,maths,331,1.219,1.124
p0190,heldout,4,accepted,maths,331,1.149,1.003
p0191,heldout,4,unreached,maths,361,0.9695,0.8523
p0195,heldout,2,accepted,maths,245,1.206,1.042
p0195,heldout,3,accepted,maths,245,1.264,1.191
p0191,heldout,2,accepted,maths,364,1.037,0.8871
p0195,heldout,3,accepted,maths,250,1.218,1.209
p0197,heldout,1,accepted,maths,143,0.6635,0.575
p0197,heldout,2,accepted,maths,143,0.9511,0.8623
p0197,heldout,4,accepted,maths,143,1.081,1.004
p0191,heldout,2,accepted,maths,368,1.08,0.9262
p0197,heldout,2,accepted,maths,148,1.169,1.121
p0197,heldout,4,accepted,maths,148,1.041,1.024
p0190,heldout,3,accepted,maths,346,1.195,1.058
p0195,heldout,1,accepted,maths,258,0.9338,0.8149
p0195,heldout,3,accepted,maths,258,0.7567,0.6079
p0197,heldout,1,accepted,maths,153,1.005,0.8675
p0197,heldout,4,accepted,maths,153,0.9331,0.8309
p0190,heldout,4,accepted,maths,351,1.301,1.248
p0191,heldout,3,accepted,maths,376,1.281,1.129
p0191,heldout,4,accepted,maths,376,1.253,1.109
p0197,heldout,1,accepted,maths,158,1.028,0.9581
p0197,heldout,3,accepted,maths,158,1.013,0.9616
p0191,heldout,1,accepted,maths,381,1.011,0.9478
p0191,heldout,2,accepted,maths,381,1.127,1.124
p0191,heldout,4,rejected,maths,381,0.8605,0.7937
p0197,heldout,4,accepted,maths,162,1.027,0.942
p0190,heldout,4,accepted,maths,361,1.122,1.152
p0197,heldout,4,rejected,maths,167,0.8782,0.7751
p0190,heldout,1,accepted,maths,366,0.9364,0.8417
p0195,heldout,2,unreached,maths,272,1.055,1.058
p0197,heldout,2,accepted,maths,171,0.8735,0.7822
p0190,heldout,2,accepted,maths,371,1.22,1.144
p0195,heldout,1,accepted,maths,273,0.6089,0.533
p0195,heldout,2,rejected,maths,273,0.7945,0.7093
p0197,heldout,3,unreached,maths,176,0.8011,0.7029
p0197,heldout,4,unreached,maths,176,0.9096,0.8365
p0190,heldout,1,accepted,maths,376,1.191,1.094
p0190,heldout,2,accepted,maths,376,1.077,1.021
p0190,heldout,4,accepted,maths,376,1.001,0.9473
p0191,heldout,4,rejected,maths,400,1.266,1.126
p0190,heldout,4,accepted,maths,381,1.008,0.869
p0191,heldout,3,accepted,maths,404,0.9895,0.849
p0195,heldout,2,accepted,maths,279,1.035,0.9186
p0197,heldout,4,accepted,maths,183,1.075,0.9001
p0190,heldout,2,accepted,maths,386,0.7596,0.5982
p0190,heldout,4,accepted,maths,386,0.935,0.7877
p0191,heldout,3,accepted,maths,409,0.8974,0.8338
p0195,heldout,3,unreached,maths,282,0.989,0.8756
p0190,heldout,1,accepted,maths,391,0.7992,0.6828
p0190,heldout,3,accepted,maths,391,0.9384,0.7905
p0191,heldout,1,accepted,maths,414,0.8663,0.7535
p0191,heldout,3,accepted,maths,414,0.9375,0.7095
p0197,heldout,3,accepted,maths,192,1.029,1.005
p0197,heldout,4,accepted,maths,192,1.054,1.016
p0190,heldout,1,accepted,maths,396,0.8627,0.8543
p0191,heldout,2,rejected,maths,419,1.117,0.9404
p0191,heldout,3,unreached,maths,419,0.8505,0.6923
p0197,heldout,1,accepted,maths,197,0.9279,0.7877
p0190,heldout,1,accepted,maths,398,0.7668,0.6035
p0191,heldout,1,accepted,maths,421,0.816,0.6667
p0191,heldout,3,rejected,maths,421,1.238,1.184
p0195,heldout,2,unreached,maths,293,0.968,0.9384
p0195,heldout,3,unreached,maths,293,1.11,1.045
p0190,heldout,1,accepted,maths,400,0.601,0.5741
p0195,heldout,2,accepted,maths,294,0.9861,0.8697
p0190,heldout,3,accepted,maths,403,1.011,0.9539
p0190,heldout,4,rejected,maths,403,0.8967,0.8743
p0195,heldout,4,unreached,maths,299,1.362,1.134
p0197,heldout,3,accepted,maths,212,1.166,1.14
p0195,heldout,2,accepted,maths,301,0.8963,0.7939
p0197,heldout,1,accepted,maths,217,1.139,1.096
p0197,heldout,2,rejected,maths,217,1.031,1.003
p0191,heldout,2,unreached,maths,438,0.9907,0.8175
p0191,heldout,4,unreached,maths,438,1.005,0.7415
p0197,heldout,2,unreached,maths,219,1.153,1.019
p0197,heldout,3,unreached,maths,219,1.227,1.014
p0197,heldout,4,unreached,maths,219,1.089,1.024
p0190,heldout,3,accepted,maths,417,1.066,1.046
p0191,heldout,1,accepted,maths,439,0.894,0.7649
p0191,heldout,3,accepted,maths,439,0.9677,0.7376
p0197,heldout,4,accepted,maths,220,1.057,0.9491
p0190,heldout,3,unreached,maths,422,1.043,0.9525
p0191,heldout,1,accepted,maths,444,0.8921,0.7434
p0197,heldout,1,accepted,maths,225,1.321,1.191
p0197,heldout,2,accepted,maths,225,1.025,0.9011
p0197,heldout,4,accepted,maths,225,0.8351,0.7637
p0191,heldout,4,rejected,maths,449,1.111,1.145
p0197,heldout,1,accepted,maths,230,0.8942,0.762
p0191,heldout,2,accepted,maths,453,1.132,1.065
p0191,heldout,3,accepted,maths,453,1.165,1.117
p0191,heldout,4,accepted,maths,453,1.237,1.092
p0197,heldout,4,unreached,maths,232,1.071,1.026
p0191,heldout,2,accepted,maths,458,1.033,0.9529
p0197,heldout,1,accepted,maths,236,0.8482,0.685
p0197,heldout,3,accepted,maths,236,1.052,1.004
p0198,heldout,2,accepted,maths,110,1.006,0.9582
p0191,heldout,1,accepted,maths,467,1.241,1.126
p0191,heldout,4,accepted,maths,467,1.055,1.018
p0197,heldout,3,rejected,maths,241,0.7654,0.6743
p0197,heldout,1,accepted,maths,244,0.9627,0.8341
p0197,heldout,2,accepted,maths,244,1.11,1.005
p0197,heldout,4,accepted,maths,244,1.032,0.9989
p0197,heldout,1,accepted,maths,249,1.182,1.054
p0197,heldout,2,accepted,maths,249,0.9426,0.8047
p0198,heldout,3,rejected,maths,121,0.8074,0.7656
p0201,heldout,2,accepted,maths,83,1.07,0.9348
p0197,heldout,1,rejected,maths,254,0.6739,0.6197
p0197,heldout,2,unreached,maths,254,1.061,1.027
p0197,heldout,3,unreached,maths,254,0.9096,0.7823
p0198,heldout,2,rejected,maths,124,0.7815,0.7109
p0201,heldout,1,accepted,maths,86,1.013,0.8879
p0201,heldout,2,accepted,maths,86,1.127,1.022
p0198,heldout,2,rejected,maths,126,0.9792,0.9214
p0198,heldout,3,unreached,maths,126,0.8839,0.8127
p0201,heldout,1,rejected,maths,90,1.146,1.071
p0201,heldout,2,unreached,maths,90,1.224,1.115
p0201,heldout,3,unreached,maths,90,1.078,0.9525
p0197,heldout,1,accepted,maths,256,0.6979,0.5897
p0197,heldout,2,accepted,maths,256,1.147,0.9795
p0201,heldout,3,accepted,maths,91,1.16,1.038
p0201,heldout,4,accepted,maths,91,1.148,1.03
p0197,heldout,4,accepted,maths,261,0.7393,0.6474
p0201,heldout,2,rejected,maths,96,0.9775,0.8429
p0197,heldout,4,unreached,maths,266,1.058,1.045
p0198,heldout,4,unreached,maths,134,0.8496,0.7383
p0197,heldout,2,accepted,maths,267,0.8571,0.6917
p0197,heldout,4,accepted,maths,267,1.036,1.022
p0198,heldout,4,unreached,maths,137,1.181,1.18
p0201,heldout,4,unreached,maths,102,1.064,1.015
p0197,heldout,4,accepted,maths,272,0.9818,0.8377
p0198,heldout,2,accepted,maths,138,0.9485,0.9015
p0198,heldout,4,accepted,maths,138,1.124,1.123
p0197,heldout,2,accepted,maths,277,1.065,0.8712
p0198,heldout,4,unreached,maths,143,0.8853,0.8154
p0201,heldout,2,accepted,maths,109,0.9502,0.8723
p0201,heldout,4,accepted,maths,109,1.173,1.058
p0201,heldout,1,accepted,maths,114,0.8278,0.6612
p0197,heldout,4,accepted,maths,286,1.109,1.036
p0198,heldout,4,accepted,maths,150,1.044,0.9745
p0197,heldout,2,accepted,maths,291,0.6589,0.5463
p0198,heldout,1,rejected,maths,155,0.7801,0.6613
p0201,heldout,2,accepted,maths,122,1.031,0.9626
p0201,heldout,3,accepted,maths,122,1.051,0.8247
p0197,heldout,2,accepted,maths,294,0.7569,0.6541
p0198,heldout,3,accepted,maths,156,1.184,1.072
p0201,heldout,4,accepted,maths,126,1.249,1.051
p0197,heldout,1,accepted,maths,299,0.6256,0.4835
p0197,heldout,2,accepted,maths,299,0.8001,0.7171
p0198,heldout,2,accepted,maths,161,1.111,1.104
p0203,heldout,1,accepted,maths,54,0.9816,0.826
p0203,heldout,3,accepted,maths,54,1.055,0.91
p0197,heldout,3,unreached,maths,304,0.9505,0.8926
p0197,heldout,4,unreached,maths,304,1.228,1.077
p0198,heldout,2,rejected,maths,166,0.7712,0.6406
p0198,heldout,4,unreached,maths,166,0.9556,0.8694
p0198,heldout,1,accepted,maths,168,0.7581,0.5718
p0201,heldout,3,accepted,maths,141,1.031,0.9729
p0201,heldout,4,accepted,maths,141,1.018,0.908
p0203,heldout,2,accepted,maths,64,0.8774,0.641
p0201,heldout,3,accepted,maths,146,1.181,1.073
p0203,heldout,1,accepted,maths,69,0.9275,0.7459
p0197,heldout,1,accepted,maths,312,0.8665,0.74
p0197,heldout,3,accepted,maths,312,1.318,1.206
p0198,heldout,2,accepted,maths,178,0.8331,0.6982
p0201,heldout,1,accepted,maths,151,0.492,0.4189
p0201,heldout,4,accepted,maths,151,1.044,0.8115
p0198,heldout,2,accepted,maths,183,1.062,1.048
p0201,heldout,3,accepted,maths,156,0.9621,0.8857
p0203,heldout,3,accepted,maths,77,0.9663,0.861
p0198,heldout,1,accepted,maths,188,0.6124,0.4701
p0198,heldout,4,accepted,maths,188,0.877,0.7469
p0201,heldout,2,accepted,maths,161,1.006,0.9046
p0201,heldout,3,accepted,maths,161,1.22,1.015
p0197,heldout,4,rejected,maths,326,1.049,0.9579
p0198,heldout,1,accepted,maths,193,0.686,0.5043
p0198,heldout,2,accepted,maths,193,0.8114,0.6924
p0201,heldout,4,unreached,maths,166,0.9723,0.8223
p0203,heldout,3,unreached,maths,87,1.257,1.153
p0197,heldout,3,accepted,maths,330,0.9191,0.7715
p0198,heldout,1,accepted,maths,198,1.223,1.05
p0198,heldout,3,accepted,maths,198,0.8774,0.8152
p0201,heldout,2,accepted,maths,168,0.8749,0.7349
p0197,heldout,2,accepted,maths,335,1.051,0.9149
p0197,heldout,3,accepted,maths,335,1.133,1.104
p0198,heldout,4,rejected,maths,203,0.8434,0.7556
p0203,heldout,4,accepted,maths,94,1.08,1.081
p0197,heldout,4,rejected,maths,340,0.9179,0.7813
p0198,heldout,1,accepted,maths,207,0.6352,0.5653
p0201,heldout,3,accepted,maths,173,0.9866,0.897
p0197,heldout,3,unreached,maths,344,1.178,1.149
p0198,heldout,2,accepted,maths,212,1.028,0.9443
p0201,heldout,1,accepted,maths,178,1.05,0.8483
p0201,heldout,2,accepted,maths,178,0.9072,0.7675
p0201,heldout,4,accepted,maths,178,0.9486,0.8824
p0197,heldout,2,accepted,maths,346,1.082,1.044
p0198,heldout,4,accepted,maths,217,0.9549,0.8172
p0201,heldout,4,accepted,maths,183,1.149,1.096
p0197,heldout,1,accepted,maths,351,0.9761,0.7823
p0198,heldout,1,accepted,maths,222,0.7555,0.6618
p0198,heldout,4,accepted,maths,222,1.183,1.219
p0197,heldout,2,unreached,maths,354,1.114,1.083
p0197,heldout,3,unreached,maths,354,0.7925,0.7261
p0198,heldout,4,accepted,maths,227,1.199,1.11
p0201,heldout,3,accepted,maths,193,1.107,1.022
p0197,heldout,4,unreached,maths,355,1.132,1.018
p0198,heldout,2,accepted,maths,232,0.6647,0.5963
p0198,heldout,3,rejected,maths,232,0.7086,0.6596
p0203,heldout,2,accepted,maths,118,0.9972,0.9975
p0203,heldout,4,accepted,maths,118,1.175,1.105
p0197,heldout,1,accepted,maths,358,0.9131,0.8037
p0201,heldout,4,unreached,maths,203,1.229,1.092
p0203,heldout,1,accepted,maths,123,1.032,0.8968
p0197,heldout,2,rejected,maths,363,1.234,1.173
p0198,heldout,4,accepted,maths,240,0.7931,0.724
p0203,heldout,1,accepted,maths,128,0.8677,0.7363
p0203,heldout,2,accepted,maths,128,0.8154,0.6328
p0201,heldout,4,accepted,maths,209,1.122,1.066
p0203,heldout,1,accepted,maths,133,1.169,1.074
p0203,heldout,4,unreached,maths,136,1.019,0.8941
p0203,heldout,2,accepted,maths,138,0.894,0.793
p0203,heldout,3,rejected,maths,138,0.8742,0.7789
p0197,heldout,4,unreached,maths,376,0.8804,0.7109
p0198,heldout,2,accepted,maths,260,0.8843,0.7761
p0198,heldout,4,accepted,maths,260,1.071,1.036
p0201,heldout,1,accepted,maths,224,0.6907,0.5631
p0201,heldout,2,accepted,maths,224,0.9552,0.7784
p0203,heldout,1,accepted,maths,141,1.108,1.107
p0198,heldout,3,accepted,maths,265,0.7699,0.6595
p0201,heldout,2,rejected,maths,229,0.9044,0.8007
p0201,heldout,4,unreached,maths,229,1.059,1.034
p0203,heldout,4,accepted,maths,143,1.124,1.067
p0197,heldout,3,accepted,maths,384,1.187,1.051
p0197,heldout,4,accepted,maths,384,1.238,1.041
p0198,heldout,2,rejected,maths,270,0.951,0.903
p0198,heldout,3,unreached,maths,270,1.041,0.9535
p0198,heldout,4,unreached,maths,270,1.239,1.197
p0203,heldout,2,accepted,maths,148,1.069,1.03
p0197,heldout,1,accepted,maths,389,1.246,1.081
p0198,heldout,3,accepted,maths,272,1.233,1.181
p0198,heldout,4,accepted,maths,272,1.144,1.065
p0201,heldout,2,unreached,maths,236,1.048,0.9678
p0203,heldout,3,accepted,maths,153,0.9861,0.9446
p0198,heldout,1,accepted,maths,277,1.101,1.022
p0197,heldout,3,unreached,maths,399,0.8204,0.6933
p0197,heldout,3,accepted,maths,401,0.9911,0.9215
p0197,heldout,4,accepted,maths,401,1.16,0.9597
p0198,heldout,3,accepted,maths,287,0.8036,0.6607
p0201,heldout,4,accepted,maths,244,1.227,1.13
p0201,heldout,1,accepted,maths,249,1.003,0.8879
p0201,heldout,2,accepted,maths,249,1.025,0.8873
p0201,heldout,4,accepted,maths,249,1.159,1.074
p0203,heldout,1,accepted,maths,168,0.792,0.6368
p0203,heldout,2,accepted,maths,168,0.9369,0.8487
p0203,heldout,4,unreached,maths,168,0.9066,0.7243
p0198,heldout,1,accepted,maths,296,1.027,0.8836
p0198,heldout,2,accepted,maths,296,1.085,1.024
p0201,heldout,1,accepted,maths,254,0.9771,0.7954
p0203,heldout,4,accepted,maths,171,1.001,0.7936
p0197,heldout,3,accepted,maths,415,0.8318,0.7551
p0201,heldout,3,accepted,maths,261,1.215,1.184
p0203,heldout,1,accepted,maths,181,0.6135,0.5639
p0201,heldout,1,accepted,maths,266,1.206,1.071
p0201,heldout,2,accepted,maths,266,1.097,0.941
p0203,heldout,1,accepted,maths,186,1.062,1.014
p0197,heldout,4,accepted,maths,429,1.191,1.124
p0198,heldout,1,accepted,maths,314,0.9421,0.8847
p0198,heldout,3,accepted,maths,314,0.9329,0.8296
p0198,heldout,4,accepted,maths,314,0.72,0.6147
p0201,heldout,3,accepted,maths,271,0.97,0.9083
p0203,heldout,3,unreached,maths,189,1.068,0.9942
p0203,heldout,4,unreached,maths,189,1.125,1.083
p0197,heldout,1,accepted,maths,434,0.8453,0.8012
p0197,heldout,4,rejected,maths,434,0.972,0.8276
p0198,heldout,1,accepted,maths,323,0.9682,0.8403
p0198,heldout,3,accepted,maths,323,1.169,1.096
p0198,heldout,4,accepted,maths,328,1.014,0.8931
p0201,heldout,4,accepted,maths,284,1.045,0.9636
p0203,heldout,1,accepted,maths,196,1.007,0.9143
p0198,heldout,1,accepted,maths,333,0.8246,0.754
p0198,heldout,3,accepted,maths,333,1.082,1.006
p0201,heldout,3,accepted,maths,289,1.122,1.105
p0203,heldout,3,accepted,maths,200,0.994,0.846
p0203,heldout,4,accepted,maths,200,1.027,0.9054
p0205,heldout,1,accepted,maths,42,0.9286,0.8358
p0201,heldout,2,accepted,maths,294,0.9647,0.8593
p0201,heldout,4,accepted,maths,294,1.234,1.001
p0205,heldout,1,accepted,maths,47,1.051,0.9464
p0198,heldout,3,accepted,maths,343,1.233,1.111
p0198,heldout,4,accepted,maths,343,1.201,1.043
p0203,heldout,2,accepted,maths,210,1.185,1.102
p0198,heldout,2,accepted,maths,348,1.196,0.995
p0203,heldout,4,unreached,maths,214,1.201,1.074
p0205,heldout,1,accepted,maths,57,1.11,1.036
p0205,heldout,2,accepted,maths,57,1.273,1.285
p0205,heldout,3,accepted,maths,57,1.146,0.9779
p0198,heldout,4,rejected,maths,353,0.8914,0.8171
p0203,heldout,1,accepted,maths,215,1.172,1.146
p0205,heldout,3,accepted,maths,62,1.104,1.013
p0198,heldout,4,unreached,maths,357,0.7837,0.7489
p0203,heldout,1,accepted,maths,220,0.939,0.8201
p0205,heldout,3,accepted,maths,67,1.006,0.8851
p0205,heldout,4,accepted,maths,67,1.022,0.8922
p0201,heldout,4,accepted,maths,319,1.305,1.211
p0203,heldout,1,accepted,maths,225,0.8789,0.8366
p0203,heldout,2,accepted,maths,225,0.831,0.7191
p0203,heldout,3,rejected,maths,225,1.244,1.131
p0205,heldout,1,accepted,maths,72,0.8967,0.7926
p0198,heldout,1,accepted,maths,363,0.9657,0.8043
p0201,heldout,1,accepted,maths,324,1.254,1.103
p0201,heldout,4,rejected,maths,324,1.342,1.248
p0203,heldout,1,accepted,maths,228,0.6931,0.5903
p0205,heldout,4,unreached,maths,77,1.175,1.142
p0198,heldout,1,accepted,maths,367,0.8397,0.6997
p0198,heldout,2,accepted,maths,367,1.093,0.9607
p0201,heldout,1,accepted,maths,328,1.246,1.179
p0203,heldout,3,unreached,maths,231,0.9768,0.8594
p0203,heldout,4,unreached,maths,231,1.193,1.173
p0198,heldout,2,accepted,maths,372,1.112,0.9898
p0198,heldout,3,accepted,maths,372,0.9742,0.8521
p0201,heldout,1,rejected,maths,333,0.5892,0.5151
p0203,heldout,1,accepted,maths,233,1.109,1.084
p0203,heldout,3,accepted,maths,233,1.07,1.073
p0205,heldout,3,accepted,maths,81,1.029,0.8918
p0201,heldout,2,accepted,maths,334,0.878,0.7065
p0201,heldout,4,accepted,maths,334,1.126,1.055
p0203,heldout,1,accepted,maths,237,1.229,1.109
p0203,heldout,4,unreached,maths,237,1.197,1.142
p0198,heldout,2,rejected,maths,378,0.8744,0.8179
p0201,heldout,2,unreached,maths,339,0.8363,0.6817
p0201,heldout,3,unreached,maths,339,1.112,0.9712
p0203,heldout,2,accepted,maths,239,1.229,1.149
p0203,heldout,4,accepted,maths,239,1.177,1.049
p0205,heldout,1,accepted,maths,88,0.8903,0.7468
p0201,heldout,4,accepted,maths,340,1.126,0.9689
p0203,heldout,3,accepted,maths,244,1.222,1.076
p0205,heldout,1,accepted,maths,93,1.055,0.9132
p0205,heldout,2,accepted,maths,93,1.2,1.139
p0205,heldout,3,accepted,maths,93,1.172,1.153
p0205,heldout,4,accepted,maths,93,1.279,1.266
p0198,heldout,1,accepted,maths,382,1.03,0.9108
p0198,heldout,2,accepted,maths,382,1.121,1.072
p0198,heldout,3,accepted,maths,382,1.198,1.106
p0203,heldout,3,accepted,maths,249,1.172,1.018
p0205,heldout,2,accepted,maths,98,1.105,1.021
p0205,heldout,3,accepted,maths,98,1.096,1.039
p0198,heldout,3,accepted,maths,387,1.071,1.059
p0203,heldout,3,accepted,maths,254,1.056,0.9869
p0198,heldout,2,accepted,maths,392,0.7284,0.6492
p0198,heldout,3,accepted,maths,392,1.12,0.9446
p0201,heldout,3,accepted,maths,354,1.164,1.053
p0203,heldout,2,accepted,maths,259,1.251,1.182
p0203,heldout,3,accepted,maths,259,1.098,1.06
p0203,heldout,4,rejected,maths,259,1.046,0.9731
p0205,heldout,1,accepted,maths,105,0.6527,0.5992
p0205,heldout,2,accepted,maths,105,1.079,1.01
p0205,heldout,4,accepted,maths,105,1.066,0.9207
p0198,heldout,3,rejected,maths,397,0.8554,0.7551
p0203,heldout,2,accepted,maths,263,1.052,0.9579
p0203,heldout,3,accepted,maths,263,1.089,0.964
p0205,heldout,1,accepted,maths,110,0.5995,0.4482
p0198,heldout,2,accepted,maths,400,0.8054,0.7368
p0198,heldout,3,accepted,maths,400,1.1,1.003
p0201,heldout,1,accepted,maths,364,1.175,1.106
p0203,heldout,4,unreached,maths,268,1.233,1.169
p0205,heldout,4,unreached,maths,113,1.271,1.144
p0198,heldout,1,accepted,maths,405,1.042,0.9032
p0201,heldout,2,accepted,maths,369,1.032,0.9245
p0203,heldout,4,accepted,maths,271,1.123,1.079
p0198,heldout,2,accepted,maths,407,1.016,0.9074
p0201,heldout,2,rejected,maths,372,0.8932,0.7728
p0201,heldout,3,unreached,maths,372,0.8994,0.7647
p0203,heldout,2,accepted,maths,276,1.353,1.241
p0201,heldout,3,unreached,maths,374,1.199,1.137
p0201,heldout,4,unreached,maths,374,1.076,1.056
p0203,heldout,2,accepted,maths,281,0.9402,0.915
p0203,heldout,3,accepted,maths,281,1.047,0.9318
p0205,heldout,1,accepted,maths,119,0.7488,0.6754
p0198,heldout,2,accepted,maths,416,1.035,0.8968
p0198,heldout,3,accepted,maths,416,1.065,1.072
p0201,heldout,2,rejected,maths,376,1.08,1.113
p0201,heldout,4,unreached,maths,376,1.274,1.188
p0203,heldout,2,accepted,maths,286,1.122,1.114
p0203,heldout,3,accepted,maths,286,1.172,1.09
p0205,heldout,2,accepted,maths,124,1.032,0.923
p0205,heldout,1,accepted,maths,129,0.9231,0.7578
p0205,heldout,2,accepted,maths,129,1.14,1.026
p0205,heldout,4,rejected,maths,129,1.317,1.338
p0201,heldout,1,accepted,maths,383,0.9559,0.8896
p0201,heldout,2,accepted,maths,383,1.149,1.131
p0203,heldout,1,accepted,maths,296,0.8406,0.7291
p0205,heldout,2,accepted,maths,133,1.139,1.025
p0205,heldout,4,accepted,maths,133,1.104,0.993
p0198,heldout,1,accepted,maths,431,0.6571,0.5772
p0198,heldout,4,accepted,maths,431,1.075,1.008
p0201,heldout,2,accepted,maths,388,1.058,0.9125
p0203,heldout,3,accepted,maths,300,1.087,0.9901
p0198,heldout,4,accepted,maths,436,1.095,1.072
p0205,heldout,2,accepted,maths,143,1.319,1.07
p0205,heldout,4,accepted,maths,143,1.137,1.055
p0201,heldout,3,accepted,maths,398,1.258,1.11
p0198,heldout,2,accepted,maths,446,1.321,1.226
p0198,heldout,1,accepted,maths,451,1.012,0.92
p0198,heldout,2,accepted,maths,451,1.232,1.102
p0201,heldout,4,accepted,maths,408,1.243,1.122
p0203,heldout,1,accepted,maths,315,0.9641,0.9214
p0205,heldout,2,accepted,maths,158,1.161,1.161
p0201,heldout,4,unreached,maths,413,1.114,0.942
p0203,heldout,4,accepted,maths,318,1.305,1.151
p0205,heldout,1,accepted,maths,163,0.8162,0.7448
p0205,heldout,4,accepted,maths,163,1.015,0.9143
p0198,heldout,1,accepted,maths,457,0.8873,0.8229
p0201,heldout,2,accepted,maths,416,1.088,0.9799
p0198,heldout,1,accepted,maths,462,0.7554,0.6837
p0198,heldout,3,accepted,maths,462,1.095,0.995
p0198,heldout,4,accepted,maths,462,1.228,1.051
p0201,heldout,3,accepted,maths,421,1.178,1.087
p0203,heldout,1,accepted,maths,328,1.03,0.944
p0203,heldout,2,rejected,maths,328,1.077,0.9879
p0198,heldout,3,accepted,maths,467,1.14,1.054
p0201,heldout,2,accepted,maths,431,1.206,1.047
p0203,heldout,2,accepted,maths,335,1.172,1.062
p0203,heldout,4,accepted,maths,335,1.225,1.1
p0205,heldout,1,accepted,maths,183,0.9717,0.8593
p0205,heldout,3,accepted,maths,183,1.087,1.114
p0201,heldout,2,accepted,maths,436,1.221,1.218
p0203,heldout,4,accepted,maths,340,1.165,1.046
p0205,heldout,2,accepted,maths,188,1.047,0.9258
p0205,heldout,3,accepted,maths,188,1.111,0.9747
p0206,heldout,1,accepted,maths,99,1.054,0.9171
p0201,heldout,4,accepted,maths,441,1.058,0.9251
p0206,heldout,3,accepted,maths,104,0.8852,0.6828
p0203,heldout,4,accepted,maths,350,1.146,1.077
p0205,heldout,2,accepted,maths,198,1.297,1.18
p0205,heldout,4,accepted,maths,198,1.127,0.9466
p0206,heldout,1,accepted,maths,109,0.6949,0.5324
p0201,heldout,4,unreached,maths,451,1.223,1.124
p0203,heldout,2,accepted,maths,355,1.195,1.019
p0205,heldout,2,accepted,maths,203,1.03,0.8929
p0205,heldout,3,accepted,maths,203,1.059,0.8908
p0205,heldout,4,accepted,maths,203,1.189,1.037
p0201,heldout,2,accepted,maths,453,1.196,0.9791
p0203,heldout,2,accepted,maths,360,0.9799,0.8431
p0203,heldout,4,accepted,maths,360,1.232,1.067
p0205,heldout,2,accepted,maths,208,1.127,1.037
p0206,heldout,3,accepted,maths,119,1.153,1.011
p0203,heldout,1,accepted,maths,365,0.9794,0.9163
p0205,heldout,2,accepted,maths,211,1.014,0.8854
p0203,heldout,3,unreached,maths,370,1.222,1.19
p0206,heldout,4,accepted,maths,125,0.8504,0.6914
p0205,heldout,3,rejected,maths,221,1,0.8841
p0206,heldout,3,unreached,maths,130,0.9489,0.8186
p0207,heldout,3,accepted,maths,37,1.318,1.195
p0205,heldout,1,accepted,maths,224,0.7977,0.6507
p0206,heldout,1,rejected,maths,131,0.9105,0.7571
p0207,heldout,3,accepted,maths,42,0.9995,0.8326
p0207,heldout,4,accepted,maths,42,1.077,1.033
p0203,heldout,2,accepted,maths,380,0.9081,0.8092
p0203,heldout,4,accepted,maths,380,1.077,1.091
p0207,heldout,3,accepted,maths,47,1.107,0.9715
p0203,heldout,2,accepted,maths,385,1.155,1.084
p0203,heldout,4,rejected,maths,385,1.074,0.9307
p0206,heldout,4,unreached,maths,133,1.058,0.9699
p0205,heldout,2,accepted,maths,233,1.034,0.8949
p0205,heldout,4,accepted,maths,233,1.073,0.9691
p0205,heldout,2,accepted,maths,238,0.8439,0.776
p0205,heldout,4,unreached,maths,238,1.088,0.9729
p0206,heldout,3,unreached,maths,139,0.9621,0.8372
p0205,heldout,1,accepted,maths,241,0.8958,0.7852
p0206,heldout,2,accepted,maths,141,1.1,0.9398
p0207,heldout,2,accepted,maths,66,1.33,1.142
p0207,heldout,3,accepted,maths,66,0.957,0.8293
p0205,heldout,2,accepted,maths,244,0.9392,0.8325
p0205,heldout,4,rejected,maths,244,0.9947,0.8691
p0206,heldout,1,accepted,maths,146,1.089,0.9628
p0207,heldout,1,accepted,maths,71,1.241,1.226
p0206,heldout,2,accepted,maths,149,1.042,0.9843
p0207,heldout,2,accepted,maths,75,1.162,1.022
p0207,heldout,3,accepted,maths,75,1.04,0.8981
p0207,heldout,4,accepted,maths,75,1.119,1.064
p0205,heldout,1,accepted,maths,251,0.8759,0.7948
p0205,heldout,2,accepted,maths,251,0.9637,0.7988
p0206,heldout,2,accepted,maths,154,0.8718,0.7684
p0207,heldout,2,accepted,maths,80,1.068,0.9449
p0205,heldout,3,rejected,maths,256,1.112,1.042
p0205,heldout,4,unreached,maths,256,1.197,1.082
p0205,heldout,4,accepted,maths,259,1.138,1.125
p0206,heldout,4,unreached,maths,159,0.9791,0.9276
p0207,heldout,1,accepted,maths,87,0.8455,0.7092
p0212,heldout,3,accepted,maths,32,1.199,1.052
p0212,heldout,4,accepted,maths,32,1.27,1.11
p0206,heldout,1,accepted,maths,161,0.615,0.5422
p0206,heldout,3,rejected,maths,161,0.9297,0.821
p0207,heldout,2,rejected,maths,91,0.8536,0.7143
p0207,heldout,4,unreached,maths,91,1.16,1.042
p0212,heldout,1,accepted,maths,37,1.003,0.8753
p0206,heldout,3,accepted,maths,164,1.144,1.041
p0207,heldout,4,unreached,maths,93,1.075,1.119
p0212,heldout,4,accepted,maths,42,1.253,1.192
p0205,heldout,1,accepted,maths,274,0.8835,0.758
p0206,heldout,1,accepted,maths,169,0.5817,0.5486
p0206,heldout,2,accepted,maths,169,0.7391,0.6318
p0207,heldout,2,accepted,maths,96,1.047,1.034
p0212,heldout,1,accepted,maths,47,0.8344,0.7627
p0212,heldout,2,accepted,maths,47,1.179,1.134
p0212,heldout,1,accepted,maths,52,0.9828,0.9265
p0212,heldout,3,accepted,maths,52,1.112,1.046
p0212,heldout,4,accepted,maths,52,1.14,1.079
p0205,heldout,1,accepted,maths,284,1.096,0.9904
p0206,heldout,2,accepted,maths,179,1.165,1.091
p0206,heldout,3,accepted,maths,179,1.19,1.097
p0212,heldout,3,unreached,maths,57,1.045,0.9387
p0205,heldout,1,accepted,maths,288,1.041,0.8627
p0205,heldout,4,accepted,maths,288,1.113,0.9143
p0207,heldout,1,accepted,maths,111,1.227,1.202
p0207,heldout,2,accepted,maths,111,1.178,1.076
p0207,heldout,3,accepted,maths,111,1.173,1.032
p0206,heldout,1,accepted,maths,187,0.8301,0.7248
p0206,heldout,3,unreached,maths,187,0.922,0.7901
p0212,heldout,4,unreached,maths,62,1.119,0.9438
p0205,heldout,2,accepted,maths,298,1.008,0.9396
p0205,heldout,3,accepted,maths,298,1.215,1.165
p0206,heldout,2,accepted,maths,189,0.9549,0.8162
p0207,heldout,4,accepted,maths,120,0.9456,0.8897
p0212,heldout,2,accepted,maths,64,0.9165,0.7646
p0205,heldout,1,accepted,maths,303,1.088,0.9383
p0206,heldout,1,accepted,maths,192,0.8203,0.7474
p0206,heldout,4,unreached,maths,192,1.258,1.207
p0207,heldout,4,unreached,maths,125,0.8577,0.8203
p0205,heldout,2,accepted,maths,308,1.042,0.8804
p0206,heldout,3,rejected,maths,194,0.776,0.655
p0207,heldout,4,accepted,maths,128,0.9788,0.8673
p0212,heldout,1,rejected,maths,74,0.848,0.7664
p0205,heldout,2,accepted,maths,313,1.218,1.202
p0206,heldout,4,unreached,maths,197,1.192,1.036
p0207,heldout,1,accepted,maths,133,0.9921,0.8228
p0207,heldout,2,accepted,maths,133,1.003,0.8714
p0207,heldout,1,accepted,maths,136,0.5816,0.4934
p0207,heldout,3,accepted,maths,136,1.032,0.9133
p0207,heldout,4,accepted,maths,136,1.012,0.8471
p0212,heldout,2,accepted,maths,80,1.009,0.9481
p0205,heldout,1,accepted,maths,321,1.021,0.9307
p0205,heldout,4,accepted,maths,321,0.9962,0.9476
p0207,heldout,3,accepted,maths,141,1.07,0.9222
p0207,heldout,4,rejected,maths,141,1.059,0.9073
p0207,heldout,1,accepted,maths,145,0.7766,0.6243
p0207,heldout,2,accepted,maths,145,1.009,0.8781
p0212,heldout,1,accepted,maths,90,0.6525,0.5414
p0205,heldout,2,accepted,maths,330,0.8703,0.6976
p0205,heldout,3,accepted,maths,330,1.104,0.9802
p0205,heldout,4,rejected,maths,330,1.025,0.8745
p0206,heldout,3,unreached,maths,210,0.9542,0.7906
p0207,heldout,3,unreached,maths,148,0.8676,0.8226
p0207,heldout,4,unreached,maths,148,1.12,1.094
p0212,heldout,2,unreached,maths,93,0.8669,0.8152
p0205,heldout,3,accepted,maths,334,1.148,1.054
p0207,heldout,1,accepted,maths,149,0.8206,0.6873
p0207,heldout,2,accepted,maths,149,0.8608,0.8109
p0212,heldout,1,accepted,maths,94,0.8517,0.7591
p0205,heldout,1,accepted,maths,338,1.078,0.989
p0206,heldout,3,accepted,maths,213,0.9377,0.7939
p0212,heldout,1,accepted,maths,99,0.9841,0.8576
p0212,heldout,3,accepted,maths,99,1.121,1.075
p0205,heldout,1,accepted,maths,343,0.7775,0.6934
p0207,heldout,4,accepted,maths,159,0.9305,0.8947
p0212,heldout,1,accepted,maths,104,0.4618,0.3859
p0212,heldout,2,accepted,maths,104,0.8618,0.8256
p0205,heldout,4,accepted,maths,348,1.106,0.9101
p0206,heldout,1,accepted,maths,223,0.7337,0.6424
p0207,heldout,3,rejected,maths,164,1.043,0.9707
p0212,heldout,4,accepted,maths,109,1.238,1.183
p0205,heldout,1,accepted,maths,353,0.9923,0.8377
p0205,heldout,2,accepted,maths,353,1.214,1.035
p0207,heldout,2,unreached,maths,167,1.061,1.097
p0207,heldout,4,unreached,maths,167,1.141,1.002
p0212,heldout,3,accepted,maths,114,1.065,0.9957
p0205,heldout,3,accepted,maths,358,1.162,1.044
p0206,heldout,3,accepted,maths,232,1.125,1.045
p0207,heldout,2,accepted,maths,168,0.9096,0.8437
p0212,heldout,3,unreached,maths,119,0.8817,0.7972
p0205,heldout,4,accepted,maths,363,1.075,0.8838
p0206,heldout,1,accepted,maths,237,0.912,0.7672
p0207,heldout,4,accepted,maths,173,1.117,1.028
p0205,heldout,3,accepted,maths,368,1.223,1.035
p0212,heldout,3,rejected,maths,124,0.8994,0.8172
p0205,heldout,1,accepted,maths,373,0.8769,0.8254
p0205,heldout,2,accepted,maths,373,1.183,1.16
p0205,heldout,4,accepted,maths,373,1.275,1.143
p0206,heldout,2,accepted,maths,246,1.341,1.205
p0205,heldout,3,accepted,maths,378,1.138,1.028
p0205,heldout,4,accepted,maths,378,1.129,0.9815
p0206,heldout,2,accepted,maths,251,1.038,0.9174
p0207,heldout,1,accepted,maths,185,0.9604,0.8422
p0207,heldout,2,rejected,maths,185,0.9029,0.7868
p0207,heldout,3,unreached,maths,185,0.9841,0.843
p0212,heldout,3,accepted,maths,132,0.6601,0.6083
p0206,heldout,1,accepted,maths,254,1.032,0.9805
p0206,heldout,3,rejected,maths,254,1.177,1.166
p0206,heldout,4,unreached,maths,254,1.223,1.162
p0207,heldout,3,accepted,maths,187,1.102,1.067
p0207,heldout,1,accepted,maths,192,0.6798,0.5661
p0207,heldout,2,accepted,maths,192,0.8275,0.7343
p0207,heldout,3,accepted,maths,192,0.8507,0.7442
p0207,heldout,4,accepted,maths,192,0.8699,0.8035
p0212,heldout,4,accepted,maths,142,0.8946,0.8002
p0206,heldout,1,accepted,maths,262,0.8738,0.7225
p0207,heldout,3,accepted,maths,197,1.066,1.033
p0212,heldout,2,rejected,maths,147,0.8078,0.7035
p0205,heldout,1,accepted,maths,398,1.021,0.8897
p0205,heldout,4,unreached,maths,398,1.065,1.007
p0206,heldout,3,unreached,maths,264,0.8567,0.6887
p0207,heldout,1,rejected,maths,202,0.6564,0.5473
p0212,heldout,1,accepted,maths,149,0.7344,0.6742
p0207,heldout,2,accepted,maths,203,0.778,0.6255
p0212,heldout,2,accepted,maths,151,0.8902,0.7911
p0212,heldout,3,accepted,maths,151,1.147,1.109
p0205,heldout,2,accepted,maths,401,1.163,1.111
p0205,heldout,4,unreached,maths,401,1.09,0.9491
p0206,heldout,1,rejected,maths,270,0.7931,0.6908
p0206,heldout,3,unreached,maths,270,0.8789,0.8412
p0206,heldout,4,unreached,maths,270,0.8922,0.7707
p0207,heldout,1,accepted,maths,206,0.8871,0.8476
p0205,heldout,1,accepted,maths,404,1.041,0.8553
p0205,heldout,4,unreached,maths,404,1.086,1.028
p0212,heldout,2,accepted,maths,161,1.053,0.9276
p0205,heldout,3,accepted,maths,406,0.9849,0.8384
p0207,heldout,1,accepted,maths,214,0.6627,0.5544
p0212,heldout,4,unreached,maths,166,1.141,0.9651
p0206,heldout,2,accepted,maths,278,1.019,0.9436
p0206,heldout,3,accepted,maths,278,1.208,1.059
p0205,heldout,1,accepted,maths,416,1,0.8977
p0205,heldout,2,accepted,maths,416,1.058,0.9487
p0206,heldout,2,accepted,maths,283,1.095,0.9216
p0206,heldout,4,accepted,maths,283,1.124,0.9855
p0207,heldout,1,accepted,maths,217,0.7599,0.6293
p0207,heldout,3,rejected,maths,217,0.8008,0.7561
p0205,heldout,3,accepted,maths,421,1.18,0.9892
p0206,heldout,2,accepted,maths,288,1.052,1.033
p0206,heldout,4,accepted,maths,288,1.198,1.116
p0212,heldout,1,accepted,maths,173,0.9837,0.8795
p0206,heldout,1,accepted,maths,293,1.329,1.219
p0207,heldout,4,rejected,maths,225,0.87,0.7407
p0212,heldout,3,unreached,maths,176,1.106,1.005
p0207,heldout,1,rejected,maths,229,0.8415,0.8191
p0212,heldout,4,accepted,maths,178,1.21,1.079
p0206,heldout,4,accepted,maths,303,1.135,1.071
p0207,heldout,1,accepted,maths,231,0.985,0.9654
p0212,heldout,2,accepted,maths,188,0.6749,0.582
p0212,heldout,4,rejected,maths,188,0.8938,0.8474
p0207,heldout,3,accepted,maths,234,0.8607,0.751
p0212,heldout,1,accepted,maths,192,0.9229,0.7557
p0212,heldout,3,accepted,maths,192,0.8676,0.7474
p0206,heldout,2,accepted,maths,318,1.079,0.988
p0212,heldout,2,unreached,maths,196,1.095,1.034
p0207,heldout,3,rejected,maths,240,1.033,1.071
p0207,heldout,4,unreached,maths,240,0.9719,0.8575
p0206,heldout,3,accepted,maths,327,0.8973,0.7514
p0207,heldout,1,accepted,maths,243,0.7801,0.6773
p0212,heldout,2,accepted,maths,201,1.127,1.097
p0206,heldout,2,rejected,maths,331,1.261,1.275
p0206,heldout,4,unreached,maths,331,1.125,0.9866
p0207,heldout,3,accepted,maths,248,0.8135,0.7448
p0206,heldout,3,rejected,maths,333,1.224,1.111
p0207,heldout,1,accepted,maths,253,0.7144,0.6081
p0207,heldout,2,accepted,maths,253,0.991,0.9866
p0212,heldout,2,accepted,maths,211,0.968,0.9327
p0206,heldout,1,accepted,maths,336,1.073,1.001
p0206,heldout,2,accepted,maths,336,1.227,1.106
p0206,heldout,4,accepted,maths,336,1.281,1.223
p0207,heldout,2,rejected,maths,258,0.9161,0.8178
p0212,heldout,1,accepted,maths,216,0.8851,0.7961
p0207,heldout,1,accepted,maths,260,0.6516,0.5288
p0207,heldout,2,accepted,maths,260,0.8724,0.7651
p0212,heldout,4,accepted,maths,219,1.175,1.096
p0207,heldout,2,accepted,maths,265,0.8859,0.763
p0207,heldout,3,accepted,maths,265,0.7861,0.6908
p0212,heldout,4,accepted,maths,224,1.138,0.9757
p0207,heldout,2,accepted,maths,269,0.8996,0.7639
p0212,heldout,2,accepted,maths,229,0.9086,0.8285
p0206,heldout,2,rejected,maths,352,1.224,1.041
p0206,heldout,4,unreached,maths,352,1.194,1.098
p0207,heldout,2,accepted,maths,274,0.9777,0.9233
p0212,heldout,1,accepted,maths,234,0.8725,0.8128
p0212,heldout,3,accepted,maths,234,0.9491,0.8601
p0212,heldout,4,accepted,maths,234,1.187,1.099
p0206,heldout,1,accepted,maths,354,1.03,0.8275
p0207,heldout,2,accepted,maths,277,0.8588,0.7452
p0212,heldout,2,accepted,maths,239,0.9184,0.7431
p0206,heldout,1,accepted,maths,359,1.047,0.9379
p0206,heldout,2,accepted,maths,359,0.9503,0.8076
p0206,heldout,4,accepted,maths,359,1.249,1.176
p0212,heldout,1,accepted,maths,244,0.956,0.6958
p0212,heldout,4,accepted,maths,244,1.172,1.044
p0206,heldout,4,accepted,maths,364,0.821,0.7958
p0207,heldout,2,unreached,maths,285,0.9138,0.7995
p0206,heldout,4,accepted,maths,369,1.097,0.9691
p0207,heldout,3,accepted,maths,286,0.9015,0.8746
p0207,heldout,4,accepted,maths,286,1.101,0.9967
p0206,heldout,1,accepted,maths,374,0.625,0.4842
p0206,heldout,4,rejected,maths,374,0.848,0.7289
p0207,heldout,3,accepted,maths,291,1.109,1.107
p0206,heldout,4,unreached,maths,378,0.9057,0.7685
p0212,heldout,1,accepted,maths,264,1.038,0.9598
p0212,heldout,3,accepted,maths,264,1.034,0.9043
p0206,heldout,1,accepted,maths,379,0.9015,0.7689
p0206,heldout,2,accepted,maths,379,0.8595,0.709
p0212,heldout,4,unreached,maths,269,0.9001,0.7999
p0212,heldout,3,unreached,maths,271,0.947,0.853
p0207,heldout,1,accepted,maths,308,0.9858,0.8409
p0207,heldout,2,accepted,maths,308,0.8856,0.7825
p0206,heldout,2,accepted,maths,389,1.086,0.9475
p0206,heldout,4,accepted,maths,389,0.9262,0.8765
p0207,heldout,3,unreached,maths,313,0.9335,0.8453
p0212,heldout,4,accepted,maths,278,1.31,1.229
p0206,heldout,2,accepted,maths,394,0.8746,0.7499
p0207,heldout,4,accepted,maths,314,1.24,1.181
p0206,heldout,2,accepted,maths,398,1.003,0.8716
p0207,heldout,1,accepted,maths,319,0.7734,0.6417
p0212,heldout,1,rejected,maths,286,0.9703,0.8821
p0212,heldout,2,unreached,maths,286,1.023,0.9989
p0212,heldout,3,unreached,maths,286,1.124,1.039
p0206,heldout,2,rejected,maths,401,0.7656,0.6625
p0206,heldout,3,unreached,maths,401,0.988,0.9376
p0207,heldout,3,accepted,maths,324,1.175,1.067
p0212,heldout,1,accepted,maths,287,0.9795,0.8651
p0206,heldout,1,accepted,maths,403,1.054,0.9844
p0206,heldout,2,rejected,maths,403,0.8076,0.7807
p0206,heldout,4,unreached,maths,403,0.8485,0.7312
p0207,heldout,2,accepted,maths,329,1.116,1.044
p0206,heldout,2,accepted,maths,405,0.7863,0.7133
p0207,heldout,1,accepted,maths,334,0.9828,0.866
p0206,heldout,1,accepted,maths,409,0.7972,0.7071
p0206,heldout,3,accepted,maths,409,0.971,0.9248
p0207,heldout,2,accepted,maths,339,1.122,0.9353
p0212,heldout,1,accepted,maths,301,0.8096,0.6914
p0212,heldout,3,accepted,maths,301,1.129,1.014
p0207,heldout,2,accepted,maths,344,1.106,1.094
p0212,heldout,1,accepted,maths,306,0.8849,0.8045
p0207,heldout,1,accepted,maths,349,0.9654,0.8738
p0207,heldout,2,accepted,maths,349,1.145,1.078
p0212,heldout,1,accepted,maths,311,1.081,0.9969
p0212,heldout,2,accepted,maths,311,1.273,1.17
p0206,heldout,1,accepted,maths,422,0.6512,0.5523
p0206,heldout,2,accepted,maths,422,1.112,1.091
p0206,heldout,3,accepted,maths,422,1.132,1.111
p0206,heldout,1,accepted,maths,427,0.9818,0.868
p0206,heldout,3,accepted,maths,427,1.262,1.244
p0206,heldout,4,rejected,maths,427,1.222,1.15
p0212,heldout,3,accepted,maths,321,1.215,1.098
p0207,heldout,2,accepted,maths,363,1.081,1.039
p0212,heldout,2,accepted,maths,326,1.145,1.028
p0214,heldout,2,accepted,maths,95,1.113,0.9201
p0214,heldout,4,accepted,maths,95,1.09,0.9629
p0206,heldout,3,accepted,maths,435,1.3,1.141
p0207,heldout,1,accepted,maths,368,0.9456,0.8462
p0207,heldout,4,accepted,maths,368,1.238,1.134
p0214,heldout,2,accepted,maths,100,0.9975,1.01
p0206,heldout,3,accepted,maths,440,0.8449,0.7455
p0206,heldout,4,accepted,maths,440,1.048,0.9683
p0212,heldout,1,accepted,maths,335,0.8679,0.7855
p0212,heldout,4,accepted,maths,335,1.073,1.01
p0206,heldout,3,accepted,maths,445,1.245,1.125
p0212,heldout,3,accepted,maths,340,1.234,1.199
p0206,heldout,3,rejected,maths,449,1.261,1.151
p0212,heldout,3,accepted,maths,345,1.16,1.063
p0214,heldout,2,accepted,maths,115,1.046,0.8758
p0214,heldout,4,accepted,maths,115,1.108,1.087
p0206,heldout,1,accepted,maths,452,0.8723,0.8335
p0207,heldout,1,accepted,maths,388,0.7026,0.558
p0212,heldout,2,accepted,maths,350,1.115,0.995
p0212,heldout,4,accepted,maths,350,1.199,1.252
p0214,heldout,2,accepted,maths,120,1.08,1.001
p0206,heldout,4,accepted,maths,456,1.134,1.001
p0207,heldout,4,accepted,maths,390,1.061,1.032
p0214,heldout,1,accepted,maths,125,1.111,1.018
p0207,heldout,1,accepted,maths,395,0.6095,0.4932
p0207,heldout,2,accepted,maths,395,0.7346,0.632
p0207,heldout,3,rejected,maths,395,0.9183,0.8071
p0212,heldout,3,unreached,maths,360,1.17,1.114
p0214,heldout,2,accepted,maths,130,1.127,1.003
p0214,heldout,3,accepted,maths,130,1.313,1.201
p0212,heldout,1,accepted,maths,362,0.6305,0.5213
p0212,heldout,2,accepted,maths,362,0.8547,0.7986
p0212,heldout,4,accepted,maths,362,1.126,1.077
p0214,heldout,1,accepted,maths,135,1.207,1.018
p0207,heldout,1,accepted,maths,403,1.021,0.8921
p0212,heldout,1,accepted,maths,367,0.991,0.8991
p0212,heldout,2,accepted,maths,367,0.6404,0.5901
p0214,heldout,1,accepted,maths,140,1.238,1.09
p0214,heldout,2,accepted,maths,140,1.143,0.9913
p0214,heldout,3,accepted,maths,140,1.258,1.08
p0207,heldout,3,rejected,maths,408,1.094,1.031
p0212,heldout,4,unreached,maths,372,0.8764,0.7733
p0214,heldout,4,rejected,maths,145,1.026,0.9177
p0206,heldout,1,accepted,maths,481,0.8845,0.8207
p0207,heldout,2,unreached,maths,411,0.8462,0.7431
p0214,heldout,3,unreached,maths,149,1.104,0.9658
p0207,heldout,2,accepted,maths,412,1.124,1.083
p0207,heldout,3,accepted,maths,412,1.067,1.062
p0212,heldout,4,unreached,maths,375,1.116,1.066
p0214,heldout,2,accepted,maths,151,1.034,0.9772
p0214,heldout,3,accepted,maths,151,1.118,1.051
p0207,heldout,3,accepted,maths,417,1.162,1.098
p0207,heldout,4,accepted,maths,417,1.188,1.06
p0214,heldout,2,accepted,maths,155,0.9314,0.8082
p0214,heldout,4,accepted,maths,158,1.087,0.934
p0216,heldout,3,accepted,maths,79,1.079,0.9461
p0217,heldout,1,rejected,maths,50,1.155,1.062
p0217,heldout,3,unreached,maths,50,1.106,1.103
p0214,heldout,1,accepted,maths,163,0.8158,0.6242
p0214,heldout,2,accepted,maths,163,0.9859,0.8766
p0214,heldout,4,rejected,maths,163,1.13,1.065
p0216,heldout,2,accepted,maths,84,0.9791,0.8378
p0216,heldout,4,accepted,maths,84,1.149,1.092
p0218,heldout,2,accepted,maths,44,1.052,0.9608
p0218,heldout,3,accepted,maths,44,0.9831,0.8975
p0212,heldout,2,accepted,maths,393,1.008,0.9081
p0212,heldout,4,accepted,maths,393,1.169,1.062
p0214,heldout,2,accepted,maths,167,1.088,0.9671
p0216,heldout,1,accepted,maths,89,1.048,0.9731
p0218,heldout,2,accepted,maths,49,1.166,1.127
p0218,heldout,3,accepted,maths,49,1.115,1.01
p0214,heldout,3,accepted,maths,170,1.139,1.006
p0214,heldout,4,accepted,maths,170,1.268,1.117
p0216,heldout,1,accepted,maths,93,0.793,0.6979
p0216,heldout,2,rejected,maths,93,0.7575,0.6592
p0217,heldout,2,rejected,maths,60,0.6946,0.5828
p0219,heldout,3,accepted,maths,53,1.144,0.9879
p0219,heldout,4,accepted,maths,53,1.227,1.027
p0212,heldout,2,accepted,maths,402,0.9887,0.8542
p0212,heldout,4,rejected,maths,402,1.067,1.018
p0214,heldout,3,accepted,maths,175,1.311,1.104
p0214,heldout,4,accepted,maths,175,1.212,1.079
p0217,heldout,3,accepted,maths,62,0.9933,0.9335
p0217,heldout,4,accepted,maths,62,1.035,1.006
p0219,heldout,1,accepted,maths,58,0.8288,0.6579
p0214,heldout,2,accepted,maths,180,1.264,1.137
p0217,heldout,1,accepted,maths,67,0.91,0.6724
p0217,heldout,2,accepted,maths,67,0.8802,0.7282
p0219,heldout,2,rejected,maths,63,0.9667,0.8396
p0212,heldout,2,unreached,maths,408,1.036,1.025
p0212,heldout,3,unreached,maths,408,1.069,0.9967
p0214,heldout,1,accepted,maths,185,1.173,1.007
p0214,heldout,2,accepted,maths,185,1.04,0.8409
p0214,heldout,4,rejected,maths,185,0.8978,0.8911
p0216,heldout,4,accepted,maths,101,1.056,0.9403
p0217,heldout,2,accepted,maths,72,0.9334,0.9488
p0217,heldout,3,accepted,maths,72,1.009,0.9654
p0218,heldout,2,accepted,maths,65,0.9503,0.8235
p0212,heldout,1,accepted,maths,409,0.8189,0.644
p0214,heldout,1,accepted,maths,189,0.8612,0.7145
p0214,heldout,2,accepted,maths,189,1.07,1.037
p0214,heldout,3,accepted,maths,189,1.128,1.124
p0214,heldout,4,accepted,maths,189,1.093,1.005
p0216,heldout,2,accepted,maths,106,0.7865,0.6967
p0218,heldout,2,accepted,maths,70,1.039,0.9727
p0218,heldout,3,accepted,maths,70,0.8503,0.7295
p0219,heldout,2,rejected,maths,67,0.9895,0.8781
p0212,heldout,1,accepted,maths,413,0.8152,0.6282
p0214,heldout,3,accepted,maths,194,1.178,1.06
p0214,heldout,4,accepted,maths,194,1.236,1.025
p0216,heldout,2,accepted,maths,109,0.679,0.5808
p0217,heldout,1,accepted,maths,81,0.783,0.6807
p0217,heldout,2,accepted,maths,81,1.116,1.02
p0218,heldout,1,accepted,maths,75,0.8152,0.7451
p0218,heldout,4,rejected,maths,75,0.9492,0.8344
p0219,heldout,3,rejected,maths,69,0.9664,0.8743
p0214,heldout,1,accepted,maths,199,1.058,0.9299
p0216,heldout,1,accepted,maths,112,0.7762,0.6969
p0216,heldout,4,accepted,maths,112,0.9816,0.8696
p0217,heldout,2,accepted,maths,85,1.097,1.056
p0217,heldout,3,accepted,maths,85,1.113,1.067
p0218,heldout,3,accepted,maths,79,0.8262,0.6993
p0219,heldout,1,accepted,maths,72,0.6626,0.6036
p0214,heldout,1,accepted,maths,204,0.9137,0.7718
p0214,heldout,2,accepted,maths,204,1.059,1.011
p0214,heldout,4,accepted,maths,204,1.075,0.8933
p0216,heldout,4,unreached,maths,117,0.9737,0.96
p0218,heldout,1,accepted,maths,84,0.7428,0.6754
p0218,heldout,2,accepted,maths,84,1.101,1.063
p0218,heldout,4,accepted,maths,84,1.106,1.05
p0214,heldout,2,accepted,maths,209,0.8553,0.8102
p0214,heldout,3,accepted,maths,209,1.129,1.003
p0214,heldout,4,accepted,maths,209,1.217,1.173
p0217,heldout,3,accepted,maths,95,1.162,1.178
p0214,heldout,4,unreached,maths,214,1.009,0.8696
p0216,heldout,2,accepted,maths,123,0.862,0.7992
p0217,heldout,1,accepted,maths,100,0.9471,0.7305
p0217,heldout,3,accepted,maths,100,0.994,0.8791
p0219,heldout,2,accepted,maths,83,1.111,1.006
p0219,heldout,3,accepted,maths,83,0.9644,0.8692
p0220,heldout,2,accepted,maths,85,1.007,0.8424
p0220,heldout,4,accepted,maths,85,1.059,0.9708
p0214,heldout,2,accepted,maths,217,1.153,0.9837
p0217,heldout,1,accepted,maths,105,1.284,1.121
p0218,heldout,2,accepted,maths,99,1.105,1.005
p0219,heldout,2,accepted,maths,88,0.8647,0.7661
p0220,heldout,1,accepted,maths,90,0.8321,0.7273
p0220,heldout,4,accepted,maths,90,0.9575,0.8528
p0214,heldout,2,accepted,maths,222,1.185,1.084
p0214,heldout,4,accepted,maths,222,1.081,0.9077
p0216,heldout,3,unreached,maths,127,0.8368,0.7655
p0217,heldout,1,accepted,maths,110,0.6064,0.5741
p0217,heldout,3,unreached,maths,110,1.035,0.8703
p0219,heldout,2,accepted,maths,93,0.9965,0.9379
p0220,heldout,1,accepted,maths,95,0.8306,0.7271
p0220,heldout,2,accepted,maths,95,0.8258,0.8238
p0216,heldout,1,rejected,maths,128,0.6475,0.579
p0216,heldout,2,unreached,maths,128,0.907,0.8359
p0216,heldout,3,unreached,maths,128,1.039,0.9605
p0217,heldout,4,unreached,maths,112,1.086,1.027
p0219,heldout,1,accepted,maths,98,0.8546,0.8092
p0219,heldout,4,unreached,maths,98,1.081,1.006
p0220,heldout,4,unreached,maths,98,1.041,1.009
p0214,heldout,1,accepted,maths,232,1.063,0.9365
p0214,heldout,2,accepted,maths,232,1.051,0.8832
p0216,heldout,2,unreached,maths,129,1.087,1.007
p0216,heldout,3,unreached,maths,129,1.281,1.122
p0216,heldout,4,unreached,maths,129,1.132,1.031
p0217,heldout,1,accepted,maths,113,0.7386,0.6406
p0217,heldout,4,rejected,maths,113,0.9876,0.9209
p0219,heldout,1,rejected,maths,100,0.8082,0.6968
p0219,heldout,4,unreached,maths,100,0.772,0.7217
p0220,heldout,2,accepted,maths,99,1.21,1.267
p0220,heldout,3,accepted,maths,99,1.045,0.9527
p0214,heldout,1,accepted,maths,237,1.115,1.046
p0216,heldout,1,accepted,maths,130,0.9057,0.8627
p0216,heldout,2,accepted,maths,130,1.119,0.9387
p0216,heldout,4,accepted,maths,130,1.082,0.9951
p0219,heldout,1,rejected,maths,101,0.8675,0.7161
p0214,heldout,3,unreached,maths,240,1.021,0.9224
p0216,heldout,1,accepted,maths,135,0.8578,0.7499
p0217,heldout,3,accepted,maths,122,1.089,1.037
p0218,heldout,3,unreached,maths,113,0.9061,0.7511
p0219,heldout,1,accepted,maths,102,0.8736,0.7404
p0219,heldout,2,accepted,maths,102,1.003,0.8815
p0216,heldout,1,rejected,maths,140,0.8824,0.8364
p0217,heldout,3,accepted,maths,127,1.112,1.002
p0218,heldout,1,accepted,maths,115,0.8124,0.695
p0220,heldout,1,accepted,maths,112,0.9655,0.9066
p0220,heldout,3,unreached,maths,112,0.8204,0.741
p0214,heldout,2,accepted,maths,243,0.9445,0.8197
p0214,heldout,4,accepted,maths,243,1.131,1.151
p0216,heldout,1,accepted,maths,141,0.8968,0.7611
p0217,heldout,3,unreached,maths,132,0.9779,0.9314
p0216,heldout,4,accepted,maths,146,0.8181,0.7978
p0218,heldout,3,accepted,maths,122,0.9153,0.7602
p0219,heldout,1,accepted,maths,114,0.9756,0.9187
p0219,heldout,2,accepted,maths,114,0.9518,0.9622
p0219,heldout,3,accepted,maths,114,0.8605,0.7892
p0219,heldout,4,accepted,maths,114,1.137,1.109
p0214,heldout,2,unreached,maths,253,0.8942,0.7943
p0216,heldout,1,accepted,maths,151,0.9544,0.9119
p0216,heldout,4,accepted,maths,151,0.8616,0.8168
p0217,heldout,2,accepted,maths,135,0.9805,0.8076
p0218,heldout,4,unreached,maths,127,1.152,1.151
p0220,heldout,4,accepted,maths,122,1.141,1.007
p0214,heldout,1,accepted,maths,254,1.103,0.9145
p0217,heldout,3,unreached,maths,138,0.9373,0.7988
p0217,heldout,4,unreached,maths,138,0.9585,0.8239
p0218,heldout,1,accepted,maths,129,0.9359,0.8588
p0218,heldout,4,accepted,maths,129,1.22,1.068
p0216,heldout,1,accepted,maths,159,0.8102,0.7029
p0216,heldout,3,rejected,maths,159,0.859,0.7606
p0217,heldout,1,accepted,maths,140,0.9145,0.788
p0218,heldout,3,unreached,maths,134,0.9514,0.7963
p0219,heldout,4,unreached,maths,126,0.8867,0.8033
p0214,heldout,1,accepted,maths,263,0.7184,0.5618
p0216,heldout,1,accepted,maths,162,0.7876,0.8114
p0217,heldout,2,accepted,maths,145,0.9285,0.8172
p0218,heldout,1,accepted,maths,136,0.7695,0.6924
p0219,heldout,3,unreached,maths,128,0.9753,0.9637
p0220,heldout,3,accepted,maths,135,1.178,1.038
p0216,heldout,1,accepted,maths,166,0.7762,0.6404
p0217,heldout,1,accepted,maths,148,0.759,0.6617
p0218,heldout,1,accepted,maths,141,0.9253,0.8073
p0218,heldout,2,accepted,maths,141,0.9541,0.8565
p0218,heldout,4,accepted,maths,141,1.209,1.147
p0220,heldout,3,rejected,maths,140,0.8218,0.7282
p0216,heldout,1,accepted,maths,171,0.8827,0.6963
p0217,heldout,2,rejected,maths,151,0.727,0.6077
p0217,heldout,4,unreached,maths,151,0.8281,0.748
p0218,heldout,3,accepted,maths,146,1.134,0.9921
p0218,heldout,4,accepted,maths,146,1.308,1.17
p0220,heldout,2,accepted,maths,143,1.103,1.03
p0220,heldout,4,accepted,maths,143,1.157,1.156
p0214,heldout,1,accepted,maths,275,0.8061,0.6482
p0214,heldout,2,accepted,maths,275,1.096,0.9423
p0218,heldout,1,accepted,maths,151,1.137,0.9879
p0218,heldout,3,accepted,maths,151,1.179,1.079
p0218,heldout,4,accepted,maths,151,1.16,1.075
p0219,heldout,3,accepted,maths,134,0.9587,0.7459
p0219,heldout,4,accepted,maths,134,1.022,0.8785
p0220,heldout,2,accepted,maths,148,0.9213,0.8206
p0214,heldout,2,unreached,maths,280,0.9517,0.791
p0217,heldout,4,unreached,maths,154,1.068,0.9309
p0216,heldout,2,accepted,maths,179,0.7214,0.6069
p0216,heldout,4,unreached,maths,179,0.9357,0.8313
p0219,heldout,4,accepted,maths,144,0.9293,0.7844
p0220,heldout,2,rejected,maths,153,0.8553,0.7457
p0214,heldout,2,accepted,maths,285,1.061,0.9502
p0214,heldout,4,accepted,maths,285,1.172,1.007
p0217,heldout,1,accepted,maths,160,0.8377,0.6568
p0217,heldout,3,rejected,maths,160,0.8678,0.8606
p0218,heldout,3,accepted,maths,166,1.103,0.9853
p0219,heldout,3,accepted,maths,149,1.285,1.15
p0219,heldout,4,accepted,maths,149,0.9555,0.7538
p0220,heldout,1,accepted,maths,155,0.8449,0.6892
p0216,heldout,1,accepted,maths,184,0.9777,0.8945
p0216,heldout,3,unreached,maths,184,0.6937,0.592
p0216,heldout,4,unreached,maths,184,0.7464,0.6144
p0217,heldout,3,accepted,maths,163,0.8455,0.7587
p0217,heldout,4,accepted,maths,163,0.8991,0.7824
p0218,heldout,2,accepted,maths,171,1.265,1.115
p0218,heldout,3,accepted,maths,171,1.177,1.037
p0216,heldout,2,unreached,maths,186,0.7589,0.651
p0216,heldout,3,unreached,maths,186,1.174,1.08
p0217,heldout,4,unreached,maths,168,0.9811,0.8292
p0218,heldout,1,accepted,maths,176,1.176,1.033
p0218,heldout,2,accepted,maths,176,1.049,0.9326
p0220,heldout,1,accepted,maths,162,0.9363,0.9102
p0217,heldout,1,accepted,maths,171,0.7256,0.5913
p0217,heldout,4,rejected,maths,171,0.857,0.7502
p0220,heldout,1,accepted,maths,166,0.8095,0.7321
p0214,heldout,4,unreached,maths,301,0.8995,0.8112
p0216,heldout,2,accepted,maths,192,1.055,1.16
p0217,heldout,1,rejected,maths,175,0.7537,0.6322
p0217,heldout,2,unreached,maths,175,0.7657,0.6723
p0217,heldout,3,unreached,maths,175,0.8916,0.8635
p0219,heldout,3,accepted,maths,167,1.014,0.7997
p0220,heldout,1,accepted,maths,169,1.023,0.8637
p0214,heldout,1,rejected,maths,304,0.7293,0.6471
p0216,heldout,1,accepted,maths,197,0.807,0.7017
p0218,heldout,4,accepted,maths,191,1.151,0.9664
p0219,heldout,2,accepted,maths,172,1.139,0.996
p0214,heldout,3,unreached,maths,305,1.176,1.096
p0216,heldout,3,accepted,maths,202,0.8411,0.809
p0217,heldout,1,accepted,maths,181,0.8669,0.7221
p0218,heldout,1,accepted,maths,196,1.148,0.9678
p0219,heldout,3,accepted,maths,176,1.056,0.936
p0220,heldout,2,rejected,maths,179,1.192,1.14
p0217,heldout,2,unreached,maths,184,1.234,1.184
p0218,heldout,1,accepted,maths,200,0.7958,0.6783
p0219,heldout,1,accepted,maths,181,0.9655,0.8617
p0219,heldout,3,accepted,maths,181,1.103,1.052
p0219,heldout,4,accepted,maths,181,0.9424,0.8491
p0220,heldout,3,rejected,maths,181,1.099,1.065
p0220,heldout,4,unreached,maths,181,1.012,0.933
p0214,heldout,2,accepted,maths,311,1.263,1.093
p0216,heldout,1,accepted,maths,207,0.7704,0.6989
p0217,heldout,1,accepted,maths,185,1.053,0.8912
p0217,heldout,2,accepted,maths,185,1.021,0.9184
p0218,heldout,2,rejected,maths,202,0.8729,0.8054
p0220,heldout,3,accepted,maths,184,1.02,1.068
p0214,heldout,4,accepted,maths,316,1.213,0.9948
p0217,heldout,1,accepted,maths,188,0.8233,0.7347
p0217,heldout,3,accepted,maths,188,0.8625,0.7439
p0218,heldout,4,unreached,maths,204,0.8642,0.7307
p0220,heldout,1,accepted,maths,188,0.7889,0.7059
p0220,heldout,4,accepted,maths,188,1.169,1.089
p0214,heldout,2,accepted,maths,321,1.158,1.051
p0214,heldout,3,rejected,maths,321,1.244,1.174
p0217,heldout,3,accepted,maths,193,1.123,1.055
p0219,heldout,3,accepted,maths,195,1.082,0.9993
p0220,heldout,1,accepted,maths,193,1.017,0.879
p0220,heldout,4,accepted,maths,193,1.107,1.02
p0214,heldout,2,accepted,maths,324,1.154,1.052
p0216,heldout,2,accepted,maths,222,1.098,1.034
p0217,heldout,3,accepted,maths,198,1.1,1.075
p0218,heldout,1,accepted,maths,208,0.8599,0.6819
p0220,heldout,1,accepted,maths,198,1.061,0.9095
p0214,heldout,3,accepted,maths,329,1.13,1.012
p0216,heldout,4,accepted,maths,227,1.123,1.056
p0217,heldout,4,unreached,maths,203,0.9287,0.8081
p0218,heldout,1,accepted,maths,210,0.9975,0.8355
p0218,heldout,2,accepted,maths,210,1.085,0.9359
p0220,heldout,2,accepted,maths,201,1.136,1.028
p0214,heldout,2,accepted,maths,334,1.113,1.005
p0216,heldout,4,unreached,maths,232,1.012,0.9978
p0217,heldout,2,accepted,maths,206,0.8953,0.8202
p0218,heldout,1,accepted,maths,213,0.8106,0.6175
p0218,heldout,3,accepted,maths,213,1.109,0.9235
p0219,heldout,3,accepted,maths,204,0.9838,0.9122
p0220,heldout,2,rejected,maths,205,0.9633,0.8658
p0214,heldout,1,accepted,maths,339,0.9163,0.7633
p0216,heldout,1,rejected,maths,234,0.7992,0.7497
p0216,heldout,3,unreached,maths,234,1.238,1.226
p0217,heldout,3,accepted,maths,211,1.068,0.9809
p0219,heldout,3,accepted,maths,209,1.179,1.012
p0214,heldout,1,accepted,maths,344,1.036,0.9587
p0214,heldout,2,accepted,maths,344,1.03,0.8799
p0216,heldout,1,accepted,maths,235,0.7542,0.6158
p0218,heldout,1,accepted,maths,222,0.6532,0.6207
p0219,heldout,3,accepted,maths,214,1.076,0.8648
p0219,heldout,4,accepted,maths,214,1.324,1.035
p0220,heldout,2,accepted,maths,208,1.036,1.005
p0216,heldout,2,accepted,maths,240,0.9082,0.7862
p0217,heldout,3,rejected,maths,220,1.018,0.8907
p0217,heldout,4,unreached,maths,220,0.9889,0.8981
p0219,heldout,3,accepted,maths,219,1.17,0.9635
p0219,heldout,4,accepted,maths,219,1.209,1.089
p0216,heldout,2,unreached,maths,245,0.7481,0.6358
p0218,heldout,1,accepted,maths,230,0.8142,0.6974
p0218,heldout,4,accepted,maths,230,1.084,1.023
p0220,heldout,1,accepted,maths,216,0.8678,0.8453
p0220,heldout,3,unreached,maths,216,0.939,0.8243
p0216,heldout,4,unreached,maths,246,0.8768,0.7678
p0217,heldout,1,accepted,maths,226,0.8508,0.68
p0217,heldout,2,accepted,maths,226,0.9875,0.7998
p0218,heldout,3,accepted,maths,235,1.042,0.9419
p0219,heldout,1,accepted,maths,229,1.054,0.9091
p0219,heldout,4,accepted,maths,229,1.226,1.087
p0214,heldout,4,accepted,maths,362,1.105,1.038
p0216,heldout,1,accepted,maths,248,0.5961,0.5006
p0216,heldout,2,accepted,maths,248,0.8274,0.7188
p0216,heldout,4,unreached,maths,248,0.7101,0.6241
p0217,heldout,3,accepted,maths,231,0.9368,0.8052
p0217,heldout,4,accepted,maths,231,0.8425,0.7143
p0218,heldout,1,accepted,maths,240,0.8168,0.6941
p0219,heldout,1,accepted,maths,234,1.317,1.26
p0214,heldout,3,accepted,maths,367,1.171,1.037
p0218,heldout,2,accepted,maths,245,0.8377,0.6899
p0219,heldout,1,accepted,maths,239,1.121,0.9972
p0219,heldout,3,accepted,maths,239,1.192,1.02
p0219,heldout,4,accepted,maths,239,0.9997,0.8746
p0220,heldout,3,accepted,maths,227,1.073,0.9998
p0214,heldout,1,rejected,maths,371,0.9046,0.7731
p0214,heldout,3,unreached,maths,371,1.194,1.04
p0216,heldout,4,unreached,maths,256,1.047,1.001
p0218,heldout,2,accepted,maths,250,1.092,0.9246
p0220,heldout,1,accepted,maths,232,1.011,1.012
p0220,heldout,3,accepted,maths,232,1.053,0.916
p0217,heldout,1,accepted,maths,246,1.047,0.9096
p0217,heldout,2,accepted,maths,246,0.988,0.8516
p0217,heldout,3,accepted,maths,246,0.9751,0.8996
p0218,heldout,1,accepted,maths,255,1.038,0.8581
p0219,heldout,4,unreached,maths,249,1.005,0.9046
p0220,heldout,3,rejected,maths,237,1.162,0.9839
p0214,heldout,4,accepted,maths,377,1.074,0.9357
p0216,heldout,3,accepted,maths,261,1.088,1.061
p0216,heldout,4,accepted,maths,261,1.331,1.35
p0217,heldout,4,unreached,maths,251,0.9868,0.8805
p0218,heldout,2,accepted,maths,260,0.9649,0.8428
p0218,heldout,3,accepted,maths,260,1.078,0.9962
p0218,heldout,4,accepted,maths,260,1.163,1.151
p0219,heldout,1,accepted,maths,252,0.8752,0.7557
p0219,heldout,2,rejected,maths,252,1.038,0.9347
p0219,heldout,4,unreached,maths,252,1.087,0.957
p0220,heldout,1,accepted,maths,240,0.9731,0.8518
p0220,heldout,4,accepted,maths,240,1.22,1.196
p0214,heldout,4,accepted,maths,382,1.369,1.279
p0216,heldout,2,accepted,maths,266,1.027,0.9033
p0216,heldout,4,accepted,maths,266,1.064,1.012
p0217,heldout,1,accepted,maths,253,0.7764,0.6211
p0217,heldout,4,unreached,maths,253,1.216,1.15
p0218,heldout,1,accepted,maths,265,0.7947,0.7298
p0219,heldout,3,accepted,maths,254,1.036,0.8719
p0220,heldout,1,accepted,maths,245,1.113,1.053
p0214,heldout,2,accepted,maths,387,1.102,0.9898
p0216,heldout,1,accepted,maths,271,0.9273,0.8003
p0216,heldout,2,accepted,maths,271,1.42,1.386
p0217,heldout,2,rejected,maths,256,1.238,1.072
p0220,heldout,2,accepted,maths,250,1.155,1.056
p0220,heldout,4,accepted,maths,250,1.239,1.113
p0214,heldout,2,accepted,maths,392,1.098,0.9631
p0217,heldout,1,accepted,maths,258,1.012,0.9129
p0217,heldout,2,accepted,maths,258,1.138,0.9469
p0217,heldout,3,accepted,maths,258,1.188,1.003
p0218,heldout,1,accepted,maths,275,1.029,0.9381
p0218,heldout,2,accepted,maths,275,1.07,1.038
p0219,heldout,1,accepted,maths,263,0.8324,0.7781
p0220,heldout,1,accepted,maths,255,0.9386,0.856
p0220,heldout,2,accepted,maths,255,0.9017,0.7775
p0214,heldout,1,accepted,maths,397,0.8582,0.7569
p0216,heldout,2,accepted,maths,281,1.028,0.9748
p0216,heldout,3,accepted,maths,281,1.273,1.281
p0217,heldout,2,accepted,maths,263,1.203,1.077
p0218,heldout,4,accepted,maths,280,1.193,1.127
p0219,heldout,2,accepted,maths,266,0.9838,0.7983
p0219,heldout,3,accepted,maths,266,0.9679,0.8046
p0220,heldout,2,rejected,maths,260,0.8264,0.8149
p0214,heldout,3,accepted,maths,402,1.228,1.071
p0217,heldout,2,accepted,maths,268,1.052,0.9632
p0218,heldout,2,accepted,maths,285,1.125,1.088
p0219,heldout,4,accepted,maths,270,1.135,1.085
p0220,heldout,1,accepted,maths,262,0.9609,0.9093
p0217,heldout,3,accepted,maths,273,1.192,1.094
p0218,heldout,2,accepted,maths,290,1.137,1.076
p0218,heldout,3,accepted,maths,290,1.195,1.181
p0218,heldout,4,accepted,maths,290,1.212,1.107
p0219,heldout,4,accepted,maths,275,1.186,0.9884
p0220,heldout,1,accepted,maths,267,0.8857,0.7937
p0216,heldout,3,accepted,maths,295,0.8752,0.88
p0218,heldout,1,accepted,maths,295,0.8702,0.7181
p0218,heldout,2,rejected,maths,295,0.9416,0.8429
p0218,heldout,4,unreached,maths,295,1.073,1.032
p0220,heldout,2,accepted,maths,272,0.8306,0.7011
p0220,heldout,4,rejected,maths,272,1.233,1.199
p0214,heldout,4,unreached,maths,415,0.9756,0.8974
p0217,heldout,4,accepted,maths,283,1.17,1.064
p0218,heldout,1,accepted,maths,297,1.045,0.9616
p0218,heldout,2,accepted,maths,297,1.217,1.119
p0219,heldout,3,accepted,maths,283,1.189,1.058
p0217,heldout,1,accepted,maths,288,0.7711,0.7371
p0218,heldout,1,accepted,maths,301,1.069,0.889
p0219,heldout,2,accepted,maths,288,0.8975,0.8006
p0220,heldout,1,accepted,maths,281,1.01,0.8815
p0214,heldout,1,accepted,maths,423,0.8716,0.7676
p0214,heldout,4,unreached,maths,423,1.215,1.07
p0216,heldout,4,unreached,maths,306,0.886,0.7818
p0217,heldout,1,accepted,maths,293,1.067,0.8595
p0217,heldout,3,accepted,maths,293,1.187,1.112
p0219,heldout,1,accepted,maths,293,0.9537,0.9353
p0219,heldout,3,accepted,maths,293,1.155,1.152
p0219,heldout,4,accepted,maths,293,1.245,1.32
p0220,heldout,1,accepted,maths,285,1.08,0.9674
p0214,heldout,4,rejected,maths,426,1.261,1.152
p0216,heldout,4,unreached,maths,309,0.9663,0.8414
p0217,heldout,1,accepted,maths,298,1.04,0.883
p0217,heldout,2,accepted,maths,298,1.281,1.189
p0218,heldout,4,accepted,maths,311,1.101,1.045
p0219,heldout,1,accepted,maths,298,1.038,0.9635
p0219,heldout,2,accepted,maths,298,1.156,1.101
p0219,heldout,3,accepted,maths,298,1.154,1.184
p0220,heldout,1,accepted,maths,290,1.255,1.174
p0220,heldout,4,accepted,maths,290,1.054,0.9775
p0214,heldout,1,accepted,maths,430,1.056,0.9334
p0216,heldout,3,unreached,maths,310,0.8924,0.8221
p0217,heldout,2,accepted,maths,303,1.204,1.003
p0219,heldout,1,accepted,maths,303,0.9579,0.8712
p0219,heldout,2,accepted,maths,303,1.022,1
p0220,heldout,1,accepted,maths,295,0.9469,0.8557
p0220,heldout,3,accepted,maths,295,1.13,1.099
p0214,heldout,3,accepted,maths,434,1.18,0.9825
p0214,heldout,4,accepted,maths,434,1.219,1.156
p0220,heldout,1,accepted,maths,300,0.8584,0.8051
p0220,heldout,3,accepted,maths,300,0.954,0.7459
p0214,heldout,1,accepted,maths,439,1.176,1.142
p0216,heldout,4,unreached,maths,317,0.8874,0.7537
p0217,heldout,4,accepted,maths,313,1.295,1.177
p0219,heldout,1,accepted,maths,312,0.8388,0.7997
p0220,heldout,2,accepted,maths,305,1.102,1.044
p0220,heldout,4,accepted,maths,305,1.222,1.046
p0214,heldout,1,accepted,maths,441,0.949,0.9058
p0216,heldout,2,accepted,maths,318,0.8757,0.7614
p0217,heldout,1,accepted,maths,318,1.108,1.022
p0218,heldout,1,accepted,maths,329,0.7087,0.6314
p0219,heldout,2,accepted,maths,314,1.325,1.335
p0219,heldout,3,rejected,maths,314,1.099,1.073
p0214,heldout,1,accepted,maths,446,0.9194,0.6985
p0216,heldout,1,rejected,maths,322,0.7498,0.6363
p0217,heldout,2,accepted,maths,322,1.145,0.9926
p0217,heldout,4,rejected,maths,322,0.9238,0.8087
p0218,heldout,1,accepted,maths,334,0.9491,0.8442
p0219,heldout,1,accepted,maths,317,0.9991,0.9205
p0219,heldout,3,rejected,maths,317,1.229,1.11
p0220,heldout,2,accepted,maths,315,1.158,1.014
p0220,heldout,3,accepted,maths,315,0.9212,0.7965
p0220,heldout,4,accepted,maths,315,1.084,0.9922
p0214,heldout,4,accepted,maths,450,1.22,1.095
p0217,heldout,3,rejected,maths,326,1.008,0.9142
p0218,heldout,2,accepted,maths,339,1.201,1.074
p0218,heldout,3,accepted,maths,339,1.261,1.175
p0220,heldout,2,accepted,maths,320,1.075,0.919
p0214,heldout,1,accepted,maths,455,0.8462,0.7668
p0214,heldout,4,accepted,maths,455,1.272,1.088
p0217,heldout,4,accepted,maths,329,1.339,1.25
p0219,heldout,2,accepted,maths,325,1.077,0.9687
p0220,heldout,3,accepted,maths,325,0.9417,0.8719
p0214,heldout,1,accepted,maths,460,1.012,0.9069
p0214,heldout,4,accepted,maths,460,1.273,1.09
p0216,heldout,1,accepted,maths,326,0.79,0.7487
p0216,heldout,3,accepted,maths,326,0.7329,0.616
p0217,heldout,1,accepted,maths,334,1.087,0.9214
p0219,heldout,2,accepted,maths,330,1.145,1.019
p0219,heldout,3,rejected,maths,330,1.111,1.028
p0219,heldout,4,unreached,maths,330,1.12,1.162
p0220,heldout,3,accepted,maths,330,1.151,1.103
p0220,heldout,4,accepted,maths,330,1.132,0.974
p0214,heldout,1,accepted,maths,465,1.025,0.8604
p0216,heldout,4,accepted,maths,331,0.8391,0.7423
p0218,heldout,1,accepted,maths,354,1.051,0.9039
p0219,heldout,1,accepted,maths,333,0.9763,0.9176
p0220,heldout,1,accepted,maths,335,0.6086,0.5377
p0214,heldout,2,accepted,maths,468,0.9882,0.8847
p0217,heldout,1,accepted,maths,341,0.8604,0.6983
p0217,heldout,4,rejected,maths,341,1.014,0.813
p0218,heldout,1,accepted,maths,357,1.048,0.9323
p0218,heldout,2,accepted,maths,357,0.9117,0.7665
p0218,heldout,3,accepted,maths,357,0.9973,0.8631
p0218,heldout,4,rejected,maths,357,0.9405,0.795
p0219,heldout,1,accepted,maths,338,1.086,1.038
p0219,heldout,3,accepted,maths,338,1.094,1.012
p0220,heldout,4,accepted,maths,340,0.9423,0.8452
p0214,heldout,1,accepted,maths,473,0.8715,0.6755
p0214,heldout,4,accepted,maths,473,0.9757,0.8977
p0216,heldout,2,rejected,maths,337,0.8729,0.7465
p0218,heldout,1,rejected,maths,361,0.8037,0.7119
p0219,heldout,1,accepted,maths,343,1.021,0.9024
p0220,heldout,4,accepted,maths,345,1.115,1.088
p0216,heldout,1,accepted,maths,339,0.8799,0.7301
p0217,heldout,3,unreached,maths,346,1.014,0.9279
p0217,heldout,4,unreached,maths,346,1.206,1.142
p0218,heldout,4,unreached,maths,362,1.026,0.9419
p0219,heldout,3,unreached,maths,348,1.045,0.9386
p0219,heldout,4,unreached,maths,348,0.9647,0.9099
p0220,heldout,3,accepted,maths,350,1.176,1.048
p0216,heldout,1,accepted,maths,344,1.046,0.9668
p0217,heldout,1,accepted,maths,348,0.9492,0.7732
p0217,heldout,2,accepted,maths,348,1.153,1.102
p0217,heldout,3,accepted,maths,348,1.194,1.168
p0218,heldout,4,accepted,maths,363,1.088,1.025
p0219,heldout,2,accepted,maths,350,0.9796,0.8488
p0216,heldout,2,accepted,maths,346,1.079,0.9493
p0217,heldout,2,accepted,maths,353,1.137,0.9562
p0218,heldout,4,unreached,maths,368,0.8713,0.7887
p0220,heldout,2,accepted,maths,360,1.267,1.144
p0222,heldout,2,accepted,maths,90,0.9562,0.7437
p0222,heldout,3,rejected,maths,90,0.8709,0.7607
p0216,heldout,1,accepted,maths,351,0.5497,0.4206
p0216,heldout,2,accepted,maths,351,0.7444,0.6662
p0216,heldout,3,accepted,maths,351,0.8764,0.7983
p0217,heldout,3,accepted,maths,358,0.8631,0.7308
p0217,heldout,4,accepted,maths,358,0.8739,0.8111
p0219,heldout,2,accepted,maths,360,1.099,1.069
p0219,heldout,4,rejected,maths,360,1.329,1.25
p0220,heldout,3,accepted,maths,365,1.221,1.052
p0216,heldout,1,rejected,maths,356,1.002,0.9161
p0216,heldout,4,unreached,maths,356,0.7821,0.8005
p0217,heldout,1,accepted,maths,363,0.9884,0.8472
p0218,heldout,1,rejected,maths,373,0.6785,0.5515
p0220,heldout,3,accepted,maths,370,0.959,0.8774
p0217,heldout,3,accepted,maths,368,1.021,0.8905
p0219,heldout,1,accepted,maths,369,0.9332,0.8416
p0219,heldout,4,accepted,maths,369,1.228,1.079
p0220,heldout,1,accepted,maths,375,1.009,0.8944
p0222,heldout,2,rejected,maths,96,1.061,0.9151
p0216,heldout,3,rejected,maths,361,1.094,0.9516
p0217,heldout,1,accepted,maths,373,0.7877,0.6788
p0219,heldout,4,accepted,maths,374,1.124,0.9716
p0220,heldout,2,accepted,maths,380,1.018,0.9806
p0220,heldout,4,accepted,maths,380,1.215,1.077
p0222,heldout,2,accepted,maths,98,0.9363,0.8093
p0222,heldout,3,accepted,maths,98,1.13,0.972
p0217,heldout,1,accepted,maths,378,0.7338,0.581
p0219,heldout,1,accepted,maths,379,1.09,0.9634
p0219,heldout,3,accepted,maths,379,1.092,1.007
p0222,heldout,1,accepted,maths,103,0.7758,0.6738
p0216,heldout,1,accepted,maths,369,0.6532,0.4899
p0216,heldout,3,accepted,maths,369,1.155,1.076
p0217,heldout,1,accepted,maths,380,0.9285,0.788
p0218,heldout,1,accepted,maths,379,0.7267,0.5833
p0218,heldout,2,rejected,maths,379,0.8189,0.6544
p0219,heldout,3,accepted,maths,384,1.122,0.9676
p0219,heldout,4,accepted,maths,384,1.148,1.049
p0220,heldout,1,accepted,maths,390,1.092,0.9822
p0220,heldout,2,rejected,maths,390,0.8675,0.7819
p0217,heldout,2,accepted,maths,383,0.8354,0.6975
p0217,heldout,4,accepted,maths,388,1.194,1.154
p0219,heldout,2,accepted,maths,393,1.157,0.973
p0220,heldout,4,accepted,maths,397,1.007,0.8406
p0217,heldout,1,accepted,maths,393,1.137,1.015
p0218,heldout,3,unreached,maths,384,0.9392,1.003
p0220,heldout,1,accepted,maths,402,0.8618,0.7547
p0218,heldout,4,unreached,maths,386,0.9928,0.9423
p0219,heldout,2,rejected,maths,398,0.9665,0.7807
p0222,heldout,4,unreached,maths,124,0.7466,0.6464
p0216,heldout,1,accepted,maths,394,1.143,1.009
p0218,heldout,2,accepted,maths,387,1.047,1.059
p0219,heldout,2,accepted,maths,400,1.294,1.208
p0219,heldout,3,accepted,maths,400,1.111,1.084
p0220,heldout,1,accepted,maths,411,0.7384,0.5743
p0216,heldout,3,accepted,maths,396,1.254,1.237
p0217,heldout,3,accepted,maths,408,1.171,0.9888
p0218,heldout,2,accepted,maths,392,1.156,0.9285
p0218,heldout,3,accepted,maths,392,1.228,1.068
p0218,heldout,4,accepted,maths,392,1.243,1.053
p0219,heldout,3,accepted,maths,405,1.263,1.218
p0222,heldout,1,accepted,maths,132,0.8031,0.7681
p0216,heldout,2,rejected,maths,401,1.127,0.9678
p0216,heldout,4,unreached,maths,401,1.273,1.171
p0217,heldout,2,accepted,maths,413,0.7111,0.691
p0217,heldout,4,accepted,maths,413,0.9095,0.7912
p0219,heldout,2,accepted,maths,410,1.102,0.9861
p0222,heldout,2,accepted,maths,137,0.8956,0.88
p0216,heldout,4,accepted,maths,403,1.202,1.139
p0217,heldout,2,unreached,maths,418,0.8022,0.7584
p0218,heldout,4,accepted,maths,402,1.187,1.115
p0219,heldout,1,accepted,maths,413,0.9036,0.8408
p0219,heldout,2,accepted,maths,413,1.169,0.9935
p0220,heldout,1,accepted,maths,425,1.033,0.8527
p0216,heldout,1,accepted,maths,408,0.8647,0.781
p0217,heldout,4,unreached,maths,419,0.9092,0.7963
p0218,heldout,1,accepted,maths,407,0.865,0.7412
p0218,heldout,4,accepted,maths,407,1.091,0.9797
p0219,heldout,1,accepted,maths,418,1.011,0.9284
p0219,heldout,3,accepted,maths,418,1.282,1.198
p0220,heldout,1,accepted,maths,430,1.167,1.09
p0217,heldout,4,accepted,maths,422,0.7621,0.6427
p0218,heldout,4,unreached,maths,412,1.181,1.098
p0220,heldout,4,accepted,maths,435,1.262,1.065
p0216,heldout,3,accepted,maths,418,1.11,1.02
p0216,heldout,4,accepted,maths,418,1.299,1.236
p0218,heldout,1,accepted,maths,413,0.9092,0.7987
p0218,heldout,2,accepted,maths,413,1.071,0.9666
p0219,heldout,2,accepted,maths,425,1.055,0.9924
p0219,heldout,3,accepted,maths,425,1.217,1.065
p0219,heldout,4,rejected,maths,425,1.336,1.259
p0220,heldout,2,accepted,maths,440,1.012,0.8195
p0216,heldout,4,accepted,maths,423,1.245,1.123
p0217,heldout,3,accepted,maths,432,1.008,0.8385
p0218,heldout,1,accepted,maths,418,1.089,1.06
p0218,heldout,3,accepted,maths,418,1.192,1.05
p0218,heldout,4,accepted,maths,418,1.133,1.021
p0219,heldout,1,accepted,maths,429,1.11,1.034
p0219,heldout,2,accepted,maths,429,1.293,1.187
p0220,heldout,1,accepted,maths,445,1.019,0.9082
p0220,heldout,2,accepted,maths,445,0.933,0.8435
p0220,heldout,4,accepted,maths,445,1.042,0.9145
p0222,heldout,3,accepted,maths,158,1.322,1.256
p0216,heldout,1,accepted,maths,428,1.095,0.9259
p0218,heldout,1,accepted,maths,423,1.089,0.9794
p0219,heldout,1,accepted,maths,434,1.139,1.044
p0222,heldout,4,accepted,maths,163,0.9023,0.7511
p0216,heldout,2,accepted,maths,433,1.016,0.9067
p0220,heldout,1,accepted,maths,455,0.6681,0.6213
p0216,heldout,2,unreached,maths,438,0.9332,0.7888
p0220,heldout,3,accepted,maths,460,1.215,1.144
p0220,heldout,4,accepted,maths,460,1.172,1.017
p0222,heldout,2,accepted,maths,174,0.7627,0.717
p0216,heldout,2,unreached,maths,441,0.947,0.8254
p0222,heldout,1,accepted,maths,177,1.011,0.9507
p0222,heldout,2,accepted,maths,177,0.859,0.729
p0222,heldout,4,unreached,maths,177,0.9184,0.8591
p0226,heldout,1,accepted,maths,80,0.9792,0.8639
p0226,heldout,2,rejected,maths,83,0.867,0.7433
p0226,heldout,4,unreached,maths,83,1.151,1.071
p0226,heldout,3,unreached,maths,85,1.158,1.164
p0216,heldout,3,unreached,maths,451,0.843,0.7708
p0216,heldout,2,unreached,maths,453,1.033,0.9376
p0216,heldout,4,accepted,maths,454,0.8602,0.773
p0222,heldout,3,unreached,maths,197,0.9382,0.8033
p0226,heldout,1,accepted,maths,97,0.7089,0.5622
p0226,heldout,2,accepted,maths,102,1.079,0.8746
p0222,heldout,4,unreached,maths,200,1.07,0.8806
p0226,heldout,4,accepted,maths,106,1.104,1.068
p0226,heldout,2,accepted,maths,111,1.168,1.049
p0226,heldout,3,rejected,maths,111,1.268,1.293
p0228,heldout,4,accepted,maths,57,1.196,1.117
p0222,heldout,1,rejected,maths,210,1.142,1.126
p0226,heldout,1,accepted,maths,116,0.9881,0.8174
p0228,heldout,2,accepted,maths,67,1.286,1.316
p0222,heldout,1,accepted,maths,216,0.948,0.9119
p0228,heldout,1,accepted,maths,72,0.7667,0.6608
p0222,heldout,2,accepted,maths,221,1.064,0.9367
p0226,heldout,4,unreached,maths,131,1.107,0.9917
p0228,heldout,4,accepted,maths,77,1.248,1.127
p0222,heldout,1,accepted,maths,226,0.936,0.7851
p0222,heldout,2,accepted,maths,226,1.137,1.018
p0226,heldout,2,accepted,maths,134,1.094,1.074
p0226,heldout,4,accepted,maths,134,1.075,1.008
p0226,heldout,2,accepted,maths,139,1.057,0.8785
p0226,heldout,4,accepted,maths,139,0.9803,0.8678
p0222,heldout,3,accepted,maths,236,1.335,1.201
p0222,heldout,4,accepted,maths,236,1.234,1.138
p0226,heldout,4,accepted,maths,144,0.997,0.9262
p0228,heldout,4,accepted,maths,90,1.072,0.9396
p0222,heldout,2,accepted,maths,241,0.9989,0.9055
p0222,heldout,4,accepted,maths,246,1.145,1.105
p0222,heldout,4,accepted,maths,251,1.026,1.016
p0228,heldout,1,accepted,maths,105,1.133,1.031
p0228,heldout,4,unreached,maths,105,0.9622,0.9113
p0222,heldout,1,accepted,maths,256,1.174,1.014
p0222,heldout,3,accepted,maths,256,1.125,0.9764
p0226,heldout,1,accepted,maths,158,1.081,1.003
p0228,heldout,2,accepted,maths,108,1.104,0.9217
p0228,heldout,3,accepted,maths,108,1.251,1.084
p0222,heldout,1,accepted,maths,261,0.8074,0.7354
p0222,heldout,2,accepted,maths,261,1.054,0.975
p0226,heldout,3,accepted,maths,161,1.044,0.9917
p0228,heldout,1,rejected,maths,113,0.8643,0.7497
p0228,heldout,2,unreached,maths,113,0.8531,0.7055
p0228,heldout,4,unreached,maths,113,0.9776,0.82
p0222,heldout,1,accepted,maths,266,0.9893,0.897
p0222,heldout,2,rejected,maths,266,0.8048,0.7044
p0226,heldout,1,accepted,maths,166,1.119,0.9773
p0226,heldout,2,accepted,maths,166,1.062,0.8774
p0226,heldout,3,accepted,maths,166,1.099,0.9902
p0226,heldout,1,accepted,maths,171,0.8877,0.7538
p0226,heldout,2,accepted,maths,171,0.9456,0.8667
p0226,heldout,3,rejected,maths,171,1.102,1.02
p0228,heldout,3,accepted,maths,119,0.9613,0.8785
p0222,heldout,1,rejected,maths,272,0.7252,0.6289
p0222,heldout,3,unreached,maths,272,0.9527,0.796
p0226,heldout,1,accepted,maths,174,1.101,0.8982
p0226,heldout,4,unreached,maths,174,0.9229,0.8866
p0228,heldout,4,accepted,maths,124,0.9415,0.8049
p0226,heldout,3,accepted,maths,176,1.091,1.013
p0226,heldout,4,accepted,maths,176,1.14,1.091
p0228,heldout,3,accepted,maths,129,1.047,0.8992
p0228,heldout,4,accepted,maths,129,0.9741,0.7932
p0222,heldout,1,accepted,maths,276,0.7526,0.6157
p0226,heldout,1,accepted,maths,181,1.115,0.9716
p0226,heldout,3,accepted,maths,181,1.156,1.013
p0228,heldout,4,accepted,maths,134,1.142,1.104
p0226,heldout,1,rejected,maths,186,0.7348,0.6191
p0228,heldout,4,accepted,maths,139,0.904,0.7527
p0222,heldout,1,accepted,maths,283,0.8922,0.7531
p0222,heldout,2,accepted,maths,283,0.922,0.8031
p0228,heldout,1,accepted,maths,144,1.092,0.9964
p0222,heldout,1,accepted,maths,286,0.731,0.695
p0222,heldout,2,accepted,maths,286,1.018,0.9525
p0228,heldout,3,accepted,maths,149,0.8588,0.6928
p0222,heldout,4,unreached,maths,291,1.19,1.139
p0222,heldout,1,accepted,maths,292,0.7671,0.6956
p0222,heldout,4,accepted,maths,297,1.247,1.142
p0228,heldout,1,accepted,maths,162,1.048,0.9588
p0222,heldout,1,accepted,maths,302,0.9827,0.8099
p0226,heldout,3,accepted,maths,210,0.9956,0.8863
p0228,heldout,1,accepted,maths,172,0.4564,0.3975
p0222,heldout,2,accepted,maths,310,1.073,0.959
p0222,heldout,4,rejected,maths,310,1.32,1.301
p0222,heldout,1,accepted,maths,314,0.6106,0.5402
p0226,heldout,1,accepted,maths,222,0.8337,0.683
p0226,heldout,2,accepted,maths,222,1.025,0.8624
p0226,heldout,3,rejected,maths,222,1.03,0.8088
p0228,heldout,3,accepted,maths,181,1.158,0.9983
p0222,heldout,3,accepted,maths,319,1.188,1.13
p0226,heldout,2,accepted,maths,225,1.085,0.91
p0228,heldout,3,accepted,maths,186,1.151,1.036
p0222,heldout,1,accepted,maths,324,1.155,1.048
p0226,heldout,1,accepted,maths,230,1.025,0.8685
p0226,heldout,3,accepted,maths,230,1.104,1.015
p0226,heldout,4,accepted,maths,230,1.107,1.025
p0222,heldout,2,accepted,maths,329,1.186,1.055
p0222,heldout,4,accepted,maths,329,1.361,1.17
p0222,heldout,4,unreached,maths,334,1.038,0.9944
p0226,heldout,1,accepted,maths,240,0.614,0.4951
p0228,heldout,3,unreached,maths,199,0.8709,0.799
p0222,heldout,3,accepted,maths,337,1.109,1.112
p0226,heldout,2,accepted,maths,243,0.9147,0.7866
p0226,heldout,3,accepted,maths,243,1.092,0.9888
p0226,heldout,4,accepted,maths,243,1.231,1.206
p0222,heldout,1,accepted,maths,342,0.9832,0.8495
p0222,heldout,4,accepted,maths,342,1.086,1.028
p0226,heldout,4,accepted,maths,248,1.057,0.8517
p0228,heldout,1,accepted,maths,203,0.983,0.8004
p0226,heldout,2,accepted,maths,253,1.055,0.9591
p0228,heldout,2,accepted,maths,208,0.8059,0.6682
p0228,heldout,4,unreached,maths,208,0.8793,0.7783
p0222,heldout,1,accepted,maths,352,1.025,0.9399
p0226,heldout,3,accepted,maths,258,0.9234,0.8668
p0228,heldout,3,rejected,maths,211,0.8164,0.7006
p0222,heldout,3,accepted,maths,357,1.191,1.125
p0226,heldout,1,accepted,maths,263,0.7553,0.5872
p0226,heldout,4,rejected,maths,263,1.07,0.9898
p0228,heldout,4,unreached,maths,214,0.887,0.777
p0222,heldout,3,accepted,maths,362,1.283,1.197
p0228,heldout,1,accepted,maths,215,0.9177,0.8541
p0222,heldout,3,unreached,maths,370,1.032,0.9865
p0226,heldout,1,accepted,maths,275,0.9573,0.8638
p0228,heldout,3,rejected,maths,218,0.9096,0.8282
p0222,heldout,1,accepted,maths,372,1.05,0.8916
p0226,heldout,3,accepted,maths,277,1.063,0.9241
p0226,heldout,4,rejected,maths,277,1.136,1.029
p0228,heldout,3,unreached,maths,221,0.8861,0.8346
p0229,heldout,3,accepted,maths,26,1.045,0.8908
p0226,heldout,4,accepted,maths,281,1.076,0.9222
p0228,heldout,1,rejected,maths,222,0.8058,0.6612
p0228,heldout,2,unreached,maths,222,0.7562,0.6349
p0229,heldout,2,unreached,maths,30,0.9841,0.8631
p0229,heldout,3,unreached,maths,30,1.126,0.9752
p0229,heldout,4,unreached,maths,30,1.089,0.9625
p0226,heldout,1,accepted,maths,286,1.031,0.8717
p0226,heldout,2,accepted,maths,286,1.127,0.931
p0228,heldout,1,accepted,maths,223,0.6711,0.5468
p0228,heldout,2,accepted,maths,223,0.8753,0.8163
p0228,heldout,4,accepted,maths,223,1.142,1.03
p0229,heldout,1,accepted,maths,31,0.9204,0.7415
p0229,heldout,3,accepted,maths,31,1.142,0.9149
p0222,heldout,3,rejected,maths,380,1.004,0.8906
p0228,heldout,4,accepted,maths,228,0.827,0.7012
p0226,heldout,2,accepted,maths,296,1.118,1.014
p0226,heldout,3,accepted,maths,296,1.112,1.043
p0228,heldout,4,accepted,maths,233,0.8524,0.7888
p0229,heldout,2,accepted,maths,41,1.078,0.9662
p0229,heldout,3,rejected,maths,41,1.13,1.012
p0222,heldout,3,accepted,maths,385,1.09,1.055
p0222,heldout,4,accepted,maths,385,1.196,1.104
p0228,heldout,2,accepted,maths,238,0.9981,0.9307
p0229,heldout,2,accepted,maths,44,1.008,0.8604
p0229,heldout,3,accepted,maths,44,0.9552,0.8013
p0226,heldout,4,accepted,maths,306,0.9936,0.8727
p0228,heldout,4,accepted,maths,243,1.239,1.123
p0229,heldout,3,rejected,maths,49,0.9053,0.7774
p0222,heldout,1,accepted,maths,395,0.7751,0.694
p0226,heldout,1,accepted,maths,311,1.031,0.9088
p0226,heldout,3,accepted,maths,311,0.9932,0.8308
p0226,heldout,4,accepted,maths,311,1.098,0.9363
p0228,heldout,2,accepted,maths,248,1.023,0.9944
p0222,heldout,3,rejected,maths,400,1.175,1.042
p0222,heldout,4,unreached,maths,400,1.048,1.019
p0228,heldout,1,accepted,maths,253,1.025,0.9292
p0228,heldout,4,accepted,maths,253,1.207,1.036
p0222,heldout,1,accepted,maths,403,0.9092,0.8682
p0222,heldout,3,accepted,maths,403,1.122,1.036
p0226,heldout,1,accepted,maths,321,1.042,0.8545
p0228,heldout,2,accepted,maths,258,1.004,0.8678
p0229,heldout,1,accepted,maths,62,0.9016,0.7789
p0229,heldout,3,accepted,maths,62,1.122,0.9945
p0222,heldout,4,accepted,maths,408,1.21,1.148
p0228,heldout,1,accepted,maths,263,0.9518,0.7722
p0228,heldout,4,accepted,maths,263,1.164,1.086
p0228,heldout,2,accepted,maths,268,0.7304,0.6207
p0228,heldout,4,rejected,maths,268,0.9048,0.7639
p0229,heldout,3,accepted,maths,70,1.013,0.9417
p0226,heldout,3,accepted,maths,336,1.095,0.9003
p0226,heldout,4,accepted,maths,336,0.9954,0.9065
p0228,heldout,1,accepted,maths,272,0.8584,0.6873
p0229,heldout,2,accepted,maths,75,0.8618,0.8142
p0229,heldout,3,rejected,maths,75,0.8994,0.7955
p0226,heldout,1,accepted,maths,341,0.9649,0.801
p0229,heldout,1,accepted,maths,78,1.068,0.9091
p0222,heldout,1,accepted,maths,428,0.9084,0.7549
p0222,heldout,4,accepted,maths,428,1.272,1.154
p0226,heldout,3,accepted,maths,346,1.149,1.065
p0228,heldout,3,unreached,maths,279,1.167,1.096
p0228,heldout,4,unreached,maths,279,1.074,0.9661
p0229,heldout,2,accepted,maths,80,0.9719,0.8291
p0229,heldout,4,unreached,maths,80,1.091,1.002
p0222,heldout,3,accepted,maths,433,1.197,1.097
p0226,heldout,4,accepted,maths,351,1.189,1.104
p0229,heldout,2,accepted,maths,83,1.23,1.196
p0222,heldout,1,accepted,maths,438,1.183,1.096
p0226,heldout,2,accepted,maths,356,1.177,1.049
p0228,heldout,4,unreached,maths,286,1.015,0.952
p0222,heldout,3,accepted,maths,443,1.08,0.9791
p0222,heldout,4,accepted,maths,443,1.219,1.125
p0229,heldout,1,accepted,maths,93,0.9989,0.9742
p0229,heldout,2,accepted,maths,93,0.9263,0.739
p0229,heldout,3,accepted,maths,93,0.9602,0.7341
p0222,heldout,1,accepted,maths,448,1.036,0.903
p0229,heldout,1,accepted,maths,98,0.7668,0.695
p0222,heldout,1,accepted,maths,453,0.8025,0.6837
p0222,heldout,2,accepted,maths,453,1.023,0.8969
p0222,heldout,4,accepted,maths,453,1.212,1.208
p0226,heldout,4,accepted,maths,368,0.9493,0.6781
p0229,heldout,3,accepted,maths,101,1.085,1.04
p0222,heldout,1,accepted,maths,458,1.213,1.086
p0222,heldout,3,accepted,maths,458,1.175,1.002
p0226,heldout,1,accepted,maths,373,0.9566,0.8017
p0229,heldout,2,accepted,maths,106,1.119,0.9711
p0229,heldout,4,accepted,maths,106,1.183,1.082
p0222,heldout,1,accepted,maths,462,0.8579,0.726
p0226,heldout,2,accepted,maths,378,1.127,1.037
p0226,heldout,4,accepted,maths,378,1.002,0.9478
p0229,heldout,2,accepted,maths,111,1.125,1.078
p0222,heldout,2,accepted,maths,467,1.042,0.9965
p0228,heldout,1,accepted,maths,306,0.8295,0.7298
p0228,heldout,3,accepted,maths,306,0.9237,0.772
p0229,heldout,4,rejected,maths,116,1.021,1.042
p0226,heldout,3,accepted,maths,388,1.029,0.9499
p0228,heldout,2,accepted,maths,311,0.8189,0.7327
p0228,heldout,1,accepted,maths,314,0.6912,0.5362
p0228,heldout,2,rejected,maths,314,0.8269,0.6612
p0228,heldout,3,unreached,maths,314,0.8572,0.7386
p0229,heldout,1,accepted,maths,125,1.061,0.837
p0229,heldout,3,rejected,maths,125,0.9898,0.8654
p0228,heldout,1,accepted,maths,316,0.8091,0.6828
p0226,heldout,1,accepted,maths,403,0.9205,0.737
p0228,heldout,1,accepted,maths,321,0.4237,0.3394
p0228,heldout,2,accepted,maths,321,0.8982,0.8271
p0228,heldout,4,unreached,maths,321,0.9882,0.9399
p0229,heldout,1,accepted,maths,133,1.057,0.8738
p0228,heldout,1,accepted,maths,324,0.9264,0.8406
p0229,heldout,2,rejected,maths,138,0.8845,0.8329
p0229,heldout,4,accepted,maths,140,1.097,0.9556
p0228,heldout,1,accepted,maths,331,0.9548,0.7239
p0228,heldout,3,accepted,maths,331,1.184,1.069
p0228,heldout,2,accepted,maths,336,1.197,1.098
p0228,heldout,4,rejected,maths,336,1.306,1.139
p0229,heldout,4,unreached,maths,147,1.006,0.9089
p0228,heldout,1,accepted,maths,340,1.074,0.8741
p0229,heldout,1,accepted,maths,148,1.026,0.9334
p0229,heldout,2,accepted,maths,148,1.078,0.9842
p0228,heldout,3,accepted,maths,345,1.193,1.077
p0228,heldout,4,accepted,maths,345,1.204,1.013
p0229,heldout,3,rejected,maths,153,0.9929,0.8095
p0228,heldout,2,accepted,maths,350,1.051,0.8832
p0229,heldout,1,accepted,maths,156,0.9463,0.8004
p0229,heldout,4,accepted,maths,156,1.18,1.029
p0228,heldout,3,rejected,maths,355,0.703,0.604
p0228,heldout,4,unreached,maths,355,0.905,0.8007
p0234,heldout,4,accepted,maths,197,1.118,0.9719
p0228,heldout,4,rejected,maths,358,0.8521,0.7867
p0229,heldout,2,accepted,maths,171,1.199,1.036
p0234,heldout,1,rejected,maths,206,0.8699,0.7011
p0234,heldout,3,unreached,maths,206,0.9152,0.8191
p0228,heldout,1,accepted,maths,367,1.004,0.8855
p0228,heldout,3,accepted,maths,367,1.14,1.094
p0228,heldout,4,accepted,maths,367,1.161,1.185
p0229,heldout,2,accepted,maths,176,1.101,0.9168
p0229,heldout,3,accepted,maths,176,0.9084,0.7955
p0228,heldout,2,accepted,maths,372,1.233,1.142
p0228,heldout,3,accepted,maths,372,1.121,0.9804
p0234,heldout,4,unreached,maths,212,1.017,0.9541
p0228,heldout,1,accepted,maths,377,1.012,0.8483
p0228,heldout,3,accepted,maths,377,1.062,0.992
p0229,heldout,1,accepted,maths,183,1.007,0.8608
p0228,heldout,1,accepted,maths,382,0.4522,0.3607
p0229,heldout,2,accepted,maths,186,0.9782,0.8132
p0234,heldout,1,accepted,maths,225,0.7723,0.5958
p0234,heldout,4,unreached,maths,230,1.067,0.8775
p0228,heldout,2,accepted,maths,397,1.141,0.9726
p0228,heldout,3,accepted,maths,397,1.08,0.9658
p0229,heldout,3,accepted,maths,195,1.166,1.063
p0234,heldout,1,rejected,maths,231,0.7464,0.6046
p0234,heldout,2,unreached,maths,231,0.9211,0.8107
p0234,heldout,3,unreached,maths,231,1.004,0.8345
p0229,heldout,1,accepted,maths,200,1.124,1.047
p0234,heldout,1,accepted,maths,232,0.796,0.6525
p0234,heldout,2,rejected,maths,232,0.9149,0.7943
p0235,heldout,3,accepted,maths,41,1.009,0.8225
p0228,heldout,1,rejected,maths,407,0.7696,0.6777
p0235,heldout,2,rejected,maths,46,1.056,1.03
p0228,heldout,4,unreached,maths,408,1.183,1.092
p0229,heldout,2,accepted,maths,209,1.21,1.1
p0234,heldout,3,accepted,maths,236,1.084,1.052
p0235,heldout,3,accepted,maths,48,1.228,1.179
p0228,heldout,3,rejected,maths,411,0.9005,0.8045
p0229,heldout,2,accepted,maths,214,1.162,1.028
p0234,heldout,4,unreached,maths,240,0.9283,0.7989
p0235,heldout,2,rejected,maths,58,0.8371,0.7124
p0235,heldout,4,unreached,maths,58,0.9047,0.8238
p0228,heldout,1,accepted,maths,419,0.9627,0.8424
p0234,heldout,1,rejected,maths,246,0.7056,0.5754
p0235,heldout,1,rejected,maths,60,0.8054,0.7289
p0235,heldout,3,unreached,maths,60,1.137,1.064
p0228,heldout,3,accepted,maths,424,1.199,1.028
p0234,heldout,1,accepted,maths,247,0.9893,0.9045
p0234,heldout,2,accepted,maths,247,0.9225,0.8057
p0234,heldout,4,accepted,maths,247,1.083,0.9453
p0235,heldout,2,accepted,maths,61,1.019,0.9575
p0228,heldout,3,accepted,maths,429,1.16,0.9735
p0229,heldout,1,accepted,maths,229,0.9313,0.8368
p0235,heldout,2,accepted,maths,66,0.9434,0.8236
p0229,heldout,4,accepted,maths,234,1.31,1.084
p0234,heldout,2,accepted,maths,253,0.9694,0.9099
p0234,heldout,2,accepted,maths,258,1.006,0.9686
p0235,heldout,4,unreached,maths,75,1.013,0.9383
p0229,heldout,4,rejected,maths,244,1.126,0.9748
p0234,heldout,3,accepted,maths,261,1.218,1.077
p0235,heldout,4,accepted,maths,78,0.944,0.8942
p0234,heldout,4,unreached,maths,265,0.883,0.8593
p0235,heldout,4,accepted,maths,83,1.191,1.068
p0236,heldout,1,accepted,maths,135,0.9087,0.8533
p0236,heldout,2,accepted,maths,135,1.204,1.161
p0236,heldout,1,accepted,maths,140,0.7518,0.5784
p0229,heldout,2,accepted,maths,256,1.013,0.8983
p0229,heldout,4,accepted,maths,256,1.149,0.9905
p0234,heldout,3,accepted,maths,271,0.9151,0.728
p0235,heldout,1,accepted,maths,93,0.7656,0.7253
p0236,heldout,4,accepted,maths,142,1.156,1.152
p0234,heldout,4,rejected,maths,275,1.043,0.9915
p0235,heldout,4,accepted,maths,98,1.317,1.278
p0236,heldout,2,accepted,maths,147,0.9285,0.8311
p0229,heldout,1,accepted,maths,266,0.6931,0.6573
p0229,heldout,2,accepted,maths,266,0.9518,0.8736
p0229,heldout,4,accepted,maths,266,1.082,0.9398
p0236,heldout,3,accepted,maths,152,0.9092,0.8673
p0236,heldout,4,accepted,maths,152,1.228,1.181
p0235,heldout,2,accepted,maths,106,1.157,1.105
p0236,heldout,2,rejected,maths,157,1.129,1.062
p0229,heldout,1,accepted,maths,276,0.9137,0.866
p0229,heldout,3,accepted,maths,276,1.157,1.03
p0234,heldout,2,rejected,maths,286,1.001,0.887
p0235,heldout,3,accepted,maths,111,1.19,1.03
p0236,heldout,1,accepted,maths,159,0.9487,0.7764
p0236,heldout,3,accepted,maths,159,1.171,1.003
p0229,heldout,3,rejected,maths,281,1.165,1.067
p0234,heldout,1,accepted,maths,288,0.5255,0.4191
p0234,heldout,3,accepted,maths,288,0.9142,0.8327
p0235,heldout,1,accepted,maths,116,0.8719,0.7597
p0235,heldout,2,accepted,maths,116,0.8453,0.7101
p0236,heldout,2,accepted,maths,164,1.134,1.096
p0236,heldout,3,accepted,maths,164,1.239,1.099
p0229,heldout,4,unreached,maths,284,1.067,0.9941
p0234,heldout,1,accepted,maths,293,0.8745,0.7907
p0235,heldout,1,accepted,maths,121,1.07,0.8664
p0235,heldout,2,accepted,maths,121,0.9168,0.789
p0236,heldout,1,accepted,maths,169,1.149,1.029
p0236,heldout,3,accepted,maths,169,1.232,1.049
p0234,heldout,1,accepted,maths,295,0.8522,0.7342
p0234,heldout,2,rejected,maths,295,0.9067,0.7757
p0234,heldout,3,unreached,maths,295,0.9943,0.8569
p0236,heldout,3,accepted,maths,174,1.167,1.121
p0236,heldout,4,accepted,maths,174,1.44,1.343
p0234,heldout,1,accepted,maths,297,0.812,0.6383
p0235,heldout,2,accepted,maths,131,1.004,0.9299
p0235,heldout,4,accepted,maths,131,1.047,0.9977
p0229,heldout,3,accepted,maths,295,1.169,1.085
p0234,heldout,4,rejected,maths,302,0.8765,0.6988
p0235,heldout,3,accepted,maths,136,1.201,1.024
p0229,heldout,2,accepted,maths,299,1.211,1.1
p0234,heldout,2,unreached,maths,306,0.9877,0.8413
p0235,heldout,1,accepted,maths,141,1.031,0.9203
p0235,heldout,4,accepted,maths,141,1.271,1.187
p0235,heldout,1,accepted,maths,146,0.7667,0.6223
p0235,heldout,2,accepted,maths,146,0.8661,0.7674
p0235,heldout,4,accepted,maths,146,1.107,0.9728
p0236,heldout,2,accepted,maths,194,1.114,0.9792
p0236,heldout,4,accepted,maths,194,1.212,1.018
p0229,heldout,2,accepted,maths,309,1.213,1.083
p0229,heldout,3,accepted,maths,309,1.222,1.065
p0234,heldout,1,accepted,maths,309,0.8749,0.7424
p0234,heldout,3,accepted,maths,309,1.176,1.026
p0234,heldout,4,accepted,maths,309,1.018,0.8986
p0229,heldout,4,rejected,maths,314,1.138,0.9937
p0236,heldout,2,accepted,maths,204,1.124,1.037
p0236,heldout,4,unreached,maths,204,0.8462,0.7531
p0229,heldout,1,accepted,maths,318,0.8436,0.6419
p0234,heldout,1,rejected,maths,324,0.7504,0.6551
p0234,heldout,3,unreached,maths,324,0.8784,0.721
p0235,heldout,1,accepted,maths,166,0.9365,0.8532
p0235,heldout,3,accepted,maths,166,1.198,1.139
p0229,heldout,1,accepted,maths,328,0.9198,0.7891
p0229,heldout,3,accepted,maths,328,1.36,1.22
p0234,heldout,2,accepted,maths,325,0.8711,0.7519
p0235,heldout,1,accepted,maths,171,1.018,0.9757
p0236,heldout,4,accepted,maths,217,1.137,1.034
p0229,heldout,1,accepted,maths,333,1.012,0.9666
p0229,heldout,2,accepted,maths,333,0.9778,0.8893
p0234,heldout,3,unreached,maths,328,0.9663,0.8278
p0236,heldout,2,accepted,maths,222,1.144,1.004
p0229,heldout,4,unreached,maths,338,1.277,1.08
p0234,heldout,2,accepted,maths,330,1.144,1.079
p0235,heldout,2,accepted,maths,180,1.099,1.029
p0236,heldout,2,accepted,maths,226,1.084,1.089
p0229,heldout,2,accepted,maths,341,1.095,0.8675
p0229,heldout,4,accepted,maths,341,1.318,1.212
p0234,heldout,3,unreached,maths,335,0.8823,0.838
p0235,heldout,1,accepted,maths,185,0.7337,0.6706
p0235,heldout,2,accepted,maths,185,1.035,0.9003
p0235,heldout,3,accepted,maths,185,1.293,1.15
p0236,heldout,4,accepted,maths,231,1.311,1.204
p0229,heldout,3,accepted,maths,346,1.181,1.06
p0229,heldout,4,accepted,maths,346,1.342,1.156
p0236,heldout,2,accepted,maths,236,1.238,1.088
p0234,heldout,2,accepted,maths,339,0.897,0.8131
p0234,heldout,3,accepted,maths,339,0.8764,0.83
p0236,heldout,1,accepted,maths,241,1.175,0.9913
p0236,heldout,3,accepted,maths,241,1.166,1.042
p0235,heldout,4,accepted,maths,196,1.005,0.8863
p0234,heldout,2,unreached,maths,349,0.9721,0.9035
p0234,heldout,3,unreached,maths,349,1.097,1.031
p0236,heldout,3,accepted,maths,251,1.159,1.133
p0229,heldout,1,accepted,maths,366,1.108,0.9822
p0229,heldout,3,rejected,maths,366,0.8238,0.7341
p0235,heldout,2,accepted,maths,206,1.091,1.085
p0236,heldout,3,accepted,maths,256,1.245,1.172
p0236,heldout,4,accepted,maths,256,1.226,1.176
p0229,heldout,2,rejected,maths,369,0.8868,0.782
p0235,heldout,4,unreached,maths,211,1.304,1.11
p0236,heldout,2,accepted,maths,261,1.255,1.138
p0234,heldout,3,unreached,maths,357,0.9047,0.7577
p0235,heldout,2,accepted,maths,213,1.142,0.989
p0236,heldout,2,accepted,maths,266,1.17,1.157
p0236,heldout,3,accepted,maths,266,1.15,1.073
p0229,heldout,2,accepted,maths,373,0.9454,0.8024
p0229,heldout,4,unreached,maths,373,0.8101,0.7104
p0234,heldout,2,accepted,maths,359,0.9065,0.7912
p0235,heldout,1,accepted,maths,218,1.181,1.008
p0235,heldout,3,accepted,maths,218,1.138,1.035
p0236,heldout,1,accepted,maths,271,1.159,0.9629
p0236,heldout,3,rejected,maths,271,1.189,1.113
p0234,heldout,1,accepted,maths,364,1.098,1.04
p0236,heldout,2,accepted,maths,274,1.125,1.072
p0229,heldout,1,accepted,maths,378,0.9273,0.7606
p0235,heldout,2,accepted,maths,228,1.12,0.9435
p0236,heldout,1,accepted,maths,279,1.236,1.112
p0236,heldout,2,accepted,maths,279,1.12,1.001
p0229,heldout,3,unreached,maths,381,0.9909,1.001
p0229,heldout,4,unreached,maths,381,1.255,1.225
p0234,heldout,1,accepted,maths,373,0.9733,0.8398
p0235,heldout,1,accepted,maths,238,1.199,1.062
p0235,heldout,3,accepted,maths,238,1.229,1.061
p0229,heldout,1,accepted,maths,388,0.8116,0.6221
p0229,heldout,3,accepted,maths,388,1.029,0.913
p0234,heldout,1,accepted,maths,375,1.088,0.9649
p0234,heldout,2,accepted,maths,375,0.894,0.7503
p0234,heldout,3,accepted,maths,375,1.157,1.066
p0234,heldout,4,rejected,maths,375,1.106,1.04
p0235,heldout,1,accepted,maths,243,1.116,0.943
p0229,heldout,4,accepted,maths,393,1.043,1.062
p0235,heldout,3,unreached,maths,245,1.109,0.9668
p0235,heldout,4,unreached,maths,245,1.192,1.087
p0236,heldout,4,accepted,maths,297,0.9156,0.7862
p0234,heldout,1,accepted,maths,384,0.9788,0.764
p0235,heldout,2,accepted,maths,246,1.187,1.025
p0236,heldout,3,unreached,maths,302,1.183,1.068
p0236,heldout,4,unreached,maths,302,1.124,0.9296
p0229,heldout,2,accepted,maths,403,1.106,0.9898
p0229,heldout,4,accepted,maths,403,1.21,1.271
p0234,heldout,4,rejected,maths,387,0.9829,0.8382
p0236,heldout,3,accepted,maths,303,0.978,0.876
p0235,heldout,4,accepted,maths,253,1.008,0.9778
p0234,heldout,2,accepted,maths,393,0.917,0.807
p0234,heldout,4,accepted,maths,393,1.038,1.054
p0235,heldout,2,accepted,maths,258,1.23,1.047
p0236,heldout,3,accepted,maths,313,0.9764,0.767
p0234,heldout,2,accepted,maths,398,1.074,1.012
p0234,heldout,4,rejected,maths,398,1.143,1.074
p0235,heldout,2,accepted,maths,263,1.116,0.959
p0235,heldout,3,accepted,maths,263,1.137,1.048
p0234,heldout,1,accepted,maths,402,1.101,0.9633
p0234,heldout,4,unreached,maths,402,1.119,1.041
p0235,heldout,1,accepted,maths,268,1.131,0.9597
p0235,heldout,3,accepted,maths,268,1.199,1.093
p0238,heldout,1,accepted,maths,69,0.5976,0.4501
p0238,heldout,3,rejected,maths,69,0.8967,0.7856
p0234,heldout,2,accepted,maths,404,1.022,0.8523
p0234,heldout,3,accepted,maths,404,1.149,1.008
p0235,heldout,1,accepted,maths,272,1.055,1.001
p0235,heldout,3,accepted,maths,272,1.101,0.9552
p0236,heldout,1,rejected,maths,327,0.8721,0.7308
p0238,heldout,3,accepted,maths,72,0.9079,0.7266
p0238,heldout,4,accepted,maths,72,1.158,1.006
p0234,heldout,1,accepted,maths,409,1.201,1.111
p0234,heldout,2,accepted,maths,409,1.18,1.124
p0235,heldout,2,accepted,maths,277,1.211,1.049
p0236,heldout,1,accepted,maths,328,0.7409,0.5774
p0238,heldout,1,accepted,maths,77,1.185,1.093
p0238,heldout,2,accepted,maths,77,1.215,1.07
p0234,heldout,2,accepted,maths,412,1.014,0.8404
p0234,heldout,3,accepted,maths,412,1.091,1.007
p0235,heldout,1,accepted,maths,282,1.016,1.029
p0238,heldout,2,accepted,maths,82,0.889,0.8761
p0234,heldout,1,accepted,maths,417,0.8356,0.7318
p0238,heldout,4,unreached,maths,85,0.9304,0.8513
p0236,heldout,1,accepted,maths,343,1.028,0.9531
p0236,heldout,2,accepted,maths,343,1.247,1.157
p0236,heldout,4,accepted,maths,343,1.109,0.937
p0238,heldout,2,accepted,maths,87,1.046,0.9474
p0238,heldout,4,rejected,maths,87,0.9562,0.8709
p0234,heldout,2,accepted,maths,424,1.23,1.218
p0236,heldout,1,accepted,maths,348,1.127,1.032
p0236,heldout,2,accepted,maths,348,1.192,1.127
p0235,heldout,2,accepted,maths,302,1.048,0.9168
p0236,heldout,1,accepted,maths,353,0.9554,0.8483
p0236,heldout,2,accepted,maths,353,1.208,1.034
p0238,heldout,1,accepted,maths,94,0.7406,0.5925
p0235,heldout,3,unreached,maths,307,1.27,1.134
p0236,heldout,2,accepted,maths,358,1.156,1.106
p0236,heldout,4,accepted,maths,358,1.163,1.033
p0238,heldout,4,unreached,maths,96,1.252,1.08
p0234,heldout,1,accepted,maths,443,1.032,0.9597
p0235,heldout,1,accepted,maths,314,0.9708,0.8364
p0235,heldout,4,accepted,maths,314,1.222,1.113
p0236,heldout,2,accepted,maths,365,1.006,0.9134
p0236,heldout,3,accepted,maths,365,0.9041,0.7391
p0234,heldout,1,accepted,maths,448,1.09,0.8347
p0234,heldout,2,accepted,maths,448,0.8269,0.8089
p0238,heldout,2,accepted,maths,107,1.216,1.071
p0235,heldout,3,accepted,maths,324,1.097,0.9328
p0236,heldout,2,accepted,maths,375,1.155,1.013
p0234,heldout,4,accepted,maths,454,1.215,1.147
p0235,heldout,1,accepted,maths,329,1.075,0.8849
p0236,heldout,1,accepted,maths,379,0.8043,0.6529
p0238,heldout,4,accepted,maths,115,1.087,0.9633
p0235,heldout,1,accepted,maths,334,1.063,0.9609
p0235,heldout,4,accepted,maths,334,1.234,1.053
p0236,heldout,4,accepted,maths,384,1.321,1.206
p0235,heldout,1,accepted,maths,339,1.229,1.12
p0235,heldout,2,accepted,maths,339,1.109,0.9795
p0235,heldout,3,accepted,maths,339,1.247,1.125
p0236,heldout,1,accepted,maths,389,1.132,0.9339
p0238,heldout,1,accepted,maths,125,1.156,1.08
p0238,heldout,3,accepted,maths,125,1.141,1.101
p0234,heldout,3,accepted,maths,465,1.041,0.9955
p0235,heldout,1,accepted,maths,343,1.08,0.9662
p0235,heldout,2,accepted,maths,343,0.9372,0.7673
p0236,heldout,2,accepted,maths,394,0.8645,0.7386
p0236,heldout,3,rejected,maths,394,0.8594,0.785
p0236,heldout,4,unreached,maths,394,0.8342,0.7469
p0238,heldout,4,accepted,maths,130,1.203,1.099
p0234,heldout,3,accepted,maths,470,1.276,1.103
p0235,heldout,1,accepted,maths,347,0.8993,0.8102
p0235,heldout,2,accepted,maths,347,1.11,0.9619
p0235,heldout,4,unreached,maths,347,1.022,0.8616
p0236,heldout,3,accepted,maths,397,0.9555,0.8949
p0235,heldout,3,accepted,maths,350,1.13,1.048
p0236,heldout,4,unreached,maths,402,0.7963,0.6573
p0238,heldout,1,accepted,maths,137,0.7654,0.6683
p0234,heldout,4,unreached,maths,479,1.106,1.009
p0234,heldout,1,accepted,maths,481,1.162,1.021
p0234,heldout,2,accepted,maths,481,1.237,1.179
p0235,heldout,2,unreached,maths,357,0.9012,0.8008
p0235,heldout,3,unreached,maths,357,1.209,1.153
p0236,heldout,3,accepted,maths,410,0.9588,0.8993
p0238,heldout,1,accepted,maths,143,0.8655,0.8222
p0238,heldout,3,accepted,maths,143,0.993,0.831
p0234,heldout,2,accepted,maths,484,0.9202,0.753
p0234,heldout,3,accepted,maths,484,1.041,0.9101
p0234,heldout,2,rejected,maths,489,0.96,0.8973
p0234,heldout,3,unreached,maths,489,0.9741,0.9496
p0235,heldout,1,accepted,maths,363,1.051,0.9459
p0235,heldout,3,accepted,maths,363,1.179,0.9795
p0238,heldout,1,accepted,maths,153,1.076,0.8647
p0234,heldout,2,accepted,maths,491,1.066,1.036
p0234,heldout,4,unreached,maths,491,1.057,1.177
p0235,heldout,2,unreached,maths,368,0.9061,0.8894
p0236,heldout,2,accepted,maths,425,1.236,1.159
p0238,heldout,1,accepted,maths,158,0.9515,0.7754
p0238,heldout,3,accepted,maths,158,0.9245,0.9075
p0236,heldout,2,accepted,maths,430,0.74,0.7631
p0236,heldout,4,accepted,maths,430,0.9031,0.8402
p0235,heldout,4,accepted,maths,374,1.18,1.051
p0238,heldout,1,accepted,maths,168,1.123,0.9333
p0234,heldout,2,accepted,maths,502,1.163,1.097
p0234,heldout,4,unreached,maths,502,1.028,1.017
p0236,heldout,2,accepted,maths,440,1.148,1.039
p0236,heldout,4,accepted,maths,440,1.118,1.06
p0235,heldout,4,accepted,maths,384,1.035,1.008
p0236,heldout,4,unreached,maths,445,1.172,1.144
p0238,heldout,2,accepted,maths,176,1.147,1.041
p0234,heldout,1,accepted,maths,509,0.948,0.8255
p0234,heldout,4,accepted,maths,509,1.041,0.9112
p0235,heldout,2,accepted,maths,389,1.24,1.143
p0235,heldout,4,accepted,maths,389,0.9503,0.7565
p0236,heldout,1,accepted,maths,446,1.028,0.9283
p0235,heldout,3,accepted,maths,394,1.029,0.9913
p0238,heldout,1,accepted,maths,186,0.8452,0.7333
p0234,heldout,4,unreached,maths,519,1.171,1.136
p0235,heldout,1,accepted,maths,399,0.9892,0.831
p0235,heldout,2,accepted,maths,399,1.095,0.9291
p0236,heldout,2,accepted,maths,456,0.8298,0.7036
p0236,heldout,3,rejected,maths,456,0.8731,0.7197
p0236,heldout,4,unreached,maths,456,0.9563,0.8704
p0238,heldout,2,rejected,maths,189,1.145,1.011
p0234,heldout,3,accepted,maths,522,0.7508,0.6185
p0236,heldout,1,accepted,maths,459,0.6994,0.5659
p0236,heldout,4,unreached,maths,459,0.8045,0.7019
p0234,heldout,4,unreached,maths,526,0.8122,0.6624
p0236,heldout,3,accepted,maths,461,0.9739,0.8175
p0238,heldout,4,accepted,maths,195,1.08,0.8867
p0234,heldout,1,accepted,maths,527,0.812,0.6186
p0234,heldout,3,accepted,maths,527,1.084,1.035
p0236,heldout,4,unreached,maths,466,0.9223,0.7699
p0238,heldout,2,unreached,maths,200,0.7189,0.613
p0236,heldout,1,accepted,maths,468,0.9099,0.825
p0238,heldout,1,accepted,maths,201,0.8698,0.7719
p0238,heldout,2,rejected,maths,201,0.8341,0.7813
p0242,heldout,3,accepted,multilingual,139,1.019,1.013
p0242,heldout,4,accepted,multilingual,139,0.958,0.9245
p0234,heldout,4,accepted,maths,536,0.9988,0.7955
p0236,heldout,4,rejected,maths,473,0.7693,0.7856
p0234,heldout,1,accepted,maths,541,0.7016,0.5544
p0234,heldout,3,accepted,maths,541,0.9201,0.8094
p0236,heldout,1,accepted,maths,477,0.7808,0.6641
p0238,heldout,2,accepted,maths,208,1.021,0.9319
p0234,heldout,4,unreached,maths,545,1.301,1.149
p0236,heldout,3,accepted,maths,482,1.085,0.9994
p0238,heldout,3,accepted,maths,213,0.9779,0.8538
p0242,heldout,4,unreached,multilingual,151,0.8362,0.7871
p0234,heldout,2,rejected,maths,548,0.867,0.7923
p0234,heldout,3,unreached,maths,548,1.051,1.027
p0236,heldout,1,accepted,maths,487,0.8128,0.6924
p0236,heldout,4,rejected,maths,487,1.16,0.9805
p0238,heldout,3,rejected,maths,217,0.995,0.8631
p0242,heldout,4,unreached,multilingual,153,0.7787,0.7267
p0234,heldout,3,accepted,maths,550,1.197,1.26
p0234,heldout,4,accepted,maths,550,1.131,1.038
p0236,heldout,2,accepted,maths,491,1.06,0.8868
p0238,heldout,1,accepted,maths,220,0.5266,0.4159
p0238,heldout,2,accepted,maths,220,0.8816,0.7411
p0234,heldout,3,accepted,maths,555,1.138,1.168
p0236,heldout,2,accepted,maths,496,1.124,0.9198
p0236,heldout,4,accepted,maths,496,1.285,1.206
p0242,heldout,2,rejected,multilingual,155,0.7536,0.7128
p0238,heldout,2,accepted,maths,228,0.8547,0.7285
p0238,heldout,3,rejected,maths,228,0.8579,0.7251
p0242,heldout,1,rejected,multilingual,157,0.6891,0.6397
p0238,heldout,4,unreached,maths,231,1.028,0.8741
p0242,heldout,2,accepted,multilingual,158,0.7761,0.7735
p0242,heldout,4,rejected,multilingual,158,0.8728,0.8599
p0234,heldout,1,accepted,maths,568,1.089,1.046
p0236,heldout,1,accepted,maths,506,0.7327,0.6384
p0242,heldout,1,rejected,multilingual,162,0.7349,0.7052
p0242,heldout,2,unreached,multilingual,162,0.7988,0.7172
p0242,heldout,3,unreached,multilingual,162,0.8392,0.8119
p0234,heldout,3,rejected,maths,573,1.021,0.9394
p0234,heldout,4,unreached,maths,573,1.092,1.017
p0236,heldout,4,accepted,maths,511,1.217,1.089
p0242,heldout,1,accepted,multilingual,163,0.8259,0.7928
p0242,heldout,2,rejected,multilingual,163,0.8823,0.8381
p0234,heldout,3,accepted,maths,576,0.9967,0.9905
p0242,heldout,2,accepted,multilingual,165,1.014,1.001
p0242,heldout,1,accepted,multilingual,168,0.6087,0.5784
p0242,heldout,2,accepted,multilingual,168,0.7447,0.6817
p0242,heldout,3,rejected,multilingual,168,0.7979,0.7503
p0242,heldout,4,unreached,multilingual,168,0.9091,0.8893
p0238,heldout,2,accepted,maths,253,1.218,1.265
p0242,heldout,3,unreached,multilingual,172,0.9003,0.8919
p0244,heldout,4,unreached,multilingual,61,0.9047,0.8831
p0244,heldout,2,accepted,multilingual,62,0.9574,0.8909
p0244,heldout,4,unreached,multilingual,62,1.049,0.9594
p0238,heldout,4,accepted,maths,260,0.9659,0.7493
p0242,heldout,2,unreached,multilingual,176,0.7405,0.701
p0242,heldout,3,unreached,multilingual,176,0.7488,0.7212
p0238,heldout,1,accepted,maths,265,0.9605,0.825
p0242,heldout,2,accepted,multilingual,177,0.6992,0.6782
p0242,heldout,3,accepted,multilingual,177,0.73,0.6961
p0238,heldout,1,accepted,maths,269,0.6736,0.5269
p0242,heldout,1,accepted,multilingual,181,0.717,0.7121
p0244,heldout,2,accepted,multilingual,68,1.077,0.9801
p0244,heldout,3,rejected,multilingual,68,0.7933,0.7075
p0238,heldout,2,accepted,maths,274,0.8396,0.7094
p0238,heldout,3,accepted,maths,274,0.92,0.8598
p0238,heldout,4,accepted,maths,274,0.9732,0.8528
p0242,heldout,1,accepted,multilingual,183,0.803,0.8082
p0242,heldout,2,rejected,multilingual,183,0.8679,0.8539
p0238,heldout,2,rejected,maths,279,1.02,0.8639
p0238,heldout,4,unreached,maths,279,1.17,1.025
p0242,heldout,3,accepted,multilingual,185,0.8536,0.8146
p0244,heldout,2,rejected,multilingual,76,0.7569,0.7504
p0242,heldout,4,unreached,multilingual,189,0.96,0.9547
p0244,heldout,3,unreached,multilingual,78,0.9051,0.833
p0238,heldout,3,accepted,maths,286,0.9937,0.8166
p0242,heldout,2,accepted,multilingual,190,0.7157,0.6352
p0242,heldout,4,unreached,multilingual,195,1.127,1.075
p0244,heldout,2,accepted,multilingual,81,0.7758,0.761
p0244,heldout,3,rejected,multilingual,81,0.8219,0.7614
p0238,heldout,4,rejected,maths,296,0.9779,0.8582
p0242,heldout,2,unreached,multilingual,198,0.7336,0.7174
p0244,heldout,1,accepted,multilingual,84,0.9616,0.9028
p0244,heldout,3,accepted,multilingual,84,1.177,1.112
p0244,heldout,4,accepted,multilingual,84,1.137,1.089
p0244,heldout,1,accepted,multilingual,89,0.7462,0.7263
p0238,heldout,1,rejected,maths,301,0.8546,0.7125
p0238,heldout,4,unreached,maths,301,1.117,0.986
p0242,heldout,1,accepted,multilingual,201,0.8162,0.8117
p0244,heldout,1,accepted,multilingual,91,0.9587,0.9183
p0244,heldout,2,rejected,multilingual,91,0.8812,0.8477
p0244,heldout,4,unreached,multilingual,91,1.04,0.9521
p0244,heldout,1,accepted,multilingual,93,0.9362,0.8659
p0244,heldout,4,accepted,multilingual,93,0.8835,0.842
p0238,heldout,2,accepted,maths,305,1.018,0.8842
p0242,heldout,2,accepted,multilingual,211,0.8494,0.7648
p0242,heldout,3,accepted,multilingual,211,0.9492,0.9528
p0242,heldout,4,accepted,multilingual,211,0.7997,0.7604
p0244,heldout,1,accepted,multilingual,98,0.6353,0.5981
p0238,heldout,3,unreached,maths,310,0.7693,0.677
p0238,heldout,4,unreached,maths,310,0.9614,0.8707
p0242,heldout,3,accepted,multilingual,216,1.021,1.123
p0244,heldout,1,accepted,multilingual,100,0.8636,0.8377
p0244,heldout,2,accepted,multilingual,100,0.8061,0.8459
p0238,heldout,2,accepted,maths,312,0.9551,0.884
p0242,heldout,1,accepted,multilingual,221,0.8329,0.8722
p0244,heldout,1,accepted,multilingual,103,0.9595,0.8652
p0244,heldout,2,accepted,multilingual,103,0.9311,0.9043
p0238,heldout,2,accepted,maths,317,1.087,0.9464
p0242,heldout,4,accepted,multilingual,223,1.144,1.039
p0244,heldout,3,unreached,multilingual,107,0.8405,0.8058
p0238,heldout,1,accepted,maths,321,0.7135,0.5517
p0244,heldout,4,unreached,multilingual,108,0.8727,0.7944
p0238,heldout,1,accepted,maths,326,0.8154,0.6858
p0238,heldout,2,accepted,maths,326,0.9717,0.8378
p0242,heldout,2,accepted,multilingual,233,0.96,1.01
p0244,heldout,2,unreached,multilingual,109,0.716,0.6559
p0242,heldout,2,accepted,multilingual,237,1.085,1.056
p0242,heldout,3,accepted,multilingual,237,0.9354,0.9464
p0242,heldout,4,accepted,multilingual,237,0.9293,0.8982
p0244,heldout,2,unreached,multilingual,110,0.878,0.8463
p0244,heldout,3,unreached,multilingual,110,0.9244,0.857
p0244,heldout,4,unreached,multilingual,110,0.8415,0.7196
p0238,heldout,1,accepted,maths,335,1.077,1.006
p0238,heldout,4,unreached,maths,335,1.076,1.026
p0242,heldout,4,accepted,multilingual,242,0.902,0.8349
p0244,heldout,1,accepted,multilingual,111,0.6036,0.5246
p0238,heldout,4,unreached,maths,338,1.17,1.055
p0242,heldout,2,accepted,multilingual,247,0.9646,0.9016
p0238,heldout,2,accepted,maths,341,0.9618,0.7937
p0238,heldout,3,accepted,maths,341,1.088,0.9746
p0242,heldout,1,accepted,multilingual,250,0.7072,0.6524
p0244,heldout,1,accepted,multilingual,117,1.017,0.9403
p0244,heldout,3,unreached,multilingual,117,0.9025,0.8932
p0244,heldout,4,unreached,multilingual,117,1.005,0.9739
p0238,heldout,2,rejected,maths,346,0.7779,0.769
p0238,heldout,4,unreached,maths,346,0.9796,0.8436
p0244,heldout,2,unreached,multilingual,119,0.903,0.8351
p0244,heldout,3,rejected,multilingual,120,0.9716,0.9519
p0244,heldout,4,unreached,multilingual,120,0.9281,0.8686
p0242,heldout,2,unreached,multilingual,261,0.7314,0.6865
p0242,heldout,4,unreached,multilingual,261,0.9676,0.9375
p0244,heldout,1,accepted,multilingual,123,0.6308,0.5928
p0244,heldout,1,accepted,multilingual,125,0.8039,0.7275
p0244,heldout,4,accepted,multilingual,125,0.915,0.8971
p0244,heldout,4,unreached,multilingual,130,0.9298,0.9108
p0238,heldout,1,accepted,maths,362,0.7627,0.6159
p0242,heldout,3,accepted,multilingual,270,0.908,0.8508
p0244,heldout,3,unreached,multilingual,133,0.8529,0.8469
p0238,heldout,2,accepted,maths,364,0.7282,0.5734
p0238,heldout,4,rejected,maths,364,0.7892,0.6486
p0242,heldout,1,rejected,multilingual,275,0.6218,0.6181
p0242,heldout,1,accepted,multilingual,276,0.6836,0.6365
p0238,heldout,1,accepted,maths,373,1.28,1.137
p0238,heldout,3,accepted,maths,373,0.9726,0.913
p0242,heldout,1,accepted,multilingual,278,0.7685,0.7453
p0244,heldout,3,unreached,multilingual,140,0.9062,0.8838
p0238,heldout,2,unreached,maths,378,0.8658,0.7967
p0242,heldout,4,accepted,multilingual,283,0.9304,0.9452
p0244,heldout,2,rejected,multilingual,142,0.8462,0.8273
p0242,heldout,4,rejected,multilingual,288,0.8765,0.8334
p0244,heldout,2,accepted,multilingual,144,0.752,0.7078
p0244,heldout,4,accepted,multilingual,144,0.9803,0.9862
p0238,heldout,2,accepted,maths,380,0.6967,0.5798
p0242,heldout,4,unreached,multilingual,292,0.8442,0.8169
p0244,heldout,1,accepted,multilingual,149,0.7028,0.6709
p0244,heldout,2,rejected,multilingual,149,0.8808,0.8247
p0238,heldout,1,rejected,maths,384,0.6823,0.5517
p0244,heldout,1,rejected,multilingual,151,0.7493,0.7328
p0244,heldout,2,unreached,multilingual,151,0.8274,0.7836
p0238,heldout,1,accepted,maths,385,0.9644,0.8079
p0244,heldout,3,accepted,multilingual,152,0.824,0.8115
p0245,heldout,1,accepted,multilingual,65,0.8062,0.7884
p0245,heldout,3,unreached,multilingual,65,0.7583,0.7972
p0238,heldout,4,accepted,maths,393,1.089,0.9287
p0244,heldout,1,rejected,multilingual,165,0.7912,0.7367
p0245,heldout,3,unreached,multilingual,67,0.8,0.8268
p0238,heldout,4,accepted,maths,398,1.114,0.953
p0242,heldout,1,accepted,multilingual,314,0.7092,0.7297
p0244,heldout,2,accepted,multilingual,166,0.703,0.6516
p0238,heldout,3,accepted,maths,403,1.058,0.9464
p0242,heldout,1,rejected,multilingual,317,0.6117,0.5836
p0242,heldout,2,unreached,multilingual,317,1.012,0.9765
p0242,heldout,4,unreached,multilingual,317,0.875,0.8131
p0244,heldout,1,rejected,multilingual,171,0.5025,0.4617
p0245,heldout,1,rejected,multilingual,69,0.8243,0.8164
p0238,heldout,4,unreached,maths,408,1.027,0.9006
p0242,heldout,2,accepted,multilingual,318,0.8559,0.7838
p0244,heldout,3,unreached,multilingual,172,0.976,0.9081
p0244,heldout,4,unreached,multilingual,172,1.149,1.058
p0238,heldout,1,accepted,maths,410,0.88,0.7951
p0244,heldout,3,accepted,multilingual,176,0.9126,0.9148
p0245,heldout,2,accepted,multilingual,78,0.8646,0.8902
p0238,heldout,1,accepted,maths,420,1.031,0.9596
p0242,heldout,4,unreached,multilingual,326,1.061,1.013
p0244,heldout,1,accepted,multilingual,181,0.7168,0.6578
p0245,heldout,4,unreached,multilingual,83,0.9287,0.9789
p0238,heldout,1,accepted,maths,425,0.6772,0.5666
p0238,heldout,3,accepted,maths,425,1.012,0.874
p0238,heldout,4,accepted,maths,425,0.9705,0.8461
p0242,heldout,3,accepted,multilingual,329,0.919,0.9271
p0244,heldout,2,accepted,multilingual,184,0.6595,0.5887
p0245,heldout,2,unreached,multilingual,84,0.9454,0.9567
p0238,heldout,3,accepted,maths,430,0.9394,0.781
p0242,heldout,3,unreached,multilingual,333,0.8117,0.7825
p0242,heldout,4,unreached,multilingual,333,0.9829,0.9712
p0244,heldout,3,unreached,multilingual,187,0.7947,0.7254
p0244,heldout,4,unreached,multilingual,187,0.9121,0.8429
p0245,heldout,3,accepted,multilingual,85,0.8852,0.9797
p0238,heldout,1,accepted,maths,434,1.05,0.974
p0244,heldout,3,accepted,multilingual,189,0.9334,0.9069
p0244,heldout,4,rejected,multilingual,189,0.9528,0.9844
p0245,heldout,1,rejected,multilingual,89,0.4929,0.4913
p0245,heldout,4,unreached,multilingual,89,0.9665,1.012
p0242,heldout,1,rejected,multilingual,337,0.7095,0.6913
p0242,heldout,4,unreached,multilingual,337,0.8568,0.8362
p0238,heldout,1,accepted,maths,441,1.107,0.9182
p0238,heldout,2,accepted,maths,441,1.134,1.008
p0242,heldout,1,accepted,multilingual,338,0.5878,0.5786
p0242,heldout,2,accepted,multilingual,338,1.096,1.066
p0244,heldout,3,accepted,multilingual,195,0.84,0.8248
p0238,heldout,2,accepted,maths,446,1.144,1.059
p0242,heldout,3,unreached,multilingual,343,0.8368,0.8249
p0244,heldout,4,unreached,multilingual,200,1.097,1.042
p0245,heldout,4,unreached,multilingual,93,0.7089,0.7377
p0242,heldout,1,accepted,multilingual,344,0.8486,0.8242
p0242,heldout,3,accepted,multilingual,344,0.895,0.8779
p0244,heldout,3,unreached,multilingual,201,0.7523,0.7285
p0244,heldout,4,unreached,multilingual,203,1.011,1.028
p0246,heldout,1,accepted,multilingual,54,1.259,1.135
p0244,heldout,1,accepted,multilingual,204,0.9301,0.8416
p0244,heldout,2,accepted,multilingual,204,0.928,0.8936
p0244,heldout,4,unreached,multilingual,204,0.8712,0.826
p0246,heldout,2,accepted,multilingual,59,1.366,1.179
p0242,heldout,1,accepted,multilingual,359,0.6499,0.5866
p0244,heldout,3,rejected,multilingual,207,0.9279,0.9342
p0245,heldout,3,unreached,multilingual,101,0.7716,0.7899
p0246,heldout,3,accepted,multilingual,64,1.291,1.266
p0246,heldout,4,accepted,multilingual,64,1.386,1.314
p0242,heldout,1,rejected,multilingual,364,0.7395,0.6949
p0245,heldout,3,unreached,multilingual,103,0.8404,0.8731
p0246,heldout,3,accepted,multilingual,69,1.321,1.331
p0242,heldout,1,accepted,multilingual,365,0.7624,0.7562
p0244,heldout,2,unreached,multilingual,215,0.8055,0.776
p0245,heldout,1,rejected,multilingual,104,1.023,1.077
p0245,heldout,3,unreached,multilingual,104,0.8586,0.9059
p0242,heldout,1,rejected,multilingual,368,1.023,1.04
p0242,heldout,3,unreached,multilingual,368,0.9863,0.8985
p0244,heldout,2,rejected,multilingual,216,0.8673,0.842
p0245,heldout,1,accepted,multilingual,105,1.081,1.066
p0245,heldout,4,unreached,multilingual,105,0.7966,0.8021
p0242,heldout,4,unreached,multilingual,369,0.9919,0.897
p0242,heldout,3,unreached,multilingual,370,1.186,1.201
p0244,heldout,1,rejected,multilingual,223,0.7899,0.7376
p0244,heldout,2,unreached,multilingual,223,0.9277,0.9007
p0244,heldout,4,unreached,multilingual,223,0.745,0.7026
p0245,heldout,4,unreached,multilingual,112,0.9475,0.986
p0246,heldout,2,accepted,multilingual,88,0.9827,1.004
p0242,heldout,4,accepted,multilingual,371,0.997,0.9643
p0244,heldout,3,accepted,multilingual,224,0.7754,0.7279
p0244,heldout,4,rejected,multilingual,224,0.868,0.8132
p0245,heldout,4,unreached,multilingual,114,0.964,0.9729
p0242,heldout,3,unreached,multilingual,376,0.9822,0.9535
p0244,heldout,2,accepted,multilingual,228,0.8988,0.9163
p0245,heldout,4,unreached,multilingual,115,0.8535,0.8679
p0245,heldout,3,rejected,multilingual,116,0.9295,0.9911
p0245,heldout,4,unreached,multilingual,116,0.8708,0.9044
p0242,heldout,1,accepted,multilingual,381,0.726,0.6256
p0242,heldout,2,rejected,multilingual,381,0.7202,0.6605
p0244,heldout,3,unreached,multilingual,232,0.8197,0.7505
p0246,heldout,2,accepted,multilingual,104,1.017,0.8569
p0242,heldout,1,rejected,multilingual,383,0.7176,0.6701
p0245,heldout,3,unreached,multilingual,122,0.8278,0.8572
p0246,heldout,2,accepted,multilingual,108,0.9302,0.9024
p0242,heldout,3,accepted,multilingual,384,0.8742,0.8363
p0242,heldout,4,rejected,multilingual,384,0.893,0.8446
p0244,heldout,1,accepted,multilingual,235,0.7632,0.7247
p0244,heldout,2,rejected,multilingual,235,0.775,0.7402
p0245,heldout,1,rejected,multilingual,123,0.8102,0.8172
p0246,heldout,3,rejected,multilingual,113,0.8498,0.7559
p0242,heldout,2,accepted,multilingual,388,0.8196,0.7952
p0245,heldout,1,rejected,multilingual,124,0.6926,0.6985
p0245,heldout,4,unreached,multilingual,124,0.9517,0.9845
p0246,heldout,4,unreached,multilingual,116,0.9252,0.8507
p0242,heldout,4,unreached,multilingual,391,1.103,0.9804
p0244,heldout,3,unreached,multilingual,240,0.7435,0.6727
p0245,heldout,2,rejected,multilingual,125,0.9269,0.9631
p0242,heldout,1,rejected,multilingual,393,0.7563,0.7443
p0242,heldout,3,unreached,multilingual,393,0.8883,0.8326
p0244,heldout,1,rejected,multilingual,241,0.6741,0.6083
p0245,heldout,1,accepted,multilingual,127,0.697,0.7261
p0246,heldout,3,rejected,multilingual,122,0.9557,0.8353
p0246,heldout,4,unreached,multilingual,122,0.9609,0.8231
p0242,heldout,2,accepted,multilingual,394,1.216,1.158
p0242,heldout,3,accepted,multilingual,394,1.086,0.9648
p0242,heldout,4,accepted,multilingual,394,0.9991,0.9103
p0245,heldout,1,accepted,multilingual,130,1.112,1.137
p0245,heldout,4,accepted,multilingual,130,0.8637,0.8812
p0246,heldout,2,accepted,multilingual,125,0.8078,0.7331
p0246,heldout,4,unreached,multilingual,125,0.9639,0.8655
p0244,heldout,4,unreached,multilingual,243,0.91,0.8531
p0242,heldout,4,unreached,multilingual,406,0.7595,0.6994
p0244,heldout,4,accepted,multilingual,247,0.936,0.8704
p0242,heldout,2,unreached,multilingual,408,0.7752,0.7479
p0245,heldout,1,accepted,multilingual,145,1.094,1.086
p0246,heldout,1,accepted,multilingual,140,0.9979,0.9738
p0245,heldout,3,unreached,multilingual,147,0.7402,0.7628
p0245,heldout,4,unreached,multilingual,147,0.7987,0.8179
p0246,heldout,1,accepted,multilingual,145,0.703,0.6221
p0246,heldout,2,accepted,multilingual,145,1.028,0.9777
p0244,heldout,1,accepted,multilingual,255,0.7133,0.6677
p0245,heldout,2,rejected,multilingual,149,0.7501,0.7905
p0245,heldout,1,accepted,multilingual,151,0.9305,0.9272
p0245,heldout,4,accepted,multilingual,151,0.9395,0.9605
p0246,heldout,1,accepted,multilingual,154,0.5544,0.4623
p0242,heldout,2,accepted,multilingual,422,0.7606,0.7351
p0242,heldout,4,rejected,multilingual,422,0.8503,0.8182
p0244,heldout,3,unreached,multilingual,261,0.8047,0.74
p0244,heldout,4,unreached,multilingual,261,0.9222,0.9106
p0245,heldout,2,rejected,multilingual,156,1.008,1.021
p0246,heldout,1,rejected,multilingual,158,0.6747,0.5772
p0246,heldout,2,unreached,multilingual,158,0.8539,0.7609
p0246,heldout,3,unreached,multilingual,158,0.8936,0.7908
p0244,heldout,3,unreached,multilingual,262,1.055,1.075
p0245,heldout,2,rejected,multilingual,158,0.7771,0.7982
p0246,heldout,4,unreached,multilingual,159,0.8473,0.8196
p0245,heldout,4,unreached,multilingual,160,0.7615,0.7835
p0244,heldout,2,accepted,multilingual,264,0.9717,0.8608
p0245,heldout,1,accepted,multilingual,162,0.6107,0.6236
p0245,heldout,4,unreached,multilingual,162,0.9993,1.022
p0246,heldout,1,accepted,multilingual,167,1.083,0.9813
p0246,heldout,4,accepted,multilingual,167,1.077,1.028
p0242,heldout,4,accepted,multilingual,433,1.097,1.08
p0244,heldout,2,rejected,multilingual,269,0.7568,0.7275
p0245,heldout,2,unreached,multilingual,164,0.8055,0.8277
p0245,heldout,3,unreached,multilingual,164,0.8996,0.9751
p0245,heldout,4,unreached,multilingual,164,0.8826,0.9107
p0246,heldout,1,rejected,multilingual,172,0.9532,0.8326
p0246,heldout,4,unreached,multilingual,172,1.052,1.094
p0242,heldout,1,accepted,multilingual,438,0.8333,0.8022
p0242,heldout,3,accepted,multilingual,438,0.8227,0.8154
p0246,heldout,4,unreached,multilingual,173,0.8634,0.7391
p0248,heldout,1,accepted,multilingual,37,1.273,1.16
p0248,heldout,2,accepted,multilingual,37,1.309,1.123
p0242,heldout,3,accepted,multilingual,443,0.8629,0.7984
p0244,heldout,3,unreached,multilingual,276,0.8753,0.8306
p0245,heldout,2,unreached,multilingual,168,0.7599,0.7934
p0246,heldout,2,accepted,multilingual,176,0.9983,1.039
p0246,heldout,4,accepted,multilingual,176,0.9749,0.8645
p0248,heldout,1,accepted,multilingual,42,1.061,0.8958
p0248,heldout,2,accepted,multilingual,42,1.289,1.139
p0242,heldout,2,rejected,multilingual,448,0.8755,0.8626
p0244,heldout,2,unreached,multilingual,278,0.9717,0.8609
p0245,heldout,2,accepted,multilingual,169,0.9448,0.9971
p0248,heldout,3,unreached,multilingual,47,0.9674,0.8964
p0242,heldout,4,unreached,multilingual,450,1.125,1.083
p0246,heldout,1,accepted,multilingual,186,1.031,1.004
p0246,heldout,3,accepted,multilingual,186,1.003,0.8937
p0248,heldout,4,unreached,multilingual,48,1.281,1.248
p0242,heldout,1,accepted,multilingual,452,1.146,1.08
p0244,heldout,1,accepted,multilingual,283,0.8192,0.8179
p0244,heldout,2,rejected,multilingual,283,0.87,0.8135
p0246,heldout,3,accepted,multilingual,191,0.9535,0.8696
p0248,heldout,1,accepted,multilingual,50,0.8911,0.8173
p0242,heldout,3,accepted,multilingual,454,0.7589,0.76
p0246,heldout,3,unreached,multilingual,195,0.8905,0.7564
p0242,heldout,1,rejected,multilingual,459,0.666,0.6387
p0244,heldout,2,accepted,multilingual,288,1.086,1.054
p0245,heldout,1,rejected,multilingual,179,0.7844,0.8266
p0245,heldout,1,accepted,multilingual,180,0.818,0.8799
p0245,heldout,2,accepted,multilingual,180,0.8847,0.9012
p0246,heldout,1,rejected,multilingual,199,0.7678,0.6754
p0246,heldout,2,unreached,multilingual,200,0.7231,0.6543
p0246,heldout,4,unreached,multilingual,200,1.144,1.013
p0248,heldout,1,accepted,multilingual,65,0.6753,0.5763
p0248,heldout,2,accepted,multilingual,65,0.9806,0.92
p0242,heldout,2,accepted,multilingual,466,0.952,0.9162
p0242,heldout,4,rejected,multilingual,466,0.883,0.9198
p0244,heldout,3,accepted,multilingual,299,0.8226,0.8116
p0245,heldout,2,accepted,multilingual,186,0.9743,1.005
p0246,heldout,2,unreached,multilingual,201,0.8489,0.7731
p0248,heldout,1,accepted,multilingual,70,0.879,0.7729
p0248,heldout,3,rejected,multilingual,70,0.8676,0.6903
p0242,heldout,2,unreached,multilingual,470,0.9301,0.9535
p0242,heldout,3,unreached,multilingual,470,1.219,1.339
p0246,heldout,2,accepted,multilingual,202,1.112,0.9993
p0248,heldout,2,accepted,multilingual,73,0.9266,0.8348
p0244,heldout,2,accepted,multilingual,305,0.7325,0.7044
p0244,heldout,4,unreached,multilingual,305,0.876,0.803
p0245,heldout,1,rejected,multilingual,190,0.8514,0.8604
p0246,heldout,2,accepted,multilingual,207,0.9784,0.9572
p0246,heldout,4,rejected,multilingual,207,1.151,1.121
p0244,heldout,4,unreached,multilingual,308,0.9336,0.9208
p0245,heldout,1,accepted,multilingual,191,0.8475,0.9334
p0246,heldout,2,rejected,multilingual,211,0.9883,0.8627
p0242,heldout,2,rejected,multilingual,478,0.8259,0.8147
p0242,heldout,3,unreached,multilingual,478,0.8216,0.7488
p0244,heldout,4,unreached,multilingual,310,0.846,0.8558
p0246,heldout,2,accepted,multilingual,213,0.7921,0.6961
p0248,heldout,1,accepted,multilingual,85,0.8385,0.799
p0242,heldout,3,unreached,multilingual,480,0.8377,0.7923
p0244,heldout,3,unreached,multilingual,312,0.9153,0.8886
p0246,heldout,1,accepted,multilingual,218,0.7193,0.5485
p0246,heldout,3,unreached,multilingual,218,0.8788,0.7547
p0246,heldout,4,unreached,multilingual,218,0.9035,0.7569
p0242,heldout,1,accepted,multilingual,482,0.6453,0.5918
p0244,heldout,1,rejected,multilingual,313,0.7505,0.707
p0244,heldout,3,unreached,multilingual,313,0.7995,0.7992
p0245,heldout,2,accepted,multilingual,202,0.7573,0.7707
p0245,heldout,3,accepted,multilingual,202,0.7961,0.815
p0246,heldout,4,unreached,multilingual,220,0.858,0.7996
p0248,heldout,3,unreached,multilingual,90,1.045,0.88
p0248,heldout,4,unreached,multilingual,90,0.9006,0.7234
p0242,heldout,3,accepted,multilingual,487,1.195,1.24
p0244,heldout,2,rejected,multilingual,314,0.927,0.9493
p0246,heldout,3,accepted,multilingual,221,1.172,1.066
p0246,heldout,4,accepted,multilingual,221,1.228,1.166
p0248,heldout,2,accepted,multilingual,92,0.9164,0.7307
p0242,heldout,1,rejected,multilingual,491,0.7479,0.6942
p0244,heldout,2,unreached,multilingual,316,0.8908,0.8548
p0244,heldout,4,unreached,multilingual,316,1.086,1.05
p0245,heldout,4,unreached,multilingual,209,0.7728,0.8259
p0246,heldout,2,rejected,multilingual,226,0.7262,0.6715
p0248,heldout,3,unreached,multilingual,95,0.9266,0.8188
p0248,heldout,4,unreached,multilingual,95,0.967,0.8444
p0242,heldout,3,accepted,multilingual,492,0.8581,0.8586
p0244,heldout,3,accepted,multilingual,317,0.9011,0.8232
p0246,heldout,1,rejected,multilingual,228,1.119,1.062
p0246,heldout,2,unreached,multilingual,228,0.9049,0.9368
p0246,heldout,3,unreached,multilingual,228,0.8901,0.7564
p0248,heldout,2,rejected,multilingual,96,0.8161,0.7427
p0248,heldout,4,unreached,multilingual,96,0.9199,0.8506
p0242,heldout,2,accepted,multilingual,496,0.6331,0.617
p0245,heldout,3,accepted,multilingual,214,0.837,0.8619
p0248,heldout,2,accepted,multilingual,98,0.8171,0.7051
p0244,heldout,2,accepted,multilingual,326,1.201,1.179
p0244,heldout,3,accepted,multilingual,326,1.125,0.9781
p0245,heldout,2,accepted,multilingual,218,0.7829,0.7979
p0248,heldout,2,accepted,multilingual,103,0.7991,0.7261
p0248,heldout,4,rejected,multilingual,103,0.8542,0.7715
p0242,heldout,1,accepted,multilingual,502,0.7354,0.7169
p0244,heldout,1,accepted,multilingual,331,0.7486,0.7177
p0244,heldout,2,accepted,multilingual,331,0.8329,0.7933
p0245,heldout,3,unreached,multilingual,221,0.8113,0.8457
p0245,heldout,4,unreached,multilingual,221,0.8811,0.9382
p0246,heldout,1,accepted,multilingual,234,0.86,0.7985
p0242,heldout,2,unreached,multilingual,505,0.8474,0.7905
p0244,heldout,3,unreached,multilingual,336,0.7998,0.7781
p0248,heldout,1,accepted,multilingual,110,0.6064,0.5672
p0248,heldout,2,accepted,multilingual,110,1.057,0.9993
p0242,heldout,1,accepted,multilingual,506,0.9807,0.9261
p0242,heldout,2,accepted,multilingual,506,0.7693,0.7413
p0242,heldout,3,rejected,multilingual,506,0.7652,0.7563
p0242,heldout,4,unreached,multilingual,506,0.8644,0.8252
p0244,heldout,3,rejected,multilingual,337,0.906,0.8967
p0244,heldout,4,unreached,multilingual,337,1.096,1.114
p0245,heldout,2,rejected,multilingual,223,0.745,0.7507
p0245,heldout,4,unreached,multilingual,223,0.7024,0.7381
p0246,heldout,2,accepted,multilingual,237,1.15,1.067
p0246,heldout,3,accepted,multilingual,237,1.247,1.143
p0248,heldout,1,rejected,multilingual,115,0.7456,0.6443
p0242,heldout,3,unreached,multilingual,509,0.7532,0.7193
p0244,heldout,4,accepted,multilingual,340,1.019,0.9652
p0246,heldout,4,rejected,multilingual,242,1.05,0.9199
p0242,heldout,4,accepted,multilingual,510,0.7766,0.7733
p0245,heldout,1,accepted,multilingual,226,0.7557,0.778
p0246,heldout,4,unreached,multilingual,246,0.8346,0.7075
p0242,heldout,2,accepted,multilingual,515,0.7677,0.7251
p0244,heldout,4,rejected,multilingual,350,0.8273,0.8155
p0248,heldout,2,accepted,multilingual,122,1.198,1.169
p0248,heldout,4,accepted,multilingual,122,1.091,1.077
p0242,heldout,2,accepted,multilingual,520,0.8026,0.7647
p0245,heldout,2,rejected,multilingual,229,0.7351,0.7935
p0244,heldout,1,rejected,multilingual,357,0.7849,0.7439
p0245,heldout,1,accepted,multilingual,231,0.9289,0.8401
p0246,heldout,3,unreached,multilingual,251,0.8703,0.7355
p0248,heldout,1,accepted,multilingual,132,1.111,1.094
p0248,heldout,3,accepted,multilingual,132,1.023,1.001
p0245,heldout,4,unreached,multilingual,236,0.9539,1.004
p0246,heldout,1,accepted,multilingual,252,0.8228,0.7074
p0246,heldout,2,accepted,multilingual,252,0.8546,0.7443
p0246,heldout,3,accepted,multilingual,252,0.9562,0.8286
p0248,heldout,3,unreached,multilingual,137,0.8724,0.7868
p0244,heldout,1,accepted,multilingual,362,0.8402,0.7551
p0246,heldout,4,accepted,multilingual,257,0.852,0.7946
p0244,heldout,1,accepted,multilingual,366,0.8889,0.757
p0244,heldout,2,accepted,multilingual,371,0.7192,0.6437
p0246,heldout,1,rejected,multilingual,263,0.7886,0.6409
p0248,heldout,1,rejected,multilingual,142,0.8209,0.6861
p0244,heldout,1,accepted,multilingual,376,0.841,0.7945
p0244,heldout,2,accepted,multilingual,376,0.9238,0.8002
p0244,heldout,4,rejected,multilingual,376,0.7916,0.7609
p0245,heldout,4,accepted,multilingual,245,1.004,0.9737
p0246,heldout,1,accepted,multilingual,264,0.9078,0.8034
p0248,heldout,2,unreached,multilingual,143,0.8024,0.7123
p0244,heldout,1,accepted,multilingual,380,0.8516,0.7474
p0248,heldout,3,unreached,multilingual,144,0.8444,0.7586
p0244,heldout,2,rejected,multilingual,385,0.6607,0.6087
p0244,heldout,3,accepted,multilingual,387,0.8219,0.7888
p0245,heldout,1,accepted,multilingual,253,0.8429,0.8371
p0246,heldout,2,accepted,multilingual,272,0.8801,0.7669
p0246,heldout,3,accepted,multilingual,272,0.8469,0.7638
p0244,heldout,1,accepted,multilingual,392,0.6617,0.6053
p0245,heldout,3,unreached,multilingual,255,0.8493,0.8878
p0246,heldout,2,accepted,multilingual,277,0.9494,0.9285
p0246,heldout,3,rejected,multilingual,277,0.8552,0.8028
p0244,heldout,2,unreached,multilingual,400,0.8435,0.8457
p0245,heldout,4,unreached,multilingual,259,0.9283,0.9587
p0246,heldout,4,unreached,multilingual,284,0.7275,0.6322
p0248,heldout,4,unreached,multilingual,158,0.8281,0.7532
p0245,heldout,4,unreached,multilingual,261,0.8837,0.9126
p0246,heldout,2,accepted,multilingual,285,0.8237,0.7378
p0246,heldout,4,accepted,multilingual,285,0.8229,0.6988
p0248,heldout,2,accepted,multilingual,160,0.9971,0.8982
p0248,heldout,3,rejected,multilingual,160,0.9169,0.8093
p0244,heldout,1,accepted,multilingual,403,0.84,0.7642
p0244,heldout,2,accepted,multilingual,403,1.021,0.894
p0244,heldout,3,accepted,multilingual,403,1.023,0.9873
p0245,heldout,2,unreached,multilingual,264,0.8703,0.9461
p0248,heldout,2,rejected,multilingual,163,0.9975,0.8782
p0244,heldout,1,accepted,multilingual,407,0.8576,0.8179
p0245,heldout,2,unreached,multilingual,265,0.7863,0.8218
p0246,heldout,1,accepted,multilingual,291,0.7351,0.7137
p0248,heldout,2,accepted,multilingual,165,0.7881,0.6766
p0244,heldout,3,accepted,multilingual,412,0.926,0.8642
p0248,heldout,1,rejected,multilingual,168,1.021,0.8896
p0245,heldout,1,rejected,multilingual,271,0.8843,0.9388
p0246,heldout,3,rejected,multilingual,301,0.8515,0.7961
p0244,heldout,3,accepted,multilingual,425,0.9455,0.8744
p0244,heldout,4,accepted,multilingual,425,0.8643,0.8338
p0245,heldout,2,unreached,multilingual,272,0.9082,0.9522
p0248,heldout,2,accepted,multilingual,178,0.9861,0.9044
p0248,heldout,3,rejected,multilingual,178,0.9223,0.7774
p0248,heldout,4,unreached,multilingual,178,0.8468,0.7496
p0244,heldout,3,accepted,multilingual,430,0.8728,0.8525
p0245,heldout,2,accepted,multilingual,273,0.9844,1.007
p0246,heldout,1,accepted,multilingual,305,0.9502,0.9738
p0244,heldout,1,accepted,multilingual,435,0.6335,0.5594
p0246,heldout,4,unreached,multilingual,308,0.8702,0.7663
p0248,heldout,2,unreached,multilingual,183,0.8509,0.7018
p0244,heldout,3,unreached,multilingual,439,0.9184,0.9034
p0245,heldout,1,accepted,multilingual,283,0.7623,0.817
p0245,heldout,4,rejected,multilingual,283,0.8423,0.8481
p0246,heldout,3,accepted,multilingual,310,0.8489,0.6747
p0248,heldout,4,unreached,multilingual,184,0.8539,0.7419
p0244,heldout,1,accepted,multilingual,440,0.7748,0.7318
p0244,heldout,3,accepted,multilingual,440,0.8129,0.7699
p0248,heldout,1,accepted,multilingual,185,0.9326,0.9085
p0246,heldout,2,accepted,multilingual,316,0.748,0.6357
p0245,heldout,4,unreached,multilingual,291,1.032,1.032
p0246,heldout,4,rejected,multilingual,321,1.012,0.9849
p0245,heldout,1,accepted,multilingual,292,1.128,1.124
p0246,heldout,2,accepted,multilingual,325,1.06,1.013
p0245,heldout,2,accepted,multilingual,294,0.8443,0.904
p0246,heldout,2,rejected,multilingual,328,0.7532,0.6408
p0246,heldout,3,unreached,multilingual,328,0.8421,0.7406
p0246,heldout,4,unreached,multilingual,328,0.8572,0.8927
p0248,heldout,2,accepted,multilingual,197,0.8251,0.7112
p0248,heldout,4,accepted,multilingual,197,1.259,1.044
p0245,heldout,3,unreached,multilingual,298,0.8889,0.8873
p0246,heldout,1,accepted,multilingual,330,0.6519,0.6322
p0246,heldout,2,rejected,multilingual,333,0.8827,0.7451
p0246,heldout,3,unreached,multilingual,333,0.9401,0.8332
p0246,heldout,4,unreached,multilingual,333,1.022,0.9011
p0248,heldout,1,accepted,multilingual,206,1.248,1.245
p0246,heldout,1,rejected,multilingual,335,0.6538,0.5473
p0246,heldout,2,unreached,multilingual,335,0.7612,0.6404
p0246,heldout,4,unreached,multilingual,335,0.8956,0.7657
p0246,heldout,1,rejected,multilingual,336,0.7725,0.6558
p0246,heldout,2,accepted,multilingual,337,1.046,0.9635
p0246,heldout,4,accepted,multilingual,337,1.075,0.9916
p0245,heldout,2,unreached,multilingual,307,0.8895,0.9273
p0245,heldout,3,unreached,multilingual,307,0.8968,0.9261
p0246,heldout,2,rejected,multilingual,342,1.109,1.061
p0246,heldout,4,unreached,multilingual,342,1.001,0.9132
p0248,heldout,4,unreached,multilingual,216,0.8078,0.729
p0245,heldout,1,accepted,multilingual,308,1.018,1.013
p0245,heldout,2,accepted,multilingual,308,1.019,1.014
p0245,heldout,3,accepted,multilingual,308,0.9226,0.9575
p0246,heldout,1,rejected,multilingual,344,0.8884,0.8457
p0245,heldout,1,rejected,multilingual,312,0.7797,0.8338
p0245,heldout,2,unreached,multilingual,312,0.7423,0.7681
p0246,heldout,1,accepted,multilingual,345,0.9776,0.8341
p0248,heldout,1,accepted,multilingual,221,0.8614,0.7589
p0246,heldout,2,accepted,multilingual,350,0.9374,0.9208
p0245,heldout,4,unreached,multilingual,317,0.9712,0.9637
p0248,heldout,2,accepted,multilingual,231,0.8657,0.7859
p0245,heldout,1,rejected,multilingual,319,0.7496,0.7884
p0245,heldout,2,unreached,multilingual,319,1.047,1.05
p0245,heldout,3,unreached,multilingual,319,0.8576,0.8926
p0248,heldout,2,accepted,multilingual,234,0.7984,0.7677
p0248,heldout,3,rejected,multilingual,234,0.7794,0.6779
p0245,heldout,1,rejected,multilingual,320,0.783,0.8336
p0246,heldout,2,accepted,multilingual,359,0.9141,0.8821
p0248,heldout,4,unreached,multilingual,237,1.134,1.121
p0245,heldout,1,accepted,multilingual,321,0.5347,0.5504
p0246,heldout,1,rejected,multilingual,362,0.7401,0.6345
p0246,heldout,2,unreached,multilingual,362,0.8895,0.8041
p0246,heldout,3,unreached,multilingual,362,1.054,1.004
p0246,heldout,4,unreached,multilingual,362,0.9461,0.8361
p0248,heldout,2,rejected,multilingual,238,0.8948,0.7948
p0248,heldout,4,unreached,multilingual,238,1.125,1.116
p0246,heldout,3,rejected,multilingual,363,0.9707,0.9634
p0246,heldout,4,unreached,multilingual,363,1.05,0.9421
p0248,heldout,3,unreached,multilingual,241,0.7523,0.6213
p0248,heldout,4,unreached,multilingual,241,0.8818,0.7685
p0246,heldout,2,accepted,multilingual,368,1.075,1.159
p0248,heldout,1,rejected,multilingual,243,0.8407,0.7261
p0245,heldout,2,accepted,multilingual,332,0.8811,0.8739
p0245,heldout,3,accepted,multilingual,332,0.9398,0.9565
p0246,heldout,3,unreached,multilingual,377,0.7397,0.6261
p0248,heldout,4,unreached,multilingual,246,1.015,0.93
p0245,heldout,2,accepted,multilingual,339,0.7412,0.7596
p0246,heldout,2,unreached,multilingual,379,0.8342,0.825
p0246,heldout,3,unreached,multilingual,379,1.157,1.084
p0245,heldout,1,accepted,multilingual,343,0.9874,0.9166
p0248,heldout,1,accepted,multilingual,255,0.7266,0.6208
p0246,heldout,4,unreached,multilingual,390,0.9976,0.9228
p0248,heldout,3,unreached,multilingual,258,0.8911,0.7338
p0248,heldout,2,rejected,multilingual,260,0.9234,0.7515
p0245,heldout,2,unreached,multilingual,354,0.9363,0.9253
p0246,heldout,3,accepted,multilingual,398,1.301,1.223
p0248,heldout,2,rejected,multilingual,262,1.094,1.116
p0245,heldout,1,accepted,multilingual,355,1.05,1.044
p0245,heldout,3,accepted,multilingual,355,1.066,1.09
p0246,heldout,1,accepted,multilingual,403,1.029,1.004
p0248,heldout,3,unreached,multilingual,264,0.9284,0.7935
p0245,heldout,1,accepted,multilingual,359,0.8314,0.8783
p0245,heldout,2,accepted,multilingual,359,0.838,0.853
p0248,heldout,1,rejected,multilingual,265,0.8316,0.6888
p0248,heldout,4,unreached,multilingual,265,0.7767,0.6781
p0246,heldout,2,unreached,multilingual,413,0.7158,0.6005
p0245,heldout,2,unreached,multilingual,366,0.7923,0.8413
p0246,heldout,2,unreached,multilingual,414,0.9922,0.955
p0246,heldout,3,unreached,multilingual,414,1.099,0.9611
p0248,heldout,1,rejected,multilingual,267,0.7296,0.6017
p0248,heldout,2,unreached,multilingual,267,0.7833,0.6644
p0245,heldout,4,unreached,multilingual,367,1.07,1.119
p0246,heldout,4,unreached,multilingual,415,1.161,1.061
p0248,heldout,1,accepted,multilingual,268,0.6809,0.5801
p0245,heldout,3,unreached,multilingual,368,0.928,0.9872
p0246,heldout,2,accepted,multilingual,416,1.137,1.048
p0246,heldout,2,accepted,multilingual,421,1.343,1.211
p0248,heldout,3,rejected,multilingual,275,0.8843,0.76
p0248,heldout,4,unreached,multilingual,275,0.8531,0.7667
p0245,heldout,3,accepted,multilingual,370,1.032,1.058
p0246,heldout,4,unreached,multilingual,426,0.9716,0.8864
p0248,heldout,1,accepted,multilingual,278,0.7331,0.6347
p0248,heldout,2,accepted,multilingual,278,0.7699,0.6771
p0245,heldout,3,accepted,multilingual,375,0.9473,0.8831
p0245,heldout,4,rejected,multilingual,375,0.7241,0.7254
p0248,heldout,1,accepted,multilingual,281,0.7091,0.6545
p0245,heldout,4,unreached,multilingual,379,0.8409,0.8663
p0245,heldout,3,accepted,multilingual,382,0.8493,0.9076
p0248,heldout,1,rejected,multilingual,290,0.7713,0.6649
p0248,heldout,3,unreached,multilingual,290,0.871,0.7189
p0245,heldout,2,unreached,multilingual,387,1.096,1.12
p0245,heldout,4,unreached,multilingual,387,0.8245,0.8572
p0248,heldout,1,accepted,multilingual,291,0.622,0.5577
p0248,heldout,3,accepted,multilingual,291,0.8143,0.6848
p0254,heldout,2,accepted,multilingual,35,0.993,1.021
p0245,heldout,1,accepted,multilingual,388,0.8666,0.8716
p0245,heldout,2,rejected,multilingual,388,0.9795,1.045
p0254,heldout,2,accepted,multilingual,38,1.001,1.01
p0245,heldout,3,unreached,multilingual,390,0.7527,0.7704
p0254,heldout,1,accepted,multilingual,41,0.7453,0.7595
p0245,heldout,2,unreached,multilingual,392,0.9783,0.9431
p0248,heldout,1,rejected,multilingual,306,0.5282,0.4496
p0254,heldout,1,accepted,multilingual,44,0.7928,0.8637
p0254,heldout,2,accepted,multilingual,44,0.9604,0.9365
p0254,heldout,2,accepted,multilingual,49,0.8265,0.8724
p0248,heldout,1,accepted,multilingual,308,0.7357,0.5906
p0248,heldout,2,accepted,multilingual,308,0.8239,0.8244
p0248,heldout,3,accepted,multilingual,308,1.011,0.9246
p0254,heldout,1,accepted,multilingual,54,0.7338,0.7667
p0248,heldout,1,accepted,multilingual,313,0.8399,0.7215
p0248,heldout,3,unreached,multilingual,313,0.7946,0.6585
p0254,heldout,1,accepted,multilingual,57,0.8037,0.8644
p0254,heldout,3,unreached,multilingual,57,1.086,1.09
p0248,heldout,1,accepted,multilingual,315,0.9818,0.9088
p0248,heldout,3,unreached,multilingual,315,0.9482,0.8198
p0254,heldout,3,rejected,multilingual,59,0.9842,1.034
p0245,heldout,4,unreached,multilingual,402,1.046,1.066
p0248,heldout,4,accepted,multilingual,317,1.233,1.246
p0254,heldout,4,rejected,multilingual,62,0.9196,0.9837
p0248,heldout,1,accepted,multilingual,322,1.099,1.014
p0245,heldout,1,accepted,multilingual,405,0.8704,0.8953
p0245,heldout,3,rejected,multilingual,405,0.7603,0.7993
p0248,heldout,2,accepted,multilingual,326,0.8462,0.7728
p0248,heldout,3,accepted,multilingual,326,0.9563,0.9341
p0245,heldout,2,rejected,multilingual,408,0.7197,0.7213
p0248,heldout,3,accepted,multilingual,330,1.204,1.093
p0254,heldout,3,unreached,multilingual,72,0.7738,0.7608
p0245,heldout,2,unreached,multilingual,410,0.722,0.754
p0248,heldout,3,accepted,multilingual,335,0.9065,0.8139
p0245,heldout,2,accepted,multilingual,411,0.8739,0.8374
p0248,heldout,1,accepted,multilingual,340,1.089,1.026
p0248,heldout,3,accepted,multilingual,340,1.069,0.9659
p0248,heldout,4,accepted,multilingual,340,0.8928,0.8302
p0254,heldout,1,accepted,multilingual,76,0.8595,0.8424
p0245,heldout,1,accepted,multilingual,414,1.07,1.059
p0245,heldout,4,unreached,multilingual,414,1.049,1.042
p0248,heldout,2,accepted,multilingual,345,1.163,1.073
p0254,heldout,3,unreached,multilingual,78,0.8437,0.883
p0248,heldout,1,accepted,multilingual,350,0.8329,0.6832
p0245,heldout,1,accepted,multilingual,418,0.9652,1.007
p0248,heldout,4,unreached,multilingual,353,0.9592,0.8966
p0254,heldout,1,accepted,multilingual,83,0.8678,0.8838
p0245,heldout,2,accepted,multilingual,421,0.904,0.9189
p0248,heldout,2,accepted,multilingual,354,0.8897,0.7713
p0245,heldout,1,accepted,multilingual,426,0.8743,0.9109
p0245,heldout,4,rejected,multilingual,426,0.7716,0.8181
p0248,heldout,2,rejected,multilingual,359,0.829,0.6982
p0254,heldout,1,rejected,multilingual,86,0.766,0.7756
p0254,heldout,2,unreached,multilingual,86,0.8007,0.8275
p0254,heldout,4,unreached,multilingual,86,0.8616,0.9112
p0245,heldout,1,rejected,multilingual,430,0.745,0.7677
p0248,heldout,3,accepted,multilingual,361,0.9029,0.7322
p0248,heldout,3,unreached,multilingual,366,1.061,0.9933
p0254,heldout,2,accepted,multilingual,91,1.055,1.068
p0248,heldout,2,rejected,multilingual,368,0.6543,0.5641
p0248,heldout,3,unreached,multilingual,368,1.046,0.9668
p0254,heldout,1,accepted,multilingual,96,0.8266,0.87
p0245,heldout,1,accepted,multilingual,436,0.7941,0.7052
p0248,heldout,1,accepted,multilingual,370,0.9919,0.9203
p0248,heldout,2,accepted,multilingual,370,0.7692,0.6937
p0254,heldout,1,rejected,multilingual,100,0.9149,0.9139
p0254,heldout,2,unreached,multilingual,100,0.8777,0.9209
p0254,heldout,3,accepted,multilingual,101,1.103,1.102
p0254,heldout,4,accepted,multilingual,101,1.095,1.112
p0248,heldout,3,unreached,multilingual,378,0.9252,0.8826
p0254,heldout,1,rejected,multilingual,106,0.6332,0.6583
p0254,heldout,3,unreached,multilingual,106,1.044,1.059
p0254,heldout,4,unreached,multilingual,106,0.8182,0.8758
p0248,heldout,1,accepted,multilingual,380,0.8392,0.8054
p0254,heldout,2,rejected,multilingual,107,0.8263,0.8397
p0248,heldout,1,accepted,multilingual,383,1.039,0.9275
p0248,heldout,2,accepted,multilingual,383,1.07,0.9569
p0248,heldout,1,accepted,multilingual,388,1.06,1.017
p0254,heldout,2,accepted,multilingual,111,0.8075,0.8676
p0254,heldout,1,accepted,multilingual,114,0.9116,0.9
p0254,heldout,2,accepted,multilingual,117,0.7369,0.7291
p0248,heldout,3,unreached,multilingual,398,0.7919,0.6534
p0254,heldout,1,rejected,multilingual,120,0.8815,0.8827
p0248,heldout,4,accepted,multilingual,399,0.9818,0.8376
p0254,heldout,3,unreached,multilingual,121,1.104,1.173
p0248,heldout,4,unreached,multilingual,404,1.026,1.077
p0248,heldout,2,accepted,multilingual,406,1.068,0.9881
p0248,heldout,2,accepted,multilingual,411,0.9907,0.8246
p0254,heldout,3,accepted,multilingual,131,0.8683,0.9297
p0248,heldout,3,unreached,multilingual,414,0.8351,0.7013
p0254,heldout,2,unreached,multilingual,136,0.8123,0.868
p0254,heldout,4,unreached,multilingual,136,0.9233,0.9414
p0248,heldout,2,accepted,multilingual,416,1.009,1.056
p0254,heldout,1,accepted,multilingual,137,0.7152,0.755
p0254,heldout,2,accepted,multilingual,137,0.8088,0.8478
p0254,heldout,4,unreached,multilingual,137,0.833,0.8724
p0254,heldout,1,accepted,multilingual,150,0.8789,0.8701
p0254,heldout,1,accepted,multilingual,153,1.008,1.005
p0254,heldout,2,accepted,multilingual,157,0.8973,0.9796
p0254,heldout,3,rejected,multilingual,161,0.8944,0.9528
p0254,heldout,1,accepted,multilingual,166,1.084,1.075
p0254,heldout,4,unreached,multilingual,166,0.8883,0.9213
p0254,heldout,1,accepted,multilingual,170,0.7403,0.615
p0254,heldout,3,accepted,multilingual,170,0.8296,0.8684
p0254,heldout,2,rejected,multilingual,174,0.8989,0.9519
p0254,heldout,3,accepted,multilingual,176,0.8486,0.8611
p0254,heldout,1,rejected,multilingual,180,0.81,0.8157
p0254,heldout,2,unreached,multilingual,180,0.8064,0.8363
p0254,heldout,4,unreached,multilingual,180,0.9361,0.9732
p0254,heldout,2,unreached,multilingual,181,0.8406,0.8961
p0254,heldout,1,accepted,multilingual,182,0.6956,0.7391
p0254,heldout,2,rejected,multilingual,182,0.8331,0.863
p0254,heldout,1,rejected,multilingual,184,0.9313,0.9007
p0254,heldout,2,unreached,multilingual,184,0.8588,0.9149
p0254,heldout,1,accepted,multilingual,185,0.8073,0.8395
p0254,heldout,4,unreached,multilingual,185,0.8049,0.8402
p0254,heldout,1,accepted,multilingual,188,0.7066,0.7228
p0254,heldout,2,rejected,multilingual,190,1.032,1.066
p0254,heldout,1,rejected,multilingual,192,0.7944,0.8394
p0254,heldout,1,rejected,multilingual,193,0.8635,0.8696
p0254,heldout,4,unreached,multilingual,193,1.059,1.093
p0254,heldout,1,accepted,multilingual,199,0.7976,0.8121
p0254,heldout,1,accepted,multilingual,203,1.082,1.065
p0254,heldout,2,accepted,multilingual,203,0.9103,0.9504
p0254,heldout,4,unreached,multilingual,203,0.9485,0.9564
p0254,heldout,3,unreached,multilingual,206,0.8254,0.8811
p0254,heldout,3,unreached,multilingual,208,0.9863,1.001
p0254,heldout,1,rejected,multilingual,215,0.7971,0.8352
p0254,heldout,2,unreached,multilingual,215,0.8285,0.8663
p0254,heldout,3,unreached,multilingual,219,0.8479,0.9234
p0254,heldout,4,unreached,multilingual,219,0.8647,0.8744
p0254,heldout,1,accepted,multilingual,223,0.8619,0.8845
p0254,heldout,2,rejected,multilingual,223,0.7426,0.7798
p0254,heldout,1,accepted,multilingual,225,0.7609,0.7746
p0254,heldout,2,unreached,multilingual,227,0.89,0.9377
p0254,heldout,1,accepted,multilingual,229,0.9303,0.9669
p0254,heldout,1,accepted,multilingual,231,0.913,0.9186
p0254,heldout,2,accepted,multilingual,231,0.9242,0.9625
p0254,heldout,3,accepted,multilingual,231,0.8164,0.8707
p0254,heldout,4,accepted,multilingual,236,0.9769,0.9864
p0254,heldout,2,accepted,multilingual,242,1.033,1.061
p0254,heldout,3,unreached,multilingual,248,0.9952,0.9783
p0254,heldout,2,accepted,multilingual,250,0.7835,0.8326
p0254,heldout,3,rejected,multilingual,256,0.8149,0.8625
p0254,heldout,4,unreached,multilingual,256,0.9334,0.9176
p0254,heldout,3,unreached,multilingual,259,0.7287,0.769
p0254,heldout,3,rejected,multilingual,260,0.7234,0.744
p0254,heldout,2,unreached,multilingual,263,0.9671,0.921
p0254,heldout,2,unreached,multilingual,264,0.9172,0.9962
p0254,heldout,3,unreached,multilingual,264,1.068,1.115
p0254,heldout,4,unreached,multilingual,264,0.8337,0.8578
p0260,heldout,2,accepted,multilingual,1825,1.127,0.9408
p0254,heldout,1,accepted,multilingual,265,0.7506,0.7708
p0254,heldout,3,unreached,multilingual,265,1.041,1.123
p0260,heldout,4,unreached,multilingual,1828,1.055,0.9345
p0254,heldout,1,accepted,multilingual,267,1.11,1.103
p0254,heldout,2,accepted,multilingual,267,0.9072,0.9144
p0260,heldout,2,accepted,multilingual,1829,0.9307,0.8005
p0254,heldout,1,rejected,multilingual,270,0.8526,0.8514
p0260,heldout,1,accepted,multilingual,1833,0.5159,0.4492
p0260,heldout,3,unreached,multilingual,1833,1.117,0.9973
p0260,heldout,3,unreached,multilingual,1835,0.9247,0.7932
p0254,heldout,3,rejected,multilingual,276,0.8073,0.8487
p0254,heldout,4,unreached,multilingual,276,0.9211,0.9267
p0254,heldout,2,unreached,multilingual,279,1.099,1.06
p0254,heldout,2,rejected,multilingual,281,1.135,1.185
p0254,heldout,4,rejected,multilingual,283,0.9424,0.8192
p0254,heldout,2,accepted,multilingual,287,0.8421,0.7685
p0254,heldout,4,accepted,multilingual,287,1.022,0.933
p0254,heldout,2,unreached,multilingual,292,0.9565,0.9699
p0254,heldout,1,accepted,multilingual,293,0.8922,0.9031
p0254,heldout,3,accepted,multilingual,293,0.7969,0.8092
p0260,heldout,1,accepted,multilingual,1860,0.9759,0.8941
p0260,heldout,2,accepted,multilingual,1860,1.007,0.9093
p0260,heldout,3,accepted,multilingual,1860,1.158,1.129
p0254,heldout,1,accepted,multilingual,297,1.1,1.102
p0254,heldout,3,unreached,multilingual,299,0.9147,0.855
p0260,heldout,1,rejected,multilingual,1870,0.8979,0.8045
p0260,heldout,4,unreached,multilingual,1870,0.9213,0.7988
p0254,heldout,2,accepted,multilingual,300,0.687,0.7408
p0254,heldout,3,accepted,multilingual,300,0.9178,0.918
p0260,heldout,4,unreached,multilingual,1871,0.9749,0.9577
p0260,heldout,2,accepted,multilingual,1873,0.949,0.8656
p0260,heldout,3,rejected,multilingual,1873,1.083,1.078
p0260,heldout,1,accepted,multilingual,1876,0.9106,0.8361
p0260,heldout,4,accepted,multilingual,1876,1.272,1.13
p0254,heldout,2,accepted,multilingual,312,0.8354,0.888
p0260,heldout,1,accepted,multilingual,1881,0.6675,0.5428
p0260,heldout,2,accepted,multilingual,1881,0.9681,0.856
p0260,heldout,4,accepted,multilingual,1881,1.152,0.982
p0254,heldout,2,accepted,multilingual,317,0.9785,1.012
p0254,heldout,4,accepted,multilingual,317,0.8058,0.8267
p0260,heldout,1,accepted,multilingual,1886,1.057,0.9225
p0254,heldout,1,accepted,multilingual,322,0.9201,0.9359
p0254,heldout,4,unreached,multilingual,322,0.9034,0.9369
p0260,heldout,2,accepted,multilingual,1891,0.8613,0.7803
p0260,heldout,3,accepted,multilingual,1891,0.7821,0.7607
p0260,heldout,1,accepted,multilingual,1895,0.8593,0.7538
p0260,heldout,2,rejected,multilingual,1895,0.8682,0.7588
p0260,heldout,1,accepted,multilingual,1897,0.8315,0.732
p0260,heldout,2,accepted,multilingual,1897,0.8934,0.8494
p0260,heldout,3,accepted,multilingual,1897,0.8645,0.7568
p0260,heldout,4,accepted,multilingual,1897,1.093,0.9005
p0254,heldout,2,unreached,multilingual,331,0.8274,0.8823
p0260,heldout,3,unreached,multilingual,1907,0.8678,0.8055
p0260,heldout,1,rejected,multilingual,1909,0.5797,0.538
p0260,heldout,3,unreached,multilingual,1909,0.9825,0.962
p0254,heldout,4,unreached,multilingual,334,0.9996,1.014
p0260,heldout,2,accepted,multilingual,1910,0.9088,0.8356
p0254,heldout,2,rejected,multilingual,335,0.7639,0.7974
p0254,heldout,3,unreached,multilingual,335,0.8187,0.8291
p0260,heldout,2,accepted,multilingual,1916,0.8561,0.7507
p0260,heldout,4,accepted,multilingual,1916,0.9719,0.9963
p0254,heldout,3,unreached,multilingual,341,1.04,1.023
p0260,heldout,2,accepted,multilingual,1921,0.947,0.8869
p0260,heldout,1,accepted,multilingual,1926,1.076,0.9512
p0254,heldout,1,accepted,multilingual,344,0.8795,0.8541
p0260,heldout,2,accepted,multilingual,1931,0.9815,0.811
p0261,heldout,1,accepted,multilingual,104,0.9374,1.006
p0261,heldout,3,accepted,multilingual,104,1.174,1.222
p0261,heldout,4,rejected,multilingual,104,0.9154,0.9727
p0254,heldout,1,accepted,multilingual,349,0.6313,0.6408
p0260,heldout,2,accepted,multilingual,1935,0.6895,0.6219
p0261,heldout,3,unreached,multilingual,108,0.847,0.8898
p0260,heldout,2,accepted,multilingual,1940,1.003,0.9411
p0261,heldout,2,rejected,multilingual,109,0.9024,0.9979
p0254,heldout,1,rejected,multilingual,358,0.6611,0.6777
p0261,heldout,2,rejected,multilingual,111,0.7673,0.8156
p0261,heldout,3,unreached,multilingual,111,1.074,1.097
p0261,heldout,2,rejected,multilingual,113,0.839,0.9154
p0261,heldout,3,unreached,multilingual,113,0.8456,0.9069
p0254,heldout,1,accepted,multilingual,361,0.8657,0.8679
p0254,heldout,2,accepted,multilingual,361,0.7002,0.7545
p0260,heldout,2,accepted,multilingual,1954,0.8651,0.7541
p0261,heldout,1,accepted,multilingual,119,0.6272,0.6664
p0261,heldout,2,accepted,multilingual,119,0.7847,0.8517
p0261,heldout,4,accepted,multilingual,119,1.045,1.109
p0254,heldout,1,accepted,multilingual,367,0.8519,0.8547
p0254,heldout,2,accepted,multilingual,367,0.8416,0.8993
p0254,heldout,4,unreached,multilingual,367,0.7305,0.7806
p0261,heldout,1,rejected,multilingual,124,0.783,0.8089
p0261,heldout,3,unreached,multilingual,124,0.9299,0.9989
p0254,heldout,2,rejected,multilingual,370,0.8283,0.8223
p0260,heldout,4,accepted,multilingual,1960,1.115,0.9471
p0254,heldout,3,unreached,multilingual,372,0.6954,0.7893
p0261,heldout,2,unreached,multilingual,127,0.7446,0.7707
p0254,heldout,4,unreached,multilingual,373,0.8837,0.8256
p0260,heldout,2,accepted,multilingual,1972,1.166,1.088
p0254,heldout,3,unreached,multilingual,378,0.9839,0.9959
p0260,heldout,1,accepted,multilingual,1975,0.758,0.7462
p0260,heldout,3,unreached,multilingual,1975,1.119,0.989
p0261,heldout,2,accepted,multilingual,135,0.8903,0.8967
p0254,heldout,4,accepted,multilingual,380,1.081,1.118
p0260,heldout,4,accepted,multilingual,1977,1.046,0.941
p0254,heldout,3,rejected,multilingual,385,0.8487,0.8823
p0260,heldout,2,accepted,multilingual,1982,0.9926,0.9576
p0260,heldout,4,accepted,multilingual,1982,1.243,1.111
p0261,heldout,1,rejected,multilingual,140,0.7242,0.766
p0254,heldout,4,unreached,multilingual,388,1.069,1.093
p0260,heldout,3,accepted,multilingual,1987,0.9975,0.859
p0261,heldout,2,unreached,multilingual,141,0.985,1.037
p0261,heldout,3,unreached,multilingual,141,0.8637,0.9129
p0261,heldout,4,unreached,multilingual,141,0.8654,0.9244
p0254,heldout,2,unreached,multilingual,390,1.004,1.044
p0260,heldout,1,accepted,multilingual,1992,0.7443,0.6795
p0261,heldout,2,accepted,multilingual,142,1.066,1.123
p0261,heldout,3,rejected,multilingual,142,0.8789,0.95
p0254,heldout,2,accepted,multilingual,391,0.9693,0.9384
p0260,heldout,2,accepted,multilingual,1997,1.24,1.08
p0260,heldout,4,unreached,multilingual,1997,1.111,0.9801
p0261,heldout,3,unreached,multilingual,145,1.035,1.073
p0261,heldout,4,unreached,multilingual,145,0.7962,0.8906
p0260,heldout,2,unreached,multilingual,2000,1.043,0.9829
p0260,heldout,4,unreached,multilingual,2000,1.11,1.023
p0261,heldout,4,rejected,multilingual,146,0.8602,0.9633
p0254,heldout,2,rejected,multilingual,396,0.7485,0.7513
p0261,heldout,4,unreached,multilingual,150,0.8011,0.8462
p0254,heldout,2,rejected,multilingual,398,0.8481,0.892
p0254,heldout,3,unreached,multilingual,398,0.7529,0.7886
p0261,heldout,2,unreached,multilingual,151,0.7697,0.823
p0261,heldout,3,unreached,multilingual,151,0.8516,0.9069
p0261,heldout,4,unreached,multilingual,151,0.8001,0.8597
p0254,heldout,3,unreached,multilingual,400,0.7766,0.7792
p0260,heldout,1,accepted,multilingual,2009,1.024,0.9209
p0261,heldout,2,unreached,multilingual,152,0.8196,0.8864
p0254,heldout,4,rejected,multilingual,402,0.9601,0.9959
p0260,heldout,2,accepted,multilingual,2014,1.363,1.217
p0260,heldout,3,accepted,multilingual,2014,1.257,1.102
p0260,heldout,4,accepted,multilingual,2014,1.321,1.129
p0261,heldout,2,unreached,multilingual,153,0.8505,0.9012
p0260,heldout,1,accepted,multilingual,2019,1.291,1.058
p0254,heldout,1,rejected,multilingual,408,0.6478,0.6913
p0254,heldout,3,unreached,multilingual,408,0.7558,0.7725
p0260,heldout,1,accepted,multilingual,2024,0.8441,0.7263
p0260,heldout,2,accepted,multilingual,2024,1.128,1.037
p0261,heldout,3,unreached,multilingual,155,0.8714,0.8675
p0254,heldout,3,unreached,multilingual,409,1.038,1.061
p0260,heldout,1,accepted,multilingual,2029,1.132,1.076
p0260,heldout,4,accepted,multilingual,2029,1.087,0.9229
p0260,heldout,1,accepted,multilingual,2034,0.9773,0.7725
p0260,heldout,2,accepted,multilingual,2034,1.169,1.011
p0260,heldout,4,unreached,multilingual,2034,0.8532,0.7847
p0254,heldout,2,accepted,multilingual,413,0.8826,0.8512
p0260,heldout,3,accepted,multilingual,2037,0.9252,0.8783
p0254,heldout,2,unreached,multilingual,417,0.8653,0.9293
p0261,heldout,1,accepted,multilingual,161,1.162,1.199
p0260,heldout,1,accepted,multilingual,2047,0.9123,0.8478
p0261,heldout,3,unreached,multilingual,163,0.8965,0.9614
p0261,heldout,4,unreached,multilingual,163,0.8128,0.8786
p0260,heldout,2,accepted,multilingual,2052,1.185,1.078
p0260,heldout,4,accepted,multilingual,2057,1.142,0.957
p0262,heldout,3,unreached,multilingual,342,0.9512,0.9888
p0260,heldout,4,accepted,multilingual,2062,1.086,0.9599
p0261,heldout,2,accepted,multilingual,171,0.9026,0.9922
p0262,heldout,2,accepted,multilingual,343,0.9069,0.9753
p0260,heldout,3,accepted,multilingual,2067,1.066,0.8621
p0261,heldout,2,unreached,multilingual,175,0.9184,0.9998
p0261,heldout,4,unreached,multilingual,175,1.109,1.137
p0262,heldout,1,accepted,multilingual,347,0.8915,0.9463
p0260,heldout,2,accepted,multilingual,2072,0.872,0.8414
p0260,heldout,4,unreached,multilingual,2072,0.9375,0.8504
p0262,heldout,1,accepted,multilingual,352,0.9076,0.9695
p0262,heldout,2,rejected,multilingual,352,0.8111,0.8947
p0260,heldout,3,unreached,multilingual,2075,0.9847,0.9515
p0261,heldout,3,unreached,multilingual,177,1.147,1.174
p0260,heldout,3,accepted,multilingual,2076,0.9044,0.877
p0262,heldout,2,accepted,multilingual,359,0.8545,0.8815
p0260,heldout,1,accepted,multilingual,2080,0.8095,0.666
p0260,heldout,2,accepted,multilingual,2080,0.8984,0.789
p0260,heldout,3,accepted,multilingual,2080,0.915,0.8395
p0262,heldout,2,rejected,multilingual,362,0.7511,0.8233
p0261,heldout,1,accepted,multilingual,181,1.088,1.119
p0261,heldout,3,unreached,multilingual,181,0.9982,1.055
p0261,heldout,4,unreached,multilingual,181,0.8733,0.9015
p0262,heldout,3,accepted,multilingual,364,1.115,1.165
p0262,heldout,4,rejected,multilingual,364,0.9408,1.001
p0260,heldout,1,accepted,multilingual,2090,0.7884,0.6689
p0261,heldout,4,unreached,multilingual,183,0.8856,0.9761
p0262,heldout,1,accepted,multilingual,368,0.8868,0.9234
p0260,heldout,4,accepted,multilingual,2094,0.9651,0.8828
p0261,heldout,3,unreached,multilingual,186,1.051,1.148
p0262,heldout,1,rejected,multilingual,374,0.8688,0.9014
p0262,heldout,2,unreached,multilingual,374,0.9366,0.9562
p0261,heldout,1,accepted,multilingual,191,0.9009,0.9506
p0261,heldout,3,accepted,multilingual,191,0.7674,0.823
p0262,heldout,2,unreached,multilingual,375,0.9767,1.011
p0264,heldout,3,rejected,multilingual,85,0.89,0.9582
p0264,heldout,4,unreached,multilingual,85,0.8145,0.8622
p0261,heldout,2,accepted,multilingual,195,0.8008,0.8913
p0262,heldout,2,rejected,multilingual,376,1.01,1.031
p0264,heldout,3,unreached,multilingual,88,1.039,1.071
p0262,heldout,1,rejected,multilingual,378,0.7128,0.7497
p0262,heldout,2,unreached,multilingual,378,0.985,1.043
p0264,heldout,1,accepted,multilingual,89,0.8504,0.9107
p0260,heldout,1,accepted,multilingual,2116,1.014,0.8629
p0261,heldout,1,accepted,multilingual,203,0.8211,0.8838
p0261,heldout,3,accepted,multilingual,203,0.9864,1.013
p0261,heldout,4,rejected,multilingual,203,0.8734,0.8928
p0264,heldout,4,unreached,multilingual,94,0.9657,1.044
p0265,heldout,2,accepted,multilingual,54,1.275,1.066
p0261,heldout,3,unreached,multilingual,207,0.959,0.9719
p0262,heldout,3,unreached,multilingual,380,0.8987,0.9945
p0260,heldout,2,accepted,multilingual,2123,1.12,1.042
p0260,heldout,3,accepted,multilingual,2123,1.153,1.075
p0264,heldout,1,rejected,multilingual,96,1.054,1.079
p0264,heldout,4,unreached,multilingual,96,0.9924,1.028
p0265,heldout,2,accepted,multilingual,64,1.385,1.323
p0260,heldout,1,accepted,multilingual,2128,0.9571,0.846
p0261,heldout,2,unreached,multilingual,212,1.104,0.9722
p0261,heldout,3,unreached,multilingual,212,1.057,0.9149
p0262,heldout,3,accepted,multilingual,384,1.12,1.161
p0264,heldout,3,unreached,multilingual,97,0.9668,0.9924
p0265,heldout,1,accepted,multilingual,69,1.071,1.027
p0265,heldout,3,accepted,multilingual,69,1.256,1.194
p0261,heldout,3,unreached,multilingual,213,0.8281,0.8609
p0264,heldout,2,rejected,multilingual,98,0.9582,0.963
p0264,heldout,3,unreached,multilingual,98,0.9831,0.9434
p0260,heldout,1,accepted,multilingual,2135,1.04,0.858
p0260,heldout,2,accepted,multilingual,2135,0.8605,0.691
p0261,heldout,1,accepted,multilingual,214,1.047,0.9973
p0262,heldout,1,accepted,multilingual,389,1.017,1.006
p0262,heldout,4,accepted,multilingual,389,0.8783,0.9562
p0260,heldout,4,accepted,multilingual,2140,1.002,0.9201
p0261,heldout,4,unreached,multilingual,219,1.132,0.9558
p0262,heldout,2,unreached,multilingual,394,0.9115,0.7739
p0264,heldout,2,rejected,multilingual,101,0.8575,0.9357
p0265,heldout,2,rejected,multilingual,81,0.7771,0.698
p0260,heldout,3,accepted,multilingual,2145,0.8374,0.7548
p0261,heldout,4,unreached,multilingual,221,1.038,1.118
p0262,heldout,1,rejected,multilingual,395,0.8338,0.7752
p0262,heldout,4,unreached,multilingual,395,1.119,1.137
p0264,heldout,1,accepted,multilingual,103,0.9382,0.9418
p0264,heldout,3,rejected,multilingual,103,0.9025,0.9843
p0265,heldout,3,accepted,multilingual,83,0.9139,0.8617
p0260,heldout,1,accepted,multilingual,2150,0.9585,0.8953
p0261,heldout,2,accepted,multilingual,223,1.158,1.224
p0261,heldout,4,unreached,multilingual,223,1.013,1.155
p0264,heldout,4,rejected,multilingual,106,0.8182,0.8712
p0265,heldout,1,accepted,multilingual,88,0.74,0.686
p0260,heldout,2,accepted,multilingual,2153,0.8044,0.7526
p0261,heldout,4,rejected,multilingual,226,0.9188,0.9911
p0262,heldout,1,accepted,multilingual,400,0.7973,0.8282
p0264,heldout,2,rejected,multilingual,110,1.005,0.9371
p0264,heldout,3,unreached,multilingual,110,1.105,1.191
p0265,heldout,1,accepted,multilingual,93,0.7426,0.6487
p0260,heldout,4,accepted,multilingual,2158,1.073,1.017
p0261,heldout,1,rejected,multilingual,230,0.6382,0.6729
p0261,heldout,3,unreached,multilingual,230,0.7951,0.8282
p0261,heldout,4,unreached,multilingual,230,0.8885,0.9281
p0262,heldout,1,accepted,multilingual,403,1.014,1.051
p0262,heldout,3,unreached,multilingual,403,1.024,1.069
p0262,heldout,4,unreached,multilingual,403,1.008,1.067
p0264,heldout,1,accepted,multilingual,112,0.762,0.737
p0262,heldout,2,rejected,multilingual,405,0.8988,0.9686
p0262,heldout,3,unreached,multilingual,405,0.8487,0.888
p0264,heldout,1,accepted,multilingual,117,0.5041,0.5201
p0264,heldout,2,rejected,multilingual,117,1.011,1.037
p0261,heldout,4,unreached,multilingual,233,0.8098,0.78
p0262,heldout,2,unreached,multilingual,407,1.018,1.071
p0261,heldout,1,rejected,multilingual,234,1.139,1.175
p0261,heldout,4,unreached,multilingual,234,0.7889,0.8266
p0262,heldout,1,accepted,multilingual,408,1.001,1.076
p0264,heldout,2,unreached,multilingual,121,0.9513,0.9463
p0260,heldout,1,accepted,multilingual,2178,0.9359,0.7737
p0260,heldout,2,accepted,multilingual,2178,1.133,1.03
p0261,heldout,3,unreached,multilingual,235,0.9945,1.032
p0264,heldout,1,accepted,multilingual,122,0.7959,0.8387
p0264,heldout,4,unreached,multilingual,122,1.029,1.091
p0260,heldout,2,accepted,multilingual,2183,1.321,1.149
p0261,heldout,2,accepted,multilingual,237,1.006,1.026
p0262,heldout,1,rejected,multilingual,413,0.6899,0.753
p0262,heldout,2,unreached,multilingual,413,0.9825,1.001
p0264,heldout,1,accepted,multilingual,124,0.9973,1.056
p0264,heldout,3,rejected,multilingual,124,0.7667,0.8128
p0264,heldout,4,unreached,multilingual,124,0.9042,0.9601
p0265,heldout,1,accepted,multilingual,104,0.6349,0.5276
p0265,heldout,2,accepted,multilingual,104,0.8852,0.7664
p0260,heldout,3,accepted,multilingual,2188,0.9849,0.8806
p0261,heldout,4,unreached,multilingual,240,0.8269,0.8824
p0260,heldout,4,accepted,multilingual,2193,1.03,0.8463
p0261,heldout,4,unreached,multilingual,241,0.9881,1.026
p0262,heldout,3,unreached,multilingual,415,0.7873,0.8652
p0264,heldout,3,unreached,multilingual,128,1.038,0.9992
p0262,heldout,1,accepted,multilingual,416,1.112,1.112
p0262,heldout,3,rejected,multilingual,416,0.8788,0.9587
p0264,heldout,4,unreached,multilingual,130,1.063,1.039
p0264,heldout,1,accepted,multilingual,132,0.9452,0.9562
p0264,heldout,4,unreached,multilingual,132,0.8101,0.8236
p0265,heldout,2,accepted,multilingual,120,1.062,0.9548
p0261,heldout,1,accepted,multilingual,248,0.8519,0.8419
p0262,heldout,1,accepted,multilingual,420,0.9042,0.956
p0262,heldout,2,accepted,multilingual,420,0.8079,0.9156
p0262,heldout,3,accepted,multilingual,420,0.8142,0.8749
p0264,heldout,3,unreached,multilingual,134,0.8982,0.9182
p0264,heldout,1,accepted,multilingual,136,0.9945,0.9799
p0264,heldout,3,accepted,multilingual,136,0.9212,0.9458
p0265,heldout,1,accepted,multilingual,130,0.8264,0.8535
p0265,heldout,2,accepted,multilingual,130,1.013,0.8869
p0261,heldout,3,unreached,multilingual,256,1.06,1.081
p0262,heldout,4,unreached,multilingual,426,0.8899,0.9355
p0264,heldout,2,accepted,multilingual,140,0.8812,0.9074
p0264,heldout,3,accepted,multilingual,140,0.9221,0.9553
p0264,heldout,4,rejected,multilingual,140,0.8972,0.9677
p0265,heldout,4,accepted,multilingual,134,1.104,0.9882
p0262,heldout,1,accepted,multilingual,429,0.9067,0.9447
p0262,heldout,2,accepted,multilingual,429,1.034,1.094
p0262,heldout,3,rejected,multilingual,429,0.8275,0.9062
p0264,heldout,3,rejected,multilingual,144,1.192,1.16
p0265,heldout,1,accepted,multilingual,139,0.8992,0.7541
p0265,heldout,2,accepted,multilingual,139,1.003,1.03
p0262,heldout,3,unreached,multilingual,432,1.122,1.152
p0264,heldout,3,accepted,multilingual,147,0.9084,0.9433
p0265,heldout,2,accepted,multilingual,144,1.072,1.038
p0261,heldout,3,unreached,multilingual,264,0.8454,0.9199
p0261,heldout,4,unreached,multilingual,264,0.9849,1.031
p0262,heldout,1,accepted,multilingual,433,0.9249,0.9932
p0262,heldout,2,accepted,multilingual,433,0.9998,1.022
p0262,heldout,4,rejected,multilingual,433,0.801,0.9133
p0264,heldout,4,unreached,multilingual,151,1.157,1.216
p0265,heldout,2,accepted,multilingual,149,0.8942,0.7934
p0265,heldout,4,unreached,multilingual,149,0.9449,0.8173
p0261,heldout,2,unreached,multilingual,266,0.8513,0.8994
p0262,heldout,2,accepted,multilingual,437,0.8782,0.9086
p0262,heldout,4,accepted,multilingual,437,0.7261,0.7992
p0264,heldout,3,rejected,multilingual,153,0.9195,1.008
p0264,heldout,4,unreached,multilingual,153,1.059,1.097
p0265,heldout,2,rejected,multilingual,152,0.8493,0.7806
p0265,heldout,3,unreached,multilingual,152,0.8805,0.8229
p0265,heldout,4,unreached,multilingual,152,0.9735,0.8888
p0267,heldout,1,accepted,multilingual,83,0.9781,0.9298
p0267,heldout,2,rejected,multilingual,83,0.7447,0.7368
p0264,heldout,2,accepted,multilingual,156,1.269,1.283
p0265,heldout,1,rejected,multilingual,154,0.6831,0.6379
p0265,heldout,2,unreached,multilingual,154,0.8165,0.7787
p0265,heldout,4,unreached,multilingual,154,0.8974,0.75
p0262,heldout,1,accepted,multilingual,446,0.6264,0.6966
p0264,heldout,2,accepted,multilingual,160,1.007,1.063
p0267,heldout,4,unreached,multilingual,86,0.8648,0.8602
p0261,heldout,2,accepted,multilingual,269,0.9224,0.9957
p0261,heldout,3,accepted,multilingual,269,1.107,1.133
p0262,heldout,2,accepted,multilingual,449,0.9389,1.001
p0262,heldout,3,rejected,multilingual,449,0.7469,0.8224
p0262,heldout,4,unreached,multilingual,449,0.9001,0.9101
p0264,heldout,2,rejected,multilingual,163,0.7387,0.7821
p0264,heldout,3,unreached,multilingual,163,0.9487,0.9066
p0265,heldout,1,rejected,multilingual,160,0.6772,0.6038
p0265,heldout,4,unreached,multilingual,160,0.9258,0.7787
p0267,heldout,1,accepted,multilingual,87,0.6542,0.6861
p0267,heldout,4,accepted,multilingual,87,1.094,1.059
p0261,heldout,3,rejected,multilingual,274,0.8105,0.8703
p0261,heldout,4,unreached,multilingual,274,0.8604,0.8268
p0262,heldout,4,unreached,multilingual,452,0.9454,0.9944
p0264,heldout,4,unreached,multilingual,165,1.021,0.9877
p0265,heldout,3,accepted,multilingual,161,1.121,1.043
p0267,heldout,1,rejected,multilingual,92,0.8128,0.8003
p0261,heldout,4,unreached,multilingual,277,1.111,1.15
p0262,heldout,3,unreached,multilingual,453,0.8862,0.9122
p0267,heldout,3,unreached,multilingual,93,0.8527,0.8051
p0261,heldout,2,unreached,multilingual,278,0.9178,0.9584
p0261,heldout,4,unreached,multilingual,278,0.9858,0.8664
p0262,heldout,3,unreached,multilingual,455,0.8924,0.9848
p0265,heldout,2,accepted,multilingual,171,1.186,1.032
p0265,heldout,3,accepted,multilingual,171,1.002,0.9882
p0267,heldout,3,unreached,multilingual,94,1.071,1.109
p0267,heldout,4,unreached,multilingual,94,0.9214,1.002
p0262,heldout,3,rejected,multilingual,456,0.8374,0.956
p0264,heldout,2,accepted,multilingual,172,0.9677,0.9239
p0264,heldout,4,accepted,multilingual,172,0.8193,0.8925
p0262,heldout,1,rejected,multilingual,459,0.6868,0.7515
p0262,heldout,4,unreached,multilingual,459,0.8831,0.9468
p0264,heldout,2,accepted,multilingual,177,0.8446,0.9173
p0265,heldout,3,accepted,multilingual,179,1.163,1.147
p0267,heldout,4,unreached,multilingual,97,0.8919,0.8711
p0262,heldout,2,accepted,multilingual,460,1.061,1.091
p0264,heldout,3,unreached,multilingual,182,1.069,1.023
p0265,heldout,2,accepted,multilingual,184,0.8142,0.6916
p0261,heldout,2,unreached,multilingual,284,0.8726,0.8834
p0261,heldout,3,unreached,multilingual,284,0.8921,0.9504
p0262,heldout,3,accepted,multilingual,463,0.7534,0.8
p0264,heldout,1,accepted,multilingual,183,1.077,1.077
p0265,heldout,3,rejected,multilingual,188,0.9746,0.8701
p0265,heldout,4,unreached,multilingual,188,0.9053,0.8183
p0267,heldout,2,rejected,multilingual,101,0.8847,0.8813
p0267,heldout,3,unreached,multilingual,101,0.9882,1.058
p0262,heldout,4,unreached,multilingual,467,0.9001,0.962
p0264,heldout,1,accepted,multilingual,185,0.9976,1.003
p0264,heldout,4,unreached,multilingual,185,0.9289,0.9563
p0265,heldout,2,accepted,multilingual,191,0.7473,0.6684
p0265,heldout,3,accepted,multilingual,191,0.9877,0.8675
p0267,heldout,2,rejected,multilingual,103,1.039,1.028
p0267,heldout,3,unreached,multilingual,103,0.9796,0.9609
p0267,heldout,4,unreached,multilingual,103,1.005,1.013
p0262,heldout,1,accepted,multilingual,468,0.7078,0.7683
p0262,heldout,3,accepted,multilingual,468,0.9083,0.9694
p0265,heldout,4,unreached,multilingual,196,0.904,0.7987
p0267,heldout,4,unreached,multilingual,105,0.9376,0.904
p0262,heldout,1,accepted,multilingual,473,0.9186,0.9531
p0262,heldout,2,accepted,multilingual,473,0.9321,0.955
p0264,heldout,1,accepted,multilingual,188,0.9713,1.002
p0265,heldout,2,accepted,multilingual,198,0.7451,0.7108
p0265,heldout,3,accepted,multilingual,198,0.9505,0.8294
p0265,heldout,4,rejected,multilingual,198,0.9587,0.808
p0267,heldout,2,unreached,multilingual,108,0.9332,0.9372
p0267,heldout,4,unreached,multilingual,108,0.8945,0.9171
p0262,heldout,2,unreached,multilingual,477,0.982,1.038
p0262,heldout,4,unreached,multilingual,477,0.9954,1.033
p0264,heldout,1,accepted,multilingual,190,0.9157,0.9448
p0265,heldout,2,rejected,multilingual,202,0.7366,0.6304
p0267,heldout,1,accepted,multilingual,109,0.8116,0.7982
p0267,heldout,3,accepted,multilingual,109,0.8175,0.907
p0267,heldout,4,rejected,multilingual,109,0.8994,0.9155
p0261,heldout,2,accepted,multilingual,289,0.8648,0.9218
p0264,heldout,1,accepted,multilingual,193,0.7345,0.7989
p0265,heldout,3,accepted,multilingual,204,1.11,1.038
p0267,heldout,1,accepted,multilingual,113,0.9567,0.9818
p0261,heldout,4,unreached,multilingual,294,1.041,1.097
p0261,heldout,1,accepted,multilingual,297,1.087,1.166
p0261,heldout,2,accepted,multilingual,297,0.8544,0.9294
p0264,heldout,1,accepted,multilingual,202,0.9016,0.9227
p0265,heldout,4,unreached,multilingual,214,1.258,1.208
p0267,heldout,1,accepted,multilingual,119,0.823,0.7982
p0267,heldout,2,rejected,multilingual,119,0.6766,0.6591
p0261,heldout,3,unreached,multilingual,301,0.8859,0.9241
p0264,heldout,1,accepted,multilingual,205,1.039,1.06
p0267,heldout,1,accepted,multilingual,121,0.9718,0.9525
p0267,heldout,3,unreached,multilingual,121,0.6414,0.6621
p0262,heldout,3,accepted,multilingual,488,0.9635,1.023
p0264,heldout,1,accepted,multilingual,210,0.6525,0.6862
p0264,heldout,4,unreached,multilingual,210,1.147,1.173
p0265,heldout,4,unreached,multilingual,221,1.199,1.115
p0267,heldout,1,rejected,multilingual,123,0.5282,0.5533
p0267,heldout,3,unreached,multilingual,123,0.8717,0.8957
p0261,heldout,2,accepted,multilingual,304,0.9008,0.9533
p0265,heldout,1,accepted,multilingual,223,0.8387,0.7522
p0267,heldout,1,rejected,multilingual,124,0.7029,0.7596
p0261,heldout,2,unreached,multilingual,309,1.096,1.06
p0265,heldout,2,accepted,multilingual,228,1.085,0.9885
p0265,heldout,4,unreached,multilingual,228,1.124,1.006
p0267,heldout,1,rejected,multilingual,125,0.888,0.9312
p0268,heldout,3,accepted,multilingual,25,1.33,1.161
p0261,heldout,2,unreached,multilingual,310,1.198,1.165
p0262,heldout,4,rejected,multilingual,496,0.8855,1.011
p0267,heldout,3,rejected,multilingual,126,0.7429,0.7415
p0268,heldout,4,accepted,multilingual,30,1.16,1.033
p0261,heldout,1,rejected,multilingual,311,1.007,0.9377
p0261,heldout,2,unreached,multilingual,311,1.115,1.088
p0267,heldout,4,unreached,multilingual,129,0.7166,0.7197
p0261,heldout,4,unreached,multilingual,312,0.9833,1.045
p0262,heldout,2,accepted,multilingual,505,0.9528,0.9731
p0264,heldout,2,unreached,multilingual,227,1.087,1.109
p0264,heldout,3,unreached,multilingual,227,0.8571,0.9253
p0264,heldout,4,unreached,multilingual,227,0.7198,0.7621
p0267,heldout,3,rejected,multilingual,130,0.6275,0.6738
p0268,heldout,1,accepted,multilingual,40,1.131,1.069
p0268,heldout,3,accepted,multilingual,40,1.286,1.264
p0261,heldout,4,accepted,multilingual,315,0.821,0.8934
p0262,heldout,4,accepted,multilingual,510,1.044,1.082
p0264,heldout,2,rejected,multilingual,228,0.8125,0.8794
p0264,heldout,3,unreached,multilingual,228,0.7713,0.8254
p0264,heldout,4,unreached,multilingual,228,0.9827,0.9136
p0267,heldout,2,unreached,multilingual,133,1.135,1.103
p0268,heldout,3,accepted,multilingual,45,1.239,1.208
p0261,heldout,2,rejected,multilingual,320,0.932,0.9577
p0262,heldout,2,rejected,multilingual,515,1.144,1.15
p0262,heldout,4,unreached,multilingual,515,0.7236,0.7974
p0264,heldout,2,unreached,multilingual,230,0.8731,0.9443
p0265,heldout,3,unreached,multilingual,249,1.284,1.26
p0265,heldout,4,unreached,multilingual,249,1.253,1.159
p0267,heldout,2,rejected,multilingual,134,0.7718,0.804
p0268,heldout,1,accepted,multilingual,50,0.6403,0.5683
p0264,heldout,2,accepted,multilingual,231,0.8234,0.8906
p0265,heldout,1,accepted,multilingual,250,0.5471,0.5179
p0265,heldout,2,rejected,multilingual,250,0.8057,0.6799
p0268,heldout,4,unreached,multilingual,54,1.068,0.9604
p0261,heldout,3,unreached,multilingual,323,0.9803,0.9442
p0262,heldout,2,accepted,multilingual,518,0.7161,0.7965
p0262,heldout,4,accepted,multilingual,518,0.9529,0.9485
p0267,heldout,1,accepted,multilingual,139,0.8684,0.7693
p0268,heldout,2,accepted,multilingual,55,0.7451,0.6193
p0261,heldout,2,rejected,multilingual,324,1.129,1.088
p0261,heldout,4,unreached,multilingual,324,0.871,0.9071
p0262,heldout,3,rejected,multilingual,523,1.083,1.141
p0264,heldout,1,accepted,multilingual,235,1.004,0.962
p0268,heldout,3,rejected,multilingual,59,0.8696,0.7647
p0268,heldout,4,unreached,multilingual,59,0.8421,0.7255
p0261,heldout,2,unreached,multilingual,326,0.9064,0.9262
p0261,heldout,3,unreached,multilingual,326,0.8587,0.8803
p0262,heldout,4,unreached,multilingual,526,0.7875,0.8796
p0264,heldout,2,unreached,multilingual,240,0.9104,0.8676
p0264,heldout,3,unreached,multilingual,240,0.8005,0.8352
p0268,heldout,3,unreached,multilingual,62,0.7988,0.7093
p0262,heldout,2,accepted,multilingual,529,1.076,1.164
p0265,heldout,3,unreached,multilingual,264,0.9307,0.8822
p0267,heldout,1,accepted,multilingual,145,1.014,0.9999
p0267,heldout,3,rejected,multilingual,145,0.8731,0.8401
p0267,heldout,4,unreached,multilingual,145,0.8337,0.8262
p0268,heldout,1,accepted,multilingual,64,0.7904,0.7512
p0268,heldout,3,unreached,multilingual,64,1.094,1.029
p0261,heldout,2,unreached,multilingual,331,0.8848,0.9311
p0261,heldout,3,unreached,multilingual,331,0.9766,1.053
p0264,heldout,3,accepted,multilingual,246,1.03,1.088
p0265,heldout,4,accepted,multilingual,265,1.273,1.138
p0267,heldout,4,unreached,multilingual,148,0.8632,0.8324
p0268,heldout,4,unreached,multilingual,66,1.219,1.11
p0261,heldout,2,unreached,multilingual,332,0.9893,1.015
p0264,heldout,1,rejected,multilingual,250,0.7085,0.7629
p0264,heldout,2,unreached,multilingual,250,0.8375,0.8722
p0265,heldout,1,accepted,multilingual,270,1.033,0.9618
p0265,heldout,4,accepted,multilingual,270,1.115,1.075
p0267,heldout,1,rejected,multilingual,151,1.099,1.055
p0268,heldout,2,accepted,multilingual,68,0.8476,0.7701
p0261,heldout,2,accepted,multilingual,333,1.037,1.11
p0262,heldout,1,rejected,multilingual,538,0.7573,0.8168
p0264,heldout,3,unreached,multilingual,251,0.8891,0.923
p0268,heldout,3,rejected,multilingual,73,0.7758,0.708
p0262,heldout,1,accepted,multilingual,539,1.052,1.077
p0262,heldout,2,accepted,multilingual,539,1.185,1.221
p0262,heldout,3,rejected,multilingual,539,1.105,1.157
p0262,heldout,4,unreached,multilingual,539,0.9288,0.9563
p0265,heldout,1,accepted,multilingual,280,0.578,0.4563
p0267,heldout,2,rejected,multilingual,154,0.889,0.8596
p0261,heldout,3,unreached,multilingual,337,0.9522,0.9999
p0261,heldout,4,unreached,multilingual,337,1.003,1.064
p0262,heldout,1,accepted,multilingual,542,0.7363,0.7911
p0262,heldout,2,rejected,multilingual,542,0.8225,0.8897
p0264,heldout,3,rejected,multilingual,257,0.7613,0.8165
p0265,heldout,2,rejected,multilingual,285,0.8838,0.8043
p0265,heldout,3,unreached,multilingual,285,0.8273,0.7283
p0265,heldout,4,unreached,multilingual,285,1.071,1.142
p0268,heldout,3,accepted,multilingual,78,1.304,1.218
p0261,heldout,1,accepted,multilingual,339,0.7109,0.7625
p0264,heldout,2,unreached,multilingual,260,1.123,1.122
p0262,heldout,4,unreached,multilingual,545,0.9822,1.015
p0264,heldout,1,rejected,multilingual,261,0.9769,0.9985
p0268,heldout,1,accepted,multilingual,88,0.8328,0.7524
p0268,heldout,4,unreached,multilingual,88,0.7715,0.6928
p0261,heldout,4,unreached,multilingual,342,0.8833,0.9085
p0262,heldout,1,accepted,multilingual,547,0.9846,1
p0264,heldout,3,unreached,multilingual,262,0.9533,0.9949
p0268,heldout,4,unreached,multilingual,90,0.9434,0.9215
p0262,heldout,1,accepted,multilingual,549,1.054,1.068
p0264,heldout,1,accepted,multilingual,264,0.8477,0.8721
p0264,heldout,2,accepted,multilingual,264,0.8368,0.8958
p0264,heldout,3,accepted,multilingual,264,0.7141,0.7774
p0264,heldout,4,accepted,multilingual,264,0.9957,0.986
p0267,heldout,4,unreached,multilingual,164,0.9976,0.9534
p0268,heldout,4,unreached,multilingual,93,0.8575,0.754
p0261,heldout,1,rejected,multilingual,346,1.076,1.124
p0262,heldout,1,rejected,multilingual,551,0.685,0.7495
p0262,heldout,2,unreached,multilingual,551,0.8076,0.8988
p0265,heldout,2,rejected,multilingual,303,0.8083,0.7542
p0267,heldout,2,accepted,multilingual,165,1.013,0.9634
p0268,heldout,2,rejected,multilingual,94,0.8796,0.7846
p0268,heldout,3,unreached,multilingual,94,0.9687,0.8835
p0264,heldout,2,unreached,multilingual,272,1.017,1.063
p0264,heldout,3,unreached,multilingual,272,1.05,1.1
p0265,heldout,1,accepted,multilingual,305,0.8682,0.7548
p0267,heldout,3,unreached,multilingual,169,0.8501,0.8708
p0268,heldout,4,unreached,multilingual,96,0.8422,0.7767
p0261,heldout,2,accepted,multilingual,351,0.9567,0.9859
p0262,heldout,2,unreached,multilingual,553,0.9772,1.013
p0264,heldout,2,unreached,multilingual,273,1.164,1.188
p0264,heldout,4,unreached,multilingual,273,0.7319,0.8025
p0265,heldout,2,accepted,multilingual,310,1.14,1.177
p0267,heldout,2,accepted,multilingual,170,0.9769,1.031
p0268,heldout,2,unreached,multilingual,97,0.8077,0.7487
p0261,heldout,3,unreached,multilingual,355,0.9569,1.004
p0262,heldout,2,accepted,multilingual,554,0.7505,0.8598
p0264,heldout,3,unreached,multilingual,274,0.6689,0.7177
p0265,heldout,3,rejected,multilingual,315,0.8556,0.7058
p0268,heldout,3,accepted,multilingual,98,1.199,1.135
p0261,heldout,2,accepted,multilingual,356,1.042,1.073
p0262,heldout,2,accepted,multilingual,559,0.8619,0.8911
p0262,heldout,3,accepted,multilingual,559,0.8691,0.9379
p0265,heldout,2,accepted,multilingual,318,1.158,1.073
p0267,heldout,3,accepted,multilingual,178,0.8168,0.8687
p0268,heldout,3,accepted,multilingual,103,0.8336,0.7355
p0261,heldout,1,accepted,multilingual,359,0.8558,0.8834
p0261,heldout,3,accepted,multilingual,359,0.9653,0.9925
p0262,heldout,2,rejected,multilingual,563,1.016,1.043
p0262,heldout,4,unreached,multilingual,563,0.8308,0.8246
p0265,heldout,2,accepted,multilingual,323,0.7272,0.6314
p0265,heldout,4,accepted,multilingual,323,1.134,1.08
p0267,heldout,2,unreached,multilingual,182,0.8282,0.8748
p0268,heldout,1,accepted,multilingual,108,1.057,1.064
p0264,heldout,3,unreached,multilingual,277,0.9176,0.9442
p0265,heldout,3,accepted,multilingual,328,1.271,1.203
p0265,heldout,4,accepted,multilingual,328,1.284,1.119
p0267,heldout,3,accepted,multilingual,183,0.9261,0.9726
p0268,heldout,3,accepted,multilingual,113,0.9761,0.9104
p0264,heldout,1,accepted,multilingual,279,0.9206,0.8939
p0264,heldout,2,accepted,multilingual,279,1.025,1.012
p0265,heldout,1,accepted,multilingual,333,0.778,0.6264
p0267,heldout,2,accepted,multilingual,188,0.8063,0.6882
p0267,heldout,4,unreached,multilingual,188,0.8934,0.9309
p0261,heldout,1,accepted,multilingual,365,1.127,1.115
p0262,heldout,3,unreached,multilingual,570,1.013,1.031
p0264,heldout,3,rejected,multilingual,284,0.8206,0.8711
p0264,heldout,4,unreached,multilingual,284,0.898,0.93
p0265,heldout,4,unreached,multilingual,338,1.008,0.9364
p0267,heldout,1,accepted,multilingual,191,0.7192,0.7886
p0267,heldout,4,unreached,multilingual,191,1.264,1.262
p0262,heldout,3,unreached,multilingual,572,1.051,1.105
p0262,heldout,4,unreached,multilingual,572,0.9742,1.074
p0264,heldout,1,accepted,multilingual,287,0.8598,0.907
p0267,heldout,1,rejected,multilingual,193,0.7789,0.8057
p0268,heldout,3,accepted,multilingual,121,1.192,1.08
p0261,heldout,2,unreached,multilingual,369,0.8718,0.9335
p0265,heldout,1,accepted,multilingual,342,0.8234,0.8171
p0267,heldout,2,accepted,multilingual,194,0.9153,0.8791
p0267,heldout,4,unreached,multilingual,194,0.8295,0.8184
p0268,heldout,2,accepted,multilingual,126,0.6178,0.5547
p0261,heldout,2,unreached,multilingual,370,1.001,1.029
p0261,heldout,4,unreached,multilingual,370,1.134,1.161
p0262,heldout,1,rejected,multilingual,576,0.8188,0.9289
p0264,heldout,2,rejected,multilingual,291,1.17,1.181
p0264,heldout,3,unreached,multilingual,291,0.8286,0.9015
p0264,heldout,4,unreached,multilingual,291,0.6775,0.728
p0265,heldout,1,accepted,multilingual,347,0.7884,0.6734
p0267,heldout,2,rejected,multilingual,197,0.8144,0.775
p0268,heldout,1,accepted,multilingual,130,0.6407,0.5337
p0261,heldout,1,accepted,multilingual,371,1.083,1.071
p0261,heldout,4,unreached,multilingual,371,0.9081,0.9665
p0262,heldout,4,rejected,multilingual,577,0.8606,0.95
p0264,heldout,4,accepted,multilingual,293,0.9578,1.057
p0267,heldout,2,unreached,multilingual,199,0.7783,0.8075
p0268,heldout,1,rejected,multilingual,132,0.6975,0.6169
p0261,heldout,1,accepted,multilingual,374,0.8835,0.9215
p0262,heldout,1,rejected,multilingual,581,0.6481,0.7312
p0262,heldout,4,unreached,multilingual,581,0.8144,0.8546
p0264,heldout,4,unreached,multilingual,298,1.004,0.9399
p0265,heldout,1,accepted,multilingual,357,0.8127,0.6506
p0265,heldout,2,accepted,multilingual,357,1.176,1.061
p0265,heldout,4,accepted,multilingual,357,1.053,0.9223
p0267,heldout,1,accepted,multilingual,200,0.8103,0.6961
p0268,heldout,4,unreached,multilingual,133,0.8145,0.6862
p0262,heldout,2,unreached,multilingual,582,1.087,1.162
p0262,heldout,4,unreached,multilingual,582,0.7764,0.7631
p0264,heldout,4,accepted,multilingual,300,1.044,1.042
p0265,heldout,3,accepted,multilingual,362,0.989,0.9186
p0267,heldout,1,accepted,multilingual,204,0.8032,0.8184
p0268,heldout,1,accepted,multilingual,136,0.6351,0.52
p0261,heldout,4,unreached,multilingual,380,0.9218,0.8288
p0262,heldout,2,unreached,multilingual,583,0.9845,1.062
p0264,heldout,2,unreached,multilingual,305,0.8269,0.8638
p0264,heldout,3,unreached,multilingual,305,0.7474,0.7799
p0265,heldout,1,accepted,multilingual,366,1.028,0.8571
p0267,heldout,2,accepted,multilingual,208,1.161,1.155
p0268,heldout,1,rejected,multilingual,138,0.8792,0.8272
p0268,heldout,3,unreached,multilingual,138,0.9417,0.8567
p0262,heldout,1,accepted,multilingual,584,0.9959,1.035
p0265,heldout,4,accepted,multilingual,371,1.189,1.052
p0267,heldout,3,unreached,multilingual,211,0.7447,0.7312
p0268,heldout,1,rejected,multilingual,139,0.7848,0.7496
p0268,heldout,4,unreached,multilingual,139,1.123,1.126
p0261,heldout,1,accepted,multilingual,385,0.7978,0.8589
p0262,heldout,3,rejected,multilingual,586,0.8168,0.8299
p0264,heldout,2,rejected,multilingual,307,0.8868,0.9401
p0264,heldout,3,unreached,multilingual,307,0.892,0.9683
p0265,heldout,3,accepted,multilingual,376,1.219,1.101
p0267,heldout,1,accepted,multilingual,212,0.855,0.8655
p0267,heldout,2,accepted,multilingual,212,0.7535,0.7231
p0268,heldout,2,accepted,multilingual,140,0.8519,0.8436
p0268,heldout,3,rejected,multilingual,140,0.8503,0.7329
p0268,heldout,4,unreached,multilingual,140,0.7612,0.653
p0264,heldout,2,unreached,multilingual,309,1.087,1.133
p0265,heldout,2,accepted,multilingual,381,1.157,0.9979
p0265,heldout,3,accepted,multilingual,381,1.094,0.9843
p0267,heldout,2,accepted,multilingual,215,1.215,1.173
p0268,heldout,2,accepted,multilingual,143,0.7293,0.6633
p0268,heldout,3,accepted,multilingual,143,0.8926,0.8365
p0261,heldout,1,accepted,multilingual,388,0.7699,0.7016
p0264,heldout,2,accepted,multilingual,310,0.9501,0.9928
p0265,heldout,2,rejected,multilingual,385,0.9673,0.8824
p0265,heldout,3,unreached,multilingual,385,0.9516,0.8664
p0268,heldout,1,accepted,multilingual,147,0.918,0.8944
p0261,heldout,4,rejected,multilingual,393,0.8774,0.883
p0264,heldout,1,rejected,multilingual,315,0.8754,0.9166
p0264,heldout,3,unreached,multilingual,315,0.7767,0.8508
p0265,heldout,1,accepted,multilingual,387,0.7859,0.6935
p0268,heldout,2,accepted,multilingual,150,0.7749,0.7076
p0268,heldout,3,rejected,multilingual,150,0.9076,0.8291
p0261,heldout,1,rejected,multilingual,397,0.709,0.7036
p0262,heldout,3,accepted,multilingual,598,0.8231,0.8967
p0264,heldout,2,unreached,multilingual,316,0.8759,0.9223
p0265,heldout,1,accepted,multilingual,392,0.8666,0.8187
p0265,heldout,2,rejected,multilingual,392,0.8921,0.8482
p0268,heldout,2,accepted,multilingual,153,0.8932,0.7709
p0268,heldout,4,accepted,multilingual,153,1.179,1.046
p0261,heldout,1,rejected,multilingual,398,0.6608,0.6965
p0265,heldout,1,accepted,multilingual,394,0.8759,0.8332
p0267,heldout,3,rejected,multilingual,223,0.75,0.7903
p0261,heldout,1,accepted,multilingual,399,0.9034,0.9264
p0261,heldout,2,accepted,multilingual,399,0.9157,0.9683
p0262,heldout,3,unreached,multilingual,606,0.9614,1.077
p0262,heldout,4,unreached,multilingual,606,0.9009,0.9854
p0267,heldout,2,rejected,multilingual,226,0.6166,0.6367
p0261,heldout,1,accepted,multilingual,404,0.7344,0.7919
p0262,heldout,3,unreached,multilingual,607,0.883,0.9225
p0264,heldout,4,rejected,multilingual,323,0.8441,0.8849
p0267,heldout,4,unreached,multilingual,228,0.7611,0.8027
p0268,heldout,2,accepted,multilingual,164,0.7798,0.6858
p0268,heldout,3,rejected,multilingual,164,0.8081,0.6698
p0268,heldout,4,unreached,multilingual,164,0.9237,0.8554
p0261,heldout,3,unreached,multilingual,408,0.9558,0.9124
p0264,heldout,3,unreached,multilingual,327,1.023,1.046
p0265,heldout,3,accepted,multilingual,409,1.123,1.037
p0267,heldout,2,rejected,multilingual,229,0.7789,0.8557
p0267,heldout,4,unreached,multilingual,229,1.085,1.099
p0268,heldout,3,unreached,multilingual,167,0.8378,0.7015
p0261,heldout,1,accepted,multilingual,409,0.7791,0.791
p0262,heldout,1,accepted,multilingual,610,0.8862,0.8783
p0264,heldout,2,unreached,multilingual,329,1.045,1.045
p0267,heldout,1,accepted,multilingual,231,0.9669,0.9959
p0261,heldout,2,unreached,multilingual,411,0.8958,0.8702
p0262,heldout,1,accepted,multilingual,615,0.6383,0.6632
p0264,heldout,1,accepted,multilingual,330,1.007,1.064
p0264,heldout,4,unreached,multilingual,330,0.9888,1.014
p0265,heldout,4,rejected,multilingual,419,1.257,1.079
p0268,heldout,4,accepted,multilingual,173,0.9691,0.9123
p0261,heldout,1,accepted,multilingual,412,0.955,0.9638
p0262,heldout,1,accepted,multilingual,619,0.6792,0.7384
p0264,heldout,1,accepted,multilingual,332,0.9277,0.9727
p0265,heldout,2,accepted,multilingual,423,1.011,0.9011
p0268,heldout,4,rejected,multilingual,178,0.8727,0.7332
p0261,heldout,1,accepted,multilingual,414,0.9078,0.8925
p0262,heldout,1,accepted,multilingual,621,0.7092,0.7727
p0262,heldout,4,unreached,multilingual,621,0.9898,1.04
p0264,heldout,3,accepted,multilingual,335,0.8942,0.9334
p0264,heldout,4,rejected,multilingual,335,0.8275,0.8871
p0265,heldout,1,accepted,multilingual,426,1.005,0.956
p0265,heldout,2,accepted,multilingual,426,0.8483,0.7924
p0265,heldout,4,accepted,multilingual,426,0.8843,0.7993
p0268,heldout,4,unreached,multilingual,182,0.8128,0.7854
p0261,heldout,4,unreached,multilingual,419,0.9112,0.9468
p0262,heldout,1,accepted,multilingual,623,0.7578,0.8373
p0264,heldout,4,rejected,multilingual,339,1.012,1.1
p0265,heldout,4,accepted,multilingual,431,0.926,0.794
p0267,heldout,4,rejected,multilingual,239,0.8016,0.8247
p0261,heldout,4,unreached,multilingual,421,0.8919,0.9047
p0262,heldout,2,unreached,multilingual,626,0.9229,0.9501
p0262,heldout,4,unreached,multilingual,626,0.9483,1.003
p0264,heldout,1,accepted,multilingual,343,0.9849,0.9935
p0264,heldout,4,accepted,multilingual,343,0.891,0.9776
p0267,heldout,1,accepted,multilingual,243,0.77,0.8324
p0268,heldout,1,accepted,multilingual,190,0.6002,0.5044
p0264,heldout,2,accepted,multilingual,348,1.24,1.236
p0264,heldout,3,accepted,multilingual,348,1.315,1.4
p0267,heldout,1,accepted,multilingual,245,0.8225,0.9158
p0267,heldout,4,unreached,multilingual,245,1.106,1.114
p0268,heldout,1,accepted,multilingual,193,0.9422,0.8787
p0268,heldout,4,accepted,multilingual,193,0.8713,0.7425
p0261,heldout,3,unreached,multilingual,424,1.14,1.152
p0262,heldout,3,unreached,multilingual,628,0.8356,0.8471
p0262,heldout,4,unreached,multilingual,628,0.8551,0.7452
p0264,heldout,3,accepted,multilingual,353,0.9933,0.9805
p0264,heldout,4,accepted,multilingual,353,0.974,0.9386
p0267,heldout,1,accepted,multilingual,247,0.8056,0.8921
p0267,heldout,4,accepted,multilingual,247,0.9984,1.012
p0261,heldout,1,rejected,multilingual,426,0.7123,0.7414
p0261,heldout,2,unreached,multilingual,426,0.7695,0.8041
p0262,heldout,2,unreached,multilingual,629,0.7735,0.8475
p0262,heldout,3,unreached,multilingual,629,0.978,1.019
p0264,heldout,1,accepted,multilingual,358,0.9902,1.002
p0264,heldout,3,accepted,multilingual,358,1.109,1.142
p0267,heldout,4,unreached,multilingual,252,0.8532,0.8723
p0268,heldout,2,accepted,multilingual,201,0.6968,0.6663
p0261,heldout,3,unreached,multilingual,427,0.7834,0.8738
p0262,heldout,2,accepted,multilingual,630,0.9651,1.016
p0268,heldout,4,accepted,multilingual,206,0.849,0.7394
p0262,heldout,1,accepted,multilingual,634,0.8701,0.6788
p0262,heldout,2,accepted,multilingual,634,0.885,0.7098
p0262,heldout,3,accepted,multilingual,634,0.8164,0.7455
p0264,heldout,3,unreached,multilingual,364,1.12,1.143
p0267,heldout,1,rejected,multilingual,256,0.5948,0.5639
p0268,heldout,1,rejected,multilingual,211,0.6592,0.5521
p0268,heldout,2,unreached,multilingual,211,0.8123,0.6933
p0261,heldout,3,unreached,multilingual,432,0.9988,0.9507
p0261,heldout,3,unreached,multilingual,433,1.087,1.135
p0264,heldout,4,unreached,multilingual,368,0.9753,0.9711
p0268,heldout,1,rejected,multilingual,217,0.418,0.3589
p0261,heldout,1,accepted,multilingual,434,1.088,1.128
p0262,heldout,3,accepted,multilingual,646,0.9262,0.9766
p0262,heldout,4,accepted,multilingual,646,1.026,1.067
p0267,heldout,2,rejected,multilingual,262,0.8641,0.8123
p0267,heldout,4,unreached,multilingual,262,0.9509,0.9268
p0268,heldout,1,rejected,multilingual,218,0.5712,0.5193
p0261,heldout,1,accepted,multilingual,436,0.7083,0.7185
p0262,heldout,3,unreached,multilingual,651,0.8796,0.9582
p0264,heldout,2,accepted,multilingual,375,1.121,1.148
p0267,heldout,2,rejected,multilingual,264,0.9457,0.935
p0267,heldout,3,unreached,multilingual,264,0.8834,0.8771
p0267,heldout,4,unreached,multilingual,264,0.9821,0.9781
p0268,heldout,2,unreached,multilingual,219,0.8603,0.7653
p0268,heldout,3,unreached,multilingual,219,0.9247,0.8949
p0264,heldout,2,accepted,multilingual,378,1.068,0.9933
p0264,heldout,3,accepted,multilingual,378,1.156,1.174
p0268,heldout,2,accepted,multilingual,220,0.8057,0.7855
p0268,heldout,4,accepted,multilingual,220,0.9988,1.042
p0261,heldout,1,accepted,multilingual,440,0.9109,0.8973
p0261,heldout,2,accepted,multilingual,443,0.8055,0.8383
p0262,heldout,1,accepted,multilingual,657,1.05,1.087
p0262,heldout,2,accepted,multilingual,657,0.9107,0.9003
p0267,heldout,1,accepted,multilingual,268,1.041,0.9945
p0268,heldout,1,accepted,multilingual,227,0.7854,0.7461
p0262,heldout,3,accepted,multilingual,662,1.075,1.034
p0267,heldout,2,rejected,multilingual,270,0.7801,0.7637
p0267,heldout,4,unreached,multilingual,270,0.8706,0.8498
p0268,heldout,2,unreached,multilingual,232,0.8744,0.7646
p0268,heldout,3,unreached,multilingual,232,0.9703,0.9746
p0261,heldout,4,rejected,multilingual,451,0.917,0.9559
p0262,heldout,2,unreached,multilingual,667,0.9937,0.9401
p0262,heldout,4,unreached,multilingual,667,1.147,1.236
p0267,heldout,3,unreached,multilingual,272,0.8307,0.8494
p0268,heldout,4,accepted,multilingual,233,1.024,0.9218
p0264,heldout,1,accepted,multilingual,397,0.7765,0.7699
p0264,heldout,3,rejected,multilingual,397,0.87,0.9593
p0267,heldout,1,accepted,multilingual,274,0.9233,0.8875
p0268,heldout,1,accepted,multilingual,238,0.799,0.7592
p0268,heldout,4,accepted,multilingual,238,0.9464,0.946
p0268,heldout,1,accepted,multilingual,243,0.8168,0.745
p0262,heldout,3,accepted,multilingual,677,1.031,0.9733
p0268,heldout,3,accepted,multilingual,248,0.8928,0.756
p0268,heldout,4,accepted,multilingual,248,0.9947,0.8764
p0261,heldout,1,rejected,multilingual,464,1.264,1.318
p0261,heldout,2,unreached,multilingual,464,0.893,0.9434
p0264,heldout,1,accepted,multilingual,404,1.049,1.078
p0264,heldout,3,rejected,multilingual,404,0.976,1.028
p0261,heldout,1,accepted,multilingual,465,0.6498,0.6681
p0264,heldout,2,accepted,multilingual,407,1.124,1.146
p0264,heldout,3,accepted,multilingual,407,1.201,1.206
p0264,heldout,4,rejected,multilingual,407,1.063,1.074
p0268,heldout,3,accepted,multilingual,257,0.9195,0.8152
p0262,heldout,1,accepted,multilingual,691,0.8381,0.7665
p0262,heldout,2,accepted,multilingual,691,0.9328,0.8228
p0264,heldout,2,accepted,multilingual,411,1.094,1.084
p0267,heldout,1,accepted,multilingual,289,1.138,1.091
p0267,heldout,3,unreached,multilingual,289,1.1,1.094
p0267,heldout,4,unreached,multilingual,289,0.8433,0.8266
p0268,heldout,2,rejected,multilingual,261,0.9438,0.872
p0268,heldout,3,unreached,multilingual,261,0.7189,0.67
p0261,heldout,4,unreached,multilingual,470,0.842,0.8823
p0262,heldout,1,accepted,multilingual,696,1.118,1.077
p0264,heldout,2,accepted,multilingual,415,1.045,1.042
p0264,heldout,3,accepted,multilingual,415,1.042,0.9944
p0268,heldout,1,accepted,multilingual,263,0.6406,0.5764
p0268,heldout,3,accepted,multilingual,263,0.9536,0.8723
p0262,heldout,1,accepted,multilingual,701,0.748,0.695
p0262,heldout,2,accepted,multilingual,701,0.8184,0.7791
p0262,heldout,4,accepted,multilingual,701,0.9641,0.9003
p0267,heldout,2,accepted,multilingual,294,1.157,1.115
p0267,heldout,3,rejected,multilingual,294,0.9317,0.9217
p0268,heldout,2,accepted,multilingual,268,0.7809,0.6697
p0268,heldout,3,accepted,multilingual,268,0.791,0.7207
p0264,heldout,4,accepted,multilingual,424,0.9305,0.8827
p0268,heldout,1,accepted,multilingual,272,0.916,0.8603
p0268,heldout,3,rejected,multilingual,272,0.8183,0.6982
p0261,heldout,1,accepted,multilingual,475,0.8759,0.8743
p0261,heldout,4,rejected,multilingual,475,0.787,0.8724
p0264,heldout,2,accepted,multilingual,429,1.087,1.082
p0264,heldout,3,accepted,multilingual,429,0.9961,0.9543
p0261,heldout,1,accepted,multilingual,479,1.003,1.043
p0264,heldout,2,accepted,multilingual,433,0.8804,0.8357
p0264,heldout,4,accepted,multilingual,433,1.219,1.234
p0267,heldout,2,unreached,multilingual,302,0.8518,0.8347
p0267,heldout,3,unreached,multilingual,302,0.9415,0.9123
p0267,heldout,4,unreached,multilingual,302,0.7436,0.8126
p0268,heldout,1,accepted,multilingual,279,0.6625,0.5784
p0268,heldout,3,unreached,multilingual,279,0.739,0.6911
p0268,heldout,4,unreached,multilingual,279,0.7863,0.6593
p0262,heldout,4,unreached,multilingual,719,1.056,1.104
p0264,heldout,1,rejected,multilingual,438,0.8396,0.8411
p0267,heldout,3,unreached,multilingual,303,1.047,1.042
p0268,heldout,3,unreached,multilingual,281,0.7912,0.6802
p0261,heldout,4,unreached,multilingual,484,0.8747,0.9072
p0267,heldout,1,accepted,multilingual,304,0.802,0.7671
p0268,heldout,1,accepted,multilingual,283,0.8746,0.9228
p0268,heldout,4,unreached,multilingual,283,0.7443,0.6876
p0261,heldout,3,unreached,multilingual,486,0.9388,0.9861
p0261,heldout,4,unreached,multilingual,486,1.064,1.091
p0264,heldout,4,unreached,multilingual,444,0.9546,0.9801
p0267,heldout,4,unreached,multilingual,308,0.7246,0.7383
p0268,heldout,1,rejected,multilingual,286,0.5271,0.4326
p0267,heldout,1,accepted,multilingual,311,0.7385,0.7123
p0267,heldout,4,unreached,multilingual,313,0.798,0.8113
p0268,heldout,1,accepted,multilingual,290,0.9215,0.8698
p0264,heldout,2,rejected,multilingual,451,0.8629,0.8102
p0264,heldout,3,unreached,multilingual,451,1.098,1.047
p0264,heldout,4,unreached,multilingual,451,1.088,1.048
p0268,heldout,3,accepted,multilingual,293,1.116,1.012
p0270,heldout,1,accepted,multilingual,76,0.8312,0.7744
p0264,heldout,1,rejected,multilingual,453,0.8692,0.8462
p0268,heldout,4,unreached,multilingual,298,0.8276,0.7842
p0270,heldout,4,unreached,multilingual,81,0.9137,0.8819
p0264,heldout,4,unreached,multilingual,454,1.02,0.9919
p0268,heldout,2,unreached,multilingual,300,0.7429,0.6285
p0270,heldout,2,rejected,multilingual,84,0.8138,0.7885
p0270,heldout,3,unreached,multilingual,84,1.088,1.043
p0264,heldout,1,rejected,multilingual,455,0.802,0.7739
p0264,heldout,3,unreached,multilingual,455,0.9936,0.9632
p0267,heldout,3,rejected,multilingual,323,0.9117,0.9103
p0268,heldout,2,accepted,multilingual,301,0.8489,0.8312
p0268,heldout,3,accepted,multilingual,301,0.8064,0.7071
p0268,heldout,4,accepted,multilingual,301,0.8658,0.8085
p0270,heldout,4,accepted,multilingual,86,1.031,0.9971
p0272,heldout,4,rejected,multilingual,46,1.195,1.149
p0264,heldout,2,rejected,multilingual,456,0.9863,0.9554
p0267,heldout,2,rejected,multilingual,326,0.8287,0.8025
p0267,heldout,1,accepted,multilingual,328,1.102,1.054
p0272,heldout,1,accepted,multilingual,55,0.8612,0.8205
p0272,heldout,2,rejected,multilingual,55,0.9255,0.895
p0267,heldout,2,unreached,multilingual,330,1.163,1.14
p0267,heldout,3,unreached,multilingual,330,1.107,1.083
p0268,heldout,3,accepted,multilingual,311,0.8198,0.7476
p0268,heldout,4,accepted,multilingual,311,0.9795,0.9186
p0270,heldout,3,unreached,multilingual,94,0.826,0.7753
p0272,heldout,1,accepted,multilingual,57,1.12,1.073
p0267,heldout,1,rejected,multilingual,333,0.8544,0.8588
p0267,heldout,2,unreached,multilingual,333,1.043,0.9963
p0270,heldout,1,accepted,multilingual,96,1.128,1.113
p0270,heldout,4,rejected,multilingual,96,0.8863,0.8459
p0272,heldout,1,rejected,multilingual,62,0.8832,0.8568
p0272,heldout,3,unreached,multilingual,62,1.044,1.007
p0267,heldout,2,unreached,multilingual,334,0.9353,0.904
p0268,heldout,4,unreached,multilingual,320,0.792,0.7408
p0272,heldout,1,accepted,multilingual,63,0.9292,0.917
p0267,heldout,1,rejected,multilingual,335,0.6016,0.5788
p0267,heldout,3,unreached,multilingual,335,0.8765,0.8895
p0270,heldout,2,accepted,multilingual,102,0.8584,0.8245
p0272,heldout,2,accepted,multilingual,68,0.8737,0.8254
p0272,heldout,3,rejected,multilingual,68,0.981,0.9836
p0268,heldout,3,accepted,multilingual,325,0.7097,0.6306
p0270,heldout,1,accepted,multilingual,107,0.7019,0.7225
p0272,heldout,1,rejected,multilingual,71,0.795,0.7866
p0268,heldout,2,accepted,multilingual,330,0.7186,0.7059
p0268,heldout,1,accepted,multilingual,333,0.7119,0.5888
p0270,heldout,1,accepted,multilingual,110,0.9693,0.9601
p0272,heldout,4,accepted,multilingual,76,0.9773,0.9625
p0267,heldout,2,rejected,multilingual,340,0.8016,0.7643
p0267,heldout,4,unreached,multilingual,340,0.9946,0.9496
p0272,heldout,3,rejected,multilingual,81,0.9024,0.8641
p0267,heldout,3,unreached,multilingual,342,0.8931,0.8138
p0268,heldout,4,unreached,multilingual,337,1.207,1.113
p0270,heldout,2,accepted,multilingual,113,1.132,1.086
p0270,heldout,3,accepted,multilingual,113,0.9211,0.9504
p0272,heldout,1,accepted,multilingual,84,1.071,1.035
p0267,heldout,2,accepted,multilingual,344,0.9447,0.877
p0267,heldout,3,rejected,multilingual,344,0.7857,0.7597
p0267,heldout,4,unreached,multilingual,344,0.9193,0.8791
p0268,heldout,1,accepted,multilingual,338,0.8058,0.7669
p0268,heldout,2,accepted,multilingual,338,0.7974,0.7291
p0270,heldout,1,accepted,multilingual,118,0.7173,0.7193
p0272,heldout,2,accepted,multilingual,86,1.029,0.9888
p0272,heldout,3,rejected,multilingual,86,0.8995,0.871
p0267,heldout,2,unreached,multilingual,347,0.9817,0.9545
p0270,heldout,1,accepted,multilingual,122,0.6841,0.6484
p0270,heldout,3,unreached,multilingual,122,1.057,1.035
p0272,heldout,3,unreached,multilingual,89,1.041,0.9732
p0272,heldout,4,unreached,multilingual,89,0.9453,0.8862
p0267,heldout,3,rejected,multilingual,348,0.9216,0.8852
p0270,heldout,4,unreached,multilingual,125,0.8005,0.7856
p0272,heldout,3,accepted,multilingual,94,1.207,1.174
p0272,heldout,4,accepted,multilingual,94,1.077,1.106
p0267,heldout,2,unreached,multilingual,352,0.9194,0.8994
p0268,heldout,2,accepted,multilingual,354,0.7984,0.7296
p0268,heldout,3,accepted,multilingual,354,1.087,1.008
p0272,heldout,3,accepted,multilingual,99,1.001,0.9756
p0267,heldout,2,accepted,multilingual,353,0.9019,0.8906
p0268,heldout,2,accepted,multilingual,359,0.8589,0.7935
p0268,heldout,3,accepted,multilingual,359,0.7545,0.6748
p0272,heldout,4,unreached,multilingual,104,0.8358,0.7811
p0267,heldout,2,rejected,multilingual,358,0.7282,0.8351
p0268,heldout,4,unreached,multilingual,364,0.9353,0.802
p0268,heldout,4,unreached,multilingual,365,0.8527,0.7526
p0270,heldout,3,unreached,multilingual,134,1.036,0.9586
p0267,heldout,2,unreached,multilingual,364,0.7708,0.7818
p0267,heldout,3,unreached,multilingual,364,0.7423,0.765
p0268,heldout,1,rejected,multilingual,366,0.7753,0.6472
p0268,heldout,2,unreached,multilingual,366,0.7597,0.7031
p0268,heldout,3,unreached,multilingual,366,0.9081,0.8004
p0267,heldout,3,unreached,multilingual,365,0.8312,0.8163
p0267,heldout,4,unreached,multilingual,365,0.8128,0.8612
p0270,heldout,1,accepted,multilingual,138,0.7451,0.7103
p0272,heldout,1,rejected,multilingual,111,0.9797,1.008
p0267,heldout,1,accepted,multilingual,367,0.7334,0.764
p0272,heldout,2,rejected,multilingual,112,1.001,0.9708
p0267,heldout,1,accepted,multilingual,372,0.75,0.7929
p0268,heldout,4,unreached,multilingual,373,0.7263,0.6548
p0270,heldout,4,unreached,multilingual,141,1.044,0.9706
p0267,heldout,2,unreached,multilingual,374,0.776,0.7787
p0272,heldout,4,unreached,multilingual,118,1.005,0.9834
p0267,heldout,1,rejected,multilingual,375,1.033,1.001
p0267,heldout,3,unreached,multilingual,375,0.8034,0.801
p0267,heldout,4,unreached,multilingual,375,0.7678,0.8065
p0268,heldout,1,accepted,multilingual,379,0.5097,0.4484
p0270,heldout,2,rejected,multilingual,145,0.8777,0.7939
p0272,heldout,1,accepted,multilingual,119,0.9149,0.8832
p0272,heldout,2,rejected,multilingual,119,0.8265,0.8331
p0272,heldout,3,unreached,multilingual,119,0.9875,0.9684
p0267,heldout,1,accepted,multilingual,376,1.059,1.038
p0270,heldout,1,rejected,multilingual,147,0.8746,0.8289
p0270,heldout,2,unreached,multilingual,147,1.044,1.021
p0272,heldout,1,accepted,multilingual,121,0.8922,0.86
p0267,heldout,3,accepted,multilingual,381,0.9677,0.9827
p0267,heldout,4,accepted,multilingual,381,0.7898,0.7853
p0272,heldout,2,accepted,multilingual,123,1.028,0.9933
p0267,heldout,4,rejected,multilingual,386,0.8252,0.8894
p0268,heldout,2,accepted,multilingual,392,0.7072,0.6392
p0268,heldout,3,accepted,multilingual,392,0.7692,0.6608
p0272,heldout,3,rejected,multilingual,127,1.101,1.133
p0267,heldout,1,accepted,multilingual,390,1.117,1.102
p0268,heldout,4,unreached,multilingual,397,0.7889,0.6842
p0270,heldout,1,rejected,multilingual,151,0.8126,0.7816
p0270,heldout,4,unreached,multilingual,151,0.9227,0.8417
p0272,heldout,3,accepted,multilingual,130,1.149,1.219
p0272,heldout,4,rejected,multilingual,130,1.117,1.075
p0268,heldout,2,unreached,multilingual,399,0.7634,0.6282
p0268,heldout,4,unreached,multilingual,399,0.903,0.8237
p0270,heldout,2,accepted,multilingual,152,0.7565,0.6901
p0270,heldout,4,rejected,multilingual,152,0.9232,0.8425
p0272,heldout,1,accepted,multilingual,134,1.037,0.9926
p0272,heldout,3,accepted,multilingual,134,1.276,1.165
p0267,heldout,2,unreached,multilingual,394,0.872,0.7881
p0270,heldout,2,unreached,multilingual,156,0.841,0.8037
p0272,heldout,3,accepted,multilingual,139,0.9483,0.9303
p0268,heldout,1,accepted,multilingual,402,0.7592,0.6998
p0268,heldout,3,accepted,multilingual,402,1.246,1.131
p0270,heldout,2,unreached,multilingual,157,0.8918,0.8408
p0272,heldout,2,rejected,multilingual,144,0.9992,1.003
p0272,heldout,4,unreached,multilingual,144,0.9703,0.9349
p0267,heldout,1,accepted,multilingual,399,0.5808,0.6183
p0268,heldout,1,accepted,multilingual,407,0.9553,0.9199
p0270,heldout,2,accepted,multilingual,158,0.8024,0.7682
p0270,heldout,4,rejected,multilingual,158,0.8383,0.7959
p0272,heldout,2,rejected,multilingual,146,1.193,1.163
p0272,heldout,3,unreached,multilingual,146,1.098,1.059
p0272,heldout,1,accepted,multilingual,148,0.8567,0.8243
p0272,heldout,2,rejected,multilingual,148,0.8898,0.8675
p0272,heldout,3,unreached,multilingual,148,1.118,1.109
p0272,heldout,2,rejected,multilingual,150,0.7971,0.7925
p0274,heldout,1,accepted,multilingual,30,1.003,0.9552
p0274,heldout,2,accepted,multilingual,30,1.007,0.9571
p0270,heldout,3,unreached,multilingual,164,0.8935,0.8193
p0272,heldout,1,accepted,multilingual,152,0.9602,0.9551
p0272,heldout,2,accepted,multilingual,152,0.8999,0.8754
p0274,heldout,1,accepted,multilingual,34,0.7509,0.7219
p0274,heldout,4,accepted,multilingual,34,0.7968,0.742
p0270,heldout,3,unreached,multilingual,166,0.9835,0.907
p0267,heldout,2,unreached,multilingual,410,0.7646,0.818
p0267,heldout,4,unreached,multilingual,410,0.7602,0.7341
p0272,heldout,1,rejected,multilingual,157,0.9482,0.8443
p0272,heldout,2,unreached,multilingual,157,0.8776,0.8486
p0274,heldout,1,rejected,multilingual,41,1.132,1.065
p0274,heldout,4,unreached,multilingual,41,0.9933,0.9663
p0275,heldout,3,accepted,multilingual,46,1.33,1.157
p0267,heldout,3,unreached,multilingual,411,0.9837,1.013
p0270,heldout,3,accepted,multilingual,170,1.013,1.007
p0272,heldout,2,rejected,multilingual,158,0.8685,0.859
p0272,heldout,4,unreached,multilingual,158,1.042,1.098
p0274,heldout,1,accepted,multilingual,42,1.007,0.9463
p0275,heldout,1,accepted,multilingual,51,1.059,0.9285
p0275,heldout,4,accepted,multilingual,51,1.168,1.065
p0267,heldout,2,unreached,multilingual,412,0.9096,0.8744
p0270,heldout,1,accepted,multilingual,174,0.725,0.6979
p0267,heldout,3,rejected,multilingual,413,0.8601,0.8447
p0270,heldout,1,rejected,multilingual,177,0.6876,0.6269
p0272,heldout,3,rejected,multilingual,162,1.043,1.018
p0274,heldout,1,accepted,multilingual,46,0.9719,0.9342
p0274,heldout,3,accepted,multilingual,46,0.9481,0.9145
p0267,heldout,1,rejected,multilingual,416,0.7887,0.7799
p0267,heldout,3,unreached,multilingual,416,0.9421,0.9281
p0270,heldout,2,unreached,multilingual,178,0.8514,0.8319
p0272,heldout,1,accepted,multilingual,165,1.001,0.9582
p0274,heldout,1,accepted,multilingual,51,0.8085,0.7497
p0274,heldout,4,unreached,multilingual,51,0.8971,0.9006
p0275,heldout,3,accepted,multilingual,66,1.305,1.283
p0275,heldout,4,accepted,multilingual,66,1.25,1.219
p0267,heldout,1,rejected,multilingual,417,1.057,1.014
p0267,heldout,2,unreached,multilingual,417,0.7493,0.7197
p0270,heldout,1,accepted,multilingual,179,0.6138,0.5974
p0270,heldout,2,rejected,multilingual,179,0.8342,0.8091
p0274,heldout,4,accepted,multilingual,53,0.9593,0.9591
p0275,heldout,2,accepted,multilingual,71,1.197,1.271
p0267,heldout,2,accepted,multilingual,418,0.7676,0.74
p0270,heldout,3,unreached,multilingual,181,0.8965,0.9031
p0270,heldout,4,unreached,multilingual,181,0.8923,0.879
p0274,heldout,4,unreached,multilingual,58,0.9695,0.9118
p0275,heldout,1,accepted,multilingual,76,0.7897,0.7283
p0267,heldout,2,accepted,multilingual,421,0.7526,0.7334
p0274,heldout,1,rejected,multilingual,59,0.637,0.5999
p0274,heldout,2,unreached,multilingual,59,1.133,1.122
p0274,heldout,4,unreached,multilingual,59,0.9747,0.9069
p0275,heldout,1,rejected,multilingual,80,0.824,0.7873
p0275,heldout,2,unreached,multilingual,80,0.76,0.7437
p0267,heldout,3,unreached,multilingual,424,0.8406,0.8084
p0275,heldout,1,accepted,multilingual,81,0.7239,0.7076
p0267,heldout,2,unreached,multilingual,426,0.7105,0.6851
p0272,heldout,3,unreached,multilingual,174,1.045,1.032
p0274,heldout,4,unreached,multilingual,62,0.9911,0.9167
p0270,heldout,3,unreached,multilingual,192,0.9038,0.9134
p0272,heldout,3,unreached,multilingual,176,1.022,1.03
p0267,heldout,2,accepted,multilingual,428,1.101,1.079
p0267,heldout,3,rejected,multilingual,428,0.8317,0.8454
p0270,heldout,3,unreached,multilingual,194,0.8334,0.8285
p0272,heldout,2,accepted,multilingual,177,1.041,1
p0272,heldout,3,accepted,multilingual,177,0.9072,0.933
p0275,heldout,1,accepted,multilingual,89,0.863,0.8359
p0267,heldout,1,accepted,multilingual,431,0.7677,0.738
p0270,heldout,1,rejected,multilingual,195,0.6328,0.6029
p0270,heldout,2,unreached,multilingual,195,0.7767,0.7532
p0272,heldout,1,accepted,multilingual,182,1.005,0.9644
p0272,heldout,3,accepted,multilingual,182,0.9808,0.9811
p0267,heldout,2,accepted,multilingual,433,1.085,1.051
p0270,heldout,2,rejected,multilingual,196,1.134,1.127
p0270,heldout,3,unreached,multilingual,196,0.8342,0.8203
p0272,heldout,2,accepted,multilingual,187,1.088,1.018
p0272,heldout,4,rejected,multilingual,187,0.9909,0.9403
p0274,heldout,2,accepted,multilingual,72,1.028,0.9978
p0275,heldout,4,unreached,multilingual,93,1.303,1.208
p0267,heldout,1,rejected,multilingual,436,0.9155,0.9087
p0270,heldout,3,unreached,multilingual,198,0.8942,0.8948
p0270,heldout,4,unreached,multilingual,198,1.133,1.128
p0272,heldout,2,rejected,multilingual,191,0.8983,0.848
p0270,heldout,4,rejected,multilingual,199,0.7763,0.7316
p0272,heldout,1,accepted,multilingual,193,0.9068,0.8664
p0274,heldout,2,accepted,multilingual,77,1.128,1.089
p0275,heldout,3,accepted,multilingual,96,0.9996,0.9123
p0267,heldout,3,unreached,multilingual,438,0.7227,0.7993
p0270,heldout,1,accepted,multilingual,203,0.7172,0.6797
p0270,heldout,2,rejected,multilingual,203,0.8254,0.7743
p0272,heldout,1,rejected,multilingual,197,0.8496,0.8172
p0272,heldout,3,unreached,multilingual,197,0.8599,0.7988
p0274,heldout,2,accepted,multilingual,80,0.7559,0.7043
p0267,heldout,3,unreached,multilingual,440,0.904,0.923
p0270,heldout,3,unreached,multilingual,205,0.9764,0.9224
p0272,heldout,1,accepted,multilingual,198,0.7504,0.7109
p0267,heldout,1,accepted,multilingual,441,0.8011,0.8198
p0267,heldout,3,unreached,multilingual,441,0.8324,0.8556
p0267,heldout,4,unreached,multilingual,441,0.7759,0.7891
p0270,heldout,4,unreached,multilingual,207,0.8784,0.8265
p0272,heldout,2,rejected,multilingual,202,0.8295,0.7974
p0272,heldout,3,unreached,multilingual,202,0.9024,0.8699
p0275,heldout,1,accepted,multilingual,110,1.324,1.177
p0272,heldout,1,accepted,multilingual,204,1.005,0.9802
p0272,heldout,2,accepted,multilingual,204,0.8959,0.8382
p0272,heldout,4,unreached,multilingual,204,0.9419,0.8829
p0274,heldout,2,accepted,multilingual,85,0.8709,0.8399
p0275,heldout,1,accepted,multilingual,113,1.07,1.069
p0275,heldout,3,unreached,multilingual,113,1.01,0.9409
p0267,heldout,4,unreached,multilingual,445,0.7433,0.8272
p0270,heldout,4,unreached,multilingual,211,0.9778,0.9052
p0272,heldout,4,unreached,multilingual,207,0.945,0.9052
p0274,heldout,3,unreached,multilingual,88,0.7915,0.7891
p0274,heldout,4,unreached,multilingual,88,0.866,0.8204
p0275,heldout,1,accepted,multilingual,115,0.8431,0.7163
p0275,heldout,3,rejected,multilingual,115,1.025,0.923
p0267,heldout,4,accepted,multilingual,446,0.7489,0.8395
p0270,heldout,2,accepted,multilingual,212,0.9985,0.9492
p0272,heldout,3,unreached,multilingual,209,0.9251,0.9109
p0274,heldout,1,accepted,multilingual,90,1.1,1.051
p0275,heldout,4,accepted,multilingual,118,1.235,1.142
p0267,heldout,1,accepted,multilingual,451,1.093,1.023
p0270,heldout,1,accepted,multilingual,217,0.9104,0.8375
p0272,heldout,4,unreached,multilingual,210,1.134,1.115
p0274,heldout,3,unreached,multilingual,93,1.092,1.047
p0275,heldout,1,accepted,multilingual,123,1.229,1.124
p0275,heldout,2,accepted,multilingual,123,1.209,1.182
p0275,heldout,4,unreached,multilingual,123,1.046,0.9875
p0267,heldout,2,unreached,multilingual,454,0.8878,0.9167
p0267,heldout,3,unreached,multilingual,454,1.142,1.168
p0270,heldout,3,unreached,multilingual,220,0.8666,0.8136
p0270,heldout,4,unreached,multilingual,220,1.073,1.053
p0274,heldout,4,unreached,multilingual,94,1.02,1.003
p0275,heldout,1,accepted,multilingual,126,1.125,1.081
p0275,heldout,3,rejected,multilingual,126,1.148,1.035
p0274,heldout,3,unreached,multilingual,95,0.9198,0.8809
p0275,heldout,4,unreached,multilingual,129,0.9042,0.8433
p0272,heldout,3,accepted,multilingual,218,1.178,1.084
p0272,heldout,4,accepted,multilingual,218,1.113,1.088
p0270,heldout,2,rejected,multilingual,224,1.117,1.091
p0274,heldout,2,unreached,multilingual,99,0.9274,0.8915
p0275,heldout,3,accepted,multilingual,135,0.8622,0.7833
p0270,heldout,4,unreached,multilingual,226,1.022,0.9833
p0272,heldout,1,rejected,multilingual,224,0.9738,0.9526
p0272,heldout,4,unreached,multilingual,224,0.9536,0.9135
p0274,heldout,1,accepted,multilingual,100,1.046,1.001
p0274,heldout,2,accepted,multilingual,100,1.016,1.003
p0274,heldout,4,rejected,multilingual,100,0.8857,0.8511
p0275,heldout,3,accepted,multilingual,140,0.966,0.9054
p0270,heldout,3,unreached,multilingual,228,0.8881,0.8407
p0272,heldout,4,unreached,multilingual,225,1.195,1.158
p0270,heldout,3,unreached,multilingual,229,1.014,0.9779
p0270,heldout,4,unreached,multilingual,229,0.9824,0.9104
p0272,heldout,1,accepted,multilingual,228,1.237,1.208
p0274,heldout,2,accepted,multilingual,105,1.049,1.025
p0275,heldout,4,unreached,multilingual,148,0.9755,0.7999
p0276,heldout,3,unreached,multilingual,58,0.9844,0.9246
p0272,heldout,1,accepted,multilingual,230,0.7433,0.7174
p0272,heldout,4,unreached,multilingual,230,1.164,1.118
p0274,heldout,1,rejected,multilingual,109,0.8186,0.76
p0274,heldout,2,unreached,multilingual,109,0.8114,0.7697
p0274,heldout,3,unreached,multilingual,109,1.111,1.077
p0275,heldout,1,accepted,multilingual,150,0.8557,0.7045
p0275,heldout,3,accepted,multilingual,150,0.9422,0.76
p0276,heldout,2,accepted,multilingual,59,0.8539,0.8127
p0276,heldout,4,unreached,multilingual,59,0.8168,0.8026
p0274,heldout,3,unreached,multilingual,110,0.8765,0.8378
p0275,heldout,3,accepted,multilingual,155,1.127,1.09
p0276,heldout,1,accepted,multilingual,62,0.644,0.6148
p0270,heldout,1,accepted,multilingual,239,0.6723,0.6065
p0270,heldout,3,unreached,multilingual,239,1.063,1.059
p0272,heldout,2,unreached,multilingual,237,1.021,0.9401
p0272,heldout,3,unreached,multilingual,237,0.9226,0.8821
p0272,heldout,4,unreached,multilingual,237,0.8288,0.8116
p0275,heldout,2,accepted,multilingual,165,1.256,1.138
p0276,heldout,1,accepted,multilingual,72,0.6745,0.6442
p0276,heldout,3,rejected,multilingual,72,0.7692,0.7616
p0270,heldout,3,unreached,multilingual,241,1.029,0.9804
p0275,heldout,1,accepted,multilingual,169,0.9111,0.8865
p0276,heldout,3,unreached,multilingual,75,1.054,1.045
p0270,heldout,2,rejected,multilingual,242,0.863,0.8329
p0270,heldout,4,unreached,multilingual,242,0.8867,0.8156
p0272,heldout,1,accepted,multilingual,239,1.037,1.019
p0272,heldout,4,unreached,multilingual,239,0.8935,0.8361
p0274,heldout,2,accepted,multilingual,121,1.276,1.255
p0275,heldout,2,accepted,multilingual,172,1.026,1.003
p0275,heldout,3,accepted,multilingual,172,1.148,1.141
p0272,heldout,1,accepted,multilingual,242,1.109,1.059
p0272,heldout,2,accepted,multilingual,242,0.9013,0.8461
p0272,heldout,4,rejected,multilingual,242,0.9359,0.923
p0270,heldout,3,unreached,multilingual,246,0.9226,0.8622
p0276,heldout,1,rejected,multilingual,84,1.016,0.983
p0270,heldout,1,rejected,multilingual,248,0.8815,0.8318
p0272,heldout,2,accepted,multilingual,251,1.094,1.011
p0274,heldout,2,accepted,multilingual,128,0.8823,0.8321
p0275,heldout,3,unreached,multilingual,183,0.8861,0.7422
p0275,heldout,4,unreached,multilingual,183,0.9365,0.7846
p0276,heldout,1,accepted,multilingual,85,0.9681,0.9802
p0276,heldout,2,rejected,multilingual,85,0.821,0.7737
p0274,heldout,3,unreached,multilingual,131,0.8215,0.7946
p0275,heldout,4,unreached,multilingual,185,0.8748,0.7124
p0276,heldout,2,unreached,multilingual,87,0.6659,0.6374
p0276,heldout,4,unreached,multilingual,87,1.078,1.005
p0270,heldout,4,unreached,multilingual,251,1.01,1.024
p0274,heldout,1,accepted,multilingual,132,0.801,0.7328
p0275,heldout,2,accepted,multilingual,188,0.7526,0.7083
p0276,heldout,1,accepted,multilingual,88,0.6663,0.6328
p0276,heldout,2,rejected,multilingual,88,0.7003,0.6344
p0270,heldout,2,accepted,multilingual,252,0.9671,0.9544
p0270,heldout,3,accepted,multilingual,252,0.9981,1.007
p0270,heldout,4,rejected,multilingual,252,0.8214,0.7874
p0272,heldout,4,rejected,multilingual,258,0.7723,0.773
p0274,heldout,3,unreached,multilingual,134,0.9319,0.8911
p0275,heldout,4,rejected,multilingual,193,1.001,0.9413
p0270,heldout,3,unreached,multilingual,256,1.003,0.9586
p0272,heldout,1,rejected,multilingual,262,0.9895,0.9593
p0272,heldout,3,unreached,multilingual,262,0.8213,0.8563
p0272,heldout,4,unreached,multilingual,262,0.8003,0.772
p0275,heldout,1,accepted,multilingual,197,0.9941,0.9546
p0276,heldout,2,unreached,multilingual,95,0.7551,0.7197
p0272,heldout,4,accepted,multilingual,263,0.8489,0.8658
p0274,heldout,4,unreached,multilingual,137,1.02,0.9994
p0276,heldout,1,rejected,multilingual,96,0.8084,0.7412
p0276,heldout,2,unreached,multilingual,96,1.118,1.073
p0270,heldout,3,unreached,multilingual,258,1.061,1.032
p0272,heldout,2,accepted,multilingual,268,1.099,1.043
p0274,heldout,1,rejected,multilingual,139,0.8624,0.8391
p0274,heldout,3,unreached,multilingual,139,0.8956,0.8359
p0274,heldout,4,unreached,multilingual,139,0.8627,0.7993
p0275,heldout,1,accepted,multilingual,203,0.9063,0.7742
p0272,heldout,2,rejected,multilingual,271,0.9093,0.8615
p0274,heldout,4,accepted,multilingual,140,1.194,1.17
p0275,heldout,2,accepted,multilingual,208,1.26,1.179
p0275,heldout,3,accepted,multilingual,208,1.138,1.122
p0270,heldout,2,rejected,multilingual,261,0.9339,0.8664
p0274,heldout,2,accepted,multilingual,145,1.118,1.005
p0275,heldout,2,accepted,multilingual,213,1.044,1.002
p0270,heldout,1,rejected,multilingual,263,0.8424,0.808
p0272,heldout,1,accepted,multilingual,274,1.097,1.09
p0272,heldout,2,accepted,multilingual,274,1.004,0.9528
p0274,heldout,4,unreached,multilingual,148,1.309,1.387
p0276,heldout,4,unreached,multilingual,104,0.9548,0.8938
p0272,heldout,4,unreached,multilingual,277,0.8167,0.7813
p0275,heldout,1,rejected,multilingual,218,0.8822,0.7375
p0276,heldout,3,accepted,multilingual,106,0.9433,0.8791
p0276,heldout,4,accepted,multilingual,106,0.8302,0.8078
p0270,heldout,2,unreached,multilingual,265,0.839,0.8008
p0270,heldout,3,unreached,multilingual,265,0.8266,0.7931
p0274,heldout,2,unreached,multilingual,154,0.9803,0.9645
p0274,heldout,3,unreached,multilingual,154,0.9063,0.906
p0275,heldout,2,rejected,multilingual,219,0.8914,0.7541
p0275,heldout,4,unreached,multilingual,219,1.084,0.9756
p0276,heldout,1,rejected,multilingual,111,0.9734,0.955
p0270,heldout,3,unreached,multilingual,266,0.8706,0.9
p0272,heldout,1,accepted,multilingual,279,1.059,1.009
p0274,heldout,2,rejected,multilingual,155,0.8416,0.8026
p0274,heldout,4,unreached,multilingual,155,0.9525,0.9125
p0275,heldout,1,accepted,multilingual,221,0.8691,0.7402
p0275,heldout,3,accepted,multilingual,221,1.251,1.105
p0270,heldout,3,unreached,multilingual,267,0.9437,0.9013
p0272,heldout,4,unreached,multilingual,282,0.9427,0.8732
p0276,heldout,1,rejected,multilingual,117,1.051,1.067
p0276,heldout,3,unreached,multilingual,117,1.102,0.968
p0270,heldout,2,unreached,multilingual,268,0.8378,0.8582
p0270,heldout,4,unreached,multilingual,268,1.064,1.006
p0272,heldout,1,rejected,multilingual,285,0.7734,0.7515
p0275,heldout,1,accepted,multilingual,230,0.9358,0.8735
p0275,heldout,2,accepted,multilingual,230,1.064,1.054
p0275,heldout,3,rejected,multilingual,230,1.041,0.9158
p0276,heldout,2,rejected,multilingual,118,1.056,0.9051
p0270,heldout,2,accepted,multilingual,269,0.9712,0.9717
p0270,heldout,4,accepted,multilingual,269,0.9668,0.8961
p0272,heldout,1,rejected,multilingual,286,1.04,1.05
p0274,heldout,1,accepted,multilingual,163,0.6737,0.6346
p0276,heldout,4,accepted,multilingual,120,1.181,1.154
p0270,heldout,2,accepted,multilingual,274,1.138,1.091
p0274,heldout,2,accepted,multilingual,167,0.8704,0.8519
p0275,heldout,3,rejected,multilingual,236,0.8539,0.722
p0275,heldout,4,unreached,multilingual,236,0.8911,0.7438
p0274,heldout,2,rejected,multilingual,170,0.934,0.8794
p0275,heldout,2,accepted,multilingual,239,0.8545,0.7107
p0275,heldout,3,accepted,multilingual,239,1.202,1.049
p0272,heldout,1,accepted,multilingual,293,0.756,0.7291
p0272,heldout,4,accepted,multilingual,293,1.224,1.227
p0274,heldout,4,unreached,multilingual,172,1.077,1.091
p0275,heldout,3,accepted,multilingual,244,1.104,1.046
p0275,heldout,4,accepted,multilingual,244,1.116,1.019
p0276,heldout,2,rejected,multilingual,132,0.8503,0.8238
p0270,heldout,4,unreached,multilingual,283,0.8436,0.8028
p0272,heldout,3,unreached,multilingual,298,1.139,1.097
p0274,heldout,4,unreached,multilingual,175,1.078,1.08
p0276,heldout,2,unreached,multilingual,134,1.106,1.086
p0276,heldout,3,unreached,multilingual,134,1.071,1.023
p0276,heldout,4,unreached,multilingual,134,0.8949,0.8175
p0274,heldout,1,accepted,multilingual,177,0.9768,0.9591
p0276,heldout,2,rejected,multilingual,135,0.8202,0.7616
p0270,heldout,1,accepted,multilingual,285,1.142,1.069
p0270,heldout,2,rejected,multilingual,285,0.9516,0.8834
p0270,heldout,4,unreached,multilingual,285,0.834,0.8292
p0272,heldout,2,accepted,multilingual,301,1.112,1.092
p0275,heldout,1,accepted,multilingual,253,0.7862,0.6979
p0276,heldout,2,accepted,multilingual,137,1.087,1.092
p0270,heldout,4,unreached,multilingual,287,1.121,1.09
p0272,heldout,3,rejected,multilingual,304,1.158,1.156
p0274,heldout,2,rejected,multilingual,184,0.8324,0.7637
p0274,heldout,3,unreached,multilingual,184,0.9803,0.893
p0275,heldout,4,accepted,multilingual,258,0.8976,0.796
p0272,heldout,4,unreached,multilingual,307,1.046,1.001
p0275,heldout,1,accepted,multilingual,263,0.8748,0.7678
p0276,heldout,1,rejected,multilingual,144,0.7908,0.782
p0276,heldout,2,unreached,multilingual,144,0.9143,0.9075
p0270,heldout,4,unreached,multilingual,290,0.9325,0.8779
p0272,heldout,2,rejected,multilingual,308,1.102,1.036
p0272,heldout,3,unreached,multilingual,308,1.075,1.027
p0272,heldout,4,unreached,multilingual,308,0.8446,0.7757
p0274,heldout,3,rejected,multilingual,191,1.078,1.075
p0275,heldout,2,accepted,multilingual,267,0.7574,0.6786
p0275,heldout,3,accepted,multilingual,267,0.8001,0.6842
p0275,heldout,4,accepted,multilingual,267,0.865,0.7986
p0270,heldout,3,accepted,multilingual,292,0.9425,0.8872
p0270,heldout,4,rejected,multilingual,292,1.06,1.012
p0272,heldout,1,accepted,multilingual,310,0.761,0.7584
p0272,heldout,3,unreached,multilingual,310,0.9805,0.9376
p0274,heldout,1,accepted,multilingual,194,1.031,1.002
p0275,heldout,1,accepted,multilingual,272,1.111,1.075
p0276,heldout,2,unreached,multilingual,146,0.9753,0.939
p0270,heldout,4,accepted,multilingual,296,1.189,1.184
p0272,heldout,3,rejected,multilingual,312,1.058,1.032
p0275,heldout,2,rejected,multilingual,277,0.9268,0.8166
p0276,heldout,4,unreached,multilingual,147,0.9988,0.9581
p0270,heldout,1,accepted,multilingual,301,0.7862,0.8075
p0274,heldout,1,accepted,multilingual,199,0.8888,0.9375
p0275,heldout,3,rejected,multilingual,279,0.8516,0.7439
p0276,heldout,2,unreached,multilingual,148,0.6629,0.6265
p0270,heldout,4,unreached,multilingual,303,1.114,1.061
p0272,heldout,4,rejected,multilingual,316,0.9298,0.9223
p0274,heldout,4,unreached,multilingual,201,1.152,1.171
p0275,heldout,1,rejected,multilingual,282,0.7467,0.6331
p0276,heldout,3,unreached,multilingual,149,0.8735,0.8481
p0278,heldout,3,unreached,multilingual,36,0.899,0.8594
p0270,heldout,1,accepted,multilingual,304,0.8139,0.7645
p0270,heldout,3,accepted,multilingual,304,0.994,0.9135
p0270,heldout,4,rejected,multilingual,304,0.8685,0.8128
p0272,heldout,2,unreached,multilingual,320,0.9486,0.8887
p0274,heldout,3,accepted,multilingual,203,1.094,1.117
p0276,heldout,2,unreached,multilingual,151,0.8299,0.8243
p0276,heldout,4,unreached,multilingual,151,0.8442,0.8318
p0276,heldout,2,accepted,multilingual,152,0.7888,0.7485
p0276,heldout,3,accepted,multilingual,152,0.8338,0.8339
p0278,heldout,2,unreached,multilingual,41,0.9471,0.9414
p0278,heldout,3,unreached,multilingual,41,0.8716,0.8068
p0272,heldout,1,accepted,multilingual,322,1.133,1.123
p0274,heldout,3,accepted,multilingual,211,0.9632,0.9102
p0275,heldout,2,unreached,multilingual,290,0.8343,0.7835
p0276,heldout,1,accepted,multilingual,157,0.911,0.8922
p0276,heldout,2,accepted,multilingual,157,0.9353,0.8922
p0276,heldout,3,accepted,multilingual,157,0.8799,0.856
p0278,heldout,1,accepted,multilingual,42,0.7537,0.7241
p0278,heldout,3,accepted,multilingual,42,0.9564,0.9343
p0270,heldout,1,accepted,multilingual,312,0.8398,0.7934
p0270,heldout,3,rejected,multilingual,312,0.887,0.8688
p0272,heldout,1,accepted,multilingual,326,1.117,1.086
p0274,heldout,1,accepted,multilingual,215,0.7525,0.7322
p0276,heldout,1,accepted,multilingual,161,0.7658,0.7138
p0278,heldout,4,unreached,multilingual,46,0.8504,0.7957
p0270,heldout,1,accepted,multilingual,315,1.102,1.091
p0270,heldout,2,accepted,multilingual,315,1.033,0.9791
p0272,heldout,4,unreached,multilingual,328,0.9834,0.9831
p0274,heldout,1,accepted,multilingual,220,0.59,0.5588
p0276,heldout,3,unreached,multilingual,166,1.001,0.9673
p0270,heldout,3,rejected,multilingual,319,0.9393,0.8771
p0272,heldout,2,rejected,multilingual,329,0.8055,0.7702
p0272,heldout,3,unreached,multilingual,329,0.9782,0.9919
p0274,heldout,1,accepted,multilingual,225,1.173,1.063
p0276,heldout,2,accepted,multilingual,168,1.031,0.8899
p0276,heldout,3,accepted,multilingual,168,1.059,1.107
p0276,heldout,4,accepted,multilingual,168,0.9148,0.8948
p0270,heldout,3,accepted,multilingual,322,0.9531,0.9628
p0270,heldout,4,rejected,multilingual,322,0.8998,0.9001
p0274,heldout,2,rejected,multilingual,229,1.025,1.034
p0275,heldout,4,accepted,multilingual,300,0.8054,0.7787
p0276,heldout,3,accepted,multilingual,173,0.9967,1.012
p0272,heldout,4,accepted,multilingual,332,0.8631,0.8656
p0275,heldout,4,accepted,multilingual,305,0.9228,0.8883
p0276,heldout,1,accepted,multilingual,177,1.055,1.039
p0276,heldout,2,rejected,multilingual,177,0.8291,0.8354
p0278,heldout,2,accepted,multilingual,60,1.047,1.011
p0278,heldout,3,accepted,multilingual,60,1.054,0.9526
p0278,heldout,4,accepted,multilingual,60,0.9121,0.892
p0276,heldout,3,accepted,multilingual,179,0.9383,0.9451
p0270,heldout,2,accepted,multilingual,333,1.047,1.024
p0270,heldout,3,accepted,multilingual,333,0.9636,0.9662
p0272,heldout,2,rejected,multilingual,341,0.8704,0.8701
p0272,heldout,4,unreached,multilingual,341,0.9015,0.8694
p0270,heldout,1,accepted,multilingual,337,0.6452,0.6167
p0274,heldout,1,accepted,multilingual,237,1.068,1.078
p0275,heldout,1,accepted,multilingual,317,0.9439,0.8259
p0275,heldout,2,rejected,multilingual,317,0.8839,0.7967
p0276,heldout,2,accepted,multilingual,186,0.8618,0.8365
p0278,heldout,2,unreached,multilingual,71,0.8817,0.8524
p0270,heldout,1,accepted,multilingual,339,0.9576,0.9222
p0274,heldout,2,accepted,multilingual,240,0.7921,0.7658
p0276,heldout,4,rejected,multilingual,191,1.009,0.9573
p0278,heldout,4,rejected,multilingual,72,0.8101,0.7854
p0270,heldout,1,accepted,multilingual,343,0.9406,0.9154
p0272,heldout,4,unreached,multilingual,346,1.193,1.146
p0274,heldout,1,accepted,multilingual,243,0.8733,0.8757
p0274,heldout,3,unreached,multilingual,243,1.215,1.257
p0275,heldout,1,accepted,multilingual,323,0.762,0.6418
p0275,heldout,2,accepted,multilingual,323,0.7964,0.686
p0275,heldout,4,unreached,multilingual,323,0.8338,0.7463
p0276,heldout,1,rejected,multilingual,195,0.8121,0.777
p0272,heldout,1,accepted,multilingual,348,0.8971,0.8566
p0275,heldout,4,accepted,multilingual,326,1.285,1.184
p0276,heldout,3,accepted,multilingual,196,1.08,1.027
p0278,heldout,2,accepted,multilingual,77,0.7731,0.7378
p0278,heldout,4,unreached,multilingual,77,0.8558,0.7896
p0272,heldout,1,rejected,multilingual,353,0.8302,0.8087
p0276,heldout,2,accepted,multilingual,201,1.079,1.03
p0276,heldout,3,accepted,multilingual,201,1.088,1.028
p0276,heldout,4,accepted,multilingual,201,1.09,1.049
p0278,heldout,4,unreached,multilingual,80,0.9101,0.8362
p0270,heldout,2,accepted,multilingual,351,0.7935,0.7823
p0270,heldout,3,accepted,multilingual,351,0.8989,0.8837
p0272,heldout,3,unreached,multilingual,354,0.8865,0.7927
p0274,heldout,3,unreached,multilingual,251,0.8357,0.7951
p0275,heldout,3,accepted,multilingual,335,1.111,1.03
p0276,heldout,1,accepted,multilingual,206,0.5425,0.5134
p0276,heldout,3,accepted,multilingual,206,1.058,1.076
p0278,heldout,3,unreached,multilingual,81,0.8009,0.7659
p0278,heldout,4,unreached,multilingual,81,0.8723,0.81
p0272,heldout,1,rejected,multilingual,355,0.8477,0.782
p0272,heldout,3,unreached,multilingual,355,1.064,1.065
p0274,heldout,2,unreached,multilingual,252,0.8025,0.7784
p0274,heldout,3,unreached,multilingual,252,1.195,1.182
p0276,heldout,1,accepted,multilingual,210,0.7802,0.7364
p0278,heldout,2,rejected,multilingual,83,0.7735,0.7104
p0270,heldout,2,accepted,multilingual,360,0.9781,0.9987
p0274,heldout,1,accepted,multilingual,253,1.162,1.132
p0274,heldout,2,accepted,multilingual,253,0.9203,0.8433
p0274,heldout,4,unreached,multilingual,253,0.8943,0.8649
p0275,heldout,2,rejected,multilingual,343,0.6535,0.5598
p0276,heldout,1,accepted,multilingual,212,0.7852,0.7768
p0276,heldout,2,rejected,multilingual,212,0.9462,0.9302
p0276,heldout,4,unreached,multilingual,212,0.8735,0.8506
p0278,heldout,2,unreached,multilingual,85,0.8483,0.7864
p0278,heldout,3,unreached,multilingual,85,0.8034,0.7636
p0278,heldout,4,unreached,multilingual,85,0.8978,0.8314
p0272,heldout,1,accepted,multilingual,359,1.032,1.028
p0272,heldout,3,accepted,multilingual,359,1.09,1.102
p0274,heldout,1,accepted,multilingual,256,0.8553,0.8354
p0274,heldout,4,unreached,multilingual,256,0.8216,0.7852
p0275,heldout,2,accepted,multilingual,345,0.8932,0.7472
p0275,heldout,3,accepted,multilingual,345,0.84,0.6871
p0278,heldout,1,rejected,multilingual,86,0.758,0.7361
p0278,heldout,3,unreached,multilingual,86,0.8521,0.8232
p0272,heldout,1,rejected,multilingual,363,0.9927,0.9857
p0272,heldout,2,unreached,multilingual,363,1.09,1.075
p0274,heldout,1,accepted,multilingual,259,0.8126,0.775
p0274,heldout,2,rejected,multilingual,259,0.8192,0.7743
p0276,heldout,1,accepted,multilingual,219,0.6796,0.5662
p0276,heldout,2,accepted,multilingual,219,0.8691,0.8597
p0276,heldout,4,rejected,multilingual,219,0.869,0.843
p0278,heldout,1,accepted,multilingual,87,0.7605,0.7572
p0278,heldout,3,accepted,multilingual,87,0.9885,0.9256
p0278,heldout,4,rejected,multilingual,87,0.7775,0.7193
p0274,heldout,4,unreached,multilingual,261,0.977,0.9123
p0275,heldout,1,rejected,multilingual,350,0.7553,0.6277
p0276,heldout,3,rejected,multilingual,223,0.8101,0.7775
p0278,heldout,2,accepted,multilingual,91,0.8299,0.8113
p0279,heldout,1,accepted,multilingual,41,0.6514,0.5976
p0272,heldout,2,rejected,multilingual,366,1.092,1.156
p0274,heldout,4,accepted,multilingual,262,0.9814,0.9557
p0276,heldout,2,rejected,multilingual,226,0.8559,0.8073
p0279,heldout,1,rejected,multilingual,43,0.7598,0.702
p0272,heldout,1,accepted,multilingual,368,0.858,0.8194
p0274,heldout,4,unreached,multilingual,267,1.005,0.9947
p0279,heldout,1,accepted,multilingual,44,1.171,1.143
p0272,heldout,1,accepted,multilingual,370,1.026,0.9931
p0274,heldout,3,unreached,multilingual,268,1.008,0.9892
p0275,heldout,3,accepted,multilingual,356,0.8455,0.7322
p0278,heldout,2,accepted,multilingual,101,0.9252,0.8506
p0278,heldout,3,rejected,multilingual,101,0.7224,0.6693
p0278,heldout,4,unreached,multilingual,101,0.9242,0.9774
p0279,heldout,4,accepted,multilingual,46,1.089,0.9873
p0272,heldout,1,accepted,multilingual,375,1.029,1.03
p0276,heldout,1,accepted,multilingual,230,0.9647,0.9451
p0276,heldout,2,rejected,multilingual,230,0.8867,0.8482
p0278,heldout,2,rejected,multilingual,104,0.8195,0.7581
p0279,heldout,2,accepted,multilingual,51,0.7833,0.7577
p0279,heldout,3,accepted,multilingual,51,0.8242,0.8224
p0272,heldout,1,rejected,multilingual,378,1.009,0.9876
p0272,heldout,2,unreached,multilingual,378,0.8551,0.8164
p0274,heldout,2,accepted,multilingual,272,1.018,0.9091
p0275,heldout,1,accepted,multilingual,361,0.7301,0.6311
p0275,heldout,3,accepted,multilingual,361,1.169,1.064
p0276,heldout,2,rejected,multilingual,232,0.7968,0.749
p0272,heldout,1,rejected,multilingual,379,0.79,0.7672
p0272,heldout,2,unreached,multilingual,379,0.9874,0.9758
p0272,heldout,3,unreached,multilingual,379,1.051,1.02
p0272,heldout,4,unreached,multilingual,379,1.026,1.024
p0274,heldout,3,accepted,multilingual,277,0.9951,0.9417
p0274,heldout,4,accepted,multilingual,277,0.9193,0.986
p0275,heldout,3,rejected,multilingual,366,0.8043,0.7586
p0276,heldout,1,accepted,multilingual,234,0.707,0.6768
p0276,heldout,2,accepted,multilingual,234,0.7507,0.7415
p0276,heldout,3,rejected,multilingual,234,0.8903,0.8398
p0278,heldout,1,accepted,multilingual,108,0.7321,0.6843
p0272,heldout,3,unreached,multilingual,380,0.9318,0.9003
p0274,heldout,4,unreached,multilingual,282,1.158,1.28
p0275,heldout,1,rejected,multilingual,369,0.9383,0.8931
p0275,heldout,2,unreached,multilingual,369,0.958,0.8988
p0278,heldout,3,rejected,multilingual,110,0.8012,0.7403
p0279,heldout,4,unreached,multilingual,65,1.091,1.046
p0272,heldout,1,accepted,multilingual,382,0.7551,0.7134
p0274,heldout,1,accepted,multilingual,283,0.8606,0.8404
p0274,heldout,2,accepted,multilingual,283,1.192,1.142
p0279,heldout,1,accepted,multilingual,67,0.9904,0.9387
p0279,heldout,4,accepted,multilingual,67,0.8151,0.7787
p0274,heldout,3,accepted,multilingual,287,0.8018,0.7643
p0275,heldout,4,accepted,multilingual,373,0.8675,0.8641
p0276,heldout,1,rejected,multilingual,240,0.8129,0.735
p0279,heldout,1,accepted,multilingual,72,0.6974,0.6979
p0274,heldout,2,unreached,multilingual,292,0.9374,0.981
p0274,heldout,3,unreached,multilingual,292,1.082,1.073
p0275,heldout,2,accepted,multilingual,378,0.8364,0.8019
p0275,heldout,3,accepted,multilingual,378,1.13,1.134
p0275,heldout,4,rejected,multilingual,378,0.9661,0.9247
p0276,heldout,3,unreached,multilingual,241,0.8001,0.7557
p0279,heldout,1,accepted,multilingual,74,0.6128,0.6108
p0272,heldout,2,rejected,multilingual,389,0.9967,0.9785
p0274,heldout,1,accepted,multilingual,293,0.721,0.7288
p0274,heldout,4,accepted,multilingual,293,1.069,1.091
p0276,heldout,1,accepted,multilingual,242,0.5765,0.5367
p0276,heldout,4,unreached,multilingual,242,0.7922,0.7873
p0272,heldout,2,rejected,multilingual,391,1.235,1.188
p0275,heldout,2,accepted,multilingual,387,0.9384,0.9036
p0276,heldout,2,rejected,multilingual,244,0.7836,0.758
p0276,heldout,3,unreached,multilingual,244,0.8098,0.7976
p0272,heldout,1,accepted,multilingual,393,0.9169,0.9035
p0272,heldout,2,rejected,multilingual,393,1.295,1.249
p0274,heldout,1,accepted,multilingual,302,0.881,0.8773
p0274,heldout,4,accepted,multilingual,302,1.075,1.138
p0276,heldout,1,accepted,multilingual,246,0.5504,0.5237
p0278,heldout,2,accepted,multilingual,120,0.9336,0.935
p0278,heldout,3,rejected,multilingual,120,0.8865,0.8978
p0272,heldout,4,rejected,multilingual,395,1.03,0.9704
p0274,heldout,4,accepted,multilingual,307,0.9242,0.8476
p0275,heldout,2,accepted,multilingual,396,0.8554,0.8011
p0276,heldout,2,unreached,multilingual,248,0.8884,0.875
p0278,heldout,1,rejected,multilingual,123,0.8261,0.8161
p0279,heldout,2,accepted,multilingual,88,0.9354,0.8892
p0272,heldout,1,accepted,multilingual,399,0.8328,0.7897
p0272,heldout,2,accepted,multilingual,399,0.818,0.804
p0272,heldout,3,accepted,multilingual,399,1.16,1.073
p0272,heldout,4,accepted,multilingual,399,1.027,0.9922
p0275,heldout,1,accepted,multilingual,399,0.8479,0.8404
p0276,heldout,1,accepted,multilingual,249,0.7277,0.6979
p0279,heldout,3,rejected,multilingual,91,0.8685,0.8267
p0272,heldout,2,accepted,multilingual,404,1.286,1.256
p0274,heldout,2,accepted,multilingual,313,1.013,0.9999
p0275,heldout,2,rejected,multilingual,402,0.9306,0.8646
p0276,heldout,2,accepted,multilingual,251,1.077,1.018
p0276,heldout,4,rejected,multilingual,251,0.7932,0.7471
p0278,heldout,4,accepted,multilingual,129,0.8108,0.7499
p0274,heldout,3,unreached,multilingual,316,0.9659,1.005
p0275,heldout,2,accepted,multilingual,404,0.9932,0.9776
p0272,heldout,1,accepted,multilingual,409,0.8772,0.8691
p0274,heldout,2,accepted,multilingual,318,0.9524,0.9756
p0276,heldout,1,accepted,multilingual,257,0.5987,0.5785
p0276,heldout,4,unreached,multilingual,257,1.192,1.194
p0272,heldout,2,accepted,multilingual,412,0.7911,0.756
p0276,heldout,2,rejected,multilingual,259,0.8372,0.8102
p0279,heldout,1,accepted,multilingual,97,0.7522,0.6658
p0272,heldout,1,rejected,multilingual,415,0.7792,0.7426
p0274,heldout,4,unreached,multilingual,327,0.9445,0.8582
p0279,heldout,3,unreached,multilingual,101,0.905,0.8935
p0279,heldout,4,unreached,multilingual,101,0.9072,0.8941
p0272,heldout,2,unreached,multilingual,416,0.9562,0.9581
p0272,heldout,3,unreached,multilingual,416,0.8349,0.792
p0274,heldout,1,accepted,multilingual,329,0.9252,0.9021
p0276,heldout,4,unreached,multilingual,262,0.9066,0.8776
p0278,heldout,3,unreached,multilingual,146,0.7456,0.6976
p0272,heldout,4,unreached,multilingual,417,1.028,0.9373
p0274,heldout,4,unreached,multilingual,331,0.8797,0.8248
p0276,heldout,1,rejected,multilingual,265,0.8374,0.8036
p0278,heldout,4,unreached,multilingual,147,0.7891,0.724
p0275,heldout,2,rejected,multilingual,428,0.7872,0.6462
p0275,heldout,3,unreached,multilingual,428,0.8023,0.7413
p0278,heldout,1,accepted,multilingual,148,0.7324,0.666
p0278,heldout,2,rejected,multilingual,148,0.7598,0.6998
p0279,heldout,2,unreached,multilingual,107,0.9767,0.9461
p0272,heldout,2,rejected,multilingual,421,0.9914,0.9187
p0272,heldout,3,unreached,multilingual,421,0.9754,0.9489
p0272,heldout,4,unreached,multilingual,421,0.8776,0.815
p0274,heldout,4,accepted,multilingual,335,0.9843,0.9096
p0276,heldout,4,unreached,multilingual,268,0.8817,0.8757
p0279,heldout,1,rejected,multilingual,108,0.8799,0.8529
p0279,heldout,2,unreached,multilingual,108,0.9165,0.9173
p0272,heldout,2,unreached,multilingual,423,1.066,1.018
p0274,heldout,2,accepted,multilingual,340,1.02,0.9602
p0276,heldout,2,accepted,multilingual,269,0.9372,0.8716
p0279,heldout,4,accepted,multilingual,109,1.093,1.116
p0280,heldout,2,accepted,multilingual,231,1.279,1.116
p0274,heldout,2,accepted,multilingual,343,0.925,0.9245
p0274,heldout,3,accepted,multilingual,343,1.068,1.108
p0276,heldout,1,accepted,multilingual,272,0.5323,0.5071
p0276,heldout,3,accepted,multilingual,272,0.7139,0.6907
p0279,heldout,4,rejected,multilingual,114,0.8009,0.7405
p0280,heldout,1,accepted,multilingual,236,1.018,0.8643
p0274,heldout,2,accepted,multilingual,348,0.782,0.7383
p0276,heldout,2,unreached,multilingual,277,0.9211,0.9019
p0276,heldout,3,unreached,multilingual,277,0.911,0.8952
p0278,heldout,4,unreached,multilingual,155,0.8369,0.8218
p0279,heldout,4,unreached,multilingual,118,1.17,1.173
p0280,heldout,1,accepted,multilingual,241,1.357,1.239
p0274,heldout,3,unreached,multilingual,351,0.9725,1.006
p0278,heldout,4,unreached,multilingual,157,0.83,0.7863
p0279,heldout,1,accepted,multilingual,121,0.6721,0.609
p0279,heldout,3,unreached,multilingual,121,0.7829,0.7346
p0279,heldout,4,unreached,multilingual,121,0.8836,0.8365
p0274,heldout,4,accepted,multilingual,353,0.7669,0.8315
p0276,heldout,2,rejected,multilingual,283,0.8389,0.8153
p0276,heldout,3,unreached,multilingual,283,0.7746,0.7554
p0276,heldout,4,unreached,multilingual,283,0.8581,0.8056
p0274,heldout,2,unreached,multilingual,358,0.7911,0.8291
p0278,heldout,1,accepted,multilingual,164,0.7672,0.7699
p0278,heldout,2,accepted,multilingual,164,0.6562,0.6101
p0278,heldout,3,accepted,multilingual,164,1.085,1.113
p0279,heldout,2,unreached,multilingual,124,0.996,0.9418
p0280,heldout,2,accepted,multilingual,255,0.6509,0.6159
p0274,heldout,3,accepted,multilingual,359,0.9861,0.985
p0276,heldout,1,accepted,multilingual,286,0.7856,0.7198
p0281,heldout,3,accepted,multilingual,227,1.27,1.111
p0274,heldout,1,accepted,multilingual,364,1.198,1.26
p0276,heldout,3,accepted,multilingual,288,1.187,1.174
p0278,heldout,1,rejected,multilingual,170,0.7472,0.7181
p0279,heldout,3,accepted,multilingual,127,1.029,0.9604
p0280,heldout,1,accepted,multilingual,264,0.869,0.8459
p0280,heldout,2,accepted,multilingual,264,1.038,1.095
p0280,heldout,3,accepted,multilingual,264,1.083,0.9395
p0280,heldout,4,accepted,multilingual,264,1.154,0.9749
p0274,heldout,3,accepted,multilingual,366,1.022,1.007
p0274,heldout,4,accepted,multilingual,366,1.112,1.111
p0278,heldout,2,rejected,multilingual,171,0.7979,0.7294
p0279,heldout,4,unreached,multilingual,132,0.8917,0.858
p0280,heldout,4,accepted,multilingual,269,1.142,1.118
p0281,heldout,2,accepted,multilingual,237,1.258,1.223
p0281,heldout,4,accepted,multilingual,237,1.301,1.207
p0276,heldout,3,accepted,multilingual,295,0.9779,0.9184
p0278,heldout,1,accepted,multilingual,173,1.103,1.06
p0281,heldout,2,accepted,multilingual,242,1.263,1.225
p0274,heldout,3,accepted,multilingual,376,0.7871,0.7942
p0276,heldout,3,unreached,multilingual,300,1.099,0.9652
p0278,heldout,1,rejected,multilingual,176,0.6816,0.6332
p0279,heldout,2,unreached,multilingual,137,0.7518,0.7378
p0279,heldout,4,unreached,multilingual,137,0.9172,0.8909
p0280,heldout,2,accepted,multilingual,279,0.9027,0.7089
p0274,heldout,4,unreached,multilingual,381,1.033,0.9985
p0280,heldout,1,accepted,multilingual,282,0.9675,0.8981
p0280,heldout,3,rejected,multilingual,282,0.9777,0.877
p0281,heldout,1,accepted,multilingual,252,0.5094,0.4703
p0281,heldout,4,unreached,multilingual,252,0.9049,0.7769
p0274,heldout,1,accepted,multilingual,384,1.122,0.9986
p0274,heldout,4,accepted,multilingual,384,0.9088,0.9086
p0276,heldout,2,rejected,multilingual,304,0.8749,0.8475
p0279,heldout,3,unreached,multilingual,139,0.9843,0.9635
p0279,heldout,4,unreached,multilingual,139,1.032,1.057
p0280,heldout,3,accepted,multilingual,285,0.9919,0.9524
p0274,heldout,3,unreached,multilingual,389,0.9376,0.9537
p0276,heldout,2,accepted,multilingual,306,0.8478,0.7945
p0276,heldout,3,accepted,multilingual,306,0.8304,0.8119
p0278,heldout,4,unreached,multilingual,184,1.097,1.098
p0279,heldout,2,unreached,multilingual,141,0.8968,0.8953
p0280,heldout,2,rejected,multilingual,290,0.7823,0.7257
p0280,heldout,3,unreached,multilingual,290,0.8431,0.7882
p0274,heldout,4,accepted,multilingual,391,0.903,0.8161
p0276,heldout,1,rejected,multilingual,310,0.6992,0.6531
p0278,heldout,2,accepted,multilingual,186,0.6992,0.6547
p0279,heldout,3,rejected,multilingual,142,1.143,1.098
p0279,heldout,4,unreached,multilingual,142,0.9563,0.8826
p0280,heldout,3,unreached,multilingual,292,0.7859,0.7376
p0281,heldout,2,accepted,multilingual,259,0.9196,0.8282
p0281,heldout,4,accepted,multilingual,259,0.8614,0.7735
p0276,heldout,2,unreached,multilingual,311,0.8683,0.8438
p0276,heldout,3,unreached,multilingual,311,0.8764,0.8581
p0278,heldout,3,unreached,multilingual,191,0.8807,0.8405
p0279,heldout,1,rejected,multilingual,145,0.6502,0.5891
p0279,heldout,2,unreached,multilingual,145,0.7705,0.758
p0280,heldout,3,accepted,multilingual,294,1.069,1.015
p0281,heldout,3,accepted,multilingual,264,1.005,0.9645
p0281,heldout,4,accepted,multilingual,264,0.9008,0.8963
p0276,heldout,2,rejected,multilingual,312,0.9056,0.9117
p0278,heldout,4,unreached,multilingual,192,0.8594,0.8297
p0279,heldout,4,rejected,multilingual,146,1.038,1.014
p0280,heldout,3,accepted,multilingual,299,1.004,0.8574
p0280,heldout,4,rejected,multilingual,299,0.9709,0.8932
p0281,heldout,1,accepted,multilingual,269,0.7571,0.6434
p0281,heldout,4,accepted,multilingual,269,1.241,1.24
p0274,heldout,3,unreached,multilingual,403,1.121,1.019
p0276,heldout,2,rejected,multilingual,314,0.9896,0.9685
p0279,heldout,1,accepted,multilingual,150,0.8531,0.8053
p0276,heldout,3,accepted,multilingual,316,0.7296,0.6929
p0278,heldout,1,accepted,multilingual,199,0.4789,0.4281
p0279,heldout,4,rejected,multilingual,152,1.213,1.137
p0280,heldout,1,accepted,multilingual,304,0.7519,0.6656
p0281,heldout,4,unreached,multilingual,276,1.022,0.915
p0274,heldout,1,accepted,multilingual,406,0.8554,0.7123
p0274,heldout,4,unreached,multilingual,406,1.078,0.9898
p0278,heldout,2,accepted,multilingual,202,0.8119,0.7579
p0280,heldout,2,accepted,multilingual,309,0.9941,0.9049
p0281,heldout,3,accepted,multilingual,277,1.056,1.031
p0274,heldout,1,rejected,multilingual,409,0.8985,0.7689
p0274,heldout,2,unreached,multilingual,409,0.9849,0.9358
p0278,heldout,3,unreached,multilingual,206,0.737,0.6898
p0274,heldout,4,accepted,multilingual,410,1.117,1.116
p0276,heldout,2,unreached,multilingual,327,1.119,1.117
p0276,heldout,4,unreached,multilingual,327,0.9926,0.9931
p0279,heldout,1,accepted,multilingual,159,1.091,1.059
p0280,heldout,1,accepted,multilingual,319,0.8047,0.7258
p0281,heldout,4,accepted,multilingual,287,0.9723,0.8556
p0276,heldout,3,accepted,multilingual,328,0.8912,0.849
p0276,heldout,4,accepted,multilingual,328,0.9813,0.9673
p0281,heldout,1,accepted,multilingual,292,1.097,0.9442
p0276,heldout,3,accepted,multilingual,333,1.284,1.238
p0278,heldout,1,accepted,multilingual,212,1.113,1.054
p0279,heldout,1,accepted,multilingual,165,0.5996,0.5736
p0279,heldout,4,rejected,multilingual,165,0.9049,0.885
p0280,heldout,3,accepted,multilingual,329,1.283,1.199
p0281,heldout,2,accepted,multilingual,297,1.064,0.9373
p0276,heldout,4,accepted,multilingual,338,1.24,1.328
p0280,heldout,1,accepted,multilingual,333,0.483,0.4295
p0280,heldout,3,rejected,multilingual,333,1.038,0.9643
p0276,heldout,4,accepted,multilingual,343,1.297,1.276
p0278,heldout,4,unreached,multilingual,219,0.9771,0.9307
p0279,heldout,3,unreached,multilingual,172,0.8211,0.8072
p0280,heldout,2,accepted,multilingual,336,0.9928,0.8371
p0276,heldout,4,unreached,multilingual,348,1.265,1.186
p0278,heldout,3,rejected,multilingual,221,0.7885,0.7593
p0279,heldout,2,unreached,multilingual,174,0.791,0.7691
p0281,heldout,1,accepted,multilingual,312,0.9292,0.7724
p0276,heldout,1,accepted,multilingual,349,0.7629,0.7328
p0278,heldout,1,accepted,multilingual,224,0.634,0.5937
p0278,heldout,4,unreached,multilingual,224,0.8941,0.8453
p0279,heldout,1,accepted,multilingual,175,0.779,0.7742
p0279,heldout,4,unreached,multilingual,175,0.923,0.9078
p0280,heldout,2,unreached,multilingual,344,0.7879,0.7418
p0281,heldout,2,accepted,multilingual,317,1.106,1.11
p0281,heldout,3,accepted,multilingual,317,1.082,1.037
p0278,heldout,2,rejected,multilingual,227,0.6614,0.6104
p0279,heldout,3,unreached,multilingual,178,0.7947,0.7694
p0280,heldout,3,accepted,multilingual,345,1.254,1.051
p0276,heldout,2,accepted,multilingual,359,0.9388,0.8744
p0279,heldout,1,accepted,multilingual,180,0.5747,0.5427
p0280,heldout,1,rejected,multilingual,350,0.7443,0.6506
p0280,heldout,2,unreached,multilingual,350,0.7499,0.6869
p0281,heldout,4,unreached,multilingual,327,0.8662,0.7977
p0281,heldout,2,accepted,multilingual,328,0.8571,0.7976
p0276,heldout,2,unreached,multilingual,369,0.855,0.8242
p0276,heldout,4,unreached,multilingual,369,0.812,0.8036
p0278,heldout,1,rejected,multilingual,236,0.6743,0.5953
p0278,heldout,2,unreached,multilingual,236,0.7591,0.7079
p0278,heldout,4,unreached,multilingual,236,1.18,1.166
p0279,heldout,1,accepted,multilingual,183,1.059,1.009
p0279,heldout,2,rejected,multilingual,183,0.8808,0.8561
p0280,heldout,2,accepted,multilingual,352,0.7666,0.6245
p0280,heldout,3,accepted,multilingual,352,0.7883,0.717
p0278,heldout,2,unreached,multilingual,237,0.7476,0.7028
p0278,heldout,3,unreached,multilingual,237,0.9392,0.9095
p0280,heldout,2,accepted,multilingual,357,1.184,1.069
p0281,heldout,2,rejected,multilingual,338,0.7289,0.6363
p0276,heldout,4,accepted,multilingual,372,1.013,1.011
p0280,heldout,3,accepted,multilingual,362,1.144,1.022
p0278,heldout,2,unreached,multilingual,239,0.8969,0.8595
p0279,heldout,3,unreached,multilingual,191,0.8721,0.8424
p0281,heldout,1,accepted,multilingual,345,0.6776,0.5519
p0278,heldout,1,rejected,multilingual,240,0.6427,0.5989
p0278,heldout,4,unreached,multilingual,240,0.8911,0.8334
p0279,heldout,3,rejected,multilingual,193,0.9172,0.8986
p0280,heldout,2,accepted,multilingual,371,0.9266,0.8614
p0276,heldout,2,accepted,multilingual,379,0.8412,0.8165
p0278,heldout,2,accepted,multilingual,241,1.112,1.096
p0279,heldout,2,unreached,multilingual,196,1.068,1.042
p0279,heldout,4,unreached,multilingual,196,0.8497,0.849
p0280,heldout,1,accepted,multilingual,376,0.9887,0.8724
p0280,heldout,2,accepted,multilingual,376,0.7706,0.7029
p0280,heldout,4,rejected,multilingual,376,1.091,0.9436
p0281,heldout,1,accepted,multilingual,355,0.6388,0.485
p0279,heldout,2,rejected,multilingual,197,0.9523,0.9459
p0280,heldout,4,unreached,multilingual,380,0.9731,0.8511
p0281,heldout,1,accepted,multilingual,360,0.7965,0.6546
p0281,heldout,2,accepted,multilingual,360,0.9072,0.8064
p0281,heldout,3,rejected,multilingual,360,0.9488,0.798
p0276,heldout,1,accepted,multilingual,389,0.9868,0.9419
p0276,heldout,2,accepted,multilingual,389,0.7808,0.694
p0278,heldout,4,unreached,multilingual,249,0.8971,0.8547
p0280,heldout,2,accepted,multilingual,381,0.9037,0.8023
p0280,heldout,3,rejected,multilingual,381,1.011,0.9906
p0280,heldout,4,unreached,multilingual,381,0.9845,0.8721
p0281,heldout,1,accepted,multilingual,363,0.7653,0.6348
p0281,heldout,4,unreached,multilingual,363,0.8046,0.7443
p0276,heldout,1,accepted,multilingual,394,0.9422,0.9044
p0276,heldout,3,rejected,multilingual,394,0.9446,0.953
p0280,heldout,2,rejected,multilingual,384,0.8662,0.7198
p0281,heldout,1,rejected,multilingual,366,0.7017,0.6278
p0281,heldout,4,unreached,multilingual,366,0.942,0.7782
p0276,heldout,1,accepted,multilingual,397,0.8553,0.8282
p0276,heldout,3,rejected,multilingual,397,0.8566,0.8227
p0280,heldout,1,accepted,multilingual,386,0.6385,0.4921
p0276,heldout,2,accepted,multilingual,400,0.7025,0.6821
p0278,heldout,1,accepted,multilingual,257,0.6301,0.6172
p0278,heldout,2,accepted,multilingual,257,0.7232,0.6804
p0278,heldout,3,rejected,multilingual,257,0.8859,0.8295
p0280,heldout,1,accepted,multilingual,388,0.7717,0.6383
p0280,heldout,3,accepted,multilingual,388,1.185,1.106
p0276,heldout,4,unreached,multilingual,404,1.193,1.158
p0278,heldout,2,accepted,multilingual,260,0.7449,0.6829
p0278,heldout,3,accepted,multilingual,260,1.09,1.049
p0281,heldout,4,accepted,multilingual,372,1.067,1.057
p0279,heldout,3,accepted,multilingual,220,1.063,1.049
p0280,heldout,3,accepted,multilingual,398,1.007,0.9506
p0281,heldout,1,accepted,multilingual,377,0.961,0.9208
p0281,heldout,3,accepted,multilingual,377,1.089,0.9902
p0281,heldout,4,accepted,multilingual,377,1.021,0.9152
p0276,heldout,2,accepted,multilingual,411,1.178,1.129
p0279,heldout,1,accepted,multilingual,224,1,0.9563
p0280,heldout,1,accepted,multilingual,403,0.9194,0.8521
p0280,heldout,2,accepted,multilingual,403,1.017,0.8462
p0281,heldout,1,accepted,multilingual,382,1.083,1.086
p0276,heldout,2,rejected,multilingual,415,0.9257,0.8716
p0276,heldout,4,unreached,multilingual,415,0.8705,0.8449
p0279,heldout,2,accepted,multilingual,229,1.126,1.11
p0279,heldout,3,accepted,multilingual,229,1.188,1.092
p0279,heldout,4,accepted,multilingual,229,1.271,1.321
p0280,heldout,1,accepted,multilingual,408,0.8257,0.7261
p0280,heldout,2,accepted,multilingual,408,0.9318,0.7378
p0281,heldout,1,accepted,multilingual,387,0.8084,0.6803
p0281,heldout,2,accepted,multilingual,387,0.8132,0.6912
p0281,heldout,3,rejected,multilingual,387,0.8921,0.7838
p0276,heldout,4,accepted,multilingual,417,0.812,0.7762
p0278,heldout,2,accepted,multilingual,271,0.9812,0.9633
p0280,heldout,2,accepted,multilingual,413,0.9364,0.737
p0281,heldout,3,accepted,multilingual,390,1.114,1.021
p0276,heldout,4,accepted,multilingual,422,1.15,1.167
p0279,heldout,2,accepted,multilingual,238,1.08,1.066
p0280,heldout,3,accepted,multilingual,418,0.6872,0.6084
p0281,heldout,4,unreached,multilingual,395,0.8618,0.7948
p0276,heldout,2,accepted,multilingual,427,1.16,1.211
p0278,heldout,2,accepted,multilingual,279,0.7841,0.7345
p0279,heldout,3,unreached,multilingual,242,0.97,0.9376
p0280,heldout,3,unreached,multilingual,423,0.9936,0.8724
p0281,heldout,1,rejected,multilingual,397,0.7835,0.7345
p0278,heldout,4,unreached,multilingual,284,0.8331,0.7943
p0276,heldout,1,rejected,multilingual,437,0.6409,0.6037
p0278,heldout,2,accepted,multilingual,286,0.8955,0.878
p0278,heldout,3,accepted,multilingual,286,1.237,1.325
p0278,heldout,4,accepted,multilingual,286,0.8022,0.7459
p0279,heldout,1,accepted,multilingual,245,1.229,1.21
p0280,heldout,3,accepted,multilingual,429,0.8788,0.8116
p0280,heldout,4,accepted,multilingual,429,1.105,1.001
p0281,heldout,2,accepted,multilingual,403,0.8765,0.7868
p0280,heldout,4,accepted,multilingual,434,0.9657,0.9225
p0284,heldout,3,accepted,multilingual,67,0.9971,0.9145
p0278,heldout,2,accepted,multilingual,296,0.622,0.575
p0278,heldout,3,accepted,multilingual,296,0.964,0.949
p0279,heldout,3,rejected,multilingual,249,0.9401,0.8757
p0281,heldout,2,accepted,multilingual,413,0.8172,0.6978
p0278,heldout,1,accepted,multilingual,301,0.5818,0.556
p0279,heldout,1,accepted,multilingual,252,1.153,1.255
p0279,heldout,2,accepted,multilingual,252,1.093,1.094
p0281,heldout,3,accepted,multilingual,418,1.242,1.12
p0281,heldout,4,accepted,multilingual,418,1.132,0.9963
p0284,heldout,3,accepted,multilingual,75,1.113,1.051
p0285,heldout,4,unreached,multilingual,55,0.9736,0.9322
p0278,heldout,3,accepted,multilingual,303,0.7411,0.7295
p0279,heldout,1,accepted,multilingual,256,1.081,1.074
p0279,heldout,3,rejected,multilingual,256,1.036,1.007
p0280,heldout,1,accepted,multilingual,445,0.8199,0.7219
p0281,heldout,2,accepted,multilingual,423,1.078,0.9704
p0284,heldout,3,unreached,multilingual,79,1.224,1.267
p0278,heldout,3,unreached,multilingual,308,0.8966,0.8863
p0278,heldout,4,unreached,multilingual,308,1.134,1.117
p0279,heldout,1,accepted,multilingual,259,0.6128,0.5635
p0279,heldout,4,accepted,multilingual,259,0.9474,0.9131
p0280,heldout,1,accepted,multilingual,450,0.8085,0.7324
p0281,heldout,2,accepted,multilingual,428,1.032,0.9629
p0284,heldout,3,rejected,multilingual,81,0.9937,0.9259
p0285,heldout,3,unreached,multilingual,57,0.9787,0.952
p0278,heldout,3,accepted,multilingual,310,0.8485,0.8003
p0278,heldout,4,rejected,multilingual,310,0.7784,0.7583
p0279,heldout,4,unreached,multilingual,264,0.8593,0.852
p0281,heldout,2,accepted,multilingual,432,1.127,1.085
p0285,heldout,4,rejected,multilingual,58,1.01,0.983
p0278,heldout,1,rejected,multilingual,314,0.6985,0.6618
p0281,heldout,1,accepted,multilingual,437,1.23,1.157
p0281,heldout,4,accepted,multilingual,437,1.323,1.253
p0285,heldout,4,rejected,multilingual,62,1.097,1.045
p0278,heldout,1,rejected,multilingual,315,0.6316,0.6249
p0280,heldout,2,accepted,multilingual,458,0.7836,0.5749
p0280,heldout,3,rejected,multilingual,458,0.9105,0.8203
p0284,heldout,3,rejected,multilingual,91,0.7955,0.7773
p0280,heldout,4,accepted,multilingual,461,0.9704,0.8602
p0281,heldout,4,unreached,multilingual,446,1.139,1.14
p0284,heldout,1,accepted,multilingual,94,0.8787,0.8559
p0284,heldout,4,rejected,multilingual,94,0.9222,0.9255
p0278,heldout,3,rejected,multilingual,317,0.7916,0.7353
p0280,heldout,1,accepted,multilingual,466,0.9861,0.9329
p0281,heldout,1,accepted,multilingual,447,0.6222,0.5384
p0284,heldout,3,unreached,multilingual,98,0.8885,0.8543
p0284,heldout,4,unreached,multilingual,98,0.8156,0.7844
p0279,heldout,1,accepted,multilingual,278,0.871,0.7706
p0279,heldout,3,accepted,multilingual,278,1.183,1.116
p0280,heldout,4,accepted,multilingual,469,0.8782,0.8065
p0284,heldout,2,accepted,multilingual,100,0.7896,0.7612
p0284,heldout,3,rejected,multilingual,100,0.9601,0.9055
p0285,heldout,3,unreached,multilingual,74,0.975,0.9819
p0278,heldout,2,accepted,multilingual,321,0.8709,0.8286
p0278,heldout,3,accepted,multilingual,321,0.788,0.6926
p0279,heldout,3,accepted,multilingual,283,1.188,1.141
p0279,heldout,4,rejected,multilingual,283,1.13,1.089
p0280,heldout,2,accepted,multilingual,474,0.7585,0.5722
p0280,heldout,3,accepted,multilingual,474,0.778,0.7016
p0280,heldout,4,accepted,multilingual,474,0.9036,0.8325
p0281,heldout,1,accepted,multilingual,454,0.859,0.7672
p0285,heldout,4,unreached,multilingual,76,0.9715,0.9523
p0279,heldout,3,unreached,multilingual,287,0.825,0.822
p0281,heldout,3,rejected,multilingual,459,1.304,1.171
p0284,heldout,3,unreached,multilingual,108,0.908,0.8805
p0285,heldout,2,unreached,multilingual,78,0.9113,0.8756
p0285,heldout,4,rejected,multilingual,79,1.015,1.031
p0278,heldout,1,rejected,multilingual,333,0.6276,0.6086
p0278,heldout,2,unreached,multilingual,333,0.9851,0.9012
p0279,heldout,4,unreached,multilingual,293,0.9558,0.9013
p0280,heldout,2,unreached,multilingual,489,0.8726,0.7708
p0281,heldout,2,accepted,multilingual,467,1.102,1.002
p0281,heldout,3,accepted,multilingual,467,1.228,1.072
p0279,heldout,1,accepted,multilingual,295,0.6276,0.6016
p0279,heldout,4,unreached,multilingual,295,0.8589,0.7914
p0280,heldout,1,rejected,multilingual,490,0.8362,0.8099
p0280,heldout,2,unreached,multilingual,490,0.8504,0.7852
p0284,heldout,3,rejected,multilingual,119,1.101,1.104
p0278,heldout,2,accepted,multilingual,339,1.102,1.108
p0278,heldout,4,accepted,multilingual,339,0.8421,0.8342
p0279,heldout,2,accepted,multilingual,297,1.17,1.134
p0279,heldout,4,unreached,multilingual,297,0.992,0.9954
p0280,heldout,4,accepted,multilingual,491,0.8795,0.9535
p0284,heldout,2,accepted,multilingual,122,1.173,1.108
p0284,heldout,4,accepted,multilingual,122,1.19,1.134
p0285,heldout,3,unreached,multilingual,86,0.8116,0.7756
p0278,heldout,2,accepted,multilingual,344,0.7002,0.6658
p0280,heldout,3,rejected,multilingual,496,0.7616,0.6951
p0284,heldout,2,accepted,multilingual,127,1.062,1.029
p0278,heldout,1,accepted,multilingual,349,0.7121,0.682
p0279,heldout,1,accepted,multilingual,301,0.7247,0.6698
p0280,heldout,3,rejected,multilingual,499,0.7178,0.6217
p0284,heldout,1,accepted,multilingual,132,0.8938,0.8618
p0284,heldout,3,accepted,multilingual,132,1.023,1.054
p0278,heldout,4,rejected,multilingual,351,0.8051,0.7873
p0279,heldout,3,rejected,multilingual,304,0.9137,0.8716
p0279,heldout,4,unreached,multilingual,304,1.04,1.022
p0280,heldout,3,accepted,multilingual,502,0.8857,0.8856
p0281,heldout,2,rejected,multilingual,489,0.8382,0.7416
p0281,heldout,4,unreached,multilingual,489,1.202,1.061
p0284,heldout,1,accepted,multilingual,137,1.105,1.008
p0284,heldout,2,accepted,multilingual,137,0.8223,0.8171
p0285,heldout,3,rejected,multilingual,92,0.8837,0.8864
p0278,heldout,4,unreached,multilingual,355,0.8173,0.755
p0284,heldout,3,accepted,multilingual,142,0.9879,0.9562
p0285,heldout,1,rejected,multilingual,95,1.068,1.05
p0285,heldout,2,unreached,multilingual,95,1.055,1.031
p0280,heldout,1,accepted,multilingual,512,0.8779,0.8657
p0280,heldout,3,accepted,multilingual,512,1.252,1.122
p0284,heldout,3,unreached,multilingual,147,0.9925,0.9713
p0285,heldout,3,unreached,multilingual,96,1.16,1.141
p0285,heldout,4,unreached,multilingual,96,1.027,1.037
p0278,heldout,4,unreached,multilingual,362,0.7445,0.6912
p0279,heldout,1,accepted,multilingual,314,0.8664,0.8302
p0278,heldout,1,accepted,multilingual,363,0.9076,0.8968
p0278,heldout,4,accepted,multilingual,363,0.7339,0.6847
p0279,heldout,3,accepted,multilingual,318,0.9487,0.9082
p0280,heldout,1,accepted,multilingual,519,0.9937,0.9545
p0280,heldout,4,accepted,multilingual,519,0.8078,0.7704
p0281,heldout,4,accepted,multilingual,500,1.226,1.025
p0285,heldout,2,rejected,multilingual,100,0.852,0.8944
p0279,heldout,2,rejected,multilingual,322,0.81,0.8058
p0279,heldout,3,unreached,multilingual,322,0.8176,0.7639
p0280,heldout,4,accepted,multilingual,524,1.017,0.9101
p0281,heldout,4,unreached,multilingual,505,0.8088,0.6964
p0284,heldout,2,accepted,multilingual,155,0.8542,0.7936
p0284,heldout,3,rejected,multilingual,155,1.008,1.013
p0285,heldout,3,unreached,multilingual,102,0.9158,0.9575
p0278,heldout,3,rejected,multilingual,371,1.065,1.079
p0279,heldout,4,rejected,multilingual,324,1.072,1.025
p0280,heldout,3,accepted,multilingual,529,0.9264,0.7738
p0284,heldout,1,accepted,multilingual,158,0.6846,0.6614
p0284,heldout,2,accepted,multilingual,158,0.9435,0.8915
p0284,heldout,3,rejected,multilingual,158,0.8459,0.845
p0278,heldout,3,unreached,multilingual,374,1.032,0.9792
p0279,heldout,2,accepted,multilingual,328,1.069,1.002
p0279,heldout,3,accepted,multilingual,328,1.305,1.259
p0279,heldout,4,accepted,multilingual,328,1.014,0.95
p0280,heldout,2,accepted,multilingual,534,0.8718,0.7703
p0284,heldout,4,unreached,multilingual,161,0.9659,0.9225
p0285,heldout,2,accepted,multilingual,109,1.097,1.084
p0285,heldout,4,rejected,multilingual,109,0.9713,0.9224
p0278,heldout,2,accepted,multilingual,375,0.9186,0.8875
p0279,heldout,2,rejected,multilingual,333,1.103,1.083
p0280,heldout,3,accepted,multilingual,539,1.123,0.9654
p0284,heldout,1,rejected,multilingual,162,1.183,1.181
p0285,heldout,3,accepted,multilingual,113,0.8823,0.833
p0279,heldout,1,accepted,multilingual,335,0.9375,0.8532
p0280,heldout,2,accepted,multilingual,544,1.005,0.9038
p0281,heldout,4,accepted,multilingual,516,0.913,0.791
p0285,heldout,1,accepted,multilingual,117,0.7032,0.6527
p0285,heldout,3,unreached,multilingual,117,0.9268,0.8969
p0285,heldout,4,unreached,multilingual,117,0.9376,0.8831
p0278,heldout,2,accepted,multilingual,381,1.042,0.9872
p0279,heldout,2,accepted,multilingual,339,1.002,0.9423
p0279,heldout,4,unreached,multilingual,339,1.001,0.9948
p0280,heldout,3,accepted,multilingual,549,0.8195,0.7879
p0281,heldout,1,accepted,multilingual,521,1.021,0.9563
p0281,heldout,4,accepted,multilingual,521,0.9816,0.8533
p0279,heldout,3,accepted,multilingual,342,1.113,1.068
p0284,heldout,1,accepted,multilingual,166,0.9573,0.9819
p0284,heldout,3,rejected,multilingual,166,1.036,1.002
p0284,heldout,4,unreached,multilingual,166,0.9362,0.9238
p0285,heldout,1,accepted,multilingual,120,1.038,1.025
p0285,heldout,3,rejected,multilingual,122,0.8957,0.8578
p0279,heldout,1,rejected,multilingual,351,0.693,0.6273
p0279,heldout,2,unreached,multilingual,351,0.8807,0.8296
p0280,heldout,1,accepted,multilingual,564,0.9325,0.8603
p0280,heldout,3,accepted,multilingual,564,0.8452,0.7835
p0281,heldout,3,accepted,multilingual,532,0.7027,0.6011
p0281,heldout,4,accepted,multilingual,532,0.8534,0.719
p0284,heldout,2,accepted,multilingual,170,1.231,1.198
p0279,heldout,2,unreached,multilingual,352,0.7224,0.6885
p0280,heldout,3,unreached,multilingual,569,1.11,1.085
p0280,heldout,4,unreached,multilingual,569,1.177,1.077
p0284,heldout,4,accepted,multilingual,175,1.221,1.141
p0285,heldout,2,rejected,multilingual,126,1.042,1.036
p0279,heldout,1,accepted,multilingual,353,0.878,0.8095
p0280,heldout,2,rejected,multilingual,571,1.098,1.023
p0280,heldout,3,unreached,multilingual,571,1.12,1.033
p0281,heldout,1,accepted,multilingual,542,1.21,1.063
p0284,heldout,1,accepted,multilingual,180,0.9728,0.9019
p0278,heldout,3,accepted,multilingual,407,0.8913,0.8375
p0279,heldout,4,unreached,multilingual,358,0.9038,0.9135
p0280,heldout,3,unreached,multilingual,573,1.218,1.177
p0281,heldout,1,accepted,multilingual,547,0.7777,0.6731
p0281,heldout,4,accepted,multilingual,547,0.9645,0.9442
p0284,heldout,2,accepted,multilingual,185,1.151,1.064
p0278,heldout,2,accepted,multilingual,412,0.973,0.9521
p0278,heldout,4,accepted,multilingual,412,0.9483,0.9476
p0279,heldout,1,accepted,multilingual,359,0.8992,0.908
p0284,heldout,3,accepted,multilingual,190,1.112,1.032
p0278,heldout,2,accepted,multilingual,417,0.8524,0.9128
p0280,heldout,2,accepted,multilingual,580,1.071,1.043
p0281,heldout,1,accepted,multilingual,557,1.039,0.8926
p0285,heldout,1,accepted,multilingual,140,0.6877,0.6469
p0285,heldout,2,accepted,multilingual,140,0.885,0.8452
p0285,heldout,4,accepted,multilingual,140,1.163,1.112
p0284,heldout,4,unreached,multilingual,200,1.257,1.201
p0280,heldout,1,accepted,multilingual,590,0.8658,0.8331
p0280,heldout,2,accepted,multilingual,590,1.139,0.981
p0280,heldout,3,accepted,multilingual,590,1.051,0.9192
p0281,heldout,2,accepted,multilingual,567,0.7122,0.6355
p0284,heldout,4,accepted,multilingual,203,1.081,0.977
p0285,heldout,3,accepted,multilingual,147,0.8431,0.8336
p0285,heldout,4,accepted,multilingual,147,0.9429,0.9336
p0280,heldout,1,accepted,multilingual,594,0.984,0.8034
p0280,heldout,2,accepted,multilingual,594,0.9827,0.8552
p0280,heldout,3,accepted,multilingual,594,0.6557,0.553
p0281,heldout,2,accepted,multilingual,572,1.088,0.9756
p0284,heldout,1,accepted,multilingual,208,0.9957,0.8913
p0284,heldout,3,accepted,multilingual,208,1.048,0.9886
p0284,heldout,4,accepted,multilingual,208,0.9412,0.9204
p0279,heldout,2,accepted,multilingual,374,0.7683,0.748
p0279,heldout,3,accepted,multilingual,374,0.8703,0.8274
p0279,heldout,4,rejected,multilingual,374,0.9562,0.9801
p0280,heldout,3,rejected,multilingual,599,0.9845,0.9412
p0285,heldout,1,accepted,multilingual,154,0.7098,0.699
p0285,heldout,2,accepted,multilingual,154,0.8921,0.8614
p0279,heldout,4,accepted,multilingual,378,1.077,1.125
p0280,heldout,2,unreached,multilingual,602,0.7722,0.665
p0284,heldout,1,accepted,multilingual,216,0.7411,0.7167
p0284,heldout,4,rejected,multilingual,216,1.094,1.025
p0279,heldout,1,rejected,multilingual,383,0.6973,0.6729
p0279,heldout,3,unreached,multilingual,383,0.9078,0.845
p0279,heldout,4,unreached,multilingual,383,0.9728,0.9217
p0284,heldout,2,accepted,multilingual,220,0.9971,0.9696
p0284,heldout,3,accepted,multilingual,220,1.13,1.039
p0284,heldout,4,accepted,multilingual,220,1.029,0.9496
p0279,heldout,3,accepted,multilingual,384,0.994,0.9432
p0281,heldout,3,accepted,multilingual,591,1.185,1.091
p0284,heldout,2,accepted,multilingual,225,1.37,1.113
p0285,heldout,3,unreached,multilingual,164,1.054,1.033
p0281,heldout,3,accepted,multilingual,596,1.045,0.8947
p0285,heldout,2,accepted,multilingual,166,1.214,1.165
p0285,heldout,3,accepted,multilingual,166,1.031,1.024
p0279,heldout,3,unreached,multilingual,392,0.9933,0.9719
p0280,heldout,3,accepted,multilingual,611,1.085,1.044
p0285,heldout,3,accepted,multilingual,175,1.03,1.036
p0279,heldout,2,accepted,multilingual,397,1.086,0.9756
p0285,heldout,1,accepted,multilingual,180,0.6817,0.6248
p0288,heldout,2,accepted,multilingual,74,1.031,0.9823
p0279,heldout,2,accepted,multilingual,402,1.067,1.048
p0285,heldout,3,accepted,multilingual,185,0.9977,0.9597
p0288,heldout,3,accepted,multilingual,77,0.9988,0.9775
p0285,heldout,2,accepted,multilingual,190,0.951,0.93
p0285,heldout,3,rejected,multilingual,190,1.069,1.058
p0285,heldout,4,unreached,multilingual,190,0.9683,0.9726
p0285,heldout,1,accepted,multilingual,193,0.7259,0.669
p0285,heldout,4,accepted,multilingual,193,1.215,1.192
p0288,heldout,3,rejected,multilingual,82,1.019,0.9964
p0279,heldout,2,accepted,multilingual,410,0.966,0.8978
p0285,heldout,1,accepted,multilingual,198,1.098,1.028
p0285,heldout,3,accepted,multilingual,198,0.9084,0.8331
p0288,heldout,3,unreached,multilingual,85,0.9365,0.8842
p0279,heldout,2,rejected,multilingual,414,0.8502,0.7613
p0285,heldout,2,accepted,multilingual,203,1.031,0.9384
p0288,heldout,3,unreached,multilingual,87,0.9352,0.8968
p0288,heldout,1,accepted,multilingual,89,0.8771,0.8269
p0288,heldout,2,rejected,multilingual,89,0.8772,0.8641
p0285,heldout,1,rejected,multilingual,212,0.5619,0.512
p0285,heldout,2,rejected,multilingual,213,0.9744,0.9258
p0288,heldout,1,accepted,multilingual,92,0.8953,0.8903
p0288,heldout,3,accepted,multilingual,92,1.033,1.009
p0290,heldout,4,accepted,multilingual,55,1.016,1.007
p0285,heldout,1,accepted,multilingual,215,0.7363,0.6985
p0285,heldout,3,rejected,multilingual,215,1.014,0.9622
p0288,heldout,2,accepted,multilingual,97,0.8248,0.8709
p0288,heldout,3,accepted,multilingual,97,0.8964,0.903
p0290,heldout,3,rejected,multilingual,60,1.007,0.9514
p0288,heldout,1,accepted,multilingual,102,0.9872,0.9432
p0288,heldout,4,unreached,multilingual,102,1.001,1.018
p0290,heldout,2,accepted,multilingual,63,0.8478,0.7865
p0285,heldout,4,accepted,multilingual,221,0.9033,0.861
p0290,heldout,2,rejected,multilingual,68,0.9387,0.8946
p0288,heldout,1,accepted,multilingual,109,0.8535,0.8276
p0290,heldout,2,unreached,multilingual,70,1.011,0.9773
p0285,heldout,4,rejected,multilingual,230,1.106,1.105
p0290,heldout,3,rejected,multilingual,71,0.9175,0.8499
p0290,heldout,4,unreached,multilingual,71,0.8083,0.8033
p0285,heldout,3,accepted,multilingual,234,1.179,1.02
p0290,heldout,3,unreached,multilingual,74,0.8843,0.8675
p0285,heldout,1,accepted,multilingual,238,0.9841,0.9004
p0288,heldout,1,accepted,multilingual,116,0.9524,0.921
p0290,heldout,2,rejected,multilingual,75,0.9546,0.9477
p0285,heldout,3,accepted,multilingual,241,0.9155,0.9241
p0285,heldout,4,rejected,multilingual,241,0.8493,0.8147
p0288,heldout,4,accepted,multilingual,120,1.235,1.22
p0290,heldout,1,accepted,multilingual,77,0.8506,0.8526
p0290,heldout,2,rejected,multilingual,77,0.9481,0.9041
p0290,heldout,3,unreached,multilingual,77,1.085,1.103
p0285,heldout,3,accepted,multilingual,245,0.9708,0.9134
p0288,heldout,1,accepted,multilingual,125,0.9498,0.9029
p0288,heldout,2,accepted,multilingual,125,1.004,1.01
p0288,heldout,3,accepted,multilingual,125,1.071,1.037
p0290,heldout,3,rejected,multilingual,79,0.9806,0.9167
p0285,heldout,2,unreached,multilingual,250,0.944,0.9543
p0285,heldout,4,unreached,multilingual,250,0.9553,0.8914
p0290,heldout,3,unreached,multilingual,82,0.8783,0.8704
p0290,heldout,4,unreached,multilingual,82,0.8488,0.8023
p0285,heldout,2,accepted,multilingual,251,0.9236,0.9408
p0290,heldout,2,accepted,multilingual,84,0.7868,0.7261
p0285,heldout,1,accepted,multilingual,256,0.8962,0.8655
p0290,heldout,3,accepted,multilingual,89,0.8828,0.9151
p0290,heldout,4,unreached,multilingual,93,0.8681,0.8083
p0288,heldout,1,accepted,multilingual,137,0.6944,0.6309
p0290,heldout,2,rejected,multilingual,95,0.8208,0.7799
p0288,heldout,1,accepted,multilingual,142,0.8076,0.8176
p0288,heldout,4,accepted,multilingual,142,0.9755,0.9681
p0290,heldout,1,rejected,multilingual,97,0.7228,0.6676
p0290,heldout,4,rejected,multilingual,98,0.8773,0.8503
p0288,heldout,2,accepted,multilingual,152,1.015,1.023
p0288,heldout,3,accepted,multilingual,152,1.107,1.137
p0290,heldout,2,accepted,multilingual,102,1.053,1.057
p0288,heldout,1,accepted,multilingual,156,0.979,0.9173
p0290,heldout,3,accepted,multilingual,105,1.049,1.002
p0288,heldout,1,accepted,multilingual,160,0.8256,0.8214
p0288,heldout,2,accepted,multilingual,160,1.063,1.062
p0288,heldout,4,accepted,multilingual,160,1.028,0.984
p0290,heldout,1,accepted,multilingual,110,0.983,0.9143
p0288,heldout,2,accepted,multilingual,165,0.9372,0.8947
p0288,heldout,3,accepted,multilingual,165,1.177,1.07
p0288,heldout,4,accepted,multilingual,165,1.055,1.067
p0288,heldout,2,accepted,multilingual,170,1.137,1.099
p0288,heldout,3,accepted,multilingual,170,1.165,1.105
p0290,heldout,2,accepted,multilingual,115,0.8734,0.8713
p0290,heldout,3,accepted,multilingual,115,1.004,1.029
p0290,heldout,2,rejected,multilingual,120,0.8946,0.8647
p0288,heldout,2,accepted,multilingual,185,0.9336,0.8744
p0288,heldout,4,accepted,multilingual,185,1.003,0.982
p0288,heldout,1,accepted,multilingual,190,0.8502,0.832
p0288,heldout,4,accepted,multilingual,190,1.155,1.192
p0288,heldout,2,rejected,multilingual,195,0.7679,0.7229
p0288,heldout,3,unreached,multilingual,195,1.002,0.9875
p0290,heldout,3,accepted,multilingual,134,1.199,1.126
p0288,heldout,1,accepted,multilingual,197,0.946,0.9722
p0288,heldout,2,rejected,multilingual,197,0.9193,0.899
p0290,heldout,3,accepted,multilingual,139,1.093,1.094
p0288,heldout,2,rejected,multilingual,199,0.9144,0.9004
p0290,heldout,1,accepted,multilingual,144,0.7338,0.6798
p0293,heldout,3,accepted,multilingual,94,1.208,1.05
p0288,heldout,1,accepted,multilingual,201,0.9554,0.9459
p0288,heldout,3,accepted,multilingual,201,1.044,1.094
p0288,heldout,4,rejected,multilingual,201,0.9901,0.9738
p0290,heldout,2,accepted,multilingual,149,1.056,0.9778
p0293,heldout,2,accepted,multilingual,104,1.288,1.265
p0288,heldout,1,accepted,multilingual,207,0.7763,0.7375
p0288,heldout,2,accepted,multilingual,207,0.9892,0.9901
p0290,heldout,1,rejected,multilingual,157,1.099,1.121
p0290,heldout,3,unreached,multilingual,157,0.9772,0.9721
p0293,heldout,4,accepted,multilingual,109,1.085,0.96
p0290,heldout,1,accepted,multilingual,158,0.8883,0.8688
p0290,heldout,1,accepted,multilingual,163,0.9288,0.8884
p0290,heldout,4,accepted,multilingual,163,1.03,1.009
p0293,heldout,1,rejected,multilingual,119,0.5228,0.4929
p0288,heldout,2,unreached,multilingual,221,0.8597,0.8327
p0288,heldout,3,unreached,multilingual,221,0.8642,0.8061
p0290,heldout,2,accepted,multilingual,170,1.018,1.045
p0290,heldout,4,rejected,multilingual,170,0.9253,0.8873
p0293,heldout,4,unreached,multilingual,123,0.9818,0.8999
p0288,heldout,2,unreached,multilingual,222,0.842,0.7926
p0288,heldout,3,unreached,multilingual,222,1.001,1.029
p0288,heldout,1,accepted,multilingual,223,1.02,0.9832
p0288,heldout,2,accepted,multilingual,223,0.924,0.9144
p0290,heldout,3,unreached,multilingual,176,0.9054,0.8781
p0294,heldout,2,accepted,multilingual,125,1.272,1.236
p0288,heldout,2,unreached,multilingual,228,0.993,0.9557
p0290,heldout,1,accepted,multilingual,178,0.5686,0.5528
p0295,heldout,2,accepted,multilingual,73,1.285,1.162
p0288,heldout,3,rejected,multilingual,229,1.125,1.155
p0290,heldout,3,unreached,multilingual,180,0.9676,0.9169
p0294,heldout,1,accepted,multilingual,135,1.102,1.038
p0295,heldout,1,accepted,multilingual,78,1.013,0.8443
p0295,heldout,2,accepted,multilingual,78,1.269,1.117
p0295,heldout,3,accepted,multilingual,78,1.23,1.155
p0288,heldout,1,accepted,multilingual,232,0.9717,0.9209
p0288,heldout,4,rejected,multilingual,232,1.206,1.071
p0293,heldout,3,unreached,multilingual,144,1.037,1.004
p0295,heldout,1,accepted,multilingual,83,1.362,1.261
p0290,heldout,3,accepted,multilingual,185,1.028,1.034
p0293,heldout,1,rejected,multilingual,145,0.8332,0.82
p0293,heldout,3,unreached,multilingual,145,1.109,1
p0293,heldout,4,unreached,multilingual,145,1.234,1.145
p0294,heldout,1,accepted,multilingual,141,0.865,0.8439
p0294,heldout,3,unreached,multilingual,141,0.942,0.919
p0295,heldout,3,accepted,multilingual,88,1.154,1.05
p0288,heldout,1,accepted,multilingual,241,0.8988,0.8546
p0288,heldout,4,accepted,multilingual,241,1.209,1.177
p0290,heldout,1,accepted,multilingual,190,0.7272,0.709
p0293,heldout,1,rejected,multilingual,146,0.6502,0.6185
p0293,heldout,2,unreached,multilingual,146,0.9574,0.969
p0294,heldout,2,accepted,multilingual,143,1.15,1.098
p0294,heldout,4,unreached,multilingual,143,0.973,0.8315
p0295,heldout,4,accepted,multilingual,93,1.182,1.164
p0288,heldout,2,rejected,multilingual,246,1.011,0.9663
p0288,heldout,4,unreached,multilingual,246,0.9262,0.8756
p0290,heldout,1,accepted,multilingual,193,0.6977,0.6325
p0290,heldout,4,rejected,multilingual,193,0.8721,0.8697
p0293,heldout,4,accepted,multilingual,147,1.025,1.043
p0294,heldout,4,accepted,multilingual,146,1.009,1.123
p0288,heldout,3,unreached,multilingual,248,1.057,1.08
p0290,heldout,2,rejected,multilingual,197,0.8826,0.8383
p0290,heldout,4,unreached,multilingual,197,0.9424,0.8985
p0293,heldout,1,accepted,multilingual,152,0.9333,0.8844
p0293,heldout,2,accepted,multilingual,152,1.214,1.106
p0294,heldout,1,accepted,multilingual,151,0.6177,0.5114
p0294,heldout,3,accepted,multilingual,151,0.8151,0.715
p0295,heldout,1,accepted,multilingual,99,1.073,1.061
p0295,heldout,3,rejected,multilingual,99,0.937,0.8709
p0288,heldout,3,accepted,multilingual,250,1.003,1.042
p0293,heldout,1,accepted,multilingual,157,0.4509,0.4143
p0294,heldout,2,accepted,multilingual,156,1.049,0.9621
p0294,heldout,4,accepted,multilingual,156,0.7964,0.7511
p0290,heldout,4,accepted,multilingual,202,1.129,1.089
p0294,heldout,1,accepted,multilingual,161,0.7759,0.7195
p0294,heldout,4,accepted,multilingual,161,1.196,1.166
p0295,heldout,1,accepted,multilingual,107,1.161,1.081
p0295,heldout,2,accepted,multilingual,107,1.041,1.017
p0288,heldout,1,accepted,multilingual,257,0.908,0.9241
p0288,heldout,3,accepted,multilingual,257,1.183,1.101
p0294,heldout,3,rejected,multilingual,166,0.7615,0.7158
p0295,heldout,3,unreached,multilingual,110,0.9514,0.8761
p0290,heldout,2,rejected,multilingual,212,1.135,1.075
p0293,heldout,4,unreached,multilingual,170,0.7998,0.7791
p0295,heldout,3,unreached,multilingual,111,0.9636,0.8587
p0290,heldout,2,accepted,multilingual,214,1.144,1.088
p0293,heldout,2,unreached,multilingual,172,0.8558,0.7151
p0293,heldout,3,unreached,multilingual,172,0.7984,0.7201
p0295,heldout,2,accepted,multilingual,113,0.9798,0.8911
p0295,heldout,3,accepted,multilingual,113,0.9673,0.8552
p0295,heldout,4,rejected,multilingual,113,0.9279,0.7716
p0293,heldout,4,unreached,multilingual,173,0.8469,0.776
p0294,heldout,2,accepted,multilingual,176,1.064,0.9756
p0295,heldout,1,accepted,multilingual,117,0.7035,0.5561
p0295,heldout,3,unreached,multilingual,117,0.984,0.8966
p0294,heldout,1,rejected,multilingual,179,0.7624,0.7215
p0294,heldout,2,unreached,multilingual,179,0.9059,0.821
p0290,heldout,1,accepted,multilingual,228,0.7582,0.6823
p0290,heldout,2,accepted,multilingual,228,0.9371,0.8773
p0293,heldout,1,accepted,multilingual,179,0.8871,0.8005
p0293,heldout,3,unreached,multilingual,179,1.02,0.9895
p0294,heldout,2,accepted,multilingual,180,0.9557,0.8915
p0294,heldout,4,accepted,multilingual,180,1.098,0.9589
p0290,heldout,3,accepted,multilingual,231,1.082,0.9808
p0293,heldout,1,accepted,multilingual,181,0.9875,0.9445
p0294,heldout,2,accepted,multilingual,185,0.898,0.8601
p0290,heldout,1,accepted,multilingual,236,1.041,1.047
p0290,heldout,3,accepted,multilingual,236,1.115,1.108
p0293,heldout,3,accepted,multilingual,186,0.8372,0.7602
p0294,heldout,2,accepted,multilingual,190,0.7807,0.72
p0294,heldout,3,rejected,multilingual,190,1.012,1.003
p0294,heldout,4,unreached,multilingual,190,1.17,1.11
p0295,heldout,2,accepted,multilingual,131,1.107,0.972
p0295,heldout,3,accepted,multilingual,131,1.026,0.956
p0290,heldout,1,accepted,multilingual,241,0.9971,0.9027
p0290,heldout,2,accepted,multilingual,241,0.8687,0.8292
p0290,heldout,4,unreached,multilingual,241,0.9825,1.031
p0293,heldout,1,accepted,multilingual,191,1.038,0.8513
p0293,heldout,2,accepted,multilingual,191,0.9398,0.8379
p0293,heldout,4,accepted,multilingual,191,1.055,0.9229
p0294,heldout,2,accepted,multilingual,193,0.9383,0.9146
p0295,heldout,1,accepted,multilingual,135,0.7406,0.6734
p0295,heldout,3,accepted,multilingual,135,0.9207,0.8285
p0290,heldout,4,accepted,multilingual,244,0.9215,0.9196
p0293,heldout,2,accepted,multilingual,196,1.07,0.9515
p0295,heldout,2,rejected,multilingual,143,0.9867,0.8661
p0295,heldout,3,unreached,multilingual,143,1.027,0.9537
p0290,heldout,2,accepted,multilingual,253,0.9543,0.9331
p0290,heldout,3,accepted,multilingual,253,0.8794,0.8417
p0290,heldout,4,accepted,multilingual,258,1.167,1.088
p0293,heldout,1,accepted,multilingual,208,1.248,1.093
p0293,heldout,2,accepted,multilingual,208,1.093,1.094
p0294,heldout,1,accepted,multilingual,209,0.7596,0.6458
p0295,heldout,1,accepted,multilingual,150,0.5312,0.4715
p0295,heldout,2,accepted,multilingual,150,0.8866,0.8287
p0295,heldout,3,accepted,multilingual,150,0.8013,0.7257
p0294,heldout,2,accepted,multilingual,214,0.8863,0.8335
p0295,heldout,1,accepted,multilingual,154,0.8851,0.7607
p0293,heldout,2,accepted,multilingual,217,0.7779,0.686
p0293,heldout,3,accepted,multilingual,217,0.9345,0.8303
p0295,heldout,2,accepted,multilingual,159,1.225,1.107
p0295,heldout,4,accepted,multilingual,159,1.212,1.102
p0293,heldout,1,accepted,multilingual,222,1.132,1.125
p0294,heldout,3,accepted,multilingual,220,1.02,0.9971
p0294,heldout,4,accepted,multilingual,220,0.9166,0.8855
p0295,heldout,3,accepted,multilingual,164,1.041,0.9881
p0293,heldout,3,accepted,multilingual,227,0.8662,0.734
p0295,heldout,1,accepted,multilingual,169,0.8231,0.7071
p0295,heldout,3,accepted,multilingual,169,0.9647,0.8324
p0293,heldout,1,accepted,multilingual,232,1.134,1.084
p0293,heldout,3,rejected,multilingual,232,0.7165,0.673
p0295,heldout,1,accepted,multilingual,174,0.9759,0.7988
p0293,heldout,1,accepted,multilingual,235,0.8139,0.7649
p0294,heldout,3,accepted,multilingual,235,0.9565,0.9643
p0295,heldout,2,accepted,multilingual,177,0.9556,0.7937
p0294,heldout,4,accepted,multilingual,240,1.039,0.9897
p0295,heldout,1,accepted,multilingual,182,1.282,1.087
p0295,heldout,2,accepted,multilingual,182,1.133,1.032
p0295,heldout,3,accepted,multilingual,182,0.994,1.014
p0295,heldout,4,rejected,multilingual,182,0.8151,0.746
p0293,heldout,2,accepted,multilingual,242,1.062,0.9841
p0294,heldout,3,accepted,multilingual,245,1.072,1.052
p0295,heldout,1,accepted,multilingual,186,1.073,0.9923
p0295,heldout,3,accepted,multilingual,186,1.079,1.026
p0295,heldout,4,accepted,multilingual,190,1.064,0.9811
p0293,heldout,2,accepted,multilingual,250,1.06,1.029
p0295,heldout,3,accepted,multilingual,195,1.304,1.173
p0293,heldout,3,unreached,multilingual,254,0.8038,0.6858
p0294,heldout,4,unreached,multilingual,265,0.9442,0.8486
p0295,heldout,2,accepted,multilingual,205,1.157,1.105
p0295,heldout,3,accepted,multilingual,205,1.202,1.066
p0293,heldout,1,accepted,multilingual,258,0.6166,0.5298
p0293,heldout,2,accepted,multilingual,258,0.7459,0.632
p0294,heldout,1,accepted,multilingual,267,0.7308,0.6952
p0294,heldout,2,accepted,multilingual,267,0.8189,0.752
p0295,heldout,3,accepted,multilingual,210,0.9574,0.7929
p0293,heldout,4,unreached,multilingual,261,0.8775,0.8111
p0294,heldout,1,accepted,multilingual,272,0.6921,0.5716
p0293,heldout,3,unreached,multilingual,264,0.82,0.7508
p0293,heldout,1,accepted,multilingual,266,0.8223,0.739
p0293,heldout,4,unreached,multilingual,266,0.8709,0.8303
p0294,heldout,1,accepted,multilingual,280,0.8402,0.787
p0294,heldout,3,accepted,multilingual,280,0.9754,0.9026
p0295,heldout,3,rejected,multilingual,222,0.959,0.829
p0293,heldout,1,rejected,multilingual,269,0.5874,0.4929
p0293,heldout,2,unreached,multilingual,269,0.8572,0.8316
p0294,heldout,1,rejected,multilingual,285,0.8235,0.7491
p0295,heldout,3,accepted,multilingual,225,1.018,0.9236
p0293,heldout,1,accepted,multilingual,270,0.8383,0.8233
p0293,heldout,2,accepted,multilingual,270,0.7987,0.7298
p0294,heldout,1,accepted,multilingual,286,0.9211,0.8425
p0294,heldout,4,unreached,multilingual,288,0.9888,0.9106
p0295,heldout,2,accepted,multilingual,235,0.8783,0.8051
p0293,heldout,1,accepted,multilingual,277,0.7992,0.7671
p0294,heldout,1,rejected,multilingual,291,0.6488,0.5119
p0294,heldout,4,unreached,multilingual,291,0.9655,0.9364
p0295,heldout,1,accepted,multilingual,238,0.7444,0.7057
p0293,heldout,4,unreached,multilingual,279,0.9025,0.8203
p0294,heldout,4,accepted,multilingual,292,1.032,0.9805
p0295,heldout,2,accepted,multilingual,243,0.7286,0.5849
p0293,heldout,3,unreached,multilingual,281,0.8593,0.8052
p0294,heldout,1,accepted,multilingual,297,1.131,1.095
p0294,heldout,2,accepted,multilingual,297,0.885,0.9021
p0293,heldout,4,accepted,multilingual,283,0.9837,0.8812
p0295,heldout,4,rejected,multilingual,253,0.9008,0.7834
p0293,heldout,4,unreached,multilingual,288,0.8044,0.7583
p0293,heldout,2,rejected,multilingual,289,0.7271,0.7065
p0294,heldout,1,accepted,multilingual,312,1.034,1.032
p0295,heldout,3,accepted,multilingual,261,1.107,1.026
p0295,heldout,4,accepted,multilingual,261,1.08,1.005
p0293,heldout,1,accepted,multilingual,291,0.5628,0.4953
p0293,heldout,2,accepted,multilingual,291,0.6694,0.637
p0293,heldout,4,accepted,multilingual,291,0.7141,0.6113
p0294,heldout,4,unreached,multilingual,317,1.095,1.014
p0295,heldout,1,accepted,multilingual,266,0.7062,0.5975
p0293,heldout,2,accepted,multilingual,296,0.747,0.7274
p0294,heldout,1,accepted,multilingual,319,0.8798,0.8403
p0295,heldout,2,accepted,multilingual,271,1.116,1.095
p0294,heldout,2,accepted,multilingual,324,0.9115,0.8408
p0294,heldout,3,accepted,multilingual,324,1.029,0.9618
p0295,heldout,1,accepted,multilingual,276,0.9355,0.7878
p0295,heldout,2,accepted,multilingual,276,1.134,1.008
p0293,heldout,2,unreached,multilingual,302,0.9346,0.7904
p0294,heldout,4,accepted,multilingual,329,1.015,1.015
p0295,heldout,1,accepted,multilingual,281,0.8024,0.6735
p0295,heldout,2,accepted,multilingual,281,1.028,0.8748
p0295,heldout,4,accepted,multilingual,281,1.055,0.958
p0293,heldout,3,accepted,multilingual,303,1.135,0.9963
p0295,heldout,3,accepted,multilingual,291,0.9442,0.818
p0294,heldout,4,accepted,multilingual,344,1.109,1.022
p0293,heldout,1,accepted,multilingual,311,0.8733,0.7556
p0295,heldout,3,accepted,multilingual,298,1.168,1.11
p0293,heldout,2,unreached,multilingual,314,0.9082,0.7988
p0293,heldout,4,unreached,multilingual,314,0.8521,0.7861
p0294,heldout,1,accepted,multilingual,354,0.8121,0.8171
p0294,heldout,2,accepted,multilingual,354,0.932,0.9142
p0294,heldout,3,accepted,multilingual,354,1.044,1.043
p0294,heldout,4,accepted,multilingual,354,1.151,1.09
p0295,heldout,2,accepted,multilingual,303,1.268,1.133
p0295,heldout,4,accepted,multilingual,303,1.304,1.159
p0293,heldout,4,accepted,multilingual,315,1.025,0.9402
p0294,heldout,4,rejected,multilingual,359,0.9592,0.8019
p0295,heldout,4,accepted,multilingual,308,1.175,1.147
p0293,heldout,2,accepted,multilingual,320,0.805,0.6961
p0295,heldout,4,accepted,multilingual,313,0.926,0.8792
p0294,heldout,1,accepted,multilingual,367,0.7706,0.8881
p0295,heldout,3,accepted,multilingual,318,1.216,1.077
p0293,heldout,1,accepted,multilingual,330,0.5445,0.5147
p0293,heldout,3,accepted,multilingual,330,1.09,0.9998
p0294,heldout,1,accepted,multilingual,372,1.026,0.9321
p0294,heldout,2,accepted,multilingual,372,0.9298,0.8114
p0294,heldout,4,rejected,multilingual,372,1.144,1.059
p0293,heldout,2,unreached,multilingual,334,0.7887,0.7025
p0293,heldout,4,unreached,multilingual,334,0.8333,0.8136
p0295,heldout,3,accepted,multilingual,326,0.8291,0.6852
p0293,heldout,2,rejected,multilingual,335,0.8036,0.7966
p0294,heldout,1,accepted,multilingual,381,0.7786,0.662
p0295,heldout,1,accepted,multilingual,331,0.925,0.8115
p0295,heldout,2,accepted,multilingual,331,1.072,0.9885
p0294,heldout,4,rejected,multilingual,383,0.9796,0.9318
p0294,heldout,1,accepted,multilingual,387,1.094,1.07
p0293,heldout,2,accepted,multilingual,343,0.7427,0.6122
p0294,heldout,3,accepted,multilingual,392,0.8493,0.7009
p0295,heldout,3,unreached,multilingual,345,1.031,0.9363
p0295,heldout,4,unreached,multilingual,345,1.058,0.8854
p0293,heldout,3,unreached,multilingual,347,0.9939,0.9486
p0294,heldout,1,rejected,multilingual,396,0.7241,0.6617
p0294,heldout,3,unreached,multilingual,396,0.8083,0.669
p0295,heldout,1,accepted,multilingual,347,0.9217,0.7838
p0295,heldout,4,accepted,multilingual,347,0.9981,0.9096
p0293,heldout,3,accepted,multilingual,348,0.7555,0.7081
p0294,heldout,1,accepted,multilingual,397,0.8194,0.7175
p0294,heldout,3,accepted,multilingual,397,0.8435,0.7458
p0293,heldout,1,accepted,multilingual,353,0.8387,0.856
p0293,heldout,2,accepted,multilingual,353,0.968,1.001
p0293,heldout,3,accepted,multilingual,353,0.8789,0.8215
p0294,heldout,1,accepted,multilingual,402,0.7418,0.7415
p0295,heldout,3,accepted,multilingual,357,1.274,1.232
p0293,heldout,2,unreached,multilingual,358,0.961,0.8765
p0293,heldout,4,unreached,multilingual,358,0.9929,0.9468
p0294,heldout,2,accepted,multilingual,407,0.8984,0.7914
p0294,heldout,1,accepted,multilingual,412,0.7884,0.7737
p0295,heldout,3,accepted,multilingual,367,1.121,1.063
p0295,heldout,4,accepted,multilingual,367,1.235,1.179
p0294,heldout,2,unreached,multilingual,417,1.146,1.161
p0294,heldout,3,unreached,multilingual,417,1.241,1.196
p0293,heldout,1,accepted,multilingual,369,1.015,0.8535
p0293,heldout,2,accepted,multilingual,369,0.8701,0.7393
p0294,heldout,1,accepted,multilingual,418,0.8406,0.7968
p0294,heldout,4,accepted,multilingual,418,0.8551,0.7727
p0295,heldout,2,accepted,multilingual,377,1.069,0.9273
p0293,heldout,2,accepted,multilingual,372,0.8824,0.8287
p0294,heldout,2,accepted,multilingual,423,1.148,1.015
p0295,heldout,2,accepted,multilingual,382,1.124,0.9615
p0295,heldout,3,accepted,multilingual,382,1.128,0.9907
p0293,heldout,3,accepted,multilingual,376,1.078,1.059
p0294,heldout,4,accepted,multilingual,428,1.246,1.191
p0293,heldout,1,accepted,multilingual,381,0.4557,0.4095
p0293,heldout,3,unreached,multilingual,381,0.8172,0.7503
p0294,heldout,4,unreached,multilingual,433,0.989,0.9031
p0295,heldout,3,accepted,multilingual,392,1.231,1.065
p0293,heldout,3,accepted,multilingual,383,0.8029,0.8206
p0293,heldout,4,accepted,multilingual,383,0.8038,0.7761
p0294,heldout,2,unreached,multilingual,436,0.7967,0.7653
p0294,heldout,4,accepted,multilingual,437,0.9803,0.88
p0295,heldout,2,accepted,multilingual,401,0.8544,0.7979
p0295,heldout,4,unreached,multilingual,401,0.9734,0.8873
p0295,heldout,2,accepted,multilingual,404,0.9379,0.787
p0295,heldout,4,accepted,multilingual,404,1.06,0.9957
p0293,heldout,1,accepted,multilingual,398,0.7964,0.8024
p0294,heldout,2,accepted,multilingual,447,0.9386,0.8603
p0295,heldout,2,accepted,multilingual,409,1.166,1.139
p0293,heldout,2,accepted,multilingual,402,0.8108,0.7462
p0293,heldout,4,accepted,multilingual,402,1.172,1.05
p0295,heldout,1,accepted,multilingual,414,0.549,0.5244
p0295,heldout,4,unreached,multilingual,414,0.9508,0.8923
p0293,heldout,4,unreached,multilingual,407,0.9941,0.8852
p0295,heldout,4,unreached,multilingual,417,0.9786,1.003
p0293,heldout,1,accepted,multilingual,410,0.821,0.7867
p0293,heldout,2,rejected,multilingual,410,0.8893,0.8657
p0294,heldout,1,rejected,multilingual,455,0.7403,0.6544
p0294,heldout,3,unreached,multilingual,455,0.7962,0.6688
p0295,heldout,2,accepted,multilingual,419,0.8541,0.7767
p0293,heldout,1,accepted,multilingual,412,0.8623,0.7847
p0293,heldout,2,accepted,multilingual,412,0.903,0.7717
p0294,heldout,4,unreached,multilingual,456,0.8049,0.727
p0295,heldout,1,accepted,multilingual,424,1.083,0.9564
p0293,heldout,4,unreached,multilingual,417,0.785,0.7435
p0294,heldout,2,accepted,multilingual,458,0.7412,0.6341
p0294,heldout,4,unreached,multilingual,458,0.969,0.8178
p0295,heldout,2,accepted,multilingual,434,1.262,1.114
p0293,heldout,3,accepted,multilingual,421,1.107,1.091
p0295,heldout,3,rejected,multilingual,438,0.8811,0.7393
p0293,heldout,4,accepted,multilingual,426,0.791,0.7233
p0293,heldout,4,unreached,multilingual,431,0.9403,0.8654
p0294,heldout,2,accepted,multilingual,476,0.9592,0.8418
p0295,heldout,3,unreached,multilingual,446,0.8296,0.7079
p0295,heldout,4,unreached,multilingual,446,0.9011,0.7622
p0293,heldout,2,accepted,multilingual,433,0.9898,0.988
p0293,heldout,4,accepted,multilingual,433,0.9709,0.9735
p0294,heldout,4,accepted,multilingual,481,1.215,1.215
p0294,heldout,2,rejected,multilingual,486,0.8207,0.7599
p0294,heldout,4,unreached,multilingual,486,0.8148,0.7876
p0295,heldout,2,accepted,multilingual,452,1.05,0.9176
p0295,heldout,4,accepted,multilingual,452,1.109,0.9463
p0294,heldout,1,accepted,multilingual,488,0.6919,0.6524
p0294,heldout,3,accepted,multilingual,488,1.014,0.9358
p0294,heldout,2,rejected,multilingual,492,0.7704,0.6779
p0300,heldout,1,accepted,multilingual,84,0.9379,0.922
p0294,heldout,2,unreached,multilingual,494,0.7982,0.7562
p0300,heldout,2,accepted,multilingual,88,0.873,0.8655
p0300,heldout,4,unreached,multilingual,88,0.999,0.998
p0301,heldout,1,accepted,multilingual,93,1.108,1.075
p0301,heldout,3,rejected,multilingual,93,1.019,1.033
p0294,heldout,2,accepted,multilingual,495,0.7571,0.6442
p0301,heldout,2,accepted,multilingual,96,1.057,1.026
p0301,heldout,4,accepted,multilingual,96,1.057,1.082
p0293,heldout,2,accepted,multilingual,454,0.7722,0.6874
p0300,heldout,3,unreached,multilingual,92,0.9192,0.8986
p0301,heldout,1,accepted,multilingual,101,0.7319,0.7446
p0293,heldout,1,accepted,multilingual,457,0.7744,0.6982
p0301,heldout,3,unreached,multilingual,106,1.011,1.01
p0301,heldout,4,unreached,multilingual,106,1.066,1.03
p0293,heldout,3,unreached,multilingual,460,0.786,0.6876
p0301,heldout,3,accepted,multilingual,108,1.137,1.107
p0300,heldout,1,accepted,multilingual,95,0.745,0.7324
p0300,heldout,2,accepted,multilingual,95,1.183,1.107
p0301,heldout,1,rejected,multilingual,113,0.7995,0.8225
p0301,heldout,1,accepted,multilingual,114,0.964,0.9525
p0300,heldout,1,accepted,multilingual,100,0.8347,0.8124
p0301,heldout,3,rejected,multilingual,116,1.013,1.059
p0293,heldout,1,accepted,multilingual,469,0.7722,0.6716
p0300,heldout,1,accepted,multilingual,103,0.7666,0.7808
p0300,heldout,3,rejected,multilingual,103,0.8985,0.9234
p0300,heldout,4,unreached,multilingual,103,0.955,0.994
p0293,heldout,4,unreached,multilingual,472,0.9022,0.8072
p0300,heldout,4,accepted,multilingual,106,0.926,0.94
p0301,heldout,2,accepted,multilingual,120,1.039,1.009
p0301,heldout,3,accepted,multilingual,120,1.022,0.995
p0301,heldout,4,accepted,multilingual,120,0.959,0.9452
p0301,heldout,1,accepted,multilingual,125,0.8713,0.9135
p0301,heldout,3,accepted,multilingual,125,1.083,1.098
p0300,heldout,1,accepted,multilingual,115,0.7365,0.8085
p0300,heldout,2,accepted,multilingual,115,1.016,0.9877
p0300,heldout,3,accepted,multilingual,115,0.9236,0.8836
p0301,heldout,4,accepted,multilingual,130,0.8896,0.9287
p0300,heldout,2,rejected,multilingual,119,0.861,0.8732
p0301,heldout,1,accepted,multilingual,135,1.043,1.016
p0301,heldout,2,accepted,multilingual,135,1.064,1.027
p0301,heldout,2,accepted,multilingual,139,1.075,1.05
p0303,heldout,1,rejected,multilingual,154,0.8125,0.7878
p0303,heldout,3,unreached,multilingual,154,0.8753,0.8752
p0304,heldout,1,accepted,multilingual,124,1.249,1.165
p0304,heldout,2,accepted,multilingual,124,1.279,1.132
p0304,heldout,3,accepted,multilingual,124,1.254,1.103
p0300,heldout,4,accepted,multilingual,122,0.8125,0.8484
p0304,heldout,4,rejected,multilingual,129,1.191,1.057
p0300,heldout,2,accepted,multilingual,127,1.059,1.061
p0301,heldout,1,accepted,multilingual,147,0.7336,0.7204
p0303,heldout,2,accepted,multilingual,157,1.087,1.043
p0303,heldout,3,accepted,multilingual,157,1.075,1.038
p0304,heldout,3,accepted,multilingual,133,1.293,1.278
p0300,heldout,3,accepted,multilingual,132,1.051,1.049
p0301,heldout,2,accepted,multilingual,152,1.012,0.9503
p0301,heldout,3,accepted,multilingual,152,0.9266,0.929
p0303,heldout,2,unreached,multilingual,162,0.9316,0.9326
p0303,heldout,4,unreached,multilingual,162,0.9997,0.9936
p0305,heldout,1,accepted,multilingual,159,1.027,0.9577
p0300,heldout,3,unreached,multilingual,136,0.8883,0.8863
p0300,heldout,4,unreached,multilingual,136,0.8615,0.8237
p0301,heldout,1,accepted,multilingual,157,0.9665,0.9336
p0301,heldout,3,accepted,multilingual,157,0.8721,0.8605
p0303,heldout,2,accepted,multilingual,163,1.044,1.029
p0304,heldout,2,accepted,multilingual,143,1.282,1.232
p0304,heldout,3,accepted,multilingual,143,1.278,1.247
p0305,heldout,2,unreached,multilingual,161,1.027,1.007
p0300,heldout,3,rejected,multilingual,137,0.9367,0.9173
p0301,heldout,2,accepted,multilingual,161,1.235,1.14
p0303,heldout,1,accepted,multilingual,166,0.7878,0.7667
p0303,heldout,2,accepted,multilingual,166,0.8947,0.8816
p0303,heldout,3,rejected,multilingual,166,0.9011,0.8867
p0304,heldout,1,accepted,multilingual,148,0.5781,0.5125
p0304,heldout,4,unreached,multilingual,148,1.144,1.092
p0305,heldout,2,rejected,multilingual,162,1.095,0.9938
p0301,heldout,1,accepted,multilingual,166,1.165,1.056
p0304,heldout,1,accepted,multilingual,150,1.089,1.055
p0300,heldout,1,rejected,multilingual,142,0.8593,0.8273
p0301,heldout,3,accepted,multilingual,170,0.9334,0.9796
p0303,heldout,1,accepted,multilingual,170,1.155,1.081
p0303,heldout,4,unreached,multilingual,170,0.8709,0.8663
p0305,heldout,2,rejected,multilingual,166,0.9916,0.9402
p0301,heldout,2,accepted,multilingual,175,0.8754,0.8848
p0303,heldout,1,accepted,multilingual,172,1.076,1.052
p0304,heldout,2,accepted,multilingual,155,0.9269,0.8803
p0304,heldout,3,accepted,multilingual,155,1.189,1.146
p0305,heldout,2,accepted,multilingual,168,1.161,1.174
p0305,heldout,3,accepted,multilingual,168,1.141,1.047
p0303,heldout,4,unreached,multilingual,175,0.928,0.9863
p0304,heldout,1,accepted,multilingual,160,0.7259,0.6701
p0304,heldout,2,accepted,multilingual,160,0.5651,0.5229
p0304,heldout,3,accepted,multilingual,160,0.9887,0.9068
p0305,heldout,1,rejected,multilingual,172,1.067,1.067
p0300,heldout,3,unreached,multilingual,149,0.9168,0.9402
p0301,heldout,2,accepted,multilingual,181,0.9842,0.9666
p0303,heldout,1,accepted,multilingual,176,0.7976,0.7762
p0303,heldout,3,accepted,multilingual,176,0.9074,0.9937
p0303,heldout,4,rejected,multilingual,176,0.9191,0.9356
p0304,heldout,2,accepted,multilingual,164,0.8632,0.7771
p0304,heldout,3,accepted,multilingual,164,1.093,1.066
p0305,heldout,4,unreached,multilingual,173,1.01,0.9713
p0300,heldout,1,rejected,multilingual,151,0.7027,0.6724
p0301,heldout,3,accepted,multilingual,185,0.9565,0.9574
p0303,heldout,2,unreached,multilingual,180,1.035,1.01
p0304,heldout,2,accepted,multilingual,169,0.9936,0.9823
p0305,heldout,1,rejected,multilingual,174,0.9527,0.8775
p0300,heldout,1,rejected,multilingual,152,0.7246,0.7077
p0300,heldout,3,unreached,multilingual,152,0.8302,0.816
p0301,heldout,1,accepted,multilingual,190,0.6359,0.5948
p0304,heldout,2,unreached,multilingual,172,0.8682,0.8316
p0300,heldout,1,accepted,multilingual,153,1.034,1.013
p0304,heldout,2,unreached,multilingual,173,0.9234,0.9535
p0305,heldout,2,rejected,multilingual,180,0.9375,0.8501
p0305,heldout,3,unreached,multilingual,180,0.9585,0.9278
p0305,heldout,4,unreached,multilingual,180,0.9549,0.9123
p0301,heldout,1,accepted,multilingual,200,0.9994,0.8755
p0301,heldout,3,accepted,multilingual,200,1.225,1.144
p0301,heldout,4,accepted,multilingual,200,1.263,1.2
p0303,heldout,4,accepted,multilingual,185,0.9964,0.9834
p0305,heldout,2,accepted,multilingual,182,1.131,1.081
p0305,heldout,3,rejected,multilingual,182,0.9449,0.85
p0301,heldout,4,unreached,multilingual,205,1.137,1.105
p0303,heldout,1,accepted,multilingual,190,0.8783,0.8281
p0303,heldout,3,rejected,multilingual,190,0.966,1.013
p0305,heldout,2,accepted,multilingual,185,1.018,1.009
p0305,heldout,3,rejected,multilingual,185,1.11,1.095
p0306,heldout,2,accepted,multilingual,60,1.279,1.129
p0306,heldout,3,accepted,multilingual,60,1.253,1.097
p0301,heldout,1,accepted,multilingual,208,1.188,1.129
p0305,heldout,2,accepted,multilingual,188,1.058,1.014
p0305,heldout,4,accepted,multilingual,188,0.9892,0.9529
p0300,heldout,2,rejected,multilingual,164,0.8339,0.8441
p0300,heldout,4,unreached,multilingual,164,1.029,1.022
p0303,heldout,2,accepted,multilingual,198,1.009,0.9847
p0305,heldout,3,rejected,multilingual,193,0.9339,0.8746
p0303,heldout,1,accepted,multilingual,202,0.9177,0.8486
p0304,heldout,1,accepted,multilingual,193,0.7888,0.7724
p0304,heldout,3,rejected,multilingual,193,0.8103,0.7332
p0306,heldout,1,accepted,multilingual,74,1.063,1.031
p0301,heldout,2,rejected,multilingual,223,0.9923,1.028
p0304,heldout,2,accepted,multilingual,196,0.8458,0.7309
p0304,heldout,3,accepted,multilingual,196,0.7894,0.7307
p0306,heldout,1,accepted,multilingual,79,0.9583,0.8962
p0306,heldout,2,accepted,multilingual,79,1.262,1.195
p0306,heldout,3,accepted,multilingual,79,1.282,1.253
p0305,heldout,1,accepted,multilingual,204,1.076,1.009
p0305,heldout,3,rejected,multilingual,204,0.8826,0.8273
p0306,heldout,2,accepted,multilingual,84,0.5799,0.5617
p0300,heldout,1,accepted,multilingual,173,0.8229,0.8048
p0300,heldout,2,accepted,multilingual,173,0.8478,0.8213
p0300,heldout,3,rejected,multilingual,173,0.8419,0.8013
p0300,heldout,4,unreached,multilingual,173,0.9208,0.9169
p0301,heldout,1,accepted,multilingual,228,0.8503,0.8112
p0301,heldout,3,accepted,multilingual,228,0.9522,0.9498
p0303,heldout,1,accepted,multilingual,209,0.79,0.7773
p0303,heldout,4,accepted,multilingual,209,0.9443,0.9912
p0304,heldout,3,rejected,multilingual,205,0.7716,0.6882
p0306,heldout,1,accepted,multilingual,89,0.8945,0.7957
p0300,heldout,1,accepted,multilingual,176,0.8144,0.8109
p0300,heldout,3,rejected,multilingual,176,0.9231,0.92
p0301,heldout,1,accepted,multilingual,233,1.029,0.9504
p0301,heldout,2,accepted,multilingual,233,0.9627,0.9281
p0303,heldout,2,accepted,multilingual,214,0.9693,1.004
p0303,heldout,4,unreached,multilingual,214,0.8934,0.8932
p0304,heldout,1,rejected,multilingual,208,0.7445,0.6934
p0304,heldout,3,unreached,multilingual,208,0.8232,0.7411
p0300,heldout,2,accepted,multilingual,179,0.8821,0.8233
p0301,heldout,1,accepted,multilingual,238,1.029,0.94
p0301,heldout,3,accepted,multilingual,238,1.223,1.152
p0303,heldout,3,rejected,multilingual,217,0.969,1.006
p0304,heldout,1,accepted,multilingual,209,0.8333,0.8399
p0304,heldout,2,accepted,multilingual,209,0.6982,0.5932
p0305,heldout,3,accepted,multilingual,212,1.045,0.983
p0306,heldout,4,unreached,multilingual,95,0.8909,0.8753
p0300,heldout,2,accepted,multilingual,183,0.9463,0.9262
p0300,heldout,3,rejected,multilingual,183,0.9542,0.948
p0304,heldout,1,accepted,multilingual,214,0.6788,0.597
p0305,heldout,1,accepted,multilingual,216,0.8496,0.7713
p0305,heldout,2,accepted,multilingual,216,0.9754,0.938
p0300,heldout,1,accepted,multilingual,186,0.9011,0.9209
p0300,heldout,2,accepted,multilingual,186,1.091,1.07
p0300,heldout,4,accepted,multilingual,186,0.9766,0.9755
p0301,heldout,2,accepted,multilingual,248,1.097,1.091
p0304,heldout,1,accepted,multilingual,219,0.7502,0.6703
p0304,heldout,3,unreached,multilingual,219,0.7316,0.6138
p0305,heldout,1,accepted,multilingual,221,0.8142,0.7909
p0305,heldout,2,accepted,multilingual,221,0.8742,0.8661
p0306,heldout,2,accepted,multilingual,101,0.5529,0.4907
p0306,heldout,3,accepted,multilingual,101,0.908,0.7968
p0300,heldout,3,rejected,multilingual,191,0.9234,0.9277
p0301,heldout,3,rejected,multilingual,253,0.8985,0.906
p0303,heldout,1,accepted,multilingual,228,1.048,1.042
p0303,heldout,2,accepted,multilingual,228,1.093,1.066
p0303,heldout,3,rejected,multilingual,228,1.014,0.9877
p0305,heldout,4,unreached,multilingual,226,1.01,0.984
p0306,heldout,1,accepted,multilingual,105,0.7827,0.6481
p0306,heldout,4,accepted,multilingual,105,0.9561,0.8592
p0301,heldout,1,accepted,multilingual,256,0.7015,0.6949
p0301,heldout,3,accepted,multilingual,256,1.139,1.133
p0301,heldout,4,rejected,multilingual,256,0.8564,0.8939
p0303,heldout,2,accepted,multilingual,231,0.7952,0.8456
p0304,heldout,3,accepted,multilingual,226,0.9848,0.9202
p0305,heldout,1,accepted,multilingual,229,0.745,0.6939
p0300,heldout,1,accepted,multilingual,196,0.9885,0.9689
p0300,heldout,2,accepted,multilingual,196,0.9995,0.9564
p0304,heldout,3,accepted,multilingual,231,1.209,1.13
p0306,heldout,3,unreached,multilingual,111,1.324,1.247
p0300,heldout,2,rejected,multilingual,199,0.9556,0.9694
p0301,heldout,1,accepted,multilingual,264,0.9523,0.9093
p0301,heldout,2,accepted,multilingual,264,0.9749,0.9812
p0303,heldout,3,unreached,multilingual,237,0.9041,0.8985
p0303,heldout,4,unreached,multilingual,237,0.9353,0.9247
p0305,heldout,1,accepted,multilingual,236,0.9519,0.9511
p0300,heldout,3,accepted,multilingual,201,1.102,1.061
p0300,heldout,4,accepted,multilingual,201,0.8564,0.828
p0301,heldout,1,accepted,multilingual,269,0.9221,0.9155
p0301,heldout,4,accepted,multilingual,269,1.028,0.907
p0304,heldout,4,accepted,multilingual,241,1.203,1.074
p0305,heldout,3,accepted,multilingual,239,0.885,0.8762
p0306,heldout,1,accepted,multilingual,117,0.6967,0.628
p0300,heldout,1,accepted,multilingual,206,0.6995,0.6895
p0300,heldout,2,accepted,multilingual,206,0.7725,0.7765
p0303,heldout,3,accepted,multilingual,241,0.9667,1.036
p0304,heldout,4,accepted,multilingual,246,1.14,1.092
p0305,heldout,4,unreached,multilingual,244,0.8879,0.8747
p0306,heldout,3,accepted,multilingual,121,0.8347,0.7324
p0300,heldout,1,accepted,multilingual,209,0.8051,0.7942
p0300,heldout,2,accepted,multilingual,209,0.8401,0.8151
p0300,heldout,4,unreached,multilingual,209,0.8925,0.9009
p0303,heldout,1,accepted,multilingual,245,0.9325,0.9445
p0304,heldout,2,accepted,multilingual,251,0.8906,0.7649
p0305,heldout,1,accepted,multilingual,246,0.9489,0.8967
p0306,heldout,1,accepted,multilingual,126,1.232,1.059
p0306,heldout,4,accepted,multilingual,126,0.8546,0.7594
p0300,heldout,3,rejected,multilingual,212,0.8012,0.8546
p0301,heldout,3,accepted,multilingual,284,1.099,1.01
p0304,heldout,1,accepted,multilingual,255,0.6939,0.5827
p0304,heldout,4,unreached,multilingual,255,0.7972,0.6996
p0305,heldout,2,rejected,multilingual,251,0.9955,0.8858
p0305,heldout,4,unreached,multilingual,251,1.102,1.038
p0306,heldout,2,accepted,multilingual,131,0.9626,0.8402
p0301,heldout,2,accepted,multilingual,289,0.8251,0.8298
p0303,heldout,2,unreached,multilingual,252,0.8191,0.8049
p0303,heldout,3,unreached,multilingual,252,1.091,1.102
p0304,heldout,1,accepted,multilingual,258,0.7295,0.6415
p0304,heldout,2,accepted,multilingual,258,0.8638,0.72
p0304,heldout,4,rejected,multilingual,258,1.159,1.085
p0306,heldout,1,accepted,multilingual,135,0.664,0.6259
p0306,heldout,3,rejected,multilingual,135,0.9622,0.8372
p0300,heldout,3,unreached,multilingual,220,0.921,0.9064
p0301,heldout,1,accepted,multilingual,294,0.8722,0.8353
p0301,heldout,2,accepted,multilingual,294,0.9684,0.988
p0305,heldout,1,accepted,multilingual,254,1.002,0.9742
p0305,heldout,3,unreached,multilingual,254,1.006,0.9007
p0306,heldout,2,accepted,multilingual,138,0.8117,0.6853
p0306,heldout,4,accepted,multilingual,138,0.9353,0.8171
p0301,heldout,2,accepted,multilingual,299,0.9335,0.8857
p0303,heldout,2,unreached,multilingual,258,0.818,0.8199
p0304,heldout,2,accepted,multilingual,267,1.1,1.027
p0304,heldout,3,accepted,multilingual,267,1.235,1.194
p0300,heldout,2,unreached,multilingual,223,0.8412,0.858
p0301,heldout,3,accepted,multilingual,304,1.177,1.114
p0303,heldout,1,accepted,multilingual,259,0.8051,0.8116
p0304,heldout,1,accepted,multilingual,272,0.8777,0.7572
p0306,heldout,4,accepted,multilingual,147,0.986,0.9224
p0300,heldout,1,accepted,multilingual,224,0.8113,0.8374
p0300,heldout,3,unreached,multilingual,224,1.031,1.067
p0300,heldout,4,unreached,multilingual,224,1.132,1.128
p0305,heldout,2,accepted,multilingual,259,0.9542,0.9241
p0305,heldout,3,accepted,multilingual,259,1.088,1.077
p0306,heldout,1,accepted,multilingual,152,1.142,1.092
p0303,heldout,1,accepted,multilingual,269,0.8874,0.8558
p0303,heldout,3,accepted,multilingual,269,1.089,1.06
p0304,heldout,2,rejected,multilingual,282,1.258,1.178
p0305,heldout,1,accepted,multilingual,264,0.9235,0.9115
p0305,heldout,2,rejected,multilingual,264,0.86,0.7531
p0305,heldout,4,unreached,multilingual,264,0.9891,0.8786
p0306,heldout,1,accepted,multilingual,157,1.029,1.02
p0306,heldout,4,accepted,multilingual,157,0.8277,0.8565
p0303,heldout,1,accepted,multilingual,274,0.9469,0.9367
p0303,heldout,4,rejected,multilingual,274,0.7423,0.7941
p0304,heldout,2,accepted,multilingual,284,1.092,0.9971
p0305,heldout,3,unreached,multilingual,266,1.024,0.9458
p0305,heldout,4,unreached,multilingual,266,1.02,1.005
p0306,heldout,3,accepted,multilingual,162,0.8058,0.7017
p0306,heldout,4,accepted,multilingual,162,0.9572,0.8725
p0300,heldout,4,accepted,multilingual,232,0.921,0.904
p0303,heldout,4,unreached,multilingual,278,1.07,1.035
p0304,heldout,1,accepted,multilingual,288,0.5001,0.473
p0304,heldout,4,unreached,multilingual,288,0.9372,0.8998
p0305,heldout,2,rejected,multilingual,268,0.9795,0.9583
p0306,heldout,2,accepted,multilingual,167,0.7632,0.7394
p0306,heldout,3,accepted,multilingual,167,0.9549,0.9916
p0306,heldout,4,accepted,multilingual,167,0.897,0.8466
p0303,heldout,1,rejected,multilingual,280,0.7921,0.7984
p0304,heldout,4,unreached,multilingual,290,1.059,1.071
p0305,heldout,2,rejected,multilingual,270,0.9884,0.8885
p0306,heldout,4,accepted,multilingual,172,1.086,0.9986
p0300,heldout,2,accepted,multilingual,242,1.058,1.029
p0300,heldout,4,accepted,multilingual,242,0.9546,0.955
p0303,heldout,2,accepted,multilingual,281,0.8642,0.8201
p0304,heldout,2,accepted,multilingual,291,0.9352,0.8755
p0305,heldout,1,rejected,multilingual,272,0.9454,0.9218
p0306,heldout,1,accepted,multilingual,177,0.9599,0.8714
p0300,heldout,4,accepted,multilingual,247,1.138,1.097
p0303,heldout,2,rejected,multilingual,286,1.201,1.103
p0303,heldout,4,unreached,multilingual,286,1.07,1.054
p0304,heldout,4,accepted,multilingual,296,1.107,1.124
p0305,heldout,2,rejected,multilingual,273,0.8666,0.7977
p0305,heldout,3,unreached,multilingual,273,0.9521,0.9222
p0306,heldout,4,accepted,multilingual,181,1.066,0.9478
p0300,heldout,2,unreached,multilingual,252,0.863,0.8891
p0303,heldout,4,rejected,multilingual,288,1.087,1.056
p0304,heldout,3,rejected,multilingual,301,0.9037,0.8385
p0305,heldout,3,accepted,multilingual,275,0.9572,0.8365
p0305,heldout,4,accepted,multilingual,275,0.9671,0.9617
p0306,heldout,2,accepted,multilingual,186,1.092,1.19
p0306,heldout,4,accepted,multilingual,186,0.9802,1.018
p0303,heldout,1,accepted,multilingual,292,0.7033,0.6614
p0303,heldout,4,unreached,multilingual,292,1.008,1.068
p0304,heldout,4,accepted,multilingual,304,0.9581,0.8584
p0306,heldout,2,accepted,multilingual,191,1.145,1.059
p0303,heldout,1,accepted,multilingual,295,0.9521,0.9208
p0303,heldout,2,accepted,multilingual,295,1.061,1.037
p0304,heldout,3,accepted,multilingual,309,1.019,1.053
p0305,heldout,2,accepted,multilingual,285,0.6409,0.5952
p0306,heldout,3,accepted,multilingual,196,1.064,1.004
p0306,heldout,4,accepted,multilingual,196,0.9916,0.8945
p0300,heldout,4,unreached,multilingual,256,0.9379,0.9706
p0303,heldout,2,accepted,multilingual,300,1.137,1.111
p0304,heldout,3,accepted,multilingual,313,0.8888,0.7982
p0300,heldout,1,accepted,multilingual,257,0.8981,0.9363
p0300,heldout,4,unreached,multilingual,257,0.9178,0.8939
p0304,heldout,2,accepted,multilingual,318,1.054,0.9557
p0305,heldout,1,accepted,multilingual,290,1.093,1.049
p0306,heldout,4,unreached,multilingual,206,0.8863,0.8429
p0300,heldout,1,rejected,multilingual,260,0.7945,0.7855
p0300,heldout,2,unreached,multilingual,260,0.837,0.8106
p0300,heldout,3,unreached,multilingual,260,0.9353,0.9658
p0303,heldout,2,accepted,multilingual,310,0.7536,0.7664
p0304,heldout,2,accepted,multilingual,323,1.048,0.9984
p0304,heldout,3,accepted,multilingual,323,0.865,0.8571
p0305,heldout,2,accepted,multilingual,292,0.9156,0.8744
p0306,heldout,2,accepted,multilingual,208,0.9004,0.8227
p0306,heldout,4,accepted,multilingual,208,1.035,1.041
p0303,heldout,1,accepted,multilingual,313,0.8126,0.824
p0303,heldout,2,accepted,multilingual,313,0.9852,0.978
p0303,heldout,3,accepted,multilingual,313,1.013,0.9767
p0304,heldout,1,accepted,multilingual,327,0.898,0.909
p0305,heldout,2,unreached,multilingual,297,0.9274,0.9238
p0305,heldout,3,unreached,multilingual,297,0.9384,0.9151
p0306,heldout,4,accepted,multilingual,213,1.082,1.062
p0303,heldout,3,unreached,multilingual,317,0.9824,0.9642
p0304,heldout,1,accepted,multilingual,331,0.7688,0.6494
p0304,heldout,4,unreached,multilingual,331,1.042,1.018
p0305,heldout,2,rejected,multilingual,298,0.9924,0.8921
p0305,heldout,4,unreached,multilingual,298,0.9652,0.938
p0306,heldout,2,accepted,multilingual,218,1.245,1.136
p0300,heldout,2,rejected,multilingual,266,0.8236,0.8421
p0306,heldout,1,rejected,multilingual,223,0.8502,0.7713
p0300,heldout,3,unreached,multilingual,268,1.099,1.007
p0303,heldout,1,accepted,multilingual,322,0.8558,0.8227
p0303,heldout,3,accepted,multilingual,322,0.9148,0.9784
p0303,heldout,4,accepted,multilingual,322,1.027,0.9918
p0304,heldout,2,accepted,multilingual,336,1.05,0.9515
p0305,heldout,2,accepted,multilingual,301,0.8351,0.8161
p0305,heldout,3,accepted,multilingual,301,0.9743,0.9175
p0306,heldout,1,rejected,multilingual,224,0.9779,0.995
p0300,heldout,1,accepted,multilingual,269,0.8421,0.8375
p0300,heldout,4,accepted,multilingual,269,1.153,1.08
p0303,heldout,2,accepted,multilingual,327,0.6426,0.6698
p0304,heldout,3,unreached,multilingual,339,0.9794,0.9383
p0305,heldout,2,accepted,multilingual,306,0.9297,0.8849
p0305,heldout,4,unreached,multilingual,306,1.089,1.054
p0306,heldout,3,accepted,multilingual,225,0.9214,0.8224
p0300,heldout,3,unreached,multilingual,274,0.9648,0.9746
p0304,heldout,4,accepted,multilingual,340,0.8752,0.8038
p0305,heldout,1,rejected,multilingual,309,0.9211,0.8609
p0300,heldout,1,accepted,multilingual,276,0.8428,0.8123
p0300,heldout,3,accepted,multilingual,276,0.7962,0.8215
p0303,heldout,2,accepted,multilingual,332,1.111,1.034
p0304,heldout,2,accepted,multilingual,345,0.8715,0.8371
p0304,heldout,3,accepted,multilingual,345,0.9898,0.9461
p0304,heldout,4,accepted,multilingual,345,1.04,0.9684
p0305,heldout,2,unreached,multilingual,310,1.087,1.042
p0305,heldout,3,unreached,multilingual,310,0.9852,0.8699
p0306,heldout,1,accepted,multilingual,235,0.6654,0.6279
p0306,heldout,2,accepted,multilingual,235,0.7552,0.5931
p0306,heldout,4,accepted,multilingual,235,0.8774,0.7484
p0303,heldout,3,unreached,multilingual,335,0.8837,0.9088
p0304,heldout,3,accepted,multilingual,350,1.242,1.229
p0300,heldout,4,unreached,multilingual,285,0.9018,0.908
p0304,heldout,4,accepted,multilingual,354,1.167,1.093
p0306,heldout,1,accepted,multilingual,243,0.7722,0.7954
p0303,heldout,3,accepted,multilingual,342,1.096,1.074
p0304,heldout,2,rejected,multilingual,359,0.9564,0.8243
p0305,heldout,2,accepted,multilingual,319,1.006,0.9151
p0305,heldout,3,rejected,multilingual,319,0.9998,0.9054
p0305,heldout,4,unreached,multilingual,319,0.9822,0.9473
p0303,heldout,2,accepted,multilingual,346,0.9834,0.9996
p0304,heldout,3,accepted,multilingual,361,1.054,0.979
p0304,heldout,4,accepted,multilingual,361,1.126,1.09
p0306,heldout,1,accepted,multilingual,250,0.6914,0.563
p0300,heldout,2,accepted,multilingual,295,0.9608,0.953
p0305,heldout,2,accepted,multilingual,323,0.8224,0.7811
p0306,heldout,3,accepted,multilingual,252,0.8304,0.7636
p0300,heldout,2,accepted,multilingual,299,0.9656,0.9682
p0303,heldout,1,accepted,multilingual,354,1.003,0.9726
p0303,heldout,4,accepted,multilingual,354,0.8372,0.8395
p0304,heldout,2,accepted,multilingual,371,1.001,0.9331
p0304,heldout,3,rejected,multilingual,371,0.9039,0.8304
p0305,heldout,1,accepted,multilingual,328,0.6212,0.5574
p0305,heldout,3,accepted,multilingual,328,1.023,0.9178
p0306,heldout,2,accepted,multilingual,256,0.7974,0.6694
p0306,heldout,3,rejected,multilingual,256,0.8283,0.7224
p0306,heldout,4,unreached,multilingual,256,0.7989,0.6673
p0300,heldout,4,unreached,multilingual,303,0.9041,0.8901
p0304,heldout,4,accepted,multilingual,374,1.09,1.061
p0306,heldout,1,accepted,multilingual,259,0.6943,0.6026
p0303,heldout,4,accepted,multilingual,364,0.9627,0.9673
p0304,heldout,4,unreached,multilingual,379,0.9971,0.9284
p0305,heldout,4,accepted,multilingual,334,0.9695,0.895
p0300,heldout,2,accepted,multilingual,311,0.9831,0.9621
p0303,heldout,4,unreached,multilingual,369,1.057,1.025
p0304,heldout,3,unreached,multilingual,382,1.019,0.9179
p0305,heldout,1,accepted,multilingual,339,0.7965,0.7432
p0305,heldout,3,rejected,multilingual,339,0.9052,0.8104
p0300,heldout,4,rejected,multilingual,316,1.322,1.346
p0303,heldout,4,accepted,multilingual,371,0.9545,0.9196
p0304,heldout,2,accepted,multilingual,384,1.061,1.027
p0304,heldout,4,rejected,multilingual,384,0.9479,0.8459
p0303,heldout,1,accepted,multilingual,376,0.8117,0.7936
p0305,heldout,2,accepted,multilingual,347,0.8588,0.789
p0304,heldout,1,accepted,multilingual,393,0.8721,0.6968
p0305,heldout,4,unreached,multilingual,352,1.101,1.06
p0306,heldout,4,accepted,multilingual,284,1.062,1.062
p0303,heldout,1,accepted,multilingual,384,1.119,1.012
p0306,heldout,1,accepted,multilingual,289,0.4923,0.4312
p0306,heldout,3,unreached,multilingual,289,0.8932,0.811
p0306,heldout,4,unreached,multilingual,289,0.8645,0.7757
p0303,heldout,2,accepted,multilingual,389,1.162,1.101
p0305,heldout,1,accepted,multilingual,356,0.859,0.7975
p0305,heldout,2,accepted,multilingual,356,0.8739,0.8664
p0306,heldout,3,accepted,multilingual,291,0.8618,0.7837
p0300,heldout,3,unreached,multilingual,334,0.9616,0.9865
p0300,heldout,4,unreached,multilingual,334,1.005,1.019
p0303,heldout,2,accepted,multilingual,394,0.9273,0.9299
p0303,heldout,3,accepted,multilingual,394,1.086,1.085
p0304,heldout,3,accepted,multilingual,406,0.8441,0.7421
p0306,heldout,1,accepted,multilingual,295,0.7265,0.6781
p0306,heldout,2,accepted,multilingual,295,0.8166,0.7485
p0306,heldout,3,accepted,multilingual,295,1.149,1.135
p0300,heldout,3,unreached,multilingual,336,0.8079,0.7906
p0306,heldout,2,accepted,multilingual,300,0.8285,0.761
p0303,heldout,1,accepted,multilingual,404,0.9362,0.8679
p0303,heldout,3,accepted,multilingual,404,0.9181,0.8528
p0304,heldout,3,accepted,multilingual,416,0.9567,0.8093
p0305,heldout,2,rejected,multilingual,370,0.836,0.7614
p0306,heldout,4,accepted,multilingual,305,0.9655,0.8533
p0303,heldout,1,accepted,multilingual,409,0.98,0.9396
p0306,heldout,1,accepted,multilingual,310,0.6418,0.5318
p0306,heldout,2,accepted,multilingual,310,0.951,0.9598
p0306,heldout,4,accepted,multilingual,310,0.7921,0.7215
p0300,heldout,2,accepted,multilingual,348,1.077,1.017
p0300,heldout,3,rejected,multilingual,348,1.288,1.281
p0303,heldout,1,accepted,multilingual,414,0.7629,0.7254
p0304,heldout,4,accepted,multilingual,426,0.8668,0.8207
p0306,heldout,4,unreached,multilingual,315,0.8679,0.7621
p0300,heldout,1,accepted,multilingual,351,0.9111,0.8617
p0300,heldout,3,accepted,multilingual,351,1.096,1.018
p0303,heldout,2,accepted,multilingual,419,1.007,0.9441
p0303,heldout,4,accepted,multilingual,419,0.921,0.8828
p0304,heldout,1,accepted,multilingual,431,0.6583,0.5443
p0304,heldout,3,accepted,multilingual,431,0.8397,0.7351
p0306,heldout,1,accepted,multilingual,318,0.6146,0.5499
p0300,heldout,2,accepted,multilingual,356,1.158,1.082
p0300,heldout,3,accepted,multilingual,356,1.133,1.077
p0303,heldout,2,accepted,multilingual,424,0.955,0.8926
p0303,heldout,3,accepted,multilingual,424,1.046,0.9117
p0303,heldout,4,rejected,multilingual,424,1.058,1.002
p0304,heldout,2,accepted,multilingual,436,0.7128,0.6822
p0304,heldout,3,accepted,multilingual,436,1.103,1.144
p0305,heldout,4,unreached,multilingual,379,0.8791,0.81
p0306,heldout,1,accepted,multilingual,321,0.5139,0.4521
p0306,heldout,2,accepted,multilingual,321,0.7532,0.6737
p0300,heldout,2,accepted,multilingual,361,1.233,1.152
p0303,heldout,1,accepted,multilingual,428,0.9097,0.8562
p0303,heldout,2,accepted,multilingual,428,1.092,1.012
p0303,heldout,3,accepted,multilingual,428,1.268,1.245
p0304,heldout,2,accepted,multilingual,441,0.8733,0.75
p0303,heldout,3,accepted,multilingual,433,0.9603,0.9039
p0305,heldout,1,rejected,multilingual,384,0.9062,0.8186
p0306,heldout,1,accepted,multilingual,327,0.7131,0.6339
p0303,heldout,3,unreached,multilingual,438,0.9722,0.9492
p0304,heldout,2,accepted,multilingual,447,1.061,0.9778
p0304,heldout,3,accepted,multilingual,447,1.227,1.163
p0306,heldout,2,accepted,multilingual,331,0.8273,0.7818
p0300,heldout,2,accepted,multilingual,375,1.2,1.144
p0304,heldout,4,accepted,multilingual,452,0.8862,0.7849
p0305,heldout,2,unreached,multilingual,386,1.048,0.9629
p0306,heldout,2,accepted,multilingual,336,0.6423,0.6089
p0300,heldout,1,accepted,multilingual,380,0.837,0.7178
p0303,heldout,3,rejected,multilingual,442,0.9114,0.8766
p0303,heldout,4,unreached,multilingual,442,1.137,1.13
p0304,heldout,4,accepted,multilingual,457,1.216,1.05
p0305,heldout,3,unreached,multilingual,387,1.096,1.072
p0306,heldout,1,accepted,multilingual,341,0.722,0.7453
p0306,heldout,4,accepted,multilingual,341,1.019,0.9259
p0300,heldout,1,accepted,multilingual,384,1.016,0.9585
p0300,heldout,2,accepted,multilingual,384,1.228,1.19
p0303,heldout,3,unreached,multilingual,445,0.9498,0.9223
p0303,heldout,4,unreached,multilingual,445,0.8687,0.8598
p0304,heldout,3,accepted,multilingual,462,0.7346,0.6282
p0300,heldout,4,unreached,multilingual,389,1.161,1.155
p0303,heldout,3,unreached,multilingual,446,0.927,0.8999
p0305,heldout,4,unreached,multilingual,391,0.8677,0.8122
p0300,heldout,1,accepted,multilingual,391,0.9281,0.9212
p0300,heldout,4,unreached,multilingual,391,1.103,1.089
p0300,heldout,4,rejected,multilingual,393,0.932,0.917
p0304,heldout,3,accepted,multilingual,476,1.259,1.15
p0305,heldout,3,accepted,multilingual,393,0.9886,0.9255
p0303,heldout,1,accepted,multilingual,449,0.9089,0.9011
p0303,heldout,2,accepted,multilingual,449,1.174,1.164
p0305,heldout,2,unreached,multilingual,398,0.9394,0.9148
p0305,heldout,3,unreached,multilingual,398,0.881,0.7905
p0305,heldout,4,unreached,multilingual,398,0.9049,0.9296
p0300,heldout,1,accepted,multilingual,402,0.9483,0.9104
p0303,heldout,2,unreached,multilingual,452,1.038,1.012
p0304,heldout,2,accepted,multilingual,486,1.136,1.168
p0300,heldout,1,accepted,multilingual,407,0.8376,0.7195
p0300,heldout,2,accepted,multilingual,407,0.9774,0.9206
p0303,heldout,1,accepted,multilingual,453,1.076,1.025
p0303,heldout,3,unreached,multilingual,453,0.9064,0.9237
p0305,heldout,4,unreached,multilingual,403,0.9372,0.845
p0306,heldout,4,unreached,multilingual,374,0.8663,0.7898
p0300,heldout,1,accepted,multilingual,412,0.8868,0.8394
p0300,heldout,2,accepted,multilingual,412,1.053,0.9842
p0300,heldout,3,accepted,multilingual,412,1.197,1.108
p0300,heldout,4,accepted,multilingual,412,1.048,0.97
p0303,heldout,4,unreached,multilingual,455,0.9838,0.9872
p0305,heldout,4,unreached,multilingual,405,0.94,0.8454
p0306,heldout,4,rejected,multilingual,376,0.795,0.7695
p0300,heldout,3,unreached,multilingual,417,1.086,0.9693
p0306,heldout,2,accepted,multilingual,380,0.7947,0.7209
p0300,heldout,3,accepted,multilingual,419,1.317,1.281
p0303,heldout,2,accepted,multilingual,460,0.9995,0.9696
p0304,heldout,1,accepted,multilingual,501,0.7018,0.6158
p0305,heldout,1,accepted,multilingual,409,1.139,1.12
p0306,heldout,4,accepted,multilingual,385,0.967,0.8484
p0300,heldout,4,rejected,multilingual,424,1.261,1.152
p0303,heldout,2,accepted,multilingual,463,1.077,1.061
p0303,heldout,3,accepted,multilingual,463,1.196,1.206
p0304,heldout,3,unreached,multilingual,505,0.8062,0.8462
p0306,heldout,1,accepted,multilingual,390,0.7463,0.6608
p0300,heldout,1,accepted,multilingual,428,1.091,0.9631
p0300,heldout,2,accepted,multilingual,428,1.126,1.015
p0300,heldout,3,accepted,multilingual,428,1.108,0.954
p0300,heldout,4,accepted,multilingual,428,1.074,0.9704
p0303,heldout,2,rejected,multilingual,467,0.9709,0.9503
p0305,heldout,2,accepted,multilingual,417,0.8749,0.8295
p0303,heldout,1,accepted,multilingual,469,0.8774,0.8537
p0305,heldout,1,rejected,multilingual,422,0.8095,0.73
p0305,heldout,3,unreached,multilingual,422,0.855,0.8073
p0306,heldout,3,accepted,multilingual,398,0.7958,0.6756
p0310,heldout,2,accepted,multilingual,369,0.9866,0.9965
p0310,heldout,3,accepted,multilingual,369,1.083,1.098
p0300,heldout,1,accepted,multilingual,438,0.862,0.732
p0300,heldout,2,accepted,multilingual,438,0.9825,0.944
p0305,heldout,1,rejected,multilingual,423,1.072,1.04
p0303,heldout,1,accepted,multilingual,476,0.8224,0.8179
p0305,heldout,1,accepted,multilingual,424,0.8868,0.7892
p0305,heldout,3,unreached,multilingual,424,0.9632,0.9082
p0310,heldout,4,accepted,multilingual,379,0.9743,0.9629
p0300,heldout,1,accepted,multilingual,444,1.1,1.098
p0303,heldout,1,accepted,multilingual,481,1.022,0.9907
p0303,heldout,2,accepted,multilingual,481,1.116,1.109
p0305,heldout,1,accepted,multilingual,426,1.016,0.9784
p0305,heldout,4,unreached,multilingual,426,0.9477,0.9009
p0310,heldout,1,accepted,multilingual,384,0.9244,0.9391
p0303,heldout,1,accepted,multilingual,484,1.009,0.9786
p0305,heldout,2,accepted,multilingual,429,0.7935,0.7084
p0306,heldout,1,rejected,multilingual,416,0.7165,0.6098
p0306,heldout,2,unreached,multilingual,416,0.7976,0.7928
p0300,heldout,2,accepted,multilingual,454,0.8723,0.8558
p0305,heldout,2,unreached,multilingual,434,1.063,1.026
p0305,heldout,3,unreached,multilingual,434,0.937,0.819
p0306,heldout,1,accepted,multilingual,417,0.71,0.6249
p0306,heldout,2,accepted,multilingual,417,0.6789,0.6118
p0306,heldout,3,accepted,multilingual,417,0.8033,0.784
p0310,heldout,1,accepted,multilingual,392,0.8253,0.8677
p0300,heldout,1,accepted,multilingual,459,0.7851,0.7458
p0300,heldout,2,accepted,multilingual,459,0.9097,0.9043
p0300,heldout,4,rejected,multilingual,459,0.9127,0.9145
p0303,heldout,3,accepted,multilingual,493,1.115,1.051
p0303,heldout,4,accepted,multilingual,493,1.072,0.9937
p0303,heldout,1,accepted,multilingual,498,1.13,1.033
p0303,heldout,3,accepted,multilingual,498,1.296,1.283
p0306,heldout,3,accepted,multilingual,427,1.018,1.066
p0310,heldout,3,rejected,multilingual,395,0.8224,0.8427
p0305,heldout,1,rejected,multilingual,441,0.9593,0.8689
p0305,heldout,2,unreached,multilingual,441,0.9396,0.8334
p0310,heldout,1,accepted,multilingual,398,0.7975,0.8491
p0303,heldout,3,accepted,multilingual,508,1.071,1.013
p0305,heldout,2,unreached,multilingual,442,0.9458,0.8266
p0306,heldout,4,unreached,multilingual,433,0.8634,0.7934
p0310,heldout,2,accepted,multilingual,403,1.023,1.059
p0310,heldout,4,unreached,multilingual,403,0.8802,0.8292
p0303,heldout,2,unreached,multilingual,513,1.192,1.181
p0303,heldout,3,unreached,multilingual,513,1.251,1.193
p0305,heldout,4,unreached,multilingual,443,0.9161,0.8111
p0306,heldout,3,rejected,multilingual,436,0.8202,0.7372
p0306,heldout,4,unreached,multilingual,436,0.9577,0.8331
p0310,heldout,2,unreached,multilingual,406,0.9277,0.956
p0310,heldout,4,unreached,multilingual,406,0.8633,0.8663
p0310,heldout,3,unreached,multilingual,407,0.9158,0.9329
p0310,heldout,4,unreached,multilingual,407,0.9936,1.009
p0303,heldout,2,accepted,multilingual,516,0.9539,0.9161
p0303,heldout,3,accepted,multilingual,519,1.047,0.9595
p0305,heldout,1,accepted,multilingual,450,1.038,1.001
p0305,heldout,4,unreached,multilingual,450,0.8944,0.8442
p0310,heldout,2,unreached,multilingual,410,0.8388,0.833
p0303,heldout,1,accepted,multilingual,524,1.015,0.9237
p0303,heldout,3,accepted,multilingual,524,1.127,1.052
p0305,heldout,2,rejected,multilingual,452,1.198,1.169
p0310,heldout,3,unreached,multilingual,414,1.117,1.106
p0313,heldout,2,rejected,multilingual,120,0.9107,0.9673
p0313,heldout,4,unreached,multilingual,120,1.002,1.049
p0305,heldout,1,accepted,multilingual,461,1.162,1.135
p0305,heldout,4,unreached,multilingual,461,1.066,1.085
p0313,heldout,2,rejected,multilingual,122,0.9328,0.9566
p0313,heldout,4,unreached,multilingual,122,0.8212,0.9065
p0313,heldout,3,unreached,multilingual,124,0.8892,0.9495
p0310,heldout,2,accepted,multilingual,421,1.029,1.051
p0305,heldout,2,unreached,multilingual,466,0.9739,0.987
p0310,heldout,1,accepted,multilingual,426,0.6546,0.6885
p0310,heldout,2,accepted,multilingual,426,0.847,0.8973
p0313,heldout,1,accepted,multilingual,127,0.8465,0.8778
p0310,heldout,2,rejected,multilingual,429,1.104,1.128
p0310,heldout,3,unreached,multilingual,429,0.9489,0.9417
p0305,heldout,3,unreached,multilingual,468,0.9866,0.9902
p0313,heldout,1,accepted,multilingual,130,0.7684,0.8451
p0310,heldout,2,accepted,multilingual,433,0.91,0.8907
p0310,heldout,4,rejected,multilingual,433,0.8571,0.9104
p0305,heldout,1,accepted,multilingual,470,1.101,1.122
p0305,heldout,3,unreached,multilingual,470,1.036,1.07
p0310,heldout,3,rejected,multilingual,437,0.7861,0.8281
p0310,heldout,4,unreached,multilingual,437,0.892,0.8939
p0313,heldout,1,accepted,multilingual,136,0.8702,0.9291
p0305,heldout,4,accepted,multilingual,472,1.02,1.038
p0310,heldout,4,unreached,multilingual,440,0.9479,0.9531
p0313,heldout,4,unreached,multilingual,138,0.9905,1.052
p0305,heldout,3,unreached,multilingual,477,1.155,1.245
p0313,heldout,1,rejected,multilingual,141,0.7701,0.7827
p0310,heldout,2,accepted,multilingual,444,0.943,0.9767
p0310,heldout,3,accepted,multilingual,444,0.9421,0.9257
p0305,heldout,4,unreached,multilingual,482,1.183,1.248
p0310,heldout,2,accepted,multilingual,449,0.9428,0.9214
p0305,heldout,1,rejected,multilingual,483,0.9206,0.8643
p0310,heldout,2,accepted,multilingual,454,0.8579,0.8593
p0310,heldout,4,accepted,multilingual,454,0.8584,0.8758
p0305,heldout,2,rejected,multilingual,484,1.266,1.225
p0313,heldout,4,accepted,multilingual,150,0.9834,0.944
p0305,heldout,3,rejected,multilingual,486,0.8834,0.8091
p0310,heldout,4,accepted,multilingual,462,0.8979,0.9316
p0313,heldout,3,unreached,multilingual,155,0.6889,0.7994
p0313,heldout,4,unreached,multilingual,155,0.712,0.8267
p0310,heldout,3,rejected,multilingual,467,0.7971,0.7887
p0310,heldout,4,unreached,multilingual,467,0.9437,0.9492
p0313,heldout,3,accepted,multilingual,156,0.8451,0.8699
p0305,heldout,3,unreached,multilingual,492,0.9712,0.9548
p0310,heldout,2,accepted,multilingual,470,0.9618,0.994
p0313,heldout,1,accepted,multilingual,161,1.158,1.071
p0313,heldout,2,rejected,multilingual,161,0.891,0.9973
p0310,heldout,2,accepted,multilingual,475,0.7245,0.743
p0305,heldout,3,accepted,multilingual,496,0.9384,0.9345
p0305,heldout,4,accepted,multilingual,496,1.084,1.055
p0310,heldout,2,accepted,multilingual,480,0.883,0.8983
p0310,heldout,3,accepted,multilingual,480,0.7495,0.7917
p0313,heldout,3,accepted,multilingual,166,0.893,0.8525
p0305,heldout,1,accepted,multilingual,501,0.9195,0.9083
p0310,heldout,2,accepted,multilingual,485,0.8182,0.8046
p0313,heldout,1,rejected,multilingual,170,0.5886,0.6152
p0305,heldout,2,unreached,multilingual,504,1.187,1.161
p0305,heldout,4,unreached,multilingual,504,1.275,1.248
p0313,heldout,4,rejected,multilingual,171,1.012,1.017
p0305,heldout,1,rejected,multilingual,505,1.071,1.034
p0305,heldout,2,unreached,multilingual,505,1.135,1.06
p0310,heldout,2,accepted,multilingual,495,0.9237,0.88
p0313,heldout,2,rejected,multilingual,175,0.916,0.9708
p0305,heldout,3,unreached,multilingual,506,1.182,1.108
p0310,heldout,1,accepted,multilingual,500,0.8614,0.9301
p0310,heldout,2,accepted,multilingual,500,0.8649,0.8957
p0310,heldout,4,accepted,multilingual,500,0.8586,0.8417
p0313,heldout,2,rejected,multilingual,177,0.7605,0.7984
p0313,heldout,4,unreached,multilingual,177,0.9071,0.9991
p0305,heldout,1,rejected,multilingual,508,0.8838,0.8322
p0310,heldout,2,accepted,multilingual,505,0.93,0.9331
p0313,heldout,3,unreached,multilingual,179,1.188,1.132
p0305,heldout,3,rejected,multilingual,509,1.094,1.096
p0305,heldout,4,unreached,multilingual,509,1.098,1.063
p0310,heldout,2,accepted,multilingual,508,0.9038,0.9493
p0313,heldout,1,accepted,multilingual,181,0.9903,0.9344
p0305,heldout,1,accepted,multilingual,512,1.083,1.007
p0305,heldout,2,rejected,multilingual,512,1.004,0.91
p0310,heldout,1,rejected,multilingual,512,0.8997,0.9009
p0310,heldout,4,unreached,multilingual,512,0.7991,0.8404
p0313,heldout,4,accepted,multilingual,186,1.175,1.177
p0305,heldout,4,unreached,multilingual,514,1.155,1.053
p0313,heldout,1,accepted,multilingual,191,0.8614,0.8549
p0313,heldout,3,accepted,multilingual,191,0.9781,1.034
p0305,heldout,1,accepted,multilingual,515,0.9327,0.9175
p0310,heldout,4,unreached,multilingual,516,0.8255,0.8604
p0313,heldout,2,rejected,multilingual,201,0.8483,0.8964
p0305,heldout,3,accepted,multilingual,522,1.112,1.137
p0305,heldout,4,accepted,multilingual,522,0.9502,1.047
p0310,heldout,4,rejected,multilingual,527,0.7581,0.7797
p0313,heldout,2,unreached,multilingual,204,0.8782,0.9226
p0313,heldout,4,unreached,multilingual,204,0.8784,0.9389
p0305,heldout,2,accepted,multilingual,532,1.133,1.042
p0310,heldout,1,accepted,multilingual,531,0.7974,0.8237
p0313,heldout,1,rejected,multilingual,205,0.7179,0.7908
p0313,heldout,3,unreached,multilingual,205,0.897,0.9885
p0313,heldout,4,unreached,multilingual,205,0.788,0.8886
p0310,heldout,2,accepted,multilingual,533,0.941,0.9406
p0313,heldout,1,accepted,multilingual,206,0.8278,0.8507
p0313,heldout,2,rejected,multilingual,206,0.7682,0.8241
p0310,heldout,3,unreached,multilingual,536,1.007,1.007
p0313,heldout,2,rejected,multilingual,208,0.8313,0.8932
p0313,heldout,3,unreached,multilingual,208,0.848,0.8948
p0310,heldout,4,unreached,multilingual,538,1.015,1.023
p0313,heldout,1,rejected,multilingual,213,0.7995,0.8805
p0310,heldout,3,unreached,multilingual,543,0.8063,0.8008
p0313,heldout,2,rejected,multilingual,214,0.9588,1.006
p0313,heldout,4,unreached,multilingual,214,1.016,1.049
p0315,heldout,1,accepted,multilingual,79,1.28,1.167
p0315,heldout,2,accepted,multilingual,79,1.331,1.184
p0310,heldout,1,accepted,multilingual,545,0.6523,0.6787
p0310,heldout,3,accepted,multilingual,545,0.8552,0.8947
p0313,heldout,1,rejected,multilingual,216,0.7913,0.8409
p0313,heldout,3,unreached,multilingual,216,0.8498,0.9089
p0313,heldout,4,unreached,multilingual,216,0.8856,0.9343
p0315,heldout,4,accepted,multilingual,89,1.232,1.173
p0310,heldout,2,accepted,multilingual,554,0.8632,0.8259
p0315,heldout,4,unreached,multilingual,94,1.067,0.9944
p0316,heldout,1,accepted,multilingual,48,0.9743,0.9681
p0316,heldout,4,rejected,multilingual,48,0.9578,0.9517
p0316,heldout,3,unreached,multilingual,52,1.021,0.9887
p0310,heldout,1,rejected,multilingual,561,0.9018,0.9037
p0313,heldout,1,rejected,multilingual,226,0.8879,0.9318
p0315,heldout,1,accepted,multilingual,99,0.7451,0.7804
p0310,heldout,4,rejected,multilingual,562,1.035,1.013
p0313,heldout,3,unreached,multilingual,227,0.8283,0.869
p0315,heldout,2,accepted,multilingual,104,0.8438,0.8605
p0316,heldout,1,accepted,multilingual,55,0.8266,0.7479
p0310,heldout,2,accepted,multilingual,566,0.7578,0.7661
p0310,heldout,4,accepted,multilingual,566,0.899,0.8885
p0310,heldout,2,accepted,multilingual,571,0.7907,0.8369
p0313,heldout,2,accepted,multilingual,229,0.7393,0.7977
p0316,heldout,2,accepted,multilingual,62,1.083,1.042
p0316,heldout,3,accepted,multilingual,62,0.9815,1.014
p0310,heldout,3,unreached,multilingual,576,0.9656,0.9778
p0315,heldout,2,accepted,multilingual,119,0.9412,0.9334
p0315,heldout,3,accepted,multilingual,119,0.9176,1.033
p0316,heldout,1,accepted,multilingual,66,0.6513,0.5957
p0316,heldout,2,rejected,multilingual,66,0.8133,0.789
p0315,heldout,1,accepted,multilingual,124,0.8879,0.8277
p0315,heldout,2,rejected,multilingual,124,0.955,1.091
p0316,heldout,1,accepted,multilingual,68,0.7682,0.7222
p0316,heldout,3,accepted,multilingual,68,1.035,1.052
p0316,heldout,4,accepted,multilingual,68,1.068,1.114
p0310,heldout,2,rejected,multilingual,583,0.9351,0.9307
p0313,heldout,1,accepted,multilingual,235,0.8516,0.8933
p0313,heldout,3,unreached,multilingual,235,0.7138,0.7797
p0315,heldout,3,accepted,multilingual,126,0.8645,0.8648
p0313,heldout,1,rejected,multilingual,238,0.7661,0.8323
p0313,heldout,2,unreached,multilingual,238,0.8324,0.9054
p0315,heldout,1,accepted,multilingual,135,0.8149,0.8307
p0316,heldout,4,unreached,multilingual,83,0.9423,0.9299
p0310,heldout,3,accepted,multilingual,589,0.8702,0.882
p0313,heldout,1,accepted,multilingual,239,0.6965,0.7229
p0313,heldout,3,unreached,multilingual,239,0.8737,0.9488
p0310,heldout,3,accepted,multilingual,594,0.9576,0.9496
p0313,heldout,4,unreached,multilingual,241,1.108,1.049
p0315,heldout,3,accepted,multilingual,145,0.9966,1.018
p0316,heldout,2,accepted,multilingual,91,0.7682,0.7392
p0316,heldout,4,accepted,multilingual,91,1.137,1.083
p0315,heldout,2,accepted,multilingual,150,0.8525,0.9649
p0310,heldout,1,accepted,multilingual,603,0.69,0.6842
p0310,heldout,3,accepted,multilingual,603,0.8811,0.9213
p0313,heldout,2,rejected,multilingual,246,0.798,0.8821
p0313,heldout,4,unreached,multilingual,246,0.8665,0.9567
p0315,heldout,3,accepted,multilingual,155,0.9248,0.9721
p0315,heldout,4,accepted,multilingual,155,0.8921,0.9576
p0316,heldout,1,accepted,multilingual,100,1.11,1.056
p0310,heldout,2,rejected,multilingual,608,1.095,1.111
p0316,heldout,4,accepted,multilingual,102,1.243,1.136
p0310,heldout,1,accepted,multilingual,610,0.9276,0.923
p0313,heldout,3,unreached,multilingual,249,0.7652,0.8697
p0315,heldout,2,accepted,multilingual,165,0.84,0.9213
p0310,heldout,1,accepted,multilingual,613,0.6941,0.6545
p0313,heldout,1,rejected,multilingual,250,0.7962,0.8931
p0313,heldout,2,unreached,multilingual,250,0.8175,0.8686
p0313,heldout,4,unreached,multilingual,250,0.7884,0.8589
p0315,heldout,2,accepted,multilingual,170,1.246,1.122
p0316,heldout,1,accepted,multilingual,112,0.8819,0.8404
p0310,heldout,3,unreached,multilingual,616,0.9791,0.973
p0310,heldout,4,unreached,multilingual,616,0.9427,0.9519
p0313,heldout,1,accepted,multilingual,251,0.8209,0.7704
p0315,heldout,3,rejected,multilingual,175,0.931,0.8944
p0316,heldout,1,accepted,multilingual,117,0.7103,0.6116
p0310,heldout,3,unreached,multilingual,617,1.084,1.062
p0310,heldout,4,unreached,multilingual,617,0.9148,0.9288
p0316,heldout,3,accepted,multilingual,122,1.122,1.094
p0310,heldout,3,rejected,multilingual,619,0.9015,0.9196
p0313,heldout,4,unreached,multilingual,258,0.8615,0.7975
p0316,heldout,2,rejected,multilingual,126,0.9527,0.8969
p0316,heldout,3,unreached,multilingual,126,1.093,1.05
p0316,heldout,1,accepted,multilingual,128,0.8178,0.7505
p0316,heldout,2,accepted,multilingual,128,1.04,0.9331
p0310,heldout,2,unreached,multilingual,623,0.9103,0.894
p0313,heldout,3,unreached,multilingual,262,0.7896,0.8821
p0316,heldout,3,accepted,multilingual,133,1.075,1.036
p0315,heldout,2,rejected,multilingual,194,0.8363,0.7567
p0315,heldout,4,unreached,multilingual,194,1.099,1.051
p0313,heldout,3,unreached,multilingual,265,0.7754,0.8608
p0313,heldout,4,unreached,multilingual,265,0.8408,0.9186
p0315,heldout,1,accepted,multilingual,196,0.78,0.7603
p0315,heldout,3,rejected,multilingual,196,1.037,0.9457
p0316,heldout,3,rejected,multilingual,143,1.037,0.9846
p0316,heldout,4,unreached,multilingual,143,1.001,0.9382
p0310,heldout,2,accepted,multilingual,628,0.8399,0.8244
p0310,heldout,3,accepted,multilingual,628,0.8654,0.8427
p0313,heldout,4,unreached,multilingual,267,0.9081,1.001
p0315,heldout,1,accepted,multilingual,199,1.028,0.9391
p0315,heldout,2,rejected,multilingual,199,1.044,0.9548
p0316,heldout,1,accepted,multilingual,146,0.8376,0.8187
p0310,heldout,2,accepted,multilingual,633,0.9567,0.9635
p0313,heldout,3,rejected,multilingual,268,0.821,0.856
p0315,heldout,2,rejected,multilingual,201,0.9275,0.8726
p0315,heldout,3,unreached,multilingual,201,0.9827,0.8998
p0316,heldout,4,accepted,multilingual,151,1.123,1.019
p0310,heldout,2,accepted,multilingual,636,1.042,1.013
p0313,heldout,3,unreached,multilingual,271,0.6906,0.743
p0315,heldout,1,accepted,multilingual,203,0.7611,0.6308
p0315,heldout,3,accepted,multilingual,203,0.945,0.8288
p0316,heldout,3,accepted,multilingual,156,1.036,0.9636
p0310,heldout,3,accepted,multilingual,639,0.9178,1.014
p0310,heldout,4,accepted,multilingual,639,0.8643,0.866
p0315,heldout,4,accepted,multilingual,208,1.212,1.13
p0316,heldout,2,accepted,multilingual,161,1.128,1.019
p0316,heldout,1,accepted,multilingual,166,1.161,1.09
p0310,heldout,2,rejected,multilingual,648,0.9741,0.9332
p0313,heldout,4,unreached,multilingual,279,0.999,1.047
p0315,heldout,3,unreached,multilingual,217,0.8506,0.7723
p0310,heldout,3,unreached,multilingual,650,0.8561,0.8591
p0315,heldout,3,unreached,multilingual,218,1.026,1.016
p0316,heldout,1,accepted,multilingual,176,1.095,0.98
p0316,heldout,3,accepted,multilingual,176,1.149,1.095
p0310,heldout,1,accepted,multilingual,651,0.8517,0.8865
p0315,heldout,4,accepted,multilingual,219,0.8869,0.8943
p0316,heldout,4,accepted,multilingual,181,1.143,1.099
p0310,heldout,1,accepted,multilingual,656,0.7937,0.7856
p0313,heldout,1,rejected,multilingual,286,1.006,1.028
p0316,heldout,1,accepted,multilingual,186,0.8964,0.824
p0310,heldout,1,accepted,multilingual,661,0.7705,0.8394
p0310,heldout,2,accepted,multilingual,661,0.7877,0.7977
p0315,heldout,3,rejected,multilingual,229,0.6993,0.7882
p0313,heldout,1,accepted,multilingual,289,0.801,0.8263
p0313,heldout,4,unreached,multilingual,289,1.065,1.073
p0315,heldout,2,rejected,multilingual,232,0.8748,0.8834
p0315,heldout,4,unreached,multilingual,232,0.7486,0.9033
p0316,heldout,3,accepted,multilingual,196,1.033,1.007
p0310,heldout,1,accepted,multilingual,666,0.8816,0.9229
p0310,heldout,4,rejected,multilingual,666,1.071,1.091
p0315,heldout,2,accepted,multilingual,234,0.7211,0.8348
p0316,heldout,1,accepted,multilingual,200,0.8455,0.7547
p0313,heldout,2,unreached,multilingual,295,0.832,0.8692
p0315,heldout,1,accepted,multilingual,239,1.148,1.077
p0315,heldout,4,accepted,multilingual,239,0.6453,0.6916
p0315,heldout,3,unreached,multilingual,248,0.8423,0.9607
p0310,heldout,1,accepted,multilingual,675,1.102,1.115
p0310,heldout,2,unreached,multilingual,678,0.8521,0.884
p0310,heldout,3,unreached,multilingual,678,0.8984,0.928
p0313,heldout,3,unreached,multilingual,304,0.8267,0.8499
p0313,heldout,4,unreached,multilingual,304,0.7799,0.8412
p0315,heldout,2,rejected,multilingual,251,0.8792,0.8868
p0315,heldout,3,unreached,multilingual,251,1.131,1.016
p0313,heldout,2,accepted,multilingual,305,1.107,1.048
p0313,heldout,4,accepted,multilingual,305,0.8825,0.931
p0315,heldout,2,accepted,multilingual,253,0.8518,0.7037
p0318,heldout,1,accepted,multilingual,52,0.9605,0.9508
p0318,heldout,2,rejected,multilingual,52,1.074,1.062
p0313,heldout,3,unreached,multilingual,310,0.7347,0.7912
p0313,heldout,4,unreached,multilingual,310,0.8141,0.8642
p0310,heldout,2,accepted,multilingual,686,0.9427,0.9729
p0310,heldout,3,accepted,multilingual,686,0.7832,0.8805
p0318,heldout,1,accepted,multilingual,55,0.8349,0.8507
p0318,heldout,4,unreached,multilingual,55,0.9568,0.929
p0310,heldout,4,rejected,multilingual,690,0.7964,0.8318
p0313,heldout,2,accepted,multilingual,314,0.786,0.8538
p0318,heldout,1,accepted,multilingual,58,0.6658,0.6256
p0318,heldout,2,accepted,multilingual,58,1.05,1.079
p0310,heldout,1,accepted,multilingual,694,0.8134,0.8728
p0310,heldout,2,accepted,multilingual,694,0.8502,0.8357
p0310,heldout,3,accepted,multilingual,694,0.893,0.8704
p0310,heldout,4,rejected,multilingual,694,0.8955,0.8683
p0313,heldout,1,accepted,multilingual,318,0.7316,0.8106
p0315,heldout,1,accepted,multilingual,269,0.8678,0.8194
p0315,heldout,3,accepted,multilingual,269,0.895,0.8866
p0318,heldout,4,unreached,multilingual,63,0.9734,0.9305
p0315,heldout,4,rejected,multilingual,274,0.6783,0.7561
p0318,heldout,1,accepted,multilingual,66,0.6847,0.6302
p0315,heldout,2,accepted,multilingual,278,0.7974,0.8597
p0318,heldout,3,accepted,multilingual,71,1.045,0.9644
p0310,heldout,3,accepted,multilingual,704,1.26,1.119
p0315,heldout,4,unreached,multilingual,282,0.9923,0.8987
p0318,heldout,2,accepted,multilingual,76,0.8403,0.7789
p0318,heldout,3,accepted,multilingual,76,0.8813,0.8239
p0315,heldout,3,accepted,multilingual,285,1.031,1.012
p0310,heldout,3,rejected,multilingual,710,0.9026,0.9352
p0313,heldout,3,unreached,multilingual,329,0.8133,0.861
p0313,heldout,4,unreached,multilingual,329,0.862,0.9636
p0315,heldout,1,accepted,multilingual,290,1.05,0.9687
p0318,heldout,2,accepted,multilingual,86,0.8059,0.7666
p0315,heldout,4,rejected,multilingual,293,0.9857,1.023
p0310,heldout,3,accepted,multilingual,718,0.9074,0.8928
p0310,heldout,4,accepted,multilingual,718,0.9207,0.8731
p0313,heldout,3,unreached,multilingual,331,0.9182,0.9679
p0313,heldout,4,unreached,multilingual,331,0.9772,0.9929
p0315,heldout,1,accepted,multilingual,297,0.7719,0.8578
p0313,heldout,1,rejected,multilingual,332,0.8673,0.9679
p0318,heldout,4,accepted,multilingual,97,1.105,1.014
p0310,heldout,3,unreached,multilingual,726,0.7402,0.8248
p0318,heldout,1,accepted,multilingual,102,0.6334,0.5465
p0313,heldout,4,unreached,multilingual,334,0.8212,0.9394
p0315,heldout,1,accepted,multilingual,301,0.5202,0.4614
p0315,heldout,4,unreached,multilingual,301,1.031,0.9757
p0310,heldout,3,accepted,multilingual,731,0.979,0.9903
p0315,heldout,1,accepted,multilingual,304,0.653,0.5888
p0318,heldout,1,rejected,multilingual,109,0.77,0.6903
p0310,heldout,3,unreached,multilingual,736,0.8704,0.888
p0310,heldout,4,unreached,multilingual,736,0.9144,0.8953
p0313,heldout,1,accepted,multilingual,336,0.733,0.7807
p0313,heldout,3,unreached,multilingual,336,0.8661,0.9403
p0315,heldout,1,accepted,multilingual,307,0.8541,0.8595
p0318,heldout,2,accepted,multilingual,110,1.003,1.041
p0318,heldout,3,accepted,multilingual,110,0.999,0.968
p0318,heldout,4,accepted,multilingual,110,1.212,1.076
p0318,heldout,4,accepted,multilingual,115,1.228,1.114
p0310,heldout,4,rejected,multilingual,740,0.8832,0.8703
p0315,heldout,1,accepted,multilingual,311,0.7573,0.8035
p0318,heldout,4,accepted,multilingual,120,0.9083,0.8906
p0313,heldout,2,unreached,multilingual,341,0.8949,0.9181
p0310,heldout,2,unreached,multilingual,748,0.8391,0.9121
p0310,heldout,3,unreached,multilingual,748,0.8899,0.9222
p0313,heldout,1,accepted,multilingual,342,0.8028,0.8655
p0313,heldout,3,unreached,multilingual,342,0.9612,0.9649
p0315,heldout,3,accepted,multilingual,318,1.053,0.9811
p0318,heldout,1,accepted,multilingual,130,0.5877,0.5268
p0318,heldout,3,accepted,multilingual,130,0.8395,0.8191
p0318,heldout,4,accepted,multilingual,130,0.82,0.785
p0310,heldout,2,accepted,multilingual,749,1.121,0.9799
p0313,heldout,4,unreached,multilingual,344,0.9608,1.021
p0313,heldout,1,rejected,multilingual,347,0.9077,0.9276
p0313,heldout,3,unreached,multilingual,347,0.7433,0.8362
p0315,heldout,3,accepted,multilingual,328,0.9006,0.978
p0318,heldout,1,accepted,multilingual,139,0.9669,0.8587
p0318,heldout,2,accepted,multilingual,139,0.9104,0.8633
p0313,heldout,1,accepted,multilingual,348,0.8433,0.8506
p0313,heldout,2,rejected,multilingual,348,0.7728,0.8005
p0313,heldout,3,unreached,multilingual,348,0.7498,0.8333
p0313,heldout,4,unreached,multilingual,348,0.7456,0.8243
p0315,heldout,1,accepted,multilingual,332,0.9299,0.9856
p0315,heldout,3,accepted,multilingual,332,1.103,0.9983
p0318,heldout,1,accepted,multilingual,142,0.788,0.7614
p0318,heldout,2,accepted,multilingual,142,0.9764,0.9967
p0313,heldout,3,unreached,multilingual,350,0.7983,0.8396
p0315,heldout,1,accepted,multilingual,336,0.8461,0.7275
p0318,heldout,1,accepted,multilingual,147,0.8809,0.8518
p0318,heldout,2,accepted,multilingual,147,1.067,1.036
p0318,heldout,4,rejected,multilingual,147,1.181,1.226
p0315,heldout,3,accepted,multilingual,341,0.73,0.8339
p0318,heldout,3,accepted,multilingual,151,0.8615,0.7766
p0318,heldout,4,accepted,multilingual,151,0.8934,0.822
p0313,heldout,1,rejected,multilingual,353,0.742,0.7778
p0313,heldout,2,unreached,multilingual,353,0.7774,0.8437
p0315,heldout,4,rejected,multilingual,346,0.8625,0.8587
p0318,heldout,2,accepted,multilingual,156,0.9255,0.8034
p0313,heldout,2,rejected,multilingual,354,1.017,1.026
p0318,heldout,4,unreached,multilingual,160,1.059,1.004
p0313,heldout,1,accepted,multilingual,356,0.5976,0.6165
p0313,heldout,3,rejected,multilingual,356,0.7535,0.844
p0313,heldout,4,unreached,multilingual,356,0.8547,0.934
p0315,heldout,4,accepted,multilingual,354,1.198,1.118
p0318,heldout,2,accepted,multilingual,162,0.9495,0.9075
p0318,heldout,4,accepted,multilingual,162,1.194,1.16
p0313,heldout,1,rejected,multilingual,359,0.6798,0.7339
p0315,heldout,1,accepted,multilingual,359,0.8014,0.8355
p0315,heldout,2,accepted,multilingual,359,0.5991,0.6176
p0315,heldout,3,accepted,multilingual,363,0.928,0.9626
p0313,heldout,4,unreached,multilingual,361,1.061,1.117
p0315,heldout,3,accepted,multilingual,368,1.009,0.9523
p0313,heldout,1,rejected,multilingual,363,0.8262,0.8874
p0315,heldout,2,accepted,multilingual,373,1.1,0.9862
p0315,heldout,3,accepted,multilingual,373,1.237,1.129
p0318,heldout,2,accepted,multilingual,182,0.9938,0.9143
p0313,heldout,3,unreached,multilingual,364,0.7449,0.8661
p0315,heldout,1,accepted,multilingual,378,0.4959,0.4641
p0315,heldout,2,accepted,multilingual,378,0.7929,0.7294
p0315,heldout,3,accepted,multilingual,378,0.7097,0.7665
p0318,heldout,1,accepted,multilingual,187,0.8529,0.726
p0318,heldout,2,accepted,multilingual,187,0.8569,0.7964
p0315,heldout,3,accepted,multilingual,388,0.8332,0.8738
p0313,heldout,3,rejected,multilingual,370,0.9155,0.9839
p0315,heldout,2,accepted,multilingual,393,0.845,0.7753
p0318,heldout,2,accepted,multilingual,199,0.8861,0.8317
p0313,heldout,3,unreached,multilingual,373,1.157,1.161
p0313,heldout,4,unreached,multilingual,373,1.18,1.075
p0315,heldout,2,rejected,multilingual,398,0.8865,0.9096
p0318,heldout,4,accepted,multilingual,204,0.9944,0.938
p0313,heldout,1,accepted,multilingual,375,0.957,0.8727
p0313,heldout,4,rejected,multilingual,375,1.113,1.049
p0315,heldout,1,accepted,multilingual,400,0.837,0.8402
p0315,heldout,3,accepted,multilingual,400,0.8184,0.8146
p0315,heldout,4,rejected,multilingual,400,0.7925,0.9174
p0318,heldout,1,accepted,multilingual,209,1.018,0.8352
p0315,heldout,2,rejected,multilingual,404,1.003,0.9331
p0315,heldout,3,unreached,multilingual,404,1.133,1.102
p0315,heldout,4,unreached,multilingual,404,1.11,1.088
p0318,heldout,3,accepted,multilingual,212,0.809,0.7557
p0313,heldout,1,accepted,multilingual,384,1.116,0.9854
p0313,heldout,2,accepted,multilingual,384,1.243,1.167
p0315,heldout,4,unreached,multilingual,406,1.031,0.9969
p0313,heldout,2,accepted,multilingual,388,1.154,1.069
p0315,heldout,2,accepted,multilingual,408,0.7445,0.7105
p0318,heldout,1,accepted,multilingual,222,1.066,1.001
p0318,heldout,2,accepted,multilingual,222,1.022,0.9134
p0313,heldout,1,accepted,multilingual,391,1.065,0.9952
p0313,heldout,2,accepted,multilingual,391,1.223,1.101
p0313,heldout,3,accepted,multilingual,391,1.288,1.133
p0315,heldout,2,accepted,multilingual,413,0.9337,0.9838
p0313,heldout,2,accepted,multilingual,396,0.7646,0.8244
p0315,heldout,3,accepted,multilingual,418,0.8856,0.9092
p0318,heldout,4,accepted,multilingual,232,1.063,0.9246
p0313,heldout,4,unreached,multilingual,401,0.9495,0.9049
p0318,heldout,1,accepted,multilingual,241,1.099,0.9812
p0313,heldout,3,unreached,multilingual,409,0.7842,0.8569
p0315,heldout,2,accepted,multilingual,432,0.9441,0.9205
p0313,heldout,3,unreached,multilingual,412,0.8103,0.8983
p0313,heldout,4,unreached,multilingual,412,0.8464,0.9818
p0315,heldout,3,accepted,multilingual,442,0.8148,0.9129
p0313,heldout,1,accepted,multilingual,413,0.7617,0.8213
p0313,heldout,2,rejected,multilingual,413,0.8092,0.9366
p0315,heldout,1,accepted,multilingual,447,0.6389,0.6196
p0318,heldout,3,unreached,multilingual,261,0.9874,0.9622
p0313,heldout,2,unreached,multilingual,415,0.8721,0.9512
p0313,heldout,3,unreached,multilingual,415,1.032,1.017
p0315,heldout,1,accepted,multilingual,450,0.7193,0.8033
p0318,heldout,1,accepted,multilingual,263,0.6397,0.5575
p0313,heldout,4,accepted,multilingual,416,1.003,0.9759
p0315,heldout,1,accepted,multilingual,455,0.6207,0.5259
p0315,heldout,3,accepted,multilingual,455,0.9818,1.028
p0318,heldout,4,accepted,multilingual,267,1.098,1.056
p0315,heldout,3,rejected,multilingual,460,0.6844,0.6777
p0313,heldout,3,accepted,multilingual,426,1.222,1.112
p0313,heldout,4,accepted,multilingual,426,1.29,1.155
p0313,heldout,1,accepted,multilingual,436,0.7963,0.6938
p0313,heldout,4,accepted,multilingual,436,1.188,1.1
p0313,heldout,1,accepted,multilingual,441,1.07,0.8716
p0313,heldout,3,accepted,multilingual,441,1.166,1.059
p0313,heldout,1,accepted,multilingual,445,0.8565,0.89
p0313,heldout,2,accepted,multilingual,445,1.017,1.003
p0313,heldout,1,accepted,multilingual,455,1.228,1.072
p0313,heldout,2,accepted,multilingual,455,1.238,1.159
p0313,heldout,2,accepted,multilingual,460,1.226,1.179
p0313,heldout,3,accepted,multilingual,465,1.258,1.119
p0313,heldout,4,accepted,multilingual,465,1.241,1.086
p0313,heldout,4,accepted,multilingual,470,1.218,1.143
p0313,heldout,4,accepted,multilingual,479,1.028,1.057
p0313,heldout,1,accepted,multilingual,488,1.052,1.02
p0313,heldout,1,rejected,multilingual,490,0.7317,0.7868
p0313,heldout,2,unreached,multilingual,490,0.8565,0.9323
p0313,heldout,4,unreached,multilingual,491,0.8382,0.9371
p0313,heldout,1,accepted,multilingual,492,0.7307,0.7718
p0313,heldout,1,accepted,multilingual,502,0.9679,1.004
