position,outcome,domain,context_len,rho,rho_head_centred
5,unreached,chat,34,0.8935,0.8175
10,unreached,chat,83,0.9408,0.8705
12,unreached,chat,83,0.9207,0.8155
15,unreached,chat,35,0.9263,0.8525
11,unreached,chat,43,0.9254,0.8194
13,accepted,chat,69,0.976,0.8946
14,accepted,chat,69,0.907,0.8874
10,unreached,chat,89,0.9121,0.769
12,unreached,chat,89,0.9174,0.7665
2,unreached,chat,36,0.883,0.8153
9,unreached,chat,36,0.891,0.7739
6,unreached,chat,91,0.8968,0.8198
2,unreached,chat,37,0.9499,0.9022
7,unreached,chat,37,0.8986,0.8002
7,unreached,chat,87,0.9451,0.8669
3,rejected,chat,93,0.8946,0.8437
13,unreached,chat,93,0.9252,0.7682
6,unreached,chat,91,0.926,0.839
6,accepted,chat,94,0.966,0.8996
8,accepted,chat,94,0.9658,1.035
15,unreached,chat,42,0.9084,0.78
6,unreached,chat,45,0.9018,0.8476
5,accepted,chat,112,0.8567,0.8131
7,unreached,chat,47,0.9479,0.8255
10,unreached,chat,47,0.8918,0.7398
15,unreached,chat,105,0.9264,0.7912
11,unreached,chat,106,0.9091,0.7861
8,unreached,chat,51,0.8856,0.7485
2,unreached,chat,106,0.8936,0.7989
2,accepted,chat,108,0.92,0.8837
12,unreached,chat,108,0.9281,0.8238
13,unreached,chat,108,0.9275,0.8224
4,unreached,chat,107,0.9048,0.7956
3,accepted,chat,107,0.9421,0.8877
5,accepted,chat,146,0.8874,0.8489
5,unreached,chat,111,0.9199,0.8112
4,unreached,chat,57,0.9016,0.803
1,accepted,chat,109,0.8832,0.8186
7,unreached,chat,109,0.8743,0.7447
10,unreached,chat,113,0.9133,0.8064
7,unreached,chat,60,0.9079,0.7781
5,accepted,chat,116,0.9322,0.8453
14,unreached,chat,116,0.9537,0.8256
15,unreached,chat,116,0.9558,0.8184
8,unreached,chat,62,0.911,0.7941
9,unreached,chat,62,0.9128,0.8038
13,unreached,chat,62,0.8794,0.7273
3,unreached,chat,63,0.9285,0.8522
10,unreached,chat,63,0.9034,0.7707
13,unreached,chat,116,0.9442,0.8188
2,accepted,chat,124,0.9122,0.9175
4,accepted,chat,124,0.9266,0.9071
7,unreached,chat,64,0.8916,0.8006
9,unreached,chat,64,0.8815,0.7607
14,unreached,chat,64,0.883,0.7563
1,accepted,chat,170,0.8574,0.8033
4,accepted,chat,68,0.8877,0.7931
1,accepted,chat,123,0.902,0.8639
6,unreached,chat,138,0.9727,0.8591
10,unreached,chat,185,0.945,0.8795
4,unreached,chat,140,0.8795,0.9091
11,unreached,chat,140,0.9332,0.8113
2,rejected,chat,130,0.8687,0.8133
3,unreached,chat,130,0.8861,0.8311
3,unreached,chat,74,0.9358,0.8675
10,unreached,chat,74,0.8814,0.7464
2,accepted,chat,131,0.8753,0.8589
4,accepted,chat,142,0.8988,0.8203
5,rejected,chat,142,0.893,0.8026
6,unreached,chat,142,0.9792,0.8937
15,unreached,chat,142,0.9475,0.8279
1,accepted,chat,199,0.8791,0.8459
6,accepted,chat,199,0.9286,1.009
15,unreached,chat,199,0.8949,0.7747
4,unreached,chat,132,0.9373,0.8913
8,unreached,chat,132,0.9111,0.7779
3,rejected,chat,76,0.8999,0.8106
7,unreached,chat,147,0.9936,0.8289
3,unreached,chat,134,0.9173,0.8137
8,unreached,chat,134,0.924,0.7817
15,unreached,chat,134,0.9229,0.8054
2,unreached,chat,79,0.8999,0.8159
9,unreached,chat,79,0.8933,0.7316
4,unreached,chat,214,0.8934,0.7718
12,unreached,chat,135,0.9163,0.7917
9,unreached,chat,156,0.9011,0.763
10,unreached,chat,215,0.9352,0.9337
12,unreached,chat,215,0.9572,0.9507
8,unreached,chat,139,0.9514,0.8614
12,unreached,chat,139,0.9612,0.8433
1,accepted,chat,82,0.9031,0.8271
5,unreached,chat,157,0.9097,0.7827
11,unreached,chat,157,0.9047,0.7515
3,unreached,chat,165,0.9598,0.9251
13,unreached,chat,165,0.94,0.8358
2,accepted,chat,140,0.8654,0.8077
7,unreached,chat,84,0.8777,0.7528
10,unreached,chat,161,0.8986,0.7576
6,unreached,chat,166,0.9014,0.7991
6,unreached,chat,144,0.9346,0.8311
8,unreached,chat,144,0.9157,0.8009
10,unreached,chat,144,0.944,0.8398
11,unreached,chat,167,0.9368,0.8227
8,accepted,chat,171,0.9435,0.9236
2,unreached,chat,168,0.9531,0.9716
10,unreached,chat,184,0.972,0.8619
7,rejected,chat,157,0.9467,0.8792
8,unreached,chat,157,0.9307,0.8213
3,unreached,chat,88,0.8768,0.7553
4,unreached,chat,88,0.9011,0.7707
8,unreached,chat,88,0.8823,0.7524
10,unreached,chat,88,0.8879,0.779
4,unreached,chat,164,0.9141,0.8515
2,rejected,chat,89,0.9391,0.8695
12,unreached,chat,171,0.8894,0.7438
10,unreached,chat,230,0.8826,0.7456
1,rejected,chat,91,0.8564,0.7991
14,unreached,chat,91,0.9418,0.7991
15,unreached,chat,91,0.9385,0.8123
3,unreached,chat,173,0.8525,0.739
15,unreached,chat,173,0.9018,0.7566
10,unreached,chat,190,0.9138,0.9018
15,unreached,chat,234,0.8907,0.7412
1,accepted,chat,236,0.8826,0.8038
15,unreached,chat,236,0.9101,0.7749
6,unreached,chat,176,0.9624,0.9145
6,unreached,chat,93,0.9286,0.842
1,accepted,chat,177,0.8993,0.8056
5,accepted,chat,195,0.9896,0.88
12,accepted,chat,195,0.9498,0.8814
8,unreached,chat,239,0.8646,0.7402
11,unreached,chat,94,0.9225,0.7975
5,unreached,chat,211,0.9704,0.9001
13,unreached,chat,242,0.9161,0.7898
10,unreached,chat,182,0.9216,0.8204
14,unreached,chat,182,0.9178,0.8208
12,unreached,chat,101,0.9161,0.8218
6,unreached,chat,213,0.8758,0.8463
8,unreached,chat,244,0.9232,0.7787
9,unreached,chat,244,0.9198,0.8035
2,accepted,chat,106,0.917,0.8519
14,unreached,chat,106,0.8901,0.7844
3,unreached,chat,183,0.8976,0.7669
10,unreached,chat,183,0.9194,0.8014
12,unreached,chat,183,0.9604,0.947
14,unreached,chat,214,0.927,0.8017
5,unreached,chat,188,0.9268,0.8553
4,unreached,chat,184,0.8829,0.7761
2,accepted,chat,216,0.8701,0.7867
6,unreached,chat,249,0.8799,0.7879
1,accepted,chat,220,0.9152,0.8681
10,unreached,chat,194,0.8903,0.7963
4,unreached,chat,187,0.8923,0.7872
8,unreached,chat,187,0.9217,0.9021
13,unreached,chat,118,0.9118,0.7706
3,accepted,chat,229,0.9355,0.841
7,unreached,chat,258,0.9491,0.8593
14,unreached,chat,199,0.9671,0.9131
5,unreached,chat,119,0.9399,0.8134
12,unreached,chat,190,0.9008,0.7584
1,accepted,chat,234,0.8533,0.7815
3,unreached,chat,234,0.9313,0.8494
11,unreached,chat,234,0.9022,0.7857
7,unreached,chat,202,0.9143,0.8037
3,unreached,chat,120,0.955,0.8108
8,unreached,chat,192,0.8767,0.7359
10,unreached,chat,236,0.918,0.8042
8,unreached,chat,262,0.9816,1.102
15,unreached,chat,193,0.9299,0.8067
4,unreached,chat,122,0.9064,0.7577
1,accepted,chat,196,0.8952,0.8039
11,unreached,chat,196,0.9512,0.9035
12,unreached,chat,196,0.9422,0.8831
8,unreached,chat,241,0.94,0.8299
6,unreached,chat,267,0.9253,0.8447
7,unreached,chat,267,0.9332,0.8329
1,rejected,chat,198,0.8469,0.7501
6,unreached,chat,198,1.001,0.9048
1,accepted,chat,269,0.913,0.8186
3,unreached,chat,124,0.902,0.8124
11,unreached,chat,124,0.9001,0.7684
13,unreached,chat,124,0.8941,0.7575
7,unreached,chat,250,0.9102,0.8436
13,unreached,chat,250,0.9225,0.8316
10,unreached,chat,213,0.9265,0.8144
9,unreached,chat,125,0.9167,0.8134
14,unreached,chat,200,0.9697,0.8339
10,unreached,chat,254,0.91,0.7998
2,rejected,chat,215,0.8919,0.8087
10,unreached,chat,128,0.9021,0.7871
15,unreached,chat,128,0.9224,0.8056
8,unreached,chat,217,0.8886,0.7741
14,unreached,chat,130,0.9092,0.7883
15,unreached,chat,130,0.9487,0.9552
14,unreached,chat,211,0.9125,0.7872
1,accepted,chat,219,0.8911,0.837
3,rejected,chat,219,0.9158,0.8442
14,unreached,chat,133,0.9383,0.831
3,rejected,chat,215,0.8567,0.7638
15,unreached,chat,263,0.9275,0.7903
5,unreached,chat,281,0.8903,0.8371
7,unreached,chat,222,0.9311,0.8674
5,unreached,chat,134,0.8921,0.7542
6,unreached,chat,134,0.8744,0.7373
10,unreached,chat,218,0.8876,0.7602
10,unreached,chat,264,0.933,0.8223
11,unreached,chat,223,0.9443,0.9382
2,rejected,chat,136,0.8507,0.767
12,unreached,chat,136,0.9237,0.794
10,unreached,chat,265,0.9252,0.7815
12,unreached,chat,265,0.9294,0.7788
5,unreached,chat,287,0.9636,0.9032
9,unreached,chat,138,0.9552,1.047
10,unreached,chat,138,0.9184,0.926
9,unreached,chat,224,0.8717,0.7587
12,unreached,chat,224,0.8691,0.7592
7,unreached,chat,266,0.9239,0.8316
12,unreached,chat,266,0.9038,0.7771
9,unreached,chat,142,0.9752,0.9501
11,unreached,chat,142,0.9463,0.7886
14,unreached,chat,268,0.9342,0.8281
10,unreached,chat,289,0.8888,0.768
10,unreached,chat,144,0.8998,0.7943
10,unreached,chat,275,0.9475,0.9151
13,unreached,chat,275,0.9305,0.8265
4,rejected,chat,290,0.8604,0.8098
5,unreached,chat,290,0.8839,0.7992
5,unreached,chat,235,0.9022,0.8105
6,unreached,chat,235,0.9041,0.8042
8,unreached,chat,239,0.9313,0.8039
9,unreached,chat,239,0.9437,0.8314
9,unreached,chat,278,0.9355,0.8259
10,unreached,chat,278,0.9291,0.8162
10,unreached,chat,294,0.9686,0.9335
8,unreached,chat,237,0.9184,0.7916
9,unreached,chat,237,0.9213,0.7946
14,unreached,chat,237,0.9278,0.8083
1,accepted,chat,149,0.8795,0.8399
11,unreached,chat,149,0.9249,0.9127
1,accepted,chat,242,0.9024,0.8069
13,unreached,chat,242,1.012,1.011
11,unreached,chat,245,1.012,0.9738
7,unreached,chat,283,0.9136,0.8852
14,unreached,chat,283,0.909,0.7377
1,rejected,chat,298,0.8642,0.7723
5,unreached,chat,298,0.9433,0.884
9,unreached,chat,240,0.907,0.7623
14,unreached,chat,153,0.8975,0.7626
4,accepted,chat,286,0.8657,0.8141
5,accepted,chat,286,0.9187,0.8891
8,rejected,chat,286,0.9096,0.8075
7,unreached,chat,156,0.904,0.845
14,unreached,chat,156,0.9381,0.8034
6,unreached,chat,252,0.9816,0.9411
13,unreached,chat,249,0.9285,0.8004
15,unreached,chat,249,0.9305,0.7981
14,unreached,chat,255,0.9269,0.7818
7,unreached,chat,253,0.9474,0.8934
10,unreached,chat,161,0.9128,0.7979
13,unreached,chat,161,0.9075,0.7832
13,unreached,chat,298,0.9264,0.8075
1,accepted,chat,309,0.8568,0.7781
13,unreached,chat,264,0.8938,0.7548
14,unreached,chat,264,0.8956,0.756
1,accepted,chat,300,0.922,0.9359
15,unreached,chat,166,0.9141,0.7976
2,accepted,chat,267,0.8649,0.7703
4,unreached,chat,267,0.9038,0.7688
15,unreached,chat,316,0.9358,0.801
6,unreached,chat,260,0.9291,0.8512
12,unreached,chat,170,0.8973,0.783
2,accepted,chat,271,0.8457,0.7758
14,unreached,chat,306,0.9291,0.8039
6,accepted,chat,320,0.9204,0.838
10,unreached,chat,320,0.9236,0.8111
13,unreached,chat,175,0.9126,0.8263
5,unreached,chat,307,0.9039,0.7818
11,unreached,chat,307,0.9273,0.7928
7,unreached,chat,265,0.9406,1.016
8,accepted,chat,266,0.9492,0.934
6,unreached,chat,183,0.9178,0.8419
12,unreached,chat,183,0.9116,0.7779
2,unreached,chat,279,0.8934,0.8011
4,unreached,chat,279,0.8527,0.734
6,unreached,chat,309,0.9225,0.8097
15,unreached,chat,309,0.9427,0.8144
8,rejected,chat,329,0.9037,0.8366
5,rejected,chat,276,0.9001,0.8949
15,unreached,chat,276,0.9081,0.7741
5,unreached,chat,280,0.8913,0.7505
1,accepted,chat,281,0.9333,0.9749
15,unreached,chat,281,0.9314,0.802
4,unreached,chat,185,0.8789,0.8037
6,unreached,chat,282,0.8905,0.7876
12,unreached,chat,282,0.9057,0.7746
6,unreached,chat,313,0.8994,0.769
13,unreached,chat,341,0.9466,0.8082
12,unreached,chat,285,0.9315,0.8136
4,unreached,chat,187,0.9607,0.8768
2,rejected,chat,284,0.8654,0.7993
1,accepted,chat,315,0.8528,0.7643
4,rejected,chat,315,0.8748,0.7727
12,unreached,chat,344,0.9071,0.7736
3,unreached,chat,193,0.8556,0.8038
4,unreached,chat,193,0.8992,0.8165
10,unreached,chat,193,0.9179,0.8332
4,unreached,chat,288,0.9144,0.8484
2,rejected,chat,320,0.9975,0.9342
8,unreached,chat,320,0.9444,0.9051
11,unreached,chat,320,0.9564,0.8756
6,unreached,chat,345,0.9482,0.8439
13,unreached,chat,322,0.9161,0.7735
4,unreached,chat,299,0.9005,0.8095
13,unreached,chat,196,0.9508,0.8098
1,accepted,chat,324,0.8553,0.7598
9,rejected,chat,324,0.9026,0.8678
10,unreached,chat,347,0.9088,0.8827
4,unreached,chat,301,0.9652,0.9307
10,unreached,chat,301,0.9146,0.7999
1,rejected,chat,199,0.8967,0.8797
3,unreached,chat,295,0.9286,0.8571
4,unreached,chat,295,0.9878,0.9629
6,unreached,chat,333,0.9141,0.9423
6,unreached,chat,302,0.9398,0.9022
15,unreached,chat,302,0.9229,0.7965
2,rejected,chat,200,0.948,1.014
2,unreached,chat,297,0.9847,0.9544
6,unreached,chat,336,0.9146,0.778
8,unreached,chat,354,0.9599,0.8437
10,unreached,chat,354,0.9498,0.7914
2,accepted,chat,303,0.9631,0.9659
2,unreached,chat,202,0.9608,0.9457
4,unreached,chat,202,0.8535,0.8529
8,unreached,chat,298,0.9074,0.7928
14,unreached,chat,298,0.9742,0.9406
1,rejected,chat,356,0.8479,0.8009
2,accepted,chat,203,0.9181,0.8387
6,unreached,chat,299,0.9223,0.838
11,unreached,chat,299,0.9395,0.8323
9,unreached,chat,339,0.9399,0.8341
11,unreached,chat,339,0.9496,0.8483
11,unreached,chat,313,0.9246,0.8556
14,unreached,chat,313,0.9198,0.8397
6,unreached,chat,302,0.8813,0.7575
15,unreached,chat,302,0.9666,0.923
2,rejected,chat,210,0.8835,0.8148
15,unreached,chat,341,0.9373,0.8203
4,rejected,chat,367,0.8601,0.8194
14,unreached,chat,306,0.9091,0.8072
12,unreached,chat,371,0.9154,0.7476
10,unreached,chat,308,0.9665,0.9941
11,unreached,chat,308,0.9607,0.9173
7,unreached,chat,347,0.9283,0.8207
2,accepted,chat,376,0.874,0.7774
13,unreached,chat,376,0.9163,0.7701
1,accepted,chat,326,0.914,0.8623
4,unreached,chat,215,0.9095,0.8136
1,accepted,chat,309,0.8369,0.7631
11,unreached,chat,348,0.9496,0.8372
1,accepted,chat,381,0.8495,0.7809
1,accepted,chat,328,0.8737,0.812
2,rejected,chat,328,0.889,0.7884
4,unreached,chat,216,0.8998,0.8336
2,rejected,chat,350,0.8829,0.7726
7,unreached,chat,350,0.9297,0.8436
15,unreached,chat,350,0.919,0.8161
9,unreached,chat,387,0.9655,0.8522
6,accepted,chat,330,0.9462,0.9201
9,unreached,chat,330,0.9,0.8314
6,unreached,chat,314,0.8864,0.7512
8,unreached,chat,337,0.9223,0.9019
9,unreached,chat,319,0.9105,0.8108
13,unreached,chat,359,0.9503,0.8172
12,unreached,chat,405,0.9314,0.8031
13,unreached,chat,405,0.8912,0.7643
1,accepted,chat,341,0.9113,0.9026
9,unreached,chat,341,0.9787,0.9631
4,unreached,chat,222,0.9664,0.9872
2,rejected,chat,321,0.8804,0.795
6,unreached,chat,321,0.9618,0.9199
8,unreached,chat,361,0.9301,0.8477
8,unreached,chat,407,0.8969,0.7952
9,unreached,chat,407,0.9284,0.7973
4,unreached,chat,347,0.9643,0.9571
3,unreached,chat,224,0.9471,0.8889
12,unreached,chat,224,0.9146,0.7799
3,unreached,chat,323,0.9526,0.8881
1,accepted,chat,364,0.859,0.7731
13,unreached,chat,364,0.9292,0.8097
2,accepted,chat,411,0.8516,0.8015
4,accepted,chat,411,0.9524,0.9998
15,unreached,chat,411,0.8811,0.7726
3,unreached,chat,225,0.961,1.013
4,unreached,chat,225,0.9326,0.842
13,unreached,chat,225,0.9004,0.7703
2,accepted,chat,366,0.8727,0.8307
6,unreached,chat,366,0.9048,0.8146
4,accepted,chat,420,0.8868,0.7891
11,unreached,chat,226,0.934,0.8326
5,unreached,chat,369,0.9402,0.8555
9,unreached,chat,428,0.8823,0.7575
14,unreached,chat,428,0.9054,0.7768
15,unreached,chat,428,0.9099,0.7839
1,rejected,chat,359,0.8466,0.821
2,unreached,chat,359,0.9461,0.8933
1,rejected,chat,370,0.8594,0.7653
7,unreached,chat,370,0.9268,0.8658
12,unreached,chat,370,0.9061,0.8265
1,accepted,chat,429,0.8839,0.8343
9,unreached,chat,429,0.8748,0.7486
9,unreached,chat,360,0.9142,0.843
5,unreached,chat,230,0.9414,0.9145
3,unreached,chat,362,0.9246,0.8899
5,unreached,chat,362,0.9526,0.9562
14,unreached,chat,341,0.9086,0.7625
2,unreached,chat,435,0.9172,0.8404
10,unreached,chat,381,0.9412,0.8421
15,unreached,chat,381,0.9369,0.8041
2,accepted,chat,436,0.8734,0.7864
4,accepted,chat,367,0.9602,0.9331
12,unreached,chat,235,0.9064,0.7998
10,unreached,chat,345,0.8922,0.7427
13,unreached,chat,345,0.9057,0.7613
15,unreached,chat,345,0.9151,0.7734
15,unreached,chat,384,0.9246,0.7894
2,rejected,chat,439,0.8999,0.797
5,unreached,chat,375,0.8994,0.9811
12,unreached,chat,375,0.8936,0.773
8,unreached,chat,239,0.8926,0.7762
9,unreached,chat,347,0.9238,0.7915
1,accepted,chat,377,0.8833,0.8687
9,accepted,chat,377,0.9022,0.8373
7,unreached,chat,348,0.8812,0.7173
12,unreached,chat,388,0.9511,0.8502
6,unreached,chat,442,0.9324,0.8183
12,unreached,chat,387,0.9488,0.8692
13,unreached,chat,387,0.9164,0.8029
9,unreached,chat,246,0.9248,0.808
15,unreached,chat,246,0.9209,0.799
9,unreached,chat,349,0.9027,0.7401
9,unreached,chat,390,0.927,0.8176
10,unreached,chat,390,0.927,0.811
13,unreached,chat,390,0.9348,0.8121
10,unreached,chat,393,0.8931,0.7469
12,unreached,chat,393,0.9146,0.767
13,unreached,chat,393,0.9588,0.901
1,accepted,chat,446,0.8684,0.9186
9,unreached,chat,250,0.8638,0.7436
10,unreached,chat,250,0.8634,0.7461
9,unreached,chat,351,0.8904,0.7381
9,unreached,chat,393,0.9205,0.7694
10,unreached,chat,398,0.9602,0.8731
14,unreached,chat,398,0.952,0.9559
8,unreached,chat,355,0.8868,0.7446
6,unreached,chat,395,0.9306,0.836
7,unreached,chat,395,0.8975,0.7394
10,unreached,chat,49,0.9455,0.791
6,unreached,chat,254,0.9137,0.7982
11,unreached,chat,360,0.9399,0.7893
15,unreached,chat,360,0.9591,0.7897
4,unreached,chat,410,0.9224,0.8428
6,unreached,chat,410,0.8881,0.7897
9,unreached,chat,410,0.8839,0.7604
12,accepted,chat,51,0.9408,0.9479
5,unreached,chat,67,0.903,0.7572
13,unreached,chat,67,0.949,0.858
6,unreached,chat,364,0.9187,0.7831
10,unreached,chat,401,0.932,0.7956
2,unreached,chat,415,0.8664,0.8452
11,unreached,chat,69,0.9729,1.013
4,unreached,chat,262,0.9406,0.85
4,unreached,chat,365,0.973,0.8807
7,unreached,chat,403,0.9546,0.855
6,unreached,chat,416,0.8978,0.7752
15,unreached,chat,416,0.929,0.8354
11,accepted,chat,77,0.9459,0.9111
8,unreached,chat,368,0.9122,0.7516
5,unreached,chat,404,0.9541,0.8989
9,unreached,chat,404,0.9322,0.8106
15,unreached,chat,418,0.8945,0.7508
13,unreached,chat,267,0.8885,0.771
14,unreached,chat,267,0.8937,0.7849
7,accepted,chat,425,0.8969,0.8334
8,accepted,chat,425,0.8856,0.8208
8,unreached,chat,115,0.9881,0.8835
12,unreached,chat,115,0.8824,1.01
13,unreached,chat,115,0.9179,0.854
4,unreached,chat,269,0.943,0.8628
6,unreached,chat,269,0.9282,0.8755
4,unreached,chat,407,0.8661,0.7437
7,accepted,chat,118,0.9048,0.8428
6,unreached,chat,270,0.9313,0.8086
8,accepted,chat,380,0.8593,0.9402
11,accepted,chat,380,0.8805,0.8683
14,unreached,chat,410,0.9056,0.7932
4,unreached,chat,438,0.9303,0.8463
4,accepted,chat,130,0.8694,0.7872
10,accepted,chat,130,0.9868,0.8559
4,accepted,chat,396,0.8615,0.8367
13,unreached,chat,441,0.89,0.7694
5,accepted,chat,145,0.9847,0.8342
3,rejected,chat,276,0.9261,0.85
6,unreached,chat,404,0.9234,0.7769
1,accepted,chat,152,0.9222,0.8868
2,accepted,chat,152,0.8522,0.8247
1,rejected,chat,42,0.9716,1.015
5,unreached,chat,42,0.9456,0.7828
14,unreached,chat,42,0.9182,0.7614
15,unreached,chat,405,0.952,0.8166
1,accepted,chat,450,0.8605,0.7724
2,accepted,chat,43,0.9962,1.017
1,rejected,chat,280,0.8874,0.7988
6,unreached,chat,408,0.9236,0.8018
7,accepted,chat,59,0.8751,0.7327
1,rejected,chat,453,0.896,0.8184
7,unreached,chat,73,0.8858,0.771
4,unreached,chat,454,0.9471,0.8928
6,unreached,chat,454,0.9281,0.8652
9,unreached,chat,166,0.9361,0.7722
15,unreached,chat,166,0.9239,0.8207
10,unreached,chat,283,0.9333,0.8554
1,accepted,chat,413,0.8656,0.7556
10,unreached,chat,413,0.8731,0.8371
5,accepted,chat,456,0.9219,0.8645
7,unreached,chat,464,0.9355,0.8335
12,unreached,chat,416,0.9411,0.8556
3,unreached,chat,181,0.9021,0.8099
7,unreached,chat,288,0.9584,0.8812
6,unreached,chat,417,0.9611,0.9701
8,unreached,chat,417,0.8588,0.9786
7,unreached,chat,183,0.9266,0.7976
8,unreached,chat,114,0.9814,0.9057
15,unreached,chat,70,0.96,0.8735
9,accepted,chat,418,0.9255,0.8716
13,unreached,chat,186,0.9001,0.7707
4,unreached,chat,117,0.9301,0.8601
14,accepted,chat,72,0.9218,0.9072
6,unreached,chat,187,0.9654,0.8891
15,unreached,chat,187,0.9824,0.8888
9,unreached,chat,296,0.9164,0.8194
14,unreached,chat,189,0.9586,0.852
15,unreached,chat,189,0.9101,0.7557
1,accepted,chat,103,0.8666,0.7267
7,unreached,chat,103,0.9967,0.9921
13,unreached,chat,103,0.977,0.9139
6,unreached,chat,297,0.952,1.059
11,unreached,chat,297,0.8901,0.7622
12,unreached,chat,297,0.8941,0.7709
5,accepted,chat,190,0.9812,0.8629
3,accepted,chat,137,0.8855,0.7525
5,unreached,chat,105,0.9092,0.8001
15,unreached,chat,105,0.907,0.753
8,unreached,chat,144,0.9437,0.8452
1,rejected,chat,46,0.8916,0.8378
2,unreached,chat,46,0.8805,0.8188
13,unreached,chat,200,0.9145,0.783
2,rejected,chat,149,0.8673,0.844
12,unreached,chat,47,0.9065,0.7849
4,unreached,chat,302,0.9387,0.8625
10,unreached,chat,201,0.8958,0.7963
12,unreached,chat,119,1.004,0.9345
14,unreached,chat,119,0.9315,0.7859
2,accepted,chat,50,0.8835,0.8262
5,unreached,chat,305,0.9166,0.8801
13,unreached,chat,305,0.8902,0.7359
7,unreached,chat,203,0.845,0.78
6,unreached,chat,161,0.9621,0.8894
10,accepted,chat,121,0.9126,0.9319
15,unreached,chat,121,0.9306,0.954
15,unreached,chat,306,0.9346,0.797
12,unreached,chat,204,0.9155,0.7962
3,accepted,chat,164,0.9511,0.8943
12,accepted,chat,132,0.8672,0.7556
1,accepted,chat,56,0.8568,0.7847
5,unreached,chat,308,0.9426,0.8982
12,unreached,chat,205,0.8862,0.7313
5,unreached,chat,171,0.9023,0.8432
12,unreached,chat,171,0.9402,0.873
15,unreached,chat,148,0.8503,0.7699
4,unreached,chat,161,0.9238,0.8647
15,unreached,chat,161,0.9652,0.8405
6,unreached,chat,62,0.8988,0.8035
10,unreached,chat,62,0.89,0.764
15,unreached,chat,62,0.859,0.7291
5,unreached,chat,312,0.9151,0.8192
11,unreached,chat,312,0.914,0.7699
6,unreached,chat,212,0.9558,0.8406
6,unreached,chat,164,0.9355,0.8228
7,unreached,chat,164,0.9746,0.9578
1,rejected,chat,313,0.8769,0.7698
14,unreached,chat,313,0.9057,0.7694
4,accepted,chat,168,0.9875,0.9696
6,accepted,chat,168,0.996,0.9645
2,accepted,chat,65,0.8749,0.8151
13,unreached,chat,218,0.9667,0.8679
3,unreached,chat,195,0.8598,0.7694
11,unreached,chat,195,0.9841,0.8574
1,accepted,chat,68,0.896,0.807
11,unreached,chat,68,0.8631,0.7292
13,unreached,chat,315,0.9282,0.7974
6,rejected,chat,220,0.8365,0.7635
12,unreached,chat,220,0.955,0.8507
13,unreached,chat,196,0.8901,0.849
3,accepted,chat,185,0.8817,0.8861
6,unreached,chat,185,0.9093,0.8519
9,unreached,chat,197,0.9592,1.017
15,unreached,chat,319,0.9365,0.8197
14,accepted,chat,198,0.9826,0.9278
4,unreached,chat,78,0.934,0.827
9,unreached,chat,78,0.875,0.7526
13,unreached,chat,78,0.8836,0.7622
1,rejected,chat,320,0.8668,0.771
3,rejected,chat,229,0.8801,0.8068
6,accepted,chat,214,0.9459,0.8768
12,unreached,chat,214,0.9015,0.8085
11,unreached,chat,195,0.8967,0.7543
1,accepted,chat,321,0.8748,0.7928
5,unreached,chat,321,0.9128,0.8132
4,unreached,chat,232,0.972,0.9816
2,accepted,chat,221,0.932,0.9414
11,unreached,chat,199,0.8913,0.7319
8,unreached,chat,82,0.8571,0.7137
9,unreached,chat,82,0.8583,0.7226
3,unreached,chat,326,0.9115,0.7984
5,unreached,chat,234,0.9739,0.998
11,unreached,chat,234,0.9399,0.8498
5,rejected,chat,201,0.8997,0.837
14,unreached,chat,201,0.9117,0.8076
3,rejected,chat,85,0.9022,0.8173
11,unreached,chat,85,0.9099,0.7667
9,unreached,chat,328,0.8914,0.7754
12,unreached,chat,328,0.9018,0.7891
14,unreached,chat,328,0.904,0.7841
6,unreached,chat,237,0.9196,0.9242
7,unreached,chat,237,0.9214,0.8158
3,unreached,chat,206,0.9132,0.8005
4,unreached,chat,241,0.9103,0.8137
11,unreached,chat,241,0.9462,0.8076
1,accepted,chat,208,0.8533,0.7596
2,rejected,chat,208,0.8466,0.7516
12,unreached,chat,332,0.9043,0.7727
8,unreached,chat,210,0.9341,0.8385
10,unreached,chat,92,0.8659,0.7379
6,unreached,chat,245,0.9808,0.8967
8,unreached,chat,212,0.9166,0.7901
7,unreached,chat,94,0.9004,0.785
12,unreached,chat,94,0.908,0.7762
14,unreached,chat,94,0.9191,0.7886
14,unreached,chat,246,0.924,0.8451
4,accepted,chat,248,0.8824,0.8484
13,unreached,chat,215,0.9567,0.8581
11,unreached,chat,97,0.8829,0.7635
4,unreached,chat,253,0.9417,0.8442
3,unreached,chat,100,0.9391,0.8733
5,unreached,chat,337,0.8952,0.8061
10,unreached,chat,337,0.8952,0.7786
9,unreached,chat,224,0.9368,0.8547
11,unreached,chat,102,0.8806,0.7363
5,accepted,chat,251,0.971,0.8146
6,accepted,chat,251,0.9541,0.932
9,unreached,chat,256,0.9823,0.9475
14,unreached,chat,230,0.9188,0.8047
2,rejected,chat,104,0.8739,0.8168
12,unreached,chat,104,0.919,0.7936
11,unreached,chat,106,0.9029,0.7671
14,unreached,chat,341,0.922,0.8039
6,accepted,chat,264,0.8657,0.8459
14,unreached,chat,264,0.8972,0.8243
8,unreached,chat,108,0.8927,0.7766
1,accepted,chat,344,0.8565,0.7667
7,unreached,chat,344,0.9057,0.7821
9,unreached,chat,344,0.8776,0.7452
14,unreached,chat,272,0.9174,0.7878
1,rejected,chat,277,0.8577,0.7787
3,unreached,chat,111,0.9019,0.9136
7,unreached,chat,111,0.9158,0.8357
12,unreached,chat,111,0.8676,0.7517
2,accepted,chat,346,0.8817,0.8151
11,unreached,chat,273,0.919,0.9468
1,accepted,chat,241,0.8896,0.7853
9,rejected,chat,275,0.9071,0.8491
9,unreached,chat,284,0.9396,0.873
2,unreached,chat,283,0.8879,0.7972
10,unreached,chat,248,0.9113,0.8199
4,unreached,chat,120,0.9792,0.9498
7,unreached,chat,120,0.8927,0.7692
8,unreached,chat,355,0.9371,0.851
9,unreached,chat,355,0.9093,0.7605
12,unreached,chat,355,0.9098,0.7845
13,unreached,chat,285,0.9385,0.8371
2,unreached,chat,284,0.8796,0.8067
11,unreached,chat,251,0.9131,0.8153
1,accepted,chat,261,0.9114,0.8764
14,unreached,chat,261,0.9073,0.8219
1,accepted,chat,357,0.8947,0.8213
4,unreached,chat,357,0.8681,0.8395
9,unreached,chat,297,0.9218,0.87
14,unreached,chat,297,0.9446,0.8269
3,accepted,chat,286,0.9596,0.9647
11,unreached,chat,267,0.9321,0.9482
15,unreached,chat,267,0.9151,0.7994
5,unreached,chat,130,0.9004,0.8104
3,unreached,chat,290,0.9751,0.8577
10,unreached,chat,290,0.9739,0.8821
8,unreached,chat,271,0.9521,0.8668
11,unreached,chat,271,0.9107,0.8013
11,unreached,chat,132,0.8616,0.7476
1,accepted,chat,299,0.8882,0.8275
3,accepted,chat,299,0.9091,0.8706
7,accepted,chat,299,0.9309,0.8551
5,accepted,chat,291,0.9736,0.9435
8,accepted,chat,291,0.9516,1.005
15,unreached,chat,273,0.9495,0.8424
1,accepted,chat,311,0.8389,0.7373
15,unreached,chat,311,0.9624,0.8973
1,rejected,chat,303,0.8407,0.7548
2,unreached,chat,303,0.9057,0.9352
1,accepted,chat,277,0.8562,0.7179
13,unreached,chat,277,0.9292,0.8246
6,unreached,chat,135,0.9222,0.7949
6,unreached,chat,304,0.9315,0.8337
6,unreached,chat,283,0.9785,1.084
1,rejected,chat,374,0.8409,0.75
13,unreached,chat,374,0.9032,0.7733
5,accepted,chat,287,0.9625,0.9386
8,unreached,chat,140,0.9194,0.8228
13,unreached,chat,140,0.877,0.7488
12,unreached,chat,375,0.918,0.8403
6,unreached,chat,307,0.8786,0.7901
15,unreached,chat,294,0.919,0.8216
3,accepted,chat,143,0.8971,0.8277
11,unreached,chat,349,0.9745,0.9438
7,unreached,chat,308,0.9265,0.8427
5,unreached,chat,147,0.955,0.8908
13,unreached,chat,351,0.914,0.8022
15,unreached,chat,312,0.9434,0.8246
3,unreached,chat,382,0.9146,0.9472
12,unreached,chat,382,0.9302,0.7974
13,unreached,chat,382,0.9303,0.79
2,accepted,chat,353,0.8788,0.8552
4,rejected,chat,301,0.8656,0.7687
8,unreached,chat,301,0.9003,0.8265
3,unreached,chat,153,1.024,1.035
15,unreached,chat,153,0.9145,0.766
5,unreached,chat,315,0.9647,0.9537
14,unreached,chat,305,0.9181,0.7665
14,unreached,chat,307,0.9055,0.7523
6,unreached,chat,155,0.9217,0.8243
1,accepted,chat,385,0.9436,0.9182
6,unreached,chat,363,0.8692,0.731
13,unreached,chat,157,0.8902,0.7644
4,accepted,chat,388,0.9193,0.8377
9,unreached,chat,367,0.9366,0.8431
12,unreached,chat,158,0.8907,0.7638
4,unreached,chat,374,0.9496,0.9224
13,unreached,chat,320,0.872,0.787
10,unreached,chat,316,0.9352,0.9038
15,unreached,chat,316,0.9169,0.7862
9,unreached,chat,395,0.906,0.8316
14,unreached,chat,395,0.9185,0.8434
6,unreached,chat,376,0.9261,0.8821
11,unreached,chat,376,0.8706,0.6996
12,unreached,chat,164,0.9153,0.7954
15,unreached,chat,164,0.9309,0.8079
1,accepted,chat,399,0.8702,0.8171
7,unreached,chat,399,0.9121,0.8099
12,unreached,chat,333,0.9307,0.7813
2,rejected,chat,167,0.9259,0.8972
5,rejected,chat,386,0.9052,0.9565
8,unreached,chat,335,0.9159,0.8041
2,rejected,chat,169,0.8652,0.79
10,unreached,chat,169,0.9155,0.8188
12,unreached,chat,169,0.919,0.8153
14,unreached,chat,169,0.9179,0.8159
2,accepted,chat,407,0.9163,0.8715
14,unreached,chat,391,0.9159,0.8371
9,unreached,chat,339,0.922,0.8182
11,unreached,chat,171,0.8915,0.7726
13,unreached,chat,171,0.899,0.7762
3,unreached,chat,410,0.888,0.8516
4,unreached,chat,410,0.9583,0.9088
7,unreached,chat,410,0.8865,0.7515
6,unreached,chat,394,0.8847,0.7816
2,rejected,chat,345,0.9022,0.8566
3,unreached,chat,173,0.913,0.8259
4,unreached,chat,173,0.9294,0.8287
13,unreached,chat,173,0.8912,0.7643
12,unreached,chat,342,0.9132,0.8026
6,unreached,chat,347,0.9609,0.9015
11,unreached,chat,347,0.9762,1.007
4,unreached,chat,174,0.9303,0.8513
8,unreached,chat,413,0.88,0.7285
1,accepted,chat,346,0.9018,0.8828
11,unreached,chat,356,0.903,0.9254
4,unreached,chat,177,0.8989,0.8093
7,unreached,chat,179,0.8719,0.7671
8,unreached,chat,362,0.9228,0.9554
2,rejected,chat,363,0.9089,0.9615
6,unreached,chat,364,0.9064,0.9713
1,rejected,chat,187,0.8625,0.7696
10,accepted,chat,427,0.8946,0.8667
13,unreached,chat,427,0.9332,0.8443
6,unreached,chat,60,0.91,0.7915
7,accepted,chat,373,0.9106,0.972
11,unreached,chat,373,0.8993,0.8097
3,accepted,chat,190,0.8913,0.8022
4,rejected,chat,190,0.8485,0.7598
10,unreached,chat,190,0.8836,0.7507
3,unreached,chat,62,0.9095,0.8101
6,unreached,chat,62,0.9363,0.8395
12,unreached,chat,62,0.913,0.7587
13,unreached,chat,62,0.9357,0.7853
13,unreached,chat,376,0.9198,0.8016
7,unreached,chat,382,0.9269,0.8707
3,unreached,chat,194,0.9114,0.8163
4,unreached,chat,194,0.8808,0.7897
10,unreached,chat,194,0.8744,0.7335
10,unreached,chat,63,0.9282,0.7797
11,unreached,chat,63,0.9325,0.7942
12,unreached,chat,63,0.9273,0.7843
14,unreached,chat,63,0.9308,0.7929
5,rejected,chat,50,0.9073,0.871
1,rejected,chat,379,0.8583,0.7931
5,unreached,chat,379,0.8877,0.8041
2,rejected,chat,64,0.8729,0.8277
7,unreached,chat,55,0.9043,0.843
10,unreached,chat,55,0.9477,0.8433
1,accepted,chat,201,0.9506,0.9293
8,accepted,chat,65,0.9065,0.8708
6,unreached,chat,383,0.8914,0.7776
14,unreached,chat,204,0.8799,0.7479
9,unreached,chat,69,0.9111,0.7854
13,unreached,chat,69,0.9223,0.7885
3,accepted,chat,74,0.8658,0.9237
6,unreached,chat,393,0.897,0.8032
5,unreached,chat,80,0.9176,0.8968
8,unreached,chat,395,0.9143,0.7765
8,unreached,chat,207,0.8698,0.7327
2,unreached,chat,71,0.9181,0.8247
6,unreached,chat,81,0.9143,0.8578
13,unreached,chat,81,0.8934,0.7334
7,unreached,chat,72,0.9455,0.848
13,unreached,chat,72,0.9554,0.8401
10,unreached,chat,400,0.9028,0.7225
9,unreached,chat,391,0.9153,0.7969
10,unreached,chat,86,0.924,0.7934
5,unreached,chat,399,0.8665,0.7245
15,unreached,chat,399,0.9519,0.7816
11,unreached,chat,79,0.9168,0.7719
9,unreached,chat,403,0.9184,0.8529
13,unreached,chat,403,0.9328,0.8058
4,unreached,chat,84,0.9323,0.8011
15,unreached,chat,84,0.9249,0.7809
14,unreached,chat,220,0.8769,0.7436
11,unreached,chat,87,0.9224,0.7836
5,accepted,chat,97,0.8705,0.8865
9,unreached,chat,97,0.9199,0.8374
15,unreached,chat,97,0.8898,0.7398
6,unreached,chat,419,0.913,0.832
11,unreached,chat,419,0.92,0.7711
1,accepted,chat,221,0.9342,0.9122
8,unreached,chat,90,0.889,0.7237
15,unreached,chat,90,0.9413,0.7926
10,unreached,chat,420,0.9189,0.7703
12,unreached,chat,420,0.9267,0.7855
15,unreached,chat,93,0.9382,0.7957
13,unreached,chat,106,0.9245,0.8007
6,unreached,chat,423,0.8884,0.7584
6,unreached,chat,227,0.9223,0.8216
1,accepted,chat,94,0.8953,0.8013
12,unreached,chat,108,0.9236,0.771
15,unreached,chat,108,0.9311,0.7561
15,unreached,chat,228,0.8881,0.7637
5,unreached,chat,113,0.9539,0.9473
8,unreached,chat,113,0.9192,0.9694
4,unreached,chat,428,0.8948,0.8083
12,unreached,chat,428,0.9955,1.08
3,unreached,chat,230,0.9379,0.864
14,unreached,chat,230,0.94,0.8147
4,unreached,chat,98,0.896,0.8041
7,unreached,chat,98,0.9399,0.8128
3,unreached,chat,114,0.9234,0.8423
12,unreached,chat,99,0.9314,0.8073
7,unreached,chat,431,0.9613,0.8541
8,unreached,chat,234,0.9379,0.8513
14,unreached,chat,234,0.8843,0.7687
13,unreached,chat,100,0.9324,0.8251
13,unreached,chat,121,0.943,0.8268
5,accepted,chat,424,0.8558,0.9359
7,rejected,chat,424,0.8871,0.8807
13,unreached,chat,434,0.9091,0.8769
4,unreached,chat,123,0.8619,0.8061
6,unreached,chat,123,0.9268,0.8805
11,unreached,chat,123,0.9161,0.8136
5,accepted,chat,437,0.9901,0.9577
8,accepted,chat,437,0.8572,0.9569
6,unreached,chat,124,0.9172,0.737
12,unreached,chat,124,0.9148,0.7546
1,accepted,chat,446,0.8329,0.7847
3,accepted,chat,108,0.8868,0.8072
11,unreached,chat,108,0.9143,0.7645
13,unreached,chat,249,0.8884,0.737
15,unreached,chat,131,0.8742,0.7252
3,rejected,chat,38,0.8933,0.8174
5,unreached,chat,253,0.8814,0.8087
15,unreached,chat,253,0.9091,0.7812
7,unreached,chat,113,0.9377,0.8047
2,accepted,chat,41,0.8967,0.806
2,accepted,chat,64,0.9149,0.8058
9,unreached,chat,64,0.9701,0.8345
14,unreached,chat,64,0.941,0.788
11,unreached,chat,254,0.8905,0.7388
15,unreached,chat,254,0.8689,0.7362
2,unreached,chat,114,0.9401,0.8486
3,unreached,chat,114,0.9438,0.8301
7,unreached,chat,114,0.953,0.8306
15,unreached,chat,135,0.917,0.7845
1,accepted,chat,44,0.8948,0.8176
11,unreached,chat,44,0.9172,0.7953
14,unreached,chat,68,0.9051,0.7426
8,unreached,chat,256,0.8811,0.7437
11,unreached,chat,259,0.8632,0.7188
3,accepted,chat,140,0.8988,0.8699
10,unreached,chat,49,0.8901,0.7063
12,unreached,chat,145,1.014,0.902
1,accepted,chat,86,0.8616,0.7652
13,unreached,chat,86,0.9125,0.7774
3,unreached,chat,267,0.9397,0.8832
14,unreached,chat,267,0.9912,0.9563
11,unreached,chat,124,0.9442,0.8158
12,unreached,chat,124,0.9396,0.8142
5,unreached,chat,146,0.9293,0.7963
10,unreached,chat,146,0.9651,0.863
8,accepted,chat,89,0.8683,0.8276
5,unreached,chat,148,1.015,0.8835
10,unreached,chat,148,1.017,0.8984
14,unreached,chat,55,0.9108,0.726
8,unreached,chat,102,0.9135,0.8347
2,rejected,chat,62,0.9073,0.86
5,unreached,chat,104,0.9047,0.8286
3,unreached,chat,271,0.9751,0.98
10,unreached,chat,271,1.004,0.8612
4,accepted,chat,64,0.8879,0.7866
11,unreached,chat,108,0.9292,0.7785
1,accepted,chat,272,0.8727,0.8305
14,unreached,chat,272,0.9134,0.7662
3,unreached,chat,135,0.9163,0.8293
4,rejected,chat,71,0.8689,0.8273
9,unreached,chat,71,0.9028,0.7922
15,unreached,chat,111,0.9033,0.7754
10,unreached,chat,234,0.8986,0.7854
15,unreached,chat,139,0.9253,0.7729
9,unreached,chat,113,0.9186,0.7758
13,unreached,chat,236,0.9366,0.843
15,unreached,chat,88,0.9577,0.8918
8,unreached,chat,141,0.9198,0.7782
15,unreached,chat,237,0.932,0.8158
15,unreached,chat,93,0.9573,0.852
4,unreached,chat,116,0.9017,0.7808
12,unreached,chat,116,0.9073,0.7484
14,unreached,chat,238,0.9326,0.802
10,unreached,chat,84,0.9133,0.7797
15,unreached,chat,117,0.9207,0.7778
14,unreached,chat,97,0.9332,0.7947
4,unreached,chat,146,0.9536,0.8302
14,unreached,chat,146,0.9449,0.8283
1,accepted,chat,244,0.8641,0.8219
5,unreached,chat,100,0.8882,0.9304
13,unreached,chat,100,0.9622,0.8848
12,unreached,chat,89,0.9118,0.784
14,unreached,chat,127,0.9422,0.8511
2,unreached,chat,246,0.8861,0.8174
4,unreached,chat,246,0.9001,0.8352
10,unreached,chat,101,0.8947,0.8533
1,accepted,chat,149,0.8986,0.8166
14,unreached,chat,247,0.9358,0.7648
4,unreached,chat,94,0.8946,0.8132
14,unreached,chat,94,0.9221,0.8164
7,unreached,chat,96,0.9279,0.8172
10,unreached,chat,108,0.9387,0.963
5,unreached,chat,98,0.8655,0.7742
15,unreached,chat,98,0.9229,0.7637
4,accepted,chat,149,0.901,0.813
14,unreached,chat,149,0.9339,0.7741
7,unreached,chat,112,0.8839,0.9753
5,unreached,chat,155,0.9015,0.7457
3,accepted,chat,100,0.8634,0.7918
1,accepted,chat,262,0.8668,0.8169
10,unreached,chat,262,0.9418,0.8608
14,unreached,chat,262,0.9241,0.7426
8,unreached,chat,113,0.9561,0.945
2,unreached,chat,104,0.9023,0.8195
11,unreached,chat,157,0.9543,0.8914
3,unreached,chat,266,0.976,0.8878
10,unreached,chat,266,0.9978,1.064
11,unreached,chat,266,0.944,0.7932
11,accepted,chat,119,0.9236,0.8996
11,unreached,chat,160,0.9024,0.7667
6,accepted,chat,159,0.9625,0.8464
4,rejected,chat,268,0.8755,0.9247
8,unreached,chat,268,0.9163,1.018
13,unreached,chat,268,0.933,0.8104
10,unreached,chat,135,0.9303,0.8128
13,unreached,chat,135,0.9757,0.9583
1,accepted,chat,163,0.8768,0.8014
5,rejected,chat,163,0.8531,0.7635
1,accepted,chat,108,0.9171,0.958
2,accepted,chat,168,0.9123,0.8159
12,unreached,chat,168,0.9521,0.8198
6,unreached,chat,113,0.9039,0.7646
7,unreached,chat,171,0.9132,0.8413
12,unreached,chat,279,0.9349,0.9822
1,accepted,chat,142,0.8941,0.8179
7,accepted,chat,142,0.9519,0.8041
15,unreached,chat,171,0.9591,0.8165
10,unreached,chat,114,0.9212,0.7497
10,unreached,chat,176,0.9773,0.9381
14,unreached,chat,176,0.9793,0.9455
10,unreached,chat,285,0.9999,1.097
5,accepted,chat,158,0.8862,0.8463
11,rejected,chat,158,0.9352,0.9225
3,unreached,chat,169,0.9176,0.8672
1,rejected,chat,173,0.8876,0.812
1,accepted,chat,170,0.8484,0.7867
2,accepted,chat,170,0.8958,0.8345
3,rejected,chat,174,0.9415,0.9605
15,unreached,chat,174,0.9414,0.8132
8,unreached,chat,121,0.9048,0.769
2,rejected,chat,177,0.8606,0.7692
2,accepted,chat,177,0.8906,0.823
11,unreached,chat,177,0.9069,0.7761
13,unreached,chat,177,0.9135,0.7721
15,unreached,chat,177,0.9159,0.7617
11,unreached,chat,122,0.981,0.8291
5,unreached,chat,181,0.9095,0.7893
15,unreached,chat,123,0.9588,0.8872
5,unreached,chat,210,0.8736,0.8889
8,accepted,chat,313,0.9293,0.8807
10,unreached,chat,182,0.934,0.7908
1,rejected,chat,211,0.8621,0.7812
7,unreached,chat,211,0.9103,0.722
3,accepted,chat,184,0.9152,0.8501
6,unreached,chat,184,0.8988,0.7775
12,unreached,chat,126,1.022,0.9752
4,unreached,chat,212,0.916,0.79
5,unreached,chat,212,0.9223,0.7302
7,unreached,chat,212,0.9033,0.7565
13,accepted,chat,332,0.9421,0.9398
15,rejected,chat,332,0.8952,0.814
15,unreached,chat,190,0.9034,0.8084
7,unreached,chat,187,0.8853,0.7142
12,unreached,chat,128,0.9806,0.8813
14,unreached,chat,188,0.9415,0.8181
9,unreached,chat,130,0.9919,0.9012
15,unreached,chat,215,0.9191,0.8397
13,unreached,chat,363,0.9138,0.7975
12,unreached,chat,193,0.911,0.8052
1,rejected,chat,191,0.8655,0.7703
10,unreached,chat,191,0.9331,0.8035
9,unreached,chat,217,0.9246,0.8634
8,unreached,chat,384,0.9088,0.7645
11,unreached,chat,384,0.9179,0.808
6,unreached,chat,193,0.9359,0.8394
7,unreached,chat,193,0.9632,0.8583
5,rejected,chat,230,0.8692,0.7966
15,unreached,chat,230,0.9377,0.8021
11,unreached,chat,385,0.9021,0.752
2,rejected,chat,198,0.8467,0.8776
10,unreached,chat,198,0.9351,0.9289
4,unreached,chat,194,0.9429,0.8264
8,unreached,chat,194,0.9828,0.8512
5,unreached,chat,235,0.8962,0.8241
9,unreached,chat,389,0.9701,1.078
5,accepted,chat,200,0.8699,0.8184
14,unreached,chat,197,0.9299,0.8037
7,unreached,chat,391,0.9178,0.8403
1,accepted,chat,198,0.8871,0.809
8,unreached,chat,198,0.8997,0.7505
11,unreached,chat,198,0.9237,0.7895
10,unreached,chat,239,0.89,0.9538
6,accepted,chat,394,0.9324,0.8896
4,accepted,chat,86,0.8484,0.7666
9,accepted,chat,240,0.8838,0.9389
13,unreached,chat,240,0.9013,0.827
13,unreached,chat,214,0.9299,0.8865
3,accepted,chat,206,0.9013,0.8343
7,accepted,chat,417,0.8881,0.8442
15,accepted,chat,427,0.8933,0.8186
5,accepted,chat,230,0.8918,0.8179
4,accepted,chat,108,0.9176,0.8895
9,accepted,chat,108,0.8744,0.8279
12,unreached,chat,108,0.8957,0.8422
12,accepted,chat,443,0.9028,0.937
5,accepted,chat,236,0.9461,0.9304
7,accepted,chat,236,0.857,0.9241
8,unreached,chat,118,0.9218,0.8134
5,unreached,chat,267,0.9316,0.8613
12,unreached,chat,459,0.9068,0.7544
14,unreached,chat,119,0.9304,0.7803
8,unreached,chat,460,0.9159,0.8492
3,rejected,chat,224,0.9509,0.8796
15,unreached,chat,224,0.9207,0.757
10,accepted,chat,265,0.9418,0.9403
2,accepted,chat,128,0.8581,0.7781
8,unreached,chat,280,0.9283,0.834
13,unreached,chat,476,0.9653,1.015
6,rejected,chat,276,0.8941,0.8876
15,unreached,chat,276,0.9237,0.8055
10,accepted,chat,131,0.9005,0.8722
5,unreached,chat,228,0.901,0.7694
6,unreached,chat,228,0.9153,0.7851
7,unreached,chat,283,0.9368,0.8143
12,unreached,chat,283,0.9096,0.7602
5,accepted,chat,481,0.9229,0.9823
15,accepted,chat,481,0.9297,0.8936
3,unreached,chat,282,0.9358,0.7984
7,unreached,chat,230,0.9383,0.8627
14,unreached,chat,285,0.91,0.7777
1,accepted,chat,232,0.8809,0.7796
2,rejected,chat,287,0.8658,0.8087
5,unreached,chat,288,0.9686,0.9036
15,unreached,chat,234,0.9308,0.8132
12,unreached,chat,289,0.9012,0.814
14,unreached,chat,291,0.9437,0.8625
15,unreached,chat,291,0.8875,0.8168
14,unreached,chat,236,0.9182,0.7703
2,accepted,chat,291,0.8905,0.8088
8,accepted,chat,292,0.9283,0.9147
15,accepted,chat,292,0.9556,0.8534
1,accepted,chat,559,0.9291,0.8486
8,accepted,chat,559,0.8513,0.7987
10,rejected,chat,305,0.863,0.9111
7,accepted,chat,568,0.8757,0.852
15,unreached,chat,568,0.929,0.8588
2,accepted,chat,315,0.8687,0.8157
5,rejected,chat,315,0.9023,0.8035
15,unreached,chat,315,0.9492,0.86
3,unreached,chat,326,0.9345,0.9397
5,unreached,chat,227,0.9422,0.8932
3,accepted,chat,228,0.9476,0.8851
6,unreached,chat,336,0.895,0.8477
14,unreached,chat,329,0.9294,0.7761
4,rejected,chat,235,0.8864,0.8333
10,unreached,chat,235,0.9458,0.8027
6,unreached,chat,252,0.9168,0.8185
3,rejected,chat,340,0.9109,0.8591
6,unreached,chat,239,0.9518,0.8814
8,unreached,chat,340,0.9454,0.7804
7,unreached,chat,241,0.9398,0.8447
2,rejected,chat,86,1.008,0.9555
1,accepted,chat,255,0.8771,0.8183
15,unreached,chat,255,0.9139,0.7469
5,accepted,chat,352,0.9116,0.8704
14,unreached,chat,352,0.9255,0.7322
10,unreached,chat,246,0.9215,0.842
4,unreached,chat,260,0.9265,0.8498
11,unreached,chat,260,0.9303,0.81
12,unreached,chat,349,0.9311,0.7776
6,accepted,chat,104,0.9576,0.9483
3,accepted,chat,263,0.8824,0.7996
12,unreached,chat,363,0.9706,0.9374
2,accepted,chat,352,0.8636,0.7424
14,unreached,chat,257,0.9119,0.7636
14,unreached,chat,112,0.9859,0.9915
15,unreached,chat,112,0.9133,0.8442
5,unreached,chat,366,0.8871,0.9619
13,unreached,chat,370,0.9264,0.7987
5,accepted,chat,367,0.8778,0.741
11,accepted,chat,367,0.8545,0.7389
12,accepted,chat,367,0.8865,0.7689
4,accepted,chat,261,0.9002,0.8556
3,accepted,chat,33,0.9783,0.9711
9,unreached,chat,33,0.9473,0.7834
3,unreached,chat,375,0.8882,0.8186
5,unreached,chat,38,0.9575,0.8264
10,unreached,chat,38,0.9423,0.7721
1,accepted,chat,376,0.8408,0.7708
6,unreached,chat,376,0.9514,0.8143
9,accepted,chat,125,0.9651,0.936
2,accepted,chat,39,0.9745,0.9052
11,accepted,chat,39,0.9404,0.9096
4,rejected,chat,378,0.9001,0.7739
15,unreached,chat,378,0.914,0.7366
2,unreached,chat,141,0.9093,0.8402
4,unreached,chat,141,0.8885,0.7717
6,unreached,chat,53,0.9707,0.8924
11,accepted,chat,308,0.9288,0.8671
12,unreached,chat,142,0.9512,0.8642
12,unreached,chat,60,0.981,0.9209
14,unreached,chat,60,0.9785,0.9292
15,unreached,chat,60,0.9416,0.7858
3,unreached,chat,387,0.8684,0.8098
14,unreached,chat,387,0.9231,1.029
3,rejected,chat,321,0.8845,0.789
5,accepted,chat,64,0.9485,0.8368
4,unreached,chat,389,0.9388,0.8159
1,accepted,chat,148,0.8977,0.7944
3,accepted,chat,148,0.9739,1.052
1,accepted,chat,71,0.8769,0.7921
6,accepted,chat,80,0.9163,0.8681
6,accepted,chat,390,0.9203,0.8561
10,unreached,chat,390,0.9406,0.7802
3,accepted,chat,340,0.9513,0.8805
8,unreached,chat,87,0.9414,0.8696
11,unreached,chat,87,0.936,0.8091
14,unreached,chat,87,0.9307,0.8357
12,unreached,chat,397,0.9506,0.911
15,unreached,chat,356,0.9528,0.8451
12,accepted,chat,112,0.8533,0.7887
5,accepted,chat,364,0.9728,0.8609
13,accepted,chat,364,0.9481,0.9151
10,accepted,chat,102,0.9577,0.8922
3,accepted,chat,402,0.9052,0.8827
10,unreached,chat,380,0.9519,0.8979
10,unreached,chat,182,0.9641,0.9731
2,accepted,chat,118,0.835,0.8002
11,unreached,chat,140,0.9343,0.8012
14,unreached,chat,123,0.9526,0.7674
9,unreached,chat,143,0.9159,0.8758
6,rejected,chat,416,0.8943,0.9309
13,unreached,chat,393,0.9113,0.7769
9,unreached,chat,199,0.9098,0.8352
7,unreached,chat,129,0.9354,0.8144
1,accepted,chat,423,0.8508,0.7999
10,accepted,chat,216,0.9001,0.9781
7,accepted,chat,171,0.8763,0.8418
3,accepted,chat,427,0.9105,0.9861
3,accepted,chat,229,0.8782,0.8113
12,unreached,chat,229,0.8944,0.7505
1,accepted,chat,434,0.8781,0.8748
9,unreached,chat,434,0.9244,0.8044
4,accepted,chat,233,0.8314,0.8115
2,accepted,chat,139,0.8859,0.7986
1,accepted,chat,437,0.8639,0.8105
11,unreached,chat,429,0.9406,1.066
12,accepted,chat,143,0.9346,0.8813
6,accepted,chat,196,0.8522,0.8299
10,unreached,chat,439,0.8705,0.8516
12,unreached,chat,254,0.9542,0.875
8,unreached,chat,159,0.9422,0.8035
7,accepted,chat,204,0.9555,0.9045
10,accepted,chat,204,0.974,0.9114
7,unreached,chat,439,0.9108,0.8604
13,unreached,chat,439,0.885,0.8067
2,accepted,chat,261,0.8641,0.7774
13,unreached,chat,220,0.94,0.7658
13,unreached,chat,445,0.9232,0.7715
13,unreached,chat,202,0.9189,0.7851
4,unreached,chat,448,0.8891,0.7725
6,unreached,chat,448,0.9284,0.8458
6,unreached,chat,177,0.9662,0.8755
10,unreached,chat,177,0.9563,0.8381
14,unreached,chat,240,0.9999,0.8961
3,rejected,chat,449,0.8955,0.7907
13,unreached,chat,449,0.9519,0.878
8,unreached,chat,243,0.953,1.031
14,accepted,chat,303,0.8632,0.8742
4,accepted,chat,247,0.9607,0.801
11,unreached,chat,247,0.939,0.7828
12,unreached,chat,210,0.9516,0.8176
4,accepted,chat,454,0.8825,0.745
5,accepted,chat,454,0.9301,0.8393
9,unreached,chat,454,0.9457,0.8544
14,unreached,chat,454,0.9331,0.9044
5,accepted,chat,188,0.9384,0.93
7,accepted,chat,252,0.9536,0.7683
9,accepted,chat,334,0.8676,0.7768
1,accepted,chat,214,0.9107,0.832
14,accepted,chat,214,0.9974,0.8796
11,accepted,chat,266,0.9796,0.9146
9,accepted,chat,223,0.9339,0.8784
2,accepted,chat,361,0.9656,0.934
4,accepted,chat,361,0.9409,0.9862
5,accepted,chat,230,0.8995,0.8338
1,accepted,chat,282,0.8872,0.799
3,rejected,chat,282,0.8607,0.7953
4,unreached,chat,282,0.9231,0.8168
3,accepted,chat,234,0.9413,0.982
11,accepted,chat,372,0.9777,0.8903
3,accepted,chat,241,0.9251,0.8688
5,accepted,chat,241,0.8794,0.806
12,unreached,chat,34,0.9316,0.8275
12,accepted,chat,388,0.9267,0.8541
1,accepted,chat,252,0.8693,0.7835
3,accepted,chat,252,0.9139,0.9721
9,accepted,chat,286,0.9533,0.7711
3,accepted,chat,253,0.9147,0.951
9,unreached,chat,38,0.9482,0.8881
11,accepted,chat,302,0.8866,0.9213
2,accepted,chat,40,0.8872,0.8244
14,unreached,chat,40,0.9239,0.7796
6,accepted,chat,420,0.8671,0.7872
5,accepted,chat,277,0.9353,0.8403
15,accepted,chat,277,0.9966,0.843
7,unreached,chat,269,0.9797,1.077
10,unreached,chat,269,0.9631,0.9571
4,accepted,chat,436,0.8799,0.9242
5,accepted,chat,436,0.947,0.869
13,unreached,chat,436,0.8782,0.807
6,accepted,chat,293,0.9167,0.9071
4,unreached,chat,50,0.9371,0.8351
2,unreached,chat,448,0.8502,0.7811
14,unreached,chat,448,0.917,0.8177
7,accepted,chat,273,0.9526,0.9227
14,unreached,chat,51,0.9859,1.14
2,accepted,chat,319,0.9367,0.93
5,accepted,chat,336,0.9553,0.8741
9,accepted,chat,282,0.9295,0.9095
8,unreached,chat,62,0.9044,0.7507
3,accepted,chat,450,0.9619,0.9147
14,unreached,chat,450,0.9631,0.9862
5,accepted,chat,294,0.8817,0.8527
11,unreached,chat,65,0.9194,0.7596
4,unreached,chat,459,0.8977,0.7376
11,unreached,chat,459,0.9182,0.7519
2,accepted,chat,368,0.9543,0.8436
4,accepted,chat,460,0.8384,0.7272
2,accepted,chat,338,0.8994,0.7926
8,rejected,chat,338,0.9616,0.944
10,accepted,chat,384,0.929,0.8625
15,unreached,chat,384,0.9337,0.8318
14,unreached,chat,305,0.97,0.8114
14,unreached,chat,346,0.9275,0.8015
7,accepted,chat,307,0.9482,0.9992
10,accepted,chat,307,0.9298,0.9841
11,accepted,chat,307,0.9329,0.8751
2,accepted,chat,347,0.8946,0.8426
10,unreached,chat,347,0.9429,0.8252
15,unreached,chat,412,0.9417,0.8423
4,accepted,chat,321,0.8943,0.8247
11,accepted,chat,321,0.9182,0.905
3,accepted,chat,353,0.8841,0.7852
5,accepted,chat,353,0.8986,0.8077
6,rejected,chat,353,0.9154,0.8867
10,unreached,chat,353,0.9541,0.7841
4,unreached,chat,43,0.9241,0.8288
11,unreached,chat,43,0.9251,0.7395
15,unreached,chat,43,0.9232,0.7422
2,accepted,chat,336,0.876,0.7984
4,accepted,chat,336,0.8845,0.8069
2,accepted,chat,45,0.9042,0.8291
9,unreached,chat,45,0.9397,0.8178
11,accepted,chat,362,0.9089,0.8492
8,accepted,chat,343,0.8919,0.8186
1,accepted,chat,88,0.8611,0.7827
7,unreached,chat,88,0.9266,0.9447
13,unreached,chat,88,0.9086,0.7696
1,accepted,chat,376,0.901,0.8576
4,unreached,chat,359,0.9284,0.8402
3,accepted,chat,383,0.934,0.8239
6,unreached,chat,362,0.9053,1.013
7,unreached,chat,93,0.9273,0.8212
7,unreached,chat,58,0.9511,0.8503
12,unreached,chat,58,0.9437,0.8418
8,accepted,chat,393,0.9022,0.8539
12,unreached,chat,393,0.9945,0.8797
9,unreached,chat,365,0.9666,1.003
10,unreached,chat,402,0.9584,0.9039
6,unreached,chat,52,0.9191,0.7978
3,accepted,chat,376,0.8825,0.812
6,unreached,chat,376,0.9333,0.8215
13,unreached,chat,376,0.9056,0.7468
10,rejected,chat,98,0.9029,0.8133
3,unreached,chat,54,0.8776,0.8215
11,unreached,chat,380,0.9202,0.8123
14,unreached,chat,380,0.9382,0.8413
2,accepted,chat,108,0.8652,0.7831
11,unreached,chat,108,0.9217,0.8064
1,accepted,chat,384,0.8592,0.7719
5,unreached,chat,384,0.9758,1.11
15,unreached,chat,384,0.9473,0.8453
3,unreached,chat,83,0.9188,0.9811
7,unreached,chat,59,0.9546,0.8733
12,unreached,chat,186,0.9267,0.7423
2,unreached,chat,386,0.9087,0.8506
3,unreached,chat,386,0.8657,0.7899
1,rejected,chat,112,0.8662,0.8256
7,unreached,chat,112,0.9424,0.8185
6,unreached,chat,62,0.9207,0.8081
15,unreached,chat,113,0.9488,0.9459
14,unreached,chat,64,0.9636,0.9927
9,unreached,chat,391,0.9978,0.794
2,rejected,chat,118,0.8831,0.8336
4,unreached,chat,118,0.9346,0.9178
15,unreached,chat,118,0.9275,0.8021
5,unreached,chat,70,0.9175,0.8299
15,unreached,chat,212,0.9491,0.8333
6,unreached,chat,393,0.9204,0.8161
3,rejected,chat,96,0.8742,0.8148
3,unreached,chat,73,0.9167,0.8447
1,rejected,chat,226,0.8352,0.8212
15,unreached,chat,123,0.9321,0.8197
3,rejected,chat,99,0.8915,0.8344
5,unreached,chat,99,0.9067,0.8143
9,unreached,chat,75,0.9236,0.8441
4,unreached,chat,102,0.8904,0.7959
7,unreached,chat,102,0.9308,0.8438
3,accepted,chat,78,0.9117,0.9584
4,rejected,chat,78,0.8884,0.8514
3,unreached,chat,127,0.9135,0.9499
10,unreached,chat,244,0.9428,0.799
6,unreached,chat,215,0.9071,0.7345
1,accepted,chat,128,0.8957,0.8416
9,unreached,chat,128,0.92,0.7781
7,unreached,chat,108,0.9374,0.8806
4,accepted,chat,83,0.924,0.8565
12,unreached,chat,83,0.9493,0.8525
1,accepted,chat,88,0.8668,0.7871
6,unreached,chat,88,0.9092,0.7938
6,accepted,chat,256,0.9061,0.847
13,accepted,chat,256,0.9351,1.007
9,unreached,chat,220,0.8853,0.7571
15,unreached,chat,112,0.9249,0.7959
7,accepted,chat,90,0.9175,0.847
2,accepted,chat,272,0.9011,0.9207
15,accepted,chat,223,0.8891,0.7661
14,unreached,chat,139,0.9516,0.8836
2,accepted,chat,116,0.8929,0.9239
9,unreached,chat,101,0.8657,0.8663
12,accepted,chat,288,0.8739,0.8783
1,accepted,chat,239,0.8605,0.7644
3,accepted,chat,239,0.8707,0.7241
5,accepted,chat,239,0.8995,0.8295
11,accepted,chat,239,0.8721,0.7783
11,unreached,chat,106,0.9746,1.02
5,accepted,chat,154,0.8705,0.7815
14,unreached,chat,121,0.9173,0.775
15,unreached,chat,121,0.9138,0.7736
3,unreached,chat,110,0.8945,0.787
15,unreached,chat,225,0.9475,0.8964
11,unreached,chat,167,0.9331,0.8476
12,unreached,chat,167,0.9207,0.8013
5,unreached,chat,125,0.9262,0.8048
2,accepted,chat,227,0.9677,0.9358
5,unreached,chat,172,0.9355,0.8573
6,unreached,chat,172,0.9404,0.8537
3,unreached,chat,128,0.8852,0.8282
7,unreached,chat,173,0.9434,0.7917
8,unreached,chat,173,0.9424,0.795
12,unreached,chat,173,0.9397,0.8725
4,rejected,chat,325,0.9291,0.8813
11,unreached,chat,130,0.9273,0.8169
14,unreached,chat,130,0.9266,0.8095
6,accepted,chat,329,0.9104,0.8922
4,unreached,chat,255,0.8838,0.8354
14,unreached,chat,255,0.9585,0.8207
9,unreached,chat,134,0.954,0.8551
15,unreached,chat,134,0.9223,0.83
5,accepted,chat,340,0.9643,0.9595
9,accepted,chat,340,0.9584,0.8533
11,accepted,chat,356,0.8966,0.8048
13,accepted,chat,356,0.8734,0.8035
1,accepted,chat,260,0.8704,0.8399
5,rejected,chat,178,0.8706,0.9083
9,unreached,chat,178,0.8939,0.8351
7,unreached,chat,143,0.9301,0.8068
12,unreached,chat,143,0.9662,0.9856
6,unreached,chat,137,0.9547,0.8825
12,unreached,chat,137,0.9437,0.9069
2,accepted,chat,264,0.9105,0.8212
3,unreached,chat,145,0.8847,0.7991
5,unreached,chat,145,0.9206,0.8838
3,accepted,chat,388,0.8692,0.8052
6,unreached,chat,267,0.9021,0.8122
1,accepted,chat,146,0.8891,0.7917
13,unreached,chat,156,0.9513,0.8702
1,accepted,chat,404,0.8874,0.8306
1,accepted,chat,270,0.8713,0.815
1,accepted,chat,186,0.8497,0.7746
9,unreached,chat,149,0.9092,0.7936
15,unreached,chat,188,0.9472,0.839
8,unreached,chat,152,0.9313,0.7646
14,unreached,chat,152,0.9679,0.9956
2,accepted,chat,176,0.9193,0.9005
6,accepted,chat,176,0.9249,0.8902
9,accepted,chat,176,0.9556,0.8618
1,rejected,chat,282,0.8459,0.8132
6,unreached,chat,153,0.9236,0.8515
13,unreached,chat,188,0.9757,0.9363
14,accepted,chat,433,0.9691,0.9726
11,unreached,chat,284,0.9173,0.8131
15,unreached,chat,284,0.9218,0.7879
3,accepted,chat,156,0.8666,0.8177
7,rejected,chat,156,0.9126,0.7951
8,unreached,chat,156,0.9612,0.8727
4,unreached,chat,189,0.8781,0.8017
12,unreached,chat,189,0.9557,0.8859
15,unreached,chat,189,0.9634,0.8814
5,accepted,chat,449,0.951,0.8984
7,accepted,chat,449,0.9637,0.8489
13,accepted,chat,449,0.8541,0.7313
15,accepted,chat,449,0.8614,0.7432
7,unreached,chat,191,0.8876,0.8243
12,unreached,chat,191,0.9444,0.8489
14,unreached,chat,191,0.919,0.79
9,unreached,chat,171,0.9715,1.017
7,unreached,chat,217,0.9245,0.8908
10,unreached,chat,217,0.936,0.8369
15,unreached,chat,217,0.9341,0.8846
1,accepted,chat,199,0.8563,0.8854
13,unreached,chat,199,0.9186,0.7695
14,unreached,chat,199,0.9071,0.7414
13,unreached,chat,303,0.932,0.7905
9,unreached,chat,218,0.9119,0.9152
7,unreached,chat,219,0.92,1
10,unreached,chat,219,0.9756,1.021
13,unreached,chat,219,0.9457,0.8717
14,unreached,chat,219,0.9293,0.8493
4,unreached,chat,178,0.9618,0.8828
2,accepted,chat,323,0.8721,0.7599
4,accepted,chat,222,0.919,0.8711
14,unreached,chat,210,0.9538,0.9979
13,unreached,chat,516,0.9193,0.8388
14,accepted,chat,339,0.8814,0.8027
15,unreached,chat,228,0.9478,0.817
13,unreached,chat,181,0.909,0.7798
4,unreached,chat,187,0.9385,0.9413
6,unreached,chat,215,0.8868,0.8633
13,accepted,chat,371,0.9117,0.8391
14,accepted,chat,371,0.9139,0.8861
4,accepted,chat,189,0.8963,0.8625
7,unreached,chat,546,1.027,0.9947
4,accepted,chat,403,0.9607,0.8908
11,unreached,chat,222,0.8667,0.8827
14,unreached,chat,418,0.9331,0.8345
9,accepted,chat,231,0.9723,0.9854
4,unreached,chat,549,0.9134,0.9645
14,unreached,chat,549,0.9657,0.8973
13,accepted,chat,246,0.9449,1.085
15,unreached,chat,263,0.9205,0.8715
9,unreached,chat,261,0.9379,0.8555
3,accepted,chat,453,0.9412,0.9033
9,accepted,chat,265,0.9362,0.9538
11,accepted,chat,265,0.8825,0.9389
1,rejected,chat,222,0.8904,0.8259
14,unreached,chat,222,0.9408,0.8551
2,unreached,chat,263,0.9261,0.9427
13,unreached,chat,553,0.895,0.9675
10,rejected,chat,469,0.8622,0.8371
3,accepted,chat,281,0.8943,0.9103
8,unreached,chat,281,0.9147,0.7885
9,unreached,chat,281,0.9868,0.9533
15,unreached,chat,281,0.9256,0.8041
12,unreached,chat,559,0.9599,0.926
13,unreached,chat,559,0.9095,0.8096
2,unreached,chat,479,0.874,0.789
10,unreached,chat,287,0.9713,1.032
11,unreached,chat,226,0.9627,0.883
10,accepted,chat,480,0.9447,0.7969
14,unreached,chat,563,0.9251,0.8371
5,unreached,chat,495,0.9354,1.02
6,unreached,chat,495,0.8954,0.9022
1,accepted,chat,298,0.8782,0.8349
13,unreached,chat,298,0.9267,0.8233
4,rejected,chat,229,0.8895,0.8334
7,accepted,chat,307,0.8859,0.9583
4,accepted,chat,323,0.8993,0.9021
14,unreached,chat,505,0.9224,0.8722
2,rejected,chat,306,0.8637,0.8092
10,unreached,chat,306,0.8757,0.8947
12,unreached,chat,306,0.9753,0.9023
2,accepted,chat,339,0.9545,0.8511
13,unreached,chat,308,0.9214,0.7654
15,unreached,chat,308,0.9136,0.7656
12,unreached,chat,511,0.9457,0.8158
6,rejected,chat,280,0.9362,0.9081
12,unreached,chat,312,0.9171,0.7791
3,unreached,chat,240,0.9687,0.9667
3,accepted,chat,357,0.9038,0.7964
2,accepted,chat,522,0.8631,0.7704
8,accepted,chat,522,0.9529,0.8765
14,unreached,chat,538,0.9152,0.9315
6,unreached,chat,319,0.9267,0.8843
5,unreached,chat,242,0.9468,0.8804
3,accepted,chat,376,0.9435,0.9506
6,accepted,chat,541,0.8911,0.8135
6,unreached,chat,320,0.9325,1.007
3,accepted,chat,392,0.9495,0.9102
8,unreached,chat,364,0.8936,0.7793
8,unreached,chat,247,0.9069,0.8137
2,accepted,chat,408,0.9071,0.8464
9,accepted,chat,408,0.9575,0.9349
2,accepted,chat,558,0.8576,0.7822
12,unreached,chat,367,0.8739,0.7536
7,unreached,chat,566,0.9081,0.8021
15,unreached,chat,328,0.9656,0.985
14,unreached,chat,250,0.9379,0.8129
4,unreached,chat,371,0.9033,0.8581
7,unreached,chat,355,0.9415,0.9269
1,accepted,chat,337,0.8647,0.8744
5,unreached,chat,573,0.9518,0.8224
6,rejected,chat,359,0.9769,0.9251
11,unreached,chat,359,0.9742,1.003
5,unreached,chat,339,0.9238,0.9078
4,unreached,chat,256,0.9445,0.8527
1,rejected,chat,376,0.8632,0.7824
11,unreached,chat,376,0.898,0.755
13,unreached,chat,376,0.9063,0.7691
14,unreached,chat,376,0.9078,0.7729
3,accepted,chat,340,0.9012,0.8235
9,unreached,chat,340,0.9301,0.8871
1,accepted,chat,258,0.8789,0.8368
7,unreached,chat,258,0.9178,0.8438
9,unreached,chat,258,0.9358,0.8794
11,unreached,chat,258,0.9354,0.8268
3,accepted,chat,583,0.9613,0.9356
8,accepted,chat,583,0.9009,0.819
15,unreached,chat,583,0.9134,0.7553
2,accepted,chat,371,0.9432,0.8836
5,accepted,chat,371,0.9121,0.8573
9,unreached,chat,344,0.9172,0.8813
15,unreached,chat,262,0.9136,0.7659
2,accepted,chat,345,0.8736,0.7886
2,accepted,chat,266,0.8897,0.9206
4,rejected,chat,596,0.9326,0.8642
5,accepted,chat,348,0.9061,0.833
11,unreached,chat,271,0.9132,0.9102
12,unreached,chat,271,0.8803,0.8751
11,rejected,chat,385,0.8661,0.8447
11,accepted,chat,364,0.9157,0.99
15,accepted,chat,364,0.9745,0.8974
3,unreached,chat,277,0.9209,0.812
3,rejected,chat,396,0.9192,0.8501
5,unreached,chat,396,0.9216,0.7677
11,accepted,chat,380,0.916,0.9047
1,accepted,chat,54,0.9073,0.8844
4,unreached,chat,54,0.8902,0.8168
4,accepted,chat,396,0.8777,0.9384
9,unreached,chat,290,0.9443,1.088
1,accepted,chat,402,0.8633,0.8801
3,accepted,chat,402,0.9554,0.8976
4,unreached,chat,57,0.9158,0.8298
8,unreached,chat,57,0.9186,0.7574
3,accepted,chat,31,0.9282,0.8545
5,unreached,chat,31,0.9096,0.7952
9,unreached,chat,31,0.9174,0.7522
9,rejected,chat,406,0.8829,0.7947
3,rejected,chat,409,0.87,0.7647
3,unreached,chat,58,0.8952,0.815
3,unreached,chat,60,0.9099,0.8159
14,unreached,chat,60,0.9287,0.7887
5,accepted,chat,42,0.8783,0.8157
11,accepted,chat,315,0.8978,0.7544
4,rejected,chat,62,0.9596,0.9175
9,unreached,chat,62,0.9325,0.8162
13,unreached,chat,55,0.9258,0.7902
12,unreached,chat,428,0.8717,0.8943
9,unreached,chat,62,0.9192,0.8408
12,unreached,chat,70,0.9544,0.8411
5,accepted,chat,341,0.9089,0.7808
10,accepted,chat,341,0.9122,0.9371
14,unreached,chat,75,0.9117,0.7856
6,unreached,chat,71,0.9338,0.8211
7,unreached,chat,441,0.9169,0.8094
8,unreached,chat,74,0.9826,0.9099
9,unreached,chat,362,0.9305,0.8661
2,accepted,chat,442,0.944,0.8932
2,accepted,chat,80,0.8855,0.9468
3,accepted,chat,80,0.9055,0.9352
4,rejected,chat,367,0.9224,0.9029
11,unreached,chat,367,0.8786,0.9172
12,unreached,chat,446,0.9006,0.7449
4,rejected,chat,449,0.9108,0.8112
10,unreached,chat,449,0.8945,0.7446
12,unreached,chat,449,0.8999,0.7541
6,unreached,chat,97,0.8947,0.8112
9,unreached,chat,97,0.89,0.7649
7,unreached,chat,376,0.9715,0.8618
3,accepted,chat,453,0.9204,0.8384
13,unreached,chat,91,0.9712,0.9069
1,accepted,chat,103,0.8632,0.7862
2,accepted,chat,103,0.8724,0.7865
11,unreached,chat,103,0.9613,1.009
10,unreached,chat,463,0.985,0.9188
6,unreached,chat,79,0.9329,0.8215
3,accepted,chat,105,0.9384,0.8776
15,unreached,chat,105,0.957,0.8231
3,unreached,chat,385,0.8969,0.7956
2,rejected,chat,83,0.8535,0.7752
2,accepted,chat,115,0.8977,0.826
4,accepted,chat,115,0.8726,0.8617
5,unreached,chat,386,0.9138,0.9473
1,accepted,chat,468,0.8762,0.7946
3,accepted,chat,114,0.8816,0.9418
12,unreached,chat,85,0.8847,0.7758
2,accepted,chat,120,0.8938,0.8246
6,accepted,chat,475,0.96,0.9982
15,unreached,chat,121,0.9732,0.9856
10,unreached,chat,87,0.8864,0.8455
7,unreached,chat,489,0.8441,0.8573
11,unreached,chat,489,0.9709,0.8697
9,unreached,chat,491,0.9067,0.9484
1,accepted,chat,92,0.8802,0.8097
4,rejected,chat,92,0.9078,0.9177
8,unreached,chat,395,0.9155,0.8918
11,unreached,chat,395,0.9228,0.8568
13,unreached,chat,395,0.9281,0.8135
3,accepted,chat,497,0.8742,0.8655
8,accepted,chat,497,0.9203,0.9272
14,unreached,chat,132,0.9164,0.7848
4,unreached,chat,399,0.9679,0.9368
5,accepted,chat,506,0.9046,0.8604
4,unreached,chat,135,0.9049,0.8162
6,unreached,chat,135,0.9015,0.7534
9,unreached,chat,400,0.931,1.03
14,unreached,chat,400,0.9402,0.8637
8,unreached,chat,515,0.9571,0.9179
8,unreached,chat,137,0.9153,0.8422
14,unreached,chat,137,0.9188,0.788
9,unreached,chat,404,0.9429,0.8724
7,unreached,chat,520,0.9024,0.9948
11,unreached,chat,520,0.9393,0.8474
13,unreached,chat,520,0.9445,0.8568
5,unreached,chat,107,0.8922,0.8048
7,unreached,chat,141,0.9432,0.8534
7,unreached,chat,406,0.9545,1.06
8,unreached,chat,406,0.9344,1.013
11,unreached,chat,522,0.9363,0.8622
6,accepted,chat,147,0.9249,0.8506
6,unreached,chat,407,0.8933,0.9049
15,unreached,chat,407,0.936,0.7917
6,accepted,chat,408,0.8914,0.8958
14,unreached,chat,408,0.9322,0.809
4,unreached,chat,157,0.9291,0.8333
7,unreached,chat,111,0.9192,0.868
5,unreached,chat,164,0.9008,0.8175
6,unreached,chat,165,0.9438,0.8871
6,unreached,chat,561,0.8963,0.8615
5,accepted,chat,170,0.837,0.7587
8,unreached,chat,170,0.9085,0.7953
6,unreached,chat,123,0.9426,0.8341
4,unreached,chat,420,0.8779,0.7823
8,unreached,chat,420,0.9137,0.9539
7,unreached,chat,126,0.9155,0.8732
8,unreached,chat,126,0.9359,0.8404
9,unreached,chat,422,0.9271,0.9163
10,unreached,chat,570,0.91,0.7689
13,unreached,chat,570,0.9157,0.766
14,unreached,chat,180,0.9239,0.8746
14,unreached,chat,170,0.92,0.8339
5,unreached,chat,130,0.934,1.011
7,unreached,chat,130,0.9166,0.8137
9,unreached,chat,130,0.9143,0.7903
11,unreached,chat,171,0.9293,0.7834
10,unreached,chat,193,0.9067,0.7885
2,unreached,chat,580,0.8814,0.8689
8,unreached,chat,580,0.9069,0.8281
12,unreached,chat,173,0.9358,0.8958
15,unreached,chat,173,0.9129,0.9079
4,unreached,chat,136,0.9097,0.7877
7,unreached,chat,136,0.8989,0.7931
9,unreached,chat,136,0.9263,0.8203
10,unreached,chat,136,0.9177,0.7993
13,unreached,chat,136,0.9264,0.7756
8,unreached,chat,53,0.9278,0.8038
11,unreached,chat,138,0.9545,1.02
8,unreached,chat,55,0.9297,0.8509
2,accepted,chat,587,0.8687,0.7846
3,rejected,chat,587,0.8541,0.829
10,unreached,chat,139,0.9271,0.8636
2,unreached,chat,202,0.8723,0.789
8,unreached,chat,202,0.9375,0.8143
3,rejected,chat,590,0.859,0.7925
4,accepted,chat,185,0.9,0.8583
5,unreached,chat,144,0.9349,0.8719
7,unreached,chat,58,0.8952,0.8484
4,unreached,chat,193,0.9384,0.8672
5,unreached,chat,145,0.9383,0.83
14,unreached,chat,206,0.9489,0.9221
11,unreached,chat,61,0.8856,0.8249
10,unreached,chat,213,0.9268,0.8358
10,unreached,chat,204,0.934,0.8259
11,unreached,chat,151,0.9056,0.8361
7,unreached,chat,73,0.9279,0.8227
1,rejected,chat,598,0.8823,0.8314
15,unreached,chat,157,0.9244,0.7705
3,accepted,chat,216,0.9409,0.9452
7,accepted,chat,216,0.9144,0.9317
5,unreached,chat,76,0.9046,0.8155
10,unreached,chat,599,0.9113,0.7835
15,unreached,chat,599,0.9335,0.7938
8,unreached,chat,208,0.9477,0.9059
10,unreached,chat,208,0.9309,0.8457
4,accepted,chat,79,0.8913,0.8158
6,rejected,chat,79,0.93,0.8311
1,rejected,chat,601,0.8354,0.7414
10,unreached,chat,601,0.924,0.789
14,unreached,chat,211,0.941,0.8588
2,accepted,chat,233,0.8833,0.7848
7,unreached,chat,233,0.9184,0.8358
8,unreached,chat,602,0.9266,0.8235
10,unreached,chat,169,0.9202,0.8076
14,unreached,chat,169,0.9245,0.7918
8,unreached,chat,238,0.9199,0.8048
10,unreached,chat,88,0.9609,0.8747
4,unreached,chat,239,0.8898,0.8359
6,accepted,chat,93,0.9342,0.8367
10,unreached,chat,93,0.9112,0.7976
11,unreached,chat,93,0.926,0.8464
7,unreached,chat,605,0.9561,0.966
9,unreached,chat,605,0.9596,0.8971
11,unreached,chat,216,0.9114,0.8421
6,unreached,chat,241,0.916,0.8148
8,unreached,chat,241,0.9112,0.7826
11,unreached,chat,241,0.9736,0.915
10,unreached,chat,606,0.9209,0.7933
6,unreached,chat,103,0.9015,0.8191
8,unreached,chat,221,0.9637,0.8554
3,accepted,chat,182,0.8912,0.9754
5,accepted,chat,248,0.9518,0.9617
12,unreached,chat,248,0.9541,0.8647
9,unreached,chat,106,0.9142,0.7602
6,unreached,chat,612,0.9111,0.922
9,unreached,chat,224,0.9275,0.8359
6,accepted,chat,257,0.9293,0.9525
9,accepted,chat,257,0.9462,0.9624
12,accepted,chat,257,0.9046,0.8794
11,unreached,chat,616,0.9394,0.8324
11,unreached,chat,109,0.9031,0.7388
7,unreached,chat,620,0.9195,0.8152
2,accepted,chat,238,0.8604,0.8972
9,unreached,chat,238,0.9583,1.04
14,unreached,chat,238,0.9706,0.9778
6,unreached,chat,207,0.9315,0.8712
4,unreached,chat,273,0.8995,0.7857
1,accepted,chat,110,0.8537,0.7605
8,unreached,chat,110,0.9343,0.8346
2,unreached,chat,622,0.8958,0.9065
10,unreached,chat,622,0.9785,0.9542
9,unreached,chat,242,0.9535,0.9558
9,unreached,chat,209,0.9266,0.8301
7,unreached,chat,275,0.9616,0.9099
11,unreached,chat,114,0.9184,0.7532
14,unreached,chat,114,0.9161,0.7415
8,unreached,chat,249,0.9909,0.9294
9,unreached,chat,249,0.9626,0.8715
14,unreached,chat,249,0.9476,0.8302
1,accepted,chat,211,0.9218,0.8768
5,unreached,chat,115,0.8881,0.7438
10,unreached,chat,624,0.9328,0.8616
11,unreached,chat,624,0.968,0.9149
7,unreached,chat,218,0.9291,0.8196
10,unreached,chat,219,0.9671,0.8805
2,unreached,chat,292,0.9223,0.83
2,accepted,chat,259,0.925,0.9324
7,unreached,chat,259,0.9236,0.828
10,unreached,chat,259,0.9674,0.8931
11,unreached,chat,293,0.9199,0.781
12,unreached,chat,123,0.8973,0.7993
7,unreached,chat,294,0.9299,0.8361
8,rejected,chat,124,0.8578,0.8319
6,unreached,chat,635,0.8781,0.7982
4,accepted,chat,266,0.9274,0.9234
9,unreached,chat,266,0.9709,0.9417
14,unreached,chat,132,0.9292,0.7919
3,unreached,chat,640,0.9493,1.066
6,unreached,chat,640,0.9616,0.9361
13,unreached,chat,640,0.941,0.7778
7,unreached,chat,274,0.9487,0.8788
12,accepted,chat,233,0.9533,0.9046
4,unreached,chat,297,0.9091,0.8261
13,unreached,chat,641,0.9526,0.854
8,unreached,chat,276,0.936,0.8358
2,accepted,chat,246,0.8942,0.8125
8,unreached,chat,300,0.9425,0.8788
8,unreached,chat,135,0.9569,0.8123
10,unreached,chat,135,0.9295,0.7886
15,unreached,chat,135,0.9022,0.7367
4,unreached,chat,643,0.8914,0.8047
8,unreached,chat,643,0.9915,0.9656
5,accepted,chat,249,0.9318,1.014
9,accepted,chat,249,0.966,0.9403
1,accepted,chat,305,0.9091,0.8713
6,accepted,chat,305,0.927,0.9454
8,unreached,chat,305,0.9387,0.9194
9,unreached,chat,644,0.9691,0.8525
8,unreached,chat,279,0.911,0.8058
2,accepted,chat,259,0.9308,0.9876
10,unreached,chat,312,0.8947,0.7455
4,unreached,chat,146,0.9361,0.8395
11,unreached,chat,645,0.9903,0.9459
7,unreached,chat,270,0.9393,1.009
14,unreached,chat,270,0.8826,0.8981
10,unreached,chat,314,0.8815,0.7483
11,unreached,chat,285,0.9521,0.8415
3,accepted,chat,272,0.9361,0.8881
8,accepted,chat,272,0.9397,0.8896
13,accepted,chat,272,0.9332,0.9735
11,unreached,chat,151,0.9139,0.7718
4,unreached,chat,287,0.9149,0.8265
4,unreached,chat,290,0.9588,0.973
6,unreached,chat,290,0.9638,0.9764
9,unreached,chat,290,0.9133,0.8676
1,accepted,chat,155,0.8621,0.7643
10,unreached,chat,155,0.8958,0.7828
9,accepted,chat,292,0.8972,0.8604
11,unreached,chat,326,0.9586,0.9151
12,unreached,chat,157,0.9099,0.7558
11,accepted,chat,672,0.8774,0.7732
14,accepted,chat,672,0.8708,0.9087
6,unreached,chat,306,0.9324,0.8644
14,unreached,chat,687,0.8934,1.007
6,unreached,chat,331,0.8989,0.797
3,unreached,chat,161,0.899,0.7859
10,accepted,chat,692,0.912,0.7791
4,rejected,chat,313,0.9151,0.8266
3,unreached,chat,334,0.9601,0.9019
14,unreached,chat,334,0.9015,0.7542
15,unreached,chat,162,0.9204,0.782
11,accepted,chat,708,0.8839,0.763
14,unreached,chat,317,0.9743,0.9442
4,unreached,chat,322,0.9152,0.8521
7,unreached,chat,322,0.9111,0.8064
5,rejected,chat,336,0.9062,0.8191
2,accepted,chat,164,0.8916,0.8091
1,accepted,chat,341,0.9095,0.8163
2,rejected,chat,341,0.9412,0.8466
13,unreached,chat,341,0.9374,0.8217
3,unreached,chat,330,0.9952,0.9431
4,unreached,chat,325,0.9445,0.8418
2,rejected,chat,174,0.8901,0.8047
13,unreached,chat,174,0.9007,0.7419
9,unreached,chat,334,0.8738,0.8097
8,unreached,chat,329,0.9337,0.8538
5,accepted,chat,361,0.916,0.9785
12,unreached,chat,332,0.8986,0.7626
13,unreached,chat,332,0.9047,0.7869
14,unreached,chat,332,0.9104,0.8063
4,accepted,chat,373,0.9168,0.9145
4,unreached,chat,186,0.917,0.844
12,unreached,chat,186,0.9039,0.7564
10,unreached,chat,48,0.9201,0.863
1,rejected,chat,340,0.8888,0.8263
1,rejected,chat,334,0.8763,0.7999
10,unreached,chat,334,0.8991,0.7575
13,unreached,chat,334,0.8937,0.769
14,unreached,chat,334,0.9015,0.7856
3,accepted,chat,379,0.9037,0.847
9,unreached,chat,50,0.905,0.8191
13,unreached,chat,50,0.9213,0.8139
4,accepted,chat,335,0.8626,0.8113
4,unreached,chat,52,0.8864,0.8107
7,unreached,chat,52,0.9068,0.8308
12,unreached,chat,344,0.9712,0.9638
14,unreached,chat,394,0.9628,0.9402
9,unreached,chat,53,0.9032,0.7458
13,unreached,chat,53,0.9315,0.8216
2,accepted,chat,346,0.8965,0.8693
8,unreached,chat,345,0.9245,0.8002
7,accepted,chat,397,0.9395,1.004
1,accepted,chat,201,0.8589,0.7878
10,unreached,chat,201,0.9209,0.8838
15,unreached,chat,201,0.964,0.8777
4,accepted,chat,349,0.952,0.8931
13,unreached,chat,349,0.9784,0.8829
1,rejected,chat,349,0.8937,0.7951
1,accepted,chat,410,0.9239,0.8634
3,accepted,chat,410,0.9232,0.9337
9,accepted,chat,410,0.9052,0.9572
6,unreached,chat,58,0.9181,0.8736
11,unreached,chat,58,0.9015,0.7624
5,accepted,chat,357,0.9494,0.9646
10,unreached,chat,357,0.9279,0.8822
5,accepted,chat,205,0.9234,0.8575
2,accepted,chat,351,0.8931,0.7971
7,rejected,chat,351,0.9206,0.8711
14,unreached,chat,351,0.8949,0.7509
8,accepted,chat,221,0.8708,0.9583
12,unreached,chat,371,0.9405,0.8224
11,unreached,chat,358,0.977,0.95
7,accepted,chat,232,0.8888,0.7779
15,unreached,chat,64,0.8681,0.9212
15,unreached,chat,376,0.931,0.8667
10,unreached,chat,442,0.9335,0.9568
11,unreached,chat,389,0.9242,0.8521
3,accepted,chat,243,0.9327,0.8429
1,accepted,chat,398,0.881,0.8236
4,unreached,chat,373,0.9669,0.9393
3,accepted,chat,247,0.8675,0.7718
12,unreached,chat,247,0.8834,0.731
2,accepted,chat,400,0.9038,0.8593
7,unreached,chat,400,0.9358,0.8247
13,unreached,chat,85,0.9193,0.726
2,accepted,chat,38,0.8723,0.7619
15,unreached,chat,384,0.9039,0.7854
3,unreached,chat,89,0.9011,0.8007
3,unreached,chat,408,0.9224,0.867
8,unreached,chat,408,0.902,0.764
6,unreached,chat,260,0.9268,0.8335
3,unreached,chat,90,0.9055,0.9167
8,unreached,chat,90,0.9405,0.8624
7,unreached,chat,45,0.9268,0.8553
13,unreached,chat,409,0.8944,0.7402
3,unreached,chat,390,0.8789,0.9439
10,unreached,chat,390,0.938,0.843
11,unreached,chat,390,0.9192,0.7862
12,unreached,chat,413,0.9418,0.8267
8,accepted,chat,279,0.9409,0.8316
3,unreached,chat,94,0.9234,0.8429
12,unreached,chat,394,0.981,1.071
10,unreached,chat,293,0.9032,0.7537
3,unreached,chat,96,0.9368,1.056
7,unreached,chat,60,0.9227,0.8175
2,accepted,chat,417,0.8922,0.8065
3,rejected,chat,417,0.8908,0.8149
11,unreached,chat,417,0.9509,0.8809
9,unreached,chat,396,0.9842,1.041
4,unreached,chat,295,0.9227,0.88
10,unreached,chat,98,0.8886,0.7589
11,unreached,chat,61,0.9202,0.7896
14,unreached,chat,420,0.9219,0.7873
3,unreached,chat,298,0.9087,0.7954
5,unreached,chat,298,0.9417,0.8283
8,unreached,chat,298,0.9205,0.7936
3,unreached,chat,100,0.9448,0.9992
12,unreached,chat,423,0.9289,0.8109
14,unreached,chat,400,0.922,0.7653
7,unreached,chat,299,0.911,0.8053
2,accepted,chat,102,0.8425,0.7703
11,unreached,chat,102,0.9068,0.8468
14,unreached,chat,102,0.9129,0.8112
4,unreached,chat,67,0.9358,0.8851
7,unreached,chat,67,0.9215,0.799
3,unreached,chat,304,0.9201,0.8092
12,unreached,chat,304,0.9185,1.03
5,unreached,chat,105,0.904,0.9368
11,unreached,chat,105,0.9374,0.8519
3,unreached,chat,68,0.8688,0.7858
5,unreached,chat,68,0.9375,0.8297
7,unreached,chat,68,0.9605,0.8728
4,unreached,chat,407,0.9597,0.9451
6,unreached,chat,407,0.9618,0.979
1,rejected,chat,306,0.841,0.7753
12,unreached,chat,306,0.9693,0.8849
10,unreached,chat,109,0.8881,0.759
15,unreached,chat,410,0.9259,0.7816
1,accepted,chat,70,0.8682,0.7958
3,accepted,chat,70,0.9033,0.8531
6,unreached,chat,70,0.936,0.8711
1,accepted,chat,67,0.8641,0.8422
8,unreached,chat,67,0.9005,0.7963
2,accepted,chat,115,0.9246,0.8438
12,unreached,chat,72,0.9012,0.8598
3,rejected,chat,315,0.8702,0.8377
7,unreached,chat,118,0.9765,0.9307
15,unreached,chat,118,0.9206,0.7838
8,unreached,chat,79,0.9441,0.8379
1,accepted,chat,74,0.858,0.8168
13,unreached,chat,74,0.9008,0.7794
4,accepted,chat,318,0.9083,0.8657
15,accepted,chat,318,0.9819,0.9355
6,unreached,chat,121,0.9591,0.8319
11,unreached,chat,121,0.9584,1.015
8,unreached,chat,76,0.9254,1.001
6,unreached,chat,33,0.9718,0.8811
13,unreached,chat,33,1.01,0.9507
7,accepted,chat,334,0.8778,0.895
1,accepted,chat,126,0.906,0.8043
9,unreached,chat,77,0.9081,0.8657
11,unreached,chat,77,0.9144,0.8282
14,unreached,chat,77,0.9089,0.7879
11,unreached,chat,342,0.9302,0.8234
3,accepted,chat,344,0.9211,0.9188
10,unreached,chat,133,0.8924,0.7892
12,unreached,chat,83,0.9112,0.9598
2,rejected,chat,43,0.9152,0.8343
8,unreached,chat,43,0.9293,1.017
11,unreached,chat,43,0.9416,0.9422
3,accepted,chat,61,0.9242,0.8852
2,rejected,chat,366,0.9402,0.8615
3,unreached,chat,366,0.9526,0.9045
13,unreached,chat,366,0.9438,0.8697
15,unreached,chat,366,0.9353,0.8282
14,accepted,chat,65,0.9251,0.8602
3,accepted,chat,368,0.9016,0.827
8,unreached,chat,368,0.9285,0.8494
10,unreached,chat,368,0.973,0.8738
3,accepted,chat,105,0.9118,0.8913
3,unreached,chat,105,0.8774,0.803
11,unreached,chat,105,0.8979,0.7309
15,unreached,chat,105,0.921,0.7863
9,unreached,chat,112,0.9356,0.7955
4,rejected,chat,96,0.8839,0.7714
13,unreached,chat,96,0.9333,0.9461
15,accepted,chat,383,0.9294,0.9024
2,accepted,chat,107,0.8915,0.8116
15,unreached,chat,107,0.988,1.045
10,unreached,chat,114,0.9447,0.8301
11,accepted,chat,100,0.9227,0.8687
12,rejected,chat,100,0.9161,1.004
2,rejected,chat,399,0.8862,0.8199
2,rejected,chat,173,0.8671,0.7918
15,unreached,chat,173,0.8807,0.7477
7,unreached,chat,112,0.8669,0.7699
11,unreached,chat,112,0.8865,0.7524
12,unreached,chat,112,0.8899,0.7583
15,unreached,chat,401,0.9106,0.7777
2,accepted,chat,175,0.8997,0.8188
8,unreached,chat,175,0.9213,0.799
2,accepted,chat,115,0.8533,0.728
15,unreached,chat,115,0.9237,0.7971
3,unreached,chat,406,0.9008,0.9804
3,unreached,chat,180,0.9478,0.84
4,unreached,chat,180,0.8774,0.7552
15,unreached,chat,180,0.9081,0.8018
3,accepted,chat,127,0.8626,0.8172
2,rejected,chat,134,0.8796,0.831
4,unreached,chat,134,0.9026,0.8224
7,unreached,chat,134,0.8778,0.7354
9,unreached,chat,134,0.8893,0.7618
14,unreached,chat,134,0.9354,0.9071
15,unreached,chat,121,0.9026,0.8072
4,accepted,chat,408,0.8943,0.9165
8,unreached,chat,181,0.9165,0.8097
11,unreached,chat,133,0.9033,0.7421
15,unreached,chat,132,0.9031,0.7707
8,unreached,chat,414,0.8858,0.7618
13,unreached,chat,137,0.9414,0.8552
4,unreached,chat,140,0.9768,0.9351
10,accepted,chat,416,0.9028,0.9021
14,rejected,chat,416,0.9383,1.04
2,unreached,chat,140,0.8913,0.8322
15,unreached,chat,140,0.914,0.8541
5,unreached,chat,142,0.897,0.917
8,unreached,chat,142,0.8747,0.7432
10,unreached,chat,187,0.894,0.7947
1,rejected,chat,145,0.855,0.8307
7,unreached,chat,144,0.9136,0.8355
9,unreached,chat,144,0.9479,0.8734
7,unreached,chat,144,0.933,0.789
8,unreached,chat,146,0.9236,0.8289
7,unreached,chat,192,0.9231,0.8409
15,unreached,chat,146,0.9636,0.8445
1,accepted,chat,149,0.8551,0.7845
9,unreached,chat,149,1.007,0.9751
4,unreached,chat,22,0.8918,0.7175
8,unreached,chat,148,0.9775,1.053
9,unreached,chat,152,0.9635,0.9306
11,unreached,chat,152,0.902,0.7968
11,accepted,chat,25,1.01,0.9877
13,unreached,chat,153,0.9096,0.8185
14,unreached,chat,153,0.8956,0.7767
7,accepted,chat,160,0.9428,0.8635
9,rejected,chat,160,0.9222,0.8897
13,accepted,chat,54,0.8919,0.7781
3,unreached,chat,209,0.8829,0.8012
13,unreached,chat,209,0.9003,0.8036
8,unreached,chat,169,0.9,0.8228
12,unreached,chat,169,0.9039,0.9365
1,accepted,chat,171,0.8337,0.8389
2,accepted,chat,70,0.9538,0.893
11,unreached,chat,163,0.8904,0.7539
2,rejected,chat,174,0.8672,0.7655
11,unreached,chat,174,0.9152,0.8074
2,rejected,chat,212,0.8978,0.7949
4,unreached,chat,212,0.8714,0.7638
15,unreached,chat,164,0.9032,0.803
11,unreached,chat,182,0.9256,0.7763
10,unreached,chat,176,0.9755,0.8381
13,unreached,chat,176,0.9447,0.8646
4,unreached,chat,84,0.9034,0.7998
8,unreached,chat,214,0.9079,0.8637
15,unreached,chat,214,0.913,0.8139
15,unreached,chat,171,0.9065,0.8012
9,accepted,chat,87,0.933,0.9275
11,unreached,chat,172,0.8958,0.788
15,unreached,chat,172,0.9157,0.809
3,unreached,chat,187,0.8871,0.8095
1,rejected,chat,188,0.9305,0.8572
1,accepted,chat,97,0.8612,0.8128
10,accepted,chat,97,0.8981,0.8152
12,unreached,chat,97,0.8939,0.7827
14,unreached,chat,188,0.9364,0.8011
10,unreached,chat,108,0.8886,0.7459
14,unreached,chat,108,0.909,0.7714
1,rejected,chat,174,0.8499,0.7654
7,unreached,chat,192,0.925,0.8418
6,unreached,chat,191,0.946,0.8327
1,accepted,chat,235,0.8718,0.8041
8,unreached,chat,235,0.9209,0.797
5,unreached,chat,196,0.9763,0.9415
12,unreached,chat,196,0.9072,0.8433
8,unreached,chat,116,0.9195,0.8426
12,unreached,chat,116,0.9189,0.8241
15,unreached,chat,116,0.886,0.7314
4,unreached,chat,237,0.8931,0.7977
9,unreached,chat,237,0.9033,0.7642
15,unreached,chat,176,0.9229,0.7845
5,accepted,chat,197,0.9682,0.9611
15,unreached,chat,197,0.9283,0.8084
5,unreached,chat,239,0.8732,0.7578
1,accepted,chat,240,0.8856,0.8146
6,unreached,chat,181,0.9063,0.8037
14,unreached,chat,181,0.9332,0.8158
11,unreached,chat,126,0.9485,0.8882
14,unreached,chat,242,0.9066,0.7705
12,unreached,chat,211,0.9227,0.806
4,unreached,chat,244,0.8873,0.8199
5,unreached,chat,214,0.9371,0.834
1,rejected,chat,128,0.8529,0.7784
9,unreached,chat,247,0.9038,0.7855
11,unreached,chat,247,0.9116,0.8308
15,unreached,chat,247,0.9117,0.7852
2,accepted,chat,185,0.9037,0.8622
6,unreached,chat,185,0.9128,0.824
1,rejected,chat,248,0.8904,0.8249
15,unreached,chat,248,0.9002,0.7674
12,unreached,chat,217,0.9696,0.8617
14,unreached,chat,249,0.9054,0.7713
1,accepted,chat,218,0.8739,0.8404
1,rejected,chat,133,0.9693,0.9706
4,unreached,chat,133,0.9627,0.9248
15,unreached,chat,133,0.929,0.8629
4,unreached,chat,192,0.9619,0.8838
1,accepted,chat,222,0.8688,0.7645
9,unreached,chat,134,0.9081,0.7547
3,unreached,chat,253,0.9664,0.9142
11,unreached,chat,253,0.8996,0.7847
8,unreached,chat,194,0.9288,0.8871
12,unreached,chat,229,0.906,0.7918
12,unreached,chat,201,0.9117,0.7794
8,unreached,chat,232,0.9048,0.7702
6,unreached,chat,138,0.887,0.8158
4,unreached,chat,257,0.9544,0.877
11,unreached,chat,257,0.92,0.8124
6,unreached,chat,203,0.9097,0.7535
13,unreached,chat,203,0.9326,0.8244
5,unreached,chat,258,0.9186,0.8213
6,unreached,chat,258,0.9133,0.8187
10,unreached,chat,258,0.9154,0.7811
12,unreached,chat,240,0.9774,0.8668
14,unreached,chat,240,0.8809,0.8328
6,unreached,chat,238,0.9633,0.8695
15,unreached,chat,238,0.95,0.8068
13,unreached,chat,241,0.9513,0.8321
13,unreached,chat,239,0.983,0.8612
10,unreached,chat,152,0.8957,0.7587
14,unreached,chat,243,0.8809,0.8143
15,unreached,chat,153,0.9138,0.7808
4,unreached,chat,267,0.8857,0.8256
11,unreached,chat,267,0.9303,0.8681
8,unreached,chat,209,0.8984,0.7712
1,accepted,chat,246,0.865,0.8063
2,accepted,chat,246,0.9037,0.8896
10,unreached,chat,246,0.9564,0.8318
5,unreached,chat,270,0.9177,0.8675
5,unreached,chat,211,0.9026,0.8078
11,unreached,chat,256,0.8979,0.7352
1,accepted,chat,250,0.8825,0.8204
4,unreached,chat,159,0.8774,0.8348
10,unreached,chat,159,0.9079,0.7907
9,unreached,chat,274,0.9528,0.91
5,accepted,chat,252,0.945,0.8698
11,accepted,chat,252,0.8622,0.7877
5,unreached,chat,161,0.8974,0.7968
12,unreached,chat,260,0.9275,0.9298
13,unreached,chat,260,0.9241,0.898
14,unreached,chat,260,0.9097,0.8958
7,unreached,chat,264,0.925,0.8325
2,unreached,chat,164,0.934,0.8887
5,unreached,chat,164,0.9667,0.972
8,unreached,chat,261,0.9616,0.9446
9,unreached,chat,261,0.942,0.9114
6,unreached,chat,266,0.9281,0.9057
15,unreached,chat,266,0.9413,0.8161
8,unreached,chat,278,0.9253,0.9584
15,unreached,chat,221,0.8913,0.7668
15,unreached,chat,269,0.9467,0.8307
7,unreached,chat,168,0.9674,0.8954
9,unreached,chat,168,0.9521,0.9532
15,unreached,chat,168,0.9159,0.7673
15,unreached,chat,280,0.9325,0.8286
6,unreached,chat,222,0.9681,0.9184
7,unreached,chat,293,0.891,0.7339
9,unreached,chat,266,0.9564,0.8757
14,unreached,chat,272,0.9144,0.7997
1,accepted,chat,295,0.896,0.8295
4,unreached,chat,295,0.8899,0.7934
3,unreached,chat,231,0.9199,0.8371
3,unreached,chat,270,0.8903,0.8525
15,unreached,chat,270,0.9509,0.8361
3,accepted,chat,174,0.9675,0.8411
4,unreached,chat,297,0.885,0.8614
12,unreached,chat,279,0.9648,0.8845
5,accepted,chat,182,0.9066,0.8484
1,accepted,chat,235,0.864,0.7928
4,unreached,chat,289,0.883,0.7513
15,unreached,chat,289,0.9288,0.7928
10,unreached,chat,194,0.9518,0.8823
9,unreached,chat,301,0.9013,0.7738
13,unreached,chat,237,0.8974,0.7941
4,accepted,chat,197,0.9644,0.9923
7,unreached,chat,302,0.9123,0.7978
8,unreached,chat,302,0.8798,0.7489
5,unreached,chat,282,0.9612,0.9003
10,unreached,chat,282,0.9151,0.834
5,accepted,chat,284,0.8451,0.7726
11,unreached,chat,293,0.9125,0.7823
14,unreached,chat,216,0.9737,1.05
2,rejected,chat,305,0.8849,0.7951
13,unreached,chat,305,0.8862,0.733
1,accepted,chat,241,0.8593,0.7869
4,unreached,chat,241,1.022,0.9643
5,unreached,chat,307,0.9332,0.8475
12,unreached,chat,243,0.89,0.7807
6,rejected,chat,292,0.9213,0.932
11,unreached,chat,309,0.9034,0.7833
14,unreached,chat,309,0.9036,0.7798
14,unreached,chat,298,0.9282,0.7944
1,accepted,chat,297,0.9296,0.8587
4,rejected,chat,297,0.8816,0.8023
5,unreached,chat,297,0.8812,0.8005
9,unreached,chat,297,0.9466,0.8192
5,unreached,chat,310,0.8894,0.8018
1,rejected,chat,246,0.8375,0.7677
2,accepted,chat,301,0.8913,0.819
12,unreached,chat,236,0.9127,0.7502
10,unreached,chat,312,0.8983,0.778
15,unreached,chat,247,0.9366,0.828
15,unreached,chat,302,0.9488,0.8715
1,accepted,chat,246,0.8686,0.7765
6,unreached,chat,246,0.957,0.9805
9,unreached,chat,246,0.8931,0.7946
6,unreached,chat,314,0.9571,0.9094
14,unreached,chat,314,0.898,0.863
10,unreached,chat,304,0.9169,0.825
8,unreached,chat,307,0.9297,0.8008
4,accepted,chat,250,0.8703,0.8565
8,accepted,chat,250,0.9139,0.8603
12,unreached,chat,250,0.9415,0.9185
11,unreached,chat,315,0.9486,0.8928
12,unreached,chat,315,0.9471,0.8593
3,unreached,chat,255,0.887,0.8019
15,unreached,chat,308,0.9282,0.7884
3,rejected,chat,260,0.8726,0.7922
9,unreached,chat,319,0.9101,0.7989
11,unreached,chat,257,0.9021,0.7478
13,unreached,chat,257,0.9017,0.7408
13,unreached,chat,311,0.8967,0.765
3,unreached,chat,311,0.9443,0.9254
5,accepted,chat,263,0.9845,0.9481
15,accepted,chat,263,0.9709,0.9259
1,rejected,chat,259,0.8633,0.7753
10,unreached,chat,259,0.9103,0.8005
11,unreached,chat,259,0.8837,0.7413
12,unreached,chat,259,0.8984,0.7621
6,unreached,chat,323,0.9254,0.8066
11,unreached,chat,260,0.9339,0.8295
3,unreached,chat,328,0.8938,0.9748
13,unreached,chat,264,0.8911,0.7718
2,rejected,chat,316,0.9093,1.001
13,unreached,chat,316,0.9549,0.8905
8,unreached,chat,322,0.9504,0.8714
14,unreached,chat,322,0.9066,0.771
11,unreached,chat,330,0.9004,0.8177
11,unreached,chat,270,0.8961,0.7819
13,unreached,chat,270,0.901,0.7897
1,accepted,chat,318,0.9186,0.8442
11,unreached,chat,334,0.8984,0.7761
8,unreached,chat,320,0.9047,0.8006
1,rejected,chat,314,0.8601,0.8096
6,unreached,chat,314,0.9659,0.9881
11,unreached,chat,337,0.9359,0.9475
9,accepted,chat,325,0.9267,0.8868
1,rejected,chat,275,0.8717,0.7961
15,unreached,chat,323,0.9099,0.8457
12,unreached,chat,336,0.8981,0.741
2,accepted,chat,317,0.9377,0.9092
14,unreached,chat,344,0.9235,0.8215
12,unreached,chat,324,0.9099,0.8162
7,unreached,chat,325,0.9625,0.9369
14,unreached,chat,325,0.9409,0.9016
7,unreached,chat,278,0.8727,0.7623
15,unreached,chat,330,0.9019,0.7596
10,unreached,chat,355,0.8898,0.7927
11,unreached,chat,355,0.9158,0.8496
13,unreached,chat,355,0.8831,0.7559
6,unreached,chat,326,0.9528,0.8491
7,unreached,chat,326,0.9019,0.8289
10,unreached,chat,326,0.8952,0.8566
7,unreached,chat,340,0.9225,0.7945
15,unreached,chat,340,0.9278,0.8172
15,unreached,chat,356,0.8761,0.7528
1,rejected,chat,327,0.8938,0.7922
7,unreached,chat,344,0.8837,0.7797
12,unreached,chat,357,0.8935,0.7995
1,rejected,chat,287,0.8668,0.8061
5,unreached,chat,345,0.8806,0.8235
8,unreached,chat,343,0.9392,0.8267
5,unreached,chat,288,0.91,0.8208
9,unreached,chat,288,0.9536,0.8528
2,accepted,chat,330,0.86,0.8326
6,unreached,chat,330,0.9141,0.8005
7,unreached,chat,330,0.9382,0.8503
11,unreached,chat,330,0.8881,0.8026
1,rejected,chat,348,0.8473,0.7327
5,unreached,chat,348,0.9992,1.1
11,unreached,chat,289,0.9727,0.9057
12,unreached,chat,370,0.8835,0.7378
15,unreached,chat,290,0.9154,0.8139
9,unreached,chat,351,0.8936,0.7718
15,unreached,chat,351,0.9507,0.8334
1,accepted,chat,364,0.8632,0.8005
5,unreached,chat,364,0.9564,1.042
9,unreached,chat,371,0.915,0.7985
11,unreached,chat,292,0.9058,0.8123
8,unreached,chat,337,0.9422,0.9255
12,unreached,chat,366,0.897,0.8392
12,unreached,chat,294,0.8979,0.7878
9,unreached,chat,377,0.9056,0.7785
2,rejected,chat,375,0.9016,0.8426
13,unreached,chat,375,0.9062,0.7513
1,accepted,chat,363,0.9016,0.8764
7,rejected,chat,363,0.8623,0.765
12,unreached,chat,346,0.9725,1
10,unreached,chat,370,0.8962,0.7538
13,unreached,chat,370,0.9101,0.8033
2,unreached,chat,378,0.8941,0.8007
11,unreached,chat,306,0.9118,0.7864
13,unreached,chat,306,0.9132,0.7857
13,unreached,chat,347,0.9855,0.9479
6,unreached,chat,373,0.8447,0.7109
8,unreached,chat,373,0.8687,0.7386
11,unreached,chat,373,0.8991,0.774
12,unreached,chat,385,0.9822,1.084
15,unreached,chat,379,0.9229,0.8465
5,unreached,chat,308,0.9116,0.8148
15,unreached,chat,308,0.9213,0.813
6,unreached,chat,349,0.9019,0.8152
10,unreached,chat,349,0.9292,0.8166
13,unreached,chat,376,0.9489,0.8358
4,unreached,chat,387,0.919,0.9131
6,unreached,chat,387,0.9871,1.028
6,unreached,chat,378,0.9874,1.052
7,unreached,chat,384,0.9242,0.8565
8,unreached,chat,313,0.9158,0.8477
7,unreached,chat,354,0.9759,0.9522
13,unreached,chat,354,0.914,0.9471
6,accepted,chat,381,0.9745,1.054
8,accepted,chat,381,0.9026,0.869
1,accepted,chat,319,0.8737,0.8016
7,unreached,chat,319,0.9191,0.832
1,accepted,chat,355,0.8437,0.7406
6,unreached,chat,401,0.9343,0.8278
11,unreached,chat,321,0.9482,0.8406
2,accepted,chat,357,0.8708,0.7948
11,unreached,chat,396,0.8891,0.7597
14,unreached,chat,402,0.9101,0.824
9,unreached,chat,325,0.9277,0.8206
12,unreached,chat,403,0.9532,0.9122
7,unreached,chat,371,0.9145,0.8244
8,unreached,chat,371,0.9232,0.8542
13,unreached,chat,371,0.9108,0.8196
12,unreached,chat,27,0.9068,0.753
2,accepted,chat,413,0.8809,0.968
8,unreached,chat,413,0.9366,0.7961
10,unreached,chat,329,0.9411,0.9107
12,unreached,chat,329,0.9306,0.7772
11,unreached,chat,373,0.8895,0.7818
10,unreached,chat,414,0.9272,0.8034
10,unreached,chat,331,0.9652,0.8344
13,unreached,chat,375,0.9096,0.7819
9,unreached,chat,31,0.9126,0.7687
13,unreached,chat,31,0.9218,0.7768
13,unreached,chat,332,0.9009,0.8427
14,unreached,chat,34,0.924,0.7765
1,rejected,chat,421,0.8688,0.7991
15,unreached,chat,385,0.9811,0.886
7,unreached,chat,37,0.9057,0.7798
10,unreached,chat,37,0.9141,0.7901
6,unreached,chat,28,0.9827,0.8956
14,unreached,chat,28,1.002,0.9395
1,rejected,chat,38,0.8605,0.777
5,accepted,chat,30,0.9165,0.8753
12,unreached,chat,30,1.024,0.9719
1,accepted,chat,350,0.8675,0.8858
8,unreached,chat,350,0.9152,0.7898
3,unreached,chat,389,0.9167,0.8248
2,accepted,chat,39,0.8633,0.7855
10,unreached,chat,39,0.9051,0.798
11,unreached,chat,39,0.9055,0.7994
15,unreached,chat,39,0.9109,0.7807
3,accepted,chat,42,0.9152,0.84
10,unreached,chat,1387,0.9219,0.7846
3,unreached,chat,47,0.951,0.8409
3,accepted,chat,393,0.9499,1.097
4,rejected,chat,49,0.916,0.8204
9,unreached,chat,49,0.899,0.7721
8,unreached,chat,70,0.8958,0.8778
1,accepted,chat,357,0.8496,0.7694
15,unreached,chat,357,0.9075,0.7895
4,unreached,chat,398,0.9307,0.8888
9,unreached,chat,77,0.9662,0.9242
10,unreached,chat,77,0.9347,0.8338
3,accepted,chat,1396,0.9259,0.8377
15,unreached,chat,1396,0.9109,0.7709
1,accepted,chat,362,0.9117,0.8346
4,unreached,chat,1400,0.9403,0.8218
13,unreached,chat,61,0.9257,0.7853
6,unreached,chat,94,0.9048,0.809
13,unreached,chat,94,0.9133,0.8077
10,unreached,chat,1402,0.9282,0.7888
12,unreached,chat,1402,0.9031,0.7676
1,accepted,chat,98,0.853,0.8203
8,unreached,chat,98,0.9359,0.8142
13,unreached,chat,1403,0.9126,0.7785
12,unreached,chat,407,0.9225,0.824
1,accepted,chat,1406,0.875,0.8036
2,accepted,chat,1406,0.9317,0.9323
13,unreached,chat,1409,0.927,0.8013
9,unreached,chat,381,0.9255,0.8605
8,unreached,chat,417,0.9384,0.7842
6,unreached,chat,71,0.9815,0.9893
4,accepted,chat,118,0.9602,1.014
8,unreached,chat,118,0.867,0.965
14,unreached,chat,118,0.9066,0.8301
14,accepted,chat,388,0.9551,0.9092
2,unreached,chat,420,0.9205,0.8366
5,unreached,chat,420,0.9341,0.787
7,unreached,chat,420,0.9062,0.7285
11,unreached,chat,75,0.9146,0.9781
12,unreached,chat,1413,0.936,0.7839
14,unreached,chat,1413,0.9407,0.7936
5,unreached,chat,421,0.9101,0.8175
13,unreached,chat,1414,0.9132,0.775
10,unreached,chat,406,0.9221,0.9311
1,accepted,chat,424,0.9389,0.8951
3,unreached,chat,1415,0.8906,0.8318
10,unreached,chat,1415,0.8851,0.7454
5,unreached,chat,411,0.8945,0.9052
3,unreached,chat,137,0.9026,0.8438
10,unreached,chat,137,0.8917,0.7784
3,accepted,chat,414,0.9952,0.8998
12,unreached,chat,427,0.9447,0.7957
10,unreached,chat,1419,0.911,0.7762
13,unreached,chat,1419,0.9123,0.7747
8,unreached,chat,418,0.9741,0.9367
3,accepted,chat,141,0.8955,0.8134
13,unreached,chat,141,0.9225,0.8076
12,unreached,chat,1423,0.8969,0.7479
4,unreached,chat,433,0.9179,0.8426
3,unreached,chat,145,0.9107,0.9248
9,unreached,chat,1424,0.905,0.7786
3,unreached,chat,435,0.9409,0.8505
8,unreached,chat,435,0.908,0.7884
14,unreached,chat,99,0.9211,0.8006
13,unreached,chat,1426,0.9072,0.7604
2,accepted,chat,436,0.9004,0.8003
7,unreached,chat,436,0.8971,0.7583
6,rejected,chat,148,0.8475,0.7949
8,unreached,chat,148,0.9235,0.9246
12,unreached,chat,44,0.9028,0.8189
11,unreached,chat,439,0.8755,0.7014
14,unreached,chat,105,0.9176,0.8162
3,rejected,chat,154,0.9107,0.9244
13,unreached,chat,154,0.8926,0.7661
2,rejected,chat,47,0.9063,0.893
4,unreached,chat,441,0.9255,0.8766
13,unreached,chat,441,0.9269,0.7809
4,accepted,chat,157,0.9739,0.9628
5,unreached,chat,1434,0.9033,0.7972
3,unreached,chat,49,0.8986,0.872
7,unreached,chat,49,0.9198,0.8983
4,unreached,chat,443,0.9023,0.9171
8,unreached,chat,110,0.877,0.7437
2,unreached,chat,165,0.9301,0.9313
4,unreached,chat,165,0.9589,0.9458
1,accepted,chat,1437,0.8457,0.7684
1,accepted,chat,51,0.9477,0.9399
14,unreached,chat,445,0.8893,0.724
13,unreached,chat,166,0.9121,0.7827
15,unreached,chat,1440,0.9318,0.7892
15,unreached,chat,447,0.9026,0.7549
14,unreached,chat,1446,0.9098,0.7728
2,rejected,chat,54,0.8548,0.8222
6,unreached,chat,54,0.9009,0.8443
9,unreached,chat,54,0.8757,0.8105
6,unreached,chat,116,0.9356,1.07
15,unreached,chat,118,0.8938,0.7819
3,unreached,chat,176,0.9014,0.9254
9,unreached,chat,176,0.9036,0.7909
13,unreached,chat,1450,0.9325,0.799
4,unreached,chat,120,0.8956,0.7871
13,unreached,chat,177,0.9059,0.7796
2,accepted,chat,1452,0.8652,0.7933
8,unreached,chat,1452,0.9287,0.8324
3,unreached,chat,156,0.9327,0.8607
13,unreached,chat,156,0.9209,0.7812
7,unreached,chat,1456,0.9313,0.8103
6,unreached,chat,157,0.9892,0.9101
2,rejected,chat,124,0.8747,0.8048
8,unreached,chat,186,0.9057,0.8493
13,unreached,chat,1459,0.9302,0.9073
5,unreached,chat,188,0.9126,1.043
2,rejected,chat,64,0.8749,0.8346
2,accepted,chat,190,0.9181,0.9316
12,unreached,chat,1462,0.9253,0.8945
1,accepted,chat,177,0.9151,0.8618
4,unreached,chat,179,0.9245,0.8661
13,unreached,chat,179,0.9085,0.7804
6,unreached,chat,199,0.9112,0.8463
8,unreached,chat,199,0.8959,0.802
9,unreached,chat,180,0.9322,0.847
12,unreached,chat,200,0.9368,0.8363
7,unreached,chat,71,0.9072,0.831
8,unreached,chat,71,0.8946,0.784
9,unreached,chat,71,0.8856,0.7869
5,unreached,chat,184,0.9104,0.8568
2,accepted,chat,138,0.8801,0.8062
3,rejected,chat,138,0.9024,0.8015
6,unreached,chat,138,0.8877,0.794
11,unreached,chat,138,0.8857,0.7499
2,accepted,chat,187,0.8875,0.8138
12,unreached,chat,187,0.9262,0.8044
14,unreached,chat,187,0.9306,0.7857
3,unreached,chat,141,0.9005,0.7985
12,unreached,chat,141,0.9271,0.7843
15,unreached,chat,141,0.9347,0.7868
4,unreached,chat,203,0.9307,0.8418
12,unreached,chat,203,0.9646,0.8761
7,unreached,chat,143,0.9127,0.8248
14,unreached,chat,206,0.9402,0.8613
12,unreached,chat,79,0.9421,0.887
7,unreached,chat,207,0.924,0.8136
6,unreached,chat,1482,0.9119,0.8266
14,unreached,chat,1482,0.9285,0.7751
11,unreached,chat,84,0.8932,0.8238
11,accepted,chat,201,0.9491,0.8455
14,accepted,chat,201,0.9407,0.875
7,unreached,chat,85,0.9443,0.944
9,unreached,chat,85,0.8899,0.8165
14,unreached,chat,85,0.8856,0.8049
8,unreached,chat,1486,0.8738,0.7418
14,unreached,chat,1486,0.932,0.7888
1,accepted,chat,87,0.8773,0.8192
12,unreached,chat,219,0.9696,0.8262
11,unreached,chat,1488,0.9059,0.7816
3,rejected,chat,221,0.9386,0.8825
13,unreached,chat,221,0.9762,1.078
2,accepted,chat,153,0.9816,0.9373
13,unreached,chat,153,0.9168,0.8173
10,unreached,chat,1491,0.9344,0.8145
15,unreached,chat,1491,0.9547,0.8384
9,unreached,chat,90,0.8918,0.8362
4,unreached,chat,161,0.9481,0.8896
14,unreached,chat,1493,0.9067,0.7914
15,unreached,chat,1493,0.9114,0.8005
1,rejected,chat,224,0.8576,0.7847
2,unreached,chat,224,0.8928,0.7948
8,unreached,chat,224,0.9501,0.8515
10,unreached,chat,224,0.9515,0.8183
15,unreached,chat,224,0.945,0.8388
2,unreached,chat,1494,0.8662,0.7914
5,unreached,chat,1494,0.9009,0.799
1,accepted,chat,233,0.8564,0.787
1,accepted,chat,164,0.9401,0.9053
10,unreached,chat,164,0.921,0.8425
6,unreached,chat,225,0.9285,0.8137
7,unreached,chat,1495,0.8931,0.7633
1,rejected,chat,94,0.8955,0.8403
3,accepted,chat,235,0.8684,0.8029
7,unreached,chat,235,0.9445,0.8677
12,unreached,chat,235,0.9477,0.9064
13,unreached,chat,235,0.9527,0.8941
2,accepted,chat,227,0.8945,0.8098
9,accepted,chat,227,0.9507,1
2,rejected,chat,1497,0.9146,0.843
7,unreached,chat,95,0.9345,1.048
2,accepted,chat,239,0.8807,0.8159
10,unreached,chat,239,0.9031,0.7625
12,unreached,chat,171,0.947,0.9386
2,unreached,chat,1499,0.915,0.8617
4,unreached,chat,1499,0.8847,0.7919
13,unreached,chat,242,0.9419,0.8405
10,unreached,chat,175,0.9068,0.9906
1,rejected,chat,245,0.9069,0.8762
14,unreached,chat,245,0.9489,0.838
8,unreached,chat,244,0.9337,0.8542
7,accepted,chat,177,0.9317,0.9136
12,unreached,chat,246,0.9459,0.8344
14,unreached,chat,246,0.9341,0.8445
15,unreached,chat,1505,0.9063,0.7698
8,unreached,chat,101,0.9043,0.9707
10,unreached,chat,185,0.9276,0.8151
12,unreached,chat,185,0.925,0.7887
13,unreached,chat,246,0.947,0.8552
1,accepted,chat,186,0.8791,0.8003
11,unreached,chat,186,0.9152,0.8392
7,unreached,chat,249,0.9014,0.7631
11,unreached,chat,249,0.9344,0.8792
15,unreached,chat,249,0.914,0.7913
4,unreached,chat,1509,0.9403,0.8582
3,unreached,chat,108,0.886,0.8625
4,unreached,chat,108,0.8837,0.8544
9,unreached,chat,247,0.9415,0.889
10,unreached,chat,247,0.9386,0.8549
15,unreached,chat,247,0.95,0.8864
1,accepted,chat,190,0.9025,0.8656
11,unreached,chat,251,0.9091,0.8195
4,unreached,chat,1511,0.9461,0.857
12,unreached,chat,1513,0.9357,0.8116
2,accepted,chat,263,0.8969,0.8457
5,unreached,chat,259,0.8739,0.8492
15,unreached,chat,259,0.8983,0.7904
2,accepted,chat,116,0.9466,0.9104
7,rejected,chat,116,0.8896,0.8783
13,unreached,chat,1519,0.9333,0.8061
5,accepted,chat,282,0.8938,0.87
12,unreached,chat,264,0.9221,0.8165
2,unreached,chat,1520,0.9239,0.8079
8,unreached,chat,208,0.885,0.7514
13,unreached,chat,208,0.9596,0.8503
10,unreached,chat,1521,0.9356,0.8205
13,unreached,chat,1521,0.9242,0.7764
6,accepted,chat,290,0.9454,0.9107
15,unreached,chat,290,0.9112,0.8506
1,accepted,chat,210,0.8543,0.7772
10,unreached,chat,210,0.9046,0.783
8,unreached,chat,269,0.9476,0.8455
14,unreached,chat,129,0.9053,0.7675
9,unreached,chat,273,0.9539,0.832
9,unreached,chat,1523,0.9517,0.8463
12,unreached,chat,1523,0.9426,0.8029
4,unreached,chat,306,0.9147,1.025
11,unreached,chat,306,0.8901,0.8022
10,unreached,chat,1525,0.9508,0.8365
6,accepted,chat,131,0.977,0.9754
9,unreached,chat,131,0.9282,0.9672
1,accepted,chat,308,0.8412,0.7783
3,unreached,chat,218,0.9525,1.017
4,unreached,chat,218,0.9586,0.981
3,accepted,chat,276,0.8562,0.8885
12,unreached,chat,276,0.9125,0.8694
2,rejected,chat,1527,0.9256,0.8773
11,unreached,chat,1527,0.9164,0.9923
10,unreached,chat,310,0.9187,0.8221
5,unreached,chat,313,0.8997,0.8305
9,unreached,chat,221,0.936,0.8591
6,unreached,chat,143,0.8811,0.82
2,rejected,chat,315,0.8886,0.8547
2,rejected,chat,226,0.884,0.8323
7,unreached,chat,1546,0.9215,0.9826
11,unreached,chat,317,0.9314,0.8552
9,unreached,chat,294,0.9437,0.8195
1,rejected,chat,229,0.845,0.8445
7,unreached,chat,229,0.8983,0.8341
11,unreached,chat,229,0.8992,0.7413
15,unreached,chat,229,0.9153,0.7677
3,rejected,chat,1559,0.9176,0.8159
12,unreached,chat,146,0.8941,0.8244
8,unreached,chat,149,0.8803,0.8337
15,unreached,chat,149,0.9137,0.8113
15,unreached,chat,233,0.957,0.8258
11,unreached,chat,305,0.9802,0.9263
13,unreached,chat,1564,0.9471,0.8412
13,unreached,chat,330,0.9073,0.7919
3,unreached,chat,236,0.9134,0.8274
9,unreached,chat,236,0.935,0.7917
10,unreached,chat,158,0.8962,0.7967
14,unreached,chat,158,0.9127,0.8412
4,unreached,chat,237,0.9057,0.7822
6,accepted,chat,311,0.9682,0.9389
13,unreached,chat,311,0.9187,0.8768
2,rejected,chat,1574,0.9053,0.8089
15,unreached,chat,1574,0.9235,0.7941
12,unreached,chat,238,0.9124,0.7876
9,unreached,chat,318,0.9258,0.7902
11,unreached,chat,318,0.9317,0.7886
5,unreached,chat,1576,0.9321,0.8252
1,accepted,chat,161,0.88,0.871
8,unreached,chat,161,0.8908,0.7898
11,unreached,chat,161,0.9115,0.8284
11,unreached,chat,241,0.925,0.8252
4,unreached,chat,319,0.8773,0.8445
1,accepted,chat,345,0.8757,0.816
15,unreached,chat,345,0.9338,0.8201
15,unreached,chat,1583,0.8845,0.7834
3,rejected,chat,247,0.904,0.9136
8,unreached,chat,247,0.9155,0.8648
9,unreached,chat,247,0.8981,0.8119
5,unreached,chat,167,0.9024,0.8758
6,unreached,chat,167,0.8865,0.8647
15,unreached,chat,167,0.8785,0.7851
13,unreached,chat,355,0.9136,0.8299
10,unreached,chat,250,0.9831,0.9063
11,unreached,chat,250,0.9481,0.9507
5,accepted,chat,325,0.9873,0.8805
10,unreached,chat,325,0.9234,0.8158
13,unreached,chat,325,0.928,0.8271
9,unreached,chat,1590,0.9449,0.8345
2,accepted,chat,255,0.9035,0.9125
13,unreached,chat,255,0.9444,0.8814
8,unreached,chat,360,0.9056,0.7909
11,unreached,chat,265,0.9172,0.7879
15,unreached,chat,265,0.9228,0.7864
6,unreached,chat,1594,0.926,0.9195
2,unreached,chat,267,0.9163,0.8648
14,unreached,chat,267,0.9083,0.7786
2,rejected,chat,340,0.8827,0.8844
12,unreached,chat,375,0.9044,0.7361
12,unreached,chat,268,0.9001,0.7487
5,unreached,chat,273,0.9076,0.8105
11,unreached,chat,273,0.9097,0.7536
10,unreached,chat,379,0.9269,0.7819
13,unreached,chat,379,0.884,0.7272
10,unreached,chat,277,0.9122,0.7825
4,accepted,chat,1603,0.9343,0.8707
9,unreached,chat,383,0.8992,0.7772
8,unreached,chat,280,0.9228,0.7819
9,unreached,chat,280,0.9261,0.7891
6,unreached,chat,355,0.9125,0.7891
1,accepted,chat,179,0.8729,0.8356
15,unreached,chat,284,0.923,0.7795
12,unreached,chat,1611,0.9327,0.8108
13,unreached,chat,393,0.9519,0.9574
8,unreached,chat,287,0.9201,0.7903
12,unreached,chat,357,0.9095,0.831
5,unreached,chat,1616,0.9198,0.8522
12,unreached,chat,188,0.8654,0.813
1,accepted,chat,407,0.8965,0.8513
6,unreached,chat,1619,0.9118,0.7963
10,unreached,chat,1619,0.9426,0.8372
12,unreached,chat,1619,0.9558,0.9162
10,unreached,chat,411,0.9315,0.8406
2,unreached,chat,192,0.9572,0.9919
8,rejected,chat,416,0.8589,0.9054
13,unreached,chat,416,0.9184,0.9428
13,unreached,chat,295,0.9658,0.9421
3,unreached,chat,369,0.8777,0.7395
11,unreached,chat,369,0.9407,0.7975
14,unreached,chat,369,0.9135,0.7832
15,rejected,chat,424,0.9232,0.9535
7,unreached,chat,298,0.9026,0.794
5,unreached,chat,370,0.8861,0.8585
10,unreached,chat,370,0.9484,0.8115
12,unreached,chat,1623,0.9778,0.8646
14,unreached,chat,1623,0.9697,0.897
12,unreached,chat,196,0.9104,0.8309
3,rejected,chat,303,0.8736,0.7877
14,unreached,chat,303,0.9146,0.7941
2,unreached,chat,372,0.8995,0.7927
8,unreached,chat,372,0.9644,0.8472
11,unreached,chat,372,0.9874,0.9816
10,unreached,chat,1624,0.9461,0.8402
13,unreached,chat,1624,0.972,0.9459
14,unreached,chat,1624,0.9759,0.9389
13,unreached,chat,198,0.888,0.792
5,accepted,chat,440,0.9307,0.8291
9,unreached,chat,1626,0.9473,0.8605
14,unreached,chat,1626,0.961,0.8938
8,unreached,chat,453,0.9566,0.9831
11,unreached,chat,453,0.9339,0.8535
12,unreached,chat,307,0.9046,0.8053
7,unreached,chat,202,0.9311,0.9571
5,unreached,chat,314,0.9021,0.795
15,unreached,chat,314,0.9118,0.766
1,accepted,chat,1630,0.8974,0.846
11,unreached,chat,1630,0.9099,0.8282
15,unreached,chat,1630,0.9593,0.8772
12,unreached,chat,457,0.919,0.7814
3,unreached,chat,317,0.875,0.8132
8,rejected,chat,380,0.955,0.8921
13,unreached,chat,380,0.9449,0.843
8,unreached,chat,1635,0.9219,0.8243
3,accepted,chat,459,0.8687,0.8034
7,unreached,chat,459,0.9114,0.761
11,unreached,chat,319,0.9036,0.7599
15,unreached,chat,388,0.9191,0.7757
10,unreached,chat,321,0.9082,0.7836
12,unreached,chat,321,0.8884,0.7556
4,accepted,chat,206,0.8734,0.8308
2,accepted,chat,322,0.8727,0.8012
13,unreached,chat,322,0.885,0.7486
14,unreached,chat,390,0.9215,0.7713
2,accepted,chat,215,0.8749,0.8873
5,unreached,chat,465,0.8686,0.7774
11,unreached,chat,326,0.9076,0.7649
14,unreached,chat,393,0.9596,0.8179
8,unreached,chat,397,0.9726,0.9562
6,unreached,chat,1660,0.8996,0.8038
8,unreached,chat,469,0.9087,0.8365
10,unreached,chat,469,0.9591,1.03
15,unreached,chat,469,0.9336,0.8455
1,accepted,chat,334,0.8803,0.838
1,rejected,chat,404,0.9041,0.8268
7,unreached,chat,404,0.9355,0.8347
11,unreached,chat,1661,0.9344,0.8108
14,unreached,chat,472,0.933,0.791
8,unreached,chat,405,0.9535,0.8295
14,unreached,chat,405,0.93,0.7916
4,unreached,chat,1663,0.9138,0.8438
10,unreached,chat,1663,0.9126,0.7859
6,unreached,chat,224,0.9131,0.9534
12,unreached,chat,224,0.9032,0.8254
6,unreached,chat,474,0.9809,1.002
6,unreached,chat,338,0.8982,0.7784
9,unreached,chat,407,0.937,0.8063
11,unreached,chat,407,0.9506,0.8469
2,accepted,chat,1664,0.9064,0.8307
7,unreached,chat,1668,0.9021,0.7957
2,unreached,chat,234,0.8924,0.8479
3,unreached,chat,234,0.9001,0.866
5,accepted,chat,490,0.8813,0.8353
13,unreached,chat,341,0.925,0.8137
2,accepted,chat,1673,0.8945,0.7898
12,unreached,chat,1673,0.913,0.8009
15,unreached,chat,235,0.8695,0.8355
14,unreached,chat,496,0.9097,0.7557
2,rejected,chat,1678,0.8837,0.8241
6,unreached,chat,1678,0.8983,0.7905
5,unreached,chat,236,0.9353,0.9654
2,rejected,chat,500,0.8795,0.7993
12,unreached,chat,500,0.935,0.8031
7,unreached,chat,344,0.937,0.8334
11,unreached,chat,344,0.9046,0.7688
14,unreached,chat,1680,0.9502,0.8023
15,unreached,chat,1680,0.9506,0.7961
9,unreached,chat,237,0.9357,0.8847
10,unreached,chat,502,0.9114,0.8312
14,unreached,chat,502,0.9371,0.7999
2,accepted,chat,245,0.8683,0.917
11,unreached,chat,245,0.8861,0.7714
3,accepted,chat,94,0.8807,0.9866
8,unreached,chat,350,0.9202,0.8324
15,unreached,chat,248,0.9048,0.841
4,accepted,chat,513,0.9407,0.9114
11,unreached,chat,513,0.9206,0.9578
14,unreached,chat,99,0.9225,0.7968
8,unreached,chat,353,0.883,0.7468
10,unreached,chat,249,0.899,0.8363
10,unreached,chat,520,0.8926,0.8118
13,unreached,chat,520,0.8982,0.8256
9,unreached,chat,1691,0.9224,0.7847
3,unreached,chat,521,0.9125,0.8599
1,accepted,chat,103,0.8521,0.7772
2,accepted,chat,103,0.9097,0.8387
12,unreached,chat,1694,0.9248,0.7937
13,unreached,chat,1694,0.9367,0.8022
2,unreached,chat,256,0.9195,0.895
5,unreached,chat,256,0.9678,0.9434
5,unreached,chat,257,0.8805,0.82
1,accepted,chat,529,0.8389,0.7714
8,unreached,chat,109,0.9321,0.8648
13,unreached,chat,109,0.9063,0.783
2,rejected,chat,113,0.8628,0.8619
15,unreached,chat,113,0.9147,0.7721
7,unreached,chat,372,0.9088,0.8273
14,unreached,chat,372,0.9239,0.8227
5,unreached,chat,265,0.894,0.8402
15,unreached,chat,117,0.9004,0.7602
11,unreached,chat,375,0.9165,0.7546
11,unreached,chat,1709,0.9421,0.8487
14,unreached,chat,1709,0.9197,0.8001
6,unreached,chat,266,0.9799,0.9867
7,unreached,chat,23,0.8604,0.6998
12,unreached,chat,23,0.9262,0.8398
11,unreached,chat,381,0.9482,0.8826
2,accepted,chat,269,0.8413,0.7891
15,unreached,chat,269,0.8931,0.8427
9,unreached,chat,27,0.8978,0.8148
12,unreached,chat,384,0.8932,0.7788
2,unreached,chat,1718,0.908,0.846
5,unreached,chat,1718,0.8834,0.7475
5,rejected,chat,123,0.8922,0.8999
5,unreached,chat,1719,0.8755,0.7393
11,unreached,chat,279,0.9124,0.7967
15,unreached,chat,30,0.9336,0.8546
5,unreached,chat,1720,0.9426,0.8358
1,accepted,chat,282,0.9202,0.9012
5,unreached,chat,129,0.9496,0.9007
2,accepted,chat,396,0.8999,0.8302
7,unreached,chat,1721,0.9166,0.7968
15,unreached,chat,1721,0.9475,0.8247
4,accepted,chat,285,0.851,0.8045
14,unreached,chat,285,0.8673,0.802
6,unreached,chat,130,0.958,0.8601
14,unreached,chat,130,0.942,0.8337
8,unreached,chat,399,0.9414,0.8725
7,unreached,chat,1722,0.9294,0.8616
1,accepted,chat,290,0.8672,0.8545
15,unreached,chat,290,0.88,0.7946
3,unreached,chat,37,0.8791,0.7606
2,accepted,chat,400,0.8914,0.8394
3,rejected,chat,400,0.9047,0.8346
4,unreached,chat,400,0.8979,0.84
13,unreached,chat,400,0.9256,0.7851
1,accepted,chat,1723,0.8837,0.798
13,unreached,chat,293,0.8891,0.8127
7,unreached,chat,403,0.9318,0.865
4,unreached,chat,1728,0.9205,0.7868
7,unreached,chat,296,0.8724,0.7954
4,unreached,chat,134,0.9241,0.814
10,unreached,chat,1730,0.9429,0.8156
2,unreached,chat,300,0.9071,0.891
13,unreached,chat,138,0.9188,0.8109
15,unreached,chat,138,0.9069,0.8076
1,rejected,chat,1736,0.8832,0.7907
8,unreached,chat,301,0.8741,0.8131
6,unreached,chat,139,0.8936,0.8351
4,rejected,chat,29,0.9352,1.044
9,unreached,chat,1737,0.909,0.7964
11,unreached,chat,140,0.9267,0.8043
13,unreached,chat,140,0.9082,0.7905
15,unreached,chat,140,0.923,0.7988
8,unreached,chat,33,0.9031,0.8016
9,unreached,chat,33,0.9101,0.809
15,unreached,chat,33,0.9068,0.7713
1,rejected,chat,1743,0.8635,0.7849
4,unreached,chat,1743,0.9176,0.9109
3,unreached,chat,304,0.921,0.8993
3,accepted,chat,716,0.9136,0.9569
6,unreached,chat,39,0.9457,0.8787
15,unreached,chat,39,0.929,0.7773
9,unreached,chat,1744,0.9192,0.7648
6,unreached,chat,305,0.8931,0.8407
6,rejected,chat,146,0.9137,0.8321
11,unreached,chat,720,0.9385,0.8761
15,unreached,chat,720,0.925,0.7722
7,unreached,chat,1748,0.9459,0.8419
4,unreached,chat,152,0.9573,0.8791
5,unreached,chat,152,0.9692,0.9094
13,unreached,chat,723,0.9467,0.8078
8,unreached,chat,1750,0.9451,0.8502
4,accepted,chat,52,0.9084,0.8233
6,unreached,chat,1751,0.9188,0.8262
7,unreached,chat,1751,0.9357,0.8331
1,accepted,chat,156,0.8798,0.8015
1,rejected,chat,734,0.8687,0.7719
4,unreached,chat,734,0.8989,0.7622
9,unreached,chat,59,0.9014,0.7928
5,unreached,chat,311,0.9092,0.8902
9,unreached,chat,311,0.9339,0.9085
13,unreached,chat,158,0.9291,0.8538
5,unreached,chat,1755,0.9804,0.8978
11,unreached,chat,1755,0.9164,0.7589
8,unreached,chat,161,0.9079,0.8564
10,unreached,chat,65,0.886,0.7408
3,rejected,chat,67,0.892,0.8213
15,unreached,chat,323,0.8816,0.7843
8,unreached,chat,170,0.9494,0.9383
11,unreached,chat,170,0.9251,0.8161
12,unreached,chat,170,0.9275,0.817
14,unreached,chat,170,0.9251,0.8064
15,unreached,chat,70,0.9071,0.8018
4,unreached,chat,171,0.941,0.9181
9,unreached,chat,171,0.9392,0.8782
11,unreached,chat,171,0.9154,0.8139
7,unreached,chat,73,0.9102,0.8045
8,unreached,chat,73,0.8952,0.7567
2,unreached,chat,1765,0.8689,0.796
4,unreached,chat,327,0.8972,0.8705
13,unreached,chat,327,0.8811,0.7799
9,unreached,chat,173,0.9359,0.9074
10,unreached,chat,173,0.9278,0.8694
13,unreached,chat,173,0.9316,0.857
2,accepted,chat,754,0.9084,0.8334
4,unreached,chat,329,0.9299,0.9267
10,unreached,chat,767,0.9191,0.7759
11,unreached,chat,79,0.9622,0.8719
3,accepted,chat,1768,0.874,0.7712
5,rejected,chat,1768,0.9134,0.8321
3,accepted,chat,772,0.9354,0.8349
4,rejected,chat,772,0.9336,0.937
8,unreached,chat,772,0.9378,0.8587
9,unreached,chat,179,0.8752,0.7329
4,unreached,chat,182,0.8945,0.8129
5,unreached,chat,182,0.9109,0.8084
1,accepted,chat,34,0.9144,0.8224
14,unreached,chat,34,0.9258,0.811
4,unreached,chat,338,0.9137,0.8609
2,rejected,chat,183,0.8908,0.9025
13,unreached,chat,36,0.9286,0.8002
2,rejected,chat,340,0.8929,0.8704
12,unreached,chat,90,0.9183,0.7406
9,unreached,chat,342,0.8938,0.9189
13,unreached,chat,342,0.8729,0.8251
15,unreached,chat,91,0.9073,0.8596
4,unreached,chat,43,0.9287,0.8311
9,unreached,chat,43,0.9534,0.9068
11,unreached,chat,43,0.9416,0.9199
11,unreached,chat,802,0.9797,1.004
4,rejected,chat,45,0.8741,0.7777
12,unreached,chat,45,0.925,0.8217
1,accepted,chat,347,0.8766,0.8654
7,unreached,chat,191,0.91,0.7749
8,unreached,chat,808,0.9104,0.7689
12,unreached,chat,49,0.916,0.8241
5,unreached,chat,349,0.9177,0.915
4,unreached,chat,193,0.9097,0.8631
10,unreached,chat,193,0.8929,0.7776
12,unreached,chat,51,0.9161,0.8407
6,unreached,chat,350,0.9582,0.9855
7,unreached,chat,195,0.9633,0.9953
2,accepted,chat,197,0.8686,0.8111
11,unreached,chat,197,0.9369,0.8851
14,unreached,chat,828,0.9051,0.7788
15,unreached,chat,828,0.8943,0.754
7,unreached,chat,61,0.8987,0.786
1,rejected,chat,353,0.9325,0.9279
5,unreached,chat,353,0.8929,0.8731
13,unreached,chat,200,0.8897,0.7786
15,unreached,chat,200,0.8745,0.7464
13,unreached,chat,833,0.901,0.7418
6,unreached,chat,354,0.8831,0.8317
8,unreached,chat,354,0.9002,0.8627
1,accepted,chat,206,0.8817,0.8414
3,unreached,chat,115,0.9438,0.8666
13,unreached,chat,115,0.8939,0.7405
14,unreached,chat,115,0.8966,0.7513
10,unreached,chat,355,0.8678,0.8164
10,unreached,chat,213,0.889,0.7558
6,unreached,chat,64,0.9205,0.8354
10,unreached,chat,64,0.9107,0.8013
5,unreached,chat,357,0.8711,0.8238
15,unreached,chat,215,0.928,0.7893
14,unreached,chat,845,0.9229,0.8326
9,unreached,chat,118,0.9267,0.8052
7,unreached,chat,65,0.9108,0.8421
8,unreached,chat,216,0.9055,0.8106
11,unreached,chat,67,0.8797,0.7209
12,unreached,chat,218,0.9251,0.7946
15,unreached,chat,218,0.9319,0.8053
7,accepted,chat,850,0.9378,0.8459
12,unreached,chat,124,0.9185,0.8266
3,unreached,chat,363,0.8845,0.8533
14,unreached,chat,363,0.8836,0.8121
4,unreached,chat,219,0.9094,0.8249
14,unreached,chat,125,0.9279,0.8285
1,accepted,chat,70,0.8908,0.8236
10,unreached,chat,70,0.906,0.7844
13,unreached,chat,364,0.8747,0.8205
6,unreached,chat,221,0.894,0.7946
10,unreached,chat,221,0.8832,0.7443
4,unreached,chat,127,0.8637,0.7778
8,unreached,chat,127,0.9204,0.9642
4,unreached,chat,365,0.9667,0.9261
4,unreached,chat,224,0.8835,0.7967
5,unreached,chat,224,0.8842,0.8072
4,unreached,chat,227,0.8722,0.782
2,accepted,chat,132,0.8625,0.7649
10,unreached,chat,77,0.8831,0.7535
3,rejected,chat,368,0.8813,0.8654
15,unreached,chat,368,0.9093,0.8588
2,unreached,chat,229,0.8779,0.7959
12,unreached,chat,229,0.9605,0.9195
2,accepted,chat,871,0.8848,0.7707
2,unreached,chat,78,0.88,0.8257
9,unreached,chat,78,0.8974,0.7583
11,unreached,chat,371,0.9149,0.8625
2,accepted,chat,230,0.9674,0.9066
3,accepted,chat,230,0.9399,0.8713
13,unreached,chat,230,0.9175,0.8691
3,accepted,chat,874,0.8445,0.8027
13,unreached,chat,874,0.8881,0.7837
15,unreached,chat,372,0.8953,0.8334
4,unreached,chat,234,0.9479,0.8867
10,unreached,chat,881,0.8592,0.7309
5,unreached,chat,137,0.9135,0.8644
11,unreached,chat,137,0.8945,0.792
6,unreached,chat,81,0.8972,0.7972
13,unreached,chat,81,0.9077,0.7809
10,unreached,chat,883,1.01,1.107
13,unreached,chat,139,0.9095,0.8197
5,unreached,chat,84,0.8853,0.8213
11,unreached,chat,241,0.9001,0.7711
7,unreached,chat,380,0.9167,0.881
3,accepted,chat,245,0.9469,0.906
5,accepted,chat,245,0.9359,0.8743
12,unreached,chat,907,0.9601,0.8604
5,unreached,chat,149,0.9094,0.8381
8,unreached,chat,149,0.9458,0.9825
8,unreached,chat,255,0.9555,0.9205
3,rejected,chat,97,0.8678,0.7764
13,unreached,chat,387,0.8947,0.8211
3,unreached,chat,257,0.922,0.8425
9,unreached,chat,257,0.933,0.9134
4,accepted,chat,916,0.8987,0.9156
2,rejected,chat,160,0.8466,0.7729
9,unreached,chat,923,0.9118,0.8644
15,unreached,chat,162,0.9662,0.9366
4,unreached,chat,395,0.8977,0.8947
15,unreached,chat,269,0.9315,0.8128
9,unreached,chat,926,0.9705,0.8877
11,unreached,chat,163,0.9293,0.8272
1,rejected,chat,396,0.9405,0.9344
1,accepted,chat,168,0.8631,0.7944
8,unreached,chat,107,0.9327,0.8166
4,unreached,chat,275,0.9494,0.8759
8,unreached,chat,275,0.9158,0.8085
14,unreached,chat,275,0.9226,0.8798
11,unreached,chat,937,0.9262,0.8093
15,unreached,chat,108,0.9379,0.8023
10,unreached,chat,398,0.8791,0.8566
11,unreached,chat,278,0.9572,0.8972
9,unreached,chat,941,0.8622,0.8279
2,accepted,chat,172,0.9932,0.9246
13,unreached,chat,172,0.9388,0.7967
7,unreached,chat,405,0.8843,0.8011
1,rejected,chat,115,0.8761,0.8047
15,unreached,chat,115,0.9024,0.7651
13,unreached,chat,408,0.8875,0.8191
6,unreached,chat,289,0.9533,0.8977
15,unreached,chat,951,0.9118,0.7681
3,rejected,chat,186,0.8513,0.8053
5,unreached,chat,186,0.9516,0.9296
11,unreached,chat,410,0.9385,0.821
8,unreached,chat,296,0.9417,0.8757
14,unreached,chat,296,0.8905,0.7522
11,unreached,chat,962,0.9144,0.7839
13,unreached,chat,962,0.909,0.804
5,unreached,chat,123,0.8937,0.7822
6,unreached,chat,966,0.941,0.8324
10,unreached,chat,966,0.9143,0.7736
11,unreached,chat,966,0.9059,0.7597
12,unreached,chat,966,0.8912,0.7548
2,unreached,chat,193,0.8673,0.8029
3,unreached,chat,193,0.9192,0.8621
1,rejected,chat,125,0.8788,0.7972
8,unreached,chat,125,0.9026,0.7642
10,unreached,chat,418,0.891,0.7934
2,rejected,chat,305,0.9158,0.892
5,unreached,chat,194,0.8698,0.7957
15,unreached,chat,126,0.919,0.7804
14,unreached,chat,420,0.8831,0.7951
7,unreached,chat,307,0.8806,0.7544
13,unreached,chat,307,0.8743,0.7741
12,unreached,chat,975,0.9551,0.849
13,unreached,chat,975,0.9596,0.8579
4,unreached,chat,196,0.8865,0.7835
3,unreached,chat,128,0.9614,0.98
8,unreached,chat,128,0.8902,0.7717
10,unreached,chat,128,0.8938,0.7808
4,unreached,chat,421,0.9072,0.9415
4,unreached,chat,308,0.9104,0.8263
14,unreached,chat,198,0.893,0.7518
10,unreached,chat,130,0.8854,0.7671
13,unreached,chat,130,0.8896,0.7818
8,unreached,chat,309,0.8658,0.7473
4,unreached,chat,979,0.9147,0.8227
5,unreached,chat,979,0.8759,0.8045
8,unreached,chat,979,0.9063,0.7845
1,rejected,chat,132,0.8826,0.8288
11,unreached,chat,311,0.8893,0.8075
5,accepted,chat,981,0.8659,0.7896
12,unreached,chat,204,0.926,0.8598
15,unreached,chat,133,0.9093,0.7534
2,accepted,chat,206,0.8802,0.8071
9,unreached,chat,206,0.8892,0.7933
2,unreached,chat,134,0.9342,0.9036
12,unreached,chat,991,0.881,0.8427
6,unreached,chat,212,0.917,0.8553
8,unreached,chat,135,0.918,0.8165
5,unreached,chat,317,0.9178,0.8487
14,unreached,chat,995,0.9351,0.8124
13,unreached,chat,138,0.9052,0.7597
15,unreached,chat,217,0.902,0.7729
6,unreached,chat,139,0.904,0.8127
13,unreached,chat,139,0.9084,0.7625
9,accepted,chat,18,0.9306,0.8851
1,rejected,chat,320,0.8713,0.7879
2,unreached,chat,320,0.8877,0.8269
7,unreached,chat,320,0.8585,0.8168
15,unreached,chat,320,0.9101,0.7871
1,accepted,chat,1007,0.858,0.7259
5,unreached,chat,140,0.9664,0.8636
3,accepted,chat,28,0.918,0.9097
4,accepted,chat,28,0.9271,0.9082
5,unreached,chat,321,0.8893,0.7995
9,unreached,chat,321,0.9694,0.9704
11,unreached,chat,1012,0.932,0.831
4,unreached,chat,220,0.9934,1.005
13,unreached,chat,143,0.9209,0.7833
13,accepted,chat,38,0.9132,0.8907
9,unreached,chat,1018,0.935,0.8205
9,unreached,chat,325,0.9269,0.8306
9,unreached,chat,1019,0.9071,0.7821
14,unreached,chat,1019,0.8916,0.7483
11,unreached,chat,328,0.8742,0.748
11,unreached,chat,149,0.8702,0.7579
9,unreached,chat,333,0.882,0.7524
1,accepted,chat,226,0.8744,0.7874
4,unreached,chat,226,0.9483,0.8699
6,unreached,chat,226,0.8751,0.7369
8,unreached,chat,226,0.8966,0.7596
1,rejected,chat,228,0.8667,0.8009
8,unreached,chat,228,0.9308,0.7997
13,unreached,chat,228,0.9715,0.9201
13,unreached,chat,155,0.9137,0.7839
5,unreached,chat,71,0.9821,0.9165
14,unreached,chat,72,0.909,0.792
1,accepted,chat,339,0.8765,0.7902
4,unreached,chat,339,0.8937,0.818
8,unreached,chat,339,0.8983,0.7861
5,unreached,chat,231,0.9602,0.935
13,unreached,chat,231,0.9202,0.8067
2,unreached,chat,342,0.9242,0.9007
4,rejected,chat,1043,0.9113,0.8114
6,unreached,chat,1043,0.9263,0.8212
13,unreached,chat,233,0.9379,0.8731
4,unreached,chat,161,0.9191,0.8375
11,unreached,chat,161,0.9188,0.7742
9,unreached,chat,81,0.9733,0.9066
15,unreached,chat,162,0.9291,0.8239
5,unreached,chat,346,0.968,0.9314
14,unreached,chat,163,0.944,0.8147
2,unreached,chat,84,0.9335,0.8652
8,unreached,chat,84,0.9811,0.8753
5,unreached,chat,347,0.9703,0.8958
6,unreached,chat,347,0.9568,0.9102
5,unreached,chat,1051,0.8911,0.7896
8,unreached,chat,1051,0.8975,0.8318
10,unreached,chat,1051,0.9056,0.8153
13,unreached,chat,1051,0.9497,0.8258
11,unreached,chat,244,0.9031,0.8421
3,unreached,chat,166,0.8997,0.8152
5,unreached,chat,166,0.8844,0.8054
9,unreached,chat,166,0.8866,0.7818
6,unreached,chat,85,0.9418,0.8599
2,accepted,chat,1055,0.9014,0.7872
13,unreached,chat,252,0.9026,0.771
3,unreached,chat,87,0.9702,0.9664
9,unreached,chat,87,0.8896,0.7853
2,unreached,chat,358,0.9166,0.8415
5,unreached,chat,358,0.8658,0.7762
4,accepted,chat,1062,0.9435,0.8891
6,rejected,chat,1062,0.8621,0.8092
5,unreached,chat,253,0.9359,0.8406
5,unreached,chat,359,0.8847,0.8071
2,rejected,chat,1068,0.8684,0.7784
11,unreached,chat,255,0.9131,0.8018
12,unreached,chat,255,0.9138,0.8066
9,unreached,chat,174,0.8876,0.8706
9,unreached,chat,89,0.8907,0.7864
11,unreached,chat,89,0.9555,0.9702
5,unreached,chat,361,0.88,0.7568
9,unreached,chat,361,0.9034,0.7777
14,unreached,chat,361,0.9359,0.7997
10,unreached,chat,257,0.9156,0.8479
14,unreached,chat,257,0.9168,0.8129
14,unreached,chat,175,0.919,0.807
10,unreached,chat,1076,0.9008,0.7679
15,unreached,chat,1076,0.9019,0.7571
1,rejected,chat,179,0.8606,0.7674
10,unreached,chat,100,0.9256,0.8604
11,unreached,chat,180,0.9167,0.8078
11,accepted,chat,108,0.9609,0.936
13,unreached,chat,109,0.9364,0.789
15,unreached,chat,109,0.9406,0.8016
2,accepted,chat,183,0.8567,0.766
4,unreached,chat,183,0.9197,0.8213
6,unreached,chat,183,0.9348,0.8846
8,unreached,chat,183,0.8873,0.9534
6,accepted,chat,122,0.9111,0.8522
5,rejected,chat,381,0.9432,0.8833
15,unreached,chat,272,0.9043,0.7764
1,rejected,chat,186,0.9222,0.8408
9,unreached,chat,186,0.9543,0.8985
5,unreached,chat,129,0.9623,1.071
8,unreached,chat,386,0.9116,0.8074
8,unreached,chat,278,0.9049,0.8229
2,rejected,chat,132,0.941,1.035
9,unreached,chat,132,0.9689,0.9
11,unreached,chat,285,0.9333,0.8361
15,unreached,chat,188,0.9033,0.7739
2,accepted,chat,121,0.87,0.8297
6,unreached,chat,194,0.8982,0.8099
10,unreached,chat,124,0.8969,0.7644
4,unreached,chat,391,0.9019,0.8001
15,unreached,chat,391,0.9417,0.8139
7,unreached,chat,292,0.9279,0.8056
8,unreached,chat,195,0.876,0.7228
9,unreached,chat,195,0.8863,0.7423
5,unreached,chat,125,0.9326,0.8275
1,accepted,chat,393,0.8824,0.8033
7,unreached,chat,149,0.9462,0.867
7,unreached,chat,395,0.9211,0.8195
9,unreached,chat,395,0.9361,0.8314
10,unreached,chat,395,0.9472,0.8365
2,accepted,chat,128,0.9295,0.8666
4,accepted,chat,128,0.916,0.8651
6,unreached,chat,396,0.8969,0.817
15,unreached,chat,298,0.9094,0.7987
9,unreached,chat,201,0.8985,0.7576
1,accepted,chat,133,0.8636,0.8041
5,unreached,chat,133,0.9465,0.8724
2,rejected,chat,398,0.8548,0.8073
8,unreached,chat,307,0.901,0.8107
13,unreached,chat,167,0.9746,0.8707
15,unreached,chat,167,0.9231,0.9204
10,unreached,chat,137,0.9023,0.7388
3,accepted,chat,308,0.8881,0.7857
11,unreached,chat,308,0.8986,0.7588
2,unreached,chat,206,0.8957,0.8066
4,accepted,chat,169,0.9344,0.9248
6,accepted,chat,169,0.9562,0.9516
14,unreached,chat,404,0.9429,0.818
5,unreached,chat,312,0.8845,0.7911
15,unreached,chat,176,0.9399,0.816
12,unreached,chat,407,0.9367,0.8051
2,rejected,chat,178,0.8719,0.7927
9,unreached,chat,409,0.957,0.8517
14,unreached,chat,409,0.9424,0.8361
15,unreached,chat,409,0.9268,0.8089
2,unreached,chat,316,0.8857,0.7935
7,unreached,chat,210,0.8977,0.7686
7,unreached,chat,147,0.8678,0.7897
2,accepted,chat,413,0.9824,1
8,accepted,chat,413,0.9094,0.876
14,unreached,chat,317,0.9893,0.9582
15,unreached,chat,149,0.9448,0.8986
13,unreached,chat,423,0.9354,0.8144
9,unreached,chat,318,0.9296,0.816
13,unreached,chat,318,0.9904,0.9333
14,unreached,chat,318,0.9932,0.9373
10,unreached,chat,154,0.9131,0.8343
5,unreached,chat,216,0.9615,0.9801
12,unreached,chat,216,0.8925,0.7826
13,unreached,chat,216,0.9356,0.8855
7,unreached,chat,191,0.9563,0.8189
10,unreached,chat,191,0.9632,0.8486
14,unreached,chat,323,0.925,0.8
3,unreached,chat,217,0.9911,1.006
5,unreached,chat,217,0.9628,0.8372
12,unreached,chat,217,0.8934,0.7779
13,unreached,chat,217,0.931,0.8614
5,accepted,chat,195,0.959,0.8853
9,unreached,chat,195,0.9453,0.9515
11,unreached,chat,195,0.9947,0.911
8,unreached,chat,432,0.8878,0.7718
10,unreached,chat,432,0.9237,0.8351
8,unreached,chat,325,0.8986,0.9467
10,unreached,chat,218,0.9796,0.9694
15,unreached,chat,218,0.9356,0.844
3,unreached,chat,203,0.8691,0.7753
5,unreached,chat,203,0.9644,0.9723
8,unreached,chat,203,0.9298,0.8706
15,unreached,chat,326,0.9491,0.8198
1,accepted,chat,219,0.8667,0.7878
4,accepted,chat,219,0.9498,0.8151
14,unreached,chat,219,0.9312,0.8448
15,unreached,chat,204,0.9444,0.8884
2,accepted,chat,163,0.9102,0.8644
4,unreached,chat,163,0.9035,0.9063
11,unreached,chat,163,0.878,0.7275
9,unreached,chat,439,0.9284,0.8045
1,rejected,chat,227,0.9308,0.8697
10,unreached,chat,227,0.9502,0.8837
4,unreached,chat,441,0.926,0.8248
9,unreached,chat,441,0.9052,0.9578
14,unreached,chat,331,0.9616,0.9353
14,unreached,chat,228,0.9049,0.7634
13,unreached,chat,208,0.9109,0.7552
3,accepted,chat,333,0.9706,0.9142
6,unreached,chat,230,0.9232,0.8596
9,unreached,chat,230,0.9236,0.8858
1,accepted,chat,210,0.8614,0.7746
6,unreached,chat,168,0.8867,0.7802
9,unreached,chat,168,0.9173,0.8156
8,unreached,chat,171,0.91,0.784
2,accepted,chat,457,0.901,0.8348
15,unreached,chat,457,0.9651,0.9186
6,unreached,chat,352,0.9018,0.7866
7,unreached,chat,235,0.9119,0.9244
14,unreached,chat,235,0.9186,0.7997
2,rejected,chat,220,0.8725,0.7736
6,unreached,chat,220,0.9542,0.9572
6,unreached,chat,172,0.8914,0.806
14,unreached,chat,172,0.9135,0.7829
8,unreached,chat,354,0.8885,0.762
13,unreached,chat,354,0.9236,0.8508
4,unreached,chat,236,0.924,0.8377
14,unreached,chat,236,0.9187,0.7953
1,rejected,chat,222,0.865,0.8091
6,unreached,chat,356,0.8965,0.7896
14,unreached,chat,223,0.9096,0.9045
11,unreached,chat,357,0.8994,0.7984
12,unreached,chat,357,0.9033,0.7777
10,unreached,chat,239,0.8978,0.7705
6,unreached,chat,224,0.8931,0.8172
3,rejected,chat,178,0.9396,0.8545
8,unreached,chat,27,0.8962,0.7926
6,unreached,chat,362,0.8694,0.7189
9,unreached,chat,362,0.9111,0.8011
2,rejected,chat,242,0.92,0.8459
4,unreached,chat,181,0.8801,0.7539
10,unreached,chat,31,0.9008,0.7911
8,unreached,chat,365,0.9026,0.8143
15,unreached,chat,365,0.9434,0.8777
12,unreached,chat,246,0.8937,0.7708
14,unreached,chat,238,0.8998,0.7617
5,unreached,chat,185,0.8946,0.7867
5,unreached,chat,366,0.9035,0.8383
9,unreached,chat,366,0.8896,0.7856
6,unreached,chat,247,0.9003,0.7992
10,unreached,chat,247,0.8979,0.768
10,unreached,chat,242,0.8598,0.8118
2,rejected,chat,186,0.8835,0.8127
3,unreached,chat,186,0.9112,0.8202
3,unreached,chat,40,0.896,0.8075
4,unreached,chat,40,0.9009,0.8318
1,rejected,chat,368,0.9444,0.9077
4,unreached,chat,368,0.9238,0.8516
13,unreached,chat,368,0.9386,0.7953
1,accepted,chat,250,0.8745,0.7864
14,unreached,chat,250,0.9277,0.814
9,unreached,chat,248,0.9455,0.7665
13,unreached,chat,188,0.9143,0.7927
14,unreached,chat,188,0.9139,0.7894
10,unreached,chat,369,0.9792,0.9654
8,unreached,chat,252,0.9215,0.8535
14,unreached,chat,252,0.9181,0.7835
3,accepted,chat,250,0.8926,0.7818
15,unreached,chat,49,0.9007,0.7835
3,accepted,chat,372,0.9717,0.923
4,accepted,chat,372,0.9993,0.9926
5,accepted,chat,254,0.8666,0.7472
8,unreached,chat,254,0.9862,0.9011
13,unreached,chat,54,0.9392,0.8563
8,unreached,chat,386,0.9239,0.8321
9,unreached,chat,386,0.9233,0.8314
15,unreached,chat,386,0.9276,0.8066
2,unreached,chat,257,0.9003,0.8384
5,unreached,chat,257,0.9276,0.8521
11,unreached,chat,260,0.9155,0.8378
1,accepted,chat,258,0.8977,0.836
6,unreached,chat,261,0.9556,0.8268
10,unreached,chat,199,0.9256,0.8017
2,unreached,chat,392,0.8676,0.8004
13,unreached,chat,261,0.9101,0.7931
5,accepted,chat,266,0.9573,0.877
10,unreached,chat,201,0.931,0.8613
12,unreached,chat,201,0.91,0.7784
13,unreached,chat,201,0.9074,0.7531
11,unreached,chat,266,0.9436,0.8235
12,unreached,chat,266,0.9619,0.841
11,unreached,chat,62,0.9365,1.312
12,unreached,chat,62,0.9236,1.008
9,unreached,chat,395,0.8929,0.7863
3,unreached,chat,284,0.8917,0.7929
7,unreached,chat,284,0.9137,0.8505
14,unreached,chat,286,0.9365,0.8712
8,unreached,chat,212,0.9129,0.7857
7,unreached,chat,400,0.9046,0.8076
7,unreached,chat,270,0.8944,0.7538
2,unreached,chat,289,0.8957,0.7968
4,unreached,chat,289,0.9578,0.9398
15,unreached,chat,213,0.9114,0.7543
8,unreached,chat,68,0.9322,1.074
12,unreached,chat,68,0.9182,0.909
1,accepted,chat,290,0.8753,0.7889
13,unreached,chat,290,0.9595,0.9638
4,unreached,chat,216,0.9723,0.9327
3,rejected,chat,298,0.8727,0.7776
6,unreached,chat,298,1,0.9383
1,rejected,chat,217,0.8499,0.7535
4,unreached,chat,74,0.9335,0.8693
13,unreached,chat,74,0.9234,0.8441
7,unreached,chat,276,0.9277,0.8133
12,unreached,chat,276,0.9421,0.8317
10,unreached,chat,218,0.9502,0.901
2,rejected,chat,277,0.8544,0.7772
5,unreached,chat,277,0.9525,0.8926
13,unreached,chat,277,0.9227,0.8948
9,unreached,chat,313,0.9082,0.9137
4,unreached,chat,290,0.9123,0.8308
4,rejected,chat,316,0.8528,0.8075
1,rejected,chat,221,0.8513,0.7637
8,unreached,chat,221,0.9259,0.8022
8,unreached,chat,80,0.927,0.8347
7,unreached,chat,67,0.9229,0.7597
12,unreached,chat,67,0.9044,0.772
13,accepted,chat,320,0.9658,0.956
1,rejected,chat,222,0.8823,0.8061
12,unreached,chat,68,0.9056,0.7755
15,unreached,chat,68,0.908,0.7981
7,unreached,chat,293,0.8991,0.7813
13,accepted,chat,336,0.891,0.7972
8,unreached,chat,352,0.9392,0.825
3,accepted,chat,226,0.899,0.9282
4,accepted,chat,226,0.9643,0.9156
3,unreached,chat,355,0.8924,0.734
11,unreached,chat,96,0.9331,0.9435
12,unreached,chat,79,0.9295,0.8437
7,unreached,chat,297,0.8845,0.7709
10,unreached,chat,97,0.9412,0.8637
1,accepted,chat,82,0.8924,0.8136
3,accepted,chat,82,0.8998,0.7839
12,unreached,chat,82,0.9247,0.8149
4,unreached,chat,298,0.9356,0.9805
12,unreached,chat,298,0.9097,0.7927
15,rejected,chat,372,0.9298,0.9805
1,accepted,chat,242,0.8483,0.7922
3,unreached,chat,242,0.9443,0.8349
10,unreached,chat,99,0.9516,0.8372
11,unreached,chat,387,0.966,0.9369
11,unreached,chat,395,0.9168,0.9603
8,unreached,chat,248,0.921,0.791
1,rejected,chat,104,0.8698,0.7851
8,unreached,chat,104,0.8766,0.8361
11,unreached,chat,104,0.9487,0.8721
1,rejected,chat,104,0.8861,0.8094
6,unreached,chat,303,0.8845,0.8223
11,unreached,chat,303,0.8805,0.7552
3,accepted,chat,105,0.8921,0.9495
4,unreached,chat,252,0.9374,0.8387
13,unreached,chat,252,0.9014,0.7733
7,unreached,chat,112,0.9655,0.96
8,unreached,chat,112,0.9408,0.9519
12,unreached,chat,112,0.9438,0.833
2,accepted,chat,110,0.867,0.7817
9,accepted,chat,110,0.9373,0.9695
7,unreached,chat,87,0.9544,0.8751
9,unreached,chat,308,0.9165,0.7937
9,unreached,chat,89,0.9036,0.7614
8,unreached,chat,309,0.8715,0.7318
4,unreached,chat,256,0.874,0.8209
4,accepted,chat,135,0.8753,0.7681
6,unreached,chat,135,0.9634,0.8407
15,unreached,chat,93,0.9451,0.8223
10,unreached,chat,310,0.8817,0.7577
2,accepted,chat,140,0.8706,0.7936
10,unreached,chat,96,0.9246,0.8889
14,unreached,chat,259,0.9023,0.8013
15,unreached,chat,126,0.8935,0.7364
9,unreached,chat,150,0.8979,0.7575
1,accepted,chat,101,0.8958,0.8085
6,unreached,chat,101,0.8937,0.79
8,unreached,chat,314,0.9405,0.922
10,unreached,chat,265,0.9529,0.9207
13,unreached,chat,265,0.9068,0.798
14,unreached,chat,265,0.9054,0.7748
7,unreached,chat,129,0.8861,0.7735
12,unreached,chat,155,0.9217,0.7756
4,unreached,chat,317,0.8864,0.7993
6,unreached,chat,266,0.9361,0.9108
14,unreached,chat,266,0.9366,0.8346
15,unreached,chat,266,0.9419,0.8375
9,unreached,chat,133,0.8765,0.7417
2,accepted,chat,156,0.8787,0.7944
4,accepted,chat,156,0.8532,0.7537
5,unreached,chat,104,0.8948,0.7928
10,unreached,chat,104,0.923,0.7947
5,unreached,chat,319,0.9059,0.9281
9,unreached,chat,162,0.8899,0.7475
7,unreached,chat,105,0.9322,0.8777
6,unreached,chat,320,0.8922,0.7885
9,unreached,chat,320,0.937,0.9112
4,rejected,chat,271,0.8716,0.7995
9,unreached,chat,168,0.8859,0.7475
13,unreached,chat,142,0.8954,0.738
6,unreached,chat,171,0.8992,0.8364
7,unreached,chat,171,0.8948,0.8048
1,rejected,chat,113,0.88,0.8157
8,unreached,chat,113,0.9429,0.8155
1,rejected,chat,278,0.8675,0.7884
12,unreached,chat,143,0.9147,0.7633
2,unreached,chat,172,0.9697,0.9947
1,rejected,chat,114,0.9274,0.8984
7,unreached,chat,329,0.8705,0.7452
14,unreached,chat,329,0.8889,0.7646
8,unreached,chat,146,0.9004,0.7419
3,accepted,chat,173,0.8924,0.8221
3,rejected,chat,115,0.9564,0.9798
6,unreached,chat,148,0.9326,0.8778
9,unreached,chat,177,0.8832,0.7361
7,unreached,chat,332,0.8941,0.8096
13,unreached,chat,332,0.8918,0.755
1,rejected,chat,284,0.8323,0.7197
2,unreached,chat,284,0.9084,0.8129
8,unreached,chat,151,0.9004,0.7994
7,unreached,chat,183,0.9846,0.9005
9,unreached,chat,183,0.9092,0.805
1,accepted,chat,124,0.8483,0.7737
1,rejected,chat,286,0.8513,0.7442
13,unreached,chat,154,0.9155,0.7863
7,unreached,chat,186,0.9791,0.8978
11,unreached,chat,336,0.8869,0.7652
2,unreached,chat,155,0.9169,0.8674
5,unreached,chat,188,0.9804,0.8648
8,unreached,chat,129,0.983,1.022
1,rejected,chat,131,0.8687,0.7899
2,unreached,chat,131,0.8901,0.7979
9,unreached,chat,132,0.9151,0.956
10,unreached,chat,340,0.8853,0.7374
3,unreached,chat,295,0.9367,0.9668
6,unreached,chat,295,0.9107,0.7721
10,unreached,chat,295,0.8998,0.7713
2,rejected,chat,197,0.872,0.767
1,accepted,chat,135,0.8803,0.8029
7,unreached,chat,199,0.8723,0.7429
3,rejected,chat,142,0.8672,0.8085
10,unreached,chat,142,0.9184,0.8759
12,unreached,chat,142,0.965,0.9488
1,accepted,chat,343,0.8704,0.8147
10,unreached,chat,298,0.8915,0.7454
4,unreached,chat,201,0.9117,0.8376
4,unreached,chat,145,0.8792,0.801
5,unreached,chat,145,0.9184,0.8392
3,unreached,chat,345,0.8824,0.7873
9,unreached,chat,345,0.938,0.8237
11,unreached,chat,300,0.9059,0.7441
14,unreached,chat,204,0.9309,0.7933
15,unreached,chat,146,0.942,0.8241
9,unreached,chat,346,0.9573,0.8707
1,rejected,chat,302,0.8534,0.7636
1,accepted,chat,207,0.9474,0.941
10,unreached,chat,207,0.9181,0.7903
9,unreached,chat,148,0.8923,0.7707
2,accepted,chat,303,0.8981,0.8187
14,unreached,chat,173,0.8991,0.7766
14,unreached,chat,209,0.9342,0.8057
4,unreached,chat,152,0.9376,0.8464
12,unreached,chat,152,0.9104,0.7784
14,unreached,chat,152,0.9126,0.7726
9,unreached,chat,348,0.8926,0.79
15,unreached,chat,306,0.9304,0.7804
13,unreached,chat,210,0.9391,0.7867
14,unreached,chat,210,0.9406,0.8717
4,unreached,chat,155,0.915,0.8555
10,unreached,chat,155,0.8843,0.775
9,unreached,chat,307,0.901,0.8587
3,unreached,chat,188,0.8936,0.809
4,unreached,chat,188,0.8795,0.8162
2,unreached,chat,356,0.8685,0.7886
4,unreached,chat,356,0.907,0.8086
1,accepted,chat,308,0.8636,0.8179
9,unreached,chat,308,0.8997,0.8961
9,unreached,chat,212,0.9214,0.8282
12,unreached,chat,157,0.913,0.7961
13,unreached,chat,190,0.9651,0.8537
7,unreached,chat,213,0.9095,0.816
13,unreached,chat,213,0.9062,0.8078
5,unreached,chat,158,0.9092,0.8016
5,unreached,chat,317,0.9217,0.8244
4,unreached,chat,193,0.9609,0.995
5,unreached,chat,318,0.9132,0.8199
3,accepted,chat,196,0.9674,0.8941
11,unreached,chat,162,0.9041,0.7798
14,unreached,chat,162,0.9145,0.785
8,unreached,chat,361,0.9006,0.7596
6,unreached,chat,319,0.9226,0.8247
14,unreached,chat,319,0.8993,0.7576
5,unreached,chat,203,0.9803,0.8707
2,unreached,chat,229,0.9102,0.8425
14,unreached,chat,229,0.935,0.7817
11,unreached,chat,369,0.8877,0.7791
13,unreached,chat,323,0.9145,0.794
7,unreached,chat,230,0.9454,0.8629
8,unreached,chat,168,0.9136,0.778
4,unreached,chat,373,0.8881,0.826
2,unreached,chat,207,0.9287,0.8358
10,unreached,chat,207,0.8899,0.7606
2,unreached,chat,172,0.8791,0.7777
3,unreached,chat,375,0.8967,0.827
9,accepted,chat,208,0.8847,0.7582
3,accepted,chat,238,0.8568,0.7765
10,unreached,chat,238,0.94,0.8397
8,unreached,chat,328,0.902,0.7529
15,unreached,chat,328,0.8997,0.7647
15,unreached,chat,378,0.9062,0.7521
6,unreached,chat,221,0.9012,0.7753
5,unreached,chat,175,0.8946,0.7931
9,unreached,chat,175,0.9109,0.7981
12,unreached,chat,175,0.913,0.7817
1,rejected,chat,333,0.8463,0.7719
13,unreached,chat,333,0.9476,0.8528
9,unreached,chat,176,0.9189,0.8349
1,accepted,chat,334,0.8879,0.8058
4,unreached,chat,334,0.8976,0.7856
12,unreached,chat,224,0.8971,0.7541
14,unreached,chat,181,0.9268,0.7764
5,unreached,chat,384,0.9692,0.9554
3,unreached,chat,337,0.8929,0.7972
11,accepted,chat,274,0.9222,0.8942
12,accepted,chat,274,0.9301,0.8955
12,unreached,chat,385,0.9841,0.8374
2,unreached,chat,339,0.8874,0.7794
1,accepted,chat,231,0.8458,0.8498
2,unreached,chat,289,0.908,0.833
10,unreached,chat,340,0.9182,0.8349
5,unreached,chat,233,0.9108,0.8442
8,unreached,chat,233,0.9283,0.8177
12,unreached,chat,233,0.9381,0.816
14,unreached,chat,233,0.9243,0.8
3,unreached,chat,389,0.944,0.9613
8,unreached,chat,236,0.8892,0.8023
9,accepted,chat,292,0.8863,0.805
11,unreached,chat,292,0.9132,0.8343
5,unreached,chat,194,0.9317,0.8346
2,rejected,chat,391,0.9212,0.8672
11,unreached,chat,391,0.9583,0.9425
7,unreached,chat,350,0.9042,0.7776
7,unreached,chat,238,0.9436,0.967
12,unreached,chat,238,0.895,0.7692
14,unreached,chat,393,0.9797,0.9554
3,unreached,chat,245,0.8896,0.8123
6,unreached,chat,353,0.9156,0.8246
3,rejected,chat,311,0.8771,0.7926
4,unreached,chat,314,0.935,0.8619
12,unreached,chat,314,0.9305,0.7941
3,rejected,chat,204,0.8765,0.7843
5,unreached,chat,204,0.8624,0.7468
13,unreached,chat,357,0.9175,0.7529
15,unreached,chat,357,0.9341,0.8329
3,unreached,chat,255,0.9434,0.8724
13,unreached,chat,255,0.9722,0.911
14,unreached,chat,315,0.9438,0.8125
11,unreached,chat,207,0.8693,0.7135
1,accepted,chat,410,0.9041,0.8104
10,unreached,chat,410,0.9159,0.8204
9,unreached,chat,256,0.9197,0.8224
4,unreached,chat,316,0.9555,1.021
9,unreached,chat,210,0.9086,0.7871
10,unreached,chat,414,0.8704,0.7549
11,unreached,chat,414,0.8756,0.7681
10,unreached,chat,258,0.9083,0.7654
13,unreached,chat,258,0.9813,0.9372
7,unreached,chat,367,0.9166,0.8074
15,unreached,chat,367,0.9059,0.7745
7,unreached,chat,259,0.9371,0.8698
12,unreached,chat,259,0.9153,0.7964
5,unreached,chat,318,0.9506,0.8435
4,accepted,chat,262,0.9193,0.8931
8,accepted,chat,321,0.8747,0.7964
14,unreached,chat,321,0.8922,0.7876
5,unreached,chat,217,0.8635,0.7504
15,unreached,chat,330,0.9133,0.7867
3,unreached,chat,218,0.8465,0.7655
15,unreached,chat,218,0.9104,0.7786
9,unreached,chat,83,0.9291,0.8842
1,rejected,chat,372,0.8603,0.7977
8,unreached,chat,372,0.9106,0.8271
12,unreached,chat,372,0.8895,0.7578
3,unreached,chat,332,0.9033,0.8125
11,unreached,chat,332,0.8925,0.7421
13,unreached,chat,219,0.8989,0.7723
15,unreached,chat,219,0.9065,0.7744
4,unreached,chat,89,0.9439,0.8741
9,unreached,chat,373,0.9031,0.7682
14,unreached,chat,373,0.9064,0.7556
2,rejected,chat,333,0.8643,0.7648
4,unreached,chat,333,0.8777,0.8133
11,unreached,chat,222,0.9115,0.7721
15,unreached,chat,286,0.9564,0.8812
14,unreached,chat,335,0.9234,0.8258
13,unreached,chat,97,0.9312,0.813
14,unreached,chat,287,0.9302,0.8412
1,accepted,chat,338,0.8745,0.8212
7,unreached,chat,224,0.9003,0.7864
11,unreached,chat,377,0.9139,0.7698
13,unreached,chat,298,0.9344,0.7947
4,unreached,chat,344,0.9206,0.8227
12,unreached,chat,226,0.9121,0.7785
1,accepted,chat,378,0.9146,0.8132
11,unreached,chat,378,0.9085,0.7613
1,rejected,chat,228,0.8622,0.7692
15,unreached,chat,228,0.9244,0.7664
6,unreached,chat,103,0.9178,0.8284
11,unreached,chat,382,0.9195,0.7892
12,unreached,chat,382,0.9225,0.7922
4,unreached,chat,302,0.9017,0.8488
14,unreached,chat,302,0.9042,0.7623
11,unreached,chat,349,0.9114,0.7863
14,unreached,chat,107,0.9207,0.8359
15,unreached,chat,303,0.9091,0.7496
11,unreached,chat,350,0.9059,0.7828
10,unreached,chat,108,0.9252,0.8137
3,unreached,chat,385,0.9034,0.8155
2,unreached,chat,231,0.8893,0.7884
5,rejected,chat,387,0.9059,0.8369
9,unreached,chat,308,0.8997,0.759
3,unreached,chat,120,0.8888,0.8202
8,unreached,chat,392,0.8833,0.7493
14,unreached,chat,234,0.9137,0.7789
7,unreached,chat,121,0.9204,0.8218
6,unreached,chat,394,0.9442,1.047
9,unreached,chat,394,0.8915,0.7184
2,rejected,chat,310,0.8701,0.8059
2,accepted,chat,356,0.8672,0.7842
10,unreached,chat,356,0.9215,0.8229
10,unreached,chat,398,0.9263,0.8462
11,unreached,chat,398,0.9181,0.7878
8,unreached,chat,360,0.923,0.8358
12,unreached,chat,360,0.9263,0.8195
5,accepted,chat,237,0.8892,0.8331
13,unreached,chat,123,0.8952,0.7681
7,unreached,chat,315,0.9201,0.791
3,rejected,chat,362,0.8702,0.863
13,unreached,chat,362,0.9101,0.7538
12,unreached,chat,124,0.8792,0.7449
7,unreached,chat,401,0.9368,0.8414
3,rejected,chat,365,0.8835,0.8158
7,unreached,chat,125,0.9221,0.853
14,unreached,chat,407,0.9534,0.8257
6,unreached,chat,368,0.9092,0.7638
7,unreached,chat,368,0.9036,0.7665
7,unreached,chat,409,0.9656,0.9073
6,unreached,chat,322,0.8863,0.7843
9,unreached,chat,322,0.9206,0.8033
12,unreached,chat,322,0.932,0.8302
7,unreached,chat,369,0.9694,1.04
12,unreached,chat,369,0.908,0.8263
2,accepted,chat,411,0.9496,1.039
5,unreached,chat,325,0.9228,0.8632
3,accepted,chat,370,0.8996,0.9115
5,unreached,chat,133,0.9094,0.7781
7,unreached,chat,133,0.9345,0.814
14,unreached,chat,343,0.9929,0.8728
3,accepted,chat,260,0.8546,0.8048
5,unreached,chat,260,0.882,0.8268
14,unreached,chat,135,0.9366,0.8711
7,unreached,chat,419,0.9362,0.838
6,unreached,chat,387,0.907,0.7727
1,rejected,chat,264,0.8701,0.795
3,unreached,chat,264,0.9004,0.8061
8,unreached,chat,425,0.9355,0.8671
13,unreached,chat,391,0.8897,0.7161
4,unreached,chat,265,0.8673,0.8136
15,unreached,chat,265,0.9669,0.8626
1,rejected,chat,137,0.8842,0.8028
4,unreached,chat,137,0.9214,0.8487
14,unreached,chat,137,0.9549,0.8993
15,unreached,chat,137,0.9525,0.8997
4,rejected,chat,394,0.8874,0.8064
6,unreached,chat,266,0.9418,0.9041
10,unreached,chat,138,0.9544,0.881
7,unreached,chat,432,0.9333,0.8891
11,unreached,chat,432,0.9028,0.7963
6,unreached,chat,398,0.9069,0.815
2,accepted,chat,267,0.8792,0.7908
3,accepted,chat,271,0.9758,0.9114
15,unreached,chat,435,0.937,0.8903
11,unreached,chat,402,0.9196,0.7952
4,unreached,chat,144,0.9108,0.8231
1,accepted,chat,278,0.8613,0.7754
9,unreached,chat,278,0.8946,0.767
13,unreached,chat,363,0.8862,0.81
1,rejected,chat,441,0.8422,0.7714
5,unreached,chat,374,0.9093,0.826
14,unreached,chat,442,0.9263,0.8468
11,unreached,chat,443,0.9661,0.9136
7,unreached,chat,379,0.8963,0.7928
2,accepted,chat,420,0.9048,0.8763
8,unreached,chat,420,0.8728,0.9303
3,unreached,chat,285,0.9036,0.8172
13,unreached,chat,285,0.8983,0.7639
2,accepted,chat,154,0.8453,0.8089
5,accepted,chat,154,0.9564,0.9308
5,rejected,chat,381,0.9152,0.8944
6,unreached,chat,381,0.9256,0.8384
9,unreached,chat,381,0.8905,0.7849
11,unreached,chat,381,0.8863,0.7534
6,unreached,chat,286,0.8983,0.8131
5,rejected,chat,448,0.8916,0.8387
2,unreached,chat,386,0.887,0.8067
15,unreached,chat,424,0.9385,0.8719
7,unreached,chat,289,0.9057,0.804
9,unreached,chat,289,0.9054,0.7742
7,unreached,chat,425,0.8599,0.9383
5,unreached,chat,388,0.8863,0.7982
10,unreached,chat,388,0.922,0.8045
15,unreached,chat,388,0.9286,0.7862
4,unreached,chat,456,0.9075,0.7665
3,rejected,chat,390,0.8605,0.7738
10,unreached,chat,390,0.8937,0.7543
11,unreached,chat,390,0.8802,0.7237
3,unreached,chat,295,0.9028,0.8252
6,unreached,chat,295,0.9052,0.7711
7,unreached,chat,295,0.9079,0.7898
10,unreached,chat,457,0.9518,1.032
14,unreached,chat,393,0.9352,0.781
1,accepted,chat,297,0.9157,0.8491
14,unreached,chat,171,0.9122,0.812
15,unreached,chat,171,0.9122,0.8123
4,rejected,chat,460,0.9426,1.037
9,unreached,chat,396,0.9205,0.8075
12,unreached,chat,400,0.96,0.8795
6,unreached,chat,466,0.8879,0.8632
12,unreached,chat,466,0.9194,0.8303
14,unreached,chat,466,0.9274,0.8546
3,unreached,chat,302,0.8619,0.7789
9,unreached,chat,302,0.9827,0.9268
12,unreached,chat,41,0.908,0.7654
2,unreached,chat,304,0.881,0.8079
15,unreached,chat,304,0.9517,0.8157
2,unreached,chat,183,0.9064,0.844
13,unreached,chat,183,0.9047,0.776
6,unreached,chat,184,0.904,0.8398
12,unreached,chat,184,0.8924,0.7528
3,unreached,chat,45,0.9216,0.8407
10,unreached,chat,475,0.94,0.9066
10,unreached,chat,306,0.964,0.8485
9,unreached,chat,47,0.9154,0.7876
7,unreached,chat,187,0.9351,0.8433
10,unreached,chat,187,0.9353,0.831
3,rejected,chat,478,0.9248,1.025
7,unreached,chat,52,0.9276,0.8004
6,unreached,chat,43,0.9198,0.802
14,unreached,chat,43,0.912,0.7791
8,unreached,chat,481,0.9322,0.8056
5,unreached,chat,55,0.9155,0.7998
9,unreached,chat,485,0.9151,0.8054
5,unreached,chat,313,0.974,0.9427
8,unreached,chat,313,0.9407,0.9943
10,unreached,chat,313,0.9344,0.8827
4,unreached,chat,487,0.8951,0.8358
6,unreached,chat,487,0.9334,0.8595
9,unreached,chat,487,0.9021,0.7742
1,accepted,chat,195,0.8787,0.7748
8,unreached,chat,51,0.899,0.7509
6,unreached,chat,53,0.9217,0.7821
6,unreached,chat,331,0.9166,0.8129
7,unreached,chat,201,0.922,0.8081
13,unreached,chat,201,0.8996,0.774
8,unreached,chat,63,0.9135,0.8156
13,unreached,chat,63,0.9072,0.7982
4,unreached,chat,334,0.9461,0.8702
1,rejected,chat,66,0.873,0.8204
1,accepted,chat,41,0.9904,0.8954
7,accepted,chat,41,0.9146,0.9091
8,accepted,chat,41,0.9629,0.987
12,accepted,chat,41,0.9608,0.9223
13,accepted,chat,41,0.9609,0.9819
7,unreached,chat,336,0.9019,0.7434
4,unreached,chat,57,0.9233,0.9018
14,unreached,chat,57,0.9204,0.8287
1,rejected,chat,339,0.8802,0.8027
6,unreached,chat,339,0.9498,0.9814
10,unreached,chat,207,0.8889,0.7535
14,unreached,chat,207,0.9703,0.9502
7,unreached,chat,61,0.9128,0.7964
9,unreached,chat,208,0.9166,0.7855
5,unreached,chat,66,0.9283,0.8217
12,unreached,chat,74,0.8942,0.7655
9,unreached,chat,68,0.9194,0.8066
12,unreached,chat,68,0.921,0.7829
10,unreached,chat,76,0.9512,0.8118
9,unreached,chat,347,0.9147,0.8021
5,unreached,chat,74,0.8944,0.796
6,unreached,chat,74,0.8904,0.7782
15,unreached,chat,74,0.9268,0.818
5,rejected,chat,78,0.8517,0.7808
2,unreached,chat,349,0.9483,0.877
3,unreached,chat,349,0.8668,0.795
1,accepted,chat,75,0.9003,0.8893
8,unreached,chat,75,0.8953,0.7618
6,unreached,chat,73,0.9457,0.8876
12,unreached,chat,73,0.9268,0.772
13,unreached,chat,73,0.9299,0.7907
3,unreached,chat,83,0.9263,0.8371
12,unreached,chat,83,0.9247,0.8603
8,unreached,chat,77,0.8988,0.7703
2,unreached,chat,75,0.9278,0.8251
12,unreached,chat,75,0.9024,0.7593
14,unreached,chat,75,0.9043,0.7599
13,unreached,chat,85,0.9324,0.8454
4,unreached,chat,78,0.8941,0.807
2,unreached,chat,356,0.8886,0.7992
6,unreached,chat,356,0.9237,0.8293
13,unreached,chat,218,0.9078,0.7866
3,rejected,chat,79,0.8788,0.8027
5,unreached,chat,79,0.8853,0.8015
4,unreached,chat,78,0.8966,0.7829
13,unreached,chat,78,0.9236,0.764
3,rejected,chat,104,0.8981,0.9524
10,unreached,chat,357,0.908,0.7537
5,unreached,chat,82,0.88,0.7735
5,unreached,chat,79,0.9292,0.8269
12,unreached,chat,79,0.9322,0.8907
6,unreached,chat,107,0.983,0.8778
14,unreached,chat,107,0.9993,1.027
3,accepted,chat,358,0.9075,0.827
7,unreached,chat,84,0.9048,0.7765
11,unreached,chat,84,0.9045,0.7891
10,unreached,chat,85,0.8916,0.7624
12,unreached,chat,85,0.9288,0.8071
14,unreached,chat,85,0.8919,0.7484
14,unreached,chat,81,0.9248,0.827
5,unreached,chat,112,0.9216,0.7607
8,unreached,chat,227,0.9272,0.8638
15,unreached,chat,227,0.9114,0.7918
12,unreached,chat,87,0.9112,0.8035
9,unreached,chat,369,0.9544,0.8614
1,accepted,chat,88,0.9411,0.9291
8,unreached,chat,88,0.8706,0.7482
10,unreached,chat,88,0.8838,0.7707
13,unreached,chat,119,1.001,1.007
7,unreached,chat,370,0.9174,0.7645
12,unreached,chat,370,0.9556,0.8137
6,unreached,chat,230,0.9753,0.8853
8,unreached,chat,90,0.8682,0.7566
4,unreached,chat,371,0.9492,0.8587
5,unreached,chat,371,0.934,0.8272
12,unreached,chat,87,0.9194,0.7522
6,accepted,chat,124,0.9142,0.8798
14,unreached,chat,124,0.9421,0.9766
3,unreached,chat,95,0.9332,0.9139
8,unreached,chat,95,0.9265,0.8417
5,unreached,chat,90,0.9454,0.89
12,unreached,chat,90,0.9182,0.7915
2,unreached,chat,375,1.01,1.02
8,unreached,chat,238,0.9042,0.7725
11,unreached,chat,376,0.8945,0.8454
13,unreached,chat,97,0.9157,0.8114
4,accepted,chat,147,0.8612,0.831
13,unreached,chat,377,0.8779,0.7831
12,unreached,chat,241,0.9094,0.7669
2,accepted,chat,99,0.908,0.8808
11,unreached,chat,93,0.9035,0.7573
5,unreached,chat,247,0.9006,0.8
15,unreached,chat,102,0.9309,0.8154
15,unreached,chat,94,0.899,0.7466
2,accepted,chat,385,0.8564,0.8181
4,unreached,chat,385,0.9034,0.8344
4,unreached,chat,251,0.9304,0.8569
6,unreached,chat,251,0.9486,0.9868
4,unreached,chat,108,0.9523,0.8548
7,unreached,chat,108,0.9044,0.7858
2,unreached,chat,96,0.9086,0.8262
7,unreached,chat,96,0.9134,0.7956
2,unreached,chat,170,0.8674,0.8024
4,unreached,chat,170,0.9052,0.9202
13,unreached,chat,170,0.9303,0.8089
15,unreached,chat,170,0.9272,0.7906
2,unreached,chat,388,0.9927,0.9963
4,unreached,chat,388,0.8565,0.7757
5,unreached,chat,388,0.874,0.764
2,accepted,chat,254,0.9111,0.8289
10,unreached,chat,109,0.9294,0.909
6,unreached,chat,389,0.954,0.876
12,unreached,chat,110,0.9149,0.7822
9,unreached,chat,390,0.8898,0.7706
11,unreached,chat,112,0.9011,0.7667
15,unreached,chat,101,0.9143,0.8005
1,accepted,chat,183,0.8597,0.7628
14,unreached,chat,392,0.9045,0.7799
9,unreached,chat,102,0.9103,0.7826
1,rejected,chat,394,0.8584,0.812
3,unreached,chat,394,0.9842,0.9435
6,unreached,chat,261,0.9268,0.8257
8,unreached,chat,261,0.9366,0.8462
6,unreached,chat,104,0.9045,0.7773
9,unreached,chat,104,0.9211,0.7973
12,unreached,chat,104,0.9232,0.8164
7,unreached,chat,395,0.9227,0.8339
1,rejected,chat,106,0.9271,0.855
13,unreached,chat,106,0.9091,0.7591
11,unreached,chat,122,0.9011,0.806
8,unreached,chat,269,0.8887,0.7651
6,unreached,chat,112,0.9224,0.8491
1,rejected,chat,405,0.8691,0.7982
9,unreached,chat,405,0.8822,0.7469
11,unreached,chat,131,0.9189,0.8299
4,unreached,chat,117,0.9147,0.8092
9,unreached,chat,199,0.9477,0.8287
14,unreached,chat,199,0.9455,0.8204
2,unreached,chat,275,0.914,0.8483
6,unreached,chat,132,0.9276,0.8879
5,unreached,chat,201,0.9401,0.8098
9,unreached,chat,201,0.9334,0.8163
1,accepted,chat,276,0.8665,0.7758
8,unreached,chat,120,0.9237,0.8073
10,unreached,chat,202,0.9192,0.789
15,unreached,chat,280,0.9189,0.7954
9,unreached,chat,137,0.9286,0.8398
14,unreached,chat,126,0.8929,0.7438
1,accepted,chat,204,0.8714,0.7691
4,rejected,chat,140,0.8819,0.8993
9,unreached,chat,140,0.8939,0.7477
5,unreached,chat,416,0.9169,0.8613
8,unreached,chat,416,0.9176,0.8261
9,unreached,chat,283,0.8996,0.7689
10,unreached,chat,144,0.9232,0.7937
7,unreached,chat,210,0.8905,0.8828
11,unreached,chat,417,0.9579,0.8442
2,rejected,chat,146,0.8865,0.8237
2,rejected,chat,211,0.9131,0.9725
13,unreached,chat,211,0.9364,0.8397
11,unreached,chat,288,0.9017,0.7586
13,unreached,chat,288,0.9071,0.7677
5,unreached,chat,131,0.9059,0.8538
2,rejected,chat,213,0.9106,0.8205
7,unreached,chat,421,0.977,0.9044
13,unreached,chat,421,0.9533,0.8978
4,unreached,chat,134,0.9241,0.8426
5,unreached,chat,134,0.8743,0.7894
3,accepted,chat,422,0.9219,0.8556
2,accepted,chat,290,0.8786,0.7733
9,unreached,chat,290,0.912,0.8009
11,unreached,chat,290,0.8918,0.7316
14,unreached,chat,290,0.902,0.7679
15,unreached,chat,137,0.9212,0.7607
1,accepted,chat,216,0.8702,0.8017
2,unreached,chat,437,0.8915,0.8132
4,unreached,chat,293,0.9212,0.9105
6,unreached,chat,151,0.9293,0.8226
11,unreached,chat,151,0.946,0.835
15,unreached,chat,151,0.9524,0.8195
7,unreached,chat,139,0.8835,0.7579
8,unreached,chat,139,0.889,0.7446
9,unreached,chat,139,0.8884,0.7446
2,rejected,chat,438,0.87,0.7843
8,unreached,chat,438,0.8994,0.801
13,unreached,chat,296,0.884,0.7431
7,unreached,chat,152,0.8986,0.7508
8,unreached,chat,152,0.9206,0.7837
11,unreached,chat,141,0.9251,0.7968
1,rejected,chat,225,0.9018,0.7811
5,unreached,chat,225,0.9133,0.7777
7,unreached,chat,225,0.8666,0.721
8,unreached,chat,225,0.8702,0.7318
12,unreached,chat,225,0.886,0.745
1,rejected,chat,440,0.899,0.7973
5,unreached,chat,303,0.8931,0.802
8,unreached,chat,303,0.8792,0.7384
5,unreached,chat,156,0.8983,0.799
10,unreached,chat,226,0.8754,0.7244
1,accepted,chat,441,0.9038,0.8203
4,unreached,chat,443,0.8764,0.7622
8,unreached,chat,306,0.896,0.7711
4,unreached,chat,147,0.905,0.8132
14,unreached,chat,147,0.9123,0.8007
4,unreached,chat,446,0.8885,0.8163
6,unreached,chat,446,0.8887,0.7787
4,unreached,chat,161,0.9166,0.8507
7,unreached,chat,161,0.9574,0.8103
9,unreached,chat,161,0.9384,0.8006
5,unreached,chat,149,0.9325,0.8233
9,unreached,chat,149,0.9379,0.8775
11,unreached,chat,149,0.9113,0.8002
2,accepted,chat,449,0.8958,0.8212
9,unreached,chat,449,0.8925,0.7537
10,unreached,chat,449,0.9008,0.7554
5,unreached,chat,150,0.9061,0.85
10,unreached,chat,452,0.9298,0.8038
4,unreached,chat,313,0.8868,0.7877
4,unreached,chat,316,0.8969,0.7853
3,accepted,chat,166,0.9071,0.9446
4,unreached,chat,152,0.9074,0.8492
9,unreached,chat,152,0.9377,0.8662
13,unreached,chat,152,0.9174,0.7949
4,unreached,chat,236,0.8581,0.8368
4,rejected,chat,155,0.8549,0.7473
13,unreached,chat,155,0.9084,0.8243
4,unreached,chat,238,0.8961,0.7863
2,rejected,chat,318,0.8968,0.7982
9,unreached,chat,174,0.9466,0.8526
10,unreached,chat,174,0.9453,0.8693
3,rejected,chat,159,0.8841,0.7856
6,unreached,chat,159,0.9331,0.9305
8,unreached,chat,159,0.8992,0.7982
6,unreached,chat,241,0.9317,0.807
8,unreached,chat,241,0.9238,0.7925
14,unreached,chat,241,0.9359,0.8344
10,unreached,chat,462,0.8897,0.7544
15,unreached,chat,320,0.9482,0.8873
4,unreached,chat,242,0.8655,0.8366
15,unreached,chat,163,0.9354,0.8384
3,accepted,chat,245,0.8725,0.7618
8,unreached,chat,323,0.8935,0.7748
6,unreached,chat,250,0.9512,0.8567
6,unreached,chat,181,0.9433,0.9243
5,unreached,chat,169,0.9225,0.8364
5,unreached,chat,327,0.9144,0.8152
9,unreached,chat,327,0.8926,0.7503
10,unreached,chat,327,0.8963,0.7473
11,unreached,chat,252,0.9258,0.8445
6,unreached,chat,328,0.8835,0.7336
14,unreached,chat,328,0.9321,0.7811
4,unreached,chat,176,0.8898,0.7604
9,unreached,chat,176,0.9096,0.7889
10,unreached,chat,254,0.9194,0.8697
14,unreached,chat,254,0.9219,0.7789
13,unreached,chat,178,0.9186,0.7745
11,unreached,chat,192,0.9175,0.7988
13,unreached,chat,179,0.9103,0.7764
9,unreached,chat,265,0.8762,0.7417
12,unreached,chat,265,0.9226,0.7907
13,unreached,chat,333,0.9253,0.8139
11,accepted,chat,266,0.8816,0.7839
8,unreached,chat,30,0.9024,0.7719
13,unreached,chat,30,0.9327,0.8403
5,unreached,chat,194,0.9826,0.9241
5,accepted,chat,282,0.9644,0.8946
1,rejected,chat,31,0.9133,0.7924
12,unreached,chat,337,0.9147,0.8089
5,unreached,chat,184,0.9204,0.8476
6,unreached,chat,184,0.9001,0.8821
13,unreached,chat,184,0.8961,0.7584
4,unreached,chat,338,0.9003,0.7826
11,unreached,chat,338,0.9141,0.8017
13,unreached,chat,338,0.9355,0.7918
15,unreached,chat,197,0.9229,0.8144
7,unreached,chat,299,0.9708,1.118
11,unreached,chat,341,0.8878,0.8212
15,unreached,chat,201,0.9424,0.9082
5,accepted,chat,305,0.8431,0.7246
14,accepted,chat,305,0.9071,0.8951
9,unreached,chat,35,1.003,0.8185
11,unreached,chat,35,0.9561,0.8543
2,unreached,chat,343,0.9209,0.8471
2,rejected,chat,188,0.8886,0.8516
6,unreached,chat,188,0.9249,0.814
15,unreached,chat,190,0.9055,0.7748
10,unreached,chat,324,0.9454,0.7994
15,unreached,chat,39,0.9426,0.8652
8,unreached,chat,355,0.9595,0.8779
11,unreached,chat,355,0.9208,0.7928
12,unreached,chat,355,0.9904,0.9824
4,rejected,chat,207,0.9219,0.8243
7,unreached,chat,207,0.9419,0.8488
10,unreached,chat,193,0.9128,0.8318
11,unreached,chat,40,0.9854,0.9144
14,unreached,chat,40,0.9526,0.8817
14,unreached,chat,331,0.907,0.9597
1,accepted,chat,41,0.8604,0.7315
3,unreached,chat,41,0.9026,0.7624
4,unreached,chat,41,0.9169,0.78
8,rejected,chat,359,0.8891,0.8248
4,unreached,chat,367,0.8784,0.754
13,unreached,chat,367,0.936,0.8131
15,unreached,chat,215,0.9196,0.7789
9,unreached,chat,368,0.8994,0.7825
14,unreached,chat,368,0.9629,0.8205
12,unreached,chat,216,0.945,0.808
1,accepted,chat,201,0.8817,0.7854
2,unreached,chat,203,0.9093,0.8216
14,unreached,chat,203,0.9291,0.7886
7,rejected,chat,351,0.8743,0.7466
11,unreached,chat,351,0.9756,0.9547
14,unreached,chat,351,0.9199,0.8424
13,unreached,chat,125,0.9096,0.7511
1,accepted,chat,371,0.8749,0.7871
7,unreached,chat,204,0.8987,0.8176
1,accepted,chat,358,0.8552,0.7307
10,unreached,chat,358,0.9099,0.9533
11,unreached,chat,358,0.8805,0.831
7,unreached,chat,226,0.9705,0.9346
12,unreached,chat,226,0.9662,0.9378
11,unreached,chat,205,0.9099,0.7761
12,unreached,chat,366,0.9149,0.7784
10,unreached,chat,230,0.9251,0.7804
8,unreached,chat,377,0.9976,0.9425
4,unreached,chat,233,0.9447,0.8662
8,accepted,chat,157,0.89,0.902
9,unreached,chat,236,0.9326,0.8014
10,unreached,chat,376,0.9048,0.7816
1,accepted,chat,166,0.8947,0.8499
8,unreached,chat,166,0.9149,0.788
9,unreached,chat,166,0.9494,0.8297
12,unreached,chat,166,0.9477,0.7634
8,unreached,chat,214,0.902,0.7547
10,unreached,chat,214,0.905,0.7371
9,accepted,chat,382,0.9226,0.9001
11,unreached,chat,177,0.9205,0.7646
4,unreached,chat,241,0.948,0.9042
15,unreached,chat,241,0.933,0.7871
15,unreached,chat,399,0.9846,0.9276
11,unreached,chat,183,0.9074,0.7245
5,accepted,chat,396,0.909,0.8238
5,unreached,chat,244,0.8846,0.8914
3,rejected,chat,185,0.879,0.7915
3,unreached,chat,245,0.9814,1.013
7,unreached,chat,224,0.9316,0.8248
8,unreached,chat,224,0.9505,0.8545
13,unreached,chat,224,0.9294,0.84
13,unreached,chat,407,0.9232,0.772
3,unreached,chat,226,0.9283,0.8705
8,accepted,chat,413,0.9535,0.8615
15,unreached,chat,413,0.9346,0.8123
1,accepted,chat,408,0.9047,0.9945
5,unreached,chat,408,0.9665,0.9675
15,unreached,chat,228,0.9242,0.767
6,unreached,chat,191,0.9045,0.7764
6,unreached,chat,253,0.9264,0.9222
5,unreached,chat,229,0.966,0.8596
6,unreached,chat,229,0.9103,0.8242
6,unreached,chat,254,0.8787,0.778
11,unreached,chat,254,0.9007,0.7338
9,unreached,chat,255,0.9022,0.7863
11,unreached,chat,232,0.9235,0.7901
4,unreached,chat,257,0.9306,0.8321
4,accepted,chat,207,0.8577,0.7825
9,unreached,chat,207,0.9016,0.7908
7,unreached,chat,318,0.916,0.8215
5,rejected,chat,212,0.9251,0.8462
8,unreached,chat,212,0.8896,0.7919
7,unreached,chat,424,0.9139,0.8128
5,unreached,chat,217,0.8734,0.8356
14,unreached,chat,217,0.9,0.7395
2,accepted,chat,324,0.8762,0.8315
4,unreached,chat,241,0.9126,0.7894
9,unreached,chat,242,0.9316,0.8258
3,rejected,chat,328,0.8928,0.8289
5,unreached,chat,268,0.8703,0.7611
8,unreached,chat,245,0.9127,0.7592
14,unreached,chat,245,0.9329,0.7728
10,unreached,chat,225,0.889,0.7759
13,unreached,chat,225,0.8877,0.7478
10,unreached,chat,434,0.8911,0.7657
1,rejected,chat,269,0.8721,0.8237
10,unreached,chat,435,0.8854,0.733
12,unreached,chat,247,0.9223,0.7852
2,unreached,chat,230,0.9229,0.8687
8,unreached,chat,230,0.8849,0.7768
13,unreached,chat,339,0.9154,0.8347
3,unreached,chat,273,0.9617,0.9882
7,unreached,chat,273,0.9297,0.8284
3,unreached,chat,250,0.9337,0.8403
3,accepted,chat,342,0.9201,0.8483
5,unreached,chat,275,0.9103,0.8138
9,unreached,chat,275,0.9421,0.8676
7,unreached,chat,251,0.9224,0.798
12,accepted,chat,347,0.8765,0.8127
15,accepted,chat,347,0.971,0.9348
11,unreached,chat,277,0.9492,0.787
15,unreached,chat,254,0.923,0.7674
8,unreached,chat,240,0.8816,0.8239
1,accepted,chat,363,0.9177,0.8451
10,unreached,chat,442,0.9416,0.9251
11,unreached,chat,442,0.921,0.836
12,unreached,chat,442,0.9015,0.7808
4,unreached,chat,279,0.9261,0.839
1,accepted,chat,241,0.87,0.8074
11,unreached,chat,443,0.8983,0.7734
7,unreached,chat,282,0.9476,0.8921
8,unreached,chat,256,0.8903,0.76
14,unreached,chat,244,0.9458,0.9275
11,unreached,chat,447,0.8913,0.8539
1,accepted,chat,247,0.8608,0.826
4,accepted,chat,378,0.8237,0.8576
14,unreached,chat,378,0.8966,0.7439
1,accepted,chat,448,0.8797,0.7868
4,unreached,chat,448,0.9266,0.8234
9,unreached,chat,286,0.9205,0.7977
5,unreached,chat,261,0.9172,0.863
1,accepted,chat,249,0.8478,0.7486
4,accepted,chat,249,0.9307,0.9322
8,unreached,chat,287,0.9131,0.8022
7,unreached,chat,264,0.9393,0.8512
8,unreached,chat,258,0.9093,0.7767
6,rejected,chat,456,0.8664,0.8305
7,unreached,chat,456,0.8806,0.8188
6,unreached,chat,288,0.918,0.8366
14,unreached,chat,265,0.9261,0.77
2,accepted,chat,409,0.9436,0.874
1,accepted,chat,462,0.8808,0.819
14,unreached,chat,268,0.9189,0.7803
9,unreached,chat,425,0.9331,0.8205
9,unreached,chat,464,0.8998,0.8752
3,unreached,chat,294,0.8977,0.7989
7,unreached,chat,294,0.9403,0.855
10,unreached,chat,432,0.9078,0.802
9,unreached,chat,270,0.9305,0.8591
14,unreached,chat,270,0.925,0.7801
2,accepted,chat,266,0.8719,0.8066
10,unreached,chat,297,0.8996,0.7497
1,accepted,chat,273,0.8735,0.7584
13,unreached,chat,273,0.8948,0.7496
5,unreached,chat,439,0.8636,0.7622
6,unreached,chat,301,0.9321,0.8355
8,unreached,chat,272,0.9449,0.924
3,accepted,chat,277,0.8941,0.9411
11,unreached,chat,271,0.9107,0.8441
9,unreached,chat,303,0.8995,0.7638
1,accepted,chat,443,0.9505,0.9034
9,unreached,chat,279,0.91,0.7739
5,unreached,chat,274,0.9367,0.853
7,unreached,chat,285,0.9746,0.9196
1,accepted,chat,307,0.8707,0.7897
5,unreached,chat,277,0.9155,0.8229
11,unreached,chat,287,0.9674,0.8201
15,unreached,chat,446,0.9065,0.7925
1,rejected,chat,448,0.8799,0.7819
7,unreached,chat,448,0.8741,0.8019
4,unreached,chat,316,0.9557,0.8614
7,unreached,chat,291,0.9764,0.9435
7,unreached,chat,449,0.8819,0.7929
6,unreached,chat,291,0.9002,0.7988
13,unreached,chat,319,0.9083,0.757
10,unreached,chat,280,0.9341,0.815
3,accepted,chat,292,0.9505,0.9648
10,unreached,chat,451,0.8876,0.7786
14,unreached,chat,451,0.9027,0.7913
15,unreached,chat,320,0.9101,0.7555
3,accepted,chat,306,1,0.9683
9,unreached,chat,300,0.8909,0.7855
8,unreached,chat,322,0.9123,0.824
11,unreached,chat,322,0.9242,0.8078
12,unreached,chat,285,0.9247,0.7957
10,unreached,chat,313,0.8931,0.7804
5,unreached,chat,458,0.8893,0.8096
13,unreached,chat,324,0.9236,0.8084
2,accepted,chat,286,0.8935,0.8424
7,unreached,chat,286,0.9364,0.8451
13,unreached,chat,327,0.8932,0.7344
13,unreached,chat,289,0.9485,0.814
6,unreached,chat,322,0.9591,0.9155
8,unreached,chat,322,0.9228,0.8297
3,unreached,chat,460,0.8943,0.8072
10,unreached,chat,327,0.8817,0.8063
14,unreached,chat,461,0.9143,0.7941
6,unreached,chat,462,0.9083,0.8496
8,unreached,chat,462,0.8967,0.8322
3,rejected,chat,317,0.8907,0.807
5,unreached,chat,317,0.9327,0.8698
11,unreached,chat,317,0.9009,0.7755
8,unreached,chat,465,0.9219,0.8083
1,accepted,chat,320,0.8556,0.7597
1,accepted,chat,299,0.9001,0.8477
3,rejected,chat,467,0.891,0.8694
5,unreached,chat,302,0.8946,0.8127
7,unreached,chat,339,0.897,0.809
13,unreached,chat,339,0.9566,0.9235
9,unreached,chat,470,0.9788,0.9126
13,unreached,chat,325,0.942,0.8037
4,unreached,chat,303,0.9248,0.8237
2,accepted,chat,342,0.8387,0.7968
15,unreached,chat,473,0.9927,0.8891
8,unreached,chat,328,0.918,0.7777
6,unreached,chat,355,0.8987,0.7905
4,unreached,chat,330,0.9169,0.828
8,unreached,chat,330,0.9265,0.8399
12,unreached,chat,330,0.902,0.7509
9,unreached,chat,349,0.9049,0.7765
2,accepted,chat,477,0.8744,0.8553
9,unreached,chat,360,0.9432,0.9562
12,unreached,chat,360,0.9066,0.7758
10,accepted,chat,493,0.9132,0.9234
14,unreached,chat,493,0.9086,0.8473
14,unreached,chat,504,0.9337,0.811
13,unreached,chat,336,0.994,0.8167
11,unreached,chat,368,0.9482,0.9255
11,unreached,chat,337,0.8842,0.745
3,unreached,chat,354,0.8862,0.8228
11,unreached,chat,354,0.913,0.7715
7,unreached,chat,508,0.9046,0.8027
8,unreached,chat,508,0.9001,0.7962
12,unreached,chat,508,0.9029,0.771
14,unreached,chat,508,0.9179,0.7907
7,unreached,chat,340,0.8863,0.8303
15,unreached,chat,340,0.9825,0.9234
11,unreached,chat,320,1.015,0.9905
2,accepted,chat,373,0.8645,0.7828
13,unreached,chat,373,0.9107,0.7662
3,unreached,chat,512,0.9659,0.8802
6,unreached,chat,346,0.9815,0.8762
9,unreached,chat,358,0.891,0.7354
6,unreached,chat,325,0.9355,0.823
6,unreached,chat,395,0.8775,0.8164
7,unreached,chat,395,0.9065,0.8604
7,unreached,chat,515,0.9054,0.9349
15,unreached,chat,515,0.9017,0.7701
6,unreached,chat,38,0.8919,0.7498
9,unreached,chat,38,0.9404,0.7937
4,accepted,chat,39,0.9742,0.888
14,unreached,chat,331,0.9827,0.9076
1,accepted,chat,405,0.8512,0.8171
13,unreached,chat,405,0.8994,0.7345
2,unreached,chat,49,0.8757,0.8204
10,unreached,chat,407,0.8945,0.7095
12,unreached,chat,407,0.9301,0.7667
2,unreached,chat,409,0.8426,0.7331
3,unreached,chat,409,0.8841,0.7582
4,unreached,chat,409,0.8673,0.7373
1,accepted,chat,525,0.8497,0.7526
3,accepted,chat,410,0.8895,0.7588
11,unreached,chat,410,0.9308,0.8164
11,unreached,chat,529,0.9239,0.7829
6,unreached,chat,70,0.8931,0.7789
4,accepted,chat,414,0.8929,0.7683
4,accepted,chat,535,0.9424,0.976
7,unreached,chat,74,0.9796,1.009
2,accepted,chat,376,0.9566,0.9793
10,unreached,chat,545,0.9861,0.9415
4,accepted,chat,76,0.959,0.9713
11,unreached,chat,76,0.9089,0.7931
4,unreached,chat,379,0.9066,0.8182
2,rejected,chat,424,0.8504,0.7173
7,unreached,chat,424,0.9518,0.9873
12,unreached,chat,424,0.8994,0.6986
13,unreached,chat,424,0.931,0.7646
4,accepted,chat,85,0.9446,0.8599
9,unreached,chat,85,0.9786,0.9253
2,accepted,chat,66,0.9736,0.861
12,unreached,chat,66,0.9618,0.9464
6,unreached,chat,427,0.8962,0.9663
8,unreached,chat,427,0.9442,0.9841
15,unreached,chat,100,0.9434,0.8072
15,unreached,chat,429,0.9082,0.7417
7,unreached,chat,84,0.9284,0.8529
3,rejected,chat,386,0.864,0.7621
11,unreached,chat,431,0.9052,0.8706
12,unreached,chat,431,0.8986,0.7348
14,unreached,chat,564,0.9161,0.7938
10,unreached,chat,433,0.9592,0.8393
7,unreached,chat,434,0.902,0.7299
13,unreached,chat,434,0.9679,0.9531
1,rejected,chat,567,0.8524,0.7694
11,unreached,chat,567,0.934,0.8702
12,unreached,chat,567,0.9239,0.8129
7,unreached,chat,98,0.9714,1.041
11,unreached,chat,396,0.9233,0.8011
5,accepted,chat,568,0.9975,0.8897
10,unreached,chat,568,0.915,0.854
2,unreached,chat,125,0.9125,0.853
2,rejected,chat,442,0.869,0.7482
4,unreached,chat,442,0.9203,0.773
6,unreached,chat,576,0.9087,0.7794
9,unreached,chat,126,0.8845,0.8972
2,unreached,chat,107,0.9112,0.818
4,unreached,chat,107,0.919,0.8301
13,unreached,chat,401,0.9186,0.7855
4,rejected,chat,444,0.8384,0.8015
7,unreached,chat,579,0.9642,0.9755
7,unreached,chat,133,0.9194,0.8508
11,unreached,chat,133,0.9264,0.8237
10,unreached,chat,402,0.918,0.788
15,unreached,chat,402,0.9199,0.7778
3,unreached,chat,448,0.8568,0.7514
4,accepted,chat,137,0.8684,0.8385
5,unreached,chat,110,0.9967,0.9995
10,unreached,chat,110,0.9195,0.8114
7,unreached,chat,450,0.9219,0.7817
7,unreached,chat,151,0.9162,0.8293
9,unreached,chat,404,0.9279,0.7868
14,unreached,chat,404,0.9366,0.7911
5,unreached,chat,116,0.9422,0.8348
14,unreached,chat,116,0.9074,0.7865
2,accepted,chat,589,0.8837,0.8066
13,unreached,chat,157,0.8996,0.8247
2,unreached,chat,117,0.9524,0.8837
13,unreached,chat,117,0.919,0.8437
6,unreached,chat,457,0.938,1.014
12,unreached,chat,457,0.9416,0.8062
1,accepted,chat,158,0.8898,0.795
3,unreached,chat,158,0.869,0.8412
5,unreached,chat,458,0.8954,0.9447
10,unreached,chat,458,0.8944,0.792
15,unreached,chat,160,0.9067,0.7913
3,unreached,chat,119,0.9007,0.7832
1,accepted,chat,411,0.8723,0.7787
15,unreached,chat,163,0.8918,0.7844
1,accepted,chat,121,0.9511,0.9561
5,rejected,chat,121,0.9685,0.9487
14,unreached,chat,466,0.9353,0.7927
10,rejected,chat,617,0.8854,0.8514
2,rejected,chat,167,0.8624,0.8027
7,unreached,chat,126,0.8954,0.7601
7,unreached,chat,415,0.9049,0.7715
3,accepted,chat,129,0.943,0.9354
8,rejected,chat,129,0.9251,0.9662
11,unreached,chat,129,0.9206,0.8258
14,unreached,chat,629,0.8976,0.7624
15,unreached,chat,629,0.8991,0.7537
6,accepted,chat,171,0.9284,0.9627
10,unreached,chat,137,0.9204,0.7838
15,unreached,chat,137,0.9098,0.7941
1,accepted,chat,472,0.9718,0.9553
8,unreached,chat,472,0.9484,0.8538
7,unreached,chat,178,0.8788,0.7722
9,unreached,chat,138,0.9202,0.7989
10,unreached,chat,138,0.9229,0.8173
4,unreached,chat,180,0.8815,0.7808
8,unreached,chat,180,0.8784,0.7637
1,rejected,chat,139,0.867,0.8239
4,unreached,chat,93,0.9045,0.8045
1,accepted,chat,480,0.8659,0.7891
13,accepted,chat,480,1.005,0.888
6,unreached,chat,638,0.9037,0.8294
1,rejected,chat,183,0.9498,0.9337
3,unreached,chat,143,0.9085,1.001
11,unreached,chat,143,0.9065,0.7578
2,accepted,chat,99,0.9152,0.8772
3,accepted,chat,147,0.8936,0.8237
12,unreached,chat,147,0.8944,0.7581
7,unreached,chat,102,0.8604,0.7354
7,unreached,chat,502,0.8838,0.7348
11,unreached,chat,502,0.9085,0.7517
6,unreached,chat,645,0.8962,0.8004
13,unreached,chat,648,0.9029,0.7592
3,unreached,chat,188,0.8965,0.8155
7,unreached,chat,159,0.912,0.7642
7,unreached,chat,650,0.8925,0.769
1,accepted,chat,160,0.9518,0.8868
6,unreached,chat,160,0.9184,0.7894
11,unreached,chat,160,0.9394,0.8653
14,unreached,chat,107,0.9388,0.8424
11,unreached,chat,110,0.9283,0.8288
7,unreached,chat,42,0.9031,0.7528
3,unreached,chat,655,0.88,0.8182
14,unreached,chat,655,0.923,0.7917
14,unreached,chat,170,0.8946,0.7928
10,unreached,chat,111,0.9644,0.8585
11,unreached,chat,111,0.9293,0.8124
1,accepted,chat,44,0.8733,0.8023
8,unreached,chat,44,0.8896,0.7516
13,unreached,chat,656,0.9352,0.8095
1,accepted,chat,49,0.8606,0.7609
15,unreached,chat,49,0.9059,0.7546
7,unreached,chat,204,0.8891,0.821
11,unreached,chat,173,0.8925,0.8134
3,rejected,chat,116,0.9381,1.024
2,unreached,chat,54,0.8683,0.7816
13,unreached,chat,660,0.8736,0.7223
6,unreached,chat,210,0.9368,0.862
7,unreached,chat,210,0.9205,0.8058
8,unreached,chat,210,0.9229,0.8
3,accepted,chat,175,0.8789,0.7917
1,accepted,chat,119,0.9198,0.9143
11,unreached,chat,119,0.8713,0.7143
3,unreached,chat,55,0.9624,0.9618
9,unreached,chat,662,0.875,0.7346
3,unreached,chat,179,0.8741,0.7745
1,accepted,chat,121,0.9017,0.8806
5,rejected,chat,56,0.9018,0.8534
9,unreached,chat,56,0.9048,0.8055
6,unreached,chat,665,0.9187,0.8269
12,unreached,chat,665,0.9135,0.7854
12,unreached,chat,214,0.9377,0.783
11,unreached,chat,61,0.9414,0.8283
1,accepted,chat,667,0.8453,0.7516
1,rejected,chat,187,0.9128,0.845
4,unreached,chat,187,0.9231,0.8298
6,unreached,chat,63,0.9125,0.7965
8,unreached,chat,218,0.9233,0.9328
7,unreached,chat,188,0.9478,0.8834
10,unreached,chat,188,0.9567,0.9683
12,unreached,chat,188,0.8995,0.7937
13,unreached,chat,65,0.9406,0.9125
8,unreached,chat,132,0.9078,0.8121
12,unreached,chat,67,0.9393,0.8122
15,unreached,chat,136,0.9227,0.7835
4,rejected,chat,225,0.8692,0.7699
10,unreached,chat,200,0.9392,0.9358
2,unreached,chat,139,0.8755,0.7816
8,unreached,chat,139,0.8797,0.7371
12,unreached,chat,139,0.9072,0.7423
10,unreached,chat,75,0.926,0.7629
13,unreached,chat,75,0.9275,0.7787
5,unreached,chat,229,0.9568,0.9759
12,unreached,chat,203,0.9152,0.8034
8,unreached,chat,74,0.9092,0.853
3,unreached,chat,77,0.895,0.8233
8,unreached,chat,77,0.877,0.7581
9,unreached,chat,77,0.8886,0.7822
11,unreached,chat,77,0.8968,0.7548
10,unreached,chat,211,0.9116,0.8549
2,unreached,chat,141,0.922,0.8502
4,unreached,chat,141,0.8876,0.7941
5,unreached,chat,141,0.8756,0.7431
13,unreached,chat,79,0.925,0.8854
12,unreached,chat,79,0.918,0.787
14,unreached,chat,79,0.9276,0.7977
15,unreached,chat,79,0.9295,0.801
4,unreached,chat,212,0.9268,0.8113
11,unreached,chat,212,0.8869,0.9071
4,unreached,chat,85,0.9419,0.8689
15,unreached,chat,85,0.9298,0.8378
6,unreached,chat,80,0.9249,0.8233
12,unreached,chat,233,0.9247,0.801
7,unreached,chat,214,0.9683,0.9733
14,unreached,chat,214,0.8855,0.7588
1,accepted,chat,148,0.8773,0.8016
5,unreached,chat,243,0.8813,0.7743
15,unreached,chat,215,0.8882,0.7495
2,rejected,chat,86,0.8617,0.7703
4,unreached,chat,86,0.8902,0.7904
5,unreached,chat,86,0.9007,0.8121
6,accepted,chat,103,0.9184,0.9435
7,accepted,chat,103,0.8855,0.7946
8,rejected,chat,103,0.8582,0.8052
10,unreached,chat,103,0.9121,0.9486
7,unreached,chat,158,0.8688,0.7507
10,unreached,chat,158,0.9041,0.8125
7,unreached,chat,90,0.8833,0.7397
1,rejected,chat,249,0.8581,0.7645
15,unreached,chat,249,0.9391,0.9268
9,unreached,chat,226,0.9411,0.8416
9,unreached,chat,118,0.9123,0.8359
2,rejected,chat,92,0.9024,0.8112
8,unreached,chat,92,0.8876,0.7765
4,accepted,chat,250,0.982,0.9443
4,unreached,chat,227,0.9308,0.8324
10,unreached,chat,165,0.9304,0.8239
15,unreached,chat,165,0.9261,0.7657
11,unreached,chat,121,0.973,0.9321
5,unreached,chat,168,0.9197,0.8368
10,unreached,chat,168,0.9309,0.8095
2,rejected,chat,129,0.8831,0.8125
14,unreached,chat,129,0.9422,0.9058
7,unreached,chat,275,0.923,0.8082
9,unreached,chat,275,0.9495,0.8405
7,unreached,chat,170,0.9107,0.7801
10,unreached,chat,131,0.9738,1.095
12,unreached,chat,172,0.9218,0.7866
9,unreached,chat,137,0.9533,0.92
3,accepted,chat,279,0.9641,0.9841
2,unreached,chat,174,0.9117,0.8423
5,unreached,chat,174,0.9473,0.8925
9,unreached,chat,174,0.9191,0.7712
12,unreached,chat,243,0.9184,0.7842
14,unreached,chat,243,0.922,0.7948
1,accepted,chat,175,0.8875,0.8343
1,accepted,chat,140,0.8436,0.7473
15,unreached,chat,140,0.9545,0.8322
6,unreached,chat,290,0.8994,0.8022
1,accepted,chat,247,0.8516,0.7682
14,unreached,chat,247,0.9435,0.8357
4,unreached,chat,177,0.945,0.9898
6,unreached,chat,177,0.9568,0.9131
7,unreached,chat,104,0.927,0.8252
2,rejected,chat,292,0.9439,0.9017
13,unreached,chat,292,0.933,0.8211
15,unreached,chat,292,0.9509,0.8333
14,unreached,chat,179,0.9341,0.8026
8,unreached,chat,145,0.9096,0.8466
11,unreached,chat,145,0.9438,0.8438
9,unreached,chat,294,0.9325,0.8343
7,unreached,chat,251,0.9318,0.8504
14,unreached,chat,251,0.9302,0.7896
9,unreached,chat,180,0.9251,0.7838
5,unreached,chat,147,0.9333,0.7864
8,unreached,chat,147,0.9225,0.7929
8,unreached,chat,297,0.8962,0.9736
11,unreached,chat,297,0.9226,0.8303
11,unreached,chat,253,0.8851,0.7576
14,unreached,chat,253,0.892,0.7593
1,accepted,chat,148,0.8741,0.7758
10,unreached,chat,148,0.9286,0.7958
10,unreached,chat,110,0.9072,0.7429
13,unreached,chat,298,0.8717,0.8207
3,unreached,chat,111,0.921,0.8131
5,unreached,chat,111,0.9402,0.8533
5,unreached,chat,154,0.9778,0.9645
2,unreached,chat,112,0.9313,0.8705
12,unreached,chat,112,0.9327,0.766
15,unreached,chat,112,0.894,0.7166
5,rejected,chat,156,0.8926,0.8376
7,unreached,chat,113,0.9665,0.8561
4,unreached,chat,313,0.9301,0.8676
3,accepted,chat,260,0.8642,0.8217
3,accepted,chat,188,0.8608,0.845
4,unreached,chat,161,0.8462,0.7523
6,unreached,chat,161,0.8849,0.7687
11,unreached,chat,161,0.8866,0.7487
7,unreached,chat,115,0.8876,0.7374
10,unreached,chat,115,0.8919,0.7341
1,accepted,chat,265,0.9077,0.869
5,rejected,chat,192,0.9218,0.8477
15,unreached,chat,192,0.9065,0.7842
1,accepted,chat,164,0.8754,0.7943
7,unreached,chat,164,0.8772,0.7814
3,accepted,chat,267,0.8951,0.857
4,accepted,chat,267,0.8581,0.7902
5,rejected,chat,267,0.866,0.7759
14,unreached,chat,267,0.9239,0.8037
10,unreached,chat,197,0.8801,0.7453
2,rejected,chat,123,0.9169,0.8465
7,unreached,chat,123,0.869,0.7344
13,unreached,chat,123,0.9305,0.7882
2,rejected,chat,200,0.9199,0.9966
13,unreached,chat,172,0.9258,0.7862
13,unreached,chat,125,0.8917,0.7649
15,unreached,chat,319,0.885,0.7936
10,unreached,chat,202,0.8917,0.7385
11,unreached,chat,202,0.8894,0.7342
10,unreached,chat,174,0.909,0.8586
3,unreached,chat,127,0.9269,0.8354
10,unreached,chat,127,0.8886,0.7614
8,unreached,chat,332,0.9262,0.8088
10,unreached,chat,204,0.9198,0.8056
13,unreached,chat,204,0.9262,0.8152
5,unreached,chat,182,0.9581,0.8711
4,unreached,chat,128,0.914,0.8042
6,unreached,chat,128,0.8894,0.7573
9,unreached,chat,284,0.9043,0.7811
15,unreached,chat,206,0.9374,0.8326
3,accepted,chat,207,0.8963,0.8864
4,accepted,chat,207,0.8676,0.821
12,unreached,chat,207,0.8974,0.7805
13,unreached,chat,207,0.9221,0.7869
4,unreached,chat,131,0.8834,0.7778
11,unreached,chat,131,0.8759,0.7395
13,unreached,chat,131,0.889,0.7583
1,accepted,chat,336,0.856,0.7818
2,accepted,chat,289,0.8896,0.8014
2,accepted,chat,212,0.8972,0.841
4,unreached,chat,133,0.87,0.7632
5,unreached,chat,133,0.9076,0.8169
7,unreached,chat,133,0.9171,0.803
5,unreached,chat,338,0.9943,0.9723
13,unreached,chat,338,0.8551,0.8055
6,unreached,chat,295,0.945,0.9147
9,unreached,chat,215,0.902,0.8108
1,accepted,chat,134,0.8544,0.7751
13,unreached,chat,134,0.9492,0.9228
12,rejected,chat,340,0.8486,0.7963
15,unreached,chat,340,0.8937,0.8697
12,unreached,chat,297,0.8994,0.7594
3,unreached,chat,217,0.9175,0.8444
15,unreached,chat,217,0.9135,0.784
3,unreached,chat,138,0.9269,0.8178
13,unreached,chat,138,0.9225,0.882
11,unreached,chat,352,0.9403,0.808
15,unreached,chat,219,0.9285,0.8264
2,accepted,chat,203,0.8418,0.7497
6,rejected,chat,203,0.9155,0.916
3,unreached,chat,139,0.9212,0.8228
13,unreached,chat,139,0.939,0.8012
6,unreached,chat,353,0.9464,0.8411
1,accepted,chat,221,0.884,0.8047
7,unreached,chat,221,0.9013,0.8377
8,unreached,chat,209,0.9632,0.8763
4,unreached,chat,355,0.8955,0.7932
10,unreached,chat,355,0.9155,0.804
1,accepted,chat,212,0.922,0.9374
11,unreached,chat,212,0.9456,0.9145
12,unreached,chat,308,0.9659,0.9268
13,unreached,chat,358,0.8456,0.8148
15,unreached,chat,358,0.9311,0.9108
13,unreached,chat,229,0.9577,0.8547
15,unreached,chat,229,0.9546,0.8449
13,rejected,chat,359,0.8981,0.8413
15,unreached,chat,359,0.9027,0.8918
15,unreached,chat,230,0.931,0.8211
3,accepted,chat,227,0.8897,0.8173
12,unreached,chat,145,0.9499,0.8213
3,rejected,chat,236,0.9141,0.8613
10,unreached,chat,231,0.9813,0.8878
12,unreached,chat,231,0.9631,0.8457
6,unreached,chat,147,0.954,0.969
10,unreached,chat,373,0.9432,0.8089
12,unreached,chat,351,0.9156,0.7505
5,unreached,chat,237,0.9517,0.8858
5,unreached,chat,243,0.9336,0.8728
11,unreached,chat,240,0.9388,0.8212
6,unreached,chat,356,0.9411,0.8591
13,unreached,chat,378,0.9073,0.8249
9,unreached,chat,243,0.945,0.8805
5,unreached,chat,156,0.8878,0.7896
6,unreached,chat,156,0.9183,0.7904
4,accepted,chat,359,0.9624,0.9915
8,rejected,chat,359,0.8832,0.8318
11,unreached,chat,359,0.9137,0.9039
15,unreached,chat,253,0.9251,0.8123
4,accepted,chat,250,0.9222,0.9562
3,accepted,chat,158,0.9323,0.9038
5,unreached,chat,367,0.9265,0.8456
13,unreached,chat,258,0.9218,0.8108
4,unreached,chat,256,0.8698,0.7986
9,unreached,chat,262,0.9313,0.8193
7,unreached,chat,257,0.947,0.9379
14,unreached,chat,257,0.9327,0.9311
13,unreached,chat,163,0.9285,0.7869
12,unreached,chat,264,0.9086,0.786
5,unreached,chat,261,0.9569,0.8728
6,unreached,chat,261,0.9155,0.8283
7,unreached,chat,164,0.9286,0.8069
12,unreached,chat,164,0.9244,0.7749
2,unreached,chat,410,0.9097,0.8495
12,unreached,chat,410,0.9208,0.8208
5,unreached,chat,264,0.9752,0.9465
8,unreached,chat,264,0.9218,0.8172
1,accepted,chat,411,0.8637,0.8014
8,unreached,chat,268,0.9099,0.8437
4,unreached,chat,267,0.9528,0.9548
8,unreached,chat,267,0.925,0.9749
14,unreached,chat,267,0.9203,0.9358
14,unreached,chat,167,0.8987,0.7649
4,unreached,chat,379,0.9094,0.8169
2,rejected,chat,272,0.8656,0.7785
9,unreached,chat,270,0.9319,0.9663
15,unreached,chat,415,0.9087,0.7636
6,unreached,chat,382,0.8997,0.7947
10,unreached,chat,382,0.9745,0.9351
2,rejected,chat,274,0.8959,0.8192
1,accepted,chat,272,0.8471,0.7473
11,unreached,chat,272,0.9177,0.8814
1,accepted,chat,173,0.8684,0.7994
6,unreached,chat,173,0.9297,0.8387
7,unreached,chat,417,0.911,0.8257
1,accepted,chat,276,0.8725,0.8222
4,unreached,chat,175,0.9635,0.9074
4,rejected,chat,392,0.8823,0.8221
12,unreached,chat,392,0.9473,0.8404
5,unreached,chat,278,0.9399,0.8658
8,unreached,chat,278,0.9309,0.8051
1,accepted,chat,278,0.8789,0.8581
4,unreached,chat,278,0.9797,0.9184
11,unreached,chat,396,0.9159,0.8324
5,rejected,chat,280,0.8344,0.8457
11,unreached,chat,280,0.9036,0.8018
7,unreached,chat,285,0.9298,0.8625
11,unreached,chat,181,0.8997,0.7267
6,unreached,chat,60,0.8843,0.7785
7,unreached,chat,60,0.9215,0.8288
1,accepted,chat,399,0.863,0.7697
3,unreached,chat,399,0.9608,0.8622
11,unreached,chat,286,0.9221,0.8497
4,unreached,chat,65,0.9005,0.782
5,unreached,chat,65,0.8974,0.7845
3,rejected,chat,401,0.8824,0.8066
11,unreached,chat,401,0.9581,0.895
13,unreached,chat,288,0.9384,0.8373
6,unreached,chat,184,0.86,0.7255
3,unreached,chat,67,0.9217,0.8242
6,unreached,chat,67,0.8978,0.7968
10,unreached,chat,67,0.8869,0.7264
3,accepted,chat,404,0.9569,0.8935
7,accepted,chat,404,0.9666,0.8954
11,unreached,chat,413,0.929,0.7959
2,accepted,chat,186,0.8864,0.8014
5,unreached,chat,186,0.8982,0.793
6,unreached,chat,186,0.9008,0.8011
14,unreached,chat,70,0.891,0.7466
13,unreached,chat,292,0.9186,0.789
9,accepted,chat,301,0.9267,0.8985
13,unreached,chat,189,0.941,0.9059
7,unreached,chat,72,0.9081,0.7907
3,accepted,chat,296,0.8688,0.7654
7,unreached,chat,296,0.8894,0.7752
12,unreached,chat,321,0.939,0.9398
14,unreached,chat,321,0.9179,0.9568
14,unreached,chat,195,0.929,0.7903
6,unreached,chat,76,0.9089,0.7823
4,unreached,chat,179,0.9078,0.8366
2,accepted,chat,336,0.8801,0.7855
13,unreached,chat,336,0.9676,0.9252
10,unreached,chat,201,0.902,0.755
11,unreached,chat,348,0.9268,0.9156
12,unreached,chat,348,0.9264,0.9118
11,unreached,chat,80,0.8998,0.7388
15,unreached,chat,80,0.924,0.7629
2,rejected,chat,304,0.8511,0.761
5,unreached,chat,353,0.884,0.8323
12,unreached,chat,353,0.9179,0.7666
8,unreached,chat,207,0.9088,0.8091
8,unreached,chat,186,0.8848,0.756
13,unreached,chat,84,0.8961,0.782
13,unreached,chat,190,0.9409,0.7717
5,unreached,chat,307,0.8835,0.8005
12,unreached,chat,209,0.9215,0.7643
14,unreached,chat,85,0.9173,0.8127
1,accepted,chat,193,0.8605,0.7585
4,rejected,chat,193,0.8905,0.81
13,unreached,chat,193,0.9407,0.7889
6,unreached,chat,310,0.9088,0.8119
1,accepted,chat,359,0.8701,0.8098
2,accepted,chat,359,0.9482,0.9402
9,accepted,chat,359,0.9583,0.9201
13,unreached,chat,211,0.931,0.7985
10,unreached,chat,314,0.9364,0.828
7,unreached,chat,371,0.9449,0.9064
11,unreached,chat,202,0.8644,0.716
4,unreached,chat,217,0.9385,0.8296
10,unreached,chat,92,0.9136,0.773
13,unreached,chat,92,0.9312,0.8029
4,unreached,chat,203,0.9366,0.8293
7,unreached,chat,377,0.8562,0.837
6,unreached,chat,218,0.903,0.7636
5,unreached,chat,206,0.9423,0.8741
12,unreached,chat,206,0.8853,0.715
9,unreached,chat,320,0.8848,0.7516
11,unreached,chat,383,0.9271,0.8811
15,unreached,chat,96,0.9032,0.761
10,unreached,chat,321,0.9543,0.8787
6,accepted,chat,393,0.9688,1.041
8,unreached,chat,393,0.9448,0.924
7,unreached,chat,221,0.9042,0.7826
8,unreached,chat,209,0.9476,1.033
12,unreached,chat,322,0.9317,0.7917
8,unreached,chat,323,0.9121,0.8366
11,unreached,chat,404,0.9357,0.8565
14,unreached,chat,404,0.9058,0.7749
11,unreached,chat,325,0.9314,0.7956
6,unreached,chat,110,0.8767,0.7807
10,rejected,chat,214,0.8655,0.8632
1,accepted,chat,229,0.9369,0.8932
13,unreached,chat,229,0.9452,0.8196
3,accepted,chat,114,0.8528,0.7711
9,unreached,chat,415,0.9084,0.7975
15,unreached,chat,415,0.9436,0.9315
4,rejected,chat,232,0.8929,0.8384
8,unreached,chat,232,0.9155,0.842
15,unreached,chat,232,0.9293,0.7758
5,unreached,chat,127,0.8767,0.8013
2,unreached,chat,226,0.9012,0.8388
3,rejected,chat,416,0.9077,0.8142
1,rejected,chat,236,0.8921,0.8141
4,unreached,chat,236,0.9021,0.8224
15,unreached,chat,129,0.9583,0.8874
7,unreached,chat,342,0.9125,0.8223
9,unreached,chat,237,0.9083,0.7808
9,unreached,chat,228,0.936,0.8192
3,unreached,chat,346,0.8916,0.8126
5,unreached,chat,238,0.8923,0.9756
8,unreached,chat,136,0.9203,0.838
15,unreached,chat,136,0.9093,0.7686
6,accepted,chat,232,0.9453,0.9196
10,unreached,chat,138,0.9664,1.041
7,unreached,chat,240,0.9239,0.79
13,unreached,chat,240,0.9051,0.7596
15,unreached,chat,240,0.9086,0.7635
2,accepted,chat,139,0.846,0.7712
12,unreached,chat,241,0.9274,0.8031
10,unreached,chat,144,0.9153,0.789
8,unreached,chat,243,0.9024,0.7802
7,unreached,chat,23,0.927,0.8903
13,unreached,chat,354,0.9361,0.8244
14,unreached,chat,354,0.9467,0.8855
8,unreached,chat,246,0.9018,0.7683
14,unreached,chat,245,0.8977,0.762
1,accepted,chat,26,0.8657,0.7952
14,unreached,chat,26,0.899,0.7597
8,unreached,chat,249,0.9067,0.7625
10,unreached,chat,357,0.9194,0.7631
15,unreached,chat,249,0.9061,0.7621
8,unreached,chat,35,0.948,0.9184
10,unreached,chat,256,0.9277,0.8107
7,unreached,chat,36,0.9168,0.8312
2,rejected,chat,263,0.8792,0.7858
8,unreached,chat,263,0.9093,0.7704
11,unreached,chat,263,0.9232,0.7869
13,unreached,chat,173,0.9115,0.7987
11,unreached,chat,258,0.8797,0.7326
9,unreached,chat,41,0.9331,1.024
6,unreached,chat,364,0.9841,0.9529
12,unreached,chat,265,0.9476,0.8175
14,unreached,chat,265,0.9355,0.7967
8,unreached,chat,259,0.884,0.7411
3,unreached,chat,42,0.9522,0.8861
8,unreached,chat,368,0.9003,0.9069
13,unreached,chat,261,0.8929,0.7685
2,accepted,chat,43,0.8959,0.827
15,unreached,chat,43,0.9306,0.9009
13,unreached,chat,268,0.9173,0.7816
14,unreached,chat,179,0.9006,0.8148
6,accepted,chat,50,0.9151,0.8973
15,unreached,chat,371,0.9511,0.8416
12,unreached,chat,271,0.9384,0.8282
3,rejected,chat,266,0.8796,0.8479
11,unreached,chat,266,0.9045,0.8072
4,accepted,chat,61,0.8566,0.8744
2,unreached,chat,377,0.9102,0.8412
12,unreached,chat,69,0.8985,0.7974
8,unreached,chat,378,0.9159,0.8019
5,unreached,chat,272,0.9558,0.8578
13,unreached,chat,71,0.9282,0.8203
11,unreached,chat,380,0.9147,0.807
12,unreached,chat,380,0.9161,0.8049
3,unreached,chat,280,0.8658,0.8029
5,unreached,chat,280,0.8955,0.7874
8,unreached,chat,280,0.9023,0.7687
1,accepted,chat,195,0.8699,0.7998
3,unreached,chat,195,0.916,0.844
7,unreached,chat,277,0.9287,0.8539
13,unreached,chat,277,0.9683,0.8402
15,unreached,chat,382,0.9159,0.757
11,unreached,chat,280,0.8888,0.8229
3,accepted,chat,289,0.869,0.7728
12,unreached,chat,281,0.9081,0.8312
11,unreached,chat,77,0.924,0.8083
6,unreached,chat,210,0.9114,0.7728
14,unreached,chat,389,0.9405,0.804
14,unreached,chat,295,0.9123,0.7783
2,rejected,chat,211,0.9397,0.9112
7,unreached,chat,294,0.8734,0.7674
10,unreached,chat,294,0.8708,0.728
14,unreached,chat,391,0.9393,0.8213
1,accepted,chat,213,0.9269,0.9924
9,unreached,chat,295,0.8771,0.8164
6,unreached,chat,298,0.9201,0.7816
8,unreached,chat,216,0.9092,0.7756
9,unreached,chat,297,0.8839,0.7519
10,unreached,chat,297,0.9096,0.8
6,unreached,chat,299,0.8808,0.8168
7,unreached,chat,299,0.9203,0.9331
6,unreached,chat,87,0.865,0.7551
9,unreached,chat,220,0.9195,0.7948
8,unreached,chat,300,0.9222,0.8496
5,unreached,chat,89,0.9406,0.8481
13,unreached,chat,399,0.9337,0.7714
1,accepted,chat,303,0.8537,0.7784
14,unreached,chat,221,0.8985,0.8203
7,unreached,chat,90,0.8966,0.7794
3,rejected,chat,400,0.9375,1.005
6,unreached,chat,400,0.9494,0.925
12,unreached,chat,400,0.9512,0.8142
8,unreached,chat,306,0.9033,0.7593
12,unreached,chat,306,0.9003,0.7708
13,unreached,chat,306,0.9007,0.7734
3,unreached,chat,403,0.9427,0.8605
10,unreached,chat,403,0.9176,0.7762
10,unreached,chat,307,0.9224,0.8047
15,unreached,chat,307,0.924,0.7948
11,unreached,chat,93,0.8947,0.7527
13,unreached,chat,93,0.9084,0.7868
15,unreached,chat,405,0.9256,0.8232
5,unreached,chat,226,0.972,0.8479
10,unreached,chat,226,0.9244,0.834
11,unreached,chat,226,0.9084,0.8165
12,unreached,chat,226,0.9142,0.7911
15,unreached,chat,313,0.928,0.818
1,rejected,chat,95,0.8398,0.8555
2,accepted,chat,406,0.8769,0.7969
10,unreached,chat,229,1.014,0.9472
6,unreached,chat,409,0.8781,0.7824
2,accepted,chat,313,0.8769,0.8047
3,rejected,chat,313,0.8582,0.7576
5,unreached,chat,313,0.8678,0.7732
1,accepted,chat,231,0.9644,0.9529
2,accepted,chat,318,0.9316,0.9064
10,unreached,chat,318,0.9291,0.8537
11,unreached,chat,318,0.8837,0.7686
13,unreached,chat,410,0.927,0.8031
9,unreached,chat,233,0.9416,0.8984
10,unreached,chat,233,0.9584,0.9434
13,unreached,chat,233,0.9394,0.8736
15,unreached,chat,233,0.9491,0.8426
4,accepted,chat,325,0.866,0.8037
7,unreached,chat,325,0.9354,0.849
13,unreached,chat,415,0.9207,0.7591
4,unreached,chat,319,0.9022,0.8341
13,unreached,chat,330,0.8851,0.7551
6,unreached,chat,105,0.877,0.7428
14,unreached,chat,237,0.9043,0.8256
12,unreached,chat,334,0.9114,0.8234
6,accepted,chat,249,0.9691,0.8761
7,unreached,chat,339,0.9014,0.7901
1,rejected,chat,109,0.8775,0.8416
11,unreached,chat,109,0.8841,0.7473
10,unreached,chat,423,0.9119,0.8139
4,unreached,chat,323,0.9354,0.8499
6,unreached,chat,263,0.9685,1.055
7,unreached,chat,263,0.9445,0.8422
11,unreached,chat,263,0.9047,0.7841
4,unreached,chat,340,0.8685,0.7969
9,unreached,chat,110,0.9163,0.8264
10,unreached,chat,110,0.9058,0.797
12,unreached,chat,110,0.9002,0.7889
13,unreached,chat,425,0.9349,0.7951
5,unreached,chat,325,0.9039,0.7909
3,unreached,chat,343,0.9355,0.8885
7,unreached,chat,343,0.8915,0.8048
12,unreached,chat,111,0.8876,0.7555
9,unreached,chat,274,0.9118,0.7694
2,unreached,chat,427,0.9309,0.8494
2,unreached,chat,327,0.927,0.8071
3,unreached,chat,276,0.8708,0.7855
5,unreached,chat,276,0.9612,1.002
2,rejected,chat,347,0.8668,0.8084
10,unreached,chat,428,0.8931,0.7501
12,unreached,chat,116,0.899,0.7821
10,unreached,chat,329,0.896,0.7702
5,unreached,chat,278,0.9418,0.8635
12,unreached,chat,278,0.9466,0.7931
12,unreached,chat,117,0.8976,0.7837
13,unreached,chat,433,0.9404,0.8014
1,rejected,chat,330,0.8755,0.7848
5,unreached,chat,353,0.9255,0.8367
8,unreached,chat,353,0.9665,0.8758
9,unreached,chat,353,0.9643,0.8529
10,unreached,chat,353,0.9525,0.8293
6,unreached,chat,119,0.9226,0.8161
8,unreached,chat,434,0.904,0.7615
1,accepted,chat,331,0.9072,0.8325
4,unreached,chat,281,0.8794,0.9715
5,unreached,chat,281,0.9782,0.889
14,unreached,chat,356,0.9057,0.7563
11,unreached,chat,282,0.908,0.8468
11,rejected,chat,357,0.8866,0.8985
14,unreached,chat,357,0.9267,0.8276
9,unreached,chat,122,0.8992,0.7688
13,unreached,chat,338,0.9171,0.7907
13,unreached,chat,368,0.8841,0.7355
10,unreached,chat,339,0.907,0.8089
13,unreached,chat,339,0.8996,0.7496
2,unreached,chat,289,0.8847,0.858
14,unreached,chat,289,0.8932,0.7313
3,unreached,chat,370,0.9222,0.8567
4,unreached,chat,370,0.8735,0.7812
4,unreached,chat,127,0.9078,0.8069
8,unreached,chat,372,0.8763,0.7246
9,unreached,chat,372,0.8829,0.7476
3,unreached,chat,444,0.8794,0.7993
3,unreached,chat,295,0.9399,0.9728
4,unreached,chat,295,0.8896,0.8116
3,unreached,chat,375,0.9078,0.8029
1,rejected,chat,130,0.8907,0.8166
12,unreached,chat,445,0.9521,0.7762
7,unreached,chat,297,0.9113,0.8174
5,unreached,chat,377,0.9033,0.8273
10,unreached,chat,349,0.9364,0.8652
15,unreached,chat,349,0.9348,0.837
2,unreached,chat,299,0.8778,0.8175
7,unreached,chat,299,0.9389,0.83
8,unreached,chat,447,0.9187,0.8015
11,unreached,chat,447,0.9011,0.751
7,unreached,chat,350,0.912,0.8023
11,unreached,chat,350,0.8917,0.7575
1,accepted,chat,300,0.8672,0.8031
1,accepted,chat,382,0.8474,0.7668
7,unreached,chat,451,0.9257,0.8057
2,unreached,chat,351,0.8744,0.7917
3,unreached,chat,302,0.9222,0.8558
7,unreached,chat,302,0.9447,0.9354
13,unreached,chat,302,0.9169,0.787
10,unreached,chat,386,0.9542,0.8469
7,unreached,chat,141,0.9127,0.8465
8,unreached,chat,141,0.9297,0.9065
10,unreached,chat,455,0.8746,0.7487
1,accepted,chat,352,0.8724,0.7951
6,unreached,chat,352,0.9334,0.7908
5,accepted,chat,303,0.9428,0.9392
10,unreached,chat,392,0.8706,0.7506
12,unreached,chat,457,0.9263,0.8633
3,rejected,chat,354,0.8778,0.7944
5,unreached,chat,395,0.8634,0.7964
6,unreached,chat,395,0.8909,0.7854
11,unreached,chat,460,1.011,0.8514
2,accepted,chat,357,0.8958,0.9466
12,unreached,chat,311,0.8807,0.7185
6,unreached,chat,397,0.8861,0.772
9,unreached,chat,397,0.9261,0.7848
8,unreached,chat,312,0.9292,0.8232
2,accepted,chat,399,0.8683,0.7723
1,accepted,chat,154,0.929,0.9074
10,unreached,chat,465,0.9829,0.9227
13,unreached,chat,362,0.8905,0.7366
3,unreached,chat,403,0.889,0.8127
4,unreached,chat,403,0.8866,0.7843
6,unreached,chat,159,0.9346,0.8214
10,unreached,chat,315,0.9025,0.7515
8,unreached,chat,404,0.873,0.7848
15,unreached,chat,162,0.9177,0.7914
13,unreached,chat,318,0.8955,0.7648
6,unreached,chat,407,0.9249,0.8521
14,unreached,chat,372,0.9108,0.7487
14,unreached,chat,166,0.9074,0.7818
1,rejected,chat,374,0.8884,0.8064
13,unreached,chat,323,0.9068,0.773
3,unreached,chat,171,0.8879,0.7979
4,unreached,chat,171,0.8976,0.812
12,unreached,chat,415,0.9248,0.822
12,unreached,chat,173,0.9286,0.8161
10,unreached,chat,498,0.873,0.7354
2,rejected,chat,328,0.8681,0.7914
15,unreached,chat,417,0.9234,0.7881
9,unreached,chat,499,0.924,0.8623
4,unreached,chat,380,1.002,1.004
6,unreached,chat,330,0.9361,0.8576
2,unreached,chat,419,0.8735,0.8194
1,accepted,chat,382,0.871,0.8685
10,unreached,chat,335,0.894,0.739
6,unreached,chat,420,0.9393,0.9635
15,unreached,chat,420,0.9318,0.806
1,accepted,chat,386,0.884,0.8253
6,unreached,chat,338,0.883,0.7771
12,unreached,chat,338,0.9069,0.7667
8,unreached,chat,421,0.9127,0.9726
9,unreached,chat,390,0.8995,0.7533
10,unreached,chat,341,0.9158,0.7934
13,unreached,chat,341,0.9236,0.7754
15,unreached,chat,341,0.9251,0.7678
14,unreached,chat,182,0.9126,0.8139
5,unreached,chat,393,0.8905,0.7548
8,unreached,chat,395,0.921,0.8075
13,unreached,chat,395,0.9219,0.8002
7,unreached,chat,345,0.9071,0.7849
12,unreached,chat,345,0.9128,0.7646
13,unreached,chat,185,0.9047,0.8057
10,unreached,chat,397,0.9176,0.7875
7,unreached,chat,347,0.9663,0.8993
8,unreached,chat,188,0.9233,0.8124
4,unreached,chat,512,0.9701,0.895
12,unreached,chat,512,0.9178,0.8469
15,unreached,chat,512,0.8915,0.7859
14,unreached,chat,398,0.9192,0.7905
9,unreached,chat,189,0.9085,0.779
14,unreached,chat,515,0.9032,0.7948
5,unreached,chat,402,0.914,0.7981
6,unreached,chat,402,0.9344,0.8285
6,unreached,chat,441,0.9476,0.8539
2,unreached,chat,190,0.8786,0.7682
4,unreached,chat,190,0.9538,0.8394
2,accepted,chat,353,0.9234,0.8403
11,unreached,chat,443,0.8921,0.7689
3,unreached,chat,191,0.9516,0.8511
6,unreached,chat,191,0.9172,0.809
4,rejected,chat,524,0.8921,0.8152
5,unreached,chat,446,0.9066,0.8131
7,unreached,chat,446,0.8751,0.7443
10,unreached,chat,446,0.8842,0.7626
13,unreached,chat,193,0.9286,0.8091
10,unreached,chat,406,0.9061,0.7866
3,rejected,chat,447,0.8417,0.7494
7,rejected,chat,195,0.8707,0.7834
10,unreached,chat,533,0.8763,0.7942
5,unreached,chat,364,0.9714,0.9223
9,unreached,chat,536,0.9029,0.7775
13,unreached,chat,414,0.9087,0.7665
15,unreached,chat,208,0.9222,0.8085
4,unreached,chat,537,0.9311,0.8701
7,unreached,chat,537,0.9082,0.8186
3,unreached,chat,370,0.8846,0.8299
6,unreached,chat,370,0.9182,0.815
13,unreached,chat,370,0.8759,0.7252
1,accepted,chat,420,0.8813,0.8321
5,unreached,chat,455,0.886,0.8243
11,unreached,chat,455,0.8951,0.7623
12,unreached,chat,213,0.9068,0.7926
15,unreached,chat,213,0.9055,0.7922
6,unreached,chat,540,0.9307,0.8604
8,unreached,chat,540,0.9293,0.8187
11,unreached,chat,540,0.8795,0.7414
2,rejected,chat,374,0.8644,0.7815
14,unreached,chat,456,0.9313,0.8157
3,unreached,chat,541,0.8975,0.8081
1,accepted,chat,376,0.8745,0.8058
8,unreached,chat,216,0.9246,0.8131
4,unreached,chat,542,0.9213,0.8172
10,unreached,chat,217,0.9083,0.7905
1,accepted,chat,427,0.8775,0.8049
3,unreached,chat,380,0.8987,0.8197
7,unreached,chat,222,0.9163,0.8105
5,unreached,chat,429,0.9229,0.818
7,unreached,chat,429,0.942,0.8444
8,unreached,chat,429,0.9513,0.8621
10,unreached,chat,223,0.9094,0.7857
2,accepted,chat,547,0.923,0.8438
5,unreached,chat,547,0.9268,0.9471
2,rejected,chat,432,0.8821,0.8002
7,unreached,chat,432,0.935,0.9037
11,unreached,chat,468,0.9956,0.9245
7,unreached,chat,550,0.9357,0.832
7,unreached,chat,553,0.9396,0.8157
9,unreached,chat,553,0.9293,0.7986
15,unreached,chat,553,0.9068,0.7868
1,accepted,chat,473,0.8892,0.8373
1,accepted,chat,228,0.8595,0.7764
2,accepted,chat,228,0.9043,0.8171
1,accepted,chat,439,0.8826,0.8119
4,unreached,chat,439,0.9264,0.9757
14,unreached,chat,231,0.9212,0.8093
8,unreached,chat,558,0.9211,0.8234
15,unreached,chat,441,0.9362,0.7844
9,unreached,chat,395,0.9119,0.7819
12,unreached,chat,395,0.9208,0.7632
5,unreached,chat,232,0.9104,0.8314
11,unreached,chat,559,0.9132,0.7838
15,unreached,chat,46,0.9106,0.8018
11,unreached,chat,443,0.9152,0.7627
13,unreached,chat,443,0.92,0.7659
3,rejected,chat,396,0.8702,0.8141
2,rejected,chat,562,0.8822,0.8149
5,unreached,chat,562,0.9323,0.8696
6,unreached,chat,444,0.8802,0.7853
5,unreached,chat,235,0.9135,0.7953
8,unreached,chat,49,0.9038,0.807
14,unreached,chat,49,0.9213,0.8337
10,unreached,chat,236,0.9013,0.7724
15,unreached,chat,236,0.8807,0.7632
2,rejected,chat,51,0.963,0.9831
5,unreached,chat,51,0.8736,0.7677
2,rejected,chat,402,0.867,0.7678
7,unreached,chat,402,0.9625,0.8951
10,unreached,chat,402,0.9216,0.8418
2,accepted,chat,237,0.956,0.8821
11,unreached,chat,53,0.8972,0.8623
13,unreached,chat,53,0.892,0.7844
4,unreached,chat,451,0.9194,0.8002
9,unreached,chat,451,0.8846,0.748
5,unreached,chat,569,0.9032,0.8372
8,unreached,chat,569,0.8959,0.7658
1,rejected,chat,243,0.8553,0.7816
1,rejected,chat,455,0.8609,0.7761
15,unreached,chat,244,0.9072,0.7941
2,rejected,chat,572,0.9014,0.8226
2,rejected,chat,60,0.8902,0.7705
7,unreached,chat,60,0.9412,0.794
3,accepted,chat,456,0.9262,0.8626
5,unreached,chat,251,0.9736,0.971
3,unreached,chat,62,0.9097,0.7813
4,unreached,chat,62,0.8928,0.7765
3,unreached,chat,253,0.9295,0.8166
8,unreached,chat,575,0.932,0.8497
13,unreached,chat,416,0.8857,0.7434
3,unreached,chat,254,0.9179,0.8608
8,unreached,chat,254,0.9328,0.8352
2,unreached,chat,417,0.9136,0.8624
1,accepted,chat,256,0.8569,0.7826
1,accepted,chat,578,0.8816,0.8079
4,rejected,chat,65,0.8806,0.7683
4,accepted,chat,298,0.8844,0.8599
15,unreached,chat,298,0.9193,0.7551
2,unreached,chat,69,0.8926,0.7603
8,unreached,chat,425,0.8975,0.7918
6,unreached,chat,259,0.9382,0.8522
7,unreached,chat,70,0.9037,0.7882
8,unreached,chat,430,0.9266,0.8469
10,unreached,chat,430,0.8775,0.7212
8,unreached,chat,319,0.9023,0.7524
10,unreached,chat,433,0.8765,0.7657
12,unreached,chat,264,0.9141,0.8006
6,unreached,chat,75,0.876,0.7504
15,unreached,chat,75,0.8937,0.7666
7,unreached,chat,436,0.9528,0.8687
11,unreached,chat,436,0.8643,0.7193
13,unreached,chat,436,0.8737,0.7198
3,rejected,chat,266,0.8854,0.838
7,unreached,chat,266,0.9511,0.8957
5,accepted,chat,325,0.8841,0.8882
8,unreached,chat,439,0.9033,0.8287
1,rejected,chat,269,0.8584,0.7855
14,unreached,chat,78,0.8945,0.7332
10,unreached,chat,333,0.8944,0.7602
3,accepted,chat,80,0.8893,0.7787
5,unreached,chat,336,0.8985,0.828
14,unreached,chat,272,0.9216,0.8117
2,accepted,chat,592,0.8976,0.8124
1,rejected,chat,274,0.8539,0.7762
15,unreached,chat,274,0.9067,0.7858
1,rejected,chat,86,0.8548,0.7682
3,unreached,chat,86,0.9165,0.8222
8,unreached,chat,29,0.9335,0.9185
15,unreached,chat,29,0.9073,0.7887
5,unreached,chat,275,0.8928,0.7972
8,unreached,chat,275,0.9109,0.7689
7,unreached,chat,87,0.9157,0.7703
2,unreached,chat,277,0.9464,0.9611
11,unreached,chat,277,0.9033,0.7647
10,unreached,chat,349,0.9806,1.02
14,unreached,chat,349,0.924,0.8315
9,unreached,chat,609,0.9307,0.778
3,unreached,chat,91,0.8881,0.7863
13,unreached,chat,353,0.9199,0.7879
12,unreached,chat,42,0.9418,0.7783
2,accepted,chat,280,0.8549,0.7897
5,unreached,chat,280,0.8858,0.7465
3,accepted,chat,611,0.9243,0.8307
6,rejected,chat,611,0.9174,0.8574
13,unreached,chat,611,0.9015,0.766
10,unreached,chat,93,0.9082,0.7555
1,accepted,chat,360,0.8802,0.8377
5,unreached,chat,283,0.8659,0.7841
9,unreached,chat,283,0.9184,0.8503
15,unreached,chat,617,0.9305,0.8831
5,unreached,chat,286,0.8954,0.7558
12,unreached,chat,286,0.9394,0.8273
6,unreached,chat,96,0.938,0.8174
2,accepted,chat,366,0.8798,0.7849
3,accepted,chat,51,0.8811,0.8493
6,unreached,chat,288,0.9433,0.9209
10,unreached,chat,288,0.8922,0.8101
2,accepted,chat,625,0.9261,0.8255
4,unreached,chat,631,0.8961,0.8245
13,unreached,chat,631,0.9303,0.7486
13,unreached,chat,373,0.9207,0.7844
9,unreached,chat,56,0.8876,0.7421
5,unreached,chat,291,0.9062,0.8377
1,accepted,chat,634,0.8584,0.7714
9,unreached,chat,377,0.9184,0.8212
10,unreached,chat,60,0.8893,0.7464
14,unreached,chat,60,0.9085,0.7745
12,unreached,chat,636,0.9299,0.9196
2,rejected,chat,380,0.887,0.7804
7,unreached,chat,61,0.912,0.7963
15,unreached,chat,111,0.9014,0.7584
13,unreached,chat,382,0.9324,0.7834
14,unreached,chat,64,0.9176,0.7778
8,unreached,chat,639,0.9559,0.8613
12,unreached,chat,639,0.908,0.7962
7,unreached,chat,112,0.9068,0.7881
7,unreached,chat,66,0.9088,0.7869
5,unreached,chat,300,0.9296,0.9614
8,unreached,chat,300,0.9276,1.013
9,unreached,chat,300,0.9248,0.9729
4,unreached,chat,115,0.9131,0.8008
10,unreached,chat,115,0.9403,0.8746
3,unreached,chat,388,0.8728,0.799
10,unreached,chat,388,0.902,0.7647
11,unreached,chat,67,0.9109,0.779
1,accepted,chat,303,0.8899,0.863
3,accepted,chat,305,0.8946,0.844
6,unreached,chat,70,0.9477,0.9022
9,unreached,chat,70,0.9068,0.7446
7,unreached,chat,650,0.8995,0.7672
13,unreached,chat,650,0.9086,0.7967
14,unreached,chat,650,0.9091,0.7937
7,unreached,chat,315,0.9179,0.78
15,unreached,chat,315,0.915,0.801
8,unreached,chat,651,0.9452,0.8284
10,unreached,chat,651,0.9342,0.823
3,unreached,chat,121,0.9001,0.7974
2,rejected,chat,400,0.8853,0.8052
15,unreached,chat,400,0.9377,0.7977
15,unreached,chat,318,0.9067,0.7978
1,rejected,chat,652,0.8613,0.7759
7,unreached,chat,76,0.8957,0.7805
8,unreached,chat,76,0.8972,0.7685
2,unreached,chat,403,0.8689,0.7745
6,unreached,chat,79,0.9107,0.8097
13,unreached,chat,321,0.8977,0.774
9,unreached,chat,656,0.941,0.8655
14,unreached,chat,131,0.9365,0.8025
4,unreached,chat,404,0.9419,0.8526
1,accepted,chat,658,0.8493,0.7802
6,unreached,chat,658,0.9434,0.9964
13,unreached,chat,133,0.9167,0.9219
7,unreached,chat,84,0.9096,0.7796
12,unreached,chat,84,0.9212,0.8633
5,unreached,chat,325,0.9326,0.877
10,unreached,chat,325,0.9072,0.7907
11,unreached,chat,325,0.9101,0.7902
14,unreached,chat,663,0.9714,0.8638
4,unreached,chat,138,0.8766,0.768
14,unreached,chat,138,0.9063,0.7806
13,unreached,chat,411,0.8977,0.7585
6,unreached,chat,85,0.9243,0.8461
2,rejected,chat,326,0.9166,0.8168
6,unreached,chat,664,0.9154,0.8024
6,unreached,chat,415,0.9012,0.7867
9,unreached,chat,665,0.8896,0.802
3,accepted,chat,91,0.8849,0.8235
2,accepted,chat,330,0.876,0.8471
7,unreached,chat,668,0.9253,0.8898
10,unreached,chat,142,0.9148,0.7962
4,accepted,chat,95,0.9187,0.8455
13,unreached,chat,95,0.912,0.7844
15,unreached,chat,333,0.9202,0.7963
7,accepted,chat,670,0.9476,0.95
4,unreached,chat,143,0.8607,0.8628
11,unreached,chat,683,0.9325,0.8745
6,unreached,chat,144,0.9279,0.8292
8,unreached,chat,144,0.9114,0.802
13,unreached,chat,144,0.9225,0.9234
9,unreached,chat,688,0.942,0.8737
2,accepted,chat,145,0.9168,0.8552
5,unreached,chat,107,0.912,0.8299
7,unreached,chat,337,0.8825,0.7695
9,unreached,chat,337,0.897,0.781
10,unreached,chat,337,0.905,0.7874
6,unreached,chat,694,0.9732,0.9717
11,unreached,chat,150,0.8932,0.801
15,unreached,chat,150,0.9224,0.7812
4,rejected,chat,440,0.8902,0.796
5,unreached,chat,440,0.9091,0.82
9,unreached,chat,440,0.8899,0.7544
2,rejected,chat,110,0.8763,0.8617
8,unreached,chat,110,0.9383,0.864
3,unreached,chat,341,0.8957,0.8183
9,unreached,chat,341,0.9342,0.819
6,unreached,chat,696,0.94,0.9197
8,unreached,chat,696,0.9382,0.843
5,unreached,chat,152,0.9349,0.8176
3,rejected,chat,444,0.894,0.806
14,unreached,chat,444,0.9259,0.8037
14,unreached,chat,342,0.9225,0.8052
5,unreached,chat,159,0.9244,0.8372
3,accepted,chat,703,0.8785,0.8025
6,unreached,chat,703,0.9498,0.8568
8,unreached,chat,703,0.913,0.7982
5,unreached,chat,119,0.9244,0.8271
14,unreached,chat,119,0.9284,0.7657
3,unreached,chat,346,0.919,0.8432
5,unreached,chat,161,0.9197,0.8303
11,unreached,chat,451,0.8926,0.7411
4,unreached,chat,347,0.9015,0.7886
10,unreached,chat,709,0.9005,0.8643
15,unreached,chat,164,0.8956,0.7803
5,unreached,chat,455,0.8958,0.7889
4,unreached,chat,166,0.8682,0.7695
11,unreached,chat,166,0.9019,0.8354
1,accepted,chat,719,0.8764,0.7835
1,accepted,chat,131,0.8621,0.7455
6,unreached,chat,460,0.8791,0.7801
8,unreached,chat,134,0.8898,0.7417
14,unreached,chat,134,0.9247,0.7566
1,accepted,chat,353,0.8882,0.864
2,unreached,chat,722,0.9441,0.8665
9,unreached,chat,355,0.9027,0.8073
5,unreached,chat,137,0.9325,0.8984
10,unreached,chat,175,0.8668,0.7267
14,unreached,chat,175,0.9291,0.7811
2,unreached,chat,360,0.9164,0.8202
4,unreached,chat,360,0.9341,0.8483
8,unreached,chat,360,0.898,0.7795
12,unreached,chat,360,0.9116,0.8086
4,accepted,chat,739,0.9038,0.8154
15,unreached,chat,739,0.9234,0.851
3,unreached,chat,176,0.8917,0.8085
10,unreached,chat,176,0.8602,0.7373
3,accepted,chat,467,0.8702,0.7857
10,unreached,chat,748,0.9131,0.7886
7,unreached,chat,177,0.8782,0.7511
13,unreached,chat,141,0.9209,0.8572
7,unreached,chat,362,0.8953,0.7434
10,unreached,chat,362,0.908,0.7834
14,unreached,chat,182,0.9063,0.7429
2,rejected,chat,476,0.9367,0.9135
13,unreached,chat,476,0.9157,0.8397
8,unreached,chat,145,0.9066,0.7805
13,unreached,chat,183,0.9306,0.7741
7,rejected,chat,149,0.8743,0.7822
10,unreached,chat,369,0.9135,0.7964
4,unreached,chat,184,0.9129,0.8009
15,unreached,chat,483,0.9487,0.8327
4,unreached,chat,372,0.9101,0.8002
5,unreached,chat,372,0.9864,0.9771
14,unreached,chat,185,0.919,0.8016
3,unreached,chat,486,0.9294,0.8306
3,unreached,chat,373,0.9023,0.8166
8,unreached,chat,373,0.9177,0.8974
6,unreached,chat,759,0.9058,0.7628
3,unreached,chat,187,0.8569,0.8342
1,rejected,chat,487,0.8614,0.7602
9,unreached,chat,374,0.9339,0.8804
6,unreached,chat,189,0.8706,0.7619
1,accepted,chat,488,0.8891,0.8028
3,accepted,chat,488,0.9073,0.8445
10,unreached,chat,488,0.9305,0.8235
3,unreached,chat,192,0.9212,0.8115
8,unreached,chat,383,0.8915,0.7665
2,rejected,chat,765,0.8872,0.8115
6,unreached,chat,765,0.9082,0.8222
9,unreached,chat,194,0.8776,0.8243
13,unreached,chat,194,0.8765,0.7535
11,unreached,chat,496,0.9308,0.8076
15,unreached,chat,496,0.9215,0.7623
7,unreached,chat,170,0.9692,1.008
14,unreached,chat,198,0.9246,0.7858
3,unreached,chat,387,0.9309,0.8591
14,unreached,chat,387,0.8995,0.8034
14,unreached,chat,771,0.8848,0.7245
15,unreached,chat,771,0.8834,0.7415
10,unreached,chat,504,0.8998,0.7773
10,unreached,chat,174,0.9189,0.8161
13,unreached,chat,174,0.9426,0.8563
3,unreached,chat,388,0.8789,0.8149
7,unreached,chat,203,0.9378,0.8202
1,rejected,chat,506,0.8729,0.81
3,unreached,chat,506,0.8955,0.7775
12,unreached,chat,506,0.9609,0.85
15,unreached,chat,175,0.9604,0.8952
10,unreached,chat,389,0.8924,0.7874
13,unreached,chat,389,0.8991,0.8079
6,unreached,chat,206,0.9381,0.8074
13,unreached,chat,391,0.8955,0.8002
4,unreached,chat,182,0.9395,0.8585
10,unreached,chat,182,0.9196,0.7769
12,unreached,chat,182,0.9309,0.8147
6,unreached,chat,783,0.9726,0.9007
11,unreached,chat,209,0.9261,0.788
13,unreached,chat,209,0.9248,0.871
13,unreached,chat,514,0.9406,0.9639
7,unreached,chat,393,0.8949,0.7728
15,unreached,chat,213,0.8959,0.7357
5,unreached,chat,516,0.9718,0.9388
5,unreached,chat,189,0.9314,0.8364
6,unreached,chat,788,0.9123,0.9814
9,unreached,chat,518,0.9187,0.8646
5,unreached,chat,192,0.9072,0.7963
1,rejected,chat,396,0.8752,0.8364
1,rejected,chat,195,0.8622,0.7684
15,unreached,chat,195,0.926,0.7729
5,unreached,chat,791,0.9038,0.9923
11,unreached,chat,218,0.9436,0.8693
14,unreached,chat,521,0.9678,0.9324
8,unreached,chat,196,0.9108,0.7894
5,unreached,chat,399,0.9285,0.8108
3,unreached,chat,221,0.8844,0.7945
9,unreached,chat,221,0.9407,0.9861
11,unreached,chat,527,0.8918,0.9003
8,unreached,chat,197,0.916,0.808
14,unreached,chat,197,0.9522,0.9544
15,unreached,chat,197,0.9415,0.9204
6,unreached,chat,400,0.9021,0.775
14,unreached,chat,400,0.888,0.7813
7,unreached,chat,222,0.909,0.7662
13,unreached,chat,222,0.9492,0.8731
2,accepted,chat,531,0.9367,0.9567
15,unreached,chat,531,0.9457,1.018
10,unreached,chat,198,0.9415,0.9327
10,unreached,chat,402,0.9038,0.8168
11,unreached,chat,802,0.947,1.062
9,unreached,chat,223,0.9382,0.8926
10,unreached,chat,539,0.9197,0.7747
3,unreached,chat,200,0.9293,0.8707
7,unreached,chat,200,0.9431,0.9222
12,unreached,chat,200,0.9409,0.9046
2,accepted,chat,404,0.8978,0.8636
7,unreached,chat,541,0.9166,0.85
15,unreached,chat,541,0.9842,0.8219
1,rejected,chat,201,0.8817,0.8048
3,accepted,chat,812,0.8875,0.8513
9,unreached,chat,225,0.9771,0.8987
12,unreached,chat,817,0.9218,0.7653
12,unreached,chat,227,0.9601,0.9086
14,unreached,chat,227,0.9646,0.9216
1,accepted,chat,549,0.8754,0.8726
6,unreached,chat,204,0.9206,0.8606
10,unreached,chat,204,0.9234,0.7907
12,unreached,chat,207,0.9548,0.8741
6,unreached,chat,32,0.962,0.8675
14,unreached,chat,187,0.8926,0.7323
13,unreached,chat,825,0.9336,0.8505
12,unreached,chat,216,0.8894,0.8465
12,unreached,chat,51,0.912,0.9174
8,unreached,chat,34,0.9481,0.8726
9,unreached,chat,190,0.908,0.7755
4,rejected,chat,826,0.8504,0.7774
5,unreached,chat,226,0.9853,1.119
6,unreached,chat,226,0.9203,0.7871
12,unreached,chat,226,0.955,0.8625
8,unreached,chat,191,0.89,0.7587
1,accepted,chat,193,0.8771,0.8011
4,rejected,chat,193,0.9,0.8699
13,unreached,chat,831,0.8943,0.7645
10,unreached,chat,230,0.95,0.9247
2,accepted,chat,63,0.849,0.8475
7,unreached,chat,63,0.8983,0.7535
13,unreached,chat,63,0.9389,0.9683
10,unreached,chat,62,0.9154,0.8719
6,unreached,chat,197,0.8976,0.8074
6,accepted,chat,68,0.9671,1.019
7,accepted,chat,68,0.9507,0.934
9,accepted,chat,68,0.9588,0.9316
8,unreached,chat,201,0.9466,0.934
9,unreached,chat,836,0.9361,0.822
9,unreached,chat,74,0.9395,0.8742
4,unreached,chat,202,0.9139,0.8103
6,rejected,chat,838,0.9196,0.9701
6,unreached,chat,238,0.93,0.7872
12,unreached,chat,81,0.8852,0.8319
2,unreached,chat,204,0.8937,0.8143
1,rejected,chat,240,0.8622,0.7922
7,accepted,chat,241,0.9374,0.8887
15,unreached,chat,89,0.9709,0.8251
1,accepted,chat,849,0.8626,0.7929
4,rejected,chat,90,0.8561,0.8419
6,unreached,chat,212,0.9799,0.9894
6,unreached,chat,851,0.9627,0.8583
4,unreached,chat,94,0.9262,0.8555
6,unreached,chat,94,0.957,0.9148
8,unreached,chat,94,0.9883,0.9237
15,unreached,chat,94,0.9232,0.8329
3,unreached,chat,213,0.9072,0.8212
14,unreached,chat,852,0.8889,0.7435
15,unreached,chat,118,0.9102,0.7784
1,accepted,chat,214,0.8765,0.7776
9,unreached,chat,853,0.9456,0.8049
10,unreached,chat,853,0.9035,0.7831
12,unreached,chat,853,0.9115,0.7574
4,unreached,chat,99,0.9828,0.9258
5,unreached,chat,221,0.9517,0.8766
6,unreached,chat,102,0.8896,0.9409
10,unreached,chat,102,0.939,0.9075
15,unreached,chat,102,0.9051,0.9586
7,unreached,chat,225,0.8944,0.7735
5,unreached,chat,55,0.9127,0.7974
6,unreached,chat,864,0.9002,0.8202
15,unreached,chat,864,0.9375,0.8596
4,unreached,chat,228,0.8701,0.7809
7,unreached,chat,228,0.889,0.8021
11,unreached,chat,121,0.9636,0.9114
14,unreached,chat,121,0.9284,0.8233
13,unreached,chat,74,0.929,0.822
5,accepted,chat,869,0.904,0.8796
8,unreached,chat,236,0.9345,0.8283
7,unreached,chat,126,0.9389,0.8393
11,unreached,chat,126,0.9162,0.8146
13,unreached,chat,126,0.9026,0.7976
5,unreached,chat,128,0.9183,0.7901
5,accepted,chat,150,0.8444,0.873
10,unreached,chat,150,0.8945,0.8382
12,unreached,chat,150,0.8999,0.8141
14,unreached,chat,37,0.931,0.7762
7,unreached,chat,131,0.9672,0.942
14,unreached,chat,131,0.8858,0.7645
8,unreached,chat,156,0.897,0.7724
1,accepted,chat,242,0.8725,0.784
7,unreached,chat,242,0.9062,0.7702
11,unreached,chat,39,0.9045,0.785
10,unreached,chat,132,0.9213,1.035
10,unreached,chat,158,0.9002,0.7823
10,unreached,chat,244,0.8824,0.7408
8,rejected,chat,134,0.8705,0.8209
4,unreached,chat,246,0.9031,0.8383
11,unreached,chat,246,0.9398,0.7895
4,unreached,chat,163,0.8848,0.7759
6,unreached,chat,163,0.8855,0.7845
10,unreached,chat,248,0.9584,0.8561
6,unreached,chat,48,0.9085,0.806
2,rejected,chat,167,0.8812,0.7994
15,unreached,chat,167,0.8944,0.7773
1,accepted,chat,255,0.8703,0.7879
5,accepted,chat,255,0.9992,0.97
3,accepted,chat,108,0.8712,0.7905
10,accepted,chat,108,0.9282,0.8986
2,rejected,chat,147,0.894,0.819
3,rejected,chat,264,0.8767,0.8777
5,unreached,chat,119,0.8577,0.7682
2,accepted,chat,55,0.8624,0.7697
12,unreached,chat,55,0.9486,0.8783
8,unreached,chat,170,0.8946,0.7969
4,unreached,chat,267,0.8787,0.7758
10,unreached,chat,58,0.8882,0.7359
13,unreached,chat,58,0.9165,0.7738
9,unreached,chat,153,0.8836,0.746
9,unreached,chat,172,0.9106,0.8052
11,unreached,chat,123,0.9314,0.9111
13,unreached,chat,123,0.9179,0.88
15,unreached,chat,123,0.8959,0.7784
3,unreached,chat,125,0.8787,0.7857
10,unreached,chat,158,0.9494,0.8929
1,accepted,chat,271,0.8674,0.7641
3,accepted,chat,271,0.8797,0.7664
15,unreached,chat,271,0.9056,0.7818
6,unreached,chat,176,0.9305,0.8752
14,unreached,chat,176,0.8907,0.7644
14,unreached,chat,130,0.9339,0.7899
15,unreached,chat,130,0.9483,0.8497
1,accepted,chat,169,0.9379,0.8873
7,unreached,chat,169,0.8868,0.777
14,unreached,chat,169,0.9023,0.7817
3,accepted,chat,279,0.8875,0.8162
14,unreached,chat,69,0.9365,0.8067
12,unreached,chat,179,0.928,0.8253
13,unreached,chat,179,0.924,0.8185
3,rejected,chat,285,0.9151,0.8483
9,unreached,chat,285,0.9535,0.8757
11,unreached,chat,285,0.9103,0.7861
11,unreached,chat,133,0.8933,0.8591
3,unreached,chat,74,0.9229,0.8753
9,unreached,chat,182,0.9056,1.054
12,unreached,chat,182,0.9294,0.8356
14,unreached,chat,182,0.9254,0.8363
15,unreached,chat,182,0.9257,0.8359
11,unreached,chat,288,0.9283,0.8194
2,accepted,chat,135,0.939,0.9245
10,accepted,chat,135,0.8841,0.8437
8,unreached,chat,76,0.8896,0.7594
5,unreached,chat,151,0.9278,0.8376
6,unreached,chat,185,0.9299,0.8986
1,rejected,chat,186,0.9288,0.8728
3,unreached,chat,291,0.8991,0.8925
14,unreached,chat,291,0.8725,0.8065
6,unreached,chat,155,0.8743,0.7698
8,unreached,chat,155,0.958,0.9759
14,unreached,chat,187,0.9177,0.7968
15,unreached,chat,292,0.9207,0.7889
5,unreached,chat,83,0.9108,0.823
6,unreached,chat,83,0.9394,0.8344
13,unreached,chat,83,0.9318,0.7991
1,accepted,chat,298,0.9023,0.8438
5,unreached,chat,298,0.8651,0.8014
7,unreached,chat,298,0.9415,0.8486
5,accepted,chat,163,0.9857,0.9489
14,unreached,chat,163,0.9319,0.8326
13,unreached,chat,191,0.9383,0.8008
7,unreached,chat,194,0.9029,0.7765
9,unreached,chat,194,0.8913,0.7787
2,accepted,chat,172,0.9104,0.8538
13,unreached,chat,172,0.931,0.9037
14,unreached,chat,87,0.9204,0.7658
1,accepted,chat,199,0.8712,0.7718
14,unreached,chat,201,0.9,0.7576
3,unreached,chat,204,0.8907,0.8204
1,rejected,chat,187,0.8827,0.8901
4,unreached,chat,101,0.921,0.8121
10,unreached,chat,19,0.9521,0.7975
12,rejected,chat,210,0.9006,0.8256
15,unreached,chat,210,0.9008,0.7867
7,accepted,chat,21,0.967,1.025
1,accepted,chat,222,0.8555,0.7595
10,unreached,chat,191,0.9261,0.827
6,accepted,chat,37,0.8899,0.7553
12,unreached,chat,225,0.8954,0.8001
3,unreached,chat,210,0.8684,0.7775
7,unreached,chat,109,0.988,0.975
10,unreached,chat,109,0.8985,0.7708
11,unreached,chat,109,0.8924,0.8458
5,accepted,chat,196,0.9572,0.8858
13,unreached,chat,110,0.9334,0.9615
7,unreached,chat,60,0.9571,0.897
6,unreached,chat,203,0.9591,0.9214
10,unreached,chat,111,0.8726,0.825
2,rejected,chat,229,0.906,0.8348
10,unreached,chat,229,0.9082,0.8466
1,accepted,chat,215,0.8433,0.743
1,accepted,chat,207,0.8586,0.7793
13,unreached,chat,207,0.9368,0.8477
11,unreached,chat,112,0.9358,0.9644
10,unreached,chat,66,0.8985,0.8075
5,unreached,chat,231,0.9922,0.9796
8,unreached,chat,231,0.8775,0.9389
1,rejected,chat,224,0.849,0.7605
7,rejected,chat,232,0.8572,0.8752
13,unreached,chat,232,0.913,0.8345
14,unreached,chat,232,0.8984,0.762
5,unreached,chat,239,0.8982,0.7867
8,unreached,chat,239,0.9099,0.8003
10,unreached,chat,226,0.8895,0.766
8,unreached,chat,123,0.9709,0.9151
10,unreached,chat,123,0.9236,0.9248
9,unreached,chat,78,0.9247,0.9675
4,unreached,chat,241,0.877,0.7711
4,unreached,chat,126,0.8755,0.8039
12,unreached,chat,243,0.9846,0.9342
7,unreached,chat,225,0.8976,0.7804
10,unreached,chat,225,0.9206,0.801
14,unreached,chat,225,0.9254,0.82
5,unreached,chat,86,0.897,0.8105
12,unreached,chat,86,0.9082,0.7371
7,unreached,chat,232,0.9032,0.7758
2,rejected,chat,134,0.9244,0.8791
3,unreached,chat,134,0.8971,0.8164
8,unreached,chat,90,0.9083,0.7963
3,unreached,chat,247,0.9382,0.8448
4,unreached,chat,247,0.8498,0.7577
7,unreached,chat,233,0.9187,0.8154
14,unreached,chat,233,0.9439,0.7877
1,rejected,chat,92,0.9291,0.9143
5,unreached,chat,92,0.9423,0.8747
11,unreached,chat,92,0.8998,0.7711
14,unreached,chat,236,0.9193,0.8266
1,accepted,chat,229,0.87,0.7732
14,unreached,chat,229,0.93,0.8258
12,unreached,chat,93,0.9113,0.7755
2,unreached,chat,239,0.9368,0.8414
9,unreached,chat,239,0.9569,0.8038
12,unreached,chat,239,0.9979,0.8948
1,rejected,chat,142,0.8846,0.7978
2,rejected,chat,240,0.9704,0.9443
10,unreached,chat,240,0.9189,0.856
14,unreached,chat,233,0.9288,0.8785
9,unreached,chat,143,0.9298,0.8006
15,unreached,chat,143,0.94,0.8281
3,unreached,chat,95,0.9063,0.8426
4,unreached,chat,145,0.8969,0.798
9,unreached,chat,145,0.9344,0.9886
13,unreached,chat,250,0.8969,0.7964
10,unreached,chat,148,0.9475,0.9127
6,unreached,chat,97,0.9039,0.8352
2,accepted,chat,268,0.8965,0.8717
8,unreached,chat,268,0.9414,0.8864
3,unreached,chat,261,0.8897,0.8195
11,unreached,chat,261,0.8806,0.7364
6,unreached,chat,243,0.8919,0.7812
11,unreached,chat,98,0.9147,0.7949
12,unreached,chat,98,0.9053,0.7585
3,accepted,chat,272,0.9529,0.8444
7,unreached,chat,245,0.8804,0.7867
11,unreached,chat,245,0.9414,0.8354
4,unreached,chat,150,0.9386,0.882
14,unreached,chat,150,0.9475,0.9607
15,unreached,chat,277,0.8865,0.7809
1,accepted,chat,246,0.8437,0.7753
12,unreached,chat,246,0.9535,0.8631
13,unreached,chat,246,0.9427,0.8206
5,unreached,chat,268,0.9098,0.8292
6,unreached,chat,158,0.9181,0.818
13,unreached,chat,158,0.9571,0.9291
2,unreached,chat,102,0.9155,0.8707
7,unreached,chat,159,0.9249,0.8581
11,unreached,chat,159,0.9167,0.827
1,rejected,chat,103,0.8976,0.821
13,unreached,chat,103,0.9206,0.7698
12,unreached,chat,272,0.9132,0.7798
12,unreached,chat,296,0.9607,0.8753
1,accepted,chat,257,0.9086,0.9448
10,unreached,chat,276,0.9059,0.7775
13,unreached,chat,262,0.879,0.7202
4,unreached,chat,163,0.9438,0.8674
1,accepted,chat,277,0.876,0.7882
3,unreached,chat,269,0.9453,0.8409
14,unreached,chat,269,0.9089,0.76
7,unreached,chat,164,0.8931,0.7976
4,unreached,chat,116,0.9332,0.8453
14,unreached,chat,116,0.9565,0.8177
1,rejected,chat,305,0.8877,0.8173
4,unreached,chat,168,0.8718,0.7992
3,unreached,chat,119,0.9284,0.8566
5,unreached,chat,119,0.9216,0.7945
8,unreached,chat,119,0.9277,0.7718
14,unreached,chat,283,0.8922,0.7337
15,unreached,chat,169,0.8923,0.7352
9,unreached,chat,308,0.8955,0.7626
11,unreached,chat,308,0.9003,0.7671
3,accepted,chat,170,0.9818,0.9619
8,unreached,chat,170,0.8864,0.8507
4,unreached,chat,309,0.8845,0.8012
10,unreached,chat,309,0.8977,0.7548
4,accepted,chat,135,0.9314,0.9467
5,accepted,chat,135,0.9431,0.8737
4,unreached,chat,310,0.8732,0.7723
3,accepted,chat,294,0.8768,0.7851
5,unreached,chat,279,0.8744,0.7812
8,unreached,chat,279,0.8984,0.7581
6,unreached,chat,142,0.9266,0.781
15,unreached,chat,142,0.9716,0.8383
6,unreached,chat,282,0.977,0.9746
3,unreached,chat,301,0.9312,0.9347
13,unreached,chat,301,0.8893,0.7278
9,unreached,chat,302,0.8772,0.7267
10,unreached,chat,302,0.8668,0.7095
15,unreached,chat,302,0.9004,0.7345
14,unreached,chat,286,0.9316,0.7625
6,unreached,chat,182,0.8862,0.7605
13,unreached,chat,182,0.9164,0.7838
15,unreached,chat,182,0.9392,0.8338
2,unreached,chat,154,0.9108,0.857
15,unreached,chat,319,0.8987,0.801
1,accepted,chat,303,0.8688,0.7831
2,rejected,chat,303,0.8778,0.867
12,unreached,chat,303,0.89,0.7355
3,accepted,chat,322,0.8834,0.7865
8,accepted,chat,322,0.9974,0.8991
9,unreached,chat,305,0.8952,0.7519
6,unreached,chat,187,0.8872,0.78
3,accepted,chat,291,0.9232,0.9249
10,unreached,chat,291,0.9851,1.029
3,accepted,chat,173,0.9002,0.8274
4,rejected,chat,173,0.9009,0.8801
1,accepted,chat,298,0.8482,0.8281
2,accepted,chat,298,0.8912,0.9723
3,rejected,chat,298,0.9486,0.9553
13,unreached,chat,298,0.9146,0.9095
7,unreached,chat,189,0.9349,0.865
12,unreached,chat,177,0.8946,0.7362
8,unreached,chat,341,0.9068,0.794
11,unreached,chat,311,0.8869,0.9143
14,unreached,chat,301,0.948,0.906
15,unreached,chat,301,0.9041,0.8416
1,rejected,chat,194,0.8966,0.8273
7,unreached,chat,347,0.9384,0.9039
13,unreached,chat,347,0.9308,0.8368
7,unreached,chat,313,0.913,0.8588
12,unreached,chat,313,0.9294,0.8558
1,accepted,chat,195,0.8824,0.8485
11,unreached,chat,195,0.9396,0.863
7,unreached,chat,189,0.9045,0.7828
11,unreached,chat,189,0.9156,0.7914
6,accepted,chat,315,0.9431,0.958
6,unreached,chat,322,0.913,0.863
3,unreached,chat,315,0.8763,0.8272
11,unreached,chat,315,0.9104,0.9831
13,unreached,chat,204,0.9097,0.7875
11,unreached,chat,192,0.9583,1.006
10,unreached,chat,351,0.9255,0.793
6,accepted,chat,323,0.857,0.8199
12,unreached,chat,316,0.9449,0.8626
6,unreached,chat,195,0.9717,1.031
4,accepted,chat,318,0.9342,0.9547
15,unreached,chat,200,0.9826,0.9291
10,unreached,chat,354,0.9254,0.8624
4,unreached,chat,333,0.8713,0.7875
11,unreached,chat,326,0.909,0.9336
1,accepted,chat,201,0.9234,0.9113
7,unreached,chat,201,0.9162,0.9089
9,unreached,chat,201,0.9818,0.9233
11,unreached,chat,357,0.9132,0.7966
1,rejected,chat,327,0.9189,0.9092
8,unreached,chat,327,0.9039,0.8751
1,rejected,chat,219,0.8788,0.8072
14,unreached,chat,219,0.9196,0.7892
4,unreached,chat,207,0.9737,0.9529
11,unreached,chat,338,0.9124,0.761
5,unreached,chat,220,0.9275,0.8242
3,unreached,chat,363,0.9005,0.802
7,unreached,chat,341,0.9205,0.7811
3,unreached,chat,330,0.9874,1.012
8,unreached,chat,330,0.8494,0.8015
10,unreached,chat,330,0.9525,0.9179
13,unreached,chat,224,0.9194,0.7847
12,unreached,chat,211,0.9197,0.8146
5,accepted,chat,343,0.9664,1.005
12,unreached,chat,331,0.9377,0.843
3,unreached,chat,221,0.9317,0.8765
7,unreached,chat,352,0.9126,0.7829
4,unreached,chat,229,0.9003,0.8022
8,unreached,chat,222,0.9393,0.7675
13,unreached,chat,231,0.9143,0.788
2,rejected,chat,223,0.8757,0.8748
7,unreached,chat,223,0.9289,0.8012
10,unreached,chat,373,0.9197,0.8098
1,rejected,chat,356,0.8474,0.7364
13,unreached,chat,356,0.9125,0.8367
14,unreached,chat,356,0.8999,0.8054
2,rejected,chat,357,0.9129,0.8703
13,unreached,chat,233,0.93,0.8006
14,unreached,chat,233,0.9297,0.7938
11,unreached,chat,235,0.9588,0.9124
15,unreached,chat,235,0.9176,0.8059
3,unreached,chat,377,0.9027,0.7915
7,unreached,chat,359,0.8728,0.776
4,unreached,chat,356,0.9592,0.8997
9,unreached,chat,234,0.8693,0.7308
13,unreached,chat,245,0.9587,0.8476
10,unreached,chat,378,0.9017,0.7888
15,unreached,chat,378,0.9223,0.8185
5,unreached,chat,360,0.8741,0.8034
8,unreached,chat,383,0.9796,0.9495
9,unreached,chat,383,0.9845,0.9758
11,unreached,chat,384,0.9738,0.921
3,accepted,chat,363,0.8917,0.8122
6,unreached,chat,363,0.9047,0.7869
15,unreached,chat,367,0.9603,0.9389
4,unreached,chat,242,0.9574,0.9638
3,accepted,chat,252,0.9665,0.9694
11,unreached,chat,252,0.9227,0.8454
6,accepted,chat,387,0.8513,0.7911
13,unreached,chat,387,0.894,0.7834
7,unreached,chat,368,0.9163,0.7777
9,unreached,chat,368,0.927,0.8715
5,unreached,chat,243,0.9863,0.9905
3,accepted,chat,394,0.9491,0.9605
10,unreached,chat,369,0.9161,0.8785
14,unreached,chat,369,0.9398,0.9513
12,unreached,chat,245,0.9244,0.8391
8,unreached,chat,401,0.9082,0.7901
1,rejected,chat,379,0.8721,0.7825
9,unreached,chat,370,0.9312,0.9245
3,accepted,chat,265,0.8967,0.8218
7,accepted,chat,265,0.9462,0.8769
8,rejected,chat,265,0.8931,0.8589
14,unreached,chat,402,0.9659,0.8728
15,unreached,chat,402,0.9639,0.8702
8,unreached,chat,248,0.9507,0.9819
13,unreached,chat,248,0.9059,0.7657
15,unreached,chat,273,0.9325,0.7764
8,unreached,chat,381,0.9162,0.8496
12,unreached,chat,379,0.9035,0.8717
7,unreached,chat,380,0.9066,0.7602
3,accepted,chat,251,0.8864,0.8002
10,unreached,chat,278,0.919,0.7565
1,rejected,chat,381,0.8657,0.7852
3,unreached,chat,381,0.8702,0.7921
15,unreached,chat,259,0.9709,0.9285
1,accepted,chat,279,0.9078,0.8992
8,unreached,chat,279,0.917,0.7569
14,unreached,chat,74,0.9392,0.7906
15,accepted,chat,76,0.863,0.8823
1,rejected,chat,262,0.8486,0.7753
15,unreached,chat,283,0.9246,0.7553
15,unreached,chat,92,0.9568,0.8913
7,unreached,chat,286,0.9117,0.7652
1,rejected,chat,399,0.862,0.7762
2,unreached,chat,399,0.8975,0.809
1,accepted,chat,275,0.8689,0.7866
6,unreached,chat,289,0.9258,0.9453
3,unreached,chat,103,0.929,0.8088
6,unreached,chat,103,0.9608,0.8986
8,unreached,chat,103,0.8688,0.9249
15,unreached,chat,394,0.9364,0.8646
14,unreached,chat,277,0.9322,0.8086
1,accepted,chat,293,0.8557,0.7462
9,unreached,chat,396,0.9672,1.044
2,rejected,chat,279,0.8575,0.7645
9,unreached,chat,296,0.8955,0.8093
3,unreached,chat,112,0.8704,0.8675
10,unreached,chat,112,0.9097,0.8167
3,accepted,chat,399,0.9185,0.8701
9,unreached,chat,281,0.9666,0.9427
6,accepted,chat,303,0.9435,0.8242
12,unreached,chat,303,0.9355,0.8983
3,rejected,chat,113,0.9016,0.795
7,unreached,chat,408,0.9099,0.8071
4,unreached,chat,310,0.9232,0.8381
3,rejected,chat,414,0.8719,0.7744
9,unreached,chat,414,0.9086,0.7875
14,unreached,chat,414,0.9153,0.7871
8,unreached,chat,284,1.002,1.167
4,unreached,chat,315,0.9259,0.8322
14,unreached,chat,315,0.9247,0.7769
6,unreached,chat,140,0.9608,0.9823
10,unreached,chat,140,0.9045,0.7535
15,unreached,chat,140,0.9528,0.8616
4,unreached,chat,318,0.9256,0.8484
5,unreached,chat,318,0.9151,0.8052
9,unreached,chat,318,0.9078,0.7663
14,unreached,code,141,0.9254,0.7589
12,unreached,chat,289,0.9763,0.8562
6,accepted,chat,157,0.8965,0.847
2,accepted,code,162,0.8811,0.7798
7,unreached,chat,173,0.9079,0.8405
1,accepted,chat,297,0.8771,0.8106
9,unreached,chat,176,0.9603,0.9691
14,unreached,chat,176,0.9256,0.8624
12,unreached,code,194,0.9164,0.804
14,unreached,chat,308,0.9225,0.7755
10,unreached,chat,327,0.9055,0.8331
11,unreached,chat,327,0.9114,0.8436
2,accepted,chat,180,0.8705,0.7476
6,accepted,chat,180,0.9528,0.9694
12,accepted,chat,180,0.8831,0.8707
15,accepted,chat,180,0.9845,0.9475
12,unreached,code,158,0.9493,0.7976
4,unreached,chat,329,0.9386,0.8956
14,unreached,chat,196,0.9011,0.7699
2,accepted,code,221,0.8778,0.723
12,rejected,code,162,0.9356,0.8342
11,unreached,chat,311,0.9081,0.7832
15,accepted,code,237,0.9588,0.8481
13,unreached,chat,312,0.9128,0.7782
7,unreached,chat,333,0.8999,0.7656
9,accepted,code,253,0.8943,0.8563
12,accepted,code,253,0.9027,0.8961
4,unreached,chat,337,0.927,0.8394
5,unreached,chat,337,0.9065,0.8276
6,unreached,chat,337,0.9073,0.8084
7,unreached,chat,337,0.9055,0.8779
9,unreached,chat,209,0.9583,0.9023
6,unreached,code,188,0.9175,0.8861
1,accepted,chat,314,0.9338,0.9131
8,unreached,chat,314,0.9136,0.814
14,accepted,code,283,0.9141,1.032
1,accepted,code,192,0.8466,0.7514
3,accepted,code,192,0.9114,0.866
6,accepted,code,192,0.9522,0.8741
8,accepted,code,192,0.9061,0.8277
1,rejected,chat,316,0.8581,0.7808
2,accepted,chat,217,0.869,0.7712
2,accepted,code,299,0.9324,0.938
14,unreached,code,299,0.9373,0.8043
10,unreached,chat,317,0.8915,0.7737
11,unreached,chat,317,0.8954,0.7842
10,unreached,chat,342,0.9236,0.8305
12,unreached,chat,342,0.9266,0.8136
14,unreached,chat,222,0.9107,0.783
9,unreached,code,212,0.9315,0.9207
14,unreached,code,212,0.9147,0.8059
14,unreached,chat,343,0.9395,0.8213
4,unreached,code,177,0.8857,0.8239
12,unreached,code,177,0.9085,0.8052
12,unreached,chat,346,0.9067,0.7745
8,unreached,chat,324,0.8855,0.75
7,unreached,chat,234,0.9034,0.7607
5,unreached,chat,350,0.901,0.8374
10,unreached,chat,350,0.9217,0.8034
10,unreached,chat,236,0.9079,0.7618
13,unreached,chat,236,0.9225,0.7749
12,accepted,code,266,0.8727,0.7216
5,accepted,code,211,0.9135,0.8936
10,unreached,chat,352,0.9334,0.8831
9,unreached,chat,237,0.9206,0.7608
5,accepted,code,282,0.9088,0.8273
14,accepted,code,282,0.9049,0.8529
5,accepted,code,227,0.9111,0.8114
6,accepted,code,227,0.9006,0.8397
2,unreached,chat,355,0.9445,0.9401
7,unreached,chat,239,0.9211,0.7721
11,unreached,chat,239,0.9189,0.7754
7,accepted,code,243,0.8741,0.8609
4,unreached,chat,330,0.8815,0.7732
5,unreached,chat,330,0.9007,0.7969
8,unreached,chat,242,0.896,0.7421
10,accepted,code,314,0.9212,0.8219
4,accepted,code,259,0.8783,0.8377
5,unreached,chat,331,0.9198,0.8163
5,unreached,chat,358,0.9217,0.8591
8,unreached,chat,358,0.9224,0.8178
14,unreached,chat,358,0.926,0.8044
5,unreached,code,330,0.9462,0.9808
13,unreached,code,330,0.9349,0.8239
3,accepted,code,275,0.8917,0.7578
12,accepted,code,275,0.8995,0.8189
14,accepted,code,275,0.9024,0.8497
10,unreached,chat,332,0.9225,0.8265
6,unreached,chat,359,0.9411,0.8061
15,unreached,chat,359,0.9246,0.7923
8,accepted,code,291,0.8852,0.8751
5,unreached,chat,334,0.9685,0.8809
9,unreached,chat,334,0.9759,0.9218
11,unreached,chat,334,0.9485,0.8425
12,unreached,chat,362,0.9292,0.809
9,unreached,chat,249,0.9309,0.8468
6,accepted,code,307,0.8812,0.8378
1,accepted,chat,364,0.8786,0.7864
4,unreached,chat,364,0.971,0.9931
15,unreached,chat,364,0.9439,0.839
9,unreached,chat,256,0.9042,0.7541
6,accepted,code,323,0.9105,0.9265
12,unreached,code,323,0.9676,0.9493
5,unreached,chat,258,0.9148,0.8083
9,unreached,chat,258,0.9113,0.7543
12,unreached,chat,258,0.9109,0.7442
13,unreached,code,380,0.9248,0.7757
8,unreached,code,330,0.951,0.891
12,unreached,chat,340,0.9285,0.8245
2,rejected,chat,369,0.8679,0.7865
4,unreached,chat,369,0.9199,0.8627
1,accepted,code,382,0.9022,0.8284
9,unreached,code,337,0.944,0.9456
12,unreached,code,337,0.9446,0.7947
8,unreached,chat,371,0.9483,0.8345
9,unreached,chat,262,0.9121,0.7779
10,unreached,chat,344,0.9081,0.8399
2,rejected,chat,373,0.9446,0.8663
7,unreached,chat,373,0.9074,0.7523
7,unreached,chat,345,0.8793,0.8841
7,unreached,chat,375,0.9023,0.7539
14,unreached,chat,375,0.9161,0.7739
1,rejected,chat,266,0.871,0.7781
1,accepted,code,417,0.9021,0.7769
4,accepted,code,417,0.8717,0.7461
12,unreached,code,417,0.9839,0.8675
2,rejected,code,356,0.8625,0.8481
6,unreached,code,356,0.9335,0.8636
3,unreached,chat,376,0.896,0.8159
15,unreached,chat,376,0.917,0.8151
7,unreached,chat,267,0.9078,0.7633
4,unreached,chat,353,0.9378,0.9374
15,unreached,chat,353,0.9272,0.8117
12,rejected,chat,378,0.894,0.894
13,unreached,chat,268,0.9138,0.7447
12,accepted,code,438,0.8886,0.8201
13,accepted,code,438,0.913,0.7936
14,unreached,code,359,0.9554,0.9514
15,accepted,code,454,0.8946,0.7943
5,accepted,code,360,0.9259,0.9913
8,accepted,code,360,0.927,0.8706
10,unreached,chat,355,0.973,0.9152
12,unreached,chat,355,0.9524,0.8751
5,unreached,chat,393,0.9133,0.837
2,rejected,chat,274,0.9078,0.8809
6,accepted,chat,357,0.9728,0.9505
13,unreached,chat,397,0.9082,0.7376
2,rejected,chat,276,0.8994,0.8763
1,accepted,code,377,0.9128,0.9191
4,rejected,code,377,0.9267,0.9746
6,unreached,code,377,0.9758,0.9473
4,unreached,chat,367,0.9091,0.807
9,unreached,chat,367,0.9301,0.8078
4,unreached,chat,400,0.9223,0.9311
12,unreached,chat,400,0.9207,0.7762
12,unreached,chat,279,0.8956,0.735
9,unreached,code,390,0.8738,0.833
2,accepted,chat,370,0.8816,0.7886
1,accepted,code,396,0.8586,0.7804
7,unreached,code,396,0.9493,0.8558
13,unreached,code,396,0.9417,0.8828
4,unreached,code,108,0.9451,0.7739
5,unreached,code,108,0.8969,0.7955
14,unreached,chat,375,0.9752,0.9112
10,unreached,code,109,0.9253,0.8255
12,accepted,code,100,0.9152,0.7725
3,unreached,chat,379,0.8631,0.786
6,unreached,chat,379,0.8827,0.7544
11,unreached,chat,379,0.9767,0.9297
13,unreached,code,402,0.9338,0.8946
1,accepted,code,116,0.9368,0.8784
1,accepted,chat,380,0.8734,0.8263
12,unreached,chat,286,0.9268,0.7611
8,unreached,code,406,0.9316,0.8171
13,accepted,code,132,0.934,0.9457
4,unreached,chat,384,0.9026,0.8273
6,unreached,chat,384,0.8737,0.7721
13,unreached,chat,384,0.9909,0.967
13,accepted,code,148,0.9301,0.8113
11,unreached,chat,386,0.9652,0.9089
5,unreached,chat,291,0.8605,0.7126
3,unreached,code,417,0.929,0.9533
9,unreached,code,417,0.917,0.9287
11,unreached,code,417,0.9384,0.8399
6,unreached,code,137,0.9584,0.9968
5,accepted,code,164,0.9013,0.8724
8,rejected,code,164,0.876,0.8668
4,accepted,code,172,0.9155,0.8347
3,unreached,chat,389,0.8957,0.8239
4,unreached,chat,389,1.016,1.052
4,unreached,chat,294,0.8918,0.7413
9,rejected,code,430,1.025,0.9463
5,accepted,chat,391,0.9719,0.8606
13,unreached,chat,391,0.9746,0.9205
7,accepted,code,156,0.9516,0.8198
14,accepted,code,156,1.001,0.806
5,unreached,chat,400,0.9459,0.8406
1,accepted,code,116,0.9207,0.921
9,unreached,chat,299,0.9324,0.7886
10,rejected,code,183,0.9099,0.8369
15,unreached,code,183,0.93,0.8339
11,accepted,code,118,0.9004,0.7797
1,rejected,chat,405,0.8471,0.7498
2,accepted,code,168,0.9374,0.8549
5,rejected,chat,301,0.8747,0.7698
8,unreached,code,196,0.9199,0.8145
5,accepted,code,184,0.9084,0.7555
14,accepted,code,184,0.9023,0.7871
2,rejected,chat,407,0.8847,0.8013
5,unreached,chat,407,0.9542,0.9266
12,unreached,chat,407,0.9178,0.7806
6,unreached,chat,306,0.9203,0.7886
8,unreached,code,200,0.9285,0.8631
3,accepted,code,165,0.9241,0.9186
13,accepted,code,165,0.8629,0.8392
2,rejected,code,203,0.8817,0.7866
5,accepted,code,197,0.9336,0.9549
2,accepted,code,232,0.9442,0.7958
5,unreached,chat,414,0.8808,0.8062
8,unreached,chat,414,0.922,0.8159
3,accepted,chat,313,0.8877,0.8555
3,unreached,code,221,0.8602,0.8942
10,unreached,chat,319,0.875,0.7457
14,unreached,chat,319,0.8815,0.7338
9,rejected,code,223,0.9012,0.7979
14,unreached,code,223,0.9593,0.9109
13,accepted,code,229,0.9373,1.039
2,unreached,chat,416,0.9259,0.9423
3,unreached,chat,416,0.8611,0.7895
6,unreached,chat,320,0.9377,0.8443
12,unreached,chat,320,0.892,0.7345
5,accepted,code,232,0.9037,0.8248
14,unreached,code,232,0.9088,0.7643
6,accepted,code,245,0.9675,0.8884
7,accepted,code,280,0.9272,0.937
4,unreached,chat,417,0.9635,0.9308
8,unreached,chat,417,0.9101,0.7672
1,rejected,chat,322,0.8558,0.814
14,unreached,code,238,0.9316,0.8222
5,accepted,code,261,0.9024,0.8364
14,unreached,code,261,0.9256,0.8345
4,unreached,chat,323,0.9295,1.008
4,rejected,code,240,0.8562,0.8271
6,unreached,code,240,0.8854,0.8152
1,accepted,code,309,0.9337,0.9216
2,accepted,code,244,0.8728,0.7931
7,unreached,code,244,0.9516,0.885
1,accepted,code,277,0.8608,0.7682
11,unreached,code,277,1.028,0.9328
1,accepted,code,320,0.8967,0.8534
6,unreached,code,250,0.9123,0.8282
2,accepted,code,279,0.9148,0.9848
3,unreached,code,70,0.9101,0.92
4,unreached,chat,328,0.8967,0.8827
6,unreached,chat,328,1.006,0.9477
15,unreached,chat,328,0.9556,0.8281
3,unreached,code,251,0.9213,0.8436
5,unreached,code,331,0.901,0.7939
13,unreached,code,331,0.9603,0.9524
6,accepted,chat,330,1.002,1.074
3,unreached,code,252,0.9223,1.011
8,unreached,code,334,0.976,0.9087
2,accepted,code,88,0.9057,0.7833
13,accepted,code,88,0.927,0.9354
9,accepted,code,103,0.9465,0.871
4,accepted,code,253,0.8595,0.8985
6,accepted,code,253,0.911,0.8336
1,rejected,code,336,0.8739,0.7873
9,accepted,code,104,0.9207,0.9183
10,accepted,code,104,0.9361,0.8564
6,accepted,code,119,0.8868,0.7424
6,accepted,chat,347,0.8518,0.8458
9,unreached,chat,347,0.9186,0.7989
10,unreached,chat,347,0.9173,0.792
14,accepted,code,135,0.9278,0.8764
10,unreached,chat,355,0.9269,0.9842
6,unreached,code,266,0.9293,0.8123
12,unreached,code,340,0.9605,0.9338
14,accepted,code,151,0.9338,0.8543
5,accepted,code,344,0.9389,0.8709
2,accepted,code,167,0.9405,0.8577
1,accepted,chat,359,0.865,0.7955
3,unreached,chat,359,0.9507,0.8452
3,rejected,code,272,0.881,0.8058
2,accepted,code,350,0.8927,0.8307
5,accepted,code,350,0.9315,0.8834
7,accepted,code,183,0.9909,0.8082
8,unreached,code,275,0.9017,0.7724
13,unreached,code,275,0.9272,0.8154
7,accepted,code,160,0.8543,0.8645
8,accepted,code,160,0.9036,0.9169
9,accepted,code,160,0.8938,0.913
10,unreached,chat,371,0.8863,0.7538
3,rejected,code,276,0.8328,0.7609
7,unreached,code,276,0.9001,0.8036
15,accepted,code,176,0.9143,0.9983
10,unreached,chat,375,0.8989,0.7599
11,unreached,chat,375,0.9044,0.7612
9,unreached,code,279,0.9272,0.9019
2,accepted,code,383,0.8931,0.9142
14,accepted,code,383,0.9451,0.9242
12,accepted,code,192,0.9632,0.9189
7,rejected,code,280,0.9116,0.7977
4,unreached,code,399,1.023,0.8521
5,unreached,code,399,1.034,0.8637
14,unreached,code,399,0.9797,0.8843
2,accepted,code,115,0.8774,0.7939
9,accepted,code,115,0.9511,0.8773
14,accepted,code,115,0.9253,0.9419
12,unreached,code,287,0.9199,0.9387
7,accepted,code,131,0.9254,0.9237
12,accepted,code,131,0.9502,0.9415
15,accepted,code,240,0.9569,0.8082
9,unreached,code,144,0.9111,0.9446
10,unreached,code,145,0.9262,0.7695
1,accepted,chat,381,0.8638,0.7878
2,accepted,chat,381,0.8668,0.7964
7,unreached,chat,381,0.8967,0.7439
13,unreached,chat,381,0.9075,0.7553
10,unreached,code,293,0.9272,0.8139
6,accepted,code,151,0.9195,0.9153
15,rejected,code,151,0.9211,0.9236
8,unreached,code,146,0.8559,0.8505
9,unreached,chat,385,0.8747,0.7376
8,accepted,code,298,0.9424,0.9688
4,unreached,code,272,1.005,0.9143
7,unreached,code,272,1.027,0.9744
10,unreached,code,272,0.9846,0.807
5,accepted,code,166,0.9259,0.9064
8,accepted,code,166,0.951,0.9818
2,accepted,chat,386,0.8676,0.7638
3,accepted,chat,386,0.9075,0.8341
7,accepted,code,310,0.8992,0.9326
8,accepted,code,310,0.8981,0.8322
7,accepted,code,182,0.9618,0.8512
4,unreached,chat,390,0.8704,0.7491
7,unreached,chat,390,0.8801,0.7418
11,accepted,code,326,0.9576,0.904
5,accepted,code,157,0.8621,0.7844
9,unreached,code,156,0.9242,0.7935
7,accepted,code,342,0.9247,0.8241
1,accepted,code,167,0.8944,0.8086
4,accepted,code,167,0.9007,0.8022
4,unreached,chat,394,0.9019,0.7973
5,unreached,chat,394,0.9096,0.7888
10,unreached,chat,394,0.8889,0.7511
9,accepted,code,358,0.8589,0.9032
3,unreached,code,177,0.8849,0.8062
13,unreached,code,162,0.93,0.8053
12,accepted,code,193,0.8746,0.8826
13,accepted,code,193,0.934,0.8068
2,rejected,chat,395,0.8699,0.7641
6,unreached,chat,395,0.9125,0.8064
6,unreached,code,167,0.9722,0.8281
13,accepted,code,209,0.8903,0.7363
3,rejected,chat,397,0.8476,0.7414
5,unreached,code,182,0.9515,0.8992
9,unreached,code,182,0.9738,0.8941
12,unreached,code,182,0.9378,0.7904
14,unreached,code,182,0.9326,0.7789
5,unreached,code,172,0.9308,0.9382
5,accepted,code,225,0.899,0.7761
10,unreached,chat,400,0.9091,0.7765
4,unreached,code,374,0.9332,0.8296
2,rejected,code,184,0.9525,0.8877
6,unreached,code,184,0.9393,1.07
5,unreached,chat,404,0.9238,0.8166
1,accepted,code,186,0.8707,0.901
11,accepted,code,175,0.9007,0.8381
11,unreached,chat,407,0.8861,0.7853
9,unreached,code,188,0.9244,1.045
8,unreached,code,194,0.8973,0.8688
6,accepted,code,289,0.9553,0.9039
2,unreached,chat,417,0.8787,0.8148
6,unreached,code,201,0.9178,0.7993
1,accepted,code,197,0.8593,0.8069
6,accepted,code,197,0.8545,0.7851
8,accepted,code,305,0.9569,0.8385
4,accepted,code,205,0.9061,0.7868
14,accepted,code,321,0.9703,0.8847
8,unreached,code,402,0.9019,0.8154
2,rejected,code,222,0.8746,0.7986
7,accepted,code,337,0.9255,0.8589
3,accepted,chat,421,0.8786,0.8038
9,accepted,code,221,0.8971,0.8724
4,accepted,code,224,0.8779,0.7961
10,unreached,code,224,0.9474,0.9339
11,accepted,code,353,0.969,1.047
5,unreached,chat,425,0.9041,0.8167
8,unreached,code,415,0.929,0.8313
4,accepted,code,231,0.9134,0.8727
6,accepted,code,366,0.9474,0.9466
10,unreached,code,366,0.9616,0.9759
15,unreached,code,366,0.9686,0.8803
5,unreached,chat,426,0.8797,0.8026
6,unreached,code,417,0.872,0.821
13,unreached,code,247,0.9066,0.8358
1,accepted,code,378,0.8962,0.8867
2,rejected,code,428,0.8425,0.7993
11,rejected,code,249,0.9851,0.9359
12,unreached,chat,444,0.9113,0.8135
13,unreached,code,430,0.9304,0.799
15,unreached,code,430,0.9487,0.9122
12,accepted,code,260,0.9233,0.9348
14,accepted,code,260,0.8918,0.8178
7,unreached,code,271,0.889,0.7879
5,rejected,code,276,0.8568,0.7682
10,unreached,code,276,0.9337,0.8298
3,accepted,code,399,0.8913,0.8522
6,accepted,code,399,0.8678,0.7783
8,unreached,chat,455,0.8591,0.9184
13,unreached,code,438,0.9317,0.8642
14,unreached,code,438,0.953,0.8195
2,accepted,code,281,0.9195,0.8248
7,accepted,code,281,0.9059,0.8574
3,rejected,code,287,0.8989,0.8143
5,accepted,code,445,0.8945,0.8185
3,accepted,code,297,0.9492,0.9235
6,accepted,code,297,0.9238,0.9092
3,accepted,code,200,0.9668,0.8275
14,unreached,code,200,0.9488,0.844
10,accepted,code,464,0.9173,0.8599
12,accepted,code,464,0.9274,0.9421
7,accepted,code,477,0.9148,0.8678
8,accepted,code,341,0.9527,0.93
10,accepted,code,341,0.9327,0.9928
7,accepted,code,321,0.9501,1.02
15,unreached,code,321,0.9244,0.7765
5,accepted,code,228,0.9021,0.7912
6,accepted,code,357,0.9016,0.8079
9,accepted,code,357,0.9034,0.8649
6,unreached,code,330,0.9194,0.836
15,unreached,code,330,0.9436,0.8412
1,accepted,code,183,0.8716,0.7514
1,accepted,code,373,0.8659,0.8332
3,accepted,code,373,0.8893,0.7761
12,unreached,code,335,0.9326,0.867
8,accepted,code,250,0.8855,0.7317
2,accepted,code,199,0.8802,0.7516
11,accepted,code,388,0.9031,0.8788
10,unreached,code,348,0.9118,0.8151
1,accepted,code,282,0.9051,0.8639
2,accepted,code,231,0.9402,0.8149
10,accepted,code,420,0.9103,0.8625
14,accepted,code,420,0.9212,0.8556
15,unreached,code,353,0.9446,0.9161
6,accepted,code,298,0.9288,0.8729
11,accepted,code,298,0.9559,0.8285
14,accepted,code,298,0.9598,0.8788
7,accepted,code,436,0.979,0.9936
8,unreached,code,359,0.9372,0.8405
1,accepted,code,314,0.9255,0.773
3,accepted,code,134,0.969,0.8862
2,accepted,code,365,0.8854,0.795
3,accepted,code,365,0.9227,1.046
15,accepted,code,330,0.9315,0.9599
9,accepted,code,279,0.88,0.8644
5,accepted,code,461,0.8889,0.7866
6,rejected,code,370,0.8867,0.8111
2,rejected,code,151,0.9128,0.8093
13,unreached,code,151,0.9475,0.8943
15,unreached,code,151,0.9006,0.8494
1,accepted,code,477,0.978,0.8986
4,unreached,code,357,0.9595,0.9808
5,accepted,code,302,0.9133,0.8614
9,unreached,code,302,0.9391,0.8979
10,unreached,code,302,0.9164,0.8501
11,unreached,code,302,0.8978,1.015
13,unreached,code,302,0.937,0.8079
15,unreached,code,302,0.9408,0.8539
10,rejected,code,384,0.8865,0.8927
7,accepted,code,358,0.9485,0.9226
12,accepted,code,509,0.9106,0.8478
13,unreached,code,325,0.9428,0.789
2,accepted,code,525,0.9527,0.8487
3,accepted,code,525,0.9693,0.8927
9,accepted,code,400,0.9528,0.9333
5,accepted,code,390,0.9666,0.8542
8,accepted,code,390,0.9221,0.9316
8,unreached,code,169,0.9203,0.803
14,unreached,code,169,0.9621,0.8278
11,unreached,code,429,0.9601,0.9925
2,accepted,code,358,0.915,0.8858
9,accepted,code,437,0.9197,0.9735
5,accepted,code,368,0.8943,0.9556
9,accepted,code,368,0.8813,0.9976
15,accepted,code,453,0.9102,0.8285
3,accepted,code,383,0.9259,0.9244
7,accepted,code,383,0.9594,0.8631
5,accepted,code,184,0.8464,0.8193
8,accepted,code,184,0.8965,0.8099
15,unreached,code,469,0.9054,0.7708
3,accepted,code,180,0.8985,0.9301
2,accepted,code,226,0.9152,0.7872
14,unreached,code,207,0.9405,0.8034
10,rejected,code,212,0.9226,0.8088
4,accepted,code,258,0.9407,0.8063
12,accepted,code,258,0.913,0.7994
1,accepted,code,228,0.8827,0.823
7,unreached,code,306,0.9126,0.9835
9,unreached,code,306,0.905,0.8147
11,unreached,code,490,0.936,0.9327
5,accepted,code,222,0.8675,0.7074
9,unreached,code,222,0.9712,0.9228
12,unreached,code,222,0.9567,0.8604
10,accepted,code,274,0.8307,0.8036
9,accepted,code,244,0.8528,0.8517
15,unreached,code,308,0.9316,0.8082
5,accepted,code,290,0.9337,0.8815
6,accepted,code,260,0.8832,0.8305
12,unreached,code,309,0.8744,0.7956
13,unreached,code,309,0.9261,0.9531
2,accepted,code,501,0.9131,0.9103
3,accepted,code,244,0.8765,0.7923
4,rejected,code,244,0.8871,0.9996
5,unreached,code,244,0.9393,0.8106
9,accepted,code,306,0.9098,0.7854
10,accepted,code,306,0.8857,0.7803
11,unreached,code,313,0.8994,0.7232
13,unreached,code,313,0.8984,0.7243
12,unreached,code,322,0.9566,0.9659
7,accepted,code,314,0.888,0.8343
6,accepted,code,331,0.9239,1.027
10,unreached,code,274,0.9593,0.9914
5,unreached,code,338,0.9208,0.8363
14,unreached,code,338,0.9627,0.9112
3,accepted,code,326,0.8385,0.7672
5,accepted,code,515,0.9369,0.8622
15,accepted,code,515,0.9401,0.8634
1,accepted,code,320,0.886,0.846
13,accepted,code,320,0.9478,0.8483
15,accepted,code,320,0.9797,0.9456
9,accepted,code,342,0.9242,0.8111
8,unreached,code,531,0.8896,0.8263
11,unreached,code,531,0.9122,0.8682
3,accepted,code,343,0.9412,0.936
13,accepted,code,358,0.9082,0.7898
1,accepted,code,535,0.8544,0.7567
10,accepted,code,305,0.9353,1.057
13,unreached,code,316,0.9149,0.773
5,unreached,code,176,0.9636,0.8039
7,unreached,code,176,0.9577,0.8266
9,unreached,code,176,0.9455,0.7826
1,accepted,code,352,0.869,0.7906
9,unreached,code,352,0.9316,0.9042
1,accepted,code,80,0.9155,0.9193
11,unreached,code,326,0.9071,0.7967
9,accepted,code,96,0.895,0.7584
9,accepted,code,437,0.9193,0.8115
5,accepted,code,193,0.8962,0.767
14,unreached,code,193,0.9658,0.8508
7,accepted,code,109,0.9115,0.8831
8,accepted,code,109,0.9385,0.9035
10,unreached,code,344,0.9539,0.9229
11,unreached,code,366,0.8707,0.8056
9,unreached,code,453,0.9113,0.7702
13,unreached,code,453,0.9113,0.7825
6,unreached,code,199,0.9537,0.8629
11,unreached,code,125,0.8917,0.8671
14,unreached,code,348,0.9092,0.923
1,accepted,code,455,0.8998,0.8218
6,accepted,code,357,0.9785,0.8467
15,unreached,code,357,0.9538,0.8823
1,accepted,code,139,0.9105,0.9549
8,accepted,code,139,0.9653,1.054
12,unreached,code,211,0.9239,0.8263
5,unreached,code,155,0.9463,0.867
14,unreached,code,375,0.9466,0.8553
4,rejected,code,157,0.8958,0.8033
13,unreached,code,394,0.9239,0.9384
15,unreached,code,394,0.9191,0.857
2,accepted,code,471,0.9064,0.9219
6,unreached,code,474,0.9076,0.8892
2,accepted,code,250,0.8897,0.8161
5,rejected,code,250,0.9019,0.823
7,unreached,code,404,0.9599,0.9658
8,unreached,code,404,0.9608,0.9305
15,unreached,code,404,0.9307,0.8222
8,unreached,code,255,0.9482,0.8525
10,unreached,code,255,0.9495,0.8541
11,unreached,code,255,0.9364,0.7773
2,accepted,code,202,0.9467,0.9229
1,accepted,code,424,0.9225,0.9872
14,accepted,code,424,0.9152,0.8233
13,unreached,code,407,0.9508,0.8731
1,accepted,code,440,0.8471,0.6921
3,unreached,code,137,0.9216,0.8122
15,unreached,code,421,0.9601,0.8982
5,unreached,code,499,0.914,0.941
10,unreached,code,288,0.914,0.7932
3,accepted,code,450,0.9526,0.8381
5,accepted,code,450,0.9178,0.8477
8,accepted,code,450,0.9317,0.8355
10,accepted,code,450,0.9549,0.928
4,accepted,code,500,0.906,0.9224
14,accepted,code,289,0.9518,0.9909
4,accepted,code,139,0.9106,0.8484
1,accepted,code,427,0.8901,0.8928
5,accepted,code,148,0.8854,0.9262
9,unreached,code,148,0.9179,0.8037
7,unreached,code,468,0.9348,0.803
14,unreached,code,468,0.9461,0.8422
10,unreached,code,532,0.9177,0.8311
11,unreached,code,469,0.9609,0.8302
3,unreached,code,439,0.9229,0.8349
1,accepted,code,537,0.8808,0.7946
4,accepted,code,537,0.9302,0.8816
4,accepted,code,170,0.8684,0.7605
1,rejected,code,475,0.8612,0.8525
1,accepted,code,546,0.9167,0.9895
13,unreached,code,176,0.9363,0.8246
9,unreached,code,476,0.9534,0.8516
3,unreached,code,557,0.8872,0.9864
14,unreached,code,557,0.9318,0.817
15,unreached,code,364,0.9333,0.7419
9,unreached,code,178,0.942,1.027
10,unreached,code,178,0.953,0.8385
6,accepted,code,487,0.8975,0.7887
8,unreached,code,369,0.9325,0.8481
12,unreached,code,457,0.9444,0.8766
9,accepted,code,565,0.9752,0.9868
3,unreached,code,375,0.9232,0.8226
12,unreached,code,375,0.946,0.9134
2,rejected,code,462,0.9085,0.8945
15,unreached,code,581,0.9265,0.8766
11,unreached,code,376,0.9406,0.9121
14,unreached,code,197,0.9332,0.9278
4,accepted,code,187,0.8948,0.8078
9,accepted,code,187,0.9759,0.9424
5,rejected,code,464,0.933,0.8402
8,rejected,code,595,0.8906,0.7975
3,accepted,code,203,0.9384,0.9528
2,accepted,code,203,0.8755,0.7544
4,accepted,code,203,0.8851,0.7417
9,accepted,code,203,0.9157,0.8813
14,unreached,code,203,0.9519,0.8624
2,accepted,code,469,0.9506,0.9442
9,unreached,code,469,0.9369,0.9642
13,unreached,code,387,0.9434,0.9045
1,accepted,code,208,0.8638,0.8563
13,unreached,code,475,0.9165,0.9069
5,unreached,code,608,0.9384,0.8214
7,unreached,code,391,0.9429,0.839
10,unreached,code,476,0.9716,0.9229
9,accepted,code,397,0.8928,0.8538
10,accepted,code,397,0.9297,0.8663
6,rejected,code,484,1.034,0.9536
5,accepted,code,612,0.8987,0.9768
8,unreached,code,612,0.963,0.8911
11,unreached,code,619,0.9568,0.8885
3,accepted,code,234,0.8521,0.9496
6,unreached,code,234,0.8915,0.8672
7,unreached,code,234,0.9443,1.078
10,accepted,code,441,0.8971,0.7387
9,unreached,code,239,0.9651,1.143
4,accepted,code,641,0.9582,0.8815
7,accepted,code,641,0.9079,0.9497
5,unreached,code,98,0.9552,0.9528
7,unreached,code,98,0.9111,0.8053
15,accepted,code,473,0.9697,0.7862
2,unreached,code,247,0.8917,0.7772
11,accepted,code,328,0.9529,0.7929
14,unreached,code,667,0.9209,0.841
1,accepted,code,489,0.9255,0.8199
15,unreached,code,248,0.927,0.8491
6,unreached,code,106,0.9616,0.8388
13,unreached,code,106,0.906,0.7477
15,unreached,code,678,0.9006,0.7187
5,accepted,code,505,0.9119,0.8107
4,rejected,code,249,0.8955,0.8156
14,unreached,code,249,0.9346,0.8889
5,accepted,code,521,0.9051,0.799
8,accepted,code,376,0.9705,0.886
9,accepted,code,376,0.9582,0.9191
1,accepted,code,117,0.913,0.9481
3,accepted,code,537,0.8675,0.8082
9,accepted,code,537,0.8919,0.7468
6,accepted,code,392,0.9258,0.8676
12,unreached,code,131,0.9626,0.7965
11,unreached,code,192,0.9294,0.7838
10,accepted,code,264,0.9091,0.9238
15,accepted,code,408,0.9244,0.9066
8,unreached,code,193,0.8569,0.8369
9,accepted,code,424,0.9,0.8165
15,accepted,code,424,0.958,0.8642
6,accepted,code,195,0.8413,0.8129
8,rejected,code,284,0.8858,0.9823
12,rejected,code,440,0.8813,0.8438
4,unreached,code,153,0.8882,0.78
13,unreached,code,204,0.9077,0.8046
8,unreached,code,292,0.9176,0.8158
14,accepted,code,452,0.9429,0.94
7,accepted,code,154,0.8863,0.8703
11,unreached,code,154,0.8944,0.8449
12,unreached,code,216,0.922,0.8045
15,unreached,code,216,0.9279,0.7975
13,accepted,code,166,0.9372,0.8623
12,accepted,code,468,0.8936,1.003
10,unreached,code,226,0.9238,0.8105
13,unreached,code,226,0.9179,0.7808
8,unreached,code,299,0.911,0.8247
6,unreached,code,485,0.9326,0.8409
5,accepted,code,168,0.9365,0.8679
12,unreached,code,168,0.9225,0.814
6,unreached,code,244,0.9388,0.8065
12,accepted,code,214,0.8985,0.8036
5,unreached,code,248,0.9356,0.8108
15,unreached,code,489,0.9606,0.9712
11,accepted,code,193,0.9161,0.8894
1,accepted,code,250,0.9187,0.8784
3,accepted,code,250,0.8962,0.8744
6,unreached,code,315,0.9474,0.8518
15,unreached,code,315,0.9096,0.8295
4,accepted,code,206,0.9791,0.8901
1,accepted,code,266,0.8599,0.7869
5,unreached,code,266,0.9421,0.8288
12,unreached,code,266,0.9427,0.8941
7,accepted,code,262,0.8621,0.7779
9,accepted,code,262,0.8951,0.8027
15,unreached,code,495,0.9332,0.9257
7,accepted,code,215,0.8778,0.9642
6,accepted,code,294,0.9572,0.8722
10,accepted,code,294,0.9112,0.9623
7,accepted,code,505,0.9182,0.9984
11,unreached,code,231,0.9225,0.8662
8,accepted,code,306,0.8547,0.8821
10,unreached,code,286,0.9226,0.7951
8,accepted,code,318,0.8828,0.8314
9,accepted,code,318,0.9426,1.033
7,unreached,code,355,0.894,0.7506
9,unreached,code,355,0.8951,0.759
8,unreached,code,245,0.9302,0.8887
9,unreached,code,245,0.9328,0.8778
9,unreached,code,290,0.9316,0.8597
5,unreached,code,330,0.9885,0.9334
12,unreached,code,330,0.942,1.112
10,unreached,code,294,0.8993,0.7764
9,unreached,code,332,0.9177,0.7471
10,unreached,code,332,0.9547,0.9974
2,rejected,code,179,0.9198,0.8557
15,unreached,code,251,0.9578,0.8261
13,unreached,code,296,0.9388,0.8484
15,unreached,code,336,0.9565,0.9321
6,unreached,code,360,0.9814,1.03
3,unreached,code,297,0.8638,0.7738
5,unreached,code,298,0.9257,0.8383
6,unreached,code,193,0.9388,0.8587
1,rejected,code,368,0.8818,0.8299
13,unreached,code,301,0.9108,0.8297
14,unreached,code,301,0.8966,0.7671
15,unreached,code,301,0.8988,0.7553
10,unreached,code,358,0.9499,1.011
13,unreached,code,358,0.9541,0.8719
11,accepted,code,198,0.9665,0.8675
2,accepted,code,363,0.9387,0.8878
3,accepted,code,385,0.8802,0.7627
4,rejected,code,304,0.8613,0.7951
9,unreached,code,304,0.9157,0.8095
11,unreached,code,228,0.9244,0.7701
15,unreached,code,228,0.9554,0.7863
9,unreached,code,397,0.9278,0.8762
2,accepted,code,334,0.89,0.9235
12,unreached,code,334,0.982,0.837
1,accepted,code,308,0.8758,0.8074
7,unreached,code,308,0.954,0.8583
12,unreached,code,308,0.9345,0.8276
2,accepted,code,384,0.8886,0.7658
15,unreached,code,399,0.9039,1.033
3,accepted,code,413,0.8981,0.9512
4,accepted,code,342,0.8943,0.817
7,unreached,code,234,0.9472,0.95
14,accepted,code,316,0.9335,0.825
9,unreached,code,243,0.9382,0.8619
14,accepted,code,390,0.9362,0.8834
9,unreached,code,333,0.9286,0.8193
12,unreached,code,333,0.9106,0.8293
4,unreached,code,251,0.8897,0.8179
7,unreached,code,251,0.8666,0.7935
15,unreached,code,251,0.9188,0.8035
15,accepted,code,364,0.9166,0.7628
2,accepted,code,380,0.9098,0.7728
9,unreached,code,446,0.9138,0.8484
12,unreached,code,446,0.9006,0.8178
15,unreached,code,350,0.9381,0.7913
2,accepted,code,262,0.905,0.8219
2,accepted,code,449,0.8579,0.8217
2,accepted,code,356,0.9495,0.9246
5,accepted,code,356,0.8996,0.8385
1,accepted,code,273,0.9022,0.8581
7,accepted,code,273,0.9712,0.8307
12,accepted,code,273,0.9673,0.9041
14,accepted,code,412,0.9205,0.9065
8,accepted,code,372,0.9214,0.8919
8,unreached,code,288,0.9403,0.8005
12,unreached,code,288,0.8981,0.8318
10,accepted,code,428,0.9333,0.8247
3,accepted,code,388,0.9569,0.8651
2,accepted,code,291,0.96,0.8805
7,accepted,code,444,0.9735,0.8673
14,accepted,code,444,0.8882,0.8177
4,unreached,code,448,0.9343,0.8666
6,unreached,code,395,0.902,0.7751
5,accepted,code,476,0.881,0.8082
14,unreached,code,397,0.9371,0.8014
14,accepted,code,476,0.8974,0.8399
15,unreached,code,451,0.9256,0.8109
7,unreached,code,316,0.9347,0.8343
11,unreached,code,497,0.9262,0.8849
2,accepted,code,416,0.8934,0.7173
2,accepted,code,318,0.9255,0.8304
8,accepted,code,318,0.9112,0.8571
2,accepted,code,500,0.8742,0.811
12,accepted,code,466,0.9387,0.9024
1,accepted,code,334,0.8643,0.8999
3,accepted,code,334,0.9107,0.8274
4,unreached,code,515,0.8788,0.7424
1,accepted,code,516,0.8813,0.8473
8,accepted,code,516,0.9007,0.7746
5,accepted,code,511,0.9362,0.9544
10,unreached,code,440,0.9177,0.8142
10,unreached,code,352,0.9806,1.01
12,unreached,code,352,0.9125,0.8191
5,accepted,code,532,0.9515,0.8692
6,accepted,code,532,0.9143,0.9022
2,accepted,code,183,0.945,0.9878
3,accepted,code,447,0.9257,0.8365
3,accepted,code,367,0.9195,1.053
3,accepted,code,555,0.9312,0.8082
15,accepted,code,555,0.8983,0.8491
2,accepted,code,215,0.9032,0.8019
9,accepted,code,215,0.8993,0.7774
8,accepted,code,571,0.903,0.8191
10,accepted,code,571,0.8931,0.8262
1,accepted,code,231,0.8916,0.7498
3,accepted,code,231,0.9008,0.7557
6,accepted,code,231,0.9255,0.9474
8,accepted,code,231,0.8668,0.8147
1,accepted,code,180,0.9224,0.9274
11,unreached,code,453,0.9471,0.9182
6,accepted,code,587,0.937,0.879
7,accepted,code,196,0.9017,0.7706
9,accepted,code,196,0.9215,0.8421
13,accepted,code,403,0.9358,0.8437
4,accepted,code,603,0.9193,0.9468
7,unreached,code,603,0.9655,0.9348
9,unreached,code,603,0.9436,0.8518
12,accepted,code,212,0.9006,0.8678
14,accepted,code,212,0.9208,0.8257
5,accepted,code,463,0.9293,0.8512
6,accepted,code,463,0.9051,0.92
5,accepted,code,424,0.9587,0.988
4,accepted,code,244,0.9407,0.8496
13,unreached,code,244,0.9376,0.8128
4,unreached,code,474,0.9356,0.8985
9,accepted,code,627,0.8611,0.8438
10,accepted,code,627,0.8853,0.9297
1,accepted,code,311,0.8921,0.8038
4,accepted,code,311,0.8632,0.8073
12,accepted,code,311,0.8942,0.827
6,accepted,code,250,0.8863,0.7882
1,accepted,code,475,0.8657,0.7915
7,rejected,code,456,0.9764,0.8725
11,unreached,code,456,0.8898,0.7959
2,accepted,code,643,0.9561,0.8558
4,accepted,code,643,0.9209,0.8325
7,rejected,code,643,0.8932,0.792
9,unreached,code,643,0.9341,0.8389
1,accepted,code,327,0.9241,0.8371
1,accepted,code,266,0.8784,0.7287
5,accepted,code,266,0.8852,0.735
9,accepted,code,266,0.8832,0.8255
12,accepted,code,266,0.9128,0.9541
14,accepted,code,266,0.8519,0.8521
15,accepted,code,266,0.9426,0.934
4,accepted,code,479,0.9203,1.056
6,rejected,code,479,0.8947,0.8612
14,unreached,code,479,0.9274,0.893
9,unreached,code,463,0.9693,0.9883
11,unreached,code,463,0.9774,0.9436
12,accepted,code,650,0.9363,0.9667
10,accepted,code,282,0.9272,0.8755
4,unreached,code,485,0.9333,0.8423
5,unreached,code,485,0.9033,0.9626
10,rejected,code,666,0.8777,0.7754
12,unreached,code,666,0.9514,0.9278
3,unreached,code,350,0.9919,0.9982
9,unreached,code,350,0.9516,0.8955
5,accepted,code,298,0.8706,0.8591
1,accepted,code,676,0.868,0.745
7,unreached,code,352,0.9296,0.897
13,unreached,code,352,0.9681,0.9756
2,accepted,code,314,0.8998,0.8499
3,unreached,code,490,0.9155,0.8601
13,unreached,code,490,0.9499,0.9144
14,unreached,code,490,0.948,0.911
7,unreached,code,490,0.9747,0.9517
6,accepted,code,354,0.8852,0.7757
9,accepted,code,330,0.9423,1.091
15,unreached,code,492,0.9372,0.8962
15,unreached,code,494,0.9402,0.8466
12,unreached,code,697,0.9112,0.8582
5,accepted,code,365,0.9056,0.8908
12,rejected,code,365,0.9443,1.057
10,unreached,code,346,0.9275,0.9079
11,unreached,code,346,0.9485,0.9835
6,accepted,code,494,0.8908,0.8743
7,accepted,code,494,0.8775,0.8154
13,unreached,code,494,0.9553,0.9099
12,accepted,code,506,0.9068,0.7774
15,unreached,code,506,0.9293,0.8865
10,unreached,code,505,0.9505,0.8748
6,accepted,code,392,0.9008,0.8605
3,unreached,code,358,0.894,0.8173
11,unreached,code,520,0.9582,0.8927
1,accepted,code,165,0.8763,0.7922
4,accepted,code,165,0.9005,0.8076
4,unreached,code,521,0.9304,0.7956
6,unreached,code,521,0.9767,0.8406
14,unreached,code,521,0.9642,0.8862
12,unreached,code,361,0.9498,0.924
15,unreached,code,361,0.9635,0.9433
3,accepted,code,173,0.8672,0.793
7,unreached,code,530,0.9218,0.8485
9,unreached,code,530,0.9121,0.7973
7,accepted,code,523,0.9439,0.8028
2,accepted,code,183,0.8869,0.8304
1,accepted,code,535,0.9174,0.9571
13,unreached,code,535,0.936,0.8547
7,unreached,code,365,0.9375,0.8722
12,unreached,code,365,0.9639,0.9533
1,accepted,code,195,0.8757,0.7872
8,accepted,code,540,0.9589,0.8374
10,accepted,code,540,0.9336,0.8617
4,unreached,code,542,0.9321,0.8081
4,accepted,code,449,0.9562,0.9319
5,accepted,code,449,0.9418,0.9884
1,accepted,code,379,0.9445,0.8529
2,accepted,code,211,0.9511,0.9722
1,accepted,code,557,0.8971,0.7619
10,unreached,code,556,0.9774,0.8298
2,accepted,code,573,0.9603,0.8493
6,accepted,code,573,0.9531,0.8421
11,accepted,code,573,0.922,0.861
12,accepted,code,573,0.9158,0.8454
13,accepted,code,573,0.9501,0.9624
10,accepted,code,559,0.9572,1.04
3,accepted,code,393,0.9488,0.8485
9,unreached,code,393,0.9072,0.8002
8,accepted,code,222,0.9158,1.066
2,accepted,code,434,0.9545,0.9586
3,unreached,code,397,0.9147,0.8376
9,unreached,code,397,0.9059,0.8415
12,unreached,code,397,0.9271,0.7932
9,unreached,code,231,0.964,0.9134
6,accepted,code,450,0.9038,0.7596
4,rejected,code,466,0.8967,0.8367
5,unreached,code,466,0.9173,0.91
7,accepted,code,101,0.9776,0.9134
10,accepted,code,101,0.8654,0.8193
14,unreached,code,401,0.9075,0.8008
6,accepted,code,470,0.8849,0.7473
8,accepted,code,470,0.9326,0.8383
15,unreached,code,245,0.9343,0.7993
4,accepted,code,133,0.9027,0.9576
6,accepted,code,246,0.8842,0.7989
7,accepted,code,263,0.943,0.8411
11,accepted,code,263,0.9102,0.8337
1,accepted,code,502,0.8959,0.7543
7,accepted,code,502,0.8969,0.8229
1,accepted,code,149,0.9528,0.8523
6,accepted,code,149,0.9388,0.8613
2,accepted,code,165,0.9211,0.8612
15,accepted,code,165,0.9637,0.8994
4,unreached,code,414,0.9455,0.9319
2,accepted,code,291,0.905,0.8293
14,accepted,code,293,0.9124,0.8541
2,accepted,code,549,0.9021,0.7534
9,unreached,code,184,0.9274,0.8839
7,accepted,code,302,0.9246,0.8308
13,accepted,code,562,0.9137,0.7774
11,accepted,code,312,0.9128,0.9302
2,accepted,code,420,0.8721,0.7891
5,unreached,code,420,0.9193,0.8752
1,accepted,code,328,0.8722,0.8427
3,unreached,code,423,0.9071,0.8695
8,unreached,code,326,0.9781,0.8945
4,accepted,code,211,0.9087,0.9034
4,accepted,code,344,0.8766,0.8464
3,accepted,code,591,0.863,0.7106
5,accepted,code,354,0.9292,0.9264
13,unreached,code,354,0.8965,0.9147
13,unreached,code,433,0.9159,0.8323
10,unreached,code,238,0.9443,0.8826
1,accepted,code,438,0.913,0.9716
12,unreached,code,349,0.9146,0.7972
13,unreached,code,349,0.9362,0.8199
2,accepted,code,244,0.8703,0.8174
7,accepted,code,637,0.8845,0.9498
12,unreached,code,637,0.9536,0.8272
15,unreached,code,359,0.9595,0.8712
11,accepted,code,647,0.9377,0.8755
2,accepted,code,152,0.9399,0.9757
12,unreached,code,360,0.9839,0.951
15,unreached,code,360,0.967,0.8219
6,accepted,code,663,0.8939,0.7909
10,accepted,code,166,0.9135,0.8303
13,accepted,code,166,0.8845,0.7768
4,accepted,code,371,0.9519,0.8956
9,unreached,code,371,0.9,0.8165
11,unreached,code,371,0.8992,0.8489
4,accepted,code,675,0.9099,0.8378
7,accepted,code,182,0.9137,0.8191
3,accepted,code,464,0.9339,1.048
4,accepted,code,464,0.8992,0.9302
5,accepted,code,464,0.8914,0.8902
14,unreached,code,464,0.9363,0.8449
9,unreached,code,376,0.9282,0.8887
12,unreached,code,376,0.9448,0.8378
15,unreached,code,691,0.9627,0.8083
2,accepted,code,198,0.886,0.732
14,accepted,code,198,0.8831,0.7506
4,accepted,code,377,0.9127,0.8393
5,accepted,code,377,0.9086,0.7859
13,unreached,code,377,0.948,0.7872
11,unreached,code,705,0.9652,1.06
11,rejected,code,396,0.9079,0.8828
12,unreached,code,476,0.9402,0.9416
9,unreached,code,386,0.948,0.8465
7,accepted,code,710,0.8685,0.8112
1,accepted,code,407,0.8814,0.8005
15,unreached,code,407,0.9217,0.8377
15,accepted,code,230,0.896,0.8403
2,accepted,code,389,0.9426,0.8404
14,unreached,code,389,0.9855,0.882
6,accepted,code,726,0.9254,0.8462
1,rejected,code,483,0.8715,0.8142
2,unreached,code,400,0.9075,0.977
10,unreached,code,400,0.9784,0.9293
15,unreached,code,400,0.9056,0.9737
9,accepted,code,262,0.907,0.9474
8,accepted,code,401,0.9462,0.829
5,unreached,code,414,0.8971,0.8811
14,unreached,code,492,0.9082,0.9274
5,accepted,code,771,0.9162,0.7885
6,accepted,code,771,0.9349,0.8865
11,accepted,code,771,0.9232,0.9434
4,rejected,code,416,0.8683,0.8298
8,unreached,code,416,0.8869,0.8072
12,unreached,code,416,0.9332,0.853
7,accepted,code,501,0.9401,0.9483
6,accepted,code,787,0.9275,0.8522
11,unreached,code,420,0.9268,0.7949
6,unreached,code,292,0.9349,0.9637
3,unreached,code,509,0.9056,0.8763
5,unreached,code,509,0.9541,0.9443
14,unreached,code,509,0.9377,0.849
6,accepted,code,444,0.8805,0.7575
11,unreached,code,427,0.9386,0.8782
12,unreached,code,510,0.9443,0.9239
11,accepted,code,460,0.92,0.8136
1,accepted,code,429,0.88,0.8042
3,rejected,code,429,0.9253,0.8546
2,accepted,code,298,0.8883,0.8328
1,accepted,code,516,0.9122,0.941
4,accepted,code,516,0.8802,0.91
13,accepted,code,476,0.9265,0.8184
6,rejected,code,432,0.8877,0.8231
11,unreached,code,432,0.9742,0.9877
15,unreached,code,432,0.9034,0.9716
4,accepted,code,314,0.9661,0.8709
10,unreached,code,197,0.9356,0.7754
2,accepted,code,521,0.8846,0.9305
10,unreached,code,521,0.96,0.9209
12,unreached,code,521,0.9517,0.8496
10,accepted,code,492,0.9562,0.8586
7,accepted,code,524,0.9258,1.012
8,accepted,code,524,0.9053,0.9592
3,accepted,code,508,0.9043,0.7324
5,accepted,code,508,0.9293,0.8209
8,accepted,code,508,0.912,0.7687
12,accepted,code,454,0.8994,0.7586
2,rejected,code,334,0.9215,0.8833
4,accepted,code,200,0.901,0.9656
8,unreached,code,535,0.958,0.9669
5,accepted,code,470,0.8994,0.7891
7,unreached,code,336,0.9198,0.8189
12,unreached,code,336,0.9363,0.8604
9,accepted,code,212,0.9124,0.8573
5,accepted,code,540,0.9478,0.8797
1,accepted,code,545,0.9184,0.9621
11,unreached,code,545,0.924,1.021
5,unreached,code,346,0.9173,0.9112
6,unreached,code,235,0.9535,0.896
15,unreached,code,235,0.9151,0.8266
14,accepted,code,513,0.9283,0.8755
13,unreached,code,236,0.9207,0.8369
3,accepted,code,261,0.8838,0.8821
5,accepted,code,353,0.9095,0.9491
8,accepted,code,353,0.8963,0.9162
1,rejected,code,237,0.8621,0.7563
11,accepted,code,273,0.9075,0.7989
10,accepted,code,545,0.8918,0.7806
6,unreached,code,238,0.9885,0.9519
11,unreached,code,238,0.9452,0.7739
12,unreached,code,287,0.943,0.7886
8,accepted,code,137,0.9096,0.9342
4,accepted,code,293,0.8649,0.7717
8,unreached,code,389,0.9107,0.8242
9,unreached,code,389,0.8957,0.8167
6,unreached,code,245,0.9197,0.784
10,unreached,code,245,0.8756,0.7688
14,accepted,code,169,0.9542,0.8495
13,unreached,code,247,0.9383,0.8404
12,accepted,code,185,0.8825,0.7434
2,rejected,code,396,0.908,0.8157
8,unreached,code,396,0.9315,0.9488
15,unreached,code,396,0.9137,0.851
3,accepted,code,324,0.9191,0.811
7,accepted,code,324,0.8715,0.7336
11,unreached,code,260,0.9352,0.8455
4,accepted,code,333,0.8836,0.7267
5,accepted,code,333,0.8953,0.7831
5,accepted,code,405,0.9239,0.8884
15,unreached,code,405,0.9855,0.9059
10,accepted,code,262,0.9092,0.8582
7,accepted,code,233,0.9609,0.8249
4,accepted,code,276,0.9047,0.8224
14,unreached,code,249,0.9226,0.8697
2,accepted,code,241,0.9469,0.9855
6,accepted,code,241,0.9044,0.8798
6,unreached,code,251,0.9441,1.03
2,accepted,code,273,0.9404,0.9115
7,unreached,code,95,0.9446,0.7918
9,unreached,code,95,0.9224,0.7823
1,accepted,code,303,0.8467,0.7697
7,unreached,code,303,0.9418,0.9102
3,accepted,code,289,0.8915,0.8166
12,unreached,code,307,0.9216,0.7585
2,accepted,code,305,0.8806,0.7864
5,accepted,code,305,0.8687,0.8344
1,accepted,code,114,0.8685,0.8036
7,accepted,code,114,0.9125,0.8501
5,unreached,code,309,0.8989,0.8161
10,unreached,code,309,0.9323,0.9044
8,accepted,code,437,0.9533,0.8456
1,accepted,code,276,0.9006,0.8258
1,accepted,code,282,0.8587,0.7617
11,accepted,code,337,0.8974,0.7885
5,accepted,code,132,0.9164,0.8791
6,accepted,code,132,0.8731,0.9137
1,accepted,code,469,0.9105,0.9034
3,accepted,code,469,0.9027,0.9257
4,accepted,code,353,0.8959,0.8716
11,unreached,code,144,0.9248,0.8101
8,accepted,code,485,0.9429,0.8064
4,accepted,code,289,0.8852,0.8985
13,unreached,code,289,0.9642,0.8977
13,accepted,code,369,0.9541,0.8732
1,accepted,code,148,0.8544,0.8814
10,unreached,code,148,0.9509,1.055
2,accepted,code,324,0.88,0.8165
3,accepted,code,498,0.8625,0.9155
12,unreached,code,498,0.933,0.9012
2,accepted,code,296,0.911,0.8345
12,unreached,code,296,0.9401,0.7705
14,accepted,code,385,0.9588,0.8981
4,unreached,code,150,0.9477,0.8554
13,accepted,code,401,0.9131,0.8048
2,accepted,code,152,0.8897,0.9661
13,unreached,code,152,0.946,0.8567
3,accepted,code,417,0.8882,0.7409
5,accepted,code,417,0.8885,0.7485
11,accepted,code,354,0.9362,0.8126
15,accepted,code,354,0.984,0.9297
2,accepted,code,433,0.8811,0.8183
10,accepted,code,433,0.9283,0.86
15,accepted,code,116,0.9391,0.9647
13,accepted,code,370,0.9452,0.8359
11,unreached,code,449,0.9003,0.7988
1,accepted,code,402,0.9449,0.8917
1,accepted,code,461,0.8745,0.802
10,unreached,code,461,0.9372,0.8528
3,accepted,code,418,0.9569,0.8511
5,accepted,code,219,0.8573,0.7366
10,accepted,code,219,0.9564,1.005
5,accepted,code,147,0.9162,1.015
14,accepted,code,147,0.9475,1.085
1,accepted,code,232,0.8927,0.7887
9,accepted,code,232,0.9148,0.891
14,accepted,code,232,0.9072,0.809
13,accepted,code,163,0.9179,1.037
3,accepted,code,112,0.8789,0.8056
15,unreached,code,112,0.9203,0.8505
10,unreached,code,450,0.9514,0.8016
3,accepted,code,467,0.9171,0.9462
5,accepted,code,467,0.9246,0.9707
2,unreached,code,120,0.9457,0.8442
4,unreached,code,120,0.9528,0.875
7,unreached,code,454,0.9653,0.9604
15,accepted,code,180,0.951,0.952
5,accepted,code,456,0.9082,0.851
7,accepted,code,456,0.9539,0.9289
9,accepted,code,456,0.9655,0.8234
12,accepted,code,492,0.945,0.835
4,unreached,code,130,0.9576,0.8119
9,unreached,code,130,0.9382,0.8486
15,unreached,code,130,0.9433,0.8841
13,accepted,code,508,0.9285,0.8778
10,accepted,code,273,0.9319,0.8921
3,accepted,code,201,0.8768,0.7874
14,unreached,code,201,0.9118,0.8116
4,accepted,code,133,0.9118,0.8076
7,rejected,code,133,0.9565,1.071
5,rejected,code,475,0.9237,0.8445
7,unreached,code,475,0.9315,0.8275
15,unreached,code,475,0.943,0.895
1,accepted,code,289,0.8831,0.8328
3,accepted,code,289,0.8869,0.7723
10,accepted,code,289,0.8987,0.8127
3,accepted,code,205,0.9285,0.9941
5,accepted,code,205,0.94,0.9496
13,unreached,code,480,0.9478,0.8556
3,accepted,code,540,0.9339,0.8474
8,accepted,code,305,0.9295,1.015
1,accepted,code,216,0.8829,0.8084
2,accepted,code,216,0.9345,1.051
6,accepted,code,216,0.9088,0.9765
14,accepted,code,216,0.9289,0.9818
2,accepted,code,144,0.9034,0.8662
13,unreached,code,144,0.9802,1.036
2,rejected,code,483,0.9082,0.8436
5,unreached,code,483,0.9676,0.8449
10,unreached,code,483,0.9842,1.017
1,accepted,code,545,0.8378,0.7443
14,unreached,code,545,0.9413,0.859
1,accepted,code,232,0.9165,0.8616
14,unreached,code,147,1.012,1.205
14,unreached,code,485,0.974,1.055
14,unreached,code,552,0.951,0.9657
15,unreached,code,552,0.9434,0.9324
14,accepted,code,248,0.9282,0.916
5,unreached,code,497,0.931,0.9032
5,unreached,code,558,0.9683,0.9752
8,accepted,code,347,0.9246,0.9926
2,accepted,code,264,0.9383,0.8652
11,unreached,code,499,0.9847,0.8872
14,unreached,code,499,0.9952,0.8958
10,unreached,code,561,0.9081,0.8795
1,accepted,code,358,0.8778,0.7896
12,accepted,code,358,0.9304,0.9844
13,unreached,code,179,0.9693,0.945
15,unreached,code,179,0.945,0.9162
2,accepted,code,563,0.9796,1.037
15,unreached,code,563,0.9199,0.923
3,accepted,code,374,0.8842,0.8052
10,unreached,code,182,0.9902,0.9113
3,accepted,code,390,0.8594,0.7196
7,accepted,code,390,0.929,0.9609
8,accepted,code,390,0.9255,0.8832
9,accepted,code,191,0.9464,0.9665
2,accepted,code,533,0.9596,0.8645
11,accepted,code,533,0.9534,0.8338
3,accepted,code,401,0.877,0.8306
5,accepted,code,401,0.8782,0.7388
13,unreached,code,207,0.9327,1.114
15,unreached,code,101,0.9524,0.8406
7,accepted,code,587,0.9324,0.9184
15,rejected,code,587,0.9797,0.9414
15,unreached,code,109,0.9486,0.9036
4,accepted,code,558,0.8948,0.8178
8,unreached,code,602,0.9738,0.8141
14,unreached,code,602,0.9781,0.8307
3,accepted,code,429,0.8776,0.7949
3,accepted,code,213,0.9217,0.9361
4,accepted,code,213,0.9256,0.9067
12,accepted,code,213,0.951,0.9782
14,unreached,code,111,0.9228,0.7841
6,accepted,code,564,0.9259,0.8703
2,accepted,code,118,0.8786,0.8293
6,unreached,code,118,0.9209,0.8294
14,unreached,code,118,0.9544,0.8732
14,unreached,code,229,0.9024,1.004
3,accepted,code,69,0.8835,0.9077
1,accepted,code,457,0.8898,0.7806
3,accepted,code,148,0.8907,0.9622
2,accepted,code,471,0.8883,0.7972
6,accepted,code,471,0.8746,0.7482
12,unreached,code,130,0.9464,0.9997
7,accepted,code,164,0.9223,0.8247
7,unreached,code,135,0.9849,1.101
2,accepted,code,81,0.8979,0.7777
9,unreached,code,81,0.9506,0.872
15,unreached,code,81,0.9197,0.7602
11,accepted,code,174,0.9284,0.9962
4,accepted,code,144,0.9258,0.9325
9,unreached,code,97,0.9509,0.8946
12,unreached,code,97,0.9426,0.8202
5,unreached,code,197,0.9412,0.937
13,unreached,code,154,0.9668,0.8974
3,accepted,code,103,0.9535,0.8577
5,accepted,code,103,0.9447,0.8906
6,accepted,code,103,0.9068,0.8325
15,unreached,code,82,0.9322,0.8157
14,accepted,code,327,0.8906,0.954
11,unreached,code,113,0.9418,0.776
8,unreached,code,92,0.9179,0.8283
9,unreached,code,92,0.8947,0.786
14,unreached,code,92,0.9225,0.8027
1,accepted,code,216,0.8647,0.8162
12,unreached,code,216,0.9765,0.9822
4,accepted,code,94,0.8592,0.738
13,unreached,code,94,0.9058,0.8454
8,unreached,code,182,0.9394,0.8813
5,unreached,code,218,0.9696,0.9439
12,unreached,code,105,0.9445,0.8957
13,unreached,code,128,0.9583,0.8794
12,accepted,code,220,0.877,0.8694
1,accepted,code,108,0.8581,0.7326
5,accepted,code,108,0.8456,0.804
9,unreached,code,197,0.9029,0.7673
10,unreached,code,115,0.9338,0.7722
13,unreached,code,199,0.9509,0.8945
7,accepted,code,152,0.9575,0.8549
8,unreached,code,126,0.9428,0.8348
12,unreached,code,126,0.9329,0.7874
12,unreached,code,93,0.9382,0.8264
4,accepted,code,205,0.9051,0.9394
5,rejected,code,205,0.9918,0.949
8,unreached,code,205,0.9729,0.9422
4,accepted,code,210,0.8573,0.9565
11,accepted,code,210,0.9748,0.9311
13,accepted,code,210,0.9257,0.9097
5,accepted,code,196,0.857,0.8899
13,accepted,code,299,0.8789,0.7809
2,unreached,code,99,0.8991,0.8124
14,unreached,code,202,0.9333,0.8344
11,unreached,code,146,0.9569,0.8323
9,unreached,code,227,0.9073,0.8251
14,accepted,code,331,0.9262,0.8656
9,accepted,code,153,0.9171,0.961
8,unreached,code,229,0.9271,0.8479
11,accepted,code,347,0.9811,0.93
9,accepted,code,169,0.8602,0.7697
10,accepted,code,106,0.9672,0.8757
3,accepted,code,122,0.9089,0.8022
10,unreached,code,122,0.9014,0.8646
2,accepted,code,194,0.9063,0.7684
7,accepted,code,244,0.971,0.9319
9,unreached,code,208,0.9917,0.9756
9,accepted,code,142,0.9405,0.9378
4,accepted,code,336,0.9103,0.9201
10,rejected,code,336,0.8734,0.8527
8,accepted,code,250,0.8767,0.848
11,accepted,code,250,0.9325,0.9708
15,unreached,code,213,0.9252,0.8289
10,unreached,code,158,0.9282,0.9055
2,unreached,code,254,0.9,0.7965
4,unreached,code,254,0.9231,0.8845
13,unreached,code,264,0.9355,0.775
15,unreached,code,225,0.9945,1.088
2,rejected,code,164,0.9153,0.8437
7,accepted,code,354,0.9317,0.9275
2,rejected,code,255,0.8905,0.8045
9,accepted,code,271,0.9431,0.9524
3,rejected,code,230,0.8564,0.8085
5,unreached,code,230,0.9163,0.815
2,accepted,code,166,0.8847,0.7769
14,unreached,code,257,0.9483,1.021
11,accepted,code,282,0.9467,0.8722
13,unreached,code,258,0.9407,1.007
12,accepted,code,297,0.9392,0.9817
11,accepted,code,176,0.8901,0.9101
7,unreached,code,375,0.9571,0.9912
8,accepted,code,266,0.9066,0.9193
14,unreached,code,238,0.9394,0.7861
6,unreached,code,191,0.9366,0.9484
5,accepted,code,282,0.898,0.9062
8,unreached,code,196,0.9485,0.9035
12,unreached,code,196,0.9625,0.8898
9,accepted,code,380,0.9159,0.8522
1,accepted,code,298,0.8942,0.9101
5,accepted,code,298,0.8975,0.7577
8,accepted,code,313,0.8982,0.924
11,accepted,code,313,0.9324,0.892
9,unreached,code,322,0.9478,1
3,accepted,code,202,0.9376,0.9804
7,accepted,code,202,0.9391,1.101
12,rejected,code,202,0.8946,0.8365
15,unreached,code,402,0.9355,0.8515
6,accepted,code,325,0.9203,0.9201
11,accepted,code,325,0.912,0.8797
13,accepted,code,325,0.8772,0.7826
9,unreached,code,406,0.9058,0.8629
10,unreached,code,406,0.9046,0.8147
12,unreached,code,341,0.9709,0.9729
1,accepted,code,262,0.8444,0.7504
3,unreached,code,262,0.906,0.8132
6,unreached,code,262,0.9561,0.9219
8,accepted,code,228,0.8915,0.8539
15,accepted,code,228,0.9578,0.9126
6,unreached,code,409,0.924,0.8758
11,unreached,code,409,0.9607,0.8237
10,unreached,code,351,0.9429,0.9059
9,accepted,code,350,0.9653,0.9319
10,accepted,code,350,0.9432,0.8583
13,unreached,code,244,0.9497,0.8061
1,accepted,code,410,0.8956,0.8517
3,accepted,code,410,0.9092,0.9191
6,accepted,code,410,0.8745,0.8613
13,accepted,code,410,0.9207,0.9786
4,unreached,code,266,0.9122,0.8562
2,accepted,code,426,0.8907,0.7916
7,accepted,code,426,0.9488,0.8821
7,unreached,code,267,0.9277,0.8527
14,rejected,code,272,0.916,0.8546
2,accepted,code,374,0.8869,0.9334
3,unreached,code,286,0.92,0.7859
6,unreached,code,286,0.8669,0.8156
12,unreached,code,286,0.9683,1.094
2,accepted,code,448,0.877,0.8056
3,accepted,code,86,0.9037,0.9448
10,accepted,code,390,0.9469,0.9659
2,accepted,code,457,0.9002,0.9328
13,accepted,code,457,0.9326,0.9255
13,unreached,code,406,0.9085,1.122
6,accepted,code,473,0.9191,0.8377
7,accepted,code,473,0.901,0.8528
11,rejected,code,417,0.9095,0.9122
7,accepted,code,314,0.9053,0.7679
11,accepted,code,314,0.9359,0.8572
1,accepted,code,124,0.9165,0.8977
2,unreached,code,428,0.8725,0.8261
14,unreached,code,428,0.9562,0.9469
9,accepted,code,505,0.9402,0.9065
1,accepted,code,429,0.8592,0.7805
7,unreached,code,429,0.9609,1.024
4,unreached,code,338,0.9396,0.9392
7,unreached,code,338,0.9044,0.8641
9,unreached,code,338,0.9424,0.9207
12,unreached,code,111,0.9311,0.8418
8,accepted,code,434,0.9189,0.9446
8,unreached,code,340,0.933,0.8357
9,unreached,code,340,0.9091,0.7437
9,accepted,code,445,0.9032,0.9354
10,accepted,code,445,0.8891,0.9452
1,accepted,code,341,0.8811,0.8546
14,unreached,code,341,0.924,0.8446
7,accepted,code,553,0.9363,0.8698
2,accepted,code,114,0.9632,0.9504
5,rejected,code,151,0.8718,0.8432
7,accepted,code,562,0.8864,0.8936
3,unreached,code,353,0.9224,0.9448
2,accepted,code,77,0.9386,1.004
7,unreached,code,354,0.9457,1.03
9,unreached,code,162,0.9357,0.8699
12,unreached,code,82,0.9468,0.7869
4,accepted,code,356,0.8918,0.8313
8,unreached,code,149,0.9068,0.8542
10,unreached,code,149,0.9165,0.8339
11,unreached,code,363,0.9119,0.7508
1,accepted,code,626,0.9415,0.7996
7,accepted,code,626,0.9589,0.884
14,unreached,code,173,0.9592,0.8931
13,unreached,code,101,0.9646,0.8834
10,unreached,code,365,0.996,1.136
11,accepted,code,640,0.963,0.8586
10,unreached,code,158,0.9435,0.9062
6,unreached,code,367,0.9317,0.8741
5,accepted,code,656,0.8789,0.8699
2,accepted,code,182,0.8925,0.8395
8,accepted,code,672,0.9384,0.9157
3,unreached,code,160,0.9142,0.8281
7,accepted,code,688,0.9083,0.9141
3,unreached,code,162,0.9238,0.8499
5,unreached,code,162,0.9423,0.9521
14,unreached,code,122,0.9478,0.8574
7,unreached,code,164,0.8691,0.8337
15,unreached,code,164,0.9121,0.9874
7,unreached,code,133,0.9529,0.8795
5,unreached,code,378,0.9285,1.008
8,unreached,code,165,0.9088,0.8419
13,unreached,code,192,0.9534,0.8531
11,unreached,code,135,0.9436,0.8759
3,rejected,code,194,0.8867,0.7847
7,unreached,code,194,0.9632,0.8862
13,unreached,code,136,0.9581,0.898
14,unreached,code,136,0.9643,0.9824
2,accepted,code,179,0.8631,0.8725
6,unreached,code,179,0.9122,0.8193
7,unreached,code,179,0.9547,1.022
13,unreached,code,179,0.8961,0.8676
14,unreached,code,197,0.9426,0.8723
9,unreached,code,138,0.9198,0.8552
3,rejected,code,386,0.8728,0.788
5,unreached,code,199,0.9461,0.8498
11,unreached,code,199,0.9081,0.8383
12,unreached,code,199,0.9512,0.9173
1,accepted,code,83,0.8723,0.8093
14,unreached,code,83,0.8876,0.8342
5,unreached,code,389,0.9296,0.8266
15,unreached,code,389,0.9638,0.9122
13,unreached,code,189,0.9494,0.9187
1,accepted,code,201,0.8578,0.7732
5,accepted,code,96,0.9377,0.929
3,accepted,code,195,0.8776,0.8084
5,unreached,code,195,0.9245,0.8334
15,unreached,code,106,0.9494,0.8563
14,unreached,code,393,0.988,1.059
3,accepted,code,199,0.9139,0.957
5,unreached,code,199,0.9296,0.8765
13,unreached,code,199,0.9055,0.7813
10,unreached,code,169,0.9226,0.8377
3,accepted,code,110,0.8854,0.798
7,unreached,code,395,0.9266,0.8672
3,accepted,code,203,0.9536,0.9985
4,accepted,code,203,0.9646,0.9368
11,unreached,code,203,0.9738,0.9711
3,unreached,code,209,0.902,0.8283
4,accepted,code,174,0.8684,0.8474
8,accepted,code,174,0.947,0.9316
3,unreached,code,116,0.9488,0.8626
9,accepted,code,186,0.9258,0.8321
15,unreached,code,118,0.9551,0.8206
2,accepted,code,402,0.8786,0.875
9,accepted,code,214,0.9431,0.946
6,unreached,code,211,0.9604,0.9476
10,rejected,code,202,0.9499,0.9594
13,unreached,code,202,0.9507,0.8417
14,unreached,code,202,0.9501,0.9308
13,unreached,code,225,0.946,0.8099
15,unreached,code,416,0.9499,0.8264
10,unreached,code,232,0.9641,0.9946
10,unreached,code,220,0.9377,0.8148
12,unreached,code,127,0.9327,0.7831
8,accepted,code,422,0.9638,0.8718
9,accepted,code,422,0.9799,0.9165
15,accepted,code,422,0.9342,0.79
14,unreached,code,241,0.9297,0.8604
5,unreached,code,228,0.9608,0.8636
13,unreached,code,130,0.9329,0.7565
10,unreached,code,231,0.9428,0.96
12,accepted,code,443,0.9308,0.8461
1,accepted,code,228,0.8821,0.8657
7,accepted,code,228,0.946,0.9434
14,unreached,code,228,0.929,0.8738
3,accepted,code,136,0.9193,0.813
15,unreached,code,136,0.926,0.847
8,unreached,code,240,0.9484,0.8342
12,unreached,code,240,0.9412,0.8129
2,accepted,code,236,0.9105,0.9167
9,accepted,code,146,0.9424,0.9928
6,accepted,code,272,0.8471,0.767
10,accepted,code,242,0.9853,0.7849
14,accepted,code,242,0.9145,0.9168
13,accepted,code,288,0.892,0.8847
2,accepted,code,258,0.8849,0.8362
2,accepted,code,261,0.8822,0.8028
5,accepted,code,261,0.9381,0.8531
13,rejected,code,261,0.9331,0.9625
4,accepted,code,165,0.8643,0.7979
6,unreached,code,169,0.9364,0.7465
1,accepted,code,274,0.8568,0.8265
5,accepted,code,181,0.9375,0.8633
15,accepted,code,181,0.9785,0.8647
10,unreached,code,276,0.9488,0.8653
4,accepted,code,287,0.9221,0.9926
5,unreached,code,280,0.8938,0.7605
6,accepted,code,295,0.9613,0.8783
6,unreached,code,107,0.9106,0.8753
8,unreached,code,107,0.919,0.8071
5,unreached,code,290,0.9261,0.8967
6,unreached,code,290,0.9,0.8495
15,unreached,code,290,0.9353,0.8727
6,accepted,code,239,0.8776,0.8032
6,accepted,code,193,0.9515,0.8435
1,accepted,code,109,0.8528,0.7844
4,accepted,code,292,0.9218,0.8924
3,accepted,code,201,0.874,0.7922
10,unreached,code,341,0.9545,0.9665
13,unreached,code,341,0.9774,0.8277
15,unreached,code,341,0.9502,0.8174
4,unreached,code,114,0.9226,0.866
14,accepted,code,347,0.8522,0.822
5,rejected,code,211,0.9429,0.9445
9,unreached,code,116,0.9543,0.8323
10,unreached,code,116,0.918,0.8737
6,unreached,code,321,0.9159,0.9052
13,accepted,code,363,0.9523,0.8521
3,accepted,code,289,0.9124,0.8273
7,unreached,code,216,0.9394,0.9621
3,accepted,code,323,0.8992,0.9685
4,accepted,code,379,0.9034,0.8828
12,unreached,code,119,0.9103,0.8195
15,accepted,code,327,0.9689,0.9119
3,accepted,code,237,0.9367,0.8745
6,accepted,code,319,0.8952,0.8201
8,accepted,code,319,0.9635,0.8912
8,unreached,code,122,0.8915,0.8277
2,rejected,code,356,0.8916,0.8342
14,unreached,code,335,0.9508,0.8935
5,rejected,code,267,0.9458,0.8848
8,unreached,code,267,0.9321,0.9347
2,unreached,code,127,0.8698,0.9883
4,unreached,code,127,0.8886,0.7867
12,unreached,code,127,0.9219,0.8133
4,accepted,code,173,0.8896,0.8341
14,unreached,code,173,0.9494,0.8576
2,accepted,code,186,0.9126,0.8457
7,accepted,code,390,0.8999,0.8738
12,accepted,code,390,0.9226,0.8426
15,unreached,code,300,0.9561,0.9601
10,unreached,code,133,0.9042,0.8715
2,accepted,code,406,0.9281,0.8497
3,accepted,code,406,0.9258,0.8497
7,accepted,code,406,0.919,0.8329
5,accepted,code,137,0.8703,1.06
14,unreached,code,149,0.8989,0.7361
6,unreached,code,211,0.9341,0.8913
4,accepted,code,417,0.8602,0.7885
7,unreached,code,417,0.9553,0.7825
10,unreached,code,417,0.9468,0.7663
5,unreached,code,155,0.9743,0.8617
2,unreached,code,135,0.8812,0.7805
3,accepted,code,422,0.8808,0.7497
6,accepted,code,311,0.9263,0.7859
14,unreached,code,311,0.9364,0.8228
2,unreached,code,136,0.8655,0.7887
9,accepted,code,426,0.9518,0.8441
11,accepted,code,246,0.9316,0.9805
13,accepted,code,246,0.9199,0.9628
14,accepted,code,246,0.8797,0.8318
6,unreached,code,137,0.9283,0.8259
9,accepted,code,441,0.9301,0.87
10,unreached,code,164,0.9134,0.8815
11,unreached,code,164,0.8627,0.9089
12,unreached,code,141,0.9221,0.7724
14,unreached,code,141,0.9159,0.746
4,accepted,code,341,0.8879,0.7601
8,unreached,code,169,0.9634,0.9909
13,unreached,code,169,0.9376,0.7889
7,unreached,code,273,0.9718,0.9074
15,unreached,code,273,0.969,0.8474
12,unreached,code,175,0.9538,0.8211
14,accepted,code,373,0.953,0.8908
14,unreached,code,181,0.937,0.7944
10,accepted,code,86,0.9474,0.9274
4,accepted,code,389,0.9244,0.8002
4,accepted,code,186,0.9024,0.8032
11,accepted,code,186,0.8977,0.8898
11,unreached,code,153,0.9019,0.7426
5,unreached,code,102,0.8907,0.804
13,unreached,code,102,0.9191,0.8477
2,accepted,code,202,0.8716,0.9349
2,unreached,code,156,0.9269,0.8383
9,unreached,code,156,0.9118,0.8363
11,unreached,code,156,0.9406,0.799
5,accepted,code,324,0.8745,0.949
5,accepted,code,434,0.8514,0.7775
7,accepted,code,434,0.9361,0.8901
3,accepted,code,340,0.9413,0.8527
11,unreached,code,161,0.9233,0.7582
13,accepted,code,450,0.883,0.7914
15,unreached,code,243,0.9952,1.14
8,unreached,code,165,0.9367,0.8588
15,unreached,code,246,0.9869,1.144
14,accepted,code,372,0.9642,0.8629
4,accepted,code,128,0.9832,1.002
7,unreached,code,248,0.9594,0.89
12,accepted,code,388,0.9462,0.8691
13,accepted,code,388,0.9423,0.8757
14,accepted,code,388,0.9441,0.8769
9,unreached,code,172,0.9167,0.7904
10,unreached,code,172,0.9127,0.7711
15,unreached,code,144,0.9273,0.8832
2,accepted,code,250,0.855,0.8154
5,accepted,code,250,0.9107,0.8088
7,rejected,code,250,0.9624,0.9376
15,unreached,code,250,0.9702,0.9026
15,accepted,code,404,0.9263,0.9872
1,accepted,code,157,0.9282,0.9835
5,accepted,code,514,0.9559,0.865
15,accepted,code,514,0.8726,0.797
3,accepted,code,257,0.9393,0.9207
4,accepted,code,257,0.9165,0.9039
12,unreached,code,257,0.9108,0.8291
2,accepted,code,178,0.9166,0.8413
12,accepted,code,173,0.9441,0.9988
2,accepted,code,530,0.8968,0.7762
13,accepted,code,530,0.9545,0.866
15,accepted,code,530,0.9572,0.8442
5,accepted,code,189,0.91,0.888
1,rejected,code,72,0.9119,0.8252
2,unreached,code,72,0.9526,0.93
13,unreached,code,72,0.9377,0.7945
3,accepted,code,205,0.9191,0.886
12,unreached,code,269,0.9666,1.002
6,unreached,code,221,0.9685,0.8486
7,unreached,code,221,0.9445,0.9074
3,accepted,code,75,0.9082,0.8042
9,unreached,code,189,0.9537,0.9023
4,accepted,code,225,0.9229,0.8424
7,unreached,code,275,0.9514,1.038
10,unreached,code,89,0.8961,0.7493
4,unreached,code,73,0.8887,0.7785
13,unreached,code,73,0.9417,0.8104
12,unreached,code,195,0.9279,0.9263
9,unreached,code,76,0.9303,0.7916
10,unreached,code,76,0.9329,0.7849
14,unreached,code,76,0.9218,0.7925
11,accepted,code,279,0.9478,0.9553
7,unreached,code,107,0.8776,0.8767
3,unreached,code,79,0.9362,0.9382
11,unreached,code,295,0.9259,0.8382
5,accepted,code,112,0.8724,0.7427
9,unreached,code,80,0.9203,0.8303
7,rejected,code,219,0.8788,0.8924
12,unreached,code,219,0.9377,0.882
14,unreached,code,270,0.8495,0.8965
3,accepted,code,226,0.9349,0.9706
1,accepted,code,281,0.9266,0.9144
3,unreached,code,120,0.8706,0.7242
7,unreached,code,120,0.9276,0.9431
15,unreached,code,120,0.9139,0.7338
2,accepted,code,85,0.8744,0.7715
8,unreached,code,317,0.9527,0.8526
11,unreached,code,236,0.9475,1.099
15,unreached,code,236,0.9799,0.9315
3,rejected,code,93,0.9006,0.8115
8,unreached,code,93,0.9343,0.8165
14,unreached,code,93,0.9619,0.9347
13,unreached,code,242,0.9437,0.9031
13,unreached,code,96,0.9046,0.7486
2,accepted,code,300,0.9325,0.8912
4,accepted,code,129,0.8789,0.7691
7,rejected,code,129,0.9116,0.8081
10,unreached,code,129,0.9206,0.756
12,unreached,code,103,0.9532,0.8292
8,unreached,code,342,0.9704,0.8615
12,accepted,code,316,0.9008,0.8584
1,rejected,code,136,0.8629,0.7957
8,accepted,code,104,0.9564,0.8612
9,accepted,code,278,0.8941,0.9088
9,unreached,code,137,0.9039,0.715
14,unreached,code,114,0.881,0.9244
12,accepted,code,348,0.9246,0.8783
4,unreached,code,141,0.9019,0.8407
3,unreached,code,125,0.895,0.9456
1,accepted,code,364,0.9133,0.881
4,accepted,code,364,0.8865,0.8139
5,unreached,code,377,0.9116,0.8137
10,unreached,code,377,0.9091,0.7605
1,accepted,code,379,0.8686,0.7963
13,unreached,code,379,0.9291,0.7787
2,accepted,code,111,0.8876,0.8582
4,accepted,code,111,0.9188,0.9142
6,accepted,code,125,0.9675,0.8619
10,unreached,code,392,0.9283,0.7957
10,unreached,code,356,0.9232,0.8057
13,rejected,code,172,0.9813,0.7987
12,unreached,code,133,0.9722,0.9271
3,rejected,code,397,0.9305,0.96
1,accepted,code,155,0.8603,0.8563
6,rejected,code,155,0.8828,0.798
9,unreached,code,155,0.9345,0.8277
11,unreached,code,155,0.9294,0.7976
4,accepted,code,196,0.9222,0.8047
11,unreached,code,154,0.9455,0.816
8,unreached,code,359,0.979,1.072
2,unreached,code,168,0.8609,0.797
4,unreached,code,168,0.9513,0.8566
4,accepted,code,205,0.9421,0.8132
8,unreached,code,155,0.9449,0.9999
9,unreached,code,155,0.9294,0.8339
10,unreached,code,155,0.9309,0.8178
13,unreached,code,155,0.9085,0.8434
8,unreached,code,407,0.9217,0.8148
10,unreached,code,360,0.927,0.8259
14,unreached,code,169,0.9051,0.7232
2,rejected,code,156,0.8591,0.8673
15,unreached,code,362,0.8983,0.9133
8,unreached,code,411,0.9036,0.8373
11,unreached,code,411,0.9278,0.8748
3,accepted,code,175,0.8848,0.818
11,accepted,code,380,0.8906,0.8942
10,unreached,code,182,0.8867,0.8025
11,accepted,code,163,0.9527,0.9438
3,accepted,code,415,0.8626,0.9713
1,accepted,code,396,0.8817,0.8571
1,accepted,code,184,0.9043,0.8469
9,unreached,code,184,0.8926,0.7657
13,unreached,code,421,0.9389,0.8287
13,accepted,code,412,0.8685,0.8302
11,unreached,code,255,0.9691,1.04
12,unreached,code,255,0.9713,0.9762
2,accepted,code,191,0.9228,0.8767
3,accepted,code,191,0.9346,0.912
9,accepted,code,428,0.8967,0.8364
13,unreached,code,195,0.9144,0.7954
5,unreached,code,256,0.9164,0.8364
1,accepted,code,200,0.844,0.8892
5,accepted,code,200,0.9235,0.9313
7,accepted,code,200,0.9288,0.9
10,unreached,code,426,0.9326,0.8741
11,accepted,code,444,0.8819,0.8627
7,unreached,code,206,0.9246,0.8
11,unreached,code,259,0.9624,0.8464
4,unreached,code,211,0.8775,0.784
2,accepted,code,222,0.925,1.059
6,unreached,code,222,0.9672,0.9001
15,unreached,code,222,0.9713,0.8479
3,accepted,code,213,0.856,0.7639
4,accepted,code,227,0.9236,0.9677
9,unreached,code,159,0.9236,0.7562
4,unreached,code,437,0.9332,0.8894
14,unreached,code,297,0.9566,0.8434
1,accepted,code,243,0.8666,0.915
3,accepted,code,243,0.9266,0.9659
10,accepted,code,243,0.9437,0.8548
9,unreached,code,160,0.9257,0.7704
8,unreached,code,439,0.9224,0.7641
9,unreached,code,439,0.9058,0.7276
9,unreached,code,221,0.8641,0.8047
8,unreached,code,306,0.9229,0.8202
13,unreached,code,171,0.9127,0.7751
12,unreached,code,311,0.893,0.7084
13,unreached,code,173,0.9088,0.8992
11,accepted,code,82,0.9203,0.9881
7,unreached,code,318,0.9389,0.7983
14,unreached,code,178,0.9283,0.822
15,unreached,code,178,0.9104,0.8885
1,accepted,code,450,0.9167,1.043
1,accepted,code,240,0.8969,0.8187
7,unreached,code,321,0.921,0.8067
11,unreached,code,185,0.8881,0.8127
1,accepted,code,106,0.871,0.7886
7,unreached,code,193,0.9072,0.8275
1,accepted,code,272,0.9707,0.8981
1,accepted,code,325,0.8732,0.7743
7,accepted,code,325,0.9243,0.9715
10,unreached,code,333,0.9318,0.9244
8,unreached,code,122,0.9526,1.111
12,unreached,code,461,0.9275,0.7918
3,accepted,code,304,0.8568,0.8892
7,rejected,code,304,0.8873,0.7772
5,unreached,code,334,0.8988,0.8329
11,unreached,code,334,0.9208,0.7727
1,accepted,code,210,0.8722,0.7893
1,rejected,code,125,0.8613,0.8174
1,accepted,code,466,0.9009,0.8254
2,rejected,code,466,0.9494,1.03
7,unreached,code,466,0.9498,0.854
5,unreached,code,311,0.8961,0.827
13,unreached,code,311,0.9383,1.012
13,unreached,code,335,0.9428,0.8682
15,unreached,code,335,0.9482,0.894
3,accepted,code,213,0.9233,0.8353
13,unreached,code,213,0.9716,0.97
5,unreached,code,468,0.957,0.8477
15,unreached,code,337,0.9309,0.8492
4,unreached,code,219,0.895,0.7888
6,unreached,code,219,0.8982,0.8834
2,accepted,code,470,0.8674,0.8213
5,unreached,code,319,0.9408,0.8495
14,unreached,code,319,0.9869,1.063
3,rejected,code,220,0.8883,0.7735
4,unreached,code,220,0.9232,0.8591
9,unreached,code,220,0.9226,0.8355
11,unreached,code,220,0.9599,0.9553
7,unreached,code,480,1.007,0.9669
11,unreached,code,346,0.938,0.7518
14,unreached,code,346,0.9522,0.7878
13,unreached,code,223,0.9413,0.8098
3,rejected,code,137,0.887,0.9115
14,unreached,code,137,0.9408,0.9166
12,unreached,code,483,0.971,0.8849
5,accepted,code,326,0.9676,0.8758
14,accepted,code,326,0.8656,0.8938
2,accepted,code,350,0.9019,0.8072
5,accepted,code,232,0.9476,0.8327
3,rejected,code,140,0.8649,0.8513
12,unreached,code,140,0.9648,0.8959
15,unreached,code,140,0.9499,0.9364
4,accepted,code,342,0.9238,0.8401
9,accepted,code,342,0.8953,0.9016
12,rejected,code,362,0.9045,0.8452
1,rejected,code,358,0.865,0.873
11,unreached,code,358,0.929,0.8072
2,accepted,code,145,0.9087,1.096
6,accepted,code,145,0.8886,0.8509
13,unreached,code,77,0.9216,0.7362
14,unreached,code,359,0.951,0.8995
8,accepted,code,390,0.9305,0.7547
5,unreached,code,153,0.9462,1.039
3,accepted,code,78,0.8865,0.8201
1,accepted,code,362,0.846,0.7613
6,accepted,code,296,0.9378,0.8227
1,accepted,code,366,0.9142,0.8464
4,unreached,code,410,0.9692,0.9931
7,accepted,code,312,0.9645,0.8637
12,accepted,code,312,0.952,0.881
5,accepted,code,371,0.9114,0.8049
11,accepted,code,371,0.8686,0.7446
14,accepted,code,371,0.885,0.7767
4,accepted,code,412,0.9555,0.9052
11,accepted,code,412,0.9615,0.8319
15,accepted,code,412,0.9333,0.8072
15,unreached,code,170,0.9324,0.8602
7,unreached,code,428,0.9077,0.8161
12,unreached,code,428,0.9917,0.9188
2,accepted,code,344,0.9436,0.8448
3,accepted,code,403,0.8632,0.7737
7,unreached,code,127,0.9261,0.7855
10,unreached,code,414,0.962,1.084
5,unreached,code,438,0.9402,0.7523
8,unreached,code,177,0.9239,0.9365
12,unreached,code,131,0.8979,0.8219
15,unreached,code,392,0.901,0.7707
4,unreached,code,178,0.9243,1.011
5,unreached,code,178,0.908,0.8967
11,unreached,code,142,0.9379,0.8722
15,unreached,code,142,0.9705,0.8585
4,accepted,code,404,0.8803,0.7839
13,accepted,code,152,0.8926,0.8825
10,unreached,code,449,0.905,0.7614
2,accepted,code,414,0.8959,0.7928
2,accepted,code,168,0.9093,0.8368
7,accepted,code,168,0.9321,0.8313
2,rejected,code,428,0.8803,0.7661
8,unreached,code,428,0.9456,0.8199
4,unreached,code,421,0.955,0.8696
15,unreached,code,421,0.9415,0.9037
13,accepted,code,206,0.8629,0.8561
15,accepted,code,206,0.8515,0.8185
14,unreached,code,423,0.913,0.7728
4,accepted,code,200,0.9422,0.8571
6,accepted,code,61,0.9038,0.9724
14,unreached,code,229,0.9522,0.8088
3,accepted,code,77,0.9073,0.7872
15,unreached,code,77,0.9513,0.9724
1,accepted,code,448,0.9205,0.8922
8,unreached,code,431,0.9102,0.7456
11,unreached,code,431,0.9084,0.7493
5,accepted,code,232,0.92,0.7785
7,unreached,code,85,0.8846,0.8693
5,accepted,code,453,0.9275,1.003
8,accepted,code,453,0.96,0.9383
9,accepted,code,453,0.9707,0.8885
4,unreached,code,435,0.9067,0.7997
13,accepted,code,264,0.9634,0.8425
14,accepted,code,264,0.9454,0.8189
15,accepted,code,264,0.9702,0.8759
1,accepted,code,196,0.8726,0.8025
12,unreached,code,196,0.9226,0.8338
7,unreached,code,437,0.8558,0.8074
15,unreached,code,437,0.9441,0.8135
5,accepted,code,106,0.9458,0.8575
9,unreached,code,442,0.9304,0.7982
13,unreached,code,442,0.9682,0.9045
1,accepted,code,212,0.8406,0.7233
2,accepted,code,140,0.8817,0.8004
4,accepted,code,140,0.897,0.8233
7,unreached,code,443,0.9081,0.8238
12,unreached,code,443,0.9256,0.7788
13,unreached,code,443,0.9274,0.8404
1,rejected,code,119,0.8825,0.8202
1,accepted,code,145,0.8904,0.802
3,accepted,code,145,0.9533,0.8497
9,rejected,code,153,0.8848,0.8184
13,unreached,code,153,0.9289,0.8037
5,accepted,code,312,0.8466,0.8006
10,unreached,code,312,0.9515,0.81
4,unreached,code,122,0.9027,0.828
2,accepted,code,228,0.8592,0.8031
10,rejected,code,228,0.9312,0.9918
9,unreached,code,162,0.9378,0.8613
13,unreached,code,162,0.9344,0.7731
3,accepted,code,125,0.9298,0.8854
12,unreached,code,125,0.9505,0.9259
3,accepted,code,238,0.8802,0.7886
9,unreached,code,168,0.9454,0.9749
12,unreached,code,168,0.9194,0.7595
15,unreached,code,168,0.9356,0.8555
7,unreached,code,129,0.9495,0.8444
3,unreached,code,130,0.9659,0.9096
12,unreached,code,130,0.9657,1.133
2,accepted,code,173,0.9059,0.8165
12,unreached,code,336,0.9578,0.9143
6,rejected,code,257,0.915,0.8612
13,unreached,code,257,0.9034,0.769
3,accepted,code,178,0.9196,0.9021
6,rejected,code,263,0.9461,0.8353
12,unreached,code,263,0.9221,0.8081
11,unreached,code,193,0.9273,0.8195
1,accepted,code,470,0.8529,0.8488
7,accepted,code,470,0.9079,0.8922
10,accepted,code,470,0.871,0.8641
1,accepted,code,136,0.9194,0.8203
11,unreached,code,136,0.948,0.8825
14,unreached,code,136,0.953,0.8882
2,accepted,code,269,0.8964,0.8775
6,unreached,code,269,0.9089,0.8365
9,unreached,code,269,0.9255,0.8489
10,unreached,code,269,0.9382,0.8576
2,accepted,code,196,0.8803,0.7953
3,accepted,code,196,0.9475,0.8901
12,unreached,code,196,0.9271,0.8659
5,unreached,code,140,0.9351,1.098
8,unreached,code,272,0.9401,0.864
7,accepted,code,502,0.9016,0.8265
7,unreached,code,143,0.965,0.9333
6,unreached,code,275,0.875,0.9312
8,unreached,code,275,0.9632,0.8338
7,rejected,code,204,0.8654,0.8663
7,unreached,code,516,0.9556,0.8058
14,unreached,code,516,0.8976,0.8538
6,accepted,code,380,0.8675,0.8568
15,unreached,code,146,0.9811,0.922
14,unreached,code,211,0.9465,0.8459
5,unreached,code,519,0.9861,0.9623
6,unreached,code,519,0.9647,1.034
14,unreached,code,391,0.9333,0.8415
6,accepted,code,520,0.8678,0.7633
11,accepted,code,520,0.9423,0.8394
13,accepted,code,520,0.9039,0.9056
12,unreached,code,397,0.9199,0.9095
4,unreached,code,536,0.9381,0.9089
13,unreached,code,175,0.9678,0.9577
8,unreached,code,293,0.9286,0.8505
11,unreached,code,293,0.9413,0.8516
4,unreached,code,227,0.9255,0.8134
12,unreached,code,227,0.922,0.7811
14,accepted,code,538,0.8959,0.8531
6,accepted,code,401,0.9192,0.8571
7,accepted,code,401,0.908,0.9484
8,accepted,code,401,0.8713,0.8485
12,accepted,code,176,0.9298,0.9014
13,accepted,code,176,0.9432,0.8779
4,accepted,code,417,0.8928,0.8895
5,accepted,code,417,0.9169,0.9221
3,accepted,code,232,0.9163,0.8779
13,unreached,code,232,0.9338,0.9116
5,accepted,code,429,0.8709,0.748
8,accepted,code,207,0.9249,1.019
1,accepted,code,241,0.8406,0.7664
1,accepted,code,151,0.9158,0.9088
6,accepted,code,151,0.9167,1.066
9,accepted,code,443,0.9267,0.832
4,unreached,code,314,0.8787,0.8872
15,unreached,code,314,0.9499,0.7951
15,unreached,code,244,0.9318,0.9336
15,unreached,code,160,0.9208,0.8887
6,unreached,code,235,0.8926,0.9186
7,unreached,code,316,0.9704,0.8453
8,rejected,code,162,0.9072,0.8244
13,unreached,code,162,0.9246,0.7931
3,accepted,code,320,0.9234,0.9054
8,unreached,code,253,0.8921,0.8141
7,unreached,code,170,0.918,0.7848
9,unreached,code,244,0.9649,0.8805
15,unreached,code,244,0.9558,0.8474
1,accepted,code,336,0.9739,0.9163
12,accepted,code,255,0.9003,0.7897
11,unreached,code,245,0.918,0.753
4,unreached,code,67,0.9029,0.7844
7,unreached,code,67,0.9198,0.8225
15,unreached,code,358,0.9358,0.8003
7,rejected,code,69,0.8473,0.7778
10,unreached,code,214,0.9668,0.901
1,rejected,code,76,0.8716,0.7873
8,unreached,code,76,0.9381,0.8175
9,unreached,code,76,0.9394,0.7899
11,unreached,code,76,0.9641,0.8426
9,unreached,code,293,0.8963,0.7863
5,unreached,code,216,0.9588,0.8259
11,unreached,code,216,0.9408,0.8667
9,unreached,code,77,0.9309,0.8385
1,accepted,code,254,0.8696,0.796
7,accepted,code,369,0.9396,0.9093
4,unreached,code,80,0.9142,0.8628
10,unreached,code,233,0.9209,0.9231
12,unreached,code,82,0.9257,0.8815
2,accepted,code,382,0.8558,0.7653
9,unreached,code,304,0.9098,0.7769
10,unreached,code,84,0.9486,0.8588
6,unreached,code,268,0.9366,0.8756
5,accepted,code,387,0.9091,0.796
14,unreached,code,387,0.9376,0.8341
8,accepted,code,251,0.9198,0.9166
12,accepted,code,251,0.8969,0.8427
5,accepted,code,95,0.9182,0.8012
4,rejected,code,283,0.9056,0.8415
3,accepted,code,299,0.8953,0.8363
11,accepted,code,299,0.9154,0.8652
2,unreached,code,287,0.9401,0.8762
14,unreached,code,287,0.9905,0.9172
4,accepted,code,425,0.9402,0.8085
5,unreached,code,317,0.8985,1.052
13,unreached,code,317,0.9037,0.7873
9,accepted,code,315,0.9412,0.9297
2,accepted,code,137,0.8999,0.8478
7,accepted,code,288,0.9488,0.9393
9,accepted,code,288,0.8876,0.7533
13,unreached,code,439,0.9337,0.8263
14,unreached,code,439,0.9088,0.8218
4,accepted,code,319,0.8873,1.023
5,accepted,code,319,0.9541,0.9592
4,accepted,code,331,0.9187,0.8456
6,accepted,code,331,0.8889,0.8409
14,unreached,code,143,0.9317,0.7863
4,accepted,code,304,0.9383,0.9066
11,unreached,code,449,0.9457,0.7958
2,accepted,code,347,0.8905,0.9495
5,accepted,code,320,0.9282,0.8185
3,unreached,code,328,0.908,0.8165
4,unreached,code,328,0.9259,0.8749
10,unreached,code,152,0.915,0.8149
6,unreached,code,330,0.9084,0.8074
8,unreached,code,330,0.8985,0.7446
6,rejected,code,161,0.9314,0.8776
14,unreached,code,161,0.9165,0.7722
15,unreached,code,135,0.9787,0.9521
11,unreached,code,334,0.9017,0.7781
1,accepted,code,167,0.8541,0.7538
14,unreached,code,361,0.9303,0.8366
5,unreached,code,335,0.8975,0.7812
4,rejected,code,173,0.886,0.8297
12,unreached,code,173,0.9511,0.8873
10,unreached,code,151,0.9218,0.7753
3,unreached,code,471,0.9588,0.8533
9,unreached,code,471,0.9624,1.004
3,unreached,code,336,0.8645,0.7798
4,unreached,code,336,0.8996,0.8242
6,unreached,code,336,0.9118,0.8019
7,unreached,code,336,0.8875,0.7415
15,unreached,code,336,0.933,0.8062
4,unreached,code,177,0.8971,0.8283
3,unreached,code,472,0.9079,0.8248
15,unreached,code,472,0.9478,0.8781
2,accepted,code,338,0.8974,0.8205
12,unreached,code,338,0.9442,0.831
1,accepted,code,178,0.8595,0.807
8,unreached,code,178,0.9197,0.88
12,unreached,code,178,0.9394,0.832
4,accepted,code,158,0.8956,0.8266
12,unreached,code,158,0.9452,0.9431
14,unreached,code,158,0.952,0.9861
8,unreached,code,378,0.9318,0.8417
1,rejected,code,473,0.8712,0.7597
15,unreached,code,181,0.9648,0.8419
5,accepted,code,165,0.9322,0.8654
9,accepted,code,385,0.8876,0.872
11,accepted,code,385,0.939,0.9245
15,unreached,code,385,0.9817,1.011
12,accepted,code,185,0.9536,0.8866
11,unreached,code,171,0.9199,0.8068
1,accepted,code,475,0.8529,0.833
11,unreached,code,352,0.9355,0.8353
12,unreached,code,352,0.9745,1.097
14,accepted,code,199,0.9259,0.8499
15,unreached,code,173,0.9221,0.8934
11,unreached,code,410,0.921,0.8896
14,unreached,code,410,0.9723,1.009
13,unreached,code,478,0.9632,0.9459
15,unreached,code,355,0.9855,0.9806
1,accepted,code,176,0.8675,0.8063
11,unreached,code,176,0.9269,0.9244
4,unreached,code,479,0.9658,0.9381
7,unreached,code,479,0.9366,0.81
6,unreached,code,223,0.9537,0.8643
7,unreached,code,223,0.9275,0.9082
14,unreached,code,223,0.9483,0.8004
8,accepted,code,186,0.9299,0.8449
15,accepted,code,418,0.9122,0.9033
8,unreached,code,481,0.9249,0.8506
15,unreached,code,481,0.9454,0.8384
8,unreached,code,381,0.9316,0.8987
9,unreached,code,381,0.9774,0.857
5,accepted,code,224,0.9435,0.9759
11,accepted,code,224,0.8935,1.057
12,accepted,code,224,0.9103,0.8653
7,accepted,code,195,0.8726,0.8466
8,unreached,code,482,0.9152,0.8369
11,unreached,code,482,0.9128,0.8204
15,unreached,code,482,0.909,0.7608
1,accepted,code,240,0.8919,0.8575
8,accepted,code,240,0.9158,0.9985
4,rejected,code,210,0.9085,0.9503
5,unreached,code,493,0.9143,0.8588
14,unreached,code,493,0.9493,0.8392
1,accepted,code,411,0.8594,0.7224
7,accepted,code,411,0.8544,0.8519
3,unreached,code,252,0.9037,0.8048
1,accepted,code,421,0.8621,0.8074
3,accepted,code,254,0.915,0.841
9,unreached,code,254,0.9268,0.8029
11,unreached,code,254,0.9161,0.7374
6,unreached,code,79,0.8787,0.7752
8,unreached,code,79,0.9255,0.7954
2,accepted,code,424,0.9002,0.965
8,accepted,code,424,0.9613,0.8742
11,unreached,code,258,0.9696,0.7536
7,unreached,code,503,0.901,0.8028
1,accepted,code,248,0.8892,0.8119
2,accepted,code,248,0.9279,1.056
2,accepted,code,88,0.8596,0.7727
2,rejected,code,504,0.8632,0.7895
6,unreached,code,444,0.9377,1.015
1,accepted,code,262,0.9492,0.8154
4,accepted,code,92,0.8492,0.8237
6,unreached,code,506,0.921,0.8292
15,unreached,code,506,0.9095,0.8046
7,unreached,code,270,0.9534,0.8381
9,unreached,code,270,0.9499,0.9227
10,unreached,code,270,0.9346,0.753
4,rejected,code,98,0.8964,0.835
8,accepted,code,290,0.9517,0.9029
3,unreached,code,102,0.9104,0.8146
5,unreached,code,102,0.9521,0.8462
11,unreached,code,102,0.9241,0.777
5,unreached,code,511,0.8762,0.7554
3,rejected,code,454,0.9318,0.9064
15,unreached,code,454,0.8928,0.7588
3,accepted,code,103,0.8806,0.8027
10,unreached,code,103,0.921,0.8553
15,unreached,code,103,0.9056,0.7732
9,unreached,code,514,0.9182,0.7966
6,unreached,code,517,0.8759,0.7827
14,unreached,code,459,0.9209,0.8067
8,unreached,code,281,0.9398,0.836
13,unreached,code,113,0.9122,0.7358
6,unreached,code,464,0.9151,0.8473
11,unreached,code,464,0.8947,0.7556
2,accepted,code,115,0.8552,0.7635
6,unreached,code,526,0.9394,0.834
8,unreached,code,467,0.8948,0.7788
13,unreached,code,467,0.9065,0.7879
7,unreached,code,285,0.9602,0.8068
6,accepted,code,270,0.8875,0.8835
5,unreached,code,469,0.8983,0.8029
11,unreached,code,469,0.8831,0.7491
1,accepted,code,291,0.8768,0.7462
9,accepted,code,291,0.914,0.8037
7,unreached,code,277,0.9571,0.9086
12,unreached,code,470,0.9132,0.803
8,accepted,code,280,0.8609,0.8313
1,accepted,code,538,0.9037,0.9012
2,accepted,code,538,0.939,1.024
11,unreached,code,473,0.9153,0.7818
10,unreached,code,129,0.9177,0.7561
2,rejected,code,547,0.8812,0.9505
11,unreached,code,547,0.9556,0.9891
3,accepted,code,320,0.8819,0.7772
14,accepted,code,320,0.9133,0.8156
12,unreached,code,549,0.9543,0.9257
3,accepted,code,132,0.8886,0.8246
1,accepted,code,483,0.8407,0.7855
2,accepted,code,352,0.9438,0.8446
6,accepted,code,566,0.9054,0.8419
7,accepted,code,566,0.929,0.8377
3,accepted,code,150,0.8784,0.8761
4,accepted,code,150,0.8457,0.8347
6,accepted,code,150,0.8971,0.7885
1,rejected,code,318,0.849,0.7685
13,unreached,code,489,0.8988,0.7511
13,unreached,code,376,0.9226,0.8769
6,accepted,code,166,0.8863,0.834
2,accepted,code,319,0.9367,0.9438
5,unreached,code,490,0.9446,0.8811
14,unreached,code,490,0.9078,0.7545
10,unreached,code,182,0.9425,0.8546
8,unreached,code,105,0.9345,0.9306
12,unreached,code,105,0.934,0.8664
15,unreached,code,390,0.9469,0.7891
12,unreached,code,184,0.9105,0.7755
5,unreached,code,333,0.928,0.895
4,unreached,code,106,0.9173,0.7769
9,unreached,code,497,0.9113,0.7898
8,accepted,code,336,0.8968,0.926
3,unreached,code,109,0.9736,0.9045
13,unreached,code,109,0.8845,0.8048
10,unreached,code,200,0.9517,0.9302
5,accepted,code,349,0.9153,0.831
6,accepted,code,111,0.927,0.8145
1,accepted,code,414,0.8497,0.7625
6,rejected,code,414,0.9077,0.8135
2,accepted,code,361,0.9039,0.8913
10,unreached,code,121,0.9197,0.8639
13,unreached,code,219,0.8913,0.8337
12,accepted,code,373,0.921,0.8658
13,accepted,code,373,0.8878,0.7943
8,unreached,code,130,0.9119,0.7352
1,accepted,code,427,0.9418,0.8928
12,accepted,code,427,0.9226,0.9823
13,unreached,code,221,0.9198,0.8219
10,unreached,code,389,0.9545,0.9775
2,unreached,code,509,0.8952,0.8046
13,unreached,code,442,0.9509,0.8691
4,unreached,code,391,0.9181,0.8455
8,unreached,code,510,0.886,0.9161
12,unreached,code,510,0.9368,0.815
6,unreached,code,242,0.9135,0.8313
10,unreached,code,392,0.9865,0.9485
9,unreached,code,512,0.9121,0.8729
9,unreached,code,247,0.9327,0.8495
4,unreached,code,393,0.9025,0.8879
2,accepted,code,517,0.8969,0.8382
14,unreached,code,517,0.9086,0.7894
6,unreached,code,160,0.9533,0.9541
7,unreached,code,160,0.9227,0.7903
11,unreached,code,160,0.9145,0.7383
2,accepted,code,97,0.9323,0.9271
15,unreached,code,97,0.9708,0.8531
12,unreached,code,162,0.9227,0.8475
5,accepted,code,275,0.868,0.8261
5,accepted,code,414,0.9305,0.9005
13,accepted,code,414,0.9278,0.8969
11,unreached,code,164,0.9247,0.8574
4,accepted,code,430,0.8934,0.8452
12,accepted,code,430,0.8912,0.8374
12,unreached,code,169,0.9356,0.888
1,accepted,code,163,0.9074,0.8745
10,accepted,code,288,0.8867,0.8731
4,accepted,code,446,0.9572,0.8464
7,unreached,code,174,0.9087,0.8158
4,unreached,code,119,0.9114,0.8173
12,unreached,code,119,0.9621,0.8801
8,unreached,code,178,0.9311,0.8297
9,unreached,code,178,0.943,1.058
12,unreached,code,120,0.9831,0.8395
12,unreached,code,175,0.956,0.8418
15,accepted,code,471,0.9074,0.9242
11,unreached,code,179,0.9347,0.8934
14,rejected,code,125,0.8663,0.8273
15,unreached,code,125,0.9296,0.8403
9,accepted,code,180,0.9812,1.051
13,unreached,code,180,0.9554,0.8683
10,accepted,code,335,0.8588,0.8192
9,accepted,code,487,0.8628,0.8606
8,unreached,code,139,0.9601,0.8958
14,unreached,code,139,0.9367,0.8039
15,unreached,code,139,0.9441,0.7824
6,accepted,code,351,0.8984,0.8039
7,accepted,code,351,0.8979,0.7826
6,accepted,code,503,0.9095,0.8772
7,accepted,code,503,0.921,0.9038
10,unreached,code,183,0.9038,0.7925
9,accepted,code,367,0.9023,0.8017
10,accepted,code,367,0.9001,0.7984
11,accepted,code,519,0.9268,0.8731
13,accepted,code,519,0.9125,0.8161
6,rejected,code,184,0.9496,0.8284
10,unreached,code,148,0.9304,0.7043
6,unreached,code,201,0.9774,1.032
1,accepted,code,383,0.8827,0.8234
4,accepted,code,383,0.9352,0.9128
2,accepted,code,190,0.8944,0.8344
2,accepted,code,202,0.8597,0.8153
6,accepted,code,399,0.8991,0.7779
5,accepted,code,155,0.9444,0.8716
4,accepted,code,216,0.9859,0.9726
7,accepted,code,210,0.9088,0.8673
3,accepted,code,162,0.9126,0.8125
4,accepted,code,162,0.9205,0.8715
8,unreached,code,162,0.9612,0.8817
8,accepted,code,169,0.961,0.8641
9,rejected,code,169,0.9406,0.8762
13,accepted,code,246,0.9037,0.8409
6,unreached,code,168,0.9136,0.8355
15,unreached,code,168,0.9582,0.9034
4,accepted,code,441,0.8725,0.7627
10,unreached,code,441,0.91,0.8722
11,unreached,code,441,0.9137,0.8054
10,unreached,code,222,0.9472,0.8579
13,unreached,code,222,0.9747,0.827
13,unreached,code,262,0.9348,0.9406
6,accepted,code,171,0.8554,0.896
9,rejected,code,171,0.9814,0.9424
15,unreached,code,450,0.9263,0.9325
4,accepted,code,229,0.9914,1.012
9,unreached,code,201,0.9337,0.7822
12,unreached,code,201,0.9471,0.7863
13,unreached,code,201,0.9312,0.7641
14,unreached,code,201,0.9449,0.8837
1,accepted,code,285,0.9386,0.8724
4,accepted,code,285,0.9312,0.886
14,unreached,code,186,0.9235,0.754
6,unreached,code,206,0.9559,0.7638
8,accepted,code,301,0.9369,0.8633
7,rejected,code,188,0.9045,0.7841
7,unreached,code,454,0.9433,1.022
9,unreached,code,454,0.9703,0.9352
10,unreached,code,237,0.9105,0.7979
12,unreached,code,237,0.952,0.8258
2,accepted,code,209,0.9235,0.8006
14,unreached,code,209,0.938,0.783
1,accepted,code,195,0.8926,0.8595
10,unreached,code,195,0.9306,0.7643
6,unreached,code,212,0.976,0.8479
11,accepted,code,457,0.909,1.02
11,unreached,code,253,0.8997,0.9614
5,accepted,code,214,0.9558,0.8436
4,rejected,code,201,0.8705,0.8037
10,accepted,code,230,0.8983,0.866
13,accepted,code,230,0.9609,0.8401
14,accepted,code,230,0.9112,0.8782
15,accepted,code,230,0.9213,1.056
11,accepted,code,361,0.8805,0.9202
2,accepted,code,205,0.9253,0.8815
10,unreached,code,205,0.9098,0.9146
12,unreached,code,205,0.9272,0.8248
9,unreached,code,246,0.9248,0.8272
1,accepted,code,109,0.9189,0.9047
6,accepted,code,109,0.8705,0.8356
7,accepted,code,109,0.8612,0.888
10,accepted,code,254,0.9718,0.9291
12,unreached,code,125,0.9492,0.8423
6,accepted,code,283,0.952,0.8905
1,accepted,code,270,0.9022,0.8854
12,accepted,code,270,0.9088,0.8221
1,rejected,code,221,0.8574,0.8725
4,accepted,code,290,0.9609,0.8542
6,accepted,code,290,0.8873,0.7662
10,accepted,code,290,0.8874,0.7911
5,accepted,code,286,0.8561,0.7511
15,accepted,code,286,0.8932,0.9983
12,unreached,code,226,0.9152,0.7376
4,accepted,code,319,0.9112,0.8069
4,accepted,code,300,0.8878,0.7904
6,accepted,code,300,0.9003,0.9359
6,accepted,code,335,0.911,0.8604
1,accepted,code,190,0.8641,0.7672
11,unreached,code,190,0.9095,0.7704
8,unreached,code,307,0.8998,0.9153
9,unreached,code,307,0.9529,0.9798
12,unreached,code,307,0.8893,0.7919
10,unreached,code,238,0.9607,0.9553
12,unreached,code,238,0.956,0.9188
2,accepted,code,176,0.8914,0.8805
4,accepted,code,176,0.9495,0.9243
10,accepted,code,176,0.9481,0.8488
12,accepted,code,176,0.9484,0.8499
13,accepted,code,176,0.939,0.8731
2,accepted,code,196,0.9033,0.7987
5,unreached,code,196,0.9187,0.8405
13,unreached,code,196,0.9458,0.9398
14,unreached,code,242,0.9604,0.9199
4,accepted,code,192,0.9472,0.9315
5,unreached,code,200,0.9367,0.8492
2,accepted,code,325,0.8903,0.7808
5,accepted,code,325,0.9298,1.101
6,unreached,code,375,0.9321,0.85
10,unreached,code,250,0.956,0.9231
12,unreached,code,250,0.9804,0.9089
13,accepted,code,208,0.9505,0.8543
4,unreached,code,333,0.9081,0.8488
11,unreached,code,333,0.9031,0.7626
8,accepted,code,257,0.9492,0.9427
5,accepted,code,224,0.9249,0.8227
13,unreached,code,335,0.9527,0.8853
8,unreached,code,392,0.9152,0.844
4,accepted,code,273,0.9459,0.7961
12,unreached,code,208,0.9547,0.8931
9,unreached,code,394,0.9461,0.8674
14,unreached,code,211,0.9722,0.9661
8,unreached,code,338,0.9582,0.8767
4,unreached,code,396,0.9604,0.8194
10,unreached,code,396,0.918,0.812
4,accepted,code,242,0.9824,0.9811
7,unreached,code,242,0.9222,0.8958
6,unreached,code,340,0.9777,0.8895
13,unreached,code,247,0.951,0.9372
9,unreached,code,406,0.9308,0.7679
11,unreached,code,406,0.9082,0.7321
3,rejected,code,248,0.8886,0.9942
2,accepted,code,348,0.8768,0.8362
3,accepted,code,251,0.9173,0.9453
1,accepted,code,413,0.8554,0.7699
4,accepted,code,413,0.8988,0.8044
10,unreached,code,363,0.9533,0.8891
6,accepted,code,429,0.9578,0.8858
7,accepted,code,272,0.9763,1.064
7,unreached,code,445,0.9627,0.8772
7,accepted,code,279,0.9637,0.9164
9,accepted,code,339,0.9376,0.8776
15,accepted,code,339,0.9163,0.8007
13,accepted,code,304,0.9505,0.903
11,unreached,code,382,0.9523,0.9085
6,accepted,code,304,0.9199,0.9631
13,accepted,code,304,0.962,0.8721
7,accepted,code,320,0.9619,0.9421
6,accepted,code,336,0.948,0.8382
7,unreached,code,470,0.9236,0.9112
14,unreached,code,470,0.9192,0.7632
11,accepted,code,336,0.9022,0.8411
8,accepted,code,352,0.9556,0.8382
12,accepted,code,352,0.8865,0.842
6,accepted,code,473,0.8972,0.8731
15,unreached,code,382,0.9219,0.889
13,accepted,code,352,0.9413,0.8368
2,accepted,code,368,0.9358,0.8498
3,accepted,code,368,0.9107,0.8634
6,accepted,code,368,0.8899,0.9528
10,unreached,code,397,0.9084,0.916
15,unreached,code,392,0.9386,0.7774
12,unreached,code,368,1.009,0.9447
10,accepted,code,384,0.9354,0.8948
15,accepted,code,384,0.943,0.8568
13,unreached,code,407,0.9384,0.8203
9,unreached,code,409,0.9462,0.8431
10,unreached,code,73,0.9255,0.7594
7,accepted,code,429,0.9044,0.8532
10,accepted,code,429,0.9414,0.8583
12,accepted,code,429,0.945,0.9011
3,accepted,code,414,0.928,0.9203
8,unreached,maths,75,0.9143,0.8198
11,accepted,maths,49,0.9298,0.8515
6,accepted,code,445,0.9208,0.8526
11,accepted,code,445,0.9308,0.8542
6,unreached,maths,82,0.8937,0.8106
11,unreached,maths,65,0.9353,0.8317
14,unreached,maths,65,0.9333,0.8271
9,unreached,code,461,0.9188,0.8181
15,unreached,code,461,0.9151,0.7672
1,accepted,code,446,0.913,0.9757
5,rejected,code,446,0.8792,0.8317
9,accepted,code,82,0.8635,0.8482
1,accepted,maths,68,0.9006,0.8074
10,accepted,maths,68,0.9497,0.8691
4,unreached,code,96,0.8566,0.8057
3,accepted,maths,92,0.9002,0.9139
6,accepted,code,98,0.9547,0.9674
15,unreached,code,98,0.9339,0.8993
15,unreached,maths,86,0.9217,0.773
4,unreached,code,477,0.9484,0.8467
3,accepted,code,479,0.9098,0.9057
7,unreached,code,109,0.9116,0.8497
6,unreached,maths,109,0.937,0.9012
6,accepted,maths,95,0.9165,0.9087
7,accepted,maths,95,0.9078,0.8406
10,accepted,code,483,0.9806,0.9043
12,accepted,code,115,0.9067,0.8569
7,unreached,maths,111,0.9086,0.9568
13,unreached,code,499,0.9594,0.8822
7,unreached,code,131,0.9629,0.9395
7,accepted,maths,114,0.885,0.9197
8,accepted,maths,114,0.9171,0.8386
10,accepted,maths,114,0.9416,0.8067
3,rejected,code,486,0.8989,0.9752
2,accepted,maths,115,0.887,0.855
1,accepted,maths,130,0.8673,0.7575
5,accepted,maths,130,0.9505,0.8544
6,rejected,maths,130,0.9432,0.8813
9,accepted,code,511,0.9547,0.9463
9,unreached,maths,136,0.9166,0.8807
15,unreached,code,490,0.9249,0.804
15,unreached,maths,124,0.9353,0.7986
10,unreached,code,491,0.8921,0.8132
11,unreached,code,491,0.9145,0.8173
12,accepted,maths,126,0.9558,0.863
1,accepted,code,165,0.8949,0.837
7,unreached,code,165,0.9055,0.8457
11,unreached,code,165,0.908,0.8701
2,accepted,code,502,0.8738,0.8216
8,accepted,code,575,0.966,0.8511
3,unreached,code,168,0.9362,0.8472
9,unreached,code,168,0.9301,0.9341
11,unreached,code,168,0.8928,0.7912
2,unreached,code,505,0.873,0.7802
1,accepted,code,170,0.8567,0.8196
2,accepted,maths,163,0.8857,0.854
4,accepted,maths,191,0.8895,0.7881
5,accepted,maths,191,0.895,0.7565
10,accepted,maths,191,0.8846,0.7868
5,accepted,maths,202,0.8976,0.8102
10,unreached,maths,202,0.9315,0.9638
6,accepted,code,623,0.9683,0.8823
8,accepted,code,623,0.9174,0.8137
2,rejected,code,177,0.8645,0.7989
4,unreached,code,177,0.9183,0.9609
14,unreached,code,177,0.9006,0.7938
11,unreached,maths,211,0.911,0.7661
5,unreached,code,516,0.9326,1.008
6,unreached,code,516,0.969,0.9076
7,unreached,code,516,0.9158,0.826
12,accepted,code,639,0.9401,0.8943
12,accepted,maths,199,0.9219,0.8458
11,unreached,maths,213,0.9694,0.9122
9,unreached,code,518,0.959,0.8835
7,accepted,maths,215,0.905,0.7928
15,accepted,maths,215,0.9101,0.7931
15,unreached,maths,223,0.899,0.9523
1,accepted,code,671,0.907,0.8121
11,accepted,code,671,0.9702,0.867
12,unreached,code,185,0.9372,0.84
1,accepted,code,526,0.8792,0.7823
6,unreached,code,526,0.9351,0.8246
15,unreached,code,186,0.9296,0.8523
7,accepted,maths,241,0.8814,0.7551
13,unreached,maths,241,0.977,0.824
7,accepted,maths,245,0.8905,0.7675
14,accepted,maths,245,0.9214,0.8469
1,rejected,code,189,0.8451,0.7934
14,unreached,code,189,0.9276,0.8499
7,accepted,maths,252,0.9148,0.8296
15,accepted,maths,252,0.9489,0.8574
10,unreached,maths,133,0.9097,0.8686
6,accepted,code,531,0.9216,0.8546
8,unreached,code,190,0.9158,0.8154
10,unreached,code,190,0.9568,0.889
11,unreached,code,190,0.9392,0.8648
4,accepted,maths,271,0.9108,0.8703
8,unreached,maths,271,0.9436,0.9904
10,accepted,maths,135,0.9811,1.002
14,unreached,maths,278,1.001,0.8433
8,rejected,maths,151,0.8823,0.9527
9,unreached,maths,151,0.9112,0.8564
1,accepted,code,545,0.8698,0.8205
2,accepted,code,545,0.9118,0.9922
5,unreached,code,545,0.9328,0.874
7,unreached,code,194,0.9496,0.9791
3,accepted,maths,300,0.9623,0.8117
9,rejected,maths,300,0.8515,0.7713
4,rejected,maths,163,0.865,0.7928
6,unreached,maths,311,0.9295,0.914
5,accepted,maths,167,0.8965,0.9396
10,unreached,maths,71,0.9684,0.8551
5,unreached,maths,49,0.8845,0.817
13,unreached,code,215,0.9057,0.8064
2,unreached,maths,316,0.8526,0.7936
10,unreached,maths,73,0.9984,0.9797
15,unreached,maths,317,0.9152,0.8161
8,unreached,code,222,0.9582,0.8273
14,unreached,code,222,0.9806,0.8493
2,accepted,maths,326,0.8813,0.9503
11,unreached,maths,330,0.9572,1.005
13,unreached,maths,330,0.9178,0.7671
3,accepted,maths,104,0.9571,0.9116
4,accepted,code,233,0.8852,0.8527
1,rejected,maths,112,0.8516,0.8679
6,unreached,maths,112,0.9461,0.8059
10,unreached,maths,74,0.8631,0.8322
7,unreached,maths,240,0.9217,0.7786
6,unreached,maths,75,0.9874,0.9133
9,unreached,maths,75,0.8755,0.8619
12,unreached,code,243,0.8935,0.7871
3,accepted,maths,365,0.9727,0.8724
7,unreached,code,247,0.9414,0.9042
9,unreached,code,247,0.9341,0.8571
4,accepted,maths,372,0.8775,0.7617
15,unreached,maths,372,1.016,0.8804
4,accepted,maths,134,0.9521,0.9515
3,accepted,maths,245,0.8647,0.7814
9,unreached,maths,245,0.9413,0.8658
10,unreached,maths,245,0.9461,0.9999
9,unreached,maths,150,0.9446,0.897
12,unreached,maths,150,0.9154,0.7799
6,rejected,maths,91,0.8743,0.8356
8,accepted,code,257,0.9064,0.863
13,unreached,code,257,0.9342,0.8321
2,accepted,maths,40,0.8788,0.8275
3,rejected,maths,40,0.9208,0.8433
1,accepted,maths,160,0.9002,0.8821
4,accepted,maths,160,0.893,0.8425
12,unreached,maths,160,0.936,0.7801
1,accepted,maths,43,0.8941,0.7939
3,unreached,code,269,0.9831,0.8915
11,unreached,maths,170,0.963,0.908
1,accepted,maths,105,0.8758,0.8368
14,unreached,maths,105,0.9517,0.9062
4,accepted,maths,55,0.8803,0.7872
12,accepted,maths,274,0.9212,0.8661
7,unreached,maths,175,0.9677,0.8893
8,unreached,maths,177,0.946,0.9723
9,accepted,code,282,0.932,0.8912
2,unreached,maths,138,0.922,0.9677
5,unreached,maths,138,0.9325,0.9535
5,unreached,code,293,0.8935,0.7898
9,accepted,maths,139,0.9662,0.9329
15,unreached,maths,309,0.8691,0.8419
13,unreached,code,307,0.9377,0.8474
8,accepted,maths,165,1.003,0.8491
12,accepted,maths,165,0.8845,0.8006
1,accepted,maths,73,0.9293,0.766
12,accepted,maths,202,0.9667,0.8535
2,accepted,maths,178,0.8968,0.7877
4,accepted,maths,178,0.8991,0.7971
5,accepted,maths,178,0.9136,0.8344
9,rejected,maths,87,0.9488,0.8737
15,unreached,code,327,0.9105,0.7803
10,rejected,maths,217,0.8688,0.8941
11,unreached,maths,217,0.8763,0.971
9,unreached,maths,187,0.9691,0.9149
11,unreached,maths,187,0.9519,0.8399
11,unreached,maths,96,0.9313,0.8908
12,unreached,maths,96,0.9585,0.9642
4,unreached,code,335,0.9166,0.8549
3,unreached,maths,348,0.8968,0.8173
4,unreached,maths,348,0.9099,0.8639
11,unreached,maths,227,0.9441,0.8248
12,unreached,maths,227,0.935,0.8589
15,unreached,maths,190,0.9124,0.7609
3,accepted,maths,100,0.9183,0.8063
8,unreached,maths,100,0.9477,0.9805
14,unreached,maths,100,0.9656,0.9172
5,unreached,maths,349,0.92,0.838
6,unreached,maths,107,0.8968,0.8377
3,accepted,maths,236,0.9363,0.9041
11,unreached,maths,195,0.9294,0.8219
15,unreached,maths,195,0.9292,0.799
3,accepted,maths,111,0.9751,0.9588
6,unreached,maths,248,0.9131,0.8822
12,unreached,maths,248,0.9258,0.7755
6,accepted,maths,198,0.9075,0.8561
15,unreached,maths,198,0.938,0.8296
4,accepted,maths,115,0.9129,0.9396
11,unreached,code,348,0.9541,0.88
3,accepted,maths,363,0.9003,0.793
9,unreached,maths,250,0.9499,0.8127
9,unreached,maths,206,0.9578,1.007
3,accepted,maths,122,0.9371,0.9051
7,unreached,code,358,0.9156,0.8348
4,accepted,maths,257,0.8838,0.7852
6,unreached,maths,209,0.9665,0.9271
5,accepted,maths,128,0.9293,0.8743
15,unreached,code,361,0.9274,0.8952
13,unreached,maths,273,0.8973,0.9381
11,accepted,maths,213,0.8966,0.8031
6,accepted,maths,144,0.9589,0.9251
12,accepted,maths,404,0.9072,0.8843
1,accepted,maths,157,0.8623,0.7777
15,accepted,maths,420,0.9152,0.9078
1,accepted,maths,163,0.9292,0.905
8,accepted,maths,163,0.9317,0.9302
12,unreached,code,378,0.943,0.8486
10,unreached,maths,307,0.9476,0.8506
11,accepted,maths,239,0.9172,1.001
2,accepted,code,385,0.8892,0.8259
3,accepted,code,385,0.897,0.813
8,unreached,code,385,0.9379,0.9257
9,unreached,code,385,0.8868,0.9213
6,accepted,maths,310,0.9658,0.8878
15,accepted,maths,310,0.9154,0.8139
4,accepted,maths,254,0.9557,0.9338
15,unreached,maths,188,0.956,0.869
5,unreached,code,390,0.8867,0.9259
11,accepted,maths,468,0.9621,0.8278
5,accepted,maths,196,0.938,1.011
3,accepted,maths,342,0.8577,0.8336
5,accepted,maths,342,0.9337,0.7913
10,accepted,maths,342,0.8763,0.8189
10,accepted,maths,286,0.8897,0.7823
11,accepted,maths,286,0.9192,0.8539
3,accepted,code,403,0.9,0.9121
6,unreached,maths,485,0.9293,0.9239
15,unreached,maths,485,0.9487,0.756
4,accepted,maths,353,0.9676,0.9546
15,unreached,maths,486,0.911,0.838
9,accepted,maths,366,0.8744,0.867
15,unreached,maths,300,0.9476,0.9213
10,unreached,maths,41,0.8867,0.7953
13,unreached,maths,41,0.905,0.8184
14,unreached,maths,41,0.9031,0.797
4,accepted,maths,382,0.8689,0.7987
9,unreached,maths,302,0.9803,1.017
10,unreached,maths,302,0.9731,0.9938
10,unreached,maths,499,0.9493,0.942
2,accepted,maths,393,0.9064,0.8785
3,accepted,maths,305,0.9006,0.7714
10,unreached,maths,55,0.9559,0.8196
1,accepted,code,450,0.9029,0.8807
7,unreached,code,450,0.9762,1.017
10,unreached,maths,404,0.9444,0.893
2,accepted,maths,321,0.9016,0.8639
10,accepted,maths,321,0.9195,0.9326
14,accepted,maths,321,0.9165,0.8631
5,unreached,maths,57,0.9394,1.01
1,accepted,code,452,0.9024,0.8776
14,unreached,code,452,0.9115,0.9563
15,accepted,maths,510,0.9199,0.8223
11,accepted,maths,408,0.975,0.874
11,accepted,maths,337,0.9475,0.8394
3,accepted,maths,424,0.9485,0.8539
2,accepted,maths,353,0.9431,0.8782
9,accepted,maths,353,0.911,0.8583
14,unreached,maths,107,0.9284,0.7459
10,unreached,maths,373,1.011,1.051
14,unreached,maths,373,1.002,0.836
15,unreached,maths,373,1.007,0.9508
3,unreached,maths,108,0.9324,0.7871
1,accepted,maths,453,0.8869,0.8873
4,rejected,maths,453,0.8567,0.8488
14,unreached,maths,453,0.9327,0.7812
7,unreached,maths,83,0.9192,0.9108
3,rejected,maths,124,0.9041,0.8191
1,rejected,maths,53,0.9734,0.881
8,unreached,maths,53,0.9965,0.8543
9,unreached,maths,90,0.954,0.8223
10,unreached,maths,127,0.9484,0.8779
12,unreached,maths,127,0.9512,0.8162
13,unreached,maths,54,0.9613,0.8687
7,unreached,maths,96,0.9218,0.8527
1,accepted,maths,112,0.8784,0.8649
3,unreached,maths,112,0.9742,0.8772
7,unreached,maths,112,0.8978,0.7983
8,unreached,maths,112,0.912,0.7733
9,unreached,maths,112,0.9236,0.8391
7,unreached,maths,87,0.9455,0.8452
2,accepted,maths,99,0.8704,0.7488
8,unreached,maths,114,0.9262,0.8162
12,unreached,maths,114,0.9346,0.7876
15,unreached,maths,114,0.9283,0.9485
6,accepted,maths,133,0.9329,0.9742
11,rejected,maths,133,0.8765,0.8332
10,unreached,maths,93,0.9849,0.8089
13,unreached,maths,93,0.8616,0.8358
3,rejected,maths,102,0.8875,0.8239
6,unreached,maths,102,0.8704,0.794
9,unreached,maths,102,0.9019,0.8139
10,accepted,maths,81,0.9553,0.8506
6,accepted,maths,105,0.8899,0.8041
10,unreached,maths,105,0.9687,0.932
15,unreached,maths,122,0.9318,0.8344
7,unreached,maths,94,0.9617,0.8532
1,accepted,maths,114,0.9122,0.8333
15,unreached,maths,114,0.9111,0.7659
7,accepted,maths,123,0.9264,0.8648
5,rejected,maths,117,0.8792,0.8505
13,accepted,maths,95,0.9013,0.8113
1,accepted,maths,120,0.8972,0.7732
13,unreached,maths,120,0.9015,0.9165
8,unreached,maths,127,0.9677,0.928
11,unreached,maths,112,0.9548,0.823
6,accepted,maths,128,0.9154,0.9184
4,unreached,maths,155,0.9353,0.8505
13,unreached,maths,155,0.9139,0.7706
10,accepted,maths,150,0.8538,0.779
11,unreached,maths,122,0.9686,0.9679
5,accepted,maths,158,0.8579,0.9146
1,accepted,maths,161,0.8581,0.7567
8,unreached,maths,139,0.9819,0.9743
5,unreached,maths,141,0.9658,0.9186
3,accepted,maths,165,0.8991,0.877
2,accepted,maths,198,0.8618,0.8143
5,rejected,maths,198,0.9818,0.9742
9,unreached,maths,198,0.9323,0.8029
3,accepted,maths,141,0.8867,0.7768
7,accepted,maths,141,0.958,0.9319
2,rejected,maths,143,0.8739,0.8317
6,accepted,maths,178,0.8851,0.8049
8,unreached,maths,178,0.8823,0.8188
3,accepted,maths,203,0.9228,1.028
13,accepted,maths,203,0.8962,0.8101
2,accepted,maths,153,0.885,0.8727
6,accepted,maths,153,0.9559,1.012
10,unreached,maths,153,0.8623,0.9599
15,unreached,maths,153,0.8928,0.8255
12,accepted,maths,219,0.8614,0.8146
4,accepted,maths,162,0.8746,0.778
15,accepted,maths,153,0.9453,0.9961
2,accepted,maths,196,0.8447,0.7717
10,unreached,maths,178,0.9649,1.048
8,unreached,maths,169,0.9172,0.8822
15,unreached,maths,169,0.9029,0.7825
9,accepted,maths,206,0.9274,0.9042
6,accepted,maths,185,0.8824,0.8302
3,unreached,maths,171,0.8915,0.8132
4,unreached,maths,171,0.9007,0.8158
6,accepted,maths,217,0.9425,0.9321
6,unreached,maths,192,0.968,0.8346
4,accepted,maths,233,0.8923,0.9122
3,accepted,maths,265,0.9179,0.8828
2,accepted,maths,194,0.9115,0.9391
8,accepted,maths,194,0.9368,0.8751
7,unreached,maths,175,0.9193,0.801
14,accepted,maths,244,0.9616,0.887
15,accepted,maths,244,0.939,0.8617
4,accepted,maths,216,0.879,0.8567
9,unreached,maths,272,0.9247,0.8976
11,unreached,maths,272,0.9262,1.006
11,accepted,maths,210,0.8708,0.8689
5,accepted,maths,260,0.928,0.8452
9,unreached,maths,224,0.9515,0.7718
8,unreached,maths,191,0.9447,0.851
1,accepted,maths,235,0.8834,0.7314
4,accepted,maths,295,0.9054,0.8223
8,accepted,maths,295,0.9146,1.003
8,accepted,maths,228,0.9307,0.9634
8,accepted,maths,193,0.9349,0.8903
14,unreached,maths,193,0.8956,0.783
6,accepted,maths,311,0.9216,0.8588
12,accepted,maths,311,0.9554,0.8512
2,unreached,maths,259,0.9008,0.8472
11,unreached,maths,259,0.9319,0.7966
8,accepted,maths,258,0.9036,0.8221
13,accepted,maths,258,0.9507,0.9121
14,accepted,maths,258,0.9115,0.8842
8,accepted,maths,220,0.9531,0.9099
8,accepted,maths,330,0.9343,0.8325
6,accepted,maths,340,0.8997,0.8887
11,unreached,maths,262,0.9358,0.8296
4,accepted,maths,355,0.9308,1.023
10,unreached,maths,355,1.004,0.8606
4,unreached,maths,302,0.9433,0.9715
5,unreached,maths,302,0.9207,0.7876
10,unreached,maths,302,0.9715,0.846
7,unreached,maths,66,0.9144,0.8203
10,unreached,maths,66,0.9123,0.8286
3,accepted,maths,268,0.8781,0.7893
5,accepted,maths,271,0.8961,0.8221
6,accepted,maths,271,0.8815,0.8255
14,unreached,maths,271,0.9333,0.845
1,accepted,maths,70,0.8788,0.8259
5,accepted,maths,273,0.9265,0.8378
6,accepted,maths,273,0.8686,0.78
1,accepted,maths,81,0.871,0.7814
13,unreached,maths,81,0.932,1.08
1,accepted,maths,58,0.9661,0.8814
11,accepted,maths,285,0.9168,1.022
13,rejected,maths,285,0.9512,0.8537
9,unreached,maths,287,0.9625,0.9149
15,unreached,maths,287,0.9719,0.8366
6,accepted,maths,91,0.8924,0.8119
15,unreached,maths,91,0.9219,0.8486
5,accepted,maths,60,0.9675,0.8975
5,accepted,maths,314,0.9528,0.9426
9,unreached,maths,289,0.8642,0.8085
11,unreached,maths,289,0.931,0.906
15,unreached,maths,289,0.9605,0.8368
2,accepted,maths,103,0.9527,0.8986
9,unreached,maths,103,0.9727,0.8777
11,unreached,maths,103,0.9618,0.9343
9,accepted,maths,330,0.8544,0.8693
1,accepted,maths,290,0.8586,0.7917
15,unreached,maths,83,0.9287,0.8573
15,accepted,maths,346,0.8494,0.8147
5,unreached,maths,306,0.9689,0.8476
10,unreached,maths,306,0.9536,0.7669
4,accepted,maths,362,0.9187,0.8482
11,accepted,maths,308,0.9612,0.912
12,unreached,maths,371,0.9586,0.8021
4,accepted,maths,324,0.8937,0.8059
7,accepted,maths,324,0.9598,0.9242
2,accepted,maths,89,0.8934,0.7544
14,unreached,maths,143,0.8656,0.8908
4,accepted,maths,376,0.9227,0.9142
3,accepted,maths,347,0.8811,0.7665
10,accepted,maths,347,0.931,0.8745
14,accepted,maths,347,0.9258,0.8389
14,accepted,maths,109,0.8857,0.8361
15,accepted,maths,109,0.8587,0.8399
12,accepted,maths,392,0.8942,0.8187
14,unreached,maths,381,0.96,0.8538
15,unreached,maths,381,0.9623,1.023
4,unreached,maths,363,0.9062,0.8209
5,unreached,maths,363,0.9258,0.8771
2,accepted,maths,125,0.8874,0.8546
2,accepted,maths,405,0.9085,0.8763
14,unreached,maths,405,0.9618,0.8641
10,unreached,maths,390,0.948,0.8522
9,unreached,maths,365,0.9156,0.824
1,accepted,maths,180,0.8773,0.7763
12,unreached,maths,180,0.8708,0.8091
5,accepted,maths,412,0.9625,0.9678
13,unreached,maths,138,0.8588,0.8301
2,accepted,maths,372,0.88,0.8261
12,unreached,maths,372,0.9248,0.903
10,accepted,maths,195,0.9232,0.8269
13,unreached,maths,140,0.9053,0.7974
1,accepted,maths,440,0.8416,0.8927
7,unreached,maths,422,0.9266,0.8619
9,unreached,maths,422,0.9475,0.8566
3,accepted,maths,376,0.894,0.8548
10,accepted,maths,209,0.9192,0.863
9,accepted,maths,141,0.8948,0.8179
3,unreached,maths,443,0.9199,0.7792
14,accepted,maths,394,0.929,0.861
2,rejected,maths,454,0.887,0.8004
4,unreached,maths,454,0.9106,0.7741
8,accepted,maths,410,0.9041,0.9026
9,unreached,maths,243,0.8856,0.7502
3,accepted,maths,59,0.936,0.8621
10,unreached,maths,59,0.9814,1.003
3,rejected,maths,457,0.8969,0.8635
10,unreached,maths,457,0.8792,0.7186
13,unreached,maths,457,0.8974,0.7452
1,accepted,maths,181,0.8983,0.8433
12,unreached,maths,444,0.9703,0.9732
4,unreached,maths,258,0.9499,0.8751
2,accepted,maths,184,0.9779,0.9678
7,accepted,maths,184,0.9341,0.9348
6,unreached,maths,82,0.9511,0.8173
9,unreached,maths,82,0.9635,0.9413
14,unreached,maths,82,0.9258,0.8333
3,accepted,maths,261,0.9625,0.8399
13,accepted,maths,261,0.9137,0.8318
8,unreached,maths,192,0.8786,0.793
9,unreached,maths,192,0.9567,0.9641
7,accepted,maths,448,0.9534,0.961
9,accepted,maths,448,0.9799,0.909
11,accepted,maths,448,0.93,0.8631
4,accepted,maths,277,0.8912,0.8134
2,accepted,maths,198,0.8382,0.7245
6,unreached,maths,464,0.9228,0.8278
15,accepted,maths,464,0.9327,0.8143
5,accepted,maths,293,0.9242,0.8464
13,unreached,maths,207,0.9533,1.031
1,accepted,maths,101,0.8532,0.7623
8,rejected,maths,101,0.8869,0.8211
3,accepted,maths,309,0.8864,0.9126
11,unreached,maths,109,0.9209,0.8459
4,unreached,maths,469,0.8919,0.8176
6,unreached,maths,469,0.9021,0.8294
10,unreached,maths,469,0.9225,0.7616
6,accepted,maths,313,0.9141,0.8063
10,rejected,maths,110,0.8646,0.8247
10,unreached,maths,225,0.9512,0.8892
7,accepted,maths,61,0.9272,0.8316
15,unreached,maths,228,0.8869,0.9404
1,accepted,maths,234,0.8547,0.7926
12,unreached,maths,234,0.9358,0.9239
1,accepted,maths,46,0.8651,0.7686
5,unreached,maths,46,0.9161,0.7521
9,unreached,maths,46,0.9329,0.7855
12,unreached,maths,46,0.9157,0.742
11,unreached,maths,237,0.9439,1.05
4,accepted,maths,243,0.8237,0.7276
8,accepted,maths,144,0.9478,0.8872
9,accepted,maths,144,0.9679,0.9107
1,accepted,maths,111,0.9499,0.8131
6,accepted,maths,111,0.8784,0.8479
9,accepted,maths,111,0.9237,0.859
8,unreached,maths,54,0.9321,0.8547
15,unreached,maths,54,0.8962,0.7312
10,unreached,maths,128,0.9511,0.9037
13,unreached,maths,128,0.985,0.9017
12,accepted,maths,123,0.8841,0.7679
15,accepted,maths,123,0.8743,0.7489
8,unreached,maths,59,0.9555,0.8422
4,unreached,maths,134,0.9133,0.8464
14,unreached,maths,134,0.9047,0.8336
2,accepted,maths,161,0.9338,0.8865
8,accepted,maths,139,0.9065,1.03
9,unreached,maths,61,0.9582,1.071
7,unreached,maths,137,0.8701,0.7845
6,accepted,maths,271,0.9172,0.948
8,unreached,maths,167,0.9129,0.7991
11,unreached,maths,139,0.9716,0.9051
14,unreached,maths,284,0.9119,0.8381
4,accepted,maths,170,0.888,0.8198
5,accepted,maths,160,0.9514,0.9709
7,accepted,maths,160,0.9484,0.9306
15,accepted,maths,160,0.9678,1.024
5,accepted,maths,77,0.9411,1.006
8,unreached,maths,83,0.9113,0.8143
4,accepted,maths,179,0.9001,0.8257
1,accepted,maths,181,0.8754,0.8475
4,accepted,maths,181,0.9319,1.043
6,accepted,maths,89,0.8741,0.8152
14,unreached,maths,89,0.967,0.8682
14,unreached,maths,164,0.9123,0.8026
13,accepted,maths,309,0.874,0.8287
6,accepted,maths,197,0.9463,0.9962
7,accepted,maths,197,0.8704,0.9308
1,rejected,maths,169,0.8599,0.817
11,unreached,maths,169,0.9419,0.8353
1,rejected,maths,208,0.8437,0.8663
5,unreached,maths,170,0.9167,0.8623
7,accepted,maths,340,0.9513,0.8922
11,rejected,maths,340,0.9573,0.886
5,accepted,maths,203,0.9634,1.006
11,unreached,maths,209,0.8713,0.9055
2,accepted,maths,131,0.8466,0.8355
12,unreached,maths,215,0.9217,0.7528
7,unreached,maths,222,0.9322,0.7801
13,unreached,maths,137,0.9644,0.885
1,accepted,maths,183,0.8804,0.8375
3,accepted,maths,183,0.9515,0.9342
9,accepted,maths,183,0.858,0.8619
11,unreached,maths,380,0.894,0.8076
15,accepted,maths,229,0.9494,0.8776
6,unreached,maths,199,0.8622,0.8755
1,rejected,maths,390,0.8428,0.8132
5,unreached,maths,390,0.9521,0.8687
7,unreached,maths,390,0.9456,0.8978
10,unreached,maths,146,0.9297,0.844
7,accepted,maths,202,0.9744,0.9426
2,accepted,maths,249,0.8488,0.776
14,unreached,maths,249,0.9412,0.8233
4,rejected,maths,238,0.9117,0.8414
5,unreached,maths,238,0.9991,1.015
10,unreached,maths,213,0.9294,0.8173
2,rejected,maths,394,0.8393,0.7924
3,unreached,maths,394,0.9375,0.8584
5,accepted,maths,155,0.9045,0.8447
7,rejected,maths,396,0.9037,0.8277
12,accepted,maths,268,0.9246,0.8412
1,accepted,maths,283,0.9267,0.8283
11,accepted,maths,172,0.8659,0.8936
11,unreached,maths,404,1.005,0.9591
9,accepted,maths,297,0.9576,0.9745
11,accepted,maths,297,0.9547,0.8334
3,accepted,maths,272,0.9168,0.9469
5,accepted,maths,272,0.9482,0.9032
7,rejected,maths,272,0.9032,0.8161
8,accepted,maths,188,0.917,0.9761
12,accepted,maths,188,0.9814,0.9198
15,accepted,maths,188,0.9194,0.8771
15,unreached,maths,406,0.901,0.8675
5,unreached,maths,313,0.953,0.9318
9,unreached,maths,313,0.875,0.9162
14,unreached,maths,313,0.9779,0.9068
14,accepted,maths,204,0.919,0.8934
9,unreached,maths,240,0.9273,0.8519
5,unreached,maths,409,0.895,0.8035
7,accepted,maths,285,0.8707,0.9182
9,accepted,maths,220,0.928,0.8712
7,accepted,maths,247,0.9081,0.821
14,unreached,maths,247,0.9521,0.8235
2,accepted,maths,413,0.8429,0.7827
1,accepted,maths,236,0.9234,0.8651
10,accepted,maths,255,0.9856,0.8759
6,accepted,maths,417,0.915,0.8593
5,unreached,maths,342,0.893,0.8203
2,accepted,maths,306,0.9413,0.9151
2,accepted,maths,247,0.8917,0.8087
2,accepted,maths,345,0.8715,0.798
7,accepted,maths,345,0.9725,0.9296
11,rejected,maths,345,0.8884,0.8568
1,accepted,maths,319,0.8643,0.8529
3,accepted,maths,335,0.9602,0.8923
4,accepted,maths,335,0.9091,0.8003
15,unreached,maths,273,0.9518,0.8655
3,unreached,maths,364,0.921,0.7801
1,accepted,maths,41,0.8567,0.7772
1,accepted,maths,285,0.9124,0.8252
3,rejected,maths,43,0.8553,0.7734
6,unreached,maths,75,0.9138,0.8772
11,accepted,maths,380,0.9154,0.8894
5,accepted,maths,376,0.9459,0.8767
14,accepted,maths,376,0.9533,0.9337
11,accepted,maths,296,0.8988,0.9271
9,unreached,maths,48,0.911,0.787
13,unreached,maths,48,0.9728,1.077
13,accepted,maths,392,0.9586,0.9581
12,unreached,maths,312,0.9391,0.8153
13,unreached,maths,50,0.9672,0.9731
3,accepted,maths,91,0.8671,0.7782
9,unreached,maths,91,0.8942,0.8246
11,accepted,maths,404,0.8991,0.793
9,unreached,maths,55,0.9533,0.7986
2,accepted,maths,99,0.8809,0.7776
4,accepted,maths,99,0.931,0.8319
4,unreached,maths,423,0.9543,0.8528
9,unreached,maths,422,0.9364,0.9539
12,unreached,maths,107,0.9415,0.9252
15,unreached,maths,107,0.9624,0.98
2,accepted,maths,63,0.8801,0.8441
12,unreached,maths,63,0.9364,0.7816
5,accepted,maths,71,0.8751,0.81
1,accepted,maths,110,0.8728,0.8046
4,rejected,maths,67,0.9026,0.8516
5,unreached,maths,67,0.9075,0.8398
8,unreached,maths,67,0.9551,0.7857
10,unreached,maths,67,0.9249,0.8374
15,unreached,maths,67,0.9381,0.775
4,unreached,maths,82,0.9435,0.899
11,unreached,maths,82,0.9732,0.8273
15,unreached,maths,112,0.9133,0.8324
15,unreached,maths,71,0.9521,0.8254
13,accepted,maths,99,0.967,0.9164
9,unreached,maths,79,0.934,0.8072
2,accepted,maths,115,0.9802,0.8068
7,unreached,maths,100,0.8946,0.8469
10,unreached,maths,100,0.9662,0.8997
5,accepted,maths,96,0.8737,0.7865
9,unreached,maths,96,0.9304,0.8451
3,unreached,maths,81,0.932,0.8582
11,unreached,maths,81,0.9537,0.8558
13,unreached,maths,81,0.9521,0.8494
6,accepted,maths,121,0.9143,0.8775
8,rejected,maths,121,0.9069,0.8052
12,unreached,maths,121,0.9436,0.8476
8,accepted,maths,153,0.8525,0.7615
12,accepted,maths,153,0.929,0.8456
2,accepted,maths,106,0.9306,0.8998
12,unreached,maths,106,0.9958,0.8756
1,accepted,maths,103,0.9101,0.8638
14,accepted,maths,103,0.911,0.7981
14,unreached,maths,83,0.9024,0.7612
15,unreached,maths,83,0.9106,0.7861
4,rejected,maths,129,0.8648,0.8777
13,accepted,maths,166,0.905,0.8446
11,accepted,maths,116,0.9165,0.7911
7,unreached,maths,119,0.9111,0.8173
8,unreached,maths,119,0.8901,0.7511
11,unreached,maths,119,0.8951,0.7639
13,unreached,maths,133,0.9581,0.8835
8,accepted,maths,132,0.9064,0.8472
15,accepted,maths,132,0.8939,0.7877
15,unreached,maths,122,0.9533,0.8121
11,accepted,maths,93,0.9351,0.8371
6,unreached,maths,140,0.9615,0.8668
1,accepted,maths,123,0.8931,0.8486
14,unreached,maths,123,0.955,0.8799
2,unreached,maths,106,0.8624,0.7735
9,accepted,maths,141,0.9186,0.8005
8,accepted,maths,164,0.9387,0.8771
9,accepted,maths,164,0.961,0.8261
14,unreached,maths,218,0.9132,0.7651
5,accepted,maths,180,0.9628,0.9061
9,accepted,maths,180,0.9235,0.8167
9,unreached,maths,110,0.9193,0.8178
4,rejected,maths,133,0.927,0.918
5,unreached,maths,116,0.9237,0.8093
4,accepted,maths,182,0.9143,0.8445
11,unreached,maths,182,0.9315,0.873
4,accepted,maths,137,0.9007,0.8285
15,unreached,maths,188,0.9177,0.788
14,accepted,maths,229,0.9571,0.8665
13,unreached,maths,216,0.9297,0.8506
5,accepted,maths,153,0.9039,0.8485
7,accepted,maths,153,0.9767,0.8849
8,accepted,maths,153,0.9452,0.8154
9,accepted,maths,153,0.9253,0.8643
15,unreached,maths,153,0.9029,0.8185
6,unreached,maths,189,0.9385,0.8251
15,accepted,maths,261,0.9205,0.815
1,accepted,maths,194,0.8967,0.8187
6,unreached,maths,194,0.9572,0.8612
8,unreached,maths,277,0.954,1.038
11,unreached,maths,197,0.9235,0.7899
6,unreached,maths,279,0.9337,0.9171
2,rejected,maths,201,0.8812,0.8312
3,unreached,maths,201,0.8925,0.9407
9,unreached,maths,198,0.91,0.7658
4,accepted,maths,283,0.9323,1.033
9,unreached,maths,283,0.9378,0.9027
11,unreached,maths,283,0.9365,0.9816
5,unreached,maths,203,0.9051,0.8266
8,unreached,maths,203,0.939,1.09
10,accepted,maths,143,0.9883,0.9417
14,unreached,maths,143,0.9411,0.7955
12,accepted,maths,289,0.9409,0.9111
5,accepted,maths,305,0.8861,0.8547
12,accepted,maths,305,0.9887,0.8988
4,accepted,maths,269,0.9034,0.9551
13,unreached,maths,269,1.018,0.9128
6,unreached,maths,207,0.9066,0.7747
7,unreached,maths,207,0.9216,0.8897
8,unreached,maths,207,0.955,1.035
10,unreached,maths,219,0.9141,0.83
3,unreached,maths,211,0.9062,0.7944
4,unreached,maths,211,0.9089,0.8791
6,accepted,maths,173,0.9004,0.8777
11,unreached,maths,226,0.981,0.9069
5,accepted,maths,213,0.958,0.8555
7,unreached,maths,74,0.9369,0.8177
5,accepted,maths,340,0.8355,0.764
10,unreached,maths,221,0.9148,0.768
15,unreached,maths,221,0.8923,0.7275
9,accepted,maths,77,0.9874,1
1,accepted,maths,232,0.8448,0.74
10,accepted,maths,232,0.9865,0.8805
14,unreached,maths,213,0.9201,0.8061
7,rejected,maths,93,0.912,1.003
8,unreached,maths,93,0.9404,0.8451
4,unreached,maths,231,0.8685,0.8312
13,unreached,maths,231,0.9246,0.7834
15,unreached,maths,216,0.9778,0.8096
2,accepted,maths,259,0.9067,0.8371
14,unreached,maths,220,0.9671,0.8043
8,accepted,maths,103,0.9327,0.9369
11,unreached,maths,103,0.9633,0.9662
10,unreached,maths,67,0.8883,0.7783
14,unreached,maths,239,0.9542,0.8588
1,accepted,maths,228,0.867,0.7813
4,accepted,maths,228,0.8991,0.959
6,accepted,maths,228,0.9687,0.8113
5,accepted,maths,252,0.9184,0.8291
7,unreached,maths,239,0.9331,0.8023
10,unreached,maths,124,0.8894,0.7514
3,accepted,maths,77,0.8744,0.7798
7,rejected,maths,77,0.9005,0.8147
14,unreached,maths,77,0.8962,0.8328
8,accepted,maths,40,0.8958,0.8309
7,accepted,maths,129,0.9208,0.7932
12,accepted,maths,129,0.9556,0.8408
2,accepted,maths,84,0.8867,0.9187
14,unreached,maths,84,0.925,0.8302
8,accepted,maths,56,0.8615,0.8528
10,unreached,maths,56,0.9051,0.8428
10,unreached,maths,262,0.9452,0.8944
5,unreached,maths,95,0.9396,0.8604
13,unreached,maths,65,0.9482,0.9332
9,accepted,maths,265,0.9312,0.8803
1,accepted,maths,256,0.8838,0.8276
6,unreached,maths,256,0.8989,0.7991
2,accepted,maths,161,0.9452,0.9207
7,unreached,maths,97,0.9206,0.8312
5,unreached,maths,169,0.9798,0.9387
14,unreached,maths,169,0.9585,1.001
11,unreached,maths,99,0.9273,0.8644
12,unreached,maths,99,0.8869,0.8977
10,unreached,maths,68,0.89,0.8272
8,unreached,maths,108,0.9568,0.9331
14,unreached,maths,108,0.8983,0.7476
11,unreached,maths,268,0.9368,0.98
12,unreached,maths,268,0.9531,1.031
2,accepted,maths,111,0.8711,0.7407
10,unreached,maths,73,0.9568,0.7727
2,accepted,maths,187,0.8635,0.7525
3,rejected,maths,187,0.9385,1.041
9,accepted,maths,77,0.8805,0.8501
12,unreached,maths,77,0.9081,0.8147
8,accepted,maths,285,0.8775,0.8387
9,rejected,maths,285,0.955,0.8894
4,accepted,maths,190,0.852,0.7996
1,accepted,maths,127,0.8956,0.873
13,accepted,maths,127,0.8608,0.8275
2,accepted,maths,87,0.8683,0.7711
14,unreached,maths,87,0.9688,0.8285
4,accepted,maths,78,0.9609,0.8681
1,accepted,maths,294,0.8984,0.8159
3,accepted,maths,294,0.9353,1.041
12,unreached,maths,294,0.8825,0.8525
12,unreached,maths,195,0.9899,0.9161
5,accepted,maths,143,0.9337,0.8009
2,rejected,maths,97,0.9018,0.7895
11,unreached,maths,97,0.922,0.8038
7,accepted,maths,303,0.8999,0.892
11,unreached,maths,205,0.8637,0.932
6,rejected,maths,149,0.8931,0.9737
9,unreached,maths,99,0.9332,0.8851
12,unreached,maths,88,0.9267,0.7714
12,unreached,maths,318,0.9035,0.8671
10,rejected,maths,209,0.8814,0.8197
3,accepted,maths,155,0.887,0.792
13,unreached,maths,155,0.912,0.7825
14,unreached,maths,155,0.9193,0.7757
13,unreached,maths,102,0.8933,0.7442
2,accepted,maths,219,0.9603,0.9324
1,rejected,maths,107,0.8942,0.8174
12,unreached,maths,343,0.9219,0.8252
15,unreached,maths,343,0.908,0.6982
10,unreached,maths,225,0.9514,0.8372
3,accepted,maths,163,0.8635,0.7473
6,unreached,maths,346,0.911,0.8082
10,unreached,maths,234,0.9557,1.068
3,accepted,maths,119,0.9203,0.8616
6,accepted,maths,119,0.991,0.9385
5,unreached,maths,350,0.8993,0.8151
1,accepted,maths,135,0.9242,0.7976
15,accepted,maths,135,0.896,0.7802
2,rejected,maths,251,0.8726,0.7749
6,unreached,maths,251,0.8943,0.778
10,unreached,maths,251,0.9177,0.804
14,unreached,maths,251,0.915,0.7716
14,unreached,maths,211,0.9129,0.7774
6,accepted,maths,130,0.9759,1.044
15,unreached,maths,130,0.9093,0.8183
6,accepted,maths,151,0.9398,0.914
5,unreached,maths,217,0.9545,0.9859
15,unreached,maths,217,0.9696,1.079
11,unreached,maths,144,0.9449,0.8432
8,unreached,maths,153,0.9165,0.8263
12,unreached,maths,153,0.9047,0.7761
5,accepted,maths,183,0.8528,0.745
12,accepted,maths,183,0.8908,0.7979
2,accepted,maths,363,0.9084,0.8898
8,rejected,maths,363,0.8996,0.8144
2,accepted,maths,159,0.8709,0.8158
15,unreached,maths,159,0.9301,0.9648
2,accepted,maths,199,0.8601,0.7574
8,unreached,maths,371,0.9599,0.8074
14,unreached,maths,225,0.9528,0.8601
14,unreached,maths,172,0.9724,0.8883
6,accepted,maths,215,0.9217,0.8379
3,rejected,maths,267,0.9352,0.8445
15,unreached,maths,267,0.9675,0.9233
9,accepted,maths,183,0.9109,0.8663
10,accepted,maths,183,0.9108,0.9356
13,unreached,maths,270,0.903,0.7142
9,accepted,maths,243,0.8712,0.7395
3,accepted,maths,196,0.9484,0.9792
3,accepted,maths,236,0.8993,0.8274
6,accepted,maths,236,0.8898,0.7752
7,accepted,maths,236,0.8598,0.7642
3,accepted,maths,272,0.8822,0.8175
15,unreached,maths,272,0.9225,0.7276
3,accepted,maths,259,0.9055,0.8456
1,accepted,maths,201,0.9027,0.9725
7,accepted,maths,201,0.9372,0.8151
11,accepted,maths,201,0.9655,0.9019
7,unreached,maths,244,1.01,0.9289
8,unreached,maths,244,1.007,0.9334
10,unreached,maths,276,0.9637,1.064
2,accepted,maths,213,0.8939,0.8498
12,accepted,maths,424,0.9154,0.8439
6,unreached,maths,280,0.9387,0.8624
5,accepted,maths,291,0.9304,0.879
11,accepted,maths,291,0.945,0.8807
5,accepted,maths,440,0.9179,0.8196
1,accepted,maths,284,0.8631,0.8389
11,unreached,maths,284,0.8793,0.7937
8,unreached,maths,307,0.9628,1.002
9,unreached,maths,307,0.9182,0.8277
2,accepted,maths,286,0.8914,0.8837
12,unreached,maths,310,0.9127,0.7531
1,accepted,maths,290,0.8562,0.7776
13,unreached,maths,311,0.9468,0.8246
1,rejected,maths,110,0.8601,0.7999
2,unreached,maths,110,0.9317,0.9446
4,unreached,maths,110,1.005,1.085
1,accepted,maths,302,0.8986,0.9806
6,unreached,maths,302,0.942,0.9155
12,unreached,maths,314,0.9417,0.8255
12,accepted,maths,252,0.8903,0.8968
5,accepted,maths,111,0.9173,0.8764
6,accepted,maths,111,0.8442,0.8225
4,unreached,maths,316,0.9519,0.8995
1,accepted,maths,120,0.8657,0.8013
9,accepted,maths,120,0.8777,0.8453
8,unreached,maths,269,0.9052,0.8063
14,unreached,maths,136,0.9499,0.9642
2,rejected,maths,67,0.8809,0.8118
3,accepted,maths,323,0.8758,0.7776
1,rejected,maths,146,0.8708,0.7647
1,accepted,maths,328,0.9065,0.8803
14,unreached,maths,279,0.9352,0.7969
5,unreached,maths,325,0.9383,0.8036
13,accepted,maths,291,0.9493,0.9943
14,accepted,maths,291,0.944,1
1,accepted,maths,150,0.8691,0.8306
8,unreached,maths,92,0.889,0.7764
12,unreached,maths,156,0.9534,0.8626
14,unreached,maths,98,0.9147,0.7595
4,accepted,maths,370,0.9185,0.8668
1,rejected,maths,311,0.8324,0.7906
1,accepted,maths,312,0.8673,0.836
8,accepted,maths,312,0.9274,0.9394
3,accepted,maths,180,0.9137,0.8566
5,accepted,maths,180,0.8559,0.8493
1,accepted,maths,402,0.876,0.8426
4,accepted,maths,402,0.8949,0.7796
7,accepted,maths,402,0.9449,0.8981
3,unreached,maths,340,0.9197,0.8471
10,unreached,maths,191,0.987,1.118
12,unreached,maths,191,0.9219,0.819
2,accepted,maths,416,0.9234,0.8012
6,unreached,maths,193,0.8965,0.8301
15,unreached,maths,111,0.9273,0.7821
4,unreached,maths,343,0.8984,0.7921
7,unreached,maths,327,0.8987,0.7782
15,unreached,maths,327,0.9086,0.881
5,accepted,maths,448,0.9012,0.7581
14,accepted,maths,128,0.9252,0.8782
7,rejected,maths,352,0.9081,0.885
5,unreached,maths,336,0.8974,0.9528
10,unreached,maths,336,0.9049,0.8211
2,rejected,maths,213,0.8482,0.816
6,unreached,maths,213,0.9319,0.8446
9,unreached,maths,213,0.9401,0.8642
5,unreached,maths,74,0.98,0.8563
8,unreached,maths,74,0.9408,0.8867
7,unreached,maths,359,0.9115,0.9045
9,accepted,maths,215,0.8519,0.9082
10,accepted,maths,155,0.9401,0.8566
11,accepted,maths,155,0.9218,0.8503
1,accepted,maths,352,0.8663,0.8111
9,accepted,maths,84,0.899,0.8355
3,accepted,maths,377,0.9009,0.8669
13,unreached,maths,377,0.9866,1.048
4,accepted,maths,357,0.9409,0.9756
4,unreached,maths,100,0.969,1.006
10,unreached,maths,384,0.9383,0.8684
12,unreached,maths,384,0.9056,0.878
5,unreached,maths,365,0.9286,0.8587
12,unreached,maths,240,0.9,0.8154
6,unreached,maths,174,0.9081,0.8268
14,unreached,maths,103,0.9737,1.024
1,accepted,maths,388,0.9196,0.8373
8,unreached,maths,243,0.878,0.7913
11,unreached,maths,243,0.8806,0.785
6,unreached,maths,179,0.9358,0.9375
11,unreached,maths,397,0.9694,0.8749
2,accepted,maths,370,0.8843,0.7628
1,accepted,maths,183,0.897,0.8733
1,rejected,maths,119,0.8507,0.773
4,accepted,maths,401,0.8922,0.8519
10,unreached,maths,252,0.9232,0.8526
5,accepted,maths,413,0.9214,0.8236
10,accepted,maths,413,0.9406,0.8629
1,accepted,maths,389,0.8514,0.8591
1,accepted,maths,189,0.8607,0.765
3,accepted,maths,429,0.8399,0.8014
1,accepted,maths,266,0.9007,0.9065
2,accepted,maths,266,0.9118,0.8496
12,unreached,maths,266,0.8556,0.8491
9,accepted,maths,124,0.887,0.8846
12,accepted,maths,444,0.9464,0.898
13,unreached,maths,270,0.863,0.8374
4,accepted,maths,140,0.9397,0.9203
13,accepted,maths,273,0.9664,1
9,accepted,maths,154,0.8598,0.8222
2,accepted,maths,289,0.949,0.8937
10,unreached,maths,41,0.9491,0.795
12,unreached,maths,41,0.9499,0.82
14,unreached,maths,41,0.9372,0.7345
14,accepted,maths,298,0.8821,0.8708
14,unreached,maths,215,0.955,0.8539
8,unreached,maths,42,0.9362,0.8013
1,accepted,maths,60,0.8798,0.8016
7,unreached,maths,60,0.9898,0.8397
11,unreached,maths,60,0.9723,0.8251
2,accepted,maths,47,0.9598,0.8665
2,accepted,maths,65,0.9597,0.8719
6,accepted,maths,316,0.9333,0.9753
8,accepted,maths,316,0.8906,0.8028
4,accepted,maths,224,0.9203,0.8527
5,accepted,maths,198,0.8682,0.7475
14,unreached,maths,50,0.9496,0.8787
3,unreached,maths,74,0.9397,0.871
12,unreached,maths,74,0.9061,0.7903
13,unreached,maths,74,0.9122,0.8103
11,accepted,maths,325,0.9266,0.8836
12,unreached,maths,214,0.8744,0.8542
13,unreached,maths,214,0.8706,0.8219
13,unreached,maths,52,0.9716,1.043
1,accepted,maths,256,0.937,0.876
9,unreached,maths,256,0.9824,0.8734
11,unreached,maths,256,0.9484,1.067
1,accepted,maths,217,0.9109,0.9756
2,rejected,maths,77,0.8631,0.8886
15,unreached,maths,353,0.9273,0.8743
9,unreached,maths,79,0.9318,0.9701
3,accepted,maths,236,0.8843,0.8651
12,accepted,maths,236,0.8855,0.7983
6,accepted,maths,383,0.8845,0.8684
3,accepted,maths,92,0.9045,0.8854
5,accepted,maths,399,0.9034,0.7886
9,unreached,maths,258,0.8971,0.7855
2,rejected,maths,101,0.8486,0.7868
4,accepted,maths,87,0.9486,1.014
15,rejected,maths,87,0.919,0.9012
1,accepted,maths,415,0.9191,0.8564
11,unreached,maths,102,0.9322,0.8718
10,accepted,maths,431,0.9079,0.7787
9,unreached,maths,267,0.9598,0.9938
8,accepted,maths,98,0.9315,1.092
10,unreached,maths,98,0.902,0.8982
13,unreached,maths,98,0.972,0.9011
7,unreached,maths,106,0.8979,0.8008
12,unreached,maths,106,0.9267,0.8474
8,accepted,maths,447,0.8712,0.8002
11,accepted,maths,447,0.9038,0.8288
2,accepted,maths,271,0.8538,0.7919
7,unreached,maths,107,0.9443,0.9232
8,unreached,maths,107,0.966,1.038
8,unreached,maths,123,0.9734,0.9172
1,rejected,maths,110,0.8674,0.7643
7,unreached,maths,110,0.9775,0.9248
14,unreached,maths,110,0.889,0.7424
1,accepted,maths,463,0.87,0.7978
13,unreached,maths,274,0.9488,0.8509
14,unreached,maths,274,0.9636,1.023
4,rejected,maths,277,0.967,0.9642
15,accepted,maths,126,0.939,0.9539
5,unreached,maths,119,0.9071,0.8136
7,unreached,maths,119,0.8876,0.8227
8,unreached,maths,70,0.9501,0.8114
8,accepted,maths,297,0.9853,0.9104
14,accepted,maths,297,0.9469,0.9975
13,unreached,maths,142,0.9436,0.825
15,unreached,maths,142,0.9622,1.094
11,accepted,maths,142,0.9204,0.9784
14,unreached,maths,142,0.9653,0.9703
8,accepted,maths,72,0.9523,0.8476
15,accepted,maths,72,0.9734,0.9766
2,accepted,maths,152,0.988,0.9615
9,unreached,maths,126,0.9332,0.8734
9,unreached,maths,88,0.9241,0.9096
5,accepted,maths,318,0.9571,0.9202
1,accepted,maths,161,0.902,0.9372
3,unreached,maths,130,0.9272,0.8461
14,unreached,maths,95,0.9353,0.8688
10,unreached,maths,170,0.8925,0.8083
12,unreached,maths,170,0.8857,0.7591
12,accepted,maths,176,0.9603,0.9405
14,unreached,maths,96,0.9739,1.028
1,accepted,maths,350,0.9024,0.7561
9,accepted,maths,350,0.9149,0.965
11,accepted,maths,350,0.8932,0.8089
4,accepted,maths,171,0.8823,0.7428
8,unreached,maths,143,0.9242,0.9499
6,accepted,maths,366,0.9909,0.9485
10,accepted,maths,366,0.9056,0.8075
14,accepted,maths,366,0.9328,0.898
1,accepted,maths,177,0.8773,0.8319
3,rejected,maths,177,0.8798,0.7982
10,unreached,maths,177,0.9283,0.861
4,accepted,maths,200,0.9141,0.8676
7,accepted,maths,200,0.9189,0.8455
8,accepted,maths,200,0.9217,0.8528
10,accepted,maths,200,0.9731,0.9102
11,unreached,maths,146,0.9563,0.8327
1,accepted,maths,99,0.9014,0.7821
12,accepted,maths,99,0.9601,0.8676
2,accepted,maths,180,0.8644,0.7569
4,accepted,maths,180,0.8935,0.7634
13,unreached,maths,180,0.9253,0.7806
8,unreached,maths,147,0.9224,1.013
15,unreached,maths,147,0.9117,0.9184
5,accepted,maths,115,0.9022,0.9002
15,unreached,maths,115,0.9689,1.094
1,accepted,maths,224,0.8582,0.7186
7,accepted,maths,414,0.8641,0.8043
4,accepted,maths,192,0.9387,0.9097
3,accepted,maths,135,0.8372,0.7156
6,accepted,maths,135,0.9241,1.022
10,accepted,maths,429,0.9027,0.9036
4,accepted,maths,165,0.8708,0.8914
1,accepted,maths,150,0.854,0.8001
5,accepted,maths,150,0.93,0.827
2,accepted,maths,202,0.9281,0.9557
7,accepted,maths,248,0.9167,0.8666
14,accepted,maths,248,0.9025,0.8144
1,accepted,maths,181,0.8738,0.8045
1,accepted,maths,166,0.8936,0.9339
2,accepted,maths,166,0.9319,0.8935
2,accepted,maths,264,0.9422,0.9036
2,accepted,maths,197,0.9069,0.8774
1,accepted,maths,234,0.9208,0.8424
3,accepted,maths,194,0.9439,0.8915
7,unreached,maths,249,0.9939,0.9731
7,accepted,maths,296,0.8728,0.8151
12,unreached,maths,229,0.9707,0.9685
1,accepted,maths,205,0.8501,0.8098
10,rejected,maths,205,0.8817,0.7959
15,unreached,maths,205,0.9738,0.947
2,accepted,maths,85,0.9209,0.8528
3,accepted,maths,85,0.9247,0.8507
14,accepted,maths,254,0.9372,0.8567
4,accepted,maths,307,0.8831,0.7809
7,accepted,maths,307,0.8669,0.77
11,unreached,maths,215,0.954,0.9262
3,rejected,maths,94,0.9048,0.8261
10,unreached,maths,316,0.8488,0.8622
2,accepted,maths,249,0.9288,0.8629
3,accepted,maths,216,0.9188,0.9665
13,unreached,maths,284,0.9581,0.8423
8,accepted,maths,321,0.8518,0.7413
9,accepted,maths,321,0.9254,0.818
12,rejected,maths,321,0.9071,0.8855
13,unreached,maths,321,0.9214,0.9821
2,accepted,maths,229,0.9099,0.9043
10,rejected,maths,229,0.8406,0.8398
6,accepted,maths,111,0.8619,0.7689
5,accepted,maths,295,0.8869,0.7256
12,unreached,maths,295,0.9466,0.8049
14,unreached,maths,295,0.9351,0.7413
15,accepted,maths,333,0.9248,0.861
14,unreached,maths,256,0.964,0.8487
7,accepted,maths,259,0.932,0.8624
12,unreached,maths,267,0.9486,0.9042
10,accepted,maths,363,0.9805,0.9044
11,accepted,maths,363,0.93,0.8991
5,rejected,maths,273,0.9739,0.9976
12,unreached,maths,273,0.8897,0.8006
13,unreached,maths,271,0.996,1.054
1,rejected,maths,124,0.8509,0.7774
12,accepted,maths,379,0.875,0.7964
14,rejected,maths,379,0.9497,0.8732
4,rejected,maths,278,0.8546,0.8309
14,unreached,maths,272,0.9517,0.8012
12,unreached,maths,94,0.9545,0.8
15,unreached,maths,94,0.9319,0.805
3,accepted,maths,393,0.8617,0.8692
12,accepted,maths,279,0.8648,0.8238
15,unreached,maths,128,0.9511,0.8422
5,unreached,maths,295,0.8947,0.7886
8,unreached,maths,295,0.9074,0.7662
6,accepted,maths,137,0.8649,0.7943
1,accepted,maths,310,0.9012,0.913
3,accepted,maths,310,0.9141,0.8301
8,accepted,maths,310,0.9077,0.8528
6,unreached,maths,110,0.9262,0.8366
11,unreached,maths,110,0.9198,0.7928
13,accepted,maths,326,0.9222,0.8245
14,accepted,maths,326,0.9507,0.878
6,accepted,maths,158,0.9395,0.8148
9,accepted,maths,158,0.8946,0.8193
6,unreached,maths,114,0.9126,0.8407
9,unreached,maths,168,0.8831,0.8133
11,unreached,maths,168,0.9232,0.8783
14,unreached,maths,416,0.8762,0.843
6,rejected,maths,343,0.8658,0.7804
9,unreached,maths,343,0.935,0.8744
14,unreached,maths,343,0.9842,0.9158
2,accepted,maths,330,0.8974,0.9244
6,accepted,maths,330,0.9353,0.8856
5,accepted,maths,121,0.9529,0.8484
12,accepted,maths,121,0.9226,0.9258
14,accepted,maths,424,0.9534,0.9086
2,accepted,maths,346,0.8938,0.8615
2,accepted,maths,177,0.8754,0.8016
15,unreached,maths,351,0.9485,0.8461
8,accepted,maths,362,0.9791,0.8917
13,unreached,maths,152,0.9838,0.8267
7,accepted,maths,373,0.8522,0.7412
3,accepted,maths,158,0.9377,0.8985
13,accepted,maths,158,0.8827,0.7921
4,accepted,maths,59,0.9385,0.9697
5,accepted,maths,59,0.9281,0.9423
6,accepted,maths,59,0.8709,0.7618
6,accepted,maths,371,0.9737,0.8859
6,accepted,maths,389,0.8674,0.8308
4,accepted,maths,195,0.896,0.7961
9,unreached,maths,174,0.9172,0.843
3,accepted,maths,405,0.8682,0.7816
2,rejected,maths,74,0.8865,0.8584
1,accepted,maths,185,0.8636,0.7538
13,unreached,maths,185,0.9472,0.806
4,rejected,maths,76,0.9332,0.8742
5,unreached,maths,76,0.8856,0.7864
13,unreached,maths,76,0.9453,0.8365
5,accepted,maths,412,0.8657,0.7174
6,accepted,maths,437,0.894,0.8137
3,accepted,maths,206,0.971,0.9515
11,unreached,maths,206,0.9814,0.9147
9,rejected,maths,444,0.847,0.8417
11,unreached,maths,211,0.9656,1.023
12,unreached,maths,84,0.9413,0.8041
10,accepted,maths,215,0.9159,0.8769
5,accepted,maths,207,0.9638,0.8774
10,accepted,maths,207,0.9683,0.8635
5,unreached,maths,87,0.9478,0.8995
9,unreached,maths,87,0.9555,0.8109
4,unreached,maths,88,0.9142,0.8464
7,unreached,maths,62,0.9412,0.8566
10,accepted,maths,439,0.9005,0.9404
8,unreached,maths,239,0.9156,0.8027
1,accepted,maths,451,0.8859,0.8135
3,rejected,maths,237,0.8515,0.7729
14,unreached,maths,237,0.9766,0.9403
15,accepted,maths,241,0.9584,1.098
15,unreached,maths,467,0.9757,0.9324
9,unreached,maths,240,0.9619,0.9199
11,unreached,maths,77,0.8975,0.7831
11,unreached,maths,80,0.8929,0.7608
9,unreached,maths,244,0.9526,0.8471
8,accepted,maths,122,0.9404,0.9145
1,rejected,maths,86,0.8593,0.7627
10,unreached,maths,290,0.9431,0.8446
7,accepted,maths,263,0.8726,0.8335
2,accepted,maths,296,0.8595,0.7658
4,accepted,maths,296,0.8769,0.909
15,accepted,maths,296,0.9831,1.083
1,accepted,maths,91,0.8642,0.7888
3,accepted,maths,64,0.9714,0.9773
12,accepted,maths,64,0.9318,0.8805
10,unreached,maths,279,0.9382,0.8458
6,accepted,maths,312,0.9292,0.8916
13,accepted,maths,165,0.8717,0.7692
7,unreached,maths,80,0.8823,0.7811
8,unreached,maths,80,0.892,0.7771
15,unreached,maths,80,0.8789,0.9697
2,accepted,maths,286,0.8557,0.7941
5,unreached,maths,108,0.9048,0.8371
9,unreached,maths,108,0.9387,0.8071
3,accepted,maths,81,0.8924,0.799
5,accepted,maths,81,0.9058,0.7972
15,unreached,maths,81,0.9249,0.814
4,accepted,maths,289,0.9155,0.8269
15,unreached,maths,289,0.9332,0.832
10,accepted,maths,326,0.8956,0.8092
9,unreached,maths,194,0.9617,0.8851
13,unreached,maths,91,0.9121,0.8104
3,accepted,maths,297,0.9171,0.8526
14,unreached,maths,297,0.9457,0.8418
11,unreached,maths,102,0.9154,0.7311
2,accepted,maths,303,0.8871,0.8044
3,accepted,maths,107,0.9018,0.7962
12,unreached,maths,318,0.9201,0.9321
2,accepted,maths,354,0.8738,0.8125
7,unreached,maths,203,0.9268,0.9595
15,unreached,maths,116,0.9652,0.9228
11,unreached,maths,206,0.9918,1.036
12,unreached,maths,341,0.927,0.7627
1,rejected,maths,138,0.8576,0.7665
12,unreached,maths,138,0.9261,0.8938
8,unreached,maths,382,0.9527,0.9252
4,accepted,maths,210,0.9428,0.9586
5,accepted,maths,210,0.8858,0.8967
13,unreached,maths,210,0.9905,0.8638
5,unreached,maths,135,0.9914,1.018
7,unreached,maths,135,1.01,0.9802
9,unreached,maths,385,0.8836,0.8104
15,unreached,maths,143,0.9662,0.897
11,accepted,maths,361,0.9465,0.9121
7,accepted,maths,395,0.8842,0.82
15,unreached,maths,395,0.9826,0.8893
2,accepted,maths,150,0.8879,0.8255
4,unreached,maths,150,0.9877,0.9173
2,accepted,maths,404,0.9425,0.9116
9,accepted,maths,404,0.9077,0.8282
1,accepted,maths,153,0.9345,0.9442
7,rejected,maths,156,0.8893,1.009
6,unreached,maths,163,0.9442,0.8159
12,unreached,maths,163,0.911,0.818
14,unreached,maths,381,0.9742,0.8277
5,accepted,maths,436,0.9726,0.8919
8,unreached,maths,436,0.9653,0.8665
7,accepted,maths,167,0.8781,0.782
5,accepted,maths,87,0.9657,0.8859
7,accepted,maths,87,0.8891,0.8301
8,accepted,maths,87,0.9518,0.8561
10,accepted,maths,87,0.9874,0.9791
1,accepted,maths,400,0.8741,0.7924
13,unreached,maths,400,0.9358,0.9474
1,accepted,maths,455,0.874,0.828
12,rejected,maths,455,0.9587,0.9715
13,unreached,maths,182,0.9699,1.028
9,unreached,maths,103,0.9303,0.8448
11,unreached,maths,103,0.8979,0.7911
12,accepted,maths,193,0.9419,0.9093
13,unreached,maths,111,0.9131,0.8873
8,unreached,maths,201,0.9124,0.8762
4,unreached,maths,72,0.9446,0.8331
1,accepted,maths,206,0.8618,0.7714
5,accepted,maths,206,0.9282,0.8194
8,rejected,maths,116,0.8339,0.8456
14,unreached,maths,74,0.9539,1.007
3,accepted,maths,80,1,0.8988
3,accepted,maths,221,0.8458,0.775
11,rejected,maths,221,0.8607,0.913
5,unreached,maths,126,0.9162,0.8399
8,accepted,maths,96,0.8348,0.8259
6,unreached,maths,434,0.9733,0.9291
15,unreached,maths,434,0.9521,0.8849
10,unreached,maths,248,0.9692,0.9368
5,unreached,maths,437,0.9414,0.915
9,accepted,maths,251,0.926,0.9212
5,unreached,maths,129,0.9561,0.8857
3,unreached,maths,107,0.9232,0.9038
12,unreached,maths,107,0.9127,0.7878
15,unreached,maths,107,0.9838,0.9225
4,accepted,maths,263,0.9339,0.9128
1,accepted,maths,242,0.8883,0.8455
7,rejected,maths,130,0.8347,0.8473
11,accepted,maths,109,0.8882,0.8291
5,accepted,maths,137,0.9446,0.9775
12,unreached,maths,137,0.8903,0.7662
14,unreached,maths,450,1.008,1.13
1,accepted,maths,279,0.8625,0.7852
4,accepted,maths,279,0.9095,0.8921
8,accepted,maths,279,0.9145,0.8323
10,unreached,maths,267,0.9809,1.123
12,unreached,maths,145,0.9129,0.8224
4,rejected,maths,453,0.8718,0.8518
3,accepted,maths,272,0.9135,0.8545
15,unreached,maths,272,0.9329,0.7876
11,rejected,maths,135,0.9427,0.8061
2,accepted,maths,457,0.8874,0.824
14,accepted,maths,277,0.9287,0.8546
11,unreached,maths,293,0.9756,1.077
14,unreached,maths,293,0.9488,0.8403
1,accepted,maths,147,0.8599,0.8347
3,accepted,maths,297,0.9141,0.8414
5,accepted,maths,297,0.9312,0.9982
14,accepted,maths,297,0.981,0.886
4,accepted,maths,163,0.9482,0.9229
3,accepted,maths,91,0.9126,0.8387
12,unreached,maths,91,0.9813,0.8235
15,unreached,maths,91,0.9094,0.7352
3,accepted,maths,313,0.899,0.9636
6,accepted,maths,313,0.8589,0.8493
7,rejected,maths,184,0.906,0.8178
12,unreached,maths,184,0.9899,1.109
11,unreached,maths,174,0.8784,0.8328
15,unreached,maths,174,0.8871,0.7548
4,accepted,maths,98,0.8692,0.8313
10,unreached,maths,98,0.9552,0.8642
1,accepted,maths,327,0.9301,0.9137
5,accepted,maths,343,0.9156,0.7968
12,accepted,maths,207,0.8455,0.9123
1,accepted,maths,142,0.8945,0.8169
8,unreached,maths,222,0.8371,0.7876
5,accepted,maths,202,0.949,0.8208
11,accepted,maths,362,0.8632,0.8625
3,unreached,maths,213,0.892,0.7944
1,accepted,maths,145,0.8896,0.8473
10,accepted,maths,147,0.9149,0.9366
10,unreached,maths,236,0.9265,0.8922
2,accepted,maths,231,0.8795,0.7948
9,accepted,maths,231,0.9237,0.8835
8,accepted,maths,163,0.9227,0.8189
9,accepted,maths,398,0.8987,0.8036
5,accepted,maths,244,0.9509,1.005
4,accepted,maths,179,0.9262,0.8037
3,unreached,maths,172,0.937,0.8325
7,unreached,maths,172,0.9138,0.7454
2,accepted,maths,419,0.9227,0.7769
13,unreached,maths,268,0.98,0.9204
6,unreached,maths,260,0.9899,0.9963
13,unreached,maths,197,0.942,0.9005
6,unreached,maths,435,0.9651,0.9652
2,accepted,maths,272,0.8795,0.8391
4,accepted,maths,182,0.9124,0.8264
9,accepted,maths,182,0.9191,0.8137
10,rejected,maths,200,0.9311,0.9138
10,accepted,maths,210,0.9577,0.8564
13,unreached,maths,295,0.9452,0.8237
5,unreached,maths,224,0.9839,1.035
13,accepted,maths,301,0.9292,0.8756
5,accepted,maths,219,0.8917,0.7797
14,unreached,maths,219,0.9515,0.8606
10,accepted,maths,45,0.8818,0.788
11,accepted,maths,45,0.9248,0.8622
9,unreached,maths,303,0.9345,0.9056
9,unreached,maths,234,0.9514,0.804
15,unreached,maths,234,0.9187,0.7436
6,accepted,maths,61,0.9575,0.9056
14,accepted,maths,61,0.943,0.8679
9,unreached,maths,304,0.9839,0.9084
3,accepted,maths,333,0.9618,0.9675
12,accepted,maths,333,0.963,0.9629
6,unreached,maths,237,0.9579,0.9015
11,unreached,maths,237,0.9374,0.7907
4,unreached,maths,236,0.9267,0.8565
9,accepted,maths,346,0.8861,0.9716
6,unreached,maths,239,0.9219,0.8337
7,accepted,maths,86,0.9435,0.8537
11,unreached,maths,358,0.8604,0.782
11,unreached,maths,102,0.9316,0.8288
8,accepted,maths,323,0.8526,0.7463
2,accepted,maths,362,0.8991,0.8485
2,accepted,maths,253,0.8668,0.8268
9,rejected,maths,253,0.9345,0.8618
14,unreached,maths,253,0.9673,0.9315
12,unreached,maths,107,0.9135,0.7845
10,accepted,maths,339,0.9277,0.9185
12,accepted,maths,262,0.9,0.8438
5,accepted,maths,255,0.8782,0.8411
7,accepted,maths,255,0.9213,0.8429
4,unreached,maths,111,0.9004,0.8306
7,unreached,maths,111,0.9082,0.8178
10,unreached,maths,111,0.929,0.7915
11,unreached,maths,111,0.9269,0.8079
4,accepted,maths,386,0.8731,0.8002
10,unreached,maths,277,0.9604,0.7868
8,accepted,maths,265,0.9553,0.8481
1,accepted,maths,114,0.8575,0.784
6,accepted,maths,394,0.9446,0.9805
6,rejected,maths,277,0.9344,0.9504
8,unreached,maths,117,0.9532,0.8855
9,unreached,maths,117,0.9197,0.8818
10,unreached,maths,117,0.9379,0.8012
5,accepted,maths,367,0.9347,0.9476
14,unreached,maths,367,0.9137,0.8567
7,accepted,maths,296,0.947,0.9676
14,unreached,maths,121,0.9368,0.9067
2,accepted,maths,415,0.8538,0.8011
9,unreached,maths,415,0.9296,0.9892
3,unreached,maths,286,0.9121,0.782
13,unreached,maths,286,0.9516,0.7807
4,accepted,maths,126,0.8772,0.7976
2,rejected,maths,380,0.8441,0.7645
5,unreached,maths,380,0.9347,0.8629
3,accepted,maths,382,0.9205,0.8534
9,accepted,maths,439,0.8844,0.7911
10,unreached,maths,337,0.931,0.8158
13,unreached,maths,337,0.9517,0.8918
3,accepted,maths,136,0.882,0.7739
5,unreached,maths,398,0.9211,0.9059
6,accepted,maths,308,0.8947,0.8637
13,unreached,maths,308,0.9309,0.8457
13,unreached,maths,400,0.9259,0.8285
1,accepted,maths,345,0.9089,0.8138
15,unreached,maths,345,0.9915,1.105
1,accepted,maths,316,0.8647,0.7985
10,unreached,maths,316,0.9468,0.8179
11,unreached,maths,316,0.948,0.9366
6,unreached,maths,158,0.9676,0.7955
7,unreached,maths,158,0.9546,0.8077
15,unreached,maths,54,0.925,0.7679
2,accepted,maths,407,0.8745,0.7897
3,accepted,maths,351,0.9199,0.8987
5,accepted,maths,351,0.9978,0.9593
4,accepted,maths,62,0.8637,0.7206
7,accepted,maths,425,0.8604,0.9013
7,unreached,maths,375,0.9153,0.9495
11,unreached,maths,375,0.9633,0.8824
7,unreached,maths,325,0.9593,0.9844
12,accepted,maths,191,0.9228,0.8682
1,accepted,maths,207,0.9117,0.8423
11,accepted,maths,207,0.9175,0.9396
3,accepted,maths,77,0.8742,0.8018
4,accepted,maths,77,0.9385,0.8244
10,unreached,maths,77,0.9323,0.9919
13,unreached,maths,77,0.9903,0.9481
10,accepted,maths,332,0.97,0.8682
13,accepted,maths,332,0.9659,0.968
5,accepted,maths,223,0.9407,1.015
1,accepted,maths,455,0.8862,0.9251
7,unreached,maths,348,0.9802,0.9593
13,unreached,maths,348,0.9516,0.9897
7,accepted,maths,237,0.8599,0.9408
7,accepted,maths,397,0.949,0.8345
14,accepted,maths,397,0.9661,0.961
2,accepted,maths,413,0.9357,1.033
3,accepted,maths,413,0.9267,0.8677
14,unreached,maths,353,0.9649,0.8378
2,accepted,maths,104,0.9163,0.9796
9,unreached,maths,283,0.9465,0.9302
11,unreached,maths,283,0.9668,0.9879
5,accepted,maths,445,0.9746,0.8402
11,unreached,maths,82,0.9728,0.8423
14,unreached,maths,82,0.9347,0.7497
11,accepted,maths,460,0.9201,0.8096
14,unreached,maths,374,0.9406,0.8512
2,accepted,maths,300,0.9102,0.9177
15,accepted,maths,300,0.9724,1.007
5,accepted,maths,379,0.8993,0.9205
12,unreached,maths,379,0.9682,0.8981
13,unreached,maths,379,0.9169,0.841
12,accepted,maths,316,0.9239,0.982
9,unreached,maths,120,0.9511,0.9071
13,unreached,maths,332,0.9486,0.9229
5,accepted,maths,122,0.939,0.9368
14,rejected,maths,101,0.9657,1.14
8,rejected,maths,339,0.8836,0.9067
5,accepted,maths,130,0.9158,0.8176
11,unreached,maths,130,0.9196,0.8293
15,unreached,maths,400,0.9558,0.843
15,unreached,maths,347,0.9675,0.8674
8,accepted,maths,131,0.8572,0.8859
4,accepted,maths,60,0.922,0.8527
2,rejected,maths,138,0.8651,0.7912
10,unreached,maths,138,0.9231,0.8076
14,unreached,maths,76,0.9415,0.8442
2,unreached,maths,140,0.8503,0.7787
5,unreached,maths,140,0.9207,0.9083
10,unreached,maths,78,0.9463,0.8493
14,unreached,maths,78,0.931,0.8679
2,accepted,maths,389,0.9268,0.8178
11,accepted,maths,389,0.9489,0.9656
15,accepted,maths,389,0.9597,0.895
6,accepted,maths,141,0.9623,0.9803
7,accepted,maths,156,0.9729,0.8654
14,unreached,maths,427,0.9331,0.811
2,accepted,maths,405,0.8726,0.8533
6,accepted,maths,405,0.9303,0.8451
15,unreached,maths,405,0.9953,0.9852
4,accepted,maths,148,0.8936,0.8943
14,unreached,maths,148,0.956,0.9809
1,accepted,maths,172,0.8784,0.7498
2,accepted,maths,419,0.8841,0.846
2,accepted,maths,88,0.8682,0.8019
12,rejected,maths,192,0.9771,0.9966
2,accepted,maths,450,0.9127,0.813
10,accepted,maths,450,0.8618,0.8751
1,accepted,maths,204,0.9278,0.8883
8,accepted,maths,204,0.9554,0.8916
5,accepted,maths,99,0.8551,0.734
7,accepted,maths,99,0.8826,0.7679
10,accepted,maths,99,0.8902,0.8254
8,unreached,maths,461,0.9142,0.8124
11,unreached,maths,461,0.9459,0.8612
2,accepted,maths,220,0.8885,0.8164
12,accepted,maths,220,0.9678,0.9352
1,accepted,maths,112,0.8866,0.826
10,unreached,maths,115,0.8579,0.7605
4,unreached,maths,464,0.9146,0.8345
7,accepted,maths,236,0.9189,0.8612
8,unreached,maths,117,0.9547,0.8632
15,unreached,maths,117,0.9604,1.065
9,accepted,maths,467,0.9436,0.8432
10,accepted,maths,467,0.9368,0.9246
3,accepted,maths,177,0.947,0.8038
11,accepted,maths,479,0.9419,1.003
4,unreached,maths,189,0.9791,0.9444
9,accepted,maths,268,0.9211,0.8256
2,accepted,maths,132,0.9268,0.8634
4,rejected,maths,132,0.9125,0.8457
11,unreached,maths,132,0.9362,0.787
1,accepted,maths,192,0.9106,0.8855
3,accepted,maths,192,0.9278,0.9047
9,rejected,maths,192,0.8633,0.7734
1,accepted,maths,284,0.9202,0.9199
3,accepted,maths,284,0.9472,0.9869
8,accepted,maths,284,0.9301,0.8314
4,unreached,maths,136,0.9104,0.7897
13,unreached,maths,138,0.9187,0.8248
1,accepted,maths,166,0.8947,0.8051
4,accepted,maths,166,0.9472,0.8078
6,accepted,maths,166,0.9034,0.895
10,accepted,maths,313,0.9765,0.8501
10,accepted,maths,182,0.937,0.854
3,accepted,maths,149,0.8356,0.7922
14,unreached,maths,149,0.9239,0.7364
15,unreached,maths,149,0.9272,0.7683
11,accepted,maths,37,0.9457,0.9091
5,unreached,maths,226,0.9282,0.8761
9,unreached,maths,226,0.9396,0.843
11,unreached,maths,198,0.9304,0.8551
3,accepted,maths,154,0.8991,0.9395
4,accepted,maths,154,0.8683,0.9376
10,unreached,maths,154,0.9463,0.8209
13,unreached,maths,154,0.9516,0.8201
7,accepted,maths,51,0.9589,0.9579
1,accepted,maths,208,0.8713,0.7942
15,unreached,maths,208,0.9279,0.7624
1,accepted,maths,67,0.9006,0.7489
1,accepted,maths,231,0.8769,0.7994
6,rejected,maths,231,0.9658,0.9269
8,unreached,maths,231,0.9799,0.9549
10,unreached,maths,340,0.9819,0.9234
6,accepted,maths,213,0.8988,0.8158
11,accepted,maths,341,0.9626,0.8435
10,unreached,maths,227,0.886,0.9159
6,accepted,maths,164,0.8446,0.8707
4,accepted,maths,253,0.905,0.8766
6,accepted,maths,253,0.9271,0.9133
15,accepted,maths,253,0.9097,0.8233
10,accepted,maths,357,0.9434,0.8404
13,accepted,maths,357,0.9686,0.8993
15,accepted,maths,357,0.965,0.957
4,rejected,maths,87,0.9147,0.8152
3,accepted,maths,373,0.9532,0.8412
6,accepted,maths,373,0.9313,0.8678
13,accepted,maths,373,0.9177,0.826
12,unreached,maths,187,0.9203,0.7748
14,unreached,maths,91,0.9715,0.8573
4,accepted,maths,271,0.9085,0.8772
12,accepted,maths,271,0.9388,0.9951
15,accepted,maths,271,0.9499,0.9327
3,accepted,maths,389,0.9301,0.9018
6,unreached,maths,241,0.9206,0.8452
6,unreached,maths,189,0.9256,0.7961
7,unreached,maths,189,0.9304,0.8204
9,unreached,maths,93,0.9911,0.9229
10,unreached,maths,93,0.9668,0.9098
14,unreached,maths,93,0.9915,0.899
7,accepted,maths,405,0.923,0.8257
5,unreached,maths,243,0.9266,0.844
13,unreached,maths,192,0.9181,0.8018
14,unreached,maths,192,0.9,0.7432
5,unreached,maths,96,0.9474,0.8714
6,accepted,maths,300,0.8827,0.9289
7,accepted,maths,300,0.9533,0.9185
14,accepted,maths,421,0.9672,0.9375
8,unreached,maths,244,0.9423,0.8625
8,unreached,maths,194,0.9104,0.8035
13,accepted,maths,98,0.9386,0.8837
10,unreached,maths,315,0.9567,0.9148
1,accepted,maths,437,0.9239,0.9889
3,accepted,maths,437,0.9115,0.806
11,accepted,maths,437,0.9351,0.7951
12,rejected,maths,437,0.95,0.9254
4,unreached,maths,245,0.9518,0.8795
15,unreached,maths,245,0.9191,0.8125
1,accepted,maths,324,0.9325,0.8749
13,accepted,maths,324,0.9673,0.9253
2,accepted,maths,247,0.9026,0.8183
6,unreached,maths,200,0.9014,0.8166
1,accepted,maths,339,0.9152,0.8219
6,accepted,maths,339,0.9265,0.8323
1,accepted,maths,452,0.856,0.793
7,accepted,maths,251,0.9311,0.8628
11,unreached,maths,204,0.9544,0.8639
9,accepted,maths,125,0.9215,0.8499
2,unreached,maths,461,0.8675,0.7621
9,unreached,maths,207,0.9261,0.8145
11,unreached,maths,207,0.9139,0.7855
8,unreached,maths,136,0.9348,0.8275
3,accepted,maths,462,0.8972,0.9462
11,unreached,maths,210,0.9502,0.8497
15,unreached,maths,210,0.9591,0.8487
12,unreached,maths,212,0.9428,0.8647
14,unreached,maths,212,0.9267,0.7951
4,accepted,maths,384,0.8506,0.7833
15,unreached,maths,384,0.9497,0.7987
14,unreached,maths,213,0.9361,0.8441
3,unreached,maths,148,0.9165,0.8998
13,unreached,maths,118,0.9463,0.9313
2,accepted,maths,149,0.8867,0.8869
5,accepted,maths,149,0.9827,0.9242
3,accepted,maths,128,0.8711,0.7915
9,accepted,maths,128,0.9159,0.8654
3,unreached,maths,325,0.878,0.8037
10,accepted,maths,140,0.9166,0.8608
12,unreached,maths,326,0.9469,0.8031
1,accepted,maths,224,0.9108,0.8779
3,accepted,maths,167,0.9053,0.9288
3,unreached,maths,121,0.9212,0.8801
8,unreached,maths,332,0.9691,1.059
7,accepted,maths,234,0.9426,0.8842
6,accepted,maths,165,0.921,0.8053
11,unreached,maths,165,0.9234,0.8712
15,unreached,maths,165,0.9363,0.8062
2,accepted,maths,123,0.9666,0.912
8,unreached,maths,123,0.9634,0.876
10,unreached,maths,123,0.9385,0.8368
4,accepted,maths,334,0.91,0.838
15,unreached,maths,185,0.952,0.8102
6,accepted,maths,128,0.9009,0.8677
3,accepted,maths,350,0.902,0.8453
1,accepted,maths,254,0.9151,0.863
1,accepted,maths,187,0.8669,0.7744
1,accepted,maths,176,0.8865,0.8582
3,accepted,maths,144,0.9451,0.8761
12,accepted,maths,366,0.9295,0.8237
1,accepted,maths,257,0.9017,0.8656
12,accepted,maths,189,0.8938,0.9709
2,accepted,maths,184,0.9159,0.8289
3,rejected,maths,184,0.9855,1.001
7,unreached,maths,184,0.9509,0.8197
11,unreached,maths,184,0.9233,0.7651
11,accepted,maths,382,0.9269,0.9063
12,unreached,maths,263,0.9423,0.8077
2,accepted,maths,398,0.8567,0.8169
6,unreached,maths,398,0.9498,0.8479
9,unreached,maths,398,0.9895,0.9358
2,rejected,maths,264,0.8793,0.7942
4,rejected,maths,191,0.8945,0.8448
13,unreached,maths,191,0.9227,0.8779
2,accepted,maths,266,0.8695,0.7755
13,unreached,maths,404,0.9704,0.8612
9,unreached,maths,270,0.9366,0.8175
11,unreached,maths,270,0.9348,0.7968
1,accepted,maths,217,0.8619,0.7576
2,accepted,maths,203,0.9458,0.9434
10,unreached,maths,186,0.9145,0.7619
6,accepted,maths,409,0.936,0.9618
7,accepted,maths,409,0.959,0.8897
9,accepted,maths,409,0.9508,0.8921
10,accepted,maths,409,0.9551,0.8762
10,unreached,maths,421,0.9092,0.83
10,accepted,maths,288,0.8534,0.8199
14,accepted,maths,288,0.8722,0.8748
10,unreached,maths,230,0.9241,0.8522
14,unreached,maths,230,0.9199,0.7835
8,unreached,maths,190,0.9342,0.8083
12,unreached,maths,190,0.9232,0.7458
15,accepted,maths,304,0.9166,0.7618
14,unreached,maths,320,0.9228,0.8719
3,rejected,maths,235,0.8884,0.7929
3,accepted,maths,225,0.8616,0.839
7,unreached,maths,196,0.9423,0.8419
14,unreached,maths,196,0.9371,0.9009
6,unreached,maths,329,0.8852,0.9544
13,unreached,maths,238,0.9564,1
5,accepted,maths,229,0.9621,0.9386
14,unreached,maths,198,0.9594,0.8373
11,unreached,maths,203,0.9834,0.9376
2,rejected,maths,337,0.9053,0.8268
3,unreached,maths,337,0.9299,0.8749
6,unreached,maths,337,0.9406,0.843
11,unreached,maths,242,0.9061,0.8305
9,unreached,maths,208,0.8965,0.8256
1,accepted,maths,71,0.9038,0.8486
14,unreached,maths,71,0.9559,0.8574
3,accepted,maths,252,0.9162,0.8431
11,unreached,maths,252,0.9471,0.8415
11,unreached,maths,81,0.9414,0.8
14,accepted,maths,354,0.9234,0.8377
6,accepted,maths,254,0.9361,0.9491
12,accepted,maths,226,0.9019,0.8482
14,accepted,maths,226,0.9192,0.8466
5,rejected,maths,370,0.9468,0.8729
8,unreached,maths,370,0.9719,0.863
5,accepted,maths,242,0.9386,0.9312
13,unreached,maths,91,0.969,0.8587
8,unreached,maths,261,0.9314,0.8121
11,unreached,maths,272,0.9093,0.8949
6,accepted,maths,110,0.9891,1.014
12,accepted,maths,110,0.8914,0.8139
6,unreached,maths,285,0.9885,0.872
5,accepted,maths,289,0.9498,1.017
6,accepted,maths,289,0.9405,0.8628
5,unreached,maths,127,0.898,0.807
11,unreached,maths,127,0.9206,0.7743
10,rejected,maths,399,0.8823,0.8177
8,accepted,maths,305,0.9274,0.8135
14,accepted,maths,305,0.8994,0.8111
5,unreached,maths,129,0.9569,0.9165
7,unreached,maths,129,0.9024,0.7998
6,accepted,maths,279,0.9307,1.042
8,unreached,maths,279,0.9374,0.9615
14,unreached,maths,321,0.9592,0.8145
8,unreached,maths,310,0.9127,0.9763
1,accepted,maths,334,0.9084,0.8458
8,accepted,maths,334,0.952,0.8341
1,accepted,maths,415,0.9138,0.9261
5,accepted,maths,415,0.9085,0.8284
12,accepted,maths,415,0.9022,0.869
8,accepted,maths,288,0.9306,0.8728
12,unreached,maths,314,0.9086,0.7433
11,accepted,maths,304,0.9243,1.024
12,rejected,maths,304,0.8662,0.8812
10,unreached,maths,316,0.9517,0.8911
5,unreached,maths,148,0.9272,0.8806
10,unreached,maths,148,0.9577,0.9911
13,unreached,maths,148,0.95,0.9322
12,unreached,maths,319,0.9428,0.8817
13,unreached,maths,319,0.9273,0.7871
5,unreached,maths,358,0.9825,0.8998
8,unreached,maths,436,0.9198,0.9772
3,accepted,maths,323,0.874,0.903
2,accepted,maths,320,0.8579,0.882
8,unreached,maths,360,0.958,0.8116
10,unreached,maths,360,0.9456,0.8046
7,unreached,maths,443,0.9387,0.81
9,accepted,maths,334,0.897,0.8822
11,unreached,maths,362,0.9259,0.8336
1,accepted,maths,168,0.8738,0.8159
10,unreached,maths,444,0.9471,0.7333
15,unreached,maths,444,0.9242,0.7666
3,accepted,maths,338,0.9288,0.8341
6,rejected,maths,338,0.8858,0.8248
8,rejected,maths,171,0.9834,1.065
6,accepted,maths,447,0.9413,0.9512
11,rejected,maths,447,0.9012,0.8387
14,unreached,maths,447,0.9685,0.8305
15,unreached,maths,447,0.9419,0.9231
4,accepted,maths,366,0.9169,0.8911
12,unreached,maths,366,0.9575,0.7941
9,unreached,maths,344,0.9092,0.9063
5,unreached,maths,179,0.9736,0.9079
11,unreached,maths,179,0.9335,0.8148
12,unreached,maths,458,0.9353,1.01
5,accepted,maths,348,0.8695,0.8644
8,unreached,maths,348,0.9454,0.842
13,unreached,maths,348,0.9615,0.8711
15,unreached,maths,348,0.9385,0.8361
5,accepted,maths,462,0.894,0.8554
1,accepted,maths,381,0.8965,0.8022
7,accepted,maths,355,0.925,0.8538
13,unreached,maths,355,0.9076,0.9134
9,unreached,maths,186,0.9076,0.8158
7,unreached,maths,468,0.9467,0.8397
1,accepted,maths,395,0.8953,0.8445
11,accepted,maths,194,0.9597,0.9253
13,unreached,maths,469,0.9132,0.7875
9,accepted,maths,370,0.9515,0.8697
5,accepted,maths,401,0.9327,0.9224
15,accepted,maths,401,0.9682,0.9008
7,unreached,maths,470,0.8885,0.7623
15,unreached,maths,470,0.9217,0.813
12,accepted,maths,413,0.9276,0.8308
3,accepted,maths,221,0.8869,0.9982
11,unreached,maths,397,0.9437,0.7959
3,accepted,maths,225,0.9567,1.021
6,accepted,maths,225,0.9291,0.9119
9,accepted,maths,225,0.8694,0.7755
13,unreached,maths,225,0.9677,0.9082
15,unreached,maths,225,0.9682,0.849
5,accepted,maths,457,0.93,0.8305
15,accepted,maths,70,0.9081,0.8759
2,rejected,maths,407,0.8574,0.8777
4,unreached,maths,407,0.9232,0.9418
9,unreached,maths,407,0.9225,0.8176
5,unreached,maths,409,0.9704,0.9308
6,unreached,maths,474,0.934,0.9917
15,unreached,maths,474,0.9649,0.8665
11,accepted,maths,262,0.967,0.8952
12,accepted,maths,262,0.9496,0.9654
2,unreached,maths,32,0.9536,0.8426
12,unreached,maths,412,0.983,0.8739
2,unreached,maths,477,0.953,0.947
14,accepted,maths,33,0.9501,0.9512
11,unreached,maths,416,0.9495,0.8022
1,accepted,maths,294,0.8609,0.8473
10,accepted,maths,294,0.957,0.9523
15,unreached,maths,294,0.955,0.908
6,unreached,maths,117,0.9163,0.8568
4,accepted,maths,49,0.9114,0.8545
10,unreached,maths,49,0.9397,0.8836
11,unreached,maths,49,0.9232,0.8425
9,unreached,maths,425,0.9448,0.875
10,unreached,maths,425,0.9515,0.8781
1,accepted,maths,483,0.9093,0.9197
12,accepted,maths,307,0.9422,0.9176
2,accepted,maths,122,0.8846,0.8337
3,accepted,maths,122,0.8964,0.8358
3,accepted,maths,58,0.886,0.8035
3,accepted,maths,426,0.9625,0.9458
3,accepted,maths,487,0.9278,0.8564
8,unreached,maths,322,0.9416,0.8211
14,unreached,maths,130,0.928,0.76
8,unreached,maths,64,0.9385,0.7719
5,accepted,maths,132,0.9137,0.8184
13,unreached,maths,68,0.9455,0.8727
1,accepted,maths,437,0.938,0.8858
8,unreached,maths,437,0.9072,0.8411
11,unreached,maths,437,0.9396,0.8592
14,unreached,maths,332,0.9794,0.9346
6,rejected,maths,145,0.9062,0.8263
7,unreached,maths,145,0.9506,0.9287
6,accepted,maths,75,0.9494,0.8541
3,accepted,maths,31,0.871,0.7945
10,accepted,maths,31,0.9157,0.8295
11,unreached,maths,442,0.9215,0.8044
4,accepted,maths,91,0.9366,0.9499
6,accepted,maths,91,0.9151,0.8146
8,rejected,maths,446,0.9325,0.8752
11,unreached,maths,446,0.9349,0.8572
13,accepted,maths,353,0.9154,0.8369
6,unreached,maths,454,0.9276,0.9124
6,unreached,maths,369,0.9782,0.9354
12,rejected,maths,164,0.9169,0.816
3,accepted,maths,53,0.8724,0.7828
6,accepted,maths,458,0.9236,0.9547
14,unreached,maths,458,0.9517,0.9323
11,accepted,maths,176,0.9413,0.8521
12,accepted,maths,176,0.8613,0.8601
13,unreached,maths,58,0.9818,0.8454
14,unreached,maths,124,0.9662,0.864
10,unreached,maths,63,0.8777,0.8458
1,rejected,maths,95,0.9356,0.8625
8,rejected,maths,482,0.9307,0.9855
1,accepted,maths,200,0.8892,0.881
12,accepted,maths,67,0.8536,0.7926
5,unreached,maths,490,0.8637,0.8313
13,unreached,maths,490,0.9333,0.8299
2,accepted,maths,129,0.9518,0.986
8,unreached,maths,129,0.8795,0.8511
12,unreached,maths,82,0.9484,0.8294
13,unreached,maths,82,0.9525,0.8093
5,unreached,maths,493,0.9692,0.9956
7,unreached,maths,135,0.9683,0.8956
8,unreached,maths,220,0.9406,0.7855
13,unreached,maths,220,0.9493,0.7871
15,unreached,maths,220,0.9474,0.83
2,accepted,maths,106,0.9333,0.9636
6,accepted,maths,131,0.9561,0.8317
10,accepted,maths,223,0.9662,0.9575
13,accepted,maths,223,0.9903,0.8702
2,accepted,maths,145,0.9136,0.8138
11,unreached,maths,145,0.9353,0.7939
10,unreached,maths,113,0.9531,0.9972
6,unreached,maths,147,0.895,0.8178
5,accepted,maths,239,0.9147,0.7978
14,accepted,maths,239,0.9512,0.8103
13,unreached,maths,148,0.9714,0.8453
5,rejected,maths,46,0.9321,0.9242
9,accepted,maths,255,0.9378,0.785
14,accepted,maths,255,0.9172,0.8252
14,unreached,maths,131,0.9439,1.035
3,unreached,maths,156,0.9311,0.8527
1,accepted,maths,271,0.9059,0.7706
1,accepted,maths,167,0.8694,0.7743
7,unreached,maths,167,0.9144,0.8811
10,unreached,maths,134,0.9214,0.958
4,accepted,maths,158,0.9688,0.8691
7,accepted,maths,283,0.889,0.8633
5,unreached,maths,167,0.922,0.7987
13,unreached,maths,167,0.9643,0.844
5,unreached,maths,74,0.9204,0.8222
2,accepted,maths,298,0.9521,0.9813
9,unreached,maths,298,0.8835,0.9494
2,accepted,maths,185,0.9475,0.9778
6,accepted,maths,147,0.9427,0.8498
12,unreached,maths,147,0.9075,0.8798
2,accepted,maths,170,0.9311,0.8384
5,accepted,maths,170,0.9234,0.8623
10,accepted,maths,170,0.9606,0.8583
4,accepted,maths,305,0.9386,0.9368
7,accepted,maths,305,0.9494,0.8963
14,accepted,maths,305,0.988,0.8585
13,unreached,maths,154,0.9604,1.073
5,accepted,maths,186,0.9663,1.008
8,unreached,maths,84,0.9156,0.7918
9,unreached,maths,84,0.9108,0.8209
10,unreached,maths,84,0.9727,0.8938
1,accepted,maths,196,0.8677,0.84
8,unreached,maths,196,0.9309,0.8803
12,unreached,maths,196,0.9409,0.8615
10,unreached,maths,192,0.9234,0.8806
11,unreached,maths,192,0.9458,0.9491
14,unreached,maths,89,0.9329,0.8064
9,accepted,maths,328,0.9655,0.8861
4,unreached,maths,198,0.9125,0.9485
7,accepted,maths,164,0.8951,0.9884
12,unreached,maths,90,0.9395,0.8579
12,unreached,maths,100,0.9341,0.7672
15,unreached,maths,100,0.9213,0.8106
7,accepted,maths,360,0.9477,0.8596
15,unreached,maths,360,0.9119,0.9215
5,unreached,maths,217,0.9286,0.8835
7,accepted,maths,216,0.9677,0.907
9,accepted,maths,370,0.9538,0.8809
4,accepted,maths,220,0.9379,0.9929
8,accepted,maths,220,0.9575,0.8593
8,rejected,maths,232,0.9041,0.8214
1,accepted,maths,106,0.9192,0.8892
5,accepted,maths,386,0.9349,0.9122
6,accepted,maths,386,0.932,0.9225
6,accepted,maths,234,0.9442,0.784
12,accepted,maths,234,0.9756,0.8822
6,unreached,maths,192,0.9319,0.8595
10,unreached,maths,192,0.9443,0.7901
12,unreached,maths,192,0.9761,1.041
13,unreached,maths,192,0.9729,0.9872
1,rejected,maths,240,0.8489,0.7508
5,unreached,maths,112,0.9093,0.8277
14,accepted,maths,402,0.974,0.901
13,accepted,maths,250,0.8946,0.7838
3,unreached,maths,115,0.8812,0.7934
9,unreached,maths,115,0.9602,0.8918
10,unreached,maths,115,0.9315,0.8013
15,unreached,maths,115,0.9436,0.8532
2,accepted,maths,418,0.9587,0.8504
13,unreached,maths,418,0.8807,0.8348
4,accepted,maths,266,0.8892,0.854
8,unreached,maths,266,0.9467,0.8329
9,unreached,maths,196,0.9382,0.8811
4,accepted,maths,243,0.8966,0.9425
1,accepted,maths,200,0.9155,0.9176
12,unreached,maths,200,0.8994,0.7962
8,accepted,maths,431,0.9343,0.9378
11,unreached,maths,211,0.8912,0.9096
13,unreached,maths,211,0.9061,0.9827
8,unreached,maths,261,0.9366,0.8255
8,accepted,maths,447,0.8951,0.8316
15,unreached,maths,298,0.9826,0.9009
14,unreached,maths,128,0.9137,0.813
7,accepted,maths,301,0.9267,1.079
12,accepted,maths,301,0.9755,0.9168
5,rejected,maths,228,0.896,0.8022
7,unreached,maths,129,0.9305,0.8612
2,rejected,maths,130,0.8822,0.8318
4,unreached,maths,278,0.9005,0.7763
7,unreached,maths,84,0.9343,0.8137
12,unreached,maths,84,0.8727,0.7946
13,unreached,maths,84,0.9131,0.8328
2,accepted,maths,246,0.9528,0.9307
3,accepted,maths,246,0.8952,0.8201
10,unreached,maths,280,0.9005,0.7979
7,unreached,maths,89,0.8706,0.7956
4,unreached,maths,251,0.9592,0.9859
12,unreached,maths,251,0.9228,0.8143
11,unreached,maths,281,0.949,0.9515
13,unreached,maths,134,0.9536,0.8859
11,unreached,maths,93,0.9278,0.7919
7,accepted,maths,359,0.8482,0.8786
8,accepted,maths,359,0.9362,0.9317
13,unreached,maths,137,0.9468,0.9669
8,unreached,maths,95,0.9344,0.8419
6,accepted,maths,267,0.8902,0.8004
8,accepted,maths,267,0.8991,0.7961
6,unreached,maths,139,0.9706,0.8638
4,accepted,maths,373,0.925,0.8305
13,unreached,maths,373,0.8727,0.8041
10,unreached,maths,141,0.9543,1.021
13,unreached,maths,141,0.95,0.8641
6,unreached,maths,104,0.8667,0.761
12,unreached,maths,287,0.929,0.8358
6,unreached,maths,296,0.9561,0.8961
3,accepted,maths,388,0.9618,0.982
6,accepted,maths,388,0.8816,0.9149
5,accepted,maths,298,0.8894,0.7736
11,unreached,maths,298,0.9268,0.8233
7,unreached,maths,112,0.9456,0.8505
2,unreached,maths,305,0.9364,0.8526
1,accepted,maths,161,0.9012,0.8231
2,accepted,maths,118,0.9798,0.9732
6,rejected,maths,118,0.8591,0.9262
10,unreached,maths,118,0.952,1.047
9,unreached,maths,408,0.9301,0.8625
10,unreached,maths,306,0.9314,0.7789
11,accepted,maths,307,0.9729,0.8362
3,rejected,maths,307,0.8911,0.8364
3,accepted,maths,321,0.9038,0.872
6,accepted,maths,178,0.9207,0.9061
10,unreached,maths,127,0.8719,0.7646
6,unreached,maths,310,0.9093,0.9891
7,accepted,maths,330,0.9203,0.8229
2,accepted,maths,194,0.9018,0.8215
3,accepted,maths,315,0.8827,0.7804
9,accepted,maths,346,0.8496,0.8768
1,accepted,maths,210,0.9065,0.8661
11,accepted,maths,210,0.9379,0.8696
3,accepted,maths,135,0.8733,0.8436
5,unreached,maths,135,0.9558,0.9752
7,unreached,maths,135,0.9078,0.8219
3,accepted,maths,226,0.9376,0.8666
1,accepted,maths,337,0.8372,0.7832
3,rejected,maths,337,0.905,0.8241
7,accepted,maths,242,0.8977,0.8716
11,accepted,maths,242,0.9106,0.8303
4,unreached,maths,72,0.9354,0.8687
7,unreached,maths,340,0.9384,0.8242
11,unreached,maths,340,0.9147,0.7688
9,accepted,maths,374,0.9217,0.888
8,unreached,maths,155,0.8934,0.7678
5,accepted,maths,73,0.902,0.8085
3,rejected,maths,343,0.8639,0.9131
10,accepted,maths,390,0.9321,0.91
4,accepted,maths,85,0.8916,0.8679
8,accepted,maths,85,0.8899,0.8311
12,accepted,maths,85,0.9456,0.9899
1,accepted,maths,406,0.8536,0.8626
2,accepted,maths,406,0.9351,0.8144
3,accepted,maths,406,0.873,0.7972
6,unreached,maths,281,0.9195,0.8784
9,unreached,maths,281,0.961,0.9928
15,unreached,maths,347,0.9677,1.029
4,accepted,maths,415,0.9545,0.9498
3,unreached,maths,169,0.8816,0.8394
1,accepted,maths,355,0.9118,0.9125
10,unreached,maths,355,0.9171,0.7335
11,unreached,maths,431,0.9579,0.935
15,unreached,maths,170,0.9047,0.7649
4,accepted,maths,128,0.8943,0.7929
15,unreached,maths,128,0.8988,0.889
1,accepted,maths,441,0.9267,0.8946
11,accepted,maths,441,0.9395,0.8653
15,accepted,maths,441,0.9451,0.9565
5,accepted,maths,140,0.9096,0.806
11,unreached,maths,140,0.9192,0.7462
9,unreached,maths,361,0.9514,0.852
12,unreached,maths,361,0.9537,0.8551
14,unreached,maths,325,0.9678,0.9251
15,unreached,maths,325,0.9537,0.8446
13,unreached,maths,364,0.9275,0.8322
5,unreached,maths,326,0.9038,0.8033
1,accepted,maths,179,0.8829,0.8066
1,accepted,maths,148,0.85,0.7395
7,unreached,maths,373,0.9151,0.8047
14,unreached,maths,181,0.9151,0.7793
14,unreached,maths,377,0.9018,0.7405
15,unreached,maths,377,0.9245,0.8106
7,unreached,maths,185,0.9269,0.8458
13,unreached,maths,185,0.9557,0.9047
1,accepted,maths,44,0.8826,0.7818
13,accepted,maths,44,0.8617,0.7596
4,unreached,maths,381,0.9413,0.8408
15,accepted,maths,335,0.9684,0.948
1,rejected,maths,187,0.8585,0.7931
4,unreached,maths,158,0.8884,0.7772
2,accepted,maths,382,0.9046,0.8349
9,accepted,maths,351,0.9125,0.8649
6,unreached,maths,63,0.8894,0.8577
6,unreached,maths,65,0.9228,0.8661
4,accepted,maths,70,0.9044,0.8431
8,unreached,maths,70,0.894,0.8103
14,unreached,maths,70,0.9541,0.8669
1,accepted,maths,398,0.9234,0.8948
6,accepted,maths,398,0.9201,0.8946
3,unreached,maths,167,0.9123,0.7912
3,accepted,maths,75,0.8823,0.7899
7,unreached,maths,75,0.9261,0.8009
8,unreached,maths,75,0.9283,0.8224
9,unreached,maths,75,0.9661,0.8839
12,unreached,maths,75,0.9733,0.9259
7,accepted,maths,396,0.9456,0.8215
4,unreached,maths,410,0.9278,0.9241
10,unreached,maths,410,0.9599,0.8615
12,unreached,maths,410,0.9294,0.9153
14,unreached,maths,222,0.8913,0.7304
13,accepted,maths,81,0.9362,0.9041
14,accepted,maths,81,0.9466,0.9913
7,unreached,maths,228,0.8971,0.8065
13,unreached,maths,228,0.8836,0.7571
9,unreached,maths,97,1.003,1.039
13,unreached,maths,413,0.9108,0.8085
7,unreached,maths,230,0.9423,0.9167
15,unreached,maths,230,0.9386,0.8566
8,unreached,maths,173,0.9057,0.7526
2,accepted,maths,102,0.9115,0.9081
7,unreached,maths,102,0.9552,0.8757
11,unreached,maths,411,0.9647,1.112
4,accepted,maths,416,0.8969,0.8058
6,unreached,maths,416,0.9542,1.001
5,accepted,maths,107,0.9065,0.8504
10,unreached,maths,107,0.9483,0.8441
12,unreached,maths,107,0.9672,0.9288
1,rejected,maths,179,0.8458,0.7492
13,unreached,maths,180,0.9551,0.8955
6,unreached,maths,53,0.9323,0.8147
8,unreached,maths,53,0.936,0.8629
13,unreached,maths,53,0.9145,0.819
7,accepted,maths,264,0.9522,1.051
11,accepted,maths,184,0.9413,0.861
3,accepted,maths,54,0.912,0.774
3,accepted,maths,280,0.9517,0.9004
9,unreached,maths,280,0.9412,0.8564
3,accepted,maths,200,0.8775,0.8604
5,unreached,maths,63,0.9143,0.7892
15,unreached,maths,63,0.9367,0.772
3,accepted,maths,80,0.8636,0.7728
13,unreached,maths,80,0.9264,0.8066
4,accepted,maths,288,0.9253,0.9318
1,accepted,maths,204,0.8775,0.7977
8,accepted,maths,141,0.9433,0.8588
1,accepted,maths,295,0.8612,0.7552
9,unreached,maths,295,0.8821,0.7956
13,unreached,maths,295,0.908,0.8058
12,unreached,maths,67,0.9266,0.7647
10,accepted,maths,98,0.9246,0.7985
3,accepted,maths,177,0.8968,0.8072
15,accepted,maths,177,0.9486,0.965
1,accepted,maths,76,0.8931,0.826
4,unreached,maths,309,0.9266,0.8979
4,accepted,maths,193,0.9311,0.85
12,accepted,maths,310,0.9697,0.9064
4,accepted,maths,202,0.912,0.9036
10,accepted,maths,202,0.9339,0.9384
4,unreached,maths,118,0.9183,0.9151
9,unreached,maths,118,0.9271,0.8026
8,accepted,maths,236,0.9666,0.9747
14,unreached,maths,236,0.9508,0.9964
7,unreached,maths,218,0.8942,0.8018
10,unreached,maths,332,0.9207,0.7832
2,accepted,maths,222,0.9383,0.8757
7,rejected,maths,222,0.9686,1.1
4,unreached,maths,94,0.9036,0.813
9,unreached,maths,137,0.9612,0.9353
4,unreached,maths,335,0.9008,0.7672
1,accepted,maths,229,0.9095,0.8329
3,accepted,maths,143,0.9086,0.8235
12,unreached,maths,245,0.9317,0.7559
10,unreached,maths,100,0.9126,0.7764
8,unreached,maths,153,0.9544,0.906
2,accepted,maths,345,0.8501,0.7342
3,accepted,maths,345,0.8624,0.772
14,unreached,maths,345,0.907,0.7765
9,accepted,maths,264,0.9612,0.8931
5,accepted,maths,247,0.9078,0.8395
7,accepted,maths,247,0.9033,0.9557
3,accepted,maths,102,0.8601,0.777
11,unreached,maths,108,0.9139,0.7823
14,unreached,maths,108,0.8929,0.7931
4,accepted,maths,352,0.8755,0.8095
6,accepted,maths,352,0.8846,0.8147
13,unreached,maths,352,0.954,0.9818
15,unreached,maths,296,0.9498,0.8084
1,accepted,maths,265,0.8888,0.7878
9,unreached,maths,166,0.9509,1.005
1,accepted,maths,359,0.9026,0.8069
9,accepted,maths,281,0.9751,0.8467
15,unreached,maths,119,0.898,0.7504
6,unreached,maths,362,0.9402,0.8616
10,unreached,maths,185,0.9658,0.8208
1,accepted,maths,363,0.8514,0.7547
4,accepted,maths,363,0.9766,0.9723
13,unreached,maths,363,0.9795,0.8966
3,accepted,maths,339,0.9333,0.8282
8,accepted,maths,339,0.8941,0.8464
8,unreached,maths,124,0.9235,0.807
11,unreached,maths,124,0.935,0.8271
5,unreached,maths,303,0.9399,0.9017
15,unreached,maths,303,0.9866,0.9061
2,unreached,maths,128,0.9008,0.8139
6,unreached,maths,128,0.931,0.7936
2,rejected,maths,205,0.8916,0.8602
13,unreached,maths,205,0.93,0.8592
5,accepted,maths,366,0.9534,0.8117
9,unreached,maths,129,0.9271,0.7486
12,unreached,maths,129,0.982,0.9691
2,accepted,maths,381,0.9257,0.8666
8,accepted,maths,381,0.9011,0.8447
9,accepted,maths,382,0.9458,0.8401
7,accepted,maths,322,0.9075,0.8381
11,unreached,maths,130,1,0.9719
6,accepted,maths,413,0.9358,0.8971
15,unreached,maths,413,0.9204,0.8081
4,accepted,maths,217,0.9392,0.8299
13,rejected,maths,217,0.9537,0.9586
12,unreached,maths,415,0.9451,0.8186
11,accepted,maths,427,0.9379,0.8765
4,accepted,maths,370,0.9227,0.8535
7,accepted,maths,370,0.9527,0.8686
3,accepted,maths,161,0.9051,0.8216
12,accepted,maths,230,0.9236,0.8482
1,accepted,maths,422,0.8514,0.8539
2,accepted,maths,385,0.8847,0.8209
3,accepted,maths,170,0.8746,0.7281
4,accepted,maths,170,0.9228,0.8779
15,unreached,maths,170,0.9125,0.7715
15,accepted,maths,246,0.9078,0.8626
5,unreached,maths,424,0.9498,0.8836
13,unreached,maths,424,0.8969,0.7756
10,unreached,maths,388,0.931,0.8913
3,accepted,maths,262,0.8701,0.7973
4,unreached,maths,41,0.9813,0.8726
3,accepted,maths,181,0.9181,0.8775
9,accepted,maths,181,0.9758,0.9119
9,unreached,maths,271,0.9436,0.9199
12,unreached,maths,271,0.9717,0.9122
4,rejected,maths,191,0.8853,0.8877
12,unreached,maths,432,0.9653,0.9865
14,unreached,maths,432,0.9085,0.7803
3,unreached,maths,401,0.8777,0.8149
15,unreached,maths,401,0.9321,0.9014
7,unreached,maths,195,0.9047,0.8079
2,accepted,maths,441,0.8929,0.8051
9,unreached,maths,441,0.9139,0.8051
5,unreached,maths,199,0.9183,0.8291
10,unreached,maths,199,0.9494,0.9329
1,accepted,maths,292,0.9215,0.7905
7,accepted,maths,292,0.8685,0.8753
8,accepted,maths,292,0.9461,0.8355
9,accepted,maths,292,0.9188,0.9437
5,unreached,maths,404,0.9006,0.8172
6,unreached,maths,201,0.9214,0.9613
8,unreached,maths,201,0.925,0.9107
15,accepted,maths,308,0.914,0.8147
7,accepted,maths,89,0.9353,0.9173
1,accepted,maths,447,0.8562,0.765
5,unreached,maths,406,0.96,0.8468
1,accepted,maths,409,0.8759,0.8822
3,accepted,maths,409,0.9448,0.841
4,accepted,maths,204,0.9077,0.8569
5,unreached,maths,102,0.9555,0.8573
14,unreached,maths,456,0.8962,0.7751
4,accepted,maths,210,0.8862,0.7814
8,accepted,maths,210,0.9053,0.7343
13,accepted,maths,210,0.9468,0.8093
2,accepted,maths,356,0.9134,0.8597
7,accepted,maths,356,0.9293,0.8117
1,accepted,maths,105,0.939,0.8328
4,accepted,maths,226,0.9149,0.8256
5,accepted,maths,226,0.9641,0.9079
13,accepted,maths,117,0.9046,0.8385
6,accepted,maths,133,0.8668,0.83
6,accepted,maths,137,0.9673,0.9507
7,accepted,maths,404,0.8981,0.8342
15,accepted,maths,404,0.856,0.8056
12,unreached,maths,140,0.8898,0.7916
11,accepted,maths,153,0.9032,0.8346
4,accepted,maths,93,0.9684,0.8742
12,unreached,maths,168,0.9982,0.8836
3,unreached,maths,252,0.9365,0.8557
7,accepted,maths,436,0.9051,0.8115
4,accepted,maths,150,0.9255,0.8732
14,unreached,maths,150,0.8804,0.8108
14,unreached,maths,99,0.9615,0.9842
1,accepted,maths,254,0.8929,0.8259
3,accepted,maths,254,0.8836,0.7778
6,accepted,maths,452,0.9144,0.8257
14,unreached,maths,108,0.9215,0.8493
1,accepted,maths,173,0.8662,0.7825
3,accepted,maths,173,0.8865,0.8216
13,accepted,maths,173,0.8783,0.8436
15,accepted,maths,173,0.8888,0.7927
11,unreached,maths,164,0.9429,0.9241
3,accepted,maths,110,0.9025,0.9617
7,accepted,maths,189,0.9014,0.7942
14,unreached,maths,189,0.9757,0.9794
7,unreached,maths,118,0.8716,0.8718
13,unreached,maths,118,0.9335,0.9621
1,rejected,maths,184,0.9309,0.8582
7,unreached,maths,181,0.9842,0.9341
8,unreached,maths,181,0.9555,0.841
3,accepted,maths,121,0.9174,0.882
15,accepted,maths,127,0.9014,0.8955
9,accepted,maths,194,0.9397,0.9118
10,unreached,maths,268,0.8724,0.7627
8,unreached,maths,193,1.003,1.134
3,accepted,maths,226,0.9381,0.8388
1,accepted,maths,210,0.883,0.7916
2,accepted,maths,210,0.8542,0.7713
5,accepted,maths,210,0.9288,0.8234
11,unreached,maths,269,0.9012,0.8009
6,accepted,maths,150,0.9004,0.8227
12,unreached,maths,150,1.013,0.8225
10,unreached,maths,242,0.9734,0.9248
1,rejected,maths,216,0.8629,0.933
8,unreached,maths,216,0.9128,0.9053
10,unreached,maths,158,0.913,0.8339
13,accepted,maths,244,0.9504,0.8845
4,unreached,maths,217,0.9242,0.916
4,accepted,maths,213,0.8879,0.8501
4,unreached,maths,167,0.9486,0.9109
7,accepted,maths,259,0.9561,0.9228
11,accepted,maths,259,0.9306,0.8651
13,accepted,maths,259,0.9491,0.8377
5,accepted,maths,218,0.9073,0.8383
13,accepted,maths,275,0.9081,0.7939
14,accepted,maths,275,0.8825,0.7832
2,accepted,maths,234,0.9267,0.9316
6,rejected,maths,234,0.922,0.8491
1,accepted,maths,299,0.9139,0.9024
3,accepted,maths,299,0.9271,0.9255
10,unreached,maths,174,0.9185,0.8011
14,unreached,maths,291,0.9579,0.8127
7,accepted,maths,240,0.9474,0.8187
14,accepted,maths,240,0.9699,0.8911
10,accepted,maths,314,0.9409,1.041
1,rejected,maths,225,0.8463,0.7645
10,unreached,maths,225,0.9575,0.9184
11,unreached,maths,225,0.9776,0.9114
3,accepted,maths,325,0.9209,0.9383
2,accepted,maths,226,0.9103,0.8268
1,rejected,maths,180,0.8547,0.7651
7,unreached,maths,180,0.9206,0.8768
9,accepted,maths,303,0.8958,0.9546
8,accepted,maths,341,0.9161,0.8483
11,unreached,maths,238,0.939,0.9882
10,accepted,maths,181,0.932,0.8742
14,rejected,maths,319,0.9712,0.9071
12,accepted,maths,288,0.9455,0.8228
7,unreached,maths,350,0.9442,0.857
10,unreached,maths,240,0.9839,1.025
11,unreached,maths,240,0.9567,0.8355
13,accepted,maths,333,0.9514,0.852
11,accepted,maths,304,0.9253,0.7758
13,accepted,maths,353,0.9362,0.9006
1,accepted,maths,241,0.833,0.8318
15,unreached,maths,241,0.9421,0.8589
12,accepted,maths,349,0.9659,0.9749
14,accepted,maths,320,0.9316,0.9402
1,accepted,maths,369,0.9182,0.8672
6,accepted,maths,369,0.9844,0.9257
5,unreached,maths,243,0.951,0.8419
15,unreached,maths,200,0.9558,0.9877
7,accepted,maths,336,0.9493,0.8019
15,unreached,maths,385,0.9397,0.84
5,unreached,maths,244,0.9388,0.8897
5,unreached,maths,205,0.9283,0.826
9,accepted,maths,398,0.9195,0.8975
14,unreached,maths,245,0.9152,0.7792
5,unreached,maths,207,0.9403,0.9712
8,unreached,maths,207,0.9315,0.8587
9,unreached,maths,207,0.9295,0.8203
6,accepted,maths,392,0.9321,0.8443
3,accepted,maths,354,0.879,0.7906
14,unreached,maths,354,0.9283,0.8594
7,accepted,maths,414,0.9706,0.9082
2,rejected,maths,246,0.9506,0.9008
5,accepted,maths,211,0.938,0.8857
10,accepted,maths,408,0.9364,0.8241
11,unreached,maths,358,0.9387,0.8658
14,unreached,maths,358,0.9325,0.8215
14,unreached,maths,429,0.936,0.8365
2,accepted,maths,248,0.9252,0.8741
9,unreached,maths,433,0.9407,0.9397
6,accepted,maths,231,0.9399,0.9394
7,accepted,maths,363,0.9325,0.8755
3,unreached,maths,258,0.9219,0.853
13,unreached,maths,258,0.9157,0.8485
3,accepted,maths,244,0.9116,0.9185
15,unreached,maths,460,0.9511,0.8271
3,accepted,maths,395,0.9106,0.824
4,rejected,maths,395,0.8693,0.8703
8,unreached,maths,395,0.9018,0.8462
2,accepted,maths,264,0.8699,0.8784
5,unreached,maths,264,0.9671,0.953
12,unreached,maths,272,0.8702,0.8272
6,accepted,maths,405,0.8957,0.8519
7,accepted,maths,280,0.9033,0.9259
12,unreached,maths,269,0.9262,0.786
14,unreached,maths,289,0.9541,0.9833
15,accepted,maths,516,0.9749,0.8586
7,accepted,maths,435,0.9403,0.8092
15,accepted,maths,435,0.9195,0.8657
7,unreached,maths,451,0.9358,0.9422
8,unreached,maths,451,0.931,0.9095
14,unreached,maths,451,0.9846,1.071
9,rejected,maths,87,0.9522,0.8835
11,accepted,maths,312,0.9056,0.9337
5,unreached,maths,274,0.9279,0.7844
14,unreached,maths,274,0.9219,0.7954
8,accepted,maths,457,0.9662,0.8864
11,unreached,maths,96,0.9319,0.7753
1,accepted,maths,75,0.8795,0.7854
9,unreached,maths,275,0.9326,0.8298
7,unreached,maths,98,0.8863,0.8048
12,unreached,maths,78,0.9522,0.8526
10,accepted,maths,331,0.9214,0.8244
6,unreached,maths,279,0.8958,0.8041
10,unreached,maths,279,0.9075,0.9754
5,accepted,maths,86,0.8929,0.9473
6,accepted,maths,86,0.8956,1.003
7,accepted,maths,342,0.9586,0.843
13,accepted,maths,342,0.9114,0.82
1,accepted,maths,283,0.8562,0.7432
12,unreached,maths,283,0.9299,0.8397
13,unreached,maths,102,0.968,0.8494
1,accepted,maths,358,0.9019,0.8114
3,accepted,maths,358,0.9471,0.915
10,unreached,maths,111,0.9054,0.8736
12,unreached,maths,111,0.9386,0.8002
5,accepted,maths,297,0.9194,0.827
3,accepted,maths,530,0.9165,0.7997
11,accepted,maths,116,0.9699,0.9158
12,rejected,maths,116,0.9812,1.024
2,accepted,maths,389,0.9264,0.8436
13,accepted,maths,389,0.9047,0.8298
5,accepted,maths,308,0.8992,0.8609
1,accepted,maths,314,0.8835,0.8458
6,accepted,maths,562,0.936,0.9846
4,accepted,maths,134,0.8846,0.8824
14,unreached,maths,134,0.9478,0.8434
2,accepted,maths,324,0.9338,0.9541
11,unreached,maths,324,0.9279,0.8106
5,unreached,maths,150,0.8983,0.8066
11,unreached,maths,150,0.9908,0.8974
5,accepted,maths,140,0.9641,0.9761
6,accepted,maths,140,0.9456,0.8752
5,accepted,maths,152,0.941,0.8359
7,accepted,maths,152,0.9529,0.9996
3,unreached,maths,149,0.9268,0.8316
5,unreached,maths,149,0.9191,0.8107
1,accepted,maths,32,0.8664,0.7747
7,accepted,maths,32,0.9427,0.8131
4,accepted,maths,150,0.9418,0.8456
15,unreached,maths,150,0.9334,0.7539
9,unreached,maths,48,0.9802,0.9069
9,accepted,maths,172,0.9359,0.9509
13,unreached,maths,159,0.9574,0.8893
1,accepted,maths,56,0.9065,0.8291
7,unreached,maths,56,0.9699,0.8852
11,unreached,maths,47,0.9464,0.8563
14,unreached,maths,47,0.9247,0.8096
15,unreached,maths,47,0.9133,0.7772
3,accepted,maths,162,0.9432,0.9099
3,unreached,maths,48,0.9803,0.9495
8,unreached,maths,48,0.9201,0.8286
10,unreached,maths,48,1.001,0.8121
6,unreached,maths,363,0.9699,0.8443
12,unreached,maths,363,0.9434,0.8025
3,accepted,maths,195,0.9215,0.9214
4,accepted,maths,167,0.8761,0.7898
8,accepted,maths,167,0.9507,0.8731
9,rejected,maths,167,0.9257,0.8983
4,unreached,maths,63,0.9344,0.8735
2,accepted,maths,65,0.925,0.8876
11,unreached,maths,66,0.903,0.7882
11,unreached,maths,374,0.9721,0.8436
10,unreached,maths,213,0.9142,0.763
10,unreached,maths,187,0.9478,0.8126
9,unreached,maths,88,0.9651,0.8598
7,unreached,maths,78,0.926,0.8498
11,unreached,maths,78,0.9553,0.8236
7,unreached,maths,215,0.9049,0.7855
9,unreached,maths,215,0.9203,0.9896
1,accepted,maths,195,0.94,0.9
7,accepted,maths,195,0.9364,0.8235
10,unreached,maths,392,0.9642,0.8742
6,accepted,maths,219,0.9313,0.873
5,accepted,maths,94,0.9093,0.9129
1,accepted,maths,217,0.9075,0.8395
4,accepted,maths,217,0.8545,0.7794
7,unreached,maths,109,0.8575,0.7578
9,unreached,maths,109,0.92,0.8211
1,accepted,maths,412,0.9166,0.8217
2,accepted,maths,412,0.9028,0.8326
9,accepted,maths,223,0.9638,0.9071
10,unreached,maths,240,0.9525,1.053
13,unreached,maths,240,0.936,0.8812
4,rejected,maths,239,0.8532,0.7748
9,unreached,maths,243,0.892,0.7906
14,unreached,maths,243,0.9456,0.9049
5,unreached,maths,127,0.9631,0.8306
6,unreached,maths,127,0.9653,0.799
9,accepted,maths,442,0.9555,0.9342
15,unreached,maths,442,0.9255,0.856
4,accepted,maths,247,0.9367,1.006
9,accepted,maths,252,0.8781,0.8878
3,accepted,maths,172,0.8623,0.7709
11,unreached,maths,172,0.9329,0.8754
12,unreached,maths,172,0.9052,0.7468
13,unreached,maths,253,0.9398,0.8838
4,accepted,maths,143,0.9738,0.9229
5,accepted,maths,255,0.9507,0.9167
8,rejected,maths,255,0.9571,0.9387
7,accepted,maths,277,0.8704,0.9021
11,accepted,maths,277,0.9264,0.8599
14,accepted,maths,153,0.9278,0.798
14,accepted,maths,183,0.9419,0.8646
11,unreached,maths,263,0.9027,0.7639
14,rejected,maths,169,0.9574,0.8287
5,rejected,maths,26,0.882,0.7719
4,accepted,maths,309,0.9048,0.8472
11,unreached,maths,183,0.9466,0.8349
14,unreached,maths,183,0.9674,0.869
12,unreached,maths,204,0.8993,0.7851
13,unreached,maths,280,0.9434,0.8768
9,accepted,maths,325,0.9191,0.8222
13,accepted,maths,325,0.8636,0.857
14,accepted,maths,325,0.9009,0.8218
7,unreached,maths,210,0.9257,0.8342
15,unreached,maths,210,0.9301,0.7873
2,accepted,maths,341,0.9061,0.9082
5,accepted,maths,197,0.8949,0.8408
13,unreached,maths,197,0.9643,0.7788
14,unreached,maths,197,0.9466,0.7538
3,accepted,maths,213,0.9684,1.042
10,unreached,maths,213,0.8685,0.9585
3,accepted,maths,296,0.902,0.816
8,accepted,maths,357,0.8901,0.931
12,unreached,maths,217,0.9385,0.9318
4,accepted,maths,368,0.8786,0.7267
1,accepted,maths,205,0.8956,0.7935
12,unreached,maths,219,0.9359,0.8344
15,unreached,maths,52,0.9467,0.8782
11,accepted,maths,384,0.9216,0.8588
5,unreached,maths,62,0.9184,0.8715
7,accepted,maths,223,0.8949,0.871
9,accepted,maths,223,0.9326,0.8986
7,unreached,maths,225,0.9088,0.8177
14,unreached,maths,225,0.9234,0.8047
9,unreached,maths,65,0.9133,0.8315
10,unreached,maths,65,0.8905,0.7953
6,accepted,maths,320,0.9207,0.8199
15,unreached,maths,320,0.9257,0.9295
3,accepted,maths,234,0.9289,0.9428
12,accepted,maths,234,0.9537,0.9274
14,accepted,maths,234,0.9535,0.8896
8,rejected,maths,70,0.8931,0.8007
8,accepted,maths,330,0.9319,0.9078
14,accepted,maths,330,0.9294,0.9213
7,rejected,maths,243,0.9395,0.9914
9,unreached,maths,78,0.972,0.8362
10,unreached,maths,59,0.962,0.9628
3,accepted,maths,346,0.8498,0.8796
4,accepted,maths,250,0.9253,0.8592
6,accepted,maths,250,0.9372,0.8723
8,unreached,maths,67,0.9351,1.009
3,accepted,maths,265,0.8947,0.8549
4,unreached,maths,69,0.9043,0.8086
8,unreached,maths,69,0.9608,0.8667
15,accepted,maths,371,0.8726,0.9148
8,unreached,maths,92,0.9428,0.8448
13,unreached,maths,70,0.94,0.7682
7,accepted,maths,387,0.9386,0.8485
2,accepted,maths,98,0.963,0.9764
7,unreached,maths,98,0.9794,0.8732
15,unreached,maths,98,0.9026,0.7617
3,accepted,maths,75,0.9227,0.8128
6,unreached,maths,75,0.9118,0.8191
8,accepted,maths,403,0.9419,0.8907
3,unreached,maths,273,0.9802,0.943
11,unreached,maths,273,0.9663,0.8175
12,unreached,maths,273,0.9883,0.9748
15,accepted,maths,102,0.9989,0.9102
7,unreached,maths,80,0.9392,0.918
14,unreached,maths,80,0.9531,0.8538
1,accepted,maths,245,0.8719,0.7835
5,unreached,maths,251,0.9532,0.8407
14,unreached,maths,251,0.9267,0.7455
15,unreached,maths,427,0.9305,0.8531
8,accepted,maths,280,0.9272,1.007
3,accepted,maths,101,0.9573,0.8183
6,accepted,maths,101,0.9403,0.8089
8,unreached,maths,429,0.9276,0.8477
7,unreached,maths,295,0.9633,0.8196
15,accepted,maths,127,0.9135,0.8123
15,accepted,maths,133,0.9454,0.9289
1,accepted,maths,146,0.9237,0.9008
8,rejected,maths,146,0.8867,0.7974
9,unreached,maths,306,0.932,0.8214
12,unreached,maths,306,0.9589,0.8923
9,unreached,maths,275,0.9651,0.8149
6,unreached,maths,311,0.9299,0.7871
1,accepted,maths,170,0.8945,0.8199
13,unreached,maths,170,0.9137,0.8301
5,accepted,maths,174,0.9195,0.877
8,accepted,maths,174,0.9165,0.8588
2,accepted,maths,314,0.8691,0.7737
13,unreached,maths,283,0.933,0.8413
8,accepted,maths,77,0.9455,0.9931
6,unreached,maths,184,0.9224,0.8604
10,unreached,maths,196,0.9622,0.8701
13,unreached,maths,196,0.9332,0.8172
4,unreached,maths,295,0.9113,0.7977
11,unreached,maths,187,0.9668,0.8895
13,unreached,maths,187,0.9479,0.8522
14,unreached,maths,358,0.989,1.14
2,accepted,maths,190,0.9049,0.8467
7,accepted,maths,190,0.9305,0.8837
15,accepted,maths,190,0.9674,1.007
4,accepted,maths,362,0.9482,1.046
11,unreached,maths,206,0.9352,0.8537
5,unreached,maths,302,0.871,0.7486
10,unreached,maths,304,0.9121,0.7809
5,accepted,maths,220,0.9305,0.842
4,unreached,maths,237,0.901,0.808
12,accepted,maths,132,0.918,0.8334
2,accepted,maths,226,0.92,0.921
15,accepted,maths,226,0.933,0.9348
7,unreached,maths,411,0.923,0.743
15,unreached,maths,253,0.9529,0.8658
2,rejected,maths,311,0.8914,0.7761
10,unreached,maths,311,0.9429,0.7962
9,accepted,maths,413,0.8763,0.9063
4,accepted,maths,255,0.9091,0.7908
3,accepted,maths,429,0.9445,0.8367
14,unreached,maths,429,0.9708,0.8605
4,accepted,maths,268,0.8948,0.7977
7,accepted,maths,268,0.9449,0.9356
15,unreached,maths,321,0.9218,0.751
2,accepted,maths,194,0.9466,0.7921
4,accepted,maths,283,0.92,0.8742
7,unreached,maths,292,0.9185,0.9288
14,accepted,maths,209,0.9139,0.9133
15,accepted,maths,299,0.8622,0.8448
13,unreached,maths,225,0.9677,0.9429
2,accepted,maths,301,0.8994,0.927
3,accepted,maths,342,0.8724,0.7552
7,rejected,maths,342,0.8977,0.8397
9,unreached,maths,342,0.8954,0.753
14,accepted,maths,237,0.896,0.9501
9,unreached,maths,42,0.9995,1.024
1,accepted,maths,317,0.9316,0.8893
10,accepted,maths,317,0.9268,0.9005
13,unreached,maths,253,0.9384,0.8167
4,accepted,maths,46,0.8897,0.7752
12,accepted,maths,333,0.948,0.8392
10,unreached,maths,363,0.9263,0.7835
15,unreached,maths,363,0.9247,0.8712
3,accepted,maths,363,0.9264,0.829
6,unreached,maths,368,0.9336,0.8393
14,unreached,maths,368,0.8917,0.7313
3,accepted,maths,60,0.9005,0.8386
3,accepted,maths,365,0.9761,0.8992
4,unreached,maths,373,0.9753,0.926
8,accepted,maths,270,0.873,0.9305
6,accepted,maths,76,0.8913,0.8266
8,accepted,maths,76,0.9312,0.8987
9,accepted,maths,76,0.9148,0.8738
13,accepted,maths,76,0.9008,0.8174
1,rejected,maths,374,0.8556,0.7557
14,unreached,maths,374,0.9282,0.868
2,accepted,maths,373,0.9339,0.9272
3,accepted,maths,376,0.9196,0.8942
4,accepted,maths,91,0.8943,0.8015
10,unreached,maths,379,1.012,0.9417
12,unreached,maths,379,0.9799,0.8712
7,unreached,maths,283,0.9618,0.8003
8,accepted,maths,380,0.984,0.81
15,unreached,maths,389,0.9065,0.7417
14,accepted,maths,105,0.9886,0.8559
2,accepted,maths,393,0.8972,0.7901
5,rejected,maths,393,0.9407,1.003
4,accepted,maths,289,0.9411,0.9205
5,accepted,maths,289,0.859,0.9006
1,accepted,maths,121,0.8633,0.8475
12,unreached,maths,382,0.9347,0.8661
3,unreached,maths,398,0.8935,0.7732
7,unreached,maths,398,0.9299,0.9732
14,unreached,maths,127,0.9065,0.7328
10,accepted,maths,399,0.8813,0.7705
11,accepted,maths,399,0.9041,0.9115
13,accepted,maths,399,0.9124,1.031
5,accepted,maths,314,0.9257,0.832
2,accepted,maths,414,0.8889,0.8178
5,unreached,maths,414,0.8945,0.7954
14,accepted,maths,330,0.9794,0.843
1,rejected,maths,206,0.8508,0.769
14,accepted,maths,346,0.929,0.8371
8,accepted,maths,142,0.9247,0.8371
6,accepted,maths,207,0.8743,0.7584
9,unreached,maths,207,0.9616,0.9856
9,unreached,maths,418,0.9168,0.8616
15,unreached,maths,418,0.9126,0.7417
10,accepted,maths,215,0.8595,0.7594
5,unreached,maths,420,0.8807,0.8533
6,unreached,maths,420,0.8922,0.804
11,unreached,maths,168,0.9151,0.7718
1,rejected,maths,230,0.8986,0.8158
5,unreached,maths,230,0.9526,0.8497
2,accepted,maths,422,0.9754,1.015
14,unreached,maths,367,0.9412,0.9136
9,unreached,maths,172,0.9513,1.011
6,unreached,maths,231,0.9639,0.9258
5,accepted,maths,55,0.8653,0.8072
8,unreached,maths,61,0.926,0.8859
5,accepted,maths,387,0.93,0.9198
5,accepted,maths,65,0.9538,0.899
13,unreached,maths,429,0.9322,0.7919
15,unreached,maths,429,0.9299,0.8573
2,accepted,maths,403,0.9481,0.8489
7,accepted,maths,403,0.9828,0.7917
3,unreached,maths,244,0.939,0.9903
7,unreached,maths,244,0.9025,0.8234
6,unreached,maths,75,0.9366,0.8041
11,unreached,maths,75,0.9321,0.8515
13,unreached,maths,75,0.9531,0.8769
5,accepted,maths,430,0.8513,0.7571
3,accepted,maths,419,0.9274,0.8924
8,rejected,maths,199,0.9213,0.8323
1,accepted,maths,245,0.8915,0.8383
3,accepted,maths,245,0.9152,0.9498
3,rejected,maths,78,0.8678,0.8015
15,unreached,maths,78,0.9242,0.807
4,accepted,maths,437,0.8892,0.8657
11,accepted,maths,437,0.9523,0.8381
13,accepted,maths,437,0.9417,0.8371
3,unreached,maths,250,0.9329,0.8312
4,unreached,maths,250,0.9045,0.8022
9,rejected,maths,451,0.854,0.8212
3,rejected,maths,469,0.8598,0.7821
6,unreached,maths,469,0.9244,0.875
8,unreached,maths,469,0.9321,0.7929
13,unreached,maths,469,0.9102,0.7963
8,unreached,maths,222,0.9314,0.7959
6,unreached,maths,255,0.9701,0.9599
10,unreached,maths,472,0.9715,0.9915
14,unreached,maths,472,0.9512,0.8607
2,accepted,maths,223,0.934,1.011
9,unreached,maths,223,0.9262,0.7824
1,accepted,maths,257,0.8859,0.8103
3,accepted,maths,257,0.9059,0.844
2,unreached,maths,132,0.9629,0.909
2,accepted,maths,475,0.9809,0.9812
2,rejected,maths,269,0.8647,0.7709
6,accepted,maths,123,0.9507,0.8962
9,unreached,maths,123,0.9663,0.9236
7,unreached,maths,271,0.9364,0.8901
15,unreached,maths,271,0.9254,0.7742
9,accepted,maths,131,0.9387,0.8262
11,unreached,maths,277,0.9444,0.8641
10,unreached,maths,135,0.9359,0.8524
5,accepted,maths,504,0.9649,0.9119
8,unreached,maths,247,0.9596,0.99
8,accepted,maths,142,0.8972,0.7678
15,unreached,maths,142,0.9374,0.8791
6,unreached,maths,250,0.9393,0.8345
2,rejected,maths,287,0.8582,0.8149
8,unreached,maths,287,0.946,0.8656
2,accepted,maths,175,0.9169,0.8822
13,accepted,maths,175,0.9704,0.8501
1,accepted,maths,153,0.8695,0.7662
6,unreached,maths,525,0.9685,0.8353
9,unreached,maths,525,0.9455,0.8849
6,unreached,maths,252,0.9512,0.9139
10,unreached,maths,289,0.9491,0.8653
4,unreached,maths,191,0.8759,0.9089
12,accepted,maths,527,0.9424,1.096
14,unreached,maths,253,0.9351,0.8432
11,unreached,maths,292,0.9356,0.8581
12,unreached,maths,292,0.911,0.8294
1,accepted,maths,193,0.9187,0.8772
10,unreached,maths,193,0.9666,1.046
3,accepted,maths,159,0.9569,0.8659
15,accepted,maths,159,0.9455,0.9269
7,accepted,maths,540,0.8835,0.8858
14,unreached,maths,540,0.9013,0.8149
7,rejected,maths,254,0.9042,0.824
1,accepted,maths,294,0.8627,0.7635
4,rejected,maths,551,0.9133,0.8144
11,unreached,maths,310,0.9214,0.746
10,accepted,maths,191,0.9329,0.8708
15,accepted,maths,191,0.9073,0.8664
5,accepted,maths,555,0.9289,0.9767
3,accepted,maths,207,0.8624,0.8018
8,rejected,maths,207,0.9308,0.9218
13,unreached,maths,562,0.9453,0.9872
15,unreached,maths,562,0.9072,0.8767
4,accepted,maths,314,0.8999,0.948
12,unreached,maths,314,0.98,0.9862
15,unreached,maths,314,0.9486,0.8777
12,rejected,maths,579,0.9754,1.009
12,unreached,maths,296,0.9266,0.983
2,accepted,maths,341,0.933,0.9013
14,accepted,maths,341,0.9166,0.8353
14,accepted,maths,253,0.9797,0.9205
3,accepted,maths,226,0.9088,0.8839
7,accepted,maths,226,0.9613,0.8522
13,accepted,maths,226,0.9656,0.8442
4,accepted,maths,591,0.8917,0.7841
4,unreached,maths,306,0.9283,0.9073
13,unreached,maths,306,0.8917,0.926
9,unreached,maths,357,0.9551,0.925
15,unreached,maths,269,0.9293,0.7774
2,accepted,maths,596,0.8645,0.857
12,unreached,maths,596,0.9159,0.8437
4,unreached,maths,361,0.8901,0.7685
13,unreached,maths,361,0.9314,0.881
13,unreached,maths,600,0.9758,0.9954
11,unreached,maths,362,0.9268,0.8974
3,accepted,maths,339,0.9071,1.004
3,rejected,maths,369,0.8758,0.8161
8,unreached,maths,369,0.9092,0.8125
12,accepted,maths,291,0.9372,0.8325
12,unreached,maths,609,0.9168,0.7603
6,accepted,maths,348,0.8842,0.839
13,unreached,maths,348,0.9282,0.8344
11,unreached,maths,372,0.9065,0.8399
8,accepted,maths,307,0.9489,0.8273
15,unreached,maths,611,0.9184,0.7638
15,accepted,maths,355,0.9581,0.9002
9,unreached,maths,303,0.9711,0.8865
4,unreached,maths,618,0.9193,0.8948
1,accepted,maths,371,0.8787,0.7837
2,accepted,maths,376,0.8967,0.7934
7,accepted,maths,376,0.9344,0.9719
7,unreached,maths,387,0.9265,0.8244
13,unreached,maths,385,0.9117,0.7824
3,accepted,maths,345,0.9522,0.9182
8,unreached,maths,345,0.9564,0.8784
1,accepted,maths,317,0.8453,0.7309
11,rejected,maths,317,0.918,0.8386
10,accepted,maths,625,0.8953,0.7959
9,unreached,maths,388,0.9259,0.7701
7,unreached,maths,328,0.9085,0.7533
7,unreached,maths,354,0.9572,0.8355
10,unreached,maths,171,0.9224,0.7316
14,unreached,maths,171,0.887,0.7142
2,unreached,maths,408,0.9095,0.9077
12,unreached,maths,172,0.938,0.8612
11,accepted,maths,409,0.9306,0.873
4,unreached,maths,64,0.9332,0.7808
9,unreached,maths,64,0.9424,0.9993
12,unreached,maths,64,0.9581,0.8524
9,unreached,maths,425,0.9549,0.823
9,accepted,maths,369,0.9313,0.8575
3,unreached,maths,365,0.9065,0.8935
12,unreached,maths,365,0.9762,0.8965
15,unreached,maths,365,0.9091,0.8865
7,rejected,maths,66,0.8995,0.7837
2,unreached,maths,429,0.927,0.8529
5,unreached,maths,429,0.899,0.7764
7,unreached,maths,429,0.9003,0.743
1,accepted,maths,185,0.9343,0.7834
11,unreached,maths,430,0.9312,0.8856
14,rejected,maths,395,0.997,0.9529
2,unreached,maths,194,0.8757,0.7902
12,unreached,maths,86,0.9322,0.785
3,accepted,maths,368,0.899,0.9415
12,unreached,maths,87,0.948,0.9238
13,unreached,maths,439,0.9162,0.757
4,accepted,maths,200,0.9775,0.9811
5,accepted,maths,200,0.9606,0.9091
4,rejected,maths,445,0.9139,0.8115
10,accepted,maths,377,0.9538,0.8744
12,accepted,maths,377,0.9741,0.9283
9,unreached,maths,65,0.964,0.8027
2,accepted,maths,217,0.8681,0.7931
6,accepted,maths,217,0.9028,0.8684
7,accepted,maths,217,0.9469,0.9804
3,accepted,maths,226,0.8907,0.9486
6,unreached,maths,226,0.9326,0.805
8,unreached,maths,226,0.9693,1.083
5,accepted,maths,71,0.8872,0.7837
9,unreached,maths,422,0.9618,0.9833
7,accepted,maths,231,0.904,0.8513
4,unreached,maths,111,0.8857,0.821
7,accepted,maths,424,0.8984,0.7812
5,unreached,maths,245,0.8949,0.771
9,accepted,maths,103,0.9139,0.7518
6,accepted,maths,116,0.8661,0.8496
1,accepted,maths,465,0.8685,0.7826
8,unreached,maths,465,0.9099,0.7514
10,unreached,maths,465,0.8911,0.7205
3,accepted,maths,449,0.845,0.8087
15,unreached,maths,131,0.9167,0.7598
15,unreached,maths,468,0.9277,0.8358
4,accepted,maths,455,0.9065,0.8657
1,accepted,maths,132,0.8986,0.8223
14,accepted,maths,462,0.9549,0.8402
9,unreached,maths,270,0.9346,0.9006
11,unreached,maths,270,0.9031,0.96
4,unreached,maths,135,0.961,0.9323
9,unreached,maths,135,0.9576,0.8406
2,accepted,maths,272,0.8764,0.7671
4,accepted,maths,272,0.9551,0.9536
1,rejected,maths,138,0.8623,0.8074
3,unreached,maths,138,0.9209,0.8516
8,unreached,maths,138,0.981,0.9025
9,unreached,maths,138,0.9702,0.8898
2,accepted,maths,137,0.8847,0.7806
6,unreached,maths,137,0.9364,0.8327
13,accepted,maths,487,0.9642,0.8433
2,accepted,maths,278,0.9059,0.8141
11,unreached,maths,139,0.9604,0.8004
15,unreached,maths,139,0.9631,0.8189
3,accepted,maths,140,0.9576,0.886
2,accepted,maths,478,0.886,0.847
11,accepted,maths,503,0.9512,0.9466
12,accepted,maths,503,0.9386,0.7979
6,unreached,maths,281,0.9927,1.024
6,unreached,maths,143,0.9316,0.8327
8,unreached,maths,143,0.9332,0.8292
9,unreached,maths,143,0.939,0.7703
3,unreached,maths,483,0.9115,0.8385
5,unreached,maths,283,0.9637,0.9094
12,unreached,maths,283,0.974,0.8322
6,unreached,maths,485,0.9589,0.8067
12,accepted,maths,155,0.9779,0.9931
13,accepted,maths,155,0.9531,0.8466
8,unreached,multilingual,42,0.9253,0.9428
11,unreached,multilingual,42,0.9142,0.913
14,unreached,maths,489,0.9618,0.8965
14,accepted,maths,178,0.8755,0.9266
3,accepted,multilingual,44,0.9381,0.9966
5,rejected,multilingual,44,0.9269,0.8936
11,unreached,multilingual,44,0.9098,0.9361
9,accepted,maths,492,0.903,1.006
14,unreached,maths,304,0.9643,1.099
4,rejected,maths,187,0.8669,0.9922
6,unreached,maths,187,0.9644,0.8143
8,unreached,maths,187,0.9034,0.7482
2,rejected,maths,194,0.8813,0.832
9,unreached,maths,194,0.9992,1.049
2,accepted,maths,310,0.8841,0.8173
4,accepted,maths,310,0.8748,0.7902
1,accepted,maths,196,0.9124,0.88
4,accepted,maths,196,0.9753,1.008
10,unreached,multilingual,54,0.8981,0.8321
12,unreached,maths,315,0.9732,0.8747
3,accepted,maths,194,0.9286,0.8297
9,unreached,maths,209,0.8987,0.7818
10,unreached,maths,209,0.9316,0.7812
3,unreached,multilingual,56,0.9249,0.9083
13,unreached,multilingual,56,0.9377,0.8877
13,unreached,maths,203,0.9555,0.8428
2,unreached,maths,205,0.8991,0.8305
3,unreached,maths,205,0.9453,0.9974
2,accepted,maths,219,0.8886,0.7945
10,unreached,maths,524,0.9156,0.7678
2,rejected,maths,341,0.8706,0.8525
4,accepted,maths,206,0.9028,0.8271
1,accepted,maths,528,0.8729,0.8841
5,unreached,maths,528,0.9005,0.8181
9,unreached,maths,343,0.9745,0.9848
10,unreached,maths,216,0.9584,0.8974
7,unreached,maths,228,0.9644,0.9124
8,unreached,maths,228,0.9154,0.8354
10,unreached,maths,228,0.9516,0.872
11,unreached,maths,228,0.9671,0.8959
3,unreached,multilingual,60,0.9309,0.878
5,unreached,multilingual,60,0.9568,0.8689
1,accepted,maths,349,0.8987,0.8331
3,accepted,maths,349,0.9531,0.9588
15,unreached,maths,349,0.9138,0.7596
6,unreached,maths,536,0.9387,0.9334
15,unreached,maths,358,0.9275,0.7496
15,accepted,maths,245,0.9869,1.041
4,unreached,maths,359,0.9239,0.8471
1,accepted,maths,224,0.87,0.7446
10,unreached,multilingual,64,0.9117,0.9603
13,unreached,multilingual,64,0.9141,0.9085
2,accepted,maths,361,0.8741,0.7851
2,accepted,maths,226,0.8979,0.8561
5,accepted,maths,226,0.8773,0.9149
5,rejected,maths,544,0.9111,0.8147
14,accepted,maths,288,0.9371,0.8259
2,accepted,multilingual,67,0.8918,0.8729
8,unreached,multilingual,67,0.8973,0.9091
4,unreached,maths,549,0.8926,0.8516
9,unreached,maths,549,0.9049,0.7885
14,unreached,multilingual,70,0.9652,0.9441
4,accepted,maths,551,0.8682,0.7936
6,rejected,maths,551,0.9085,0.8516
1,accepted,maths,385,0.873,0.8153
8,unreached,maths,238,0.9476,0.8458
9,unreached,maths,238,0.9243,0.8
4,accepted,multilingual,80,0.9377,0.9429
15,unreached,maths,241,0.9277,0.7836
4,accepted,maths,319,0.9461,0.9164
10,unreached,maths,319,0.9499,0.7974
4,unreached,multilingual,85,0.9094,0.8949
2,accepted,maths,559,0.9534,0.9688
13,unreached,maths,254,0.9127,0.7636
7,unreached,maths,562,0.9168,0.8548
8,unreached,maths,562,0.9155,0.8222
6,accepted,maths,424,0.9579,0.9538
10,accepted,maths,338,0.9436,0.8673
6,unreached,multilingual,92,0.8961,0.7893
3,accepted,maths,263,0.8631,0.7601
12,unreached,maths,263,0.9229,0.8132
8,unreached,maths,353,0.9518,0.7891
10,unreached,maths,570,0.9618,1.006
12,unreached,maths,570,0.9245,0.7679
13,unreached,maths,570,0.9223,0.7692
14,unreached,maths,570,0.9263,0.7786
7,accepted,maths,268,0.9213,0.804
13,unreached,multilingual,95,0.8845,0.9135
10,unreached,maths,276,0.9444,0.7786
3,accepted,maths,371,0.889,0.7828
10,unreached,multilingual,96,0.8962,0.9365
14,unreached,multilingual,96,0.8902,0.8921
12,unreached,maths,577,0.9687,0.8603
7,accepted,maths,277,0.9061,0.7899
15,unreached,multilingual,99,0.8944,0.857
9,accepted,maths,458,0.9409,0.8274
14,accepted,maths,458,0.9102,0.916
13,accepted,maths,474,0.9201,0.8487
12,unreached,maths,396,0.8589,0.7999
11,unreached,multilingual,283,0.886,0.8162
12,rejected,maths,490,0.9238,0.9287
15,unreached,maths,490,0.9309,0.8733
10,unreached,maths,303,0.9289,0.8904
12,unreached,maths,303,0.9101,0.8514
6,unreached,multilingual,284,0.9077,0.9083
9,unreached,multilingual,284,0.917,0.7841
3,accepted,maths,412,0.9116,0.8876
5,rejected,maths,412,0.8352,0.8049
10,unreached,multilingual,106,0.9424,0.7976
9,unreached,maths,417,0.95,0.8606
14,unreached,multilingual,113,0.9157,0.9483
12,rejected,maths,533,0.9329,0.84
1,accepted,maths,315,0.8781,0.8122
14,unreached,maths,315,0.8787,0.7808
9,unreached,multilingual,290,0.9601,0.9005
9,unreached,multilingual,296,0.9021,0.955
15,accepted,maths,437,0.9671,0.8642
10,unreached,multilingual,118,0.9111,0.8079
14,unreached,multilingual,297,0.9455,0.9069
7,unreached,maths,338,0.9514,0.8389
13,unreached,multilingual,120,0.9652,0.9214
8,unreached,multilingual,300,0.9,0.881
6,unreached,multilingual,304,0.9085,0.9682
1,accepted,multilingual,140,0.8569,0.8469
6,unreached,multilingual,140,0.9173,0.8671
6,unreached,multilingual,275,0.9416,0.8044
7,unreached,multilingual,307,0.9166,0.9091
10,unreached,multilingual,307,0.9477,0.8449
14,unreached,multilingual,144,0.8921,0.761
5,accepted,multilingual,276,0.9694,0.8632
10,unreached,maths,354,0.937,0.7964
15,unreached,multilingual,149,0.8695,0.7394
3,accepted,multilingual,292,0.8819,0.7741
5,accepted,multilingual,292,0.8872,0.7983
2,accepted,multilingual,129,0.9254,0.8993
2,rejected,multilingual,151,0.8535,0.8669
8,unreached,multilingual,298,0.8895,0.852
11,unreached,multilingual,132,0.9348,0.8519
12,unreached,multilingual,132,0.9444,0.8463
1,rejected,multilingual,153,0.8602,0.8407
6,unreached,multilingual,153,0.8727,0.8036
2,accepted,maths,371,0.8619,0.7837
3,accepted,maths,371,0.8965,0.8029
6,unreached,maths,371,0.9166,0.8375
14,unreached,maths,371,0.9324,0.8142
11,unreached,multilingual,135,0.9214,0.9112
1,accepted,multilingual,321,0.8845,0.8484
10,unreached,multilingual,321,0.9155,0.7825
13,unreached,multilingual,154,0.8638,0.7435
12,unreached,multilingual,300,0.9781,0.9132
15,unreached,multilingual,300,0.945,0.8454
12,unreached,multilingual,141,0.9092,0.7768
7,unreached,multilingual,155,0.8792,0.7682
14,unreached,multilingual,302,0.9239,0.8016
9,accepted,maths,386,0.9284,0.8216
1,rejected,multilingual,143,0.9024,0.865
12,unreached,multilingual,326,0.8722,0.7497
14,unreached,multilingual,326,0.9422,0.8218
8,unreached,multilingual,157,0.8803,0.7847
11,unreached,multilingual,157,0.8888,0.769
13,unreached,maths,397,0.9676,1.085
14,unreached,multilingual,144,0.937,0.8471
7,unreached,multilingual,327,0.887,0.8755
5,accepted,multilingual,319,0.8647,0.8255
12,unreached,maths,405,0.9381,0.7702
13,unreached,multilingual,148,0.9005,0.8716
4,accepted,multilingual,328,0.9124,0.8866
13,unreached,multilingual,328,0.9284,0.8154
15,unreached,multilingual,328,0.9118,0.8041
7,unreached,multilingual,158,0.9262,0.852
1,accepted,multilingual,161,0.8786,0.8851
14,unreached,multilingual,331,0.9077,0.9061
8,unreached,multilingual,159,0.9209,0.8544
14,unreached,multilingual,163,0.8859,0.8476
14,unreached,multilingual,340,0.9672,0.9716
4,rejected,maths,417,0.9973,1.03
1,accepted,multilingual,161,0.8736,0.8803
13,unreached,multilingual,161,0.9228,0.8581
2,unreached,multilingual,337,0.9219,0.9592
4,unreached,multilingual,337,0.8923,1.026
4,accepted,maths,421,0.9528,0.915
8,unreached,multilingual,166,0.8861,0.8053
12,unreached,multilingual,166,0.8885,0.8021
1,accepted,maths,428,0.8525,0.7622
2,accepted,maths,428,0.9191,0.8488
14,unreached,multilingual,169,0.9266,0.9181
9,unreached,multilingual,339,0.8828,0.8285
1,accepted,multilingual,171,0.9085,0.8922
7,unreached,multilingual,171,0.8703,0.8762
10,unreached,multilingual,171,0.8707,0.8357
6,unreached,multilingual,353,0.9037,0.7233
9,unreached,multilingual,353,0.9509,0.8661
5,unreached,maths,431,0.9403,0.8969
7,rejected,multilingual,357,0.9077,0.8615
9,unreached,maths,433,0.9552,0.8575
13,unreached,multilingual,183,0.9341,0.7835
13,unreached,multilingual,341,0.8822,0.7892
3,accepted,maths,437,0.9473,0.8789
11,accepted,maths,437,0.8533,0.904
7,unreached,multilingual,189,0.9324,0.8415
11,unreached,multilingual,189,0.9595,0.8725
2,unreached,multilingual,342,0.9174,0.8364
1,rejected,multilingual,175,0.8603,0.8731
3,unreached,multilingual,365,0.8815,0.8441
6,unreached,multilingual,365,0.9095,0.8124
4,unreached,multilingual,176,0.883,0.8439
4,unreached,multilingual,366,0.8633,0.786
2,accepted,multilingual,345,0.9283,0.8818
9,unreached,multilingual,177,0.8755,0.8004
13,unreached,multilingual,177,0.9026,0.8034
1,rejected,multilingual,369,0.845,0.7688
13,unreached,multilingual,59,0.9097,0.7874
12,unreached,multilingual,205,0.9427,0.9188
1,rejected,multilingual,351,0.8572,0.8203
5,unreached,multilingual,60,0.8974,0.8744
9,unreached,multilingual,60,0.9253,0.8094
10,unreached,multilingual,60,0.9369,0.8583
1,rejected,multilingual,213,0.8867,0.8339
9,unreached,multilingual,352,0.9184,0.8581
6,accepted,multilingual,214,0.9143,0.885
1,accepted,multilingual,355,0.9144,0.8459
5,rejected,multilingual,355,0.8879,0.855
11,unreached,multilingual,355,0.8839,0.7962
14,unreached,multilingual,355,0.893,0.7989
15,unreached,multilingual,182,0.885,0.7953
10,unreached,multilingual,62,0.8993,0.7878
9,unreached,multilingual,223,0.9171,0.8109
7,unreached,multilingual,360,0.9326,0.8783
8,unreached,multilingual,183,0.8948,0.853
15,unreached,multilingual,183,0.8873,0.8718
10,unreached,multilingual,65,0.8803,0.7943
8,unreached,multilingual,361,0.9399,0.8973
9,unreached,multilingual,361,0.8871,0.7783
2,accepted,multilingual,184,0.8902,0.9073
8,unreached,multilingual,66,0.8783,0.8029
12,unreached,multilingual,366,0.9115,0.7958
3,unreached,multilingual,188,0.9068,0.9128
13,unreached,multilingual,188,0.9084,0.8748
15,unreached,multilingual,188,0.9102,0.8663
8,unreached,multilingual,368,0.891,0.9016
11,unreached,multilingual,189,0.9235,0.9617
8,unreached,multilingual,385,0.9101,0.8403
13,unreached,multilingual,385,0.9115,0.7279
2,accepted,multilingual,251,0.8775,0.8726
14,unreached,multilingual,191,0.9119,0.8813
10,unreached,multilingual,386,0.9368,0.8106
5,unreached,multilingual,73,0.9159,0.8874
7,unreached,multilingual,73,0.8893,0.7578
8,unreached,multilingual,373,0.9136,0.7638
9,unreached,multilingual,194,0.8976,0.8296
1,rejected,multilingual,378,0.8488,0.8569
10,unreached,multilingual,378,0.8971,0.7431
15,unreached,multilingual,195,0.9027,0.7332
15,unreached,multilingual,75,0.9195,0.7778
15,unreached,multilingual,379,0.8956,0.8681
1,rejected,multilingual,394,0.8493,0.7582
7,unreached,multilingual,394,0.9238,0.8072
8,unreached,multilingual,78,0.9111,0.8126
2,unreached,multilingual,263,0.8861,0.8704
12,unreached,multilingual,263,0.9405,0.9273
9,unreached,multilingual,395,0.8914,0.7121
10,unreached,multilingual,395,0.9065,0.7795
5,unreached,multilingual,80,0.9232,0.8168
14,unreached,multilingual,80,0.9064,0.7482
15,unreached,multilingual,80,0.9055,0.7433
5,unreached,multilingual,397,0.949,0.8874
12,unreached,multilingual,81,0.8942,0.7888
9,unreached,multilingual,266,0.9567,0.9022
12,unreached,multilingual,386,0.8883,0.8503
1,accepted,multilingual,399,0.8674,0.7962
13,unreached,multilingual,399,0.9238,0.8169
7,unreached,multilingual,82,0.919,0.8061
10,unreached,multilingual,387,0.9362,0.8647
9,accepted,multilingual,210,0.9159,0.8551
1,accepted,multilingual,402,0.8506,0.7419
7,unreached,multilingual,402,0.8864,0.81
8,unreached,multilingual,402,0.8992,0.7369
9,unreached,multilingual,84,0.8985,0.8309
1,accepted,multilingual,220,0.8863,0.9351
5,unreached,multilingual,220,0.8993,0.907
10,accepted,multilingual,289,0.9375,0.9305
10,unreached,multilingual,222,0.9186,0.827
15,unreached,multilingual,222,0.8864,0.7627
4,unreached,multilingual,408,0.9298,0.8527
6,unreached,multilingual,303,0.916,0.811
15,unreached,multilingual,223,0.9374,0.9178
5,unreached,multilingual,304,0.971,1.009
7,unreached,multilingual,304,0.9526,1.006
12,unreached,multilingual,304,0.9299,0.9662
11,unreached,multilingual,406,0.9188,0.7891
5,accepted,multilingual,231,0.8558,0.8591
4,unreached,multilingual,414,0.9606,0.9952
3,unreached,multilingual,408,0.9375,0.9538
14,unreached,multilingual,243,0.8895,0.9191
12,unreached,multilingual,415,0.9315,0.789
8,accepted,multilingual,306,0.9303,0.9759
13,rejected,multilingual,306,0.9059,0.892
1,rejected,multilingual,100,0.9049,0.8886
2,unreached,multilingual,100,0.9157,0.8861
15,unreached,multilingual,100,0.9009,0.7758
5,unreached,multilingual,319,0.9333,0.839
10,unreached,multilingual,250,0.8931,0.7925
11,unreached,multilingual,250,0.9154,0.9782
2,accepted,multilingual,436,0.8793,0.8506
3,accepted,multilingual,101,0.8832,0.8294
1,accepted,multilingual,441,0.8808,0.842
14,unreached,multilingual,441,0.9151,0.8106
2,unreached,multilingual,330,0.9023,0.8455
10,unreached,multilingual,422,0.9085,0.8221
4,unreached,multilingual,107,0.8912,0.8775
3,rejected,multilingual,423,0.8854,0.8603
10,unreached,multilingual,423,0.8966,0.8158
7,unreached,multilingual,258,0.8793,0.8595
14,unreached,multilingual,108,0.9081,0.8559
4,unreached,multilingual,260,0.9066,0.8963
5,unreached,multilingual,451,0.8729,0.7735
3,unreached,multilingual,109,0.878,0.8423
4,unreached,multilingual,109,0.9279,0.8425
10,unreached,multilingual,109,0.9031,0.8227
11,unreached,multilingual,261,0.9249,1.004
8,unreached,multilingual,453,0.9094,0.7602
10,unreached,multilingual,453,0.9204,0.776
3,unreached,multilingual,110,0.9291,0.8391
11,unreached,multilingual,110,0.9253,0.8411
12,unreached,multilingual,110,0.9273,0.8419
12,unreached,multilingual,428,0.8934,0.8272
14,unreached,multilingual,428,0.8877,0.8425
7,unreached,multilingual,263,0.9176,0.8367
12,unreached,multilingual,455,0.9153,0.7417
14,unreached,multilingual,111,0.8756,0.767
15,unreached,multilingual,111,0.8812,0.7477
4,accepted,multilingual,429,0.9804,1.054
8,unreached,multilingual,429,0.8998,0.8381
10,unreached,multilingual,429,0.8776,0.8951
11,unreached,multilingual,429,0.8755,0.8713
12,unreached,multilingual,264,0.8862,0.8459
15,unreached,multilingual,264,0.9117,0.9808
2,unreached,multilingual,112,0.9455,0.9328
6,unreached,multilingual,112,0.9249,0.9199
13,unreached,multilingual,112,0.8671,0.7873
13,unreached,multilingual,355,0.9555,0.8193
15,unreached,multilingual,434,0.882,0.8634
7,unreached,multilingual,269,0.8861,0.879
9,unreached,multilingual,269,0.9021,0.8807
3,unreached,multilingual,458,0.8805,0.7291
3,unreached,multilingual,436,0.9313,0.9375
2,rejected,multilingual,460,0.8563,0.7454
8,unreached,multilingual,114,0.9142,0.8272
14,unreached,multilingual,114,0.8806,0.7606
4,unreached,multilingual,359,0.9698,1.034
9,unreached,multilingual,359,0.9386,0.818
1,rejected,multilingual,438,0.8734,0.8702
4,unreached,multilingual,117,0.9056,0.889
7,unreached,multilingual,117,0.9152,0.7886
14,unreached,multilingual,117,0.9165,0.8453
8,unreached,multilingual,362,0.9493,0.8521
12,unreached,multilingual,362,0.9726,0.9507
12,rejected,multilingual,278,0.892,0.8859
1,accepted,multilingual,476,0.9314,0.8313
2,rejected,multilingual,118,0.8999,0.9195
1,accepted,multilingual,369,0.9223,0.8286
13,unreached,multilingual,369,0.9783,0.805
14,unreached,multilingual,369,0.9555,0.7994
12,unreached,multilingual,440,0.8877,0.8662
12,unreached,multilingual,290,0.8837,0.7528
10,accepted,multilingual,479,0.8887,0.8344
13,unreached,multilingual,122,0.9021,0.8306
3,rejected,multilingual,445,0.887,0.8675
12,unreached,multilingual,445,0.8823,0.8555
15,unreached,multilingual,445,0.8897,0.8417
2,accepted,multilingual,497,0.8713,0.7722
4,accepted,multilingual,124,0.9092,0.9229
7,unreached,multilingual,124,0.9247,0.8869
4,accepted,multilingual,397,0.9742,0.8633
7,unreached,multilingual,296,0.9256,0.863
1,accepted,multilingual,449,0.8802,0.8503
4,unreached,multilingual,449,0.8897,0.827
8,unreached,multilingual,449,0.8824,0.7801
11,unreached,multilingual,449,0.8829,0.8892
4,unreached,multilingual,451,0.9296,0.8395
10,unreached,multilingual,451,0.883,0.8948
2,unreached,multilingual,299,0.9245,0.8952
15,unreached,multilingual,131,0.9151,0.8039
5,unreached,multilingual,300,0.9442,0.8782
7,unreached,multilingual,300,0.9116,0.9864
10,accepted,multilingual,533,0.9432,0.8554
1,rejected,multilingual,417,0.92,0.8396
3,unreached,multilingual,453,0.8878,0.8663
2,accepted,multilingual,546,0.9294,0.8572
7,unreached,multilingual,546,0.9436,0.8718
12,unreached,multilingual,138,0.8883,0.7843
1,accepted,multilingual,418,0.9414,0.8981
4,accepted,multilingual,418,0.9175,0.9049
15,unreached,multilingual,418,0.927,0.7704
1,rejected,multilingual,311,0.9071,0.8783
14,rejected,multilingual,549,0.8863,0.8439
4,unreached,multilingual,139,0.9137,0.9373
14,unreached,multilingual,456,0.8938,0.8646
15,unreached,multilingual,456,0.9015,0.8562
4,unreached,multilingual,563,0.8869,0.7952
12,unreached,multilingual,461,0.9029,0.8064
7,unreached,multilingual,313,0.8894,0.8873
3,rejected,multilingual,463,0.8673,0.7927
6,unreached,multilingual,315,0.8765,0.8977
15,unreached,multilingual,315,0.8932,0.8707
4,unreached,multilingual,466,0.8533,0.7756
3,unreached,multilingual,316,0.8947,0.9066
5,unreached,multilingual,62,0.8859,0.9059
8,unreached,multilingual,317,0.8732,0.7561
15,unreached,multilingual,317,0.8939,0.8569
4,unreached,multilingual,145,0.9581,0.9374
7,unreached,multilingual,145,0.8886,0.8225
13,unreached,multilingual,145,0.9011,0.7895
8,unreached,multilingual,65,0.8718,0.8261
10,unreached,multilingual,319,0.881,0.8333
8,unreached,multilingual,147,0.9189,0.8844
13,unreached,multilingual,147,0.9138,0.8019
5,unreached,multilingual,470,0.877,0.8707
15,unreached,multilingual,599,0.9727,0.8788
14,unreached,multilingual,148,0.9098,0.7979
3,unreached,multilingual,68,0.8962,0.9204
11,unreached,multilingual,612,0.9303,0.8522
11,unreached,multilingual,150,0.9078,0.902
13,unreached,multilingual,324,0.9047,0.8419
7,accepted,multilingual,613,0.9612,0.8977
11,unreached,multilingual,474,0.9272,0.9674
15,unreached,multilingual,474,0.9306,0.8924
6,rejected,multilingual,624,0.8816,0.8298
9,unreached,multilingual,475,0.9155,0.8339
1,accepted,multilingual,157,0.9031,0.8577
5,rejected,multilingual,157,0.8926,0.9542
1,rejected,multilingual,476,0.864,0.8469
6,unreached,multilingual,476,0.922,0.8463
7,unreached,multilingual,331,0.9253,0.8199
13,unreached,multilingual,331,0.9009,0.8225
8,unreached,multilingual,632,0.9014,0.8049
1,rejected,multilingual,162,0.8795,0.8516
11,unreached,multilingual,162,0.9146,0.8871
14,unreached,multilingual,162,0.9093,0.8882
3,accepted,multilingual,81,0.9102,0.9238
6,unreached,multilingual,81,0.8795,0.8941
12,unreached,multilingual,81,0.8776,0.8422
5,unreached,multilingual,477,0.8909,0.8923
10,unreached,multilingual,334,0.9013,0.8138
12,accepted,multilingual,633,0.9444,0.9138
3,unreached,multilingual,85,0.8698,0.8974
6,unreached,multilingual,85,0.8541,0.811
1,accepted,multilingual,646,0.8963,0.8204
2,accepted,multilingual,646,0.8867,0.7812
1,rejected,multilingual,482,0.8792,0.8141
2,unreached,multilingual,649,0.9628,0.9188
5,unreached,multilingual,649,0.9677,0.916
8,unreached,multilingual,167,0.9633,0.8686
9,unreached,multilingual,483,0.8914,0.7923
13,unreached,multilingual,343,0.8679,0.8093
6,unreached,multilingual,90,0.8653,0.8618
12,unreached,multilingual,485,0.9526,0.8811
4,unreached,multilingual,346,0.896,0.8832
10,unreached,multilingual,346,0.8888,0.7608
13,accepted,multilingual,652,0.88,0.8716
2,unreached,multilingual,92,0.882,0.9153
12,unreached,multilingual,486,0.8903,0.9268
11,unreached,multilingual,93,0.8595,0.7993
5,unreached,multilingual,491,0.9608,0.8803
4,unreached,multilingual,174,0.9112,0.8671
14,unreached,multilingual,174,0.9272,0.959
7,unreached,multilingual,492,0.9215,0.8089
13,unreached,multilingual,492,0.8875,0.8485
9,unreached,multilingual,350,0.8653,0.8289
12,unreached,multilingual,55,0.9707,0.9094
4,accepted,multilingual,179,0.9293,0.8848
5,accepted,multilingual,57,0.9125,0.8463
8,rejected,multilingual,57,0.9134,0.8301
11,unreached,multilingual,496,0.926,0.7994
10,unreached,multilingual,356,0.8747,0.8536
4,unreached,multilingual,98,0.899,0.9243
8,unreached,multilingual,497,0.8662,0.8622
3,accepted,multilingual,188,0.9297,0.935
2,accepted,multilingual,99,0.8546,0.8633
12,unreached,multilingual,99,0.8674,0.8303
5,accepted,multilingual,499,0.9184,0.8804
6,accepted,multilingual,499,0.8879,0.7984
1,rejected,multilingual,358,0.8523,0.8306
6,unreached,multilingual,358,0.8788,0.8086
15,unreached,multilingual,358,0.8879,0.8517
3,unreached,multilingual,102,0.9123,0.9391
5,unreached,multilingual,102,0.9236,0.9801
5,unreached,multilingual,84,0.9184,0.8464
11,unreached,multilingual,84,0.9266,0.8045
4,unreached,multilingual,359,0.8696,0.8268
2,accepted,multilingual,194,0.9068,0.8241
14,unreached,multilingual,194,0.9089,0.9042
6,unreached,multilingual,85,0.9065,0.7926
14,unreached,multilingual,509,0.8827,0.8016
6,unreached,multilingual,200,0.9409,0.7724
7,unreached,multilingual,200,0.909,0.8848
9,unreached,multilingual,364,0.8839,0.7746
13,unreached,multilingual,364,0.895,0.7861
9,unreached,multilingual,202,0.8938,0.7306
1,rejected,multilingual,106,0.9279,1.02
11,unreached,multilingual,106,0.8628,0.8496
11,accepted,multilingual,92,0.8873,0.8027
15,unreached,multilingual,520,0.8809,0.8275
8,unreached,multilingual,204,0.9356,1.029
13,unreached,multilingual,104,0.9225,0.7694
2,unreached,multilingual,366,0.9022,0.8847
12,unreached,multilingual,366,0.8862,0.8101
7,unreached,multilingual,106,0.9901,1.097
12,unreached,multilingual,524,0.9232,0.7987
5,unreached,multilingual,367,0.8775,0.7909
11,unreached,multilingual,207,0.9129,0.884
15,unreached,multilingual,109,0.8749,0.8236
8,unreached,multilingual,211,0.908,0.904
12,unreached,multilingual,110,0.8602,0.8265
2,rejected,multilingual,116,0.8995,0.8667
7,unreached,multilingual,116,0.9021,0.7295
13,unreached,multilingual,116,0.9549,0.8253
13,unreached,multilingual,527,0.8765,0.8437
7,unreached,multilingual,369,0.8831,0.8059
10,unreached,multilingual,369,0.8937,0.7834
9,unreached,multilingual,213,0.906,0.856
3,unreached,multilingual,113,0.8735,0.8885
5,unreached,multilingual,113,0.8694,0.8583
2,unreached,multilingual,528,0.9564,0.8806
10,unreached,multilingual,370,0.8787,0.7679
3,accepted,multilingual,216,0.911,0.8322
7,unreached,multilingual,114,0.8764,0.854
11,unreached,multilingual,529,0.8938,0.8928
9,unreached,multilingual,371,0.8873,0.7773
8,unreached,multilingual,223,0.9215,0.8261
11,unreached,multilingual,223,0.9529,1.097
6,unreached,multilingual,126,0.944,0.8223
3,unreached,multilingual,531,0.9158,0.8097
8,unreached,multilingual,531,0.8996,0.8355
14,unreached,multilingual,372,0.8976,0.8045
8,unreached,multilingual,229,0.923,0.8336
13,unreached,multilingual,229,0.9308,0.7746
4,unreached,multilingual,119,0.9144,0.9262
7,unreached,multilingual,119,0.8907,0.9322
9,unreached,multilingual,119,0.8876,0.8979
12,unreached,multilingual,128,0.9409,0.8294
13,unreached,multilingual,128,0.9852,0.9897
9,accepted,multilingual,235,0.926,0.9155
4,unreached,multilingual,374,0.946,0.8995
12,unreached,multilingual,146,0.9469,0.8046
10,unreached,multilingual,545,0.8763,0.8425
15,unreached,multilingual,545,0.8936,0.8098
4,unreached,multilingual,376,0.9198,0.8848
6,unreached,multilingual,248,0.8975,0.8615
7,unreached,multilingual,248,0.9463,0.8317
9,unreached,multilingual,248,0.9286,0.8726
2,rejected,multilingual,125,0.8927,0.9253
1,accepted,multilingual,148,0.8411,0.7914
1,accepted,multilingual,546,0.9247,0.9103
6,unreached,multilingual,546,0.8609,0.8538
12,unreached,multilingual,546,0.8554,0.7719
13,unreached,multilingual,378,0.8898,0.8272
5,unreached,multilingual,129,0.8951,0.9159
10,unreached,multilingual,129,0.8498,0.8029
8,unreached,multilingual,162,0.8748,0.8733
14,unreached,multilingual,550,0.8986,0.8078
2,unreached,multilingual,382,0.9078,0.9121
5,unreached,multilingual,382,0.9129,0.8286
6,unreached,multilingual,262,0.9233,0.8316
13,unreached,multilingual,131,0.8658,0.8155
6,rejected,multilingual,164,0.8709,0.8757
7,unreached,multilingual,164,0.9517,0.9165
10,unreached,multilingual,553,0.9074,0.8038
12,unreached,multilingual,263,0.8959,0.7867
7,unreached,multilingual,134,0.8714,0.8921
4,unreached,multilingual,170,0.9258,0.8264
13,unreached,multilingual,554,0.9023,0.8026
11,unreached,multilingual,388,0.8829,0.9082
1,rejected,multilingual,137,0.8606,0.8718
5,unreached,multilingual,137,0.8836,0.9733
7,unreached,multilingual,137,0.8814,0.8829
12,unreached,multilingual,137,0.8737,0.8398
12,unreached,multilingual,172,0.9011,0.8114
3,unreached,multilingual,557,0.902,0.8867
3,unreached,multilingual,389,0.9171,0.9159
2,rejected,multilingual,273,0.9385,0.9593
9,unreached,multilingual,138,0.8842,0.8744
11,unreached,multilingual,138,0.8625,0.8268
11,unreached,multilingual,559,0.9595,1.032
8,unreached,multilingual,390,0.911,0.882
11,unreached,multilingual,140,0.8636,0.8516
1,accepted,multilingual,564,0.8594,0.7753
3,unreached,multilingual,141,0.9307,0.9622
15,unreached,multilingual,571,0.9133,0.865
3,accepted,multilingual,394,0.8884,0.839
14,unreached,multilingual,394,0.8884,0.8636
15,unreached,multilingual,574,0.9193,0.8087
5,unreached,multilingual,145,0.8543,0.8247
7,unreached,multilingual,145,0.8774,0.8618
6,unreached,multilingual,193,0.9075,0.7953
8,unreached,multilingual,577,0.942,1.026
9,unreached,multilingual,577,0.9075,0.9216
1,accepted,multilingual,289,0.8857,0.8329
14,unreached,multilingual,195,0.9035,0.8018
10,unreached,multilingual,291,0.8835,0.9095
10,unreached,multilingual,148,0.8616,0.8617
14,unreached,multilingual,148,0.8618,0.8329
14,unreached,multilingual,197,0.9084,0.8145
7,unreached,multilingual,297,0.9032,0.9907
9,unreached,multilingual,297,0.898,0.8481
3,accepted,multilingual,149,0.921,0.9541
8,unreached,multilingual,149,0.8812,0.9063
5,unreached,multilingual,207,0.9374,0.8331
10,unreached,multilingual,207,0.9512,0.9464
12,unreached,multilingual,207,0.9261,0.8
7,unreached,multilingual,299,0.8941,0.8519
4,unreached,multilingual,153,0.9247,0.9475
8,unreached,multilingual,153,0.8669,0.8116
15,unreached,multilingual,153,0.9042,0.8632
4,accepted,multilingual,597,0.8863,0.9394
5,unreached,multilingual,411,0.8991,0.866
11,unreached,multilingual,411,0.9014,0.8927
13,unreached,multilingual,303,0.9008,0.9585
1,rejected,multilingual,154,0.8856,0.9133
3,unreached,multilingual,154,0.9091,0.9104
7,unreached,multilingual,154,0.864,0.8119
14,unreached,multilingual,210,0.9129,0.7978
5,accepted,multilingual,602,0.8825,0.8725
10,accepted,multilingual,602,0.9373,0.9871
7,unreached,multilingual,155,0.8602,0.8216
1,accepted,multilingual,212,0.8522,0.8224
2,accepted,multilingual,613,0.9134,0.9135
15,unreached,multilingual,613,0.9518,0.8761
14,unreached,multilingual,413,0.8687,0.8497
9,unreached,multilingual,319,0.9256,0.799
12,unreached,multilingual,319,0.9068,0.8765
10,unreached,multilingual,156,0.9005,0.9841
14,unreached,multilingual,621,0.9532,0.8071
9,accepted,multilingual,624,0.9009,0.921
11,unreached,multilingual,416,0.8565,0.8425
1,rejected,multilingual,322,0.8877,0.8553
3,unreached,multilingual,322,0.9159,0.8926
6,unreached,multilingual,322,0.9118,0.7755
5,unreached,multilingual,225,0.9165,0.7775
8,unreached,multilingual,225,0.8996,0.7604
10,unreached,multilingual,225,0.927,0.8074
12,unreached,multilingual,225,0.94,0.8054
12,unreached,multilingual,323,0.8895,0.7809
12,unreached,multilingual,167,0.9257,0.8808
15,unreached,multilingual,167,0.9238,0.8463
9,unreached,multilingual,645,0.9364,1.003
10,unreached,multilingual,329,0.9002,0.883
2,unreached,multilingual,168,0.9127,0.9937
7,unreached,multilingual,168,0.9049,0.8562
15,unreached,multilingual,168,0.9043,0.8875
6,unreached,multilingual,228,0.8936,0.7556
12,unreached,multilingual,228,0.8952,0.8196
2,accepted,multilingual,647,0.8463,0.8758
5,unreached,multilingual,647,0.8561,0.9234
15,unreached,multilingual,647,0.9325,0.7787
3,unreached,multilingual,422,0.92,0.8791
5,unreached,multilingual,422,0.8889,0.8635
12,unreached,multilingual,169,0.9161,0.9208
3,rejected,multilingual,229,0.9414,1.009
3,rejected,multilingual,651,0.9441,0.9609
9,unreached,multilingual,423,0.9366,0.974
10,unreached,multilingual,423,0.8945,0.8093
4,unreached,multilingual,336,0.9121,0.8422
4,unreached,multilingual,171,0.9137,0.8868
3,accepted,multilingual,654,0.9179,0.8798
14,unreached,multilingual,654,0.9345,0.8805
2,unreached,multilingual,430,0.8592,0.854
10,unreached,multilingual,338,0.9277,0.8417
2,accepted,multilingual,431,0.867,0.8677
9,unreached,multilingual,431,0.8702,0.8082
10,unreached,multilingual,431,0.8638,0.7724
11,unreached,multilingual,431,0.9215,0.8118
9,unreached,multilingual,340,0.9255,0.974
13,unreached,multilingual,435,0.9211,0.8083
15,unreached,multilingual,435,0.9083,0.7576
13,unreached,multilingual,341,0.89,0.8195
8,unreached,multilingual,243,0.9037,0.7647
11,unreached,multilingual,243,0.9275,0.8198
6,unreached,multilingual,437,0.8996,0.8812
13,unreached,multilingual,437,0.905,0.7951
1,accepted,multilingual,342,0.8954,0.8807
7,unreached,multilingual,246,0.8661,0.7405
11,unreached,multilingual,246,0.8975,0.7318
13,unreached,multilingual,246,0.9073,0.7425
15,unreached,multilingual,438,0.8747,0.8368
2,rejected,multilingual,249,0.8875,0.8324
11,unreached,multilingual,47,0.9225,0.8326
4,unreached,multilingual,349,0.9012,0.874
5,unreached,multilingual,445,0.8921,0.9081
13,unreached,multilingual,350,0.9156,0.7629
3,unreached,multilingual,253,0.9275,0.9264
15,unreached,multilingual,253,0.9273,0.8336
2,unreached,multilingual,49,0.9939,1.057
6,unreached,multilingual,447,0.9204,0.9007
11,unreached,multilingual,447,0.8604,0.7684
1,accepted,multilingual,182,0.9177,0.9653
5,unreached,multilingual,50,0.9604,0.8883
7,unreached,multilingual,50,0.9327,0.8382
15,unreached,multilingual,50,0.9255,0.8311
10,unreached,multilingual,448,0.8669,0.8191
3,accepted,multilingual,356,0.8909,0.8725
15,unreached,multilingual,356,0.9087,0.7724
5,unreached,multilingual,51,0.9631,0.892
8,unreached,multilingual,51,0.924,0.8272
11,unreached,multilingual,51,0.924,0.8252
1,rejected,multilingual,360,0.8988,0.8813
3,unreached,multilingual,53,0.9366,0.8319
8,unreached,multilingual,53,0.9215,0.8238
9,unreached,multilingual,53,0.922,0.822
11,unreached,multilingual,53,0.9397,0.8532
5,unreached,multilingual,361,0.9029,0.9082
10,unreached,multilingual,361,0.9121,0.7621
4,unreached,multilingual,54,0.9635,0.9377
10,unreached,multilingual,54,0.9567,0.8941
13,unreached,multilingual,455,0.8958,0.7951
8,unreached,multilingual,199,0.8678,0.8447
11,unreached,multilingual,199,0.8967,0.9272
7,unreached,multilingual,267,0.8834,0.7658
15,unreached,multilingual,267,0.9288,0.8107
8,unreached,multilingual,456,0.8947,0.7977
15,unreached,multilingual,456,0.9198,0.8078
4,unreached,multilingual,366,0.9211,0.8419
8,unreached,multilingual,366,0.8964,0.9292
14,unreached,multilingual,366,0.9145,0.7381
7,unreached,multilingual,203,0.8892,0.8371
14,unreached,multilingual,203,0.8889,0.8118
5,unreached,multilingual,272,0.913,0.8456
9,unreached,multilingual,272,0.9174,0.7913
13,unreached,multilingual,272,0.9222,0.7849
3,unreached,multilingual,58,1.002,1.105
5,unreached,multilingual,58,0.9367,0.8433
10,unreached,multilingual,58,0.9127,0.8233
3,accepted,multilingual,367,0.9124,0.8351
7,rejected,multilingual,367,0.9167,0.9376
5,unreached,multilingual,274,0.9352,0.8412
10,unreached,multilingual,461,0.94,0.9047
15,unreached,multilingual,461,0.9046,0.7736
2,rejected,multilingual,374,0.9051,0.8626
5,unreached,multilingual,276,0.9294,0.9177
13,unreached,multilingual,60,0.9018,0.8282
13,unreached,multilingual,462,0.8943,0.8962
9,unreached,multilingual,207,0.8839,0.8254
2,unreached,multilingual,61,0.9565,0.9223
12,unreached,multilingual,61,0.9414,0.8128
15,unreached,multilingual,465,0.9009,0.8147
14,unreached,multilingual,377,0.9303,0.8158
10,unreached,multilingual,213,0.896,0.8345
11,unreached,multilingual,213,0.8937,0.8757
11,unreached,multilingual,63,0.9526,0.8252
2,accepted,multilingual,476,0.8875,0.8946
5,unreached,multilingual,476,0.9033,0.8673
6,unreached,multilingual,476,0.8943,0.8125
2,rejected,multilingual,385,0.8993,0.8424
3,unreached,multilingual,385,0.9202,0.8726
10,unreached,multilingual,385,0.8931,0.9085
4,unreached,multilingual,214,0.9402,0.9324
10,unreached,multilingual,214,0.8863,0.8369
8,unreached,multilingual,289,0.9099,0.8059
12,unreached,multilingual,289,0.9163,0.7549
14,unreached,multilingual,64,0.9323,0.8
2,unreached,multilingual,479,0.8836,0.874
3,accepted,multilingual,387,0.923,0.8459
9,unreached,multilingual,387,0.9409,0.892
4,unreached,multilingual,66,0.9589,0.8956
5,unreached,multilingual,66,0.9271,0.8556
7,unreached,multilingual,392,0.9018,0.8601
1,accepted,multilingual,217,0.8581,0.8677
6,unreached,multilingual,217,0.8902,0.838
7,unreached,multilingual,217,0.8862,0.8303
1,accepted,multilingual,482,0.8617,0.8446
11,unreached,multilingual,482,0.9028,0.7986
5,unreached,multilingual,394,0.9467,0.8673
9,unreached,multilingual,297,0.9456,0.8712
12,unreached,multilingual,297,0.9165,0.8206
15,unreached,multilingual,297,0.9336,0.8291
3,accepted,multilingual,484,0.8793,0.8361
8,unreached,multilingual,300,0.9522,0.8943
15,unreached,multilingual,300,0.9344,0.8118
7,unreached,multilingual,69,1.019,0.918
11,unreached,multilingual,69,0.9463,0.8131
14,unreached,multilingual,489,0.9111,0.9103
6,unreached,multilingual,397,0.9026,0.8939
14,unreached,multilingual,397,0.9185,0.7863
10,unreached,multilingual,306,0.9415,0.8424
1,accepted,multilingual,491,0.9086,0.9173
6,accepted,multilingual,491,0.9389,0.9256
9,unreached,multilingual,491,0.877,0.8296
14,unreached,multilingual,399,0.9377,0.7858
1,accepted,multilingual,307,0.9188,0.9458
6,unreached,multilingual,307,0.9281,0.8356
12,unreached,multilingual,307,0.9092,0.7489
12,unreached,multilingual,498,0.8821,0.7734
11,unreached,multilingual,310,0.9193,0.8167
10,unreached,multilingual,72,0.9476,0.803
11,unreached,multilingual,499,0.9495,0.9168
12,unreached,multilingual,499,0.9019,0.8773
13,unreached,multilingual,499,0.8947,0.8427
5,unreached,multilingual,508,0.9432,0.9167
12,unreached,multilingual,508,0.9025,0.8449
13,unreached,multilingual,508,0.9072,0.8303
4,unreached,multilingual,313,0.8795,0.7482
7,unreached,multilingual,313,0.9488,0.952
8,unreached,multilingual,313,0.9431,0.8512
5,unreached,multilingual,37,0.9139,0.7866
12,unreached,multilingual,316,0.9204,0.824
2,rejected,multilingual,38,0.9608,0.9126
13,unreached,multilingual,409,0.9474,0.9611
14,unreached,multilingual,318,0.9177,0.8296
12,unreached,multilingual,40,0.9162,0.8169
14,unreached,multilingual,40,0.9496,0.9352
10,unreached,multilingual,513,0.9278,0.9299
15,unreached,multilingual,412,0.9304,0.8354
1,accepted,multilingual,320,0.8502,0.7897
9,unreached,multilingual,320,0.9123,0.8119
1,accepted,multilingual,48,0.8476,0.7387
3,accepted,multilingual,48,0.929,0.8537
9,unreached,multilingual,48,0.9167,0.7828
15,unreached,multilingual,48,0.9738,0.8549
2,accepted,multilingual,514,0.9213,0.9437
8,unreached,multilingual,514,0.9172,0.9823
7,unreached,multilingual,414,0.9441,0.903
12,unreached,multilingual,327,0.9513,0.8438
5,unreached,multilingual,518,0.9693,0.8641
6,unreached,multilingual,518,0.9735,0.9055
3,accepted,multilingual,416,0.9305,0.8846
14,unreached,multilingual,57,0.9519,0.9625
13,unreached,multilingual,331,0.9202,0.8018
8,unreached,multilingual,430,0.9269,0.7974
15,unreached,multilingual,74,0.9206,0.7842
4,unreached,multilingual,65,0.8779,0.9207
11,unreached,multilingual,435,0.8786,0.8465
13,unreached,multilingual,435,0.8837,0.8019
15,unreached,multilingual,435,0.8902,0.7936
8,unreached,multilingual,254,0.8571,0.832
13,unreached,multilingual,254,0.8535,0.7989
2,accepted,multilingual,76,0.9006,0.822
13,unreached,multilingual,76,0.9302,0.7958
6,unreached,multilingual,66,0.9114,0.9898
15,unreached,multilingual,257,0.8485,0.7892
5,unreached,multilingual,440,0.8859,0.8164
10,unreached,multilingual,337,0.9169,0.8221
7,unreached,multilingual,85,0.8914,0.8216
4,accepted,multilingual,87,0.8912,0.8334
5,unreached,multilingual,260,0.9317,0.9416
3,rejected,multilingual,92,0.9056,0.8528
12,unreached,multilingual,83,0.8602,0.846
1,rejected,multilingual,261,0.8872,0.9186
1,accepted,multilingual,347,0.8957,0.8509
6,unreached,multilingual,347,0.9539,1.048
9,unreached,multilingual,45,0.9511,0.8763
8,unreached,multilingual,350,0.9085,0.7784
12,unreached,multilingual,350,0.9668,0.8338
6,unreached,multilingual,96,0.9296,0.7942
8,unreached,multilingual,96,0.9405,0.8097
9,unreached,multilingual,96,0.9365,0.8262
5,unreached,multilingual,86,0.9264,1.029
1,rejected,multilingual,46,0.9026,0.8905
15,unreached,multilingual,98,0.9434,0.8156
10,unreached,multilingual,90,0.8668,0.8491
9,unreached,multilingual,47,0.8816,0.8435
4,unreached,multilingual,353,0.8878,0.8395
11,unreached,multilingual,104,0.8992,0.7567
12,unreached,multilingual,91,0.8826,0.9344
8,unreached,multilingual,49,0.9176,0.8374
8,unreached,multilingual,265,0.8528,0.8183
2,accepted,multilingual,110,0.9192,0.8566
5,rejected,multilingual,110,0.8755,0.931
13,unreached,multilingual,110,0.9335,0.7962
10,unreached,multilingual,92,0.9039,0.9828
3,unreached,multilingual,50,0.8947,0.8973
4,unreached,multilingual,50,0.8863,0.9371
5,unreached,multilingual,50,0.9434,0.8796
11,unreached,multilingual,267,0.8671,0.8285
4,unreached,multilingual,362,0.9187,0.8237
11,unreached,multilingual,94,0.9181,1.031
1,rejected,multilingual,51,0.9114,0.8798
9,unreached,multilingual,51,0.8694,0.8221
1,accepted,multilingual,364,0.8434,0.8581
5,unreached,multilingual,269,0.8787,0.9006
7,unreached,multilingual,269,0.9018,0.9921
14,unreached,multilingual,269,0.878,0.8451
3,unreached,multilingual,366,0.9755,0.9008
11,unreached,multilingual,97,0.9028,0.9676
1,rejected,multilingual,57,0.8848,0.9104
11,unreached,multilingual,367,0.9404,0.85
10,unreached,multilingual,120,0.933,0.8531
13,unreached,multilingual,99,0.91,0.9548
7,unreached,multilingual,271,0.8831,0.8498
12,unreached,multilingual,125,0.8524,0.9195
6,unreached,multilingual,105,0.8878,0.8798
10,unreached,multilingual,272,0.8895,0.8047
8,unreached,multilingual,377,0.9596,1.028
10,unreached,multilingual,377,0.9891,1.09
4,unreached,multilingual,106,0.8693,0.8748
1,rejected,multilingual,384,0.8604,0.7676
4,unreached,multilingual,384,1.005,1.066
6,unreached,multilingual,384,1,1.004
12,unreached,multilingual,384,0.9196,0.9252
4,unreached,multilingual,137,0.9618,0.9195
5,unreached,multilingual,108,0.8828,0.854
9,unreached,multilingual,108,0.9301,0.9639
15,unreached,multilingual,108,0.8854,0.9054
5,unreached,multilingual,63,0.8982,0.843
1,accepted,multilingual,274,0.9066,0.9073
6,unreached,multilingual,274,0.9137,0.9666
7,unreached,multilingual,274,0.9964,1.062
14,unreached,multilingual,274,0.937,0.8355
11,unreached,multilingual,111,0.9062,0.8754
4,accepted,multilingual,64,0.9051,0.9003
3,unreached,multilingual,276,0.91,0.9443
4,unreached,multilingual,115,0.8617,0.8551
4,unreached,multilingual,69,0.8855,0.8957
7,unreached,multilingual,69,0.8798,0.8511
10,unreached,multilingual,69,0.8906,0.8578
4,accepted,multilingual,278,0.937,1.014
9,unreached,multilingual,143,0.877,0.7675
14,unreached,multilingual,116,0.8669,0.8886
15,unreached,multilingual,70,0.8729,0.8542
11,unreached,multilingual,285,0.9202,0.8248
13,unreached,multilingual,388,0.9052,0.8634
14,unreached,multilingual,388,0.9361,0.8972
1,accepted,multilingual,117,0.919,0.9358
4,unreached,multilingual,117,0.9253,0.8772
10,unreached,multilingual,288,0.8783,0.9019
4,unreached,multilingual,72,0.888,0.9135
5,accepted,multilingual,292,0.8947,0.8831
10,unreached,multilingual,399,0.9261,0.8128
10,unreached,multilingual,129,0.8655,0.8724
13,unreached,multilingual,73,0.8973,0.8206
7,unreached,multilingual,298,0.9308,0.8778
5,unreached,multilingual,74,0.9218,0.9248
9,unreached,multilingual,299,0.9344,0.816
2,accepted,multilingual,155,0.8571,0.9302
13,unreached,multilingual,155,0.9093,0.8204
11,unreached,multilingual,132,0.8967,0.8293
2,accepted,multilingual,300,0.9194,0.9707
15,unreached,multilingual,300,0.9327,1.003
2,rejected,multilingual,416,0.9504,0.9
7,unreached,multilingual,167,0.9836,0.9775
5,unreached,multilingual,134,0.9073,0.931
3,unreached,multilingual,77,0.917,0.9269
4,unreached,multilingual,310,0.9192,0.9598
5,unreached,multilingual,310,0.9476,0.899
14,unreached,multilingual,425,0.9871,0.9941
7,unreached,multilingual,181,0.8904,0.8501
8,unreached,multilingual,135,0.9421,0.934
3,unreached,multilingual,79,0.8999,0.8741
14,unreached,multilingual,79,0.8929,0.8209
4,unreached,multilingual,426,0.995,0.9137
8,unreached,multilingual,426,0.9941,1.101
14,unreached,multilingual,183,1.008,0.9083
11,unreached,multilingual,80,0.8842,0.846
6,unreached,multilingual,81,0.9116,0.8815
13,unreached,multilingual,148,0.8808,0.8966
6,unreached,multilingual,325,0.8975,0.92
1,rejected,multilingual,149,0.8553,0.8788
10,unreached,multilingual,149,0.8705,0.8831
11,unreached,multilingual,83,0.8793,0.8482
4,rejected,multilingual,38,0.8969,0.8829
4,unreached,multilingual,42,0.9565,0.9756
8,unreached,multilingual,329,0.8508,0.7906
4,unreached,multilingual,204,0.9178,0.8053
9,unreached,multilingual,204,0.8878,0.763
15,unreached,multilingual,151,0.8625,0.8283
6,unreached,multilingual,85,0.8935,0.9042
1,accepted,multilingual,45,0.9069,0.8823
4,unreached,multilingual,45,0.8976,0.8765
14,unreached,multilingual,45,0.925,0.8399
5,unreached,multilingual,330,0.8823,0.8831
11,unreached,multilingual,86,0.8933,0.8343
9,unreached,multilingual,48,0.8872,0.851
6,unreached,multilingual,332,0.8946,0.9078
8,unreached,multilingual,332,0.9016,0.8914
1,accepted,multilingual,207,0.9345,0.9148
7,unreached,multilingual,50,0.9117,0.9791
7,unreached,multilingual,157,0.8671,0.8586
1,accepted,multilingual,335,0.8913,0.9022
8,unreached,multilingual,212,0.9002,0.7891
13,unreached,multilingual,212,0.9055,0.8045
3,unreached,multilingual,159,0.9261,0.9576
9,unreached,multilingual,159,0.8676,0.8545
4,unreached,multilingual,90,0.9129,0.8688
7,unreached,multilingual,90,0.9158,0.9405
12,unreached,multilingual,55,0.8825,0.8338
4,unreached,multilingual,161,0.8955,0.9118
7,unreached,multilingual,161,0.8676,0.8546
15,unreached,multilingual,161,0.9056,0.9437
8,unreached,multilingual,91,0.9124,0.9255
7,unreached,multilingual,61,0.8825,0.8706
4,unreached,multilingual,214,0.9092,0.82
2,accepted,multilingual,162,0.8909,0.9205
3,rejected,multilingual,162,0.9064,0.915
8,unreached,multilingual,162,0.869,0.8417
1,rejected,multilingual,92,0.8845,0.9018
6,unreached,multilingual,92,0.9076,0.9291
8,unreached,multilingual,64,0.9611,0.9062
11,unreached,multilingual,64,0.9255,0.8791
1,rejected,multilingual,215,0.8783,0.8175
12,unreached,multilingual,215,0.8879,0.7481
7,unreached,multilingual,93,0.8847,0.8573
10,unreached,multilingual,65,0.8947,0.8524
12,unreached,multilingual,65,0.8733,0.827
15,unreached,multilingual,65,0.8757,0.8217
12,unreached,multilingual,344,0.9049,0.8798
10,unreached,multilingual,68,0.8874,0.8429
1,accepted,multilingual,168,0.8753,0.8638
6,unreached,multilingual,95,0.8887,0.8901
3,unreached,multilingual,70,0.9846,0.9568
9,unreached,multilingual,70,0.8731,0.8336
2,rejected,multilingual,348,0.9264,0.9728
1,rejected,multilingual,350,0.8541,0.8579
11,unreached,multilingual,350,0.8991,0.8399
3,unreached,multilingual,99,0.8688,0.8694
5,unreached,multilingual,99,0.8709,0.8585
10,unreached,multilingual,99,0.9078,0.9084
7,unreached,multilingual,72,0.867,0.8384
13,unreached,multilingual,72,0.8698,0.8419
10,unreached,multilingual,226,0.8956,0.7604
12,unreached,multilingual,73,0.8902,0.8549
4,unreached,multilingual,102,0.9343,1.009
13,unreached,multilingual,102,0.8897,0.8409
14,unreached,multilingual,74,0.8783,0.8024
15,unreached,multilingual,354,0.8967,0.8084
11,unreached,multilingual,76,0.8888,0.8746
14,unreached,multilingual,76,0.8965,0.8912
13,unreached,multilingual,230,0.9216,0.8111
4,unreached,multilingual,79,0.8682,0.9319
1,rejected,multilingual,231,0.871,0.7697
15,unreached,multilingual,109,0.8864,0.8535
4,accepted,multilingual,80,0.8793,0.9392
10,unreached,multilingual,80,0.8945,0.8623
11,unreached,multilingual,80,0.8915,0.8601
13,unreached,multilingual,359,0.9111,0.8529
13,unreached,multilingual,232,0.9404,0.7816
1,accepted,multilingual,85,0.8878,0.916
14,unreached,multilingual,85,0.8766,0.8151
11,unreached,multilingual,362,0.9179,0.862
15,unreached,multilingual,185,0.8757,0.8581
9,unreached,multilingual,111,0.8858,0.8691
3,rejected,multilingual,87,0.9447,0.9795
8,unreached,multilingual,363,0.9147,0.8895
4,unreached,multilingual,235,0.9097,0.7906
5,unreached,multilingual,235,0.8905,0.7731
12,unreached,multilingual,235,0.9256,0.7735
8,unreached,multilingual,186,0.8741,0.8382
10,unreached,multilingual,186,0.8657,0.8369
5,unreached,multilingual,90,0.9032,0.9098
8,unreached,multilingual,365,0.9036,0.8474
3,accepted,multilingual,237,0.9565,1.006
1,rejected,multilingual,187,0.885,0.9362
13,unreached,multilingual,92,0.9422,0.9325
9,unreached,multilingual,369,0.9049,0.9853
13,unreached,multilingual,369,0.9187,0.8872
7,unreached,multilingual,244,0.9518,0.8478
13,unreached,multilingual,244,0.9187,0.8613
11,unreached,multilingual,93,0.8957,0.9285
3,unreached,multilingual,373,0.8661,0.8614
4,accepted,multilingual,247,0.9651,0.8732
11,unreached,multilingual,247,0.8979,0.8871
6,unreached,multilingual,189,0.9203,0.9813
1,rejected,multilingual,117,0.8692,0.8873
2,rejected,multilingual,94,0.9938,1.028
9,unreached,multilingual,255,0.8978,0.7753
8,unreached,multilingual,193,0.8488,0.8008
3,unreached,multilingual,96,0.8867,0.9337
13,unreached,multilingual,96,0.8922,0.9172
3,unreached,multilingual,376,0.8744,0.8816
10,unreached,multilingual,376,0.9211,0.9715
1,accepted,multilingual,258,0.8367,0.8179
3,accepted,multilingual,195,0.9238,0.9347
5,unreached,multilingual,195,0.9182,0.9111
7,unreached,multilingual,378,0.9864,0.9768
9,unreached,multilingual,378,0.9243,0.8932
6,unreached,multilingual,260,0.9458,0.8631
11,unreached,multilingual,260,0.9492,0.8752
13,unreached,multilingual,260,0.9762,0.9416
6,unreached,multilingual,263,0.8784,0.8055
10,unreached,multilingual,263,0.9606,1.065
4,unreached,multilingual,201,0.9212,0.9021
6,unreached,multilingual,201,0.8752,0.8621
1,accepted,multilingual,107,0.869,0.9062
15,unreached,multilingual,107,0.8838,0.8095
15,unreached,multilingual,385,0.9286,0.9609
8,accepted,multilingual,268,0.8699,0.8523
5,unreached,multilingual,202,0.8738,0.8525
10,unreached,multilingual,202,0.9198,0.939
1,accepted,multilingual,389,0.8904,0.8427
7,unreached,multilingual,204,0.9141,1.009
8,unreached,multilingual,204,0.91,0.8904
6,unreached,multilingual,124,0.915,0.9185
10,unreached,multilingual,124,0.8915,0.829
12,unreached,multilingual,124,0.889,0.8386
15,unreached,multilingual,124,0.8923,0.8211
7,unreached,multilingual,110,0.9107,0.8459
14,unreached,multilingual,110,0.929,0.8255
1,accepted,multilingual,278,0.8697,0.823
13,unreached,multilingual,278,0.8944,0.7727
2,rejected,multilingual,112,0.8809,0.9157
11,unreached,multilingual,396,0.8897,0.8833
2,accepted,multilingual,211,0.8911,0.9013
7,accepted,multilingual,211,0.9433,0.9262
11,unreached,multilingual,211,0.9317,1.004
5,rejected,multilingual,132,0.8831,0.9908
9,unreached,multilingual,114,0.8855,0.8482
12,unreached,multilingual,114,0.8916,0.8423
5,unreached,multilingual,397,0.8947,0.8551
14,unreached,multilingual,397,0.92,0.8632
6,unreached,multilingual,283,0.8616,0.7835
3,unreached,multilingual,220,0.9128,0.9046
12,unreached,multilingual,137,0.9717,1.087
12,unreached,multilingual,398,0.9152,0.882
6,accepted,multilingual,228,0.909,0.9285
14,unreached,multilingual,228,0.8777,0.8707
9,unreached,multilingual,402,0.9197,0.896
15,unreached,multilingual,235,0.8801,0.8676
15,unreached,multilingual,145,0.8776,0.8666
8,unreached,multilingual,119,0.8929,0.8618
9,unreached,multilingual,408,0.9101,0.8447
14,unreached,multilingual,408,0.9039,0.833
15,unreached,multilingual,408,0.9071,0.8433
5,unreached,multilingual,292,0.8695,0.8382
1,rejected,multilingual,237,0.8802,0.8774
4,accepted,multilingual,146,0.9112,0.9787
11,unreached,multilingual,120,0.9269,0.825
13,unreached,multilingual,120,0.9234,0.8202
12,unreached,multilingual,238,0.9154,0.9153
15,unreached,multilingual,121,0.9262,0.8146
7,unreached,multilingual,414,0.9171,0.9271
14,unreached,multilingual,414,0.8787,0.791
7,unreached,multilingual,303,0.8962,0.8238
12,unreached,multilingual,303,0.9226,0.8568
15,unreached,multilingual,246,0.8751,0.8424
1,rejected,multilingual,155,0.8593,0.8706
9,unreached,multilingual,122,0.9021,0.8168
7,unreached,multilingual,416,0.9203,0.9306
2,rejected,multilingual,304,0.855,0.8951
12,unreached,multilingual,304,0.9053,0.8396
4,accepted,multilingual,252,0.8853,0.9304
9,unreached,multilingual,252,0.8927,0.8642
14,unreached,multilingual,252,0.9243,0.9116
6,unreached,multilingual,417,0.9253,0.8955
14,unreached,multilingual,417,0.8846,0.7969
9,unreached,multilingual,157,0.8725,0.859
13,unreached,multilingual,125,0.8839,0.8644
3,unreached,multilingual,419,0.9118,0.9731
4,unreached,multilingual,419,0.9348,1.012
11,unreached,multilingual,419,0.923,0.913
2,accepted,multilingual,310,0.8431,0.7594
10,rejected,multilingual,310,0.8649,0.8971
2,unreached,multilingual,259,0.9133,0.945
3,unreached,multilingual,259,0.9302,0.9194
10,unreached,multilingual,320,0.889,0.8436
8,unreached,multilingual,260,0.9165,1
9,unreached,multilingual,260,0.8954,0.8774
14,unreached,multilingual,260,0.9402,0.8712
11,unreached,multilingual,134,0.8659,0.8587
3,unreached,multilingual,423,0.8712,0.9881
8,unreached,multilingual,423,0.9097,0.8735
8,unreached,multilingual,135,0.8828,0.8558
14,unreached,multilingual,135,0.8694,0.8654
9,unreached,multilingual,424,0.8968,0.8227
6,unreached,multilingual,165,0.8761,0.8393
12,unreached,multilingual,165,0.9111,0.8908
13,unreached,multilingual,136,0.8706,0.818
3,accepted,multilingual,335,0.9191,0.873
5,unreached,multilingual,335,0.9779,0.9001
7,unreached,multilingual,335,0.8956,0.7696
4,unreached,multilingual,264,0.857,0.8481
4,accepted,multilingual,429,0.8705,0.983
14,unreached,multilingual,429,0.8921,0.8054
15,unreached,multilingual,339,0.9085,0.8097
15,unreached,multilingual,434,0.8816,0.846
9,unreached,multilingual,345,0.8852,0.7631
8,unreached,multilingual,268,0.8865,0.8783
15,unreached,multilingual,168,0.8718,0.8297
1,accepted,multilingual,139,0.9042,0.9325
11,unreached,multilingual,347,0.9124,0.7866
14,unreached,multilingual,269,0.89,0.8536
10,unreached,multilingual,169,0.8719,0.8479
13,unreached,multilingual,436,0.9128,0.9057
15,unreached,multilingual,436,0.9153,0.9625
5,unreached,multilingual,350,0.9663,0.9819
13,unreached,multilingual,171,0.8687,0.84
4,unreached,multilingual,142,0.9318,1.012
5,unreached,multilingual,142,0.9049,0.9404
8,unreached,multilingual,142,0.8947,0.8172
14,unreached,multilingual,354,0.8953,0.7959
4,unreached,multilingual,174,0.8878,0.8619
9,unreached,multilingual,174,0.8776,0.8724
8,unreached,multilingual,144,0.928,0.9695
8,unreached,multilingual,177,0.8721,0.8499
9,unreached,multilingual,177,0.8774,0.8523
10,unreached,multilingual,177,0.8767,0.845
7,unreached,multilingual,145,0.8825,0.8687
1,accepted,multilingual,361,0.8595,0.7857
15,unreached,multilingual,361,0.8788,0.8143
6,unreached,multilingual,274,0.9321,0.9645
12,unreached,multilingual,179,0.9104,0.9564
7,unreached,multilingual,147,0.9023,0.8475
15,unreached,multilingual,277,0.9616,0.9881
2,unreached,multilingual,180,0.9018,0.9711
12,unreached,multilingual,180,0.891,0.8859
4,unreached,multilingual,148,0.8932,0.961
8,unreached,multilingual,148,0.8896,0.8745
10,unreached,multilingual,148,0.8896,0.8711
14,unreached,multilingual,148,0.9047,0.8712
12,unreached,multilingual,279,0.9219,0.908
5,unreached,multilingual,183,0.9377,0.9671
12,unreached,multilingual,150,0.9069,0.8715
11,unreached,multilingual,90,0.8779,0.8045
13,unreached,multilingual,184,0.913,0.9344
12,unreached,multilingual,151,0.9031,0.8753
8,unreached,multilingual,285,0.9669,1.006
9,unreached,multilingual,285,0.984,0.9599
12,unreached,multilingual,189,0.8901,0.7843
15,unreached,multilingual,152,0.9385,0.8503
8,unreached,multilingual,92,0.8602,0.8338
7,unreached,multilingual,292,0.9365,0.8601
8,unreached,multilingual,190,0.8804,0.8636
11,unreached,multilingual,190,0.8719,0.8398
6,unreached,multilingual,153,0.929,0.864
1,rejected,multilingual,384,0.8599,0.7774
9,unreached,multilingual,384,0.9389,0.878
2,accepted,multilingual,295,0.909,0.9918
4,unreached,multilingual,295,0.9058,0.8984
10,unreached,multilingual,154,0.9213,0.8643
14,unreached,multilingual,95,0.8831,0.8539
13,unreached,multilingual,298,0.9178,0.934
15,unreached,multilingual,194,0.8818,0.8411
5,unreached,multilingual,156,0.9196,0.8979
3,accepted,multilingual,301,0.911,0.9459
5,accepted,multilingual,158,0.9563,0.9759
10,unreached,multilingual,158,0.9044,0.861
11,unreached,multilingual,99,0.8724,0.8141
5,unreached,multilingual,401,0.908,0.8328
1,rejected,multilingual,310,0.8787,0.9018
9,unreached,multilingual,167,0.877,0.8711
3,unreached,multilingual,311,0.8714,0.8826
10,unreached,multilingual,311,0.9471,0.9843
3,unreached,multilingual,197,0.8888,0.8976
10,unreached,multilingual,197,0.8751,0.8788
12,unreached,multilingual,417,0.9179,0.7887
2,accepted,multilingual,198,0.9387,0.9949
9,unreached,multilingual,198,0.8721,0.8719
4,unreached,multilingual,169,0.9,0.9103
13,unreached,multilingual,322,0.934,0.9277
3,unreached,multilingual,170,0.8848,0.8954
4,unreached,multilingual,106,0.8862,0.9115
8,unreached,multilingual,323,0.9173,0.9522
11,unreached,multilingual,202,0.8713,0.8291
14,unreached,multilingual,202,0.8742,0.819
10,unreached,multilingual,107,0.8827,0.8693
1,rejected,multilingual,58,0.9532,1.009
4,unreached,multilingual,58,0.8943,0.8856
5,unreached,multilingual,204,0.8788,0.875
6,unreached,multilingual,204,0.8786,0.8769
8,unreached,multilingual,204,0.8755,0.8692
9,unreached,multilingual,204,0.8736,0.8651
12,unreached,multilingual,204,0.9034,0.8821
4,unreached,multilingual,173,0.9025,0.9139
5,unreached,multilingual,173,0.9555,0.9924
3,unreached,multilingual,206,0.8951,0.9115
2,unreached,multilingual,109,0.889,0.8837
15,unreached,multilingual,109,0.8808,0.8467
5,accepted,multilingual,341,0.9185,0.8963
13,accepted,multilingual,341,0.9232,0.8841
12,unreached,multilingual,110,0.8882,0.883
4,accepted,multilingual,356,0.9417,0.9153
11,rejected,multilingual,356,0.9551,0.9993
15,unreached,multilingual,356,0.9621,1.093
14,unreached,multilingual,208,0.8687,0.8219
9,unreached,multilingual,177,0.9105,0.82
10,unreached,multilingual,177,0.915,0.9332
2,unreached,multilingual,111,0.9328,0.9243
12,unreached,multilingual,111,0.88,0.8657
10,unreached,multilingual,367,0.9576,1.028
15,unreached,multilingual,367,0.9205,0.8784
2,rejected,multilingual,178,0.8716,0.8861
8,unreached,multilingual,178,0.8784,0.8587
13,unreached,multilingual,64,0.8719,0.7881
10,rejected,multilingual,376,0.9249,0.9724
2,unreached,multilingual,180,0.9357,0.9475
6,unreached,multilingual,65,0.8952,0.8716
4,accepted,multilingual,386,0.895,0.8651
7,unreached,multilingual,386,0.9085,0.9653
12,unreached,multilingual,386,0.8932,0.9146
12,unreached,multilingual,215,0.9293,0.955
7,unreached,multilingual,181,0.8912,0.8678
1,rejected,multilingual,114,0.9508,0.9911
8,unreached,multilingual,66,0.8592,0.8139
9,unreached,multilingual,220,0.8883,0.8247
7,unreached,multilingual,67,0.8849,0.8285
2,accepted,multilingual,221,0.8823,0.9614
6,unreached,multilingual,184,0.9095,0.9977
7,unreached,multilingual,68,0.8712,0.8247
15,accepted,multilingual,411,0.979,0.9948
7,unreached,multilingual,228,0.9657,0.9594
1,accepted,multilingual,185,0.9149,0.9436
15,unreached,multilingual,69,0.9164,0.802
4,accepted,multilingual,427,0.9495,0.9409
8,unreached,multilingual,119,0.854,0.8832
9,accepted,multilingual,443,0.9387,0.8913
6,unreached,multilingual,190,0.8885,0.839
7,unreached,multilingual,190,0.8763,0.8279
10,unreached,multilingual,190,0.8751,0.8113
10,unreached,multilingual,71,0.9002,0.7968
6,unreached,multilingual,236,0.899,0.8419
7,unreached,multilingual,236,0.8878,0.8295
5,unreached,multilingual,193,0.9225,0.8604
1,rejected,multilingual,121,0.9416,0.9541
5,unreached,multilingual,121,0.9229,1.07
10,unreached,multilingual,72,0.8841,0.7747
12,unreached,multilingual,72,0.9172,0.8122
2,unreached,multilingual,74,0.884,0.8937
14,unreached,multilingual,35,0.9446,0.9397
8,unreached,multilingual,196,0.8964,0.8683
11,unreached,multilingual,196,0.8896,0.8533
15,unreached,multilingual,196,0.8815,0.8374
6,rejected,multilingual,125,0.9069,0.964
8,unreached,multilingual,37,0.8983,0.8677
15,unreached,multilingual,37,0.8823,0.8386
6,unreached,multilingual,197,0.8909,0.8839
15,unreached,multilingual,197,0.8787,0.8327
11,unreached,multilingual,38,0.9039,0.9171
15,unreached,multilingual,38,0.8777,0.8084
4,unreached,multilingual,198,0.8865,0.8951
2,unreached,multilingual,40,0.9717,1.022
4,unreached,multilingual,40,0.8874,0.8622
1,rejected,multilingual,246,0.8946,0.9429
4,unreached,multilingual,246,0.9927,1.003
10,unreached,multilingual,246,0.943,0.8449
7,unreached,multilingual,199,0.8849,0.8361
1,accepted,multilingual,41,0.8806,0.8447
6,unreached,multilingual,134,0.9108,0.9226
5,unreached,multilingual,44,0.8893,0.8582
10,unreached,multilingual,248,0.8926,0.8349
1,accepted,multilingual,135,0.8715,0.8794
8,unreached,multilingual,135,0.9213,1.026
2,accepted,multilingual,81,0.8663,0.8762
4,rejected,multilingual,47,0.8958,0.8978
5,unreached,multilingual,47,0.8841,0.8832
4,unreached,multilingual,249,0.8863,0.8861
11,unreached,multilingual,204,0.9274,0.8194
3,unreached,multilingual,250,0.8728,0.9101
8,unreached,multilingual,140,0.9402,0.9667
12,unreached,multilingual,140,0.8865,0.8193
3,unreached,multilingual,54,0.9246,0.9601
9,unreached,multilingual,54,0.883,0.8465
6,accepted,multilingual,251,0.9128,0.9669
5,unreached,multilingual,208,0.8777,0.8241
10,unreached,multilingual,208,0.8801,0.7862
11,unreached,multilingual,89,0.913,0.8389
3,unreached,multilingual,55,0.878,0.8676
10,unreached,multilingual,260,0.8838,0.9114
1,rejected,multilingual,209,0.9583,0.9328
6,unreached,multilingual,209,0.919,0.8679
12,unreached,multilingual,209,0.8793,0.8344
12,unreached,multilingual,210,0.8793,0.8289
13,unreached,multilingual,143,0.8854,0.8645
6,unreached,multilingual,58,0.8722,0.8367
13,unreached,multilingual,271,0.9153,0.9044
1,accepted,multilingual,145,0.9073,0.9354
7,unreached,multilingual,145,0.9376,1.018
3,rejected,multilingual,100,0.9119,0.9955
11,unreached,multilingual,272,0.9113,0.8991
5,unreached,multilingual,150,0.9163,0.9538
9,unreached,multilingual,103,0.8727,0.7892
1,rejected,multilingual,273,0.8817,0.8542
3,unreached,multilingual,151,0.9085,1.028
10,unreached,multilingual,104,0.8938,0.8228
15,unreached,multilingual,153,0.9056,0.8851
2,unreached,multilingual,105,0.9235,0.9721
6,unreached,multilingual,275,0.923,0.8784
10,unreached,multilingual,218,0.9337,0.857
11,unreached,multilingual,154,0.9294,0.9869
15,unreached,multilingual,106,0.8932,0.7751
6,unreached,multilingual,66,0.8665,0.8392
12,unreached,multilingual,162,0.9049,0.8539
4,unreached,multilingual,109,0.9074,0.8489
5,unreached,multilingual,67,0.8636,0.8464
3,unreached,multilingual,227,0.9066,0.8801
6,unreached,multilingual,227,0.8842,0.8685
9,unreached,multilingual,227,0.8994,0.8279
11,unreached,multilingual,227,0.903,0.814
9,unreached,multilingual,111,0.9144,0.8019
12,unreached,multilingual,278,0.8914,0.8868
4,unreached,multilingual,164,0.8769,0.9935
7,unreached,multilingual,164,0.9282,0.974
14,unreached,multilingual,164,0.9023,0.8422
8,unreached,multilingual,112,0.8956,0.8557
1,rejected,multilingual,69,0.8803,0.9393
6,unreached,multilingual,69,0.8755,0.8373
1,rejected,multilingual,280,0.9079,0.8911
2,rejected,multilingual,230,0.8796,0.9675
7,unreached,multilingual,232,0.874,0.8731
10,unreached,multilingual,232,0.8815,0.8337
8,unreached,multilingual,168,0.9182,0.8995
15,unreached,multilingual,168,0.8672,0.8254
13,unreached,multilingual,72,0.8806,0.8328
2,accepted,multilingual,170,0.9211,0.954
10,unreached,multilingual,170,0.904,0.9431
1,accepted,multilingual,283,0.8702,0.7825
2,unreached,multilingual,238,0.9337,0.9204
12,unreached,multilingual,117,0.9513,0.8942
14,unreached,multilingual,117,0.9544,0.9373
7,unreached,multilingual,75,0.8964,0.8861
10,unreached,multilingual,75,0.8745,0.8312
9,unreached,multilingual,286,0.9169,0.9315
9,unreached,multilingual,76,0.8764,0.8301
4,unreached,multilingual,287,0.9098,0.949
15,unreached,multilingual,241,0.9203,0.8397
6,unreached,multilingual,127,0.9417,1.027
1,rejected,multilingual,78,0.9161,0.9493
12,unreached,multilingual,78,0.8694,0.8336
2,accepted,multilingual,288,0.9155,0.9568
4,accepted,multilingual,288,0.9195,1.007
4,unreached,multilingual,242,0.9422,0.9085
9,unreached,multilingual,183,0.9393,0.8809
1,rejected,multilingual,131,0.912,0.9435
11,unreached,multilingual,296,0.8871,0.8241
6,unreached,multilingual,244,0.9049,0.8124
2,rejected,multilingual,184,0.8806,0.8706
7,unreached,multilingual,184,0.9638,0.9742
1,accepted,multilingual,298,0.8747,0.9133
7,unreached,multilingual,298,0.9314,1.013
8,unreached,multilingual,298,0.8935,0.9303
13,unreached,multilingual,245,0.9505,0.8809
6,unreached,multilingual,186,0.954,0.9745
8,unreached,multilingual,133,0.91,0.928
4,unreached,multilingual,81,0.8948,0.9545
15,unreached,multilingual,81,0.8834,0.8231
1,rejected,multilingual,302,0.8617,0.8849
3,unreached,multilingual,302,0.9362,0.956
5,unreached,multilingual,302,0.9018,0.9577
14,unreached,multilingual,302,0.9357,0.8534
4,accepted,multilingual,187,0.9424,1.002
9,unreached,multilingual,303,0.9193,0.8816
14,unreached,multilingual,303,0.9318,0.9689
1,accepted,multilingual,137,0.8546,0.8635
15,unreached,multilingual,137,0.8654,0.7771
4,unreached,multilingual,85,0.8888,0.9222
2,unreached,multilingual,305,0.9072,0.9625
5,unreached,multilingual,305,0.8857,0.896
6,unreached,multilingual,248,0.9438,0.9662
11,accepted,multilingual,197,0.9043,0.8753
5,unreached,multilingual,139,0.897,0.8795
8,unreached,multilingual,139,0.8713,0.8611
13,unreached,multilingual,139,0.8684,0.795
9,unreached,multilingual,86,0.9156,0.8734
4,unreached,multilingual,306,0.9145,0.9412
11,unreached,multilingual,209,0.8849,0.8424
7,unreached,multilingual,87,0.878,0.8415
15,unreached,multilingual,87,0.8848,0.8132
2,unreached,multilingual,308,0.8977,0.9498
1,accepted,multilingual,250,0.8815,0.9105
14,unreached,multilingual,145,0.872,0.791
12,unreached,multilingual,88,0.8879,0.8488
1,rejected,multilingual,309,0.8974,0.9666
8,unreached,multilingual,309,0.9202,0.8622
1,accepted,multilingual,252,0.883,0.8873
4,accepted,multilingual,252,0.9044,0.939
9,unreached,multilingual,227,0.8786,0.8662
8,unreached,multilingual,310,0.9261,0.899
10,unreached,multilingual,261,0.8991,0.9798
4,unreached,multilingual,230,0.9224,1.021
10,unreached,multilingual,230,0.9427,1.02
14,unreached,multilingual,230,0.8927,0.8664
10,unreached,multilingual,147,0.876,0.8397
8,unreached,multilingual,268,0.9221,0.8735
5,accepted,multilingual,233,0.9106,0.9431
12,unreached,multilingual,314,0.8973,0.9267
14,unreached,multilingual,270,0.9011,0.811
6,unreached,multilingual,239,0.9304,0.9656
15,unreached,multilingual,239,0.8876,0.8021
15,unreached,multilingual,149,0.867,0.7937
6,unreached,multilingual,92,0.8734,0.843
2,unreached,multilingual,322,0.9356,0.9307
8,unreached,multilingual,322,0.9026,0.9205
1,rejected,multilingual,271,0.9043,0.9238
1,rejected,multilingual,95,0.8701,0.9004
12,unreached,multilingual,95,0.9063,0.8968
1,rejected,multilingual,272,0.859,0.8875
5,unreached,multilingual,272,0.8993,0.8484
10,unreached,multilingual,242,0.8817,0.8711
11,unreached,multilingual,242,0.8949,0.8692
4,unreached,multilingual,96,0.9123,0.9298
13,unreached,multilingual,96,0.912,0.9134
2,rejected,multilingual,273,0.8646,0.9017
10,unreached,multilingual,243,0.9266,0.89
6,unreached,multilingual,97,0.9025,0.8992
12,unreached,multilingual,326,0.9173,0.8889
14,unreached,multilingual,326,0.9108,0.889
8,unreached,multilingual,153,0.8829,0.8017
14,unreached,multilingual,327,0.9131,0.8921
6,unreached,multilingual,158,0.8883,0.8515
4,unreached,multilingual,99,0.9171,1.017
5,unreached,multilingual,328,0.8902,0.93
10,unreached,multilingual,328,0.9192,0.9713
7,unreached,multilingual,280,0.9362,0.9926
12,unreached,multilingual,160,0.873,0.792
15,unreached,multilingual,329,0.9187,0.8924
7,unreached,multilingual,256,0.8871,0.8634
9,unreached,multilingual,256,0.909,0.8867
1,accepted,multilingual,331,0.8728,0.8995
7,unreached,multilingual,283,0.8845,0.8084
11,unreached,multilingual,283,0.9038,0.8184
7,unreached,multilingual,258,0.8862,0.8701
2,unreached,multilingual,104,0.8721,0.9258
8,unreached,multilingual,104,0.8622,0.8268
6,unreached,multilingual,333,0.8882,0.8677
11,unreached,multilingual,105,0.9053,0.8764
8,unreached,multilingual,165,0.8804,0.7993
14,unreached,multilingual,335,0.9475,0.9198
5,unreached,multilingual,288,0.8727,0.8346
11,unreached,multilingual,166,0.8726,0.8179
7,unreached,multilingual,108,0.9057,0.9051
9,unreached,multilingual,336,0.9109,0.8896
14,unreached,multilingual,291,0.8776,0.8588
4,unreached,multilingual,167,0.9043,0.8713
8,unreached,multilingual,167,0.8938,0.9055
5,unreached,multilingual,109,0.9352,1.008
10,unreached,multilingual,109,0.8849,0.8933
14,unreached,multilingual,110,0.8705,0.8839
3,accepted,multilingual,297,0.9137,0.8646
3,unreached,multilingual,273,0.925,0.9553
4,unreached,multilingual,176,0.8796,0.8905
7,unreached,multilingual,176,0.903,0.902
13,unreached,multilingual,176,0.8721,0.8221
6,unreached,multilingual,301,0.9005,0.9019
10,unreached,multilingual,274,0.9033,0.8728
1,rejected,multilingual,177,0.8605,0.8616
4,unreached,multilingual,177,0.871,0.8539
5,unreached,multilingual,177,0.8731,0.8729
13,unreached,multilingual,177,0.8726,0.832
14,unreached,multilingual,113,0.9009,0.8627
5,unreached,multilingual,360,0.9198,0.892
7,unreached,multilingual,360,0.8803,0.8352
4,unreached,multilingual,275,0.9071,0.9441
5,unreached,multilingual,275,0.8827,0.8959
12,unreached,multilingual,275,0.8794,0.8478
12,unreached,multilingual,178,0.8684,0.798
1,accepted,multilingual,114,0.9475,0.9284
2,accepted,multilingual,362,0.937,0.9724
5,rejected,multilingual,368,0.8762,0.8842
10,unreached,multilingual,368,0.8842,0.9003
1,accepted,multilingual,307,0.9042,0.8956
4,accepted,multilingual,307,0.8772,0.8548
6,unreached,multilingual,277,0.9123,0.8838
10,unreached,multilingual,277,0.8973,0.9353
11,unreached,multilingual,180,0.8688,0.7674
13,unreached,multilingual,180,0.8681,0.7632
1,rejected,multilingual,373,0.8959,0.9326
7,unreached,multilingual,373,0.9166,0.9567
1,accepted,multilingual,313,0.9118,0.9294
11,unreached,multilingual,278,0.9082,0.8991
5,unreached,multilingual,124,0.894,0.8068
13,unreached,multilingual,124,0.8862,0.8162
9,unreached,multilingual,374,0.9753,0.9603
13,unreached,multilingual,374,0.9295,0.9159
6,unreached,multilingual,315,0.8923,0.8272
10,unreached,multilingual,315,0.8958,0.8165
11,unreached,multilingual,280,0.8876,0.8036
12,unreached,multilingual,280,0.8848,0.8187
6,unreached,multilingual,126,0.8882,0.8446
4,unreached,multilingual,375,0.9131,0.9302
8,unreached,multilingual,316,0.8863,0.827
6,unreached,multilingual,127,0.8786,0.8248
11,unreached,multilingual,127,0.8888,0.8213
3,unreached,multilingual,377,0.8645,0.8892
8,unreached,multilingual,317,0.8805,0.8335
12,unreached,multilingual,317,0.8931,0.7688
13,unreached,multilingual,286,0.8813,0.8165
6,unreached,multilingual,192,0.8676,0.8033
9,unreached,multilingual,192,0.8705,0.7934
3,accepted,multilingual,288,0.9255,0.9754
4,unreached,multilingual,129,0.8955,0.8862
11,unreached,multilingual,129,0.8901,0.8041
10,unreached,multilingual,292,0.8901,0.8565
10,unreached,multilingual,194,0.9012,0.8231
13,unreached,multilingual,327,0.9274,0.9819
12,unreached,multilingual,297,0.9074,0.9796
9,unreached,multilingual,197,0.8985,0.8356
15,unreached,multilingual,136,0.8889,0.8246
9,unreached,multilingual,198,0.898,0.8523
14,unreached,multilingual,198,0.8756,0.7922
14,unreached,multilingual,395,0.9143,0.9296
14,unreached,multilingual,335,0.8733,0.8289
15,unreached,multilingual,335,0.8769,0.8347
6,unreached,multilingual,140,0.8931,0.9235
11,unreached,multilingual,140,0.8707,0.8195
5,unreached,multilingual,399,0.9487,0.9708
6,unreached,multilingual,399,0.9495,0.8913
1,accepted,multilingual,337,0.8793,0.9577
2,accepted,multilingual,337,0.8745,0.9459
9,unreached,multilingual,337,0.8815,0.8667
4,unreached,multilingual,304,0.8895,0.8807
2,unreached,multilingual,200,0.9366,0.9047
9,unreached,multilingual,200,0.8871,0.8439
6,unreached,multilingual,402,0.9349,0.9133
7,unreached,multilingual,402,0.9299,0.8705
13,unreached,multilingual,402,0.9227,0.9271
3,accepted,multilingual,305,0.8822,0.963
9,unreached,multilingual,305,0.9276,0.9758
1,accepted,multilingual,201,0.912,0.9269
10,unreached,multilingual,147,0.8706,0.8605
13,unreached,multilingual,147,0.8654,0.8432
3,unreached,multilingual,310,0.9135,0.9942
7,unreached,multilingual,310,0.9111,0.9304
14,unreached,multilingual,310,0.9036,0.9159
2,accepted,multilingual,204,0.849,0.8743
5,unreached,multilingual,148,0.9067,0.9258
3,rejected,multilingual,406,0.8644,0.9006
13,unreached,multilingual,406,0.9439,0.9412
14,unreached,multilingual,149,0.872,0.8171
4,unreached,multilingual,409,0.8986,0.8235
3,unreached,multilingual,347,0.9113,0.9668
2,accepted,multilingual,313,0.8914,0.8984
10,unreached,multilingual,152,0.8686,0.8322
12,unreached,multilingual,412,0.9521,0.8716
13,unreached,multilingual,412,0.9248,0.9965
14,unreached,multilingual,412,0.9326,1.023
5,unreached,multilingual,321,0.8831,0.8961
8,unreached,multilingual,413,0.9396,0.8332
7,unreached,multilingual,357,0.9922,1.087
13,unreached,multilingual,322,0.9271,0.8209
14,unreached,multilingual,322,0.9533,0.8421
4,unreached,multilingual,214,0.9134,0.9752
6,unreached,multilingual,214,0.8813,0.8558
9,unreached,multilingual,214,0.8641,0.8169
14,unreached,multilingual,214,0.8729,0.8137
1,rejected,multilingual,323,0.8749,0.8688
2,rejected,multilingual,155,0.9019,0.9442
4,unreached,multilingual,418,0.9003,0.8748
11,unreached,multilingual,371,0.964,0.8765
14,unreached,multilingual,371,0.9835,0.9101
4,unreached,multilingual,327,0.8942,0.9543
4,unreached,multilingual,158,0.865,0.845
8,unreached,multilingual,158,0.8652,0.8655
9,unreached,multilingual,158,0.8811,0.8612
14,unreached,multilingual,158,0.9032,0.9521
15,unreached,multilingual,421,0.9421,0.938
1,rejected,multilingual,372,0.9195,0.9778
2,unreached,multilingual,218,0.9917,1.046
5,rejected,multilingual,423,0.8642,0.9829
14,unreached,multilingual,219,0.8757,0.7893
8,unreached,multilingual,160,0.8812,0.8755
9,unreached,multilingual,160,0.8838,0.8779
12,unreached,multilingual,160,0.8938,0.8524
11,unreached,multilingual,374,0.8897,0.8394
15,unreached,multilingual,374,0.9042,0.8666
2,accepted,multilingual,338,0.927,0.8807
3,unreached,multilingual,162,0.9114,0.9708
11,unreached,multilingual,162,0.9078,0.9117
10,unreached,multilingual,376,0.8954,0.8122
12,unreached,multilingual,376,0.898,0.7851
3,accepted,multilingual,347,0.9441,0.9046
5,unreached,multilingual,221,0.883,0.791
12,unreached,multilingual,221,0.8767,0.7855
10,unreached,multilingual,163,0.8934,0.8419
13,unreached,multilingual,163,0.904,0.9115
9,unreached,multilingual,224,0.8633,0.8128
9,accepted,multilingual,30,0.8957,0.8133
7,unreached,multilingual,381,0.8913,0.8014
12,unreached,multilingual,381,0.9241,0.9058
1,rejected,multilingual,225,0.8684,0.8747
5,unreached,multilingual,225,0.8694,0.8018
10,unreached,multilingual,165,0.9195,0.9355
1,rejected,multilingual,385,0.8571,0.9127
10,unreached,multilingual,385,0.9583,1.051
15,unreached,multilingual,226,0.8787,0.7537
8,unreached,multilingual,166,0.9322,1.012
5,unreached,multilingual,58,0.911,0.8517
10,unreached,multilingual,58,0.907,0.8187
13,unreached,multilingual,58,0.9369,0.9335
4,unreached,multilingual,168,0.9187,0.8523
2,rejected,multilingual,62,0.8939,1.009
6,unreached,multilingual,62,0.9144,0.9242
9,unreached,multilingual,389,0.9018,0.7873
15,unreached,multilingual,228,0.8721,0.7555
4,accepted,multilingual,170,0.8834,0.9762
8,unreached,multilingual,170,0.8978,0.8729
13,unreached,multilingual,170,0.9022,0.928
5,unreached,multilingual,391,0.9053,0.9208
6,unreached,multilingual,391,0.9012,0.8492
7,unreached,multilingual,391,0.9158,0.8275
13,unreached,multilingual,391,0.8888,0.8395
8,unreached,multilingual,368,0.8746,0.7866
14,unreached,multilingual,368,0.9032,0.8375
7,unreached,multilingual,229,0.8855,0.8355
7,unreached,multilingual,175,0.8657,0.912
13,unreached,multilingual,175,0.8829,0.8461
10,unreached,multilingual,65,0.917,0.8499
2,unreached,multilingual,230,0.9175,0.949
1,rejected,multilingual,176,0.8993,0.9494
6,unreached,multilingual,176,0.8794,0.9479
5,unreached,multilingual,399,0.9127,0.9411
12,unreached,multilingual,399,0.9644,0.9268
6,unreached,multilingual,371,0.9309,0.8246
10,unreached,multilingual,177,0.8867,0.8512
8,unreached,multilingual,400,0.9497,0.9286
7,unreached,multilingual,372,0.9475,0.867
2,unreached,multilingual,232,0.9071,0.8978
10,unreached,multilingual,232,0.8909,0.8349
1,accepted,multilingual,78,0.8571,0.8124
4,unreached,multilingual,78,0.871,0.958
10,unreached,multilingual,78,0.9261,0.8329
9,accepted,multilingual,374,0.9243,0.9259
13,unreached,multilingual,374,0.9476,0.8892
4,unreached,multilingual,233,0.9083,0.8301
9,unreached,multilingual,233,0.8808,0.7866
10,unreached,multilingual,181,0.8958,0.831
14,unreached,multilingual,181,0.8846,0.8408
11,unreached,multilingual,234,0.864,0.7766
9,unreached,multilingual,183,0.8966,0.8556
2,accepted,multilingual,83,0.8927,0.9425
15,unreached,multilingual,387,0.9595,0.9997
4,accepted,multilingual,391,0.9067,0.8635
10,unreached,multilingual,236,0.8618,0.7769
11,unreached,multilingual,188,0.8844,0.848
15,unreached,multilingual,92,0.9063,0.7482
8,rejected,multilingual,402,0.8777,0.9499
14,unreached,multilingual,402,0.879,0.8628
10,unreached,multilingual,238,0.8643,0.7764
12,unreached,multilingual,238,0.865,0.7684
7,unreached,multilingual,190,0.8734,0.9501
3,unreached,multilingual,93,0.9293,0.8034
6,unreached,multilingual,239,0.8788,0.8222
13,unreached,multilingual,239,0.8894,0.8177
8,unreached,multilingual,191,0.8705,0.8898
13,unreached,multilingual,95,0.9206,0.7826
6,unreached,multilingual,243,0.883,0.864
2,accepted,multilingual,97,0.8873,0.8588
15,unreached,multilingual,97,0.9147,0.8268
3,accepted,multilingual,56,0.9137,0.8615
3,accepted,multilingual,101,0.8645,0.8633
2,rejected,multilingual,106,0.9155,0.928
5,unreached,multilingual,106,0.9841,1.01
12,unreached,multilingual,106,0.9146,0.8458
5,rejected,multilingual,67,0.9002,0.8217
8,unreached,multilingual,419,0.9193,0.8852
2,unreached,multilingual,197,0.9023,0.9891
3,rejected,multilingual,72,0.8891,0.8301
10,unreached,multilingual,198,0.9125,0.9021
5,unreached,multilingual,110,0.9263,0.9033
6,unreached,multilingual,110,0.9157,0.8851
10,unreached,multilingual,110,0.919,0.9031
8,accepted,multilingual,75,0.9622,0.9783
5,accepted,multilingual,422,0.8698,0.8357
11,unreached,multilingual,248,0.8585,0.796
12,unreached,multilingual,199,0.8888,0.8823
15,unreached,multilingual,89,0.917,0.8153
8,unreached,multilingual,91,0.9494,0.8355
10,unreached,multilingual,442,0.8652,0.8256
15,unreached,multilingual,442,0.8596,0.8217
11,unreached,multilingual,257,0.8895,0.7894
8,unreached,multilingual,93,0.9701,0.9404
9,unreached,multilingual,93,0.9528,0.8362
3,unreached,multilingual,259,0.8932,0.8858
11,unreached,multilingual,209,0.8935,0.9373
3,unreached,multilingual,96,0.9427,0.9637
13,unreached,multilingual,96,0.9135,0.7505
6,unreached,multilingual,210,0.9151,0.9668
3,rejected,multilingual,127,0.9289,1.103
11,unreached,multilingual,98,0.9051,0.8196
4,unreached,multilingual,261,0.8859,0.8875
4,unreached,multilingual,130,0.897,0.894
11,unreached,multilingual,130,0.8996,0.9844
12,unreached,multilingual,130,0.8909,0.8051
13,unreached,multilingual,130,0.8918,0.7683
10,unreached,multilingual,105,0.9511,0.8552
11,unreached,multilingual,105,0.9494,0.8216
13,unreached,multilingual,450,0.8711,0.8684
8,unreached,multilingual,262,0.8815,0.8051
15,unreached,multilingual,131,0.8889,0.8344
7,unreached,multilingual,107,0.9189,0.8129
11,unreached,multilingual,107,0.9294,0.7554
4,unreached,multilingual,451,0.8793,0.8504
5,unreached,multilingual,451,0.9449,0.9815
13,unreached,multilingual,451,0.8973,0.8481
5,unreached,multilingual,223,0.9082,0.9406
14,unreached,multilingual,111,0.9348,0.8305
4,unreached,multilingual,224,0.9355,0.9873
10,unreached,multilingual,224,0.9093,0.8265
2,accepted,multilingual,112,0.8523,0.7639
3,unreached,multilingual,453,0.926,0.9895
6,unreached,multilingual,453,0.9711,0.9542
2,unreached,multilingual,272,0.9593,0.9954
10,unreached,multilingual,272,0.8692,0.791
9,unreached,multilingual,141,0.9246,0.7928
10,unreached,multilingual,141,0.9517,1.034
12,unreached,multilingual,141,0.9186,0.8505
2,accepted,multilingual,454,0.9049,0.9991
6,rejected,multilingual,454,0.8942,0.9313
8,unreached,multilingual,227,0.9316,0.9466
1,accepted,multilingual,146,0.8981,0.9083
7,rejected,multilingual,146,0.9274,1.077
3,accepted,multilingual,117,0.9536,1.016
3,unreached,multilingual,460,0.8962,0.9236
6,unreached,multilingual,460,0.9264,0.9776
15,unreached,multilingual,460,0.8944,0.868
2,unreached,multilingual,274,0.9136,0.8896
12,unreached,multilingual,274,0.8992,0.8563
10,unreached,multilingual,228,0.8942,0.897
9,unreached,multilingual,153,0.9297,0.8263
10,unreached,multilingual,153,0.9215,0.815
7,unreached,multilingual,275,0.9219,0.8641
6,unreached,multilingual,230,0.9078,0.9293
8,unreached,multilingual,157,0.9347,0.8969
11,unreached,multilingual,136,0.9025,0.7527
12,unreached,multilingual,464,0.9439,1.025
4,unreached,multilingual,277,0.9161,0.9402
8,unreached,multilingual,231,0.9077,0.8672
8,unreached,multilingual,159,0.9111,0.7986
15,unreached,multilingual,159,0.9188,0.7884
3,unreached,multilingual,467,0.9358,0.9422
7,unreached,multilingual,467,0.8919,0.8489
9,unreached,multilingual,467,0.9034,0.9226
8,unreached,multilingual,234,0.9558,0.9865
13,unreached,multilingual,163,0.9177,0.7809
6,unreached,multilingual,235,0.9416,0.9782
14,unreached,multilingual,235,0.92,0.8891
4,unreached,multilingual,147,0.8935,0.7946
10,unreached,multilingual,147,0.9152,0.8299
10,unreached,multilingual,69,0.8694,0.8858
7,unreached,multilingual,247,0.8795,0.795
8,unreached,multilingual,249,0.9019,0.8785
6,unreached,multilingual,180,0.9245,0.8203
12,unreached,multilingual,285,0.8643,0.7981
10,unreached,multilingual,252,0.8863,0.8048
2,accepted,multilingual,183,0.8362,0.7253
4,rejected,multilingual,156,0.8746,0.7976
15,unreached,multilingual,73,0.891,0.8624
2,unreached,multilingual,287,0.8837,0.9121
2,unreached,multilingual,254,0.9232,0.927
4,unreached,multilingual,254,0.9396,0.9698
9,unreached,multilingual,288,0.8652,0.8041
6,unreached,multilingual,255,0.9268,0.9677
5,rejected,multilingual,188,0.939,0.9027
9,unreached,multilingual,188,0.9486,0.9111
14,unreached,multilingual,163,0.8996,0.7809
9,unreached,multilingual,76,0.9287,0.8805
1,accepted,multilingual,289,0.8553,0.8673
13,unreached,multilingual,193,0.941,0.7836
14,unreached,multilingual,193,0.9434,0.7875
1,rejected,multilingual,77,0.9297,0.9541
9,unreached,multilingual,292,0.8697,0.8155
12,unreached,multilingual,292,0.8767,0.8191
14,unreached,multilingual,195,0.9402,0.8023
2,rejected,multilingual,167,0.8826,0.8311
4,unreached,multilingual,167,0.8779,0.782
6,unreached,multilingual,167,0.9002,0.803
6,unreached,multilingual,78,0.9049,0.9252
9,unreached,multilingual,294,0.8682,0.8153
14,unreached,multilingual,294,0.8717,0.8086
4,rejected,multilingual,200,0.9366,0.8432
4,unreached,multilingual,171,0.9275,0.88
13,unreached,multilingual,296,0.8716,0.8033
10,unreached,multilingual,262,0.8897,0.8677
11,unreached,multilingual,262,0.8916,0.8682
11,unreached,multilingual,264,0.9042,0.8859
11,accepted,multilingual,205,0.9793,0.9312
5,unreached,multilingual,90,0.9537,1.053
6,unreached,multilingual,90,0.9236,1.019
1,accepted,multilingual,265,0.8985,0.9249
2,rejected,multilingual,265,0.8846,0.887
13,unreached,multilingual,265,0.9167,0.8999
14,unreached,multilingual,265,0.9137,0.8889
3,unreached,multilingual,221,0.8784,0.8163
13,unreached,multilingual,221,0.9881,0.8301
15,unreached,multilingual,221,1.003,0.8508
15,unreached,multilingual,175,0.905,0.8071
12,unreached,multilingual,92,0.887,0.9416
10,unreached,multilingual,223,0.9699,0.8744
9,unreached,multilingual,93,0.892,0.9279
10,unreached,multilingual,93,0.8955,0.9381
13,unreached,multilingual,94,0.9229,0.8917
14,unreached,multilingual,307,0.9006,0.843
11,unreached,multilingual,226,0.9626,0.8184
11,unreached,multilingual,180,0.9235,0.7808
4,unreached,multilingual,95,0.9343,0.964
3,unreached,multilingual,229,0.8897,0.8537
15,unreached,multilingual,182,0.9506,0.8236
10,unreached,multilingual,96,0.8946,0.8667
9,unreached,multilingual,184,0.9316,0.8989
4,unreached,multilingual,187,0.8876,0.7935
12,unreached,multilingual,312,0.9287,0.9518
1,accepted,multilingual,240,0.9027,0.9718
9,unreached,multilingual,240,0.9273,0.9391
12,unreached,multilingual,240,0.9718,1.027
13,unreached,multilingual,189,0.9091,0.8187
8,accepted,multilingual,191,0.9444,0.9751
3,accepted,multilingual,107,0.8782,0.9273
1,accepted,multilingual,249,0.8849,0.9013
9,unreached,multilingual,249,0.8697,0.8574
4,unreached,multilingual,317,0.8985,0.8998
15,unreached,multilingual,317,0.8973,0.8358
13,unreached,multilingual,208,0.926,0.7911
8,unreached,multilingual,115,0.9414,1.044
3,unreached,multilingual,287,0.8664,0.8977
4,unreached,multilingual,287,0.9511,1.034
5,unreached,multilingual,287,0.9205,0.9562
9,unreached,multilingual,287,0.9219,0.8677
11,unreached,multilingual,287,0.9037,0.8492
8,unreached,multilingual,210,0.9064,0.8242
7,unreached,multilingual,118,0.9038,0.9448
5,unreached,multilingual,211,0.9004,0.8191
14,unreached,multilingual,211,0.8928,0.7486
2,unreached,multilingual,320,0.9061,0.9386
6,unreached,multilingual,270,0.884,0.8473
13,unreached,multilingual,270,0.8998,0.8543
10,unreached,multilingual,213,0.9262,0.9963
1,accepted,multilingual,272,0.879,0.9729
1,rejected,multilingual,215,0.841,0.7638
4,unreached,multilingual,215,0.9707,1.13
13,unreached,multilingual,215,0.8741,0.774
4,unreached,multilingual,129,0.8594,0.8484
13,unreached,multilingual,322,0.8978,0.8427
1,accepted,multilingual,294,0.8603,0.9206
8,unreached,multilingual,294,0.8858,0.8455
8,unreached,multilingual,281,0.92,0.8227
4,unreached,multilingual,130,0.8933,0.9622
7,unreached,multilingual,130,0.9287,0.9726
10,unreached,multilingual,130,0.9276,0.902
11,unreached,multilingual,130,0.9291,0.8991
14,unreached,multilingual,130,0.9276,0.8511
2,unreached,multilingual,324,0.8764,0.883
13,unreached,multilingual,324,0.8943,0.8293
12,unreached,multilingual,296,0.9567,1.004
14,unreached,multilingual,296,0.9224,0.9055
7,accepted,multilingual,283,0.9787,0.9835
9,unreached,multilingual,222,0.9239,0.8983
1,rejected,multilingual,297,0.8804,0.9429
13,unreached,multilingual,293,0.9223,0.8435
10,unreached,multilingual,132,0.922,0.8654
2,rejected,multilingual,326,0.863,0.9162
2,unreached,multilingual,298,0.8793,0.8909
5,unreached,multilingual,300,0.8884,0.9054
9,unreached,multilingual,300,0.987,1.001
8,unreached,multilingual,225,0.9282,0.9663
1,rejected,multilingual,227,0.8383,0.7586
7,unreached,multilingual,330,0.8864,0.838
12,unreached,multilingual,228,0.9751,0.8972
9,unreached,multilingual,303,0.926,0.7948
2,accepted,multilingual,140,0.8858,0.8967
8,unreached,multilingual,332,0.9173,0.8119
1,accepted,multilingual,309,0.8257,0.7365
4,accepted,multilingual,309,0.961,0.9689
5,unreached,multilingual,232,0.9585,0.925
3,accepted,multilingual,156,0.961,1.066
13,unreached,multilingual,156,0.9237,0.8357
7,unreached,multilingual,233,0.962,0.8246
3,unreached,multilingual,334,0.9326,0.9838
14,unreached,multilingual,334,0.8599,0.7538
4,unreached,multilingual,311,0.8894,0.8608
2,unreached,multilingual,165,0.878,0.9544
14,unreached,multilingual,165,0.9183,1.033
3,accepted,multilingual,335,0.8757,0.8879
10,unreached,multilingual,312,0.8891,0.796
6,unreached,multilingual,335,0.9355,0.8243
2,rejected,multilingual,236,0.8412,0.7462
4,unreached,multilingual,236,0.9637,0.9697
9,unreached,multilingual,236,0.8507,0.9053
1,rejected,multilingual,166,0.8723,0.8963
6,unreached,multilingual,166,0.9064,1.015
9,unreached,multilingual,166,0.8965,0.8612
2,unreached,multilingual,339,0.9142,0.9504
3,unreached,multilingual,339,0.8885,0.8091
13,unreached,multilingual,344,0.9352,0.8005
4,unreached,multilingual,343,0.9691,1.028
1,accepted,multilingual,315,0.8803,0.8827
11,unreached,multilingual,315,0.9109,0.8651
2,unreached,multilingual,248,0.8604,0.7922
9,unreached,multilingual,169,0.9082,0.9049
15,unreached,multilingual,169,0.9077,0.8291
5,unreached,multilingual,345,0.8605,0.788
6,unreached,multilingual,318,0.965,1.13
6,unreached,multilingual,348,0.9232,0.7783
2,accepted,multilingual,249,0.8543,0.8094
7,unreached,multilingual,252,0.9141,0.7804
11,unreached,multilingual,252,0.902,0.8116
12,unreached,multilingual,252,0.8958,0.8812
13,unreached,multilingual,252,0.8907,0.8048
9,unreached,multilingual,350,0.8637,0.7915
13,unreached,multilingual,328,0.947,0.831
11,unreached,multilingual,350,0.8885,0.7461
11,unreached,multilingual,351,0.8588,0.783
11,unreached,multilingual,175,0.9295,0.8353
10,unreached,multilingual,352,0.8654,0.781
5,unreached,multilingual,331,0.8922,0.8788
9,unreached,multilingual,331,0.9278,0.8286
6,unreached,multilingual,359,0.9178,0.8154
9,unreached,multilingual,178,0.9113,0.8274
13,unreached,multilingual,178,0.9214,0.9137
14,unreached,multilingual,178,0.9224,0.9942
9,unreached,multilingual,355,0.8626,0.8081
7,unreached,multilingual,358,0.8907,0.8214
13,unreached,multilingual,358,0.8653,0.7954
7,unreached,multilingual,362,0.9412,0.8237
13,unreached,multilingual,265,0.9355,0.8312
15,unreached,multilingual,359,0.8771,0.7803
2,rejected,multilingual,364,0.8649,0.7769
7,unreached,multilingual,364,0.9604,0.997
9,unreached,multilingual,266,0.9014,0.7862
11,unreached,multilingual,190,0.884,0.9072
2,accepted,multilingual,345,0.8979,0.952
7,unreached,multilingual,366,0.9243,0.8397
6,unreached,multilingual,198,0.8984,0.8566
2,accepted,multilingual,369,0.8698,0.7822
7,unreached,multilingual,199,0.9135,0.9959
11,unreached,multilingual,199,0.8981,0.8205
15,unreached,multilingual,199,0.8984,0.8398
14,unreached,multilingual,366,0.8644,0.8311
5,unreached,multilingual,362,0.8811,0.9245
11,unreached,multilingual,362,0.9205,0.9429
12,unreached,multilingual,362,0.912,0.8539
13,unreached,multilingual,272,0.8901,0.7944
2,unreached,multilingual,366,0.896,0.9052
13,unreached,multilingual,366,0.9442,0.9184
4,accepted,multilingual,387,0.9267,0.9671
10,unreached,multilingual,387,0.8928,0.8702
3,accepted,multilingual,204,0.8528,0.9106
5,accepted,multilingual,367,0.8939,0.8555
11,unreached,multilingual,367,0.8719,0.8789
2,accepted,multilingual,395,0.8868,0.83
15,unreached,multilingual,208,0.9276,0.8523
12,unreached,multilingual,383,0.8732,0.8015
8,accepted,multilingual,373,0.9327,0.9239
13,unreached,multilingual,373,0.908,1.038
9,accepted,multilingual,382,0.8704,0.9539
8,unreached,multilingual,400,0.9144,0.8638
15,unreached,multilingual,400,0.9346,0.8047
9,unreached,multilingual,211,0.9202,0.8821
6,unreached,multilingual,385,0.8726,0.8106
7,unreached,multilingual,392,0.9058,0.8656
12,unreached,multilingual,404,0.9263,0.7742
14,unreached,multilingual,404,0.9286,0.7746
10,unreached,multilingual,286,0.9078,0.7741
12,unreached,multilingual,286,0.9408,0.8293
11,unreached,multilingual,212,0.93,1.029
13,unreached,multilingual,212,0.9205,0.9791
2,unreached,multilingual,388,0.9246,1.005
10,unreached,multilingual,388,0.8963,0.766
2,accepted,multilingual,406,0.8833,0.8091
7,unreached,multilingual,389,0.8896,0.8111
9,unreached,multilingual,389,0.8792,0.8102
2,unreached,multilingual,410,0.8556,0.7519
11,unreached,multilingual,296,0.8827,0.7611
13,unreached,multilingual,296,0.8984,0.7905
13,unreached,multilingual,218,0.8887,0.8511
7,unreached,multilingual,392,0.8841,0.8414
10,unreached,multilingual,397,0.9075,0.8975
11,unreached,multilingual,411,0.9738,0.9515
3,unreached,multilingual,219,0.8751,0.8661
14,unreached,multilingual,393,0.8678,0.7927
5,rejected,multilingual,220,0.9093,0.7595
12,unreached,multilingual,395,0.9327,0.9676
8,rejected,multilingual,301,0.93,0.9248
8,accepted,multilingual,225,0.8983,0.9208
10,accepted,multilingual,225,0.8971,0.9041
15,accepted,multilingual,225,0.9213,0.95
6,unreached,multilingual,72,0.8659,0.8659
8,unreached,multilingual,396,0.9002,0.8624
9,unreached,multilingual,396,0.9432,0.9525
9,unreached,multilingual,309,0.9126,0.7914
6,unreached,multilingual,73,0.9347,1.012
2,unreached,multilingual,397,0.8844,0.8998
4,unreached,multilingual,397,0.8979,0.8774
1,accepted,multilingual,417,0.8435,0.7659
5,rejected,multilingual,417,0.9079,0.9726
15,unreached,multilingual,417,0.8648,0.8204
12,unreached,multilingual,243,0.9101,0.9723
3,unreached,multilingual,75,0.9246,0.9459
8,unreached,multilingual,398,0.9327,0.9203
6,unreached,multilingual,312,0.9176,0.8257
4,unreached,multilingual,76,0.8999,0.8983
8,unreached,multilingual,399,0.9216,0.9072
12,unreached,multilingual,399,0.9063,0.8783
4,unreached,multilingual,313,0.8974,0.8625
13,unreached,multilingual,313,0.9153,0.805
15,unreached,multilingual,246,0.9115,0.8682
12,unreached,multilingual,77,0.8762,0.8974
13,unreached,multilingual,249,0.9235,0.8591
1,rejected,multilingual,27,0.9121,0.9322
15,unreached,multilingual,27,0.8912,0.8426
2,rejected,multilingual,402,0.89,0.8754
14,unreached,multilingual,79,0.8653,0.8642
6,rejected,multilingual,28,0.9368,0.9532
6,unreached,multilingual,404,0.9129,0.9781
10,unreached,multilingual,404,0.8867,0.86
11,unreached,multilingual,81,0.8771,0.882
9,unreached,multilingual,34,0.8941,0.9776
15,unreached,multilingual,34,0.8909,0.8598
1,accepted,multilingual,326,0.8761,0.8347
3,unreached,multilingual,326,0.8852,0.7887
13,unreached,multilingual,326,0.9698,0.8449
12,unreached,multilingual,406,0.8802,0.8045
14,unreached,multilingual,328,0.9246,0.8086
7,unreached,multilingual,256,0.9308,0.8153
12,unreached,multilingual,256,0.9231,0.841
13,unreached,multilingual,256,0.9152,0.824
3,unreached,multilingual,84,0.968,0.9974
8,unreached,multilingual,84,0.8929,0.8768
11,unreached,multilingual,84,0.8873,0.864
15,unreached,multilingual,84,0.8914,0.8725
11,unreached,multilingual,36,0.8924,0.8591
3,unreached,multilingual,407,0.9023,0.9297
10,unreached,multilingual,407,0.9325,0.9407
2,rejected,multilingual,257,0.9398,0.9449
2,unreached,multilingual,86,0.942,1.032
3,accepted,multilingual,37,0.9224,0.8768
13,unreached,multilingual,37,0.8735,0.8441
1,accepted,multilingual,331,0.8513,0.7907
7,unreached,multilingual,331,0.947,0.9374
11,unreached,multilingual,331,0.9405,0.8269
5,accepted,multilingual,259,0.9085,0.9937
11,unreached,multilingual,87,0.8843,0.8892
14,unreached,multilingual,87,0.8699,0.8485
2,rejected,multilingual,41,0.8909,0.99
10,unreached,multilingual,41,0.876,0.8382
14,unreached,multilingual,410,0.8901,0.8368
2,accepted,multilingual,265,0.8477,0.9396
4,unreached,multilingual,92,0.8893,0.9589
5,unreached,multilingual,92,0.8697,0.9429
10,unreached,multilingual,92,0.8868,0.8473
12,unreached,multilingual,92,0.8847,0.8398
1,accepted,multilingual,340,0.8515,0.7817
9,unreached,multilingual,340,0.9045,0.863
6,unreached,multilingual,272,0.9116,0.8616
10,unreached,multilingual,272,0.9142,1.02
3,unreached,multilingual,45,0.9249,0.9581
8,unreached,multilingual,45,0.8771,0.8709
12,unreached,multilingual,45,0.8695,0.8331
10,unreached,multilingual,413,0.8783,0.8448
5,accepted,multilingual,343,0.8903,0.8878
7,unreached,multilingual,273,0.909,0.8763
3,accepted,multilingual,351,0.8641,0.8423
1,rejected,multilingual,97,0.9271,0.9155
5,unreached,multilingual,97,0.9008,0.9429
13,unreached,multilingual,97,0.8716,0.8309
1,rejected,multilingual,49,0.8665,0.9037
9,unreached,multilingual,49,0.8813,0.8448
10,unreached,multilingual,360,0.9272,0.8393
7,unreached,multilingual,276,0.9236,0.9045
14,unreached,multilingual,98,0.9023,0.8711
4,unreached,multilingual,50,0.9293,0.8475
13,unreached,multilingual,50,0.8858,0.8398
5,rejected,multilingual,367,0.8736,0.8102
15,unreached,multilingual,279,0.9175,0.9476
8,unreached,multilingual,422,0.88,0.8538
3,accepted,multilingual,281,0.8677,0.8843
1,accepted,multilingual,101,0.8841,0.9598
1,accepted,multilingual,56,0.9057,0.8642
10,unreached,multilingual,423,0.9249,0.9156
6,unreached,multilingual,376,0.9228,0.836
2,unreached,multilingual,104,0.9007,0.9219
9,unreached,multilingual,104,0.9256,0.9064
9,unreached,multilingual,59,0.8902,0.868
13,unreached,multilingual,59,0.8905,0.864
2,accepted,multilingual,379,0.86,0.792
15,unreached,multilingual,288,0.9139,0.9504
10,unreached,multilingual,434,0.8707,0.8181
7,unreached,multilingual,383,0.9893,1.109
12,unreached,multilingual,61,0.8904,0.8647
1,accepted,multilingual,290,0.8892,0.9291
3,accepted,multilingual,290,0.8813,0.9801
5,accepted,multilingual,299,0.8736,1.015
9,unreached,multilingual,111,0.8994,0.8717
4,unreached,multilingual,64,0.9293,1.005
12,unreached,multilingual,64,0.917,0.861
15,unreached,multilingual,401,0.9321,0.7892
8,unreached,multilingual,305,0.8966,0.8739
1,rejected,multilingual,112,0.8867,0.9479
14,unreached,multilingual,112,0.8844,0.8973
12,unreached,multilingual,65,0.9053,0.8637
5,unreached,multilingual,1825,0.9538,0.7712
13,unreached,multilingual,1825,0.9734,0.7762
15,unreached,multilingual,1825,0.9615,0.7866
6,unreached,multilingual,405,0.9042,0.7745
15,unreached,multilingual,405,0.9338,0.8211
7,unreached,multilingual,306,0.9219,0.8951
8,unreached,multilingual,306,0.913,0.8902
1,rejected,multilingual,113,0.9682,1.015
6,unreached,multilingual,113,0.9078,1.017
11,unreached,multilingual,113,0.9249,0.9174
5,unreached,multilingual,66,0.9009,0.9301
13,unreached,multilingual,66,0.8981,0.8634
5,unreached,multilingual,1826,0.9439,0.7925
5,unreached,multilingual,407,0.9683,0.9584
11,unreached,multilingual,407,0.9126,0.8225
13,unreached,multilingual,407,0.9297,0.8964
1,accepted,multilingual,308,0.8494,0.9187
9,unreached,multilingual,114,0.9215,0.9094
3,unreached,multilingual,408,0.9654,0.9479
12,unreached,multilingual,310,0.9299,0.9027
4,unreached,multilingual,117,0.8904,0.9641
7,unreached,multilingual,117,0.9461,1.022
12,unreached,multilingual,117,0.8739,0.8795
11,unreached,multilingual,410,0.9095,0.8366
9,unreached,multilingual,1835,0.9693,0.9768
3,accepted,multilingual,413,0.974,1.001
7,unreached,multilingual,122,0.9409,0.9103
8,unreached,multilingual,122,0.8729,0.8233
9,unreached,multilingual,1842,0.9333,0.7895
2,rejected,multilingual,316,0.8985,0.9389
10,unreached,multilingual,123,0.8653,0.8151
3,accepted,multilingual,77,0.8794,0.9052
6,unreached,multilingual,77,0.9205,0.9918
9,unreached,multilingual,77,0.9102,0.8703
15,unreached,multilingual,1845,0.9466,0.7539
7,unreached,multilingual,82,0.9166,0.8379
10,unreached,multilingual,1848,0.921,0.724
3,unreached,multilingual,104,0.9124,0.9347
8,unreached,multilingual,104,0.8705,0.8862
4,unreached,multilingual,320,0.8884,0.8517
5,unreached,multilingual,320,0.9234,0.9573
15,unreached,multilingual,126,0.8715,0.8535
6,accepted,multilingual,1855,0.9444,0.968
14,accepted,multilingual,1855,0.9623,0.9758
15,rejected,multilingual,1855,0.9397,1.015
9,unreached,multilingual,107,0.8606,0.8068
9,unreached,multilingual,1870,0.9133,0.7471
6,accepted,multilingual,322,0.8939,0.8223
3,unreached,multilingual,132,0.8897,0.9238
12,unreached,multilingual,132,0.8683,0.8485
11,unreached,multilingual,133,0.8722,0.8485
10,unreached,multilingual,1873,0.914,0.8106
11,unreached,multilingual,1873,0.9097,0.8698
11,accepted,multilingual,1880,0.9657,0.8926
9,unreached,multilingual,114,0.8771,0.8742
13,unreached,multilingual,97,0.8987,0.8512
15,unreached,multilingual,97,0.8973,0.8422
10,unreached,multilingual,1895,0.9125,0.7392
12,unreached,multilingual,343,0.9045,0.8542
9,unreached,multilingual,137,0.8937,0.8618
12,unreached,multilingual,137,0.9021,0.8834
7,unreached,multilingual,119,0.8731,0.8544
6,unreached,multilingual,138,0.8971,0.8553
11,unreached,multilingual,138,0.9039,0.884
12,unreached,multilingual,138,0.8907,0.8583
9,unreached,multilingual,100,0.9146,0.9047
8,unreached,multilingual,124,0.8985,0.9095
8,unreached,multilingual,349,0.9063,0.9175
9,unreached,multilingual,349,0.8919,0.8853
2,unreached,multilingual,141,0.9305,0.8906
8,unreached,multilingual,141,0.8812,0.8445
10,unreached,multilingual,354,0.9608,0.9036
3,unreached,multilingual,142,0.9095,0.969
5,unreached,multilingual,106,0.8941,0.8614
9,unreached,multilingual,106,0.8943,0.8377
6,accepted,multilingual,355,0.9337,0.9713
5,unreached,multilingual,144,0.9081,0.9896
12,unreached,multilingual,144,0.8782,0.8206
15,unreached,multilingual,144,0.8705,0.8089
10,unreached,multilingual,108,0.8989,0.8568
1,accepted,multilingual,1912,0.8741,0.8109
8,unreached,multilingual,132,0.869,0.8419
11,unreached,multilingual,132,0.8991,1.041
8,unreached,multilingual,366,0.9022,0.9016
7,unreached,multilingual,146,0.8731,0.8841
5,unreached,multilingual,109,0.9234,0.9634
9,unreached,multilingual,109,0.8796,0.8613
15,unreached,multilingual,109,0.8926,0.8804
6,unreached,multilingual,1915,0.9394,0.9076
10,unreached,multilingual,133,0.8918,0.9797
14,unreached,multilingual,367,0.9048,0.8633
13,unreached,multilingual,111,0.8881,0.8767
9,unreached,multilingual,1916,0.9578,0.8836
6,unreached,multilingual,134,0.8778,0.856
3,unreached,multilingual,149,0.8693,0.9069
11,unreached,multilingual,149,0.8556,0.8333
6,unreached,multilingual,117,0.9027,0.8967
8,unreached,multilingual,378,0.8948,0.8044
10,unreached,multilingual,151,0.8671,0.8791
10,unreached,multilingual,118,0.9069,0.8795
4,unreached,multilingual,1936,0.9719,0.9181
4,unreached,multilingual,152,0.8961,0.9534
3,unreached,multilingual,120,0.8886,0.8431
3,accepted,multilingual,1939,0.9194,0.9731
1,rejected,multilingual,153,0.8647,0.899
9,unreached,multilingual,1948,0.9067,0.8099
8,accepted,multilingual,390,0.8918,0.8297
10,unreached,multilingual,155,0.9276,1.005
13,unreached,multilingual,155,0.908,0.9138
15,unreached,multilingual,140,0.8793,0.896
8,unreached,multilingual,141,0.8681,0.8483
13,unreached,multilingual,141,0.8729,0.8693
5,unreached,multilingual,425,0.8978,0.8928
10,unreached,multilingual,425,0.927,0.7676
1,accepted,multilingual,1972,0.911,0.8263
9,accepted,multilingual,426,0.8787,0.8258
12,rejected,multilingual,426,0.8999,0.9544
10,unreached,multilingual,163,0.8881,0.8755
12,unreached,multilingual,163,0.8861,0.8662
11,unreached,multilingual,130,0.9014,0.8841
7,unreached,multilingual,1975,0.9317,0.8589
2,unreached,multilingual,145,0.9158,0.9814
12,unreached,multilingual,438,0.872,0.9297
14,unreached,multilingual,438,0.8947,0.8414
2,unreached,multilingual,164,0.8713,0.8793
8,unreached,multilingual,164,0.9082,0.8839
10,unreached,multilingual,164,0.9099,0.8855
10,accepted,multilingual,439,0.8752,0.955
2,unreached,multilingual,165,0.8886,0.9593
5,unreached,multilingual,165,0.8998,0.9633
11,unreached,multilingual,133,0.9162,0.9023
13,unreached,multilingual,133,0.9122,0.8949
4,unreached,multilingual,147,0.9713,1.004
5,unreached,multilingual,147,0.9242,0.8587
4,unreached,multilingual,166,0.945,0.9273
14,unreached,multilingual,166,0.8994,0.8825
5,unreached,multilingual,135,0.8943,0.8659
10,unreached,multilingual,1994,0.955,0.9242
1,accepted,multilingual,148,0.9139,0.9261
5,unreached,multilingual,148,0.8953,0.9437
5,unreached,multilingual,167,0.9042,0.9874
7,unreached,multilingual,136,0.9051,0.869
15,unreached,multilingual,2001,0.9646,0.8809
14,unreached,multilingual,151,0.8683,0.8544
13,unreached,multilingual,168,0.9138,0.9095
4,unreached,multilingual,137,0.8887,0.8907
4,accepted,multilingual,2003,0.8909,0.923
4,unreached,multilingual,153,0.8663,0.8864
11,unreached,multilingual,341,0.8647,0.8187
9,accepted,multilingual,2019,0.9601,0.8564
2,accepted,multilingual,140,0.9103,1.016
4,accepted,multilingual,140,0.9235,0.9926
5,rejected,multilingual,140,0.8839,0.9228
4,accepted,multilingual,2035,0.9083,0.9646
5,accepted,multilingual,2035,0.9585,0.9369
11,unreached,multilingual,155,0.8811,0.8807
5,unreached,multilingual,343,0.9199,0.9497
11,unreached,multilingual,343,0.9052,0.8643
8,unreached,multilingual,176,0.9032,0.8631
10,unreached,multilingual,176,0.8948,0.8425
4,rejected,multilingual,145,0.9396,1.012
6,unreached,multilingual,145,0.8769,0.8165
10,unreached,multilingual,149,0.9053,0.8729
2,unreached,multilingual,346,0.9071,0.9053
5,unreached,multilingual,346,0.9208,0.9188
7,unreached,multilingual,346,0.9269,1.016
10,unreached,multilingual,346,0.8773,0.9222
11,unreached,multilingual,346,0.8815,0.9027
3,unreached,multilingual,178,0.9009,0.9714
4,unreached,multilingual,178,0.9178,0.9874
11,unreached,multilingual,178,0.9083,0.8985
9,rejected,multilingual,2065,0.8616,0.9272
12,unreached,multilingual,2065,0.9455,0.8345
6,unreached,multilingual,159,0.867,0.8761
3,unreached,multilingual,179,0.9005,0.9768
5,unreached,multilingual,179,0.8918,1.022
1,accepted,multilingual,348,0.9121,0.9311
2,accepted,multilingual,348,0.9078,0.896
10,unreached,multilingual,180,0.8896,0.8548
14,unreached,multilingual,180,0.8804,0.8285
5,unreached,multilingual,156,0.9064,0.9085
8,unreached,multilingual,2076,0.935,0.8558
15,unreached,multilingual,351,0.8949,0.8723
3,unreached,multilingual,185,0.9049,1.009
6,unreached,multilingual,158,0.9654,1.008
1,accepted,multilingual,2081,0.8551,0.7714
7,unreached,multilingual,167,0.8844,0.8987
9,unreached,multilingual,187,0.8679,0.8182
3,accepted,multilingual,162,0.8946,1.062
13,unreached,multilingual,2091,0.9743,0.97
7,unreached,multilingual,353,0.8953,0.8993
7,unreached,multilingual,189,0.8863,1.003
2,accepted,multilingual,166,0.8894,0.9606
2,accepted,multilingual,2094,0.8888,0.7807
4,accepted,multilingual,2094,0.8935,0.8105
9,unreached,multilingual,2094,0.9424,0.8703
10,unreached,multilingual,2094,0.9606,0.8685
7,unreached,multilingual,2099,0.9562,0.9336
8,unreached,multilingual,2099,0.9157,0.8572
1,accepted,multilingual,173,0.8908,0.9131
12,unreached,multilingual,356,0.8788,0.8485
9,unreached,multilingual,195,0.9169,0.9409
1,accepted,multilingual,2101,0.8761,0.781
14,unreached,multilingual,2101,0.8798,0.8417
3,unreached,multilingual,197,0.9026,0.9621
8,unreached,multilingual,174,0.9075,0.8949
2,unreached,multilingual,176,0.906,0.9334
2,rejected,multilingual,361,0.8838,0.8946
11,unreached,multilingual,361,0.8644,0.8711
10,unreached,multilingual,179,0.9084,0.8692
4,unreached,multilingual,363,0.8865,0.9368
3,unreached,multilingual,201,0.947,0.9773
12,unreached,multilingual,180,0.8989,0.8735
12,unreached,multilingual,178,0.8958,0.9329
12,unreached,multilingual,364,0.9036,0.9235
4,rejected,multilingual,202,0.8701,0.9089
8,accepted,multilingual,181,0.9237,1.021
9,accepted,multilingual,181,0.8966,1.019
8,unreached,multilingual,2143,0.9414,0.8113
13,unreached,multilingual,365,0.8808,0.8606
14,unreached,multilingual,365,0.8817,0.8398
10,unreached,multilingual,206,0.8841,0.8293
1,rejected,multilingual,182,0.91,0.9761
2,unreached,multilingual,182,0.8797,0.8698
9,unreached,multilingual,182,0.8807,0.8374
1,accepted,multilingual,366,0.9284,0.9503
3,rejected,multilingual,366,0.9032,0.9742
13,unreached,multilingual,366,0.8772,0.8774
12,unreached,multilingual,207,0.8749,0.875
2,accepted,multilingual,193,0.8981,0.9112
4,accepted,multilingual,2152,0.8855,0.8268
3,unreached,multilingual,183,0.8907,0.9092
5,unreached,multilingual,369,0.8873,0.9281
12,unreached,multilingual,369,0.867,0.8247
15,unreached,multilingual,209,0.867,0.8475
9,unreached,multilingual,197,0.9129,0.9099
9,accepted,multilingual,2167,0.9012,0.7791
9,unreached,multilingual,372,0.8827,0.8459
13,unreached,multilingual,372,0.8811,0.8336
15,unreached,multilingual,372,0.8848,0.9322
4,unreached,multilingual,199,0.9438,0.9336
12,unreached,multilingual,199,0.8863,1.007
5,accepted,multilingual,2183,0.9003,0.8694
10,unreached,multilingual,185,0.8846,0.8868
11,unreached,multilingual,185,0.8838,0.883
15,unreached,multilingual,373,0.8832,0.8174
4,unreached,multilingual,374,0.9312,0.9623
7,unreached,multilingual,374,0.885,0.8614
15,unreached,multilingual,374,0.899,0.8245
1,accepted,multilingual,201,0.8591,0.9263
11,unreached,multilingual,201,0.8607,0.94
6,accepted,multilingual,2193,0.9533,0.9891
10,unreached,multilingual,187,0.8743,0.8642
9,unreached,multilingual,213,0.9211,0.9856
4,unreached,multilingual,376,0.9345,0.9168
6,unreached,multilingual,376,0.8994,0.8508
7,unreached,multilingual,376,0.8844,0.8408
4,unreached,multilingual,212,0.9378,0.9786
11,unreached,multilingual,212,0.8837,0.8917
3,unreached,multilingual,189,0.8661,0.8876
5,unreached,multilingual,377,0.895,0.8609
2,rejected,multilingual,64,0.8736,0.9252
3,unreached,multilingual,64,0.891,0.9647
12,unreached,multilingual,64,0.8758,0.8742
10,unreached,multilingual,214,0.92,0.8017
7,unreached,multilingual,379,0.8758,0.8501
8,unreached,multilingual,379,0.8971,0.9304
1,rejected,multilingual,66,0.899,0.9374
3,unreached,multilingual,66,0.8765,0.8777
3,unreached,multilingual,219,0.8697,0.9061
9,unreached,multilingual,219,0.9234,1.011
3,accepted,multilingual,216,0.9352,0.9268
2,unreached,multilingual,220,0.8898,0.9501
3,unreached,multilingual,220,0.8999,0.9675
4,unreached,multilingual,220,0.9318,0.968
11,unreached,multilingual,193,0.9029,1.037
13,unreached,multilingual,381,0.8963,0.8791
5,unreached,multilingual,68,0.8885,0.8458
1,accepted,multilingual,223,0.9483,0.9617
3,rejected,multilingual,223,0.9259,0.9057
7,unreached,multilingual,223,0.9257,0.8049
4,unreached,multilingual,194,0.9132,0.9393
10,unreached,multilingual,194,0.9048,1.003
12,unreached,multilingual,194,0.8871,0.9508
5,unreached,multilingual,70,0.9184,0.9123
15,unreached,multilingual,385,0.8748,0.8271
3,unreached,multilingual,71,0.917,0.8406
7,unreached,multilingual,71,0.9122,0.8638
1,rejected,multilingual,224,0.9051,0.9965
5,unreached,multilingual,224,0.8849,0.976
10,unreached,multilingual,224,0.9259,0.996
11,unreached,multilingual,386,0.8821,0.8715
6,accepted,multilingual,225,0.9699,0.9408
13,unreached,multilingual,201,0.9113,0.9187
4,unreached,multilingual,203,0.8784,0.8932
11,unreached,multilingual,234,0.8886,0.8832
13,unreached,multilingual,234,0.8918,0.8772
5,unreached,multilingual,233,0.9405,0.9917
7,unreached,multilingual,233,0.959,0.878
8,unreached,multilingual,233,0.9436,0.9271
2,unreached,multilingual,204,0.9224,0.9687
14,unreached,multilingual,395,0.8677,0.8461
11,unreached,multilingual,81,0.8932,0.9192
4,unreached,multilingual,241,0.9522,0.9926
15,unreached,multilingual,241,0.9077,0.8423
7,unreached,multilingual,205,0.8987,0.8817
5,rejected,multilingual,82,0.8807,0.9289
4,unreached,multilingual,244,0.9277,0.9927
10,unreached,multilingual,238,0.9254,0.8031
15,unreached,multilingual,206,0.9248,0.8645
5,unreached,multilingual,399,0.9035,1.008
14,unreached,multilingual,87,0.8759,0.8736
12,unreached,multilingual,245,0.9243,0.9606
12,unreached,multilingual,401,0.8515,0.8521
2,unreached,multilingual,248,0.8668,0.8508
2,accepted,multilingual,241,0.9202,0.8931
5,rejected,multilingual,241,0.9448,0.9505
6,unreached,multilingual,403,0.874,0.872
9,unreached,multilingual,403,0.8653,0.8596
9,unreached,multilingual,90,0.8638,0.8166
13,unreached,multilingual,90,0.8571,0.7992
14,unreached,multilingual,249,0.9325,0.9413
2,accepted,multilingual,246,0.9086,0.9778
11,unreached,multilingual,246,0.9247,0.8528
12,unreached,multilingual,246,0.9086,0.7968
4,unreached,multilingual,221,0.979,0.9118
7,unreached,multilingual,404,0.8664,0.851
6,unreached,multilingual,93,0.8918,0.9088
6,unreached,multilingual,253,0.9253,0.9385
10,unreached,multilingual,253,0.9261,0.8937
15,unreached,multilingual,263,0.9019,0.8156
3,unreached,multilingual,224,0.8893,0.8658
6,unreached,multilingual,94,0.8659,0.869
8,unreached,multilingual,407,0.8589,0.8759
6,unreached,multilingual,96,0.8645,0.8749
7,rejected,multilingual,257,0.953,1.071
15,unreached,multilingual,257,0.904,0.8879
2,rejected,multilingual,409,0.9379,1.013
15,unreached,multilingual,264,0.9191,0.9713
6,unreached,multilingual,231,0.8726,0.8425
11,unreached,multilingual,231,0.8545,0.8215
6,unreached,multilingual,98,0.8501,0.8466
11,unreached,multilingual,98,0.8544,0.8277
1,accepted,multilingual,273,0.9079,0.8873
12,unreached,multilingual,273,0.9158,0.9283
13,unreached,multilingual,273,0.9072,0.8837
14,unreached,multilingual,282,0.9323,1.061
13,unreached,multilingual,233,0.8616,0.8438
2,unreached,multilingual,413,0.8712,0.8786
3,unreached,multilingual,413,0.9084,0.9612
8,unreached,multilingual,413,0.8984,0.9308
1,accepted,multilingual,283,0.8802,0.9188
11,unreached,multilingual,234,0.8694,0.8713
1,rejected,multilingual,102,0.8971,0.9012
2,unreached,multilingual,294,0.9071,0.907
13,unreached,multilingual,294,0.9405,0.8264
13,unreached,multilingual,235,0.8646,0.8491
2,unreached,multilingual,415,0.8843,0.8841
15,unreached,multilingual,415,0.8626,0.8635
10,accepted,multilingual,300,0.8805,0.921
8,accepted,multilingual,295,0.9185,1.012
6,unreached,multilingual,311,0.9272,0.9488
4,accepted,multilingual,309,0.9448,0.9224
9,unreached,multilingual,417,0.8835,0.9232
5,unreached,multilingual,105,0.9223,1.013
14,unreached,multilingual,312,0.944,0.8751
6,unreached,multilingual,315,0.9419,0.892
6,accepted,multilingual,326,0.9071,0.8638
2,unreached,multilingual,241,0.9196,0.9163
5,unreached,multilingual,241,0.8762,0.8683
9,unreached,multilingual,241,0.8856,0.8792
12,unreached,multilingual,419,0.8632,0.856
2,accepted,multilingual,316,0.8907,0.9501
15,unreached,multilingual,316,0.9843,1.038
8,unreached,multilingual,242,0.891,0.8974
2,unreached,multilingual,421,0.8895,0.9339
3,accepted,multilingual,319,0.8878,0.9321
5,accepted,multilingual,341,0.9283,0.89
14,rejected,multilingual,341,0.9258,0.9841
7,unreached,multilingual,422,0.8556,0.8625
12,unreached,multilingual,422,0.8475,0.8162
11,rejected,multilingual,331,0.9078,0.8902
5,unreached,multilingual,244,0.8724,0.8853
15,unreached,multilingual,244,0.884,0.9202
3,rejected,multilingual,424,0.8699,0.9725
7,unreached,multilingual,424,0.8449,0.8653
1,rejected,multilingual,110,0.9373,0.9346
7,unreached,multilingual,342,0.9662,0.9363
2,accepted,multilingual,356,0.9184,0.9525
7,accepted,multilingual,356,0.8767,0.7974
8,unreached,multilingual,370,0.9534,0.8529
10,unreached,multilingual,370,0.9438,0.871
1,rejected,multilingual,428,0.9387,1.035
11,unreached,multilingual,428,0.8448,0.8376
8,unreached,multilingual,112,0.9153,0.9415
5,accepted,multilingual,345,0.878,0.9295
5,unreached,multilingual,250,0.8912,0.9503
8,unreached,multilingual,250,0.8658,0.8578
14,unreached,multilingual,429,0.9085,0.9958
10,unreached,multilingual,359,0.873,0.9186
3,unreached,multilingual,386,0.9313,0.8752
4,unreached,multilingual,430,0.8862,0.9004
5,unreached,multilingual,430,0.871,0.8929
14,unreached,multilingual,430,0.8856,0.9227
14,unreached,multilingual,116,0.8925,0.8549
1,accepted,multilingual,360,0.9237,0.9296
15,unreached,multilingual,360,0.87,0.8388
8,accepted,multilingual,387,0.9488,1.026
5,unreached,multilingual,431,0.8809,0.8782
4,unreached,multilingual,400,0.9449,0.9086
10,unreached,multilingual,433,0.8667,0.8373
14,unreached,multilingual,433,0.8891,0.8857
4,unreached,multilingual,118,0.9037,0.9741
7,unreached,multilingual,118,0.9038,0.8867
6,unreached,multilingual,434,0.8448,0.8354
1,rejected,multilingual,121,0.8611,0.8604
9,unreached,multilingual,121,0.872,0.8518
3,unreached,multilingual,365,0.8879,0.9981
7,unreached,multilingual,261,0.9066,1.035
15,unreached,multilingual,435,0.8898,0.9034
5,accepted,multilingual,262,0.8924,0.9562
5,unreached,multilingual,437,0.8944,0.9237
8,unreached,multilingual,437,0.8668,0.8669
10,unreached,multilingual,74,0.9498,0.9887
3,unreached,multilingual,268,0.8769,0.8809
13,unreached,multilingual,268,0.8532,0.8441
2,unreached,multilingual,76,0.9124,0.9175
8,unreached,multilingual,369,0.8601,0.8318
9,unreached,multilingual,269,0.8879,0.8569
15,unreached,multilingual,270,0.8714,0.8705
7,unreached,multilingual,441,0.8922,0.9233
2,unreached,multilingual,126,0.8841,0.9052
2,unreached,multilingual,127,0.8972,1.011
14,unreached,multilingual,127,0.8941,0.8653
10,unreached,multilingual,80,0.8882,0.9715
10,unreached,multilingual,372,0.8824,0.8386
13,unreached,multilingual,272,0.8738,0.8928
14,unreached,multilingual,272,0.8743,0.8991
15,unreached,multilingual,272,0.8732,0.8957
8,unreached,multilingual,445,0.9097,0.9183
4,unreached,multilingual,374,0.8748,0.9059
7,unreached,multilingual,275,0.8698,0.8246
9,unreached,multilingual,275,0.8945,0.9108
3,unreached,multilingual,446,0.9431,0.8731
10,unreached,multilingual,446,0.9092,1.012
11,unreached,multilingual,446,0.8763,0.9185
14,unreached,multilingual,85,0.86,0.8547
3,unreached,multilingual,375,0.9169,0.9485
4,unreached,multilingual,375,0.984,1.056
13,unreached,multilingual,375,0.8995,0.8594
9,unreached,multilingual,276,0.8609,0.8354
8,rejected,multilingual,447,0.8876,0.917
12,unreached,multilingual,447,0.8921,0.9489
6,unreached,multilingual,87,0.875,0.8811
14,unreached,multilingual,376,0.8936,0.8574
8,unreached,multilingual,279,0.9172,0.9726
14,unreached,multilingual,378,0.8753,0.8215
10,unreached,multilingual,89,0.8653,0.8817
12,unreached,multilingual,89,0.8548,0.8557
12,unreached,multilingual,458,0.9143,0.8582
15,unreached,multilingual,458,0.9289,0.8619
15,unreached,multilingual,135,0.861,0.8363
1,rejected,multilingual,380,0.8728,0.8949
11,unreached,multilingual,459,0.8959,0.8555
8,unreached,multilingual,136,0.8596,0.8389
10,unreached,multilingual,136,0.8632,0.8372
10,unreached,multilingual,381,0.9183,0.9489
11,unreached,multilingual,288,0.8939,0.8296
3,unreached,multilingual,460,0.8831,0.9228
12,unreached,multilingual,460,0.911,0.8572
13,unreached,multilingual,460,0.9266,0.8626
5,unreached,multilingual,137,0.9294,0.8948
8,unreached,multilingual,137,0.9066,0.8722
3,unreached,multilingual,94,0.9049,0.953
5,unreached,multilingual,461,0.9026,0.8536
2,rejected,multilingual,138,0.9052,0.9329
1,rejected,multilingual,95,0.9021,0.9465
15,unreached,multilingual,95,0.8843,0.885
2,unreached,multilingual,96,0.8991,0.9265
12,unreached,multilingual,297,0.8848,0.8387
15,unreached,multilingual,297,0.9053,0.9218
4,unreached,multilingual,97,0.9359,1.001
13,unreached,multilingual,97,0.8846,0.9021
2,rejected,multilingual,299,0.8651,0.8729
5,unreached,multilingual,299,0.907,0.907
1,rejected,multilingual,142,0.8557,0.861
8,unreached,multilingual,143,0.8642,0.8524
15,unreached,multilingual,143,0.8598,0.8315
2,rejected,multilingual,101,0.8677,0.9359
4,unreached,multilingual,101,0.8926,0.911
5,unreached,multilingual,103,0.9818,1.06
1,accepted,multilingual,395,0.8767,0.8828
10,unreached,multilingual,395,0.9088,0.8761
14,unreached,multilingual,395,0.9076,0.8479
6,unreached,multilingual,303,0.9351,0.9197
11,unreached,multilingual,303,0.8971,0.9645
15,unreached,multilingual,303,0.8893,0.8554
3,rejected,multilingual,145,0.8878,0.984
5,unreached,multilingual,104,0.8875,0.8723
10,unreached,multilingual,104,0.8828,0.8254
1,rejected,multilingual,397,0.8511,0.9103
2,unreached,multilingual,148,0.8903,0.8871
5,unreached,multilingual,148,0.8533,0.8374
10,unreached,multilingual,149,0.8669,0.8241
12,unreached,multilingual,150,0.8676,0.8333
5,unreached,multilingual,401,0.8873,0.8302
1,accepted,multilingual,313,0.886,0.9446
5,unreached,multilingual,313,0.9244,0.9787
9,unreached,multilingual,313,0.8718,0.8355
6,unreached,multilingual,151,0.8621,0.8235
15,unreached,multilingual,477,0.8994,0.8592
7,unreached,multilingual,403,0.9416,1.012
2,accepted,multilingual,112,0.9066,0.9858
2,unreached,multilingual,404,0.9105,0.9175
3,unreached,multilingual,404,0.884,0.9005
4,unreached,multilingual,404,0.904,0.8297
9,unreached,multilingual,321,0.8779,0.8252
12,unreached,multilingual,321,0.8632,0.8111
12,unreached,multilingual,479,0.8561,0.8352
15,unreached,multilingual,154,0.8501,0.8411
12,unreached,multilingual,480,0.8546,0.8319
1,rejected,multilingual,155,0.9027,0.952
12,unreached,multilingual,117,0.8687,0.822
13,unreached,multilingual,117,0.8639,0.8177
14,unreached,multilingual,117,0.8675,0.8212
15,unreached,multilingual,411,0.9067,0.8851
1,rejected,multilingual,325,0.8715,0.9147
2,unreached,multilingual,325,0.9231,1.006
12,unreached,multilingual,325,0.8829,0.8479
1,rejected,multilingual,482,0.8708,0.8778
8,unreached,multilingual,482,0.8653,0.8847
1,accepted,multilingual,156,0.8731,0.883
12,unreached,multilingual,156,0.8643,0.8602
3,unreached,multilingual,118,0.9988,1.06
12,unreached,multilingual,483,0.8584,0.8382
15,unreached,multilingual,483,0.8711,0.8301
1,accepted,multilingual,158,0.9149,0.937
15,unreached,multilingual,158,0.8575,0.8467
6,unreached,multilingual,417,0.9558,0.8515
11,unreached,multilingual,484,0.8456,0.8354
15,unreached,multilingual,120,0.8836,0.8412
14,unreached,multilingual,418,0.9224,0.7944
13,unreached,multilingual,162,0.8662,0.825
3,unreached,multilingual,121,0.9355,0.9775
4,unreached,multilingual,121,0.9587,1.044
10,unreached,multilingual,329,0.8629,0.8411
3,unreached,multilingual,486,0.8974,0.892
12,unreached,multilingual,163,0.8836,0.8609
4,unreached,multilingual,122,0.9839,0.9668
11,unreached,multilingual,122,0.8799,0.8349
6,unreached,multilingual,420,0.9366,0.9524
12,unreached,multilingual,420,0.9,0.8114
13,unreached,multilingual,420,0.9208,0.808
15,unreached,multilingual,330,0.885,0.9216
11,unreached,multilingual,423,0.9106,0.8048
12,unreached,multilingual,423,0.9363,0.8343
10,unreached,multilingual,332,0.871,0.879
3,unreached,multilingual,488,0.9041,0.9367
8,unreached,multilingual,488,0.8692,0.868
2,unreached,multilingual,167,0.8573,0.8481
9,unreached,multilingual,333,0.8757,0.8531
2,rejected,multilingual,125,0.867,0.8651
6,unreached,multilingual,433,0.8904,0.8999
5,unreached,multilingual,490,0.9467,1.043
11,unreached,multilingual,490,0.8645,0.8269
13,unreached,multilingual,170,0.863,0.8246
10,unreached,multilingual,127,0.8666,0.8559
12,unreached,multilingual,127,0.8721,0.8708
4,unreached,multilingual,437,0.8914,0.9647
4,unreached,multilingual,491,0.8889,0.8852
5,unreached,multilingual,491,0.8731,0.8813
7,unreached,multilingual,491,0.8837,0.897
3,unreached,multilingual,171,0.9471,0.9514
2,unreached,multilingual,338,0.9215,1.01
3,unreached,multilingual,173,0.8866,0.8778
2,unreached,multilingual,496,0.9199,0.9359
11,unreached,multilingual,496,0.9395,0.8892
6,unreached,multilingual,130,0.868,0.8934
7,unreached,multilingual,130,0.8522,0.8544
10,unreached,multilingual,130,0.9084,1.007
11,unreached,multilingual,130,0.8956,0.9209
11,unreached,multilingual,340,0.9104,0.8772
15,unreached,multilingual,340,0.8811,0.9077
3,accepted,multilingual,497,0.898,0.8792
5,accepted,multilingual,497,0.9603,1.037
1,rejected,multilingual,176,0.9031,0.9584
12,unreached,multilingual,176,0.8692,0.8494
7,unreached,multilingual,343,0.8577,0.8233
7,rejected,multilingual,454,0.8999,0.9807
13,unreached,multilingual,454,0.9285,0.9239
2,rejected,multilingual,344,0.8495,0.88
10,unreached,multilingual,179,0.8555,0.8369
3,unreached,multilingual,135,0.8938,0.8607
6,unreached,multilingual,184,0.8754,0.8736
3,unreached,multilingual,185,0.8683,0.9176
14,unreached,multilingual,185,0.9018,0.8882
2,unreached,multilingual,137,0.8962,0.8778
3,unreached,multilingual,137,0.8943,0.9196
9,unreached,multilingual,352,0.8889,0.9374
2,accepted,multilingual,557,0.9203,0.9404
15,unreached,multilingual,138,0.887,0.914
8,accepted,multilingual,56,0.8688,0.785
4,unreached,multilingual,353,0.8731,0.891
12,unreached,multilingual,353,0.8962,0.9521
3,unreached,multilingual,187,0.8955,0.9304
10,unreached,multilingual,187,0.8886,0.8879
4,accepted,multilingual,72,0.9802,0.9404
5,accepted,multilingual,72,0.9606,0.9523
10,unreached,multilingual,561,0.8857,0.846
7,unreached,multilingual,188,0.8549,0.8555
12,unreached,multilingual,188,0.8888,0.8955
5,unreached,multilingual,81,0.961,0.8409
12,unreached,multilingual,562,0.9016,0.8511
6,unreached,multilingual,189,0.8649,0.8853
7,unreached,multilingual,563,0.8827,0.9045
10,unreached,multilingual,563,0.8868,0.8586
11,unreached,multilingual,563,0.8875,0.86
3,unreached,multilingual,143,0.8623,0.874
4,unreached,multilingual,359,0.9305,0.8722
6,unreached,multilingual,359,0.8888,0.9025
3,rejected,multilingual,565,0.8886,0.9285
4,unreached,multilingual,565,0.8599,0.8796
14,unreached,multilingual,565,0.8893,0.8351
9,unreached,multilingual,94,0.9001,0.7075
6,unreached,multilingual,360,0.8997,0.8483
8,unreached,multilingual,95,0.915,0.7941
12,unreached,multilingual,95,0.9294,0.7995
5,unreached,multilingual,362,0.9129,0.8763
12,unreached,multilingual,569,0.8792,0.8193
13,unreached,multilingual,146,0.8566,0.8398
14,unreached,multilingual,146,0.8587,0.8426
7,unreached,multilingual,99,0.9164,0.8091
10,unreached,multilingual,570,0.8779,0.8504
1,accepted,multilingual,104,0.8478,0.7772
3,accepted,multilingual,104,0.8805,0.8035
1,accepted,multilingual,367,0.8935,0.9359
12,unreached,multilingual,151,0.8605,0.853
9,unreached,multilingual,372,0.8596,0.8538
13,unreached,multilingual,574,0.8632,0.8128
6,unreached,multilingual,153,0.858,0.8636
4,unreached,multilingual,129,0.8824,0.9093
15,unreached,multilingual,129,0.9302,0.8032
3,accepted,multilingual,373,0.9242,0.9399
9,unreached,multilingual,373,0.8641,0.8706
3,unreached,multilingual,575,0.9208,1.041
5,accepted,multilingual,130,0.9082,0.9071
15,unreached,multilingual,130,0.9356,0.8171
15,unreached,multilingual,379,0.8885,0.9072
13,unreached,multilingual,577,0.869,0.8245
2,unreached,multilingual,201,0.9478,0.8856
6,unreached,multilingual,155,0.8652,0.8784
5,unreached,multilingual,137,0.9733,0.9786
12,unreached,multilingual,137,0.9416,0.8436
6,unreached,multilingual,380,0.9167,0.9436
10,unreached,multilingual,380,0.8733,0.8568
11,unreached,multilingual,380,0.8761,0.859
7,unreached,multilingual,578,0.8951,0.8676
13,unreached,multilingual,202,0.8945,0.9341
3,accepted,multilingual,140,0.972,0.9538
8,accepted,multilingual,140,0.9269,0.8732
9,accepted,multilingual,140,0.8891,0.8581
10,rejected,multilingual,140,0.9039,0.8062
4,unreached,multilingual,383,0.9307,0.9176
13,unreached,multilingual,383,0.8573,0.8332
15,unreached,multilingual,203,0.9104,0.9524
3,accepted,multilingual,150,0.8652,0.7861
5,unreached,multilingual,384,0.8914,0.8334
7,unreached,multilingual,384,0.8756,0.8298
13,unreached,multilingual,384,0.8629,0.8327
1,rejected,multilingual,204,0.8676,0.88
5,unreached,multilingual,158,0.8824,0.9674
15,unreached,multilingual,158,0.8868,0.9316
10,unreached,multilingual,205,0.8844,0.8326
14,unreached,multilingual,205,0.9072,0.9715
4,unreached,multilingual,159,0.8728,0.8355
13,unreached,multilingual,159,0.8546,0.8586
1,accepted,multilingual,155,0.8817,0.782
12,unreached,multilingual,155,0.883,0.8214
15,unreached,multilingual,155,0.9112,0.7933
4,unreached,multilingual,206,0.9644,0.9033
3,accepted,multilingual,166,0.9145,0.8084
9,accepted,multilingual,166,0.8374,0.8723
4,unreached,multilingual,387,0.9007,0.9355
13,unreached,multilingual,207,0.9008,0.8873
8,accepted,multilingual,179,0.8822,0.8019
3,unreached,multilingual,389,0.8873,0.907
5,unreached,multilingual,389,0.9314,0.893
13,unreached,multilingual,389,0.8769,0.8373
3,unreached,multilingual,592,0.9302,0.9884
4,unreached,multilingual,592,0.9381,0.9101
2,unreached,multilingual,208,0.9492,1.034
15,unreached,multilingual,208,0.882,0.8342
8,unreached,multilingual,164,0.9507,0.9133
3,rejected,multilingual,188,0.8835,0.81
9,unreached,multilingual,188,0.9343,0.8282
13,unreached,multilingual,594,0.9544,0.883
9,unreached,multilingual,209,0.8671,0.8538
1,rejected,multilingual,394,0.9074,0.93
9,unreached,multilingual,394,0.882,0.8412
3,unreached,multilingual,595,0.869,0.918
5,unreached,multilingual,211,0.8871,0.9809
7,unreached,multilingual,166,0.8618,0.8301
12,unreached,multilingual,166,0.8614,0.8587
13,unreached,multilingual,166,0.8634,0.8545
14,unreached,multilingual,192,0.9088,0.8087
3,unreached,multilingual,596,0.9058,1.004
4,unreached,multilingual,596,0.8849,0.8953
15,unreached,multilingual,596,0.9395,0.8492
7,accepted,multilingual,212,0.9142,0.9169
11,unreached,multilingual,212,0.9137,0.9226
4,unreached,multilingual,167,0.9011,0.918
10,unreached,multilingual,167,0.8695,0.8292
14,unreached,multilingual,167,0.8555,0.8468
9,unreached,multilingual,193,0.9165,0.8358
4,unreached,multilingual,396,0.8743,0.827
12,unreached,multilingual,396,0.8648,0.8547
2,unreached,multilingual,598,0.9236,1.013
7,unreached,multilingual,598,0.9129,0.863
9,unreached,multilingual,598,0.9289,0.8508
6,unreached,multilingual,168,0.8704,0.8396
9,unreached,multilingual,168,0.8818,0.8534
2,unreached,multilingual,169,0.9091,0.9765
12,unreached,multilingual,169,0.8668,0.8951
14,unreached,multilingual,400,0.866,0.8492
6,unreached,multilingual,226,0.8802,0.858
10,unreached,multilingual,226,0.9298,0.9796
10,unreached,multilingual,203,0.9264,0.8618
3,unreached,multilingual,172,0.8639,0.8724
15,unreached,multilingual,172,0.8515,0.8427
6,accepted,multilingual,205,0.9072,0.7994
15,unreached,multilingual,402,0.8871,0.8361
4,unreached,multilingual,174,0.9229,0.8854
11,unreached,multilingual,174,0.8517,0.8593
7,unreached,multilingual,617,0.8799,0.8566
10,unreached,multilingual,230,0.9,0.8609
8,accepted,multilingual,218,0.9532,0.8562
14,unreached,multilingual,408,0.9231,0.8771
2,accepted,multilingual,231,0.8995,1.006
10,unreached,multilingual,177,0.874,0.8835
5,accepted,multilingual,227,0.8961,0.8471
12,unreached,multilingual,414,0.8759,0.8419
3,unreached,multilingual,620,0.9223,0.9714
4,unreached,multilingual,620,0.9122,0.884
11,unreached,multilingual,620,0.877,0.8446
11,unreached,multilingual,179,0.8543,0.8542
11,unreached,multilingual,417,0.8683,0.8287
9,accepted,multilingual,252,0.9246,0.9077
14,unreached,multilingual,420,0.925,1.002
10,unreached,multilingual,242,0.8672,0.8228
15,unreached,multilingual,242,0.869,0.8249
11,unreached,multilingual,421,0.8999,0.8434
4,unreached,multilingual,625,0.8799,0.8608
10,unreached,multilingual,423,0.9044,0.8351
6,unreached,multilingual,627,0.8665,0.9068
4,unreached,multilingual,244,0.9101,0.9232
1,rejected,multilingual,185,0.9118,0.9579
11,unreached,multilingual,285,0.9534,0.9979
4,unreached,multilingual,186,0.8696,0.9236
5,accepted,multilingual,290,0.9592,0.8659
3,unreached,multilingual,631,0.8671,0.9231
5,unreached,multilingual,631,0.9191,0.9456
11,unreached,multilingual,631,0.8737,0.8833
6,accepted,multilingual,303,0.9292,0.7989
11,unreached,multilingual,428,0.8807,0.9591
1,rejected,multilingual,249,0.8581,0.8628
15,unreached,multilingual,312,0.9321,0.867
8,unreached,multilingual,253,0.8853,0.8828
14,unreached,multilingual,253,0.873,0.8329
4,unreached,multilingual,194,0.889,0.8827
11,unreached,multilingual,194,0.8892,0.9316
13,unreached,multilingual,318,0.9333,0.8044
5,unreached,multilingual,646,0.8998,0.9646
7,unreached,multilingual,254,0.8856,0.862
4,accepted,multilingual,196,0.8837,0.932
13,accepted,multilingual,324,0.9735,0.9606
1,rejected,multilingual,442,0.8786,0.8985
7,unreached,multilingual,647,0.9064,0.9735
3,unreached,multilingual,255,0.8509,0.8556
13,unreached,multilingual,257,0.9017,0.9181
13,accepted,multilingual,342,0.9828,0.8598
14,unreached,multilingual,444,0.9113,0.9174
1,accepted,multilingual,356,0.9258,0.7818
8,unreached,multilingual,445,0.9141,0.8897
10,unreached,multilingual,445,0.8924,0.9666
3,unreached,multilingual,259,0.8756,0.8695
6,unreached,multilingual,206,0.8849,0.8607
7,unreached,multilingual,206,0.9015,0.9448
8,unreached,multilingual,206,0.8855,0.925
12,unreached,multilingual,206,0.8832,0.8627
2,rejected,multilingual,446,0.8795,0.8681
6,unreached,multilingual,446,0.976,0.9458
13,unreached,multilingual,446,0.9044,0.8325
15,unreached,multilingual,446,0.931,1.019
10,unreached,multilingual,661,0.9277,0.8792
6,unreached,multilingual,261,0.8716,0.8323
13,unreached,multilingual,383,0.9497,0.9981
9,unreached,multilingual,662,0.9157,0.8316
15,unreached,multilingual,662,0.9068,0.8624
4,unreached,multilingual,262,0.906,0.9364
9,unreached,multilingual,262,0.8871,0.8319
13,unreached,multilingual,262,0.9019,0.9007
6,unreached,multilingual,215,0.9211,0.8598
7,unreached,multilingual,215,0.892,0.847
15,unreached,multilingual,393,0.9286,0.8612
2,rejected,multilingual,450,0.9358,0.9703
8,unreached,multilingual,663,0.9177,0.8729
10,unreached,multilingual,264,0.9034,0.8736
13,unreached,multilingual,405,0.9866,0.9482
8,unreached,multilingual,664,0.944,0.9176
11,unreached,multilingual,265,0.9085,0.9328
3,unreached,multilingual,665,0.8724,0.8709
11,unreached,multilingual,266,0.9095,0.8586
7,unreached,multilingual,220,0.8847,0.9369
9,accepted,multilingual,422,0.8672,0.9584
2,unreached,multilingual,454,0.9035,0.9872
3,unreached,multilingual,454,0.8865,0.8989
10,unreached,multilingual,454,0.8551,0.8323
7,unreached,multilingual,666,0.9256,0.8754
15,unreached,multilingual,267,0.9348,0.9642
1,rejected,multilingual,221,0.8512,0.8778
8,unreached,multilingual,221,0.8691,0.8919
4,rejected,multilingual,432,0.861,0.7837
7,unreached,multilingual,432,0.9667,0.8192
1,rejected,multilingual,455,0.8913,0.8859
1,rejected,multilingual,667,0.895,0.9283
4,unreached,multilingual,270,0.927,0.9376
12,unreached,multilingual,270,0.9309,0.9631
14,unreached,multilingual,436,0.9408,0.7901
2,accepted,multilingual,668,0.8575,0.865
13,unreached,multilingual,668,0.8716,0.8231
4,unreached,multilingual,271,0.9449,0.9318
5,unreached,multilingual,457,0.843,0.8637
6,unreached,multilingual,272,0.9002,0.8857
12,unreached,multilingual,272,0.8645,0.8168
5,unreached,multilingual,44,0.8954,0.8479
11,unreached,multilingual,44,0.867,0.8126
4,unreached,multilingual,675,0.8625,0.9668
9,unreached,multilingual,459,0.8586,0.8414
6,unreached,multilingual,676,0.88,0.8864
1,accepted,multilingual,226,0.9016,0.9219
2,rejected,multilingual,226,0.8745,0.8857
14,unreached,multilingual,49,0.8894,0.8545
8,unreached,multilingual,462,0.8615,0.8435
12,unreached,multilingual,677,0.8905,0.9118
5,unreached,multilingual,287,0.917,0.8784
15,unreached,multilingual,228,0.8901,0.8235
13,unreached,multilingual,53,0.8785,0.8407
1,rejected,multilingual,678,0.9111,0.9405
10,unreached,multilingual,290,0.8858,0.8652
14,unreached,multilingual,464,0.906,0.899
15,unreached,multilingual,679,0.8604,0.8547
3,unreached,multilingual,292,0.9112,0.9655
4,unreached,multilingual,59,0.9003,0.9347
6,unreached,multilingual,466,0.9291,1.058
14,unreached,multilingual,466,0.9319,0.9825
1,rejected,multilingual,683,0.9195,0.9646
4,unreached,multilingual,232,0.9187,0.9769
1,accepted,multilingual,295,0.8435,0.8535
13,unreached,multilingual,233,0.877,0.8118
9,unreached,multilingual,63,0.8931,0.9095
13,unreached,multilingual,63,0.8918,0.8736
15,unreached,multilingual,63,0.8906,0.872
12,unreached,multilingual,686,0.9236,0.8506
13,unreached,multilingual,686,0.9186,0.8547
15,unreached,multilingual,234,0.8711,0.8463
2,unreached,multilingual,688,0.9116,0.9821
8,unreached,multilingual,688,0.8754,0.8588
10,unreached,multilingual,68,0.8745,0.8546
13,unreached,multilingual,68,0.8915,0.8679
11,unreached,multilingual,239,0.8732,0.8297
15,unreached,multilingual,239,0.8809,0.9294
8,unreached,multilingual,69,0.9043,0.9083
4,unreached,multilingual,473,0.8673,0.8521
5,unreached,multilingual,301,0.8655,0.8465
8,unreached,multilingual,301,0.8731,0.8475
9,unreached,multilingual,301,0.8955,0.894
11,unreached,multilingual,301,0.8724,0.8338
13,unreached,multilingual,301,0.8838,0.8391
12,unreached,multilingual,243,0.9137,0.9814
15,unreached,multilingual,474,0.8808,0.8647
9,unreached,multilingual,692,0.9032,0.8896
2,unreached,multilingual,245,0.9141,1.024
14,unreached,multilingual,71,0.8769,0.8608
11,unreached,multilingual,72,0.8729,0.8505
15,unreached,multilingual,72,0.8769,0.8677
10,unreached,multilingual,477,0.921,0.9492
13,unreached,multilingual,695,0.932,0.8663
14,unreached,multilingual,249,0.8886,0.9729
5,unreached,multilingual,478,0.934,0.9803
2,unreached,multilingual,696,0.8902,0.8955
10,unreached,multilingual,696,0.939,0.8806
8,unreached,multilingual,313,0.858,0.8338
13,unreached,multilingual,313,0.8924,0.8693
10,unreached,multilingual,256,0.8697,0.8917
11,unreached,multilingual,77,0.875,0.8215
15,unreached,multilingual,77,0.887,0.8491
8,unreached,multilingual,314,0.863,0.8378
4,unreached,multilingual,257,0.8783,0.8404
10,unreached,multilingual,257,0.8737,0.8763
1,accepted,multilingual,78,0.8763,0.9645
2,rejected,multilingual,78,0.8731,1.007
8,unreached,multilingual,486,0.8953,0.8693
13,unreached,multilingual,698,0.9478,0.9511
7,unreached,multilingual,315,0.8615,0.8476
9,unreached,multilingual,315,0.8974,0.8554
3,unreached,multilingual,80,0.9205,0.9072
6,unreached,multilingual,80,0.921,0.9142
6,unreached,multilingual,317,0.9121,0.9017
10,unreached,multilingual,317,0.8959,0.8675
11,unreached,multilingual,317,0.9011,0.8636
2,rejected,multilingual,259,0.9625,1.003
6,unreached,multilingual,259,0.8786,0.8391
6,unreached,multilingual,81,0.9142,0.9355
1,accepted,multilingual,715,0.8461,0.8456
2,accepted,multilingual,715,0.9078,0.9327
11,accepted,multilingual,715,0.887,0.8933
12,accepted,multilingual,715,0.9152,0.8849
5,unreached,multilingual,264,0.8878,0.9306
12,unreached,multilingual,83,0.9243,0.9526
3,unreached,multilingual,320,0.8791,0.885
12,unreached,multilingual,266,0.9571,0.9546
1,rejected,multilingual,85,0.861,0.8699
6,unreached,multilingual,85,0.9133,0.8649
13,unreached,multilingual,85,0.9141,0.8101
14,unreached,multilingual,85,0.9125,0.8074
6,unreached,multilingual,25,0.9195,0.8043
9,unreached,multilingual,25,0.8953,0.7715
2,unreached,multilingual,322,0.8731,0.869
1,rejected,multilingual,268,0.8906,0.885
7,accepted,multilingual,86,0.8892,0.9047
11,unreached,multilingual,86,0.9213,0.8374
1,rejected,multilingual,323,0.8906,0.9459
13,unreached,multilingual,323,0.9056,0.8495
3,unreached,multilingual,94,0.8906,0.9254
6,unreached,multilingual,43,0.9521,0.8983
4,rejected,multilingual,90,0.8896,0.8791
14,unreached,multilingual,95,0.9132,0.9093
12,unreached,multilingual,272,0.9043,0.8743
8,unreached,multilingual,55,0.9108,0.7993
4,unreached,multilingual,274,0.9399,0.8679
10,unreached,multilingual,97,0.9124,0.9116
11,unreached,multilingual,329,0.9184,0.9008
3,unreached,multilingual,277,0.8765,0.8606
13,accepted,multilingual,68,0.9989,0.9648
8,unreached,multilingual,330,0.8828,0.8792
12,unreached,multilingual,330,0.8878,0.9207
3,unreached,multilingual,99,0.9291,0.9143
10,unreached,multilingual,280,0.8812,0.8322
4,unreached,multilingual,102,0.9634,1.018
2,rejected,multilingual,101,0.8707,0.8615
7,unreached,multilingual,101,0.9171,0.8654
13,unreached,multilingual,101,0.9136,0.873
2,rejected,multilingual,283,0.87,0.8869
7,unreached,multilingual,342,0.8944,0.889
5,unreached,multilingual,285,0.8701,0.8656
7,unreached,multilingual,285,0.8523,0.8293
11,unreached,multilingual,104,0.9133,0.8826
14,unreached,multilingual,108,0.9424,0.8782
14,unreached,multilingual,286,0.8937,0.9284
3,unreached,multilingual,105,0.8932,0.8933
9,unreached,multilingual,94,0.8875,1.009
14,unreached,multilingual,94,0.9369,0.873
9,unreached,multilingual,345,0.8888,0.8561
13,unreached,multilingual,345,0.8835,0.8225
6,unreached,multilingual,107,0.9263,0.9197
10,unreached,multilingual,107,0.9323,0.9004
6,unreached,multilingual,110,0.9359,0.9324
13,unreached,multilingual,110,0.9092,0.8573
11,unreached,multilingual,346,0.8796,0.8164
9,unreached,multilingual,288,0.9128,0.9424
5,unreached,multilingual,111,0.9436,1.04
7,unreached,multilingual,111,0.9096,0.9728
4,unreached,multilingual,113,0.9391,0.9406
9,unreached,multilingual,107,0.953,0.9296
9,unreached,multilingual,291,0.8914,0.9344
4,unreached,multilingual,117,0.921,0.9598
7,unreached,multilingual,117,0.9421,0.9907
4,unreached,multilingual,117,0.92,0.9408
6,unreached,multilingual,117,0.8853,0.8179
7,unreached,multilingual,117,0.8898,0.8303
11,unreached,multilingual,117,0.9063,0.8496
14,unreached,multilingual,117,0.9011,0.8408
12,unreached,multilingual,119,0.8878,0.7913
3,unreached,multilingual,292,0.8824,0.9054
8,unreached,multilingual,123,0.8801,0.7996
3,unreached,multilingual,350,0.9014,0.9981
14,unreached,multilingual,293,0.9016,0.9186
4,unreached,multilingual,121,0.938,1.097
8,unreached,multilingual,121,0.9267,0.889
14,unreached,multilingual,120,0.9078,0.8458
4,unreached,multilingual,294,0.9362,0.9283
15,unreached,multilingual,122,0.8956,0.9127
2,accepted,multilingual,352,0.8705,0.8882
15,unreached,multilingual,352,0.8745,0.8357
9,unreached,multilingual,295,0.8997,1.035
8,unreached,multilingual,127,0.9175,0.9777
15,unreached,multilingual,127,0.8916,0.8692
2,rejected,multilingual,123,0.9057,0.9728
15,unreached,multilingual,123,0.8837,0.9021
6,unreached,multilingual,135,0.9057,0.8443
10,unreached,multilingual,357,0.8815,0.8421
4,unreached,multilingual,129,0.9705,0.9596
2,unreached,multilingual,125,0.903,0.9406
6,unreached,multilingual,132,0.8731,0.8799
11,unreached,multilingual,126,0.8832,0.8694
14,unreached,multilingual,304,0.8514,0.8446
15,unreached,multilingual,304,0.8545,0.8485
3,rejected,multilingual,134,0.8866,0.9415
12,unreached,multilingual,129,0.9058,0.8281
9,unreached,multilingual,140,0.8967,0.8168
2,accepted,multilingual,143,0.874,0.8721
4,unreached,multilingual,361,0.891,0.9413
8,unreached,multilingual,361,0.8606,0.8465
10,unreached,multilingual,308,0.8478,0.8425
15,unreached,multilingual,146,0.8993,0.7972
6,unreached,multilingual,362,0.8934,0.8971
10,unreached,multilingual,309,0.8934,0.9171
1,rejected,multilingual,140,0.8509,0.8449
13,unreached,multilingual,140,0.8942,0.9202
3,unreached,multilingual,134,0.9586,0.9303
12,unreached,multilingual,134,0.8942,0.8436
7,unreached,multilingual,363,0.8546,0.8449
12,unreached,multilingual,363,0.894,0.8643
14,unreached,multilingual,314,0.8591,0.8164
15,unreached,multilingual,141,0.914,0.9027
7,unreached,multilingual,153,0.9162,0.854
2,unreached,multilingual,366,0.9534,0.8614
3,unreached,multilingual,146,0.8906,0.9795
9,unreached,multilingual,146,0.9144,0.8784
6,unreached,multilingual,138,0.9079,0.9314
9,unreached,multilingual,138,0.8838,0.8426
11,unreached,multilingual,367,0.8736,0.8447
12,unreached,multilingual,148,0.899,0.8565
3,unreached,multilingual,141,0.9245,0.9882
11,unreached,multilingual,156,0.9363,0.8682
6,unreached,multilingual,150,0.9031,0.8657
11,unreached,multilingual,143,0.8676,0.88
13,unreached,multilingual,165,0.9193,0.7935
6,unreached,multilingual,369,0.8718,0.8432
11,unreached,multilingual,318,0.8633,0.8234
12,unreached,multilingual,318,0.8615,0.8217
8,unreached,multilingual,152,0.8894,0.8557
7,unreached,multilingual,170,0.923,0.7982
9,unreached,multilingual,170,0.9222,0.769
12,unreached,multilingual,153,0.911,0.8802
8,unreached,multilingual,145,0.8874,0.8362
1,accepted,multilingual,172,0.8518,0.7738
4,unreached,multilingual,371,0.8825,0.9285
7,unreached,multilingual,320,0.8794,0.8531
3,unreached,multilingual,146,0.8936,0.8446
12,unreached,multilingual,146,0.8783,0.8972
8,unreached,multilingual,174,0.931,0.8579
9,unreached,multilingual,174,0.8958,0.9258
4,unreached,multilingual,321,0.8924,0.8929
13,unreached,multilingual,321,0.8711,0.8446
4,unreached,multilingual,157,0.9172,0.9204
13,unreached,multilingual,157,0.9031,0.8311
4,unreached,multilingual,148,0.9378,0.9317
9,unreached,multilingual,176,0.9642,0.8981
8,unreached,multilingual,373,0.8599,0.8553
1,rejected,multilingual,159,0.9071,0.9752
9,unreached,multilingual,159,0.9016,0.9447
5,unreached,multilingual,150,0.8841,0.8396
10,unreached,multilingual,375,0.8971,0.865
8,unreached,multilingual,160,0.8953,0.9065
13,unreached,multilingual,160,0.9311,0.9037
8,unreached,multilingual,153,0.8905,0.8842
2,unreached,multilingual,328,0.989,0.97
4,unreached,multilingual,328,0.8931,0.9053
11,unreached,multilingual,328,0.8692,0.8187
12,unreached,multilingual,162,0.9271,0.8244
13,unreached,multilingual,154,0.8792,0.8351
9,unreached,multilingual,187,0.9116,0.8015
1,rejected,multilingual,377,0.8918,0.9019
11,unreached,multilingual,377,0.9103,1.009
1,accepted,multilingual,158,0.882,0.8542
2,rejected,multilingual,158,0.8874,0.9591
14,unreached,multilingual,158,0.9046,0.8692
15,unreached,multilingual,158,0.9005,0.8579
7,unreached,multilingual,191,0.9151,0.96
5,unreached,multilingual,378,0.8898,0.9164
10,unreached,multilingual,379,0.8534,0.8461
3,unreached,multilingual,168,0.9081,0.9048
7,unreached,multilingual,168,0.8949,0.8861
1,rejected,multilingual,161,0.8656,0.8758
3,unreached,multilingual,380,0.8707,0.8369
10,unreached,multilingual,380,0.895,0.8541
15,unreached,multilingual,162,0.8857,0.8308
8,unreached,multilingual,198,0.9064,0.808
10,unreached,multilingual,198,0.9111,0.8014
10,unreached,multilingual,173,0.9319,0.8636
3,unreached,multilingual,200,0.8825,0.8448
14,unreached,multilingual,200,0.9078,0.7773
5,unreached,multilingual,386,0.8805,0.9242
9,unreached,multilingual,386,0.8979,0.857
4,unreached,multilingual,174,0.9152,0.9497
8,unreached,multilingual,336,0.8624,0.8271
13,unreached,multilingual,336,0.8957,0.889
15,unreached,multilingual,175,0.9,0.8671
7,unreached,multilingual,165,0.8852,0.848
9,unreached,multilingual,165,0.8869,0.8491
10,unreached,multilingual,165,0.9358,0.949
13,unreached,multilingual,165,0.8943,0.8526
1,rejected,multilingual,337,0.886,0.8934
1,rejected,multilingual,177,0.8358,0.8152
10,unreached,multilingual,338,0.8849,0.8952
3,accepted,multilingual,178,0.9344,1.042
5,unreached,multilingual,209,0.9732,0.8935
11,unreached,multilingual,209,0.8862,0.7687
13,unreached,multilingual,340,0.9106,0.9342
8,unreached,multilingual,173,0.8906,0.8583
2,accepted,multilingual,399,0.8652,0.8684
3,accepted,multilingual,399,0.8786,0.88
2,unreached,multilingual,343,0.8968,0.9515
14,unreached,multilingual,187,0.9211,0.842
4,unreached,multilingual,174,0.8755,0.8569
15,unreached,multilingual,222,0.8936,0.7607
8,unreached,multilingual,405,0.8789,0.8612
14,unreached,multilingual,344,0.9042,0.9483
14,unreached,multilingual,176,0.9313,0.8222
11,unreached,multilingual,406,0.897,0.8792
6,unreached,multilingual,345,0.8888,0.9378
9,unreached,multilingual,345,0.9091,0.9465
12,unreached,multilingual,190,0.9569,0.9149
3,accepted,multilingual,229,0.8872,0.8896
5,unreached,multilingual,408,0.9174,0.8738
1,accepted,multilingual,193,0.8653,0.7797
2,rejected,multilingual,193,0.8671,0.8249
4,unreached,multilingual,193,0.8849,0.988
6,unreached,multilingual,193,0.9503,1.011
2,accepted,multilingual,234,0.8465,0.8746
2,accepted,multilingual,181,0.8518,0.8638
2,accepted,multilingual,240,0.8785,0.8655
4,accepted,multilingual,240,0.9017,0.9286
7,accepted,multilingual,240,0.958,0.8566
13,unreached,multilingual,418,0.9107,0.9472
4,unreached,multilingual,353,0.8913,0.8986
2,unreached,multilingual,202,0.8762,0.8956
1,accepted,multilingual,251,0.8957,0.8816
13,unreached,multilingual,251,0.9287,0.8313
14,unreached,multilingual,251,0.9107,0.7712
7,unreached,multilingual,419,0.9041,0.9192
3,unreached,multilingual,355,0.894,0.9969
7,unreached,multilingual,420,0.879,0.8425
2,unreached,multilingual,357,0.9159,0.9116
9,unreached,multilingual,205,0.8757,0.8487
3,rejected,multilingual,195,0.932,0.9367
13,unreached,multilingual,421,0.8952,0.9264
6,unreached,multilingual,206,0.9291,0.9416
12,unreached,multilingual,206,0.8971,0.8751
10,unreached,multilingual,198,0.9223,0.867
2,rejected,multilingual,259,0.9284,0.8426
6,unreached,multilingual,423,0.9059,0.9131
2,unreached,multilingual,201,0.9171,0.9601
13,unreached,multilingual,261,0.9393,0.825
15,unreached,multilingual,424,0.8712,0.8573
14,unreached,multilingual,209,0.9057,0.8643
8,unreached,multilingual,264,0.9402,1.01
3,unreached,multilingual,384,0.9286,1.008
5,unreached,multilingual,384,0.8653,0.9273
12,unreached,multilingual,384,0.9143,0.9588
7,unreached,multilingual,203,0.9119,0.8178
2,unreached,multilingual,432,0.9276,0.9514
11,unreached,multilingual,432,0.8705,0.8686
13,unreached,multilingual,432,0.8961,0.8591
5,unreached,multilingual,385,0.908,0.9455
7,unreached,multilingual,205,0.926,0.8502
15,unreached,multilingual,205,0.9061,0.8042
8,unreached,multilingual,267,0.9072,0.966
10,unreached,multilingual,433,0.8708,0.8718
14,unreached,multilingual,216,0.909,0.8361
1,accepted,multilingual,268,0.9322,0.8943
5,unreached,multilingual,435,0.8618,0.8672
15,unreached,multilingual,218,0.91,0.8622
4,unreached,multilingual,270,0.9601,0.9673
8,unreached,multilingual,219,0.8631,0.8637
10,unreached,multilingual,219,0.8905,0.8689
7,unreached,multilingual,271,0.9409,1.025
11,unreached,multilingual,271,0.9263,0.8038
2,rejected,multilingual,437,0.8864,0.9198
9,unreached,multilingual,437,0.8591,0.8131
13,unreached,multilingual,437,0.9052,0.8532
5,accepted,multilingual,403,0.9241,1.038
12,unreached,multilingual,403,0.9742,0.9764
9,unreached,multilingual,222,0.8945,0.8717
11,unreached,multilingual,439,0.9249,0.8788
5,rejected,multilingual,284,0.9187,0.9235
15,unreached,multilingual,413,0.9475,0.8999
4,unreached,multilingual,216,0.9574,0.964
6,unreached,multilingual,216,0.9195,0.9307
9,unreached,multilingual,423,0.91,0.8596
13,unreached,multilingual,423,0.9434,0.8412
10,unreached,multilingual,227,0.9299,0.9703
13,unreached,multilingual,227,0.9082,0.8609
15,unreached,multilingual,227,0.9118,0.8581
2,accepted,multilingual,218,0.9242,0.8976
13,unreached,multilingual,218,0.9165,0.8406
9,unreached,multilingual,291,0.9155,0.8139
8,unreached,multilingual,444,0.9109,0.9045
10,unreached,multilingual,444,0.9112,0.9806
15,unreached,multilingual,444,0.8941,0.8471
3,unreached,multilingual,424,0.889,0.9425
4,unreached,multilingual,424,0.8707,0.8991
9,unreached,multilingual,424,0.9063,0.9828
10,unreached,multilingual,229,0.9263,0.8848
8,unreached,multilingual,293,0.8828,0.784
10,unreached,multilingual,445,0.8892,1.014
7,unreached,multilingual,425,0.8937,0.9585
10,unreached,multilingual,425,0.9079,0.8516
1,accepted,multilingual,222,0.879,0.9172
8,unreached,multilingual,222,0.9029,0.8611
13,unreached,multilingual,296,0.9284,0.7936
2,rejected,multilingual,426,0.8599,0.8714
11,unreached,multilingual,426,0.9136,0.8246
12,unreached,multilingual,237,0.8898,0.8798
12,unreached,multilingual,225,0.9417,0.8604
3,unreached,multilingual,428,1.001,1.068
5,unreached,multilingual,239,0.9062,1.004
6,unreached,multilingual,226,0.9773,0.8851
10,unreached,multilingual,242,0.9468,1.055
15,unreached,multilingual,229,0.9084,0.8138
10,unreached,multilingual,431,0.9214,0.8313
4,unreached,multilingual,247,0.9603,0.9653
5,unreached,multilingual,247,0.9395,0.9193
10,unreached,multilingual,247,0.8818,0.8253
7,unreached,multilingual,233,0.8968,0.9056
12,unreached,multilingual,43,0.9048,0.8542
9,unreached,multilingual,433,0.932,0.9541
15,unreached,multilingual,249,0.9063,0.8179
2,accepted,multilingual,318,0.8772,0.816
11,unreached,multilingual,318,0.8875,0.7287
5,unreached,multilingual,47,0.9557,0.9619
4,unreached,multilingual,250,0.9253,0.9614
6,rejected,multilingual,324,0.8954,0.8038
5,rejected,multilingual,439,0.885,0.8992
5,unreached,multilingual,330,0.8933,0.8341
1,accepted,multilingual,444,0.8837,0.8929
9,unreached,multilingual,444,0.9082,0.8792
9,unreached,multilingual,256,0.8832,0.8599
3,unreached,multilingual,51,0.9284,0.9256
3,unreached,multilingual,243,0.9414,0.9422
4,unreached,multilingual,243,0.9384,0.9556
4,unreached,multilingual,334,0.908,0.8193
10,unreached,multilingual,334,0.9036,0.8263
13,unreached,multilingual,334,0.9356,0.8279
14,unreached,multilingual,334,0.9489,0.8766
7,unreached,multilingual,53,0.947,0.9216
13,unreached,multilingual,53,0.9113,0.8096
8,unreached,multilingual,259,0.9078,0.7789
10,unreached,multilingual,259,0.9112,0.7883
8,unreached,multilingual,244,0.885,0.9923
1,accepted,multilingual,335,0.9408,0.9021
2,rejected,multilingual,335,0.8638,0.7657
13,unreached,multilingual,335,0.9216,0.8175
8,unreached,multilingual,54,0.8888,0.8361
1,rejected,multilingual,455,0.8839,0.8972
5,unreached,multilingual,455,0.9469,0.9421
10,unreached,multilingual,455,0.917,0.865
2,unreached,multilingual,337,0.9164,0.8462
3,unreached,multilingual,55,0.9287,0.919
13,unreached,multilingual,456,0.91,0.8852
12,unreached,multilingual,262,0.8914,0.8356
10,unreached,multilingual,249,0.8911,0.8418
13,unreached,multilingual,249,0.8992,0.8908
6,unreached,multilingual,338,0.9618,0.919
8,unreached,multilingual,338,0.9579,0.9385
7,unreached,multilingual,56,0.905,0.8199
14,unreached,multilingual,341,0.8973,0.7658
3,unreached,multilingual,252,0.9331,0.93
8,unreached,multilingual,252,0.8914,0.8653
2,rejected,multilingual,345,0.9101,0.9325
4,unreached,multilingual,345,0.8864,0.7945
1,rejected,multilingual,72,0.8868,0.8627
14,unreached,multilingual,72,0.8892,0.8033
13,unreached,multilingual,269,0.8998,0.8758
2,unreached,multilingual,253,0.9005,0.9151
15,unreached,multilingual,66,0.9057,0.8533
13,unreached,multilingual,73,0.8924,0.8112
1,accepted,multilingual,270,0.9294,0.9211
1,accepted,multilingual,348,0.8738,0.8094
12,unreached,multilingual,69,0.9023,0.8539
13,unreached,multilingual,258,0.9011,0.8992
3,accepted,multilingual,351,0.8678,0.7933
11,unreached,multilingual,351,0.9,0.7902
10,unreached,multilingual,71,0.8843,0.856
9,unreached,multilingual,76,0.8814,0.7947
7,unreached,multilingual,274,0.9065,0.9145
10,unreached,multilingual,274,0.8725,0.8679
8,unreached,multilingual,261,0.8957,0.8841
15,unreached,multilingual,261,0.9421,0.9729
8,unreached,multilingual,355,0.9201,0.8178
14,unreached,multilingual,355,0.8923,0.8013
1,accepted,multilingual,79,0.8632,0.8176
5,unreached,multilingual,262,0.8991,0.7661
12,unreached,multilingual,276,0.9209,0.8255
11,unreached,multilingual,263,0.9633,0.9787
15,unreached,multilingual,280,0.9013,0.8483
3,unreached,multilingual,271,0.9323,0.9446
12,unreached,multilingual,282,0.8709,0.8523
8,unreached,multilingual,273,0.8798,1.008
15,unreached,multilingual,273,0.9255,0.8423
3,unreached,multilingual,369,0.8852,0.7959
10,unreached,multilingual,92,0.882,0.7861
13,unreached,multilingual,92,0.9161,0.8163
8,unreached,multilingual,283,0.8873,0.8484
7,unreached,multilingual,280,0.9075,0.821
3,rejected,multilingual,370,0.9041,0.8627
5,unreached,multilingual,80,0.9067,0.8592
7,unreached,multilingual,94,0.8782,0.8315
12,unreached,multilingual,94,0.9197,0.8097
10,unreached,multilingual,285,0.9047,0.8692
12,unreached,multilingual,281,0.889,0.7929
2,rejected,multilingual,81,0.9194,0.9147
3,unreached,multilingual,81,0.9049,0.9676
2,rejected,multilingual,286,0.924,0.8788
5,unreached,multilingual,286,0.8863,0.8277
13,unreached,multilingual,282,0.9241,0.8188
14,unreached,multilingual,96,0.8972,0.9012
5,unreached,multilingual,288,0.9165,0.9179
15,unreached,multilingual,288,0.9257,0.8551
11,unreached,multilingual,382,0.9137,0.8557
2,rejected,multilingual,289,0.9008,0.9015
4,unreached,multilingual,289,0.9907,1.027
4,unreached,multilingual,86,0.9304,0.9031
5,accepted,multilingual,391,0.9844,0.898
12,unreached,multilingual,88,0.9282,0.9286
12,unreached,multilingual,292,0.9358,0.8861
1,accepted,multilingual,402,0.8454,0.7525
10,unreached,multilingual,402,0.886,0.7637
1,accepted,multilingual,91,0.9464,1.007
14,unreached,multilingual,300,0.9041,0.8387
4,unreached,multilingual,93,0.9044,0.9031
5,unreached,multilingual,110,0.9087,0.9498
12,unreached,multilingual,95,0.9093,0.8439
6,unreached,multilingual,304,0.897,0.8886
9,unreached,multilingual,304,0.9048,0.8523
14,unreached,multilingual,304,0.9045,0.8494
10,unreached,multilingual,113,0.8915,0.89
11,unreached,multilingual,78,0.8765,0.7577
15,unreached,multilingual,78,0.8791,0.7825
3,unreached,multilingual,296,0.8584,0.8208
4,unreached,multilingual,296,0.9226,0.9089
14,unreached,multilingual,296,0.9111,0.8521
2,unreached,multilingual,306,0.9396,0.9498
9,unreached,multilingual,97,0.9244,0.8686
12,unreached,multilingual,118,0.8934,0.8302
7,unreached,multilingual,79,0.951,1.025
15,unreached,multilingual,79,0.9247,1.001
3,rejected,multilingual,297,0.932,0.9119
8,unreached,multilingual,297,0.9476,0.9594
8,unreached,multilingual,101,0.897,0.8135
9,unreached,multilingual,123,0.8648,0.8108
4,unreached,multilingual,80,0.928,1.015
14,unreached,multilingual,80,0.938,0.9142
5,unreached,multilingual,300,0.9322,0.9169
3,unreached,multilingual,124,0.9061,1.022
6,unreached,multilingual,124,0.8741,0.8234
7,unreached,multilingual,124,0.8969,0.8849
3,unreached,multilingual,309,0.9137,0.9114
8,unreached,multilingual,126,0.9089,0.8726
4,accepted,multilingual,83,0.8754,0.8439
7,unreached,multilingual,112,0.9339,0.8963
4,unreached,multilingual,130,0.8696,0.8191
14,unreached,multilingual,130,0.8746,0.8035
3,unreached,multilingual,113,0.8982,0.8949
5,unreached,multilingual,132,0.921,0.9738
6,unreached,multilingual,132,0.9065,0.8971
3,unreached,multilingual,312,0.9111,0.8689
2,rejected,multilingual,313,0.9569,1.001
11,unreached,multilingual,135,0.9353,0.8998
7,accepted,multilingual,108,0.9351,0.9183
15,unreached,multilingual,315,0.9007,0.8251
11,unreached,multilingual,118,0.9015,0.8461
3,unreached,multilingual,138,0.8833,0.834
10,unreached,multilingual,116,0.9354,0.9963
7,unreached,multilingual,316,0.8732,0.839
6,unreached,multilingual,119,0.9433,0.8928
5,unreached,multilingual,117,0.9441,0.9328
9,unreached,multilingual,117,0.8791,0.7978
15,unreached,multilingual,320,0.8694,0.8782
9,unreached,multilingual,320,0.9016,0.8499
15,unreached,multilingual,120,0.916,0.8734
3,unreached,multilingual,141,0.9225,0.9569
7,unreached,multilingual,141,0.8748,0.8297
2,unreached,multilingual,119,0.8902,0.854
12,unreached,multilingual,322,0.8923,0.8797
5,accepted,multilingual,123,0.9686,1.008
8,unreached,multilingual,142,0.8924,0.8758
6,unreached,multilingual,120,0.8822,0.8241
9,unreached,multilingual,120,0.9155,0.879
1,accepted,multilingual,325,0.9023,0.9201
10,unreached,multilingual,325,0.8958,0.8627
7,unreached,multilingual,130,0.9214,0.9528
14,unreached,multilingual,143,0.9071,0.8735
6,unreached,multilingual,324,0.9023,0.9168
13,unreached,multilingual,324,0.875,0.8701
6,unreached,multilingual,329,0.9267,0.9592
10,unreached,multilingual,132,0.897,0.8139
12,unreached,multilingual,132,0.9462,0.8692
8,unreached,multilingual,145,0.8844,0.8035
9,unreached,multilingual,128,0.8889,0.8291
4,unreached,multilingual,146,0.9035,0.8596
8,unreached,multilingual,130,0.8789,0.8404
11,unreached,multilingual,130,0.8881,0.854
11,unreached,multilingual,326,0.9004,0.8595
15,unreached,multilingual,326,0.8839,0.8425
1,accepted,multilingual,137,0.9334,0.986
14,unreached,multilingual,336,0.8791,0.8411
11,unreached,multilingual,133,0.9435,1.086
12,unreached,multilingual,328,0.9015,0.8922
2,rejected,multilingual,338,0.9235,0.9218
6,unreached,multilingual,135,0.9007,0.9371
8,unreached,multilingual,135,0.8769,0.851
10,unreached,multilingual,135,0.9005,0.939
5,unreached,multilingual,329,0.9097,0.9281
9,unreached,multilingual,148,0.9307,0.8966
4,unreached,multilingual,152,0.9622,0.9674
11,unreached,multilingual,332,0.8887,0.8673
15,unreached,multilingual,332,0.8923,0.8665
2,accepted,multilingual,342,0.8485,0.8448
7,unreached,multilingual,154,0.8818,0.8421
8,unreached,multilingual,154,0.8839,0.8465
6,unreached,multilingual,142,0.9201,0.9217
15,unreached,multilingual,142,0.9099,0.8225
4,unreached,multilingual,334,0.91,0.9367
15,unreached,multilingual,334,0.8924,0.8752
5,unreached,multilingual,345,0.893,0.9168
10,unreached,multilingual,150,0.9167,0.889
5,unreached,multilingual,336,0.8988,0.8721
6,unreached,multilingual,336,0.8866,0.8539
8,unreached,multilingual,336,0.8897,0.864
5,unreached,multilingual,151,0.9357,0.9695
4,unreached,multilingual,347,0.9242,0.8808
1,accepted,multilingual,158,0.871,0.834
2,accepted,multilingual,158,0.8696,0.8398
13,unreached,multilingual,154,0.9338,0.8932
4,unreached,multilingual,339,0.8906,0.8795
8,unreached,multilingual,348,0.9015,0.9064
11,unreached,multilingual,341,0.8944,0.8625
5,unreached,multilingual,349,0.8938,0.9122
11,unreached,multilingual,163,0.8682,0.8135
8,unreached,multilingual,344,0.8987,0.8469
4,unreached,multilingual,350,0.877,0.8877
15,unreached,multilingual,350,0.8837,0.8329
8,unreached,multilingual,164,0.905,0.8937
13,unreached,multilingual,175,0.9308,0.8691
5,unreached,multilingual,346,0.8904,0.8518
14,unreached,multilingual,346,0.9215,0.8827
1,accepted,multilingual,177,0.9266,0.9035
4,rejected,multilingual,347,0.9079,0.912
13,unreached,multilingual,353,0.8937,0.8633
14,unreached,multilingual,353,0.892,0.8598
3,unreached,multilingual,169,0.9164,0.8744
6,unreached,multilingual,180,0.9223,0.8633
15,unreached,multilingual,180,0.9067,0.8035
13,unreached,multilingual,351,0.8995,0.8633
11,unreached,multilingual,169,0.9162,0.8975
9,unreached,multilingual,170,0.8918,0.8287
3,unreached,multilingual,353,0.8963,0.8808
14,unreached,multilingual,171,0.9054,0.8849
9,unreached,multilingual,172,0.9065,0.8431
14,unreached,multilingual,357,0.8965,0.8334
3,unreached,multilingual,173,0.8837,0.9403
12,unreached,multilingual,174,0.8942,0.8527
5,unreached,multilingual,185,0.9057,1.038
15,unreached,multilingual,185,0.9209,0.8037
13,unreached,multilingual,358,0.8839,0.8619
3,accepted,multilingual,188,0.9224,0.8736
10,unreached,multilingual,358,0.8783,0.8579
3,unreached,multilingual,178,0.8743,0.8714
14,unreached,multilingual,178,0.9499,0.9446
5,accepted,multilingual,199,0.912,0.8576
5,unreached,multilingual,361,0.9521,0.9651
11,unreached,multilingual,361,0.9189,0.857
14,unreached,multilingual,180,0.9557,0.956
5,unreached,multilingual,179,0.9209,0.8849
5,accepted,multilingual,215,0.929,0.8556
13,unreached,multilingual,365,0.9037,0.8719
1,accepted,multilingual,364,0.8619,0.9006
12,unreached,multilingual,364,0.9232,0.9071
2,accepted,multilingual,181,0.9522,0.9293
6,unreached,multilingual,230,0.9442,0.9168
5,unreached,multilingual,368,0.8747,0.8776
15,unreached,multilingual,366,0.9076,0.8675
7,unreached,multilingual,186,0.8796,0.8886
7,accepted,multilingual,184,0.9235,1.022
11,unreached,multilingual,184,0.9251,0.8748
9,unreached,multilingual,368,0.8707,0.8379
4,unreached,multilingual,188,0.9485,1.001
1,rejected,multilingual,370,0.8624,0.8934
4,unreached,multilingual,370,0.9516,1.009
4,unreached,multilingual,370,0.9021,0.8546
14,unreached,multilingual,370,0.9082,0.8901
6,unreached,multilingual,189,0.9017,1.038
8,unreached,multilingual,371,0.9148,0.916
6,unreached,multilingual,190,0.9467,0.936
1,rejected,multilingual,195,0.8687,0.8243
11,unreached,multilingual,195,0.9217,0.8461
3,accepted,multilingual,242,0.8917,0.8228
10,rejected,multilingual,242,0.9561,0.9057
10,unreached,multilingual,374,0.9376,0.8634
14,unreached,multilingual,374,0.913,0.8348
6,unreached,multilingual,372,0.8756,0.8473
7,unreached,multilingual,372,0.8769,0.8481
8,unreached,multilingual,372,0.8827,0.8575
1,accepted,multilingual,191,0.8651,0.8568
7,unreached,multilingual,196,0.9101,0.8529
5,rejected,multilingual,252,0.8811,0.9069
15,unreached,multilingual,375,0.9169,0.8561
11,unreached,multilingual,197,0.8954,0.8897
12,unreached,multilingual,197,0.8842,0.8213
9,unreached,multilingual,257,0.9188,0.8094
12,unreached,multilingual,257,0.9159,0.8204
11,unreached,multilingual,201,0.9266,0.9163
4,unreached,multilingual,198,0.9246,0.9031
11,unreached,multilingual,198,0.8849,0.8204
12,unreached,multilingual,198,0.8964,0.8196
8,unreached,multilingual,206,0.9439,0.9551
2,accepted,multilingual,199,0.8967,0.8887
10,unreached,multilingual,199,0.9087,1.013
13,unreached,multilingual,263,0.9459,0.8453
3,accepted,multilingual,379,0.9621,0.9182
11,unreached,multilingual,379,0.8944,0.8533
13,unreached,multilingual,379,0.903,0.8611
14,unreached,multilingual,379,0.9075,0.8629
1,accepted,multilingual,267,0.9385,0.9914
2,accepted,multilingual,267,0.9359,0.9072
8,accepted,multilingual,267,0.9786,0.8087
7,unreached,multilingual,385,0.9056,0.8597
9,unreached,multilingual,205,0.8925,0.817
11,unreached,multilingual,205,0.8987,0.8258
14,unreached,multilingual,205,0.8779,0.8004
15,unreached,multilingual,205,0.8876,0.8129
4,accepted,multilingual,278,0.9292,0.8524
6,accepted,multilingual,278,0.8841,0.8842
9,unreached,multilingual,387,0.925,0.8517
10,unreached,multilingual,387,0.9148,0.8864
2,accepted,multilingual,294,0.9425,0.8543
6,accepted,multilingual,294,0.942,0.7936
11,accepted,multilingual,294,0.9498,0.9898
1,accepted,multilingual,388,0.9268,0.955
4,unreached,multilingual,217,0.9514,0.9874
4,accepted,multilingual,310,0.9135,0.8767
7,accepted,multilingual,310,0.9121,0.8358
12,accepted,multilingual,310,0.9656,0.997
4,accepted,multilingual,212,0.9061,0.905
9,unreached,multilingual,212,0.9245,0.8971
15,unreached,multilingual,212,0.8995,0.8455
10,accepted,multilingual,325,0.9153,0.8056
5,unreached,multilingual,393,0.8852,0.847
10,unreached,multilingual,393,0.9168,0.9003
11,unreached,multilingual,233,0.9544,0.8902
14,unreached,multilingual,218,0.8924,0.8364
4,accepted,multilingual,235,0.9812,1.033
9,unreached,multilingual,343,0.9094,0.8828
15,unreached,multilingual,395,0.897,0.835
3,rejected,multilingual,241,0.8657,0.824
9,unreached,multilingual,241,0.9056,0.7746
12,unreached,multilingual,344,0.8808,0.8235
2,accepted,multilingual,244,0.8923,0.9732
6,unreached,multilingual,244,0.9461,0.8282
12,unreached,multilingual,244,0.9304,0.754
6,unreached,multilingual,222,0.886,0.7906
10,unreached,multilingual,222,0.8918,0.8046
13,unreached,multilingual,222,0.8837,0.7872
6,unreached,multilingual,345,0.8782,0.8129
5,unreached,multilingual,398,0.8733,0.8656
7,unreached,multilingual,398,0.8782,0.8366
11,unreached,multilingual,398,0.8941,0.8448
9,unreached,multilingual,400,0.876,0.8805
8,unreached,multilingual,225,0.8854,0.7754
8,unreached,multilingual,400,0.878,0.8368
4,unreached,multilingual,407,0.9158,0.9089
4,unreached,multilingual,227,0.9283,0.8745
8,unreached,multilingual,227,0.9071,0.8537
1,accepted,multilingual,354,0.8885,0.8825
11,unreached,multilingual,354,0.8678,0.827
13,unreached,multilingual,354,0.8711,0.8352
2,unreached,multilingual,402,0.9558,1.017
12,unreached,multilingual,402,0.8728,0.8488
8,unreached,multilingual,403,0.8592,0.8256
10,unreached,multilingual,403,0.8601,0.8327
3,unreached,multilingual,230,0.9135,0.8653
14,unreached,multilingual,230,0.8775,0.7626
15,unreached,multilingual,405,0.8931,0.8584
5,unreached,multilingual,359,0.9049,0.8576
14,unreached,multilingual,421,0.8829,0.8093
8,unreached,multilingual,268,0.9032,0.8514
7,unreached,multilingual,236,0.9047,0.8396
12,unreached,multilingual,236,0.8943,0.8501
10,unreached,multilingual,360,0.8871,0.8519
12,unreached,multilingual,360,0.8993,0.8527
15,unreached,multilingual,360,0.9101,0.8618
13,unreached,multilingual,407,0.8711,0.8254
14,unreached,multilingual,407,0.8787,0.8268
8,unreached,multilingual,422,0.9527,1.018
7,unreached,multilingual,270,0.9756,1.117
3,unreached,multilingual,239,0.9581,0.9648
7,unreached,multilingual,239,0.8999,0.837
4,unreached,multilingual,408,0.9168,0.9297
13,unreached,multilingual,408,0.8847,0.8562
10,unreached,multilingual,425,0.9261,0.8835
5,unreached,multilingual,271,0.9769,1.087
14,unreached,multilingual,271,0.9483,0.9118
4,unreached,multilingual,241,0.9309,1.038
9,unreached,multilingual,411,0.8711,0.8118
3,unreached,multilingual,427,0.9159,0.9176
8,unreached,multilingual,427,0.9204,0.8735
11,unreached,multilingual,427,0.9299,0.9019
2,unreached,multilingual,272,0.9418,0.9606
9,unreached,multilingual,272,0.9424,0.8844
11,unreached,multilingual,272,0.9729,1.023
11,unreached,multilingual,242,0.9036,0.8286
13,unreached,multilingual,242,0.9047,0.837
1,accepted,multilingual,373,0.8592,0.8063
11,unreached,multilingual,428,0.9145,0.8596
13,unreached,multilingual,428,0.9133,0.8386
11,unreached,multilingual,273,0.9576,0.9109
5,accepted,multilingual,376,0.9147,0.8777
3,unreached,multilingual,416,0.9099,0.9375
10,unreached,multilingual,276,0.9222,0.8556
1,accepted,multilingual,385,0.8792,0.838
12,unreached,multilingual,417,0.902,0.8647
14,unreached,multilingual,417,0.8932,0.8568
4,unreached,multilingual,430,0.8751,0.8828
6,unreached,multilingual,395,0.8813,0.8356
9,unreached,multilingual,395,0.8968,0.8331
14,unreached,multilingual,395,0.9419,0.9485
13,unreached,multilingual,419,0.929,0.8439
15,unreached,multilingual,433,0.8994,0.8239
2,accepted,multilingual,281,0.8685,0.8926
6,unreached,multilingual,281,0.9444,0.9503
9,unreached,multilingual,398,0.9686,1.012
5,unreached,multilingual,420,0.9548,1.017
10,unreached,multilingual,435,0.9012,0.858
8,unreached,multilingual,284,0.9307,0.9578
1,accepted,multilingual,248,0.8805,0.8332
7,unreached,multilingual,248,0.9005,0.86
10,unreached,multilingual,248,0.9031,0.8631
6,rejected,multilingual,404,0.8869,0.8658
6,unreached,multilingual,436,0.9248,0.8668
11,unreached,multilingual,436,0.889,0.8587
7,unreached,multilingual,289,0.905,0.8946
5,unreached,multilingual,410,0.9783,0.9255
8,unreached,multilingual,410,0.9349,0.981
8,unreached,multilingual,423,0.9589,0.9568
13,unreached,multilingual,438,0.9071,0.8649
9,unreached,multilingual,292,0.9729,0.9124
6,accepted,multilingual,413,0.9547,0.9968
8,unreached,multilingual,439,0.9558,1.055
15,unreached,multilingual,420,0.9818,1.091
14,unreached,multilingual,440,0.8787,0.8319
10,unreached,multilingual,299,0.9006,0.9196
11,unreached,multilingual,299,0.91,0.9369
9,unreached,multilingual,256,0.8935,0.8567
14,unreached,multilingual,256,0.8946,0.8556
2,unreached,multilingual,422,0.9614,1.078
8,unreached,multilingual,422,0.9018,0.9158
15,unreached,multilingual,422,0.9159,0.8044
11,unreached,multilingual,441,0.9021,0.9172
5,accepted,multilingual,301,0.9512,0.9696
14,unreached,multilingual,46,0.8903,0.8431
12,unreached,multilingual,442,0.8793,0.8392
14,unreached,multilingual,307,0.9523,0.8839
10,unreached,multilingual,258,0.9244,0.8687
1,accepted,multilingual,430,0.8869,0.8441
15,unreached,multilingual,430,0.9218,0.9004
14,unreached,multilingual,49,0.8983,0.8468
7,unreached,multilingual,443,0.875,0.9404
8,unreached,multilingual,309,0.9734,0.881
10,unreached,multilingual,433,0.9273,0.9265
11,unreached,multilingual,444,0.8952,0.852
6,unreached,multilingual,310,0.9519,0.8618
7,unreached,multilingual,260,0.917,0.8532
3,accepted,multilingual,441,0.9412,0.9551
7,unreached,multilingual,441,0.9063,0.8609
5,unreached,multilingual,451,0.9158,0.932
10,unreached,multilingual,451,0.8871,0.8189
13,unreached,multilingual,451,0.8956,0.8316
5,unreached,multilingual,261,0.898,0.9571
3,unreached,multilingual,60,0.9485,0.9384
4,unreached,multilingual,60,0.9639,0.9288
9,unreached,multilingual,60,0.9144,0.8757
7,unreached,multilingual,312,0.9398,0.8784
10,unreached,multilingual,312,0.8925,0.9364
15,unreached,multilingual,263,0.894,0.8377
15,unreached,multilingual,62,0.9092,0.8852
6,unreached,multilingual,314,0.9371,0.9794
14,unreached,multilingual,264,0.8761,0.8262
8,accepted,multilingual,449,0.8945,0.8817
11,unreached,multilingual,69,0.8904,0.8207
12,unreached,multilingual,459,0.8997,0.8665
7,unreached,multilingual,315,0.8672,0.913
4,unreached,multilingual,71,0.9754,1.029
7,unreached,multilingual,318,0.9109,0.914
11,unreached,multilingual,267,0.889,0.852
10,unreached,multilingual,268,0.9139,0.8868
7,unreached,multilingual,76,0.8925,0.8945
12,unreached,multilingual,76,0.9102,0.912
9,unreached,multilingual,463,0.8903,0.8698
10,unreached,multilingual,463,0.8874,0.865
8,unreached,multilingual,323,0.9452,0.8831
3,accepted,multilingual,269,0.8813,0.8492
7,unreached,multilingual,269,0.9261,0.9777
11,unreached,multilingual,79,0.8901,0.8575
15,unreached,multilingual,79,0.872,0.8573
8,unreached,multilingual,324,0.9406,0.9185
11,unreached,multilingual,324,0.9005,0.9659
4,rejected,multilingual,275,0.9391,1.017
9,unreached,multilingual,275,0.9071,0.8612
10,unreached,multilingual,275,0.8968,0.8437
10,unreached,multilingual,83,0.8842,0.8936
12,unreached,multilingual,83,0.9303,0.896
14,unreached,multilingual,326,0.91,0.8899
6,unreached,multilingual,85,0.9132,0.8491
8,unreached,multilingual,85,0.9005,0.8476
7,unreached,multilingual,328,0.9511,0.9337
2,rejected,multilingual,281,0.8777,0.851
3,unreached,multilingual,281,0.9209,0.8682
5,unreached,multilingual,281,0.9125,0.867
6,unreached,multilingual,87,0.9847,0.9397
14,unreached,multilingual,87,0.9226,0.9589
11,unreached,multilingual,89,0.9038,0.8465
14,unreached,multilingual,34,0.9231,0.8319
8,unreached,multilingual,334,0.9273,0.9366
11,unreached,multilingual,88,0.9034,0.8922
3,rejected,multilingual,94,0.8924,0.8611
14,unreached,multilingual,94,0.9009,0.8386
12,unreached,multilingual,335,0.8783,0.8412
14,unreached,multilingual,284,0.8837,0.8762
5,unreached,multilingual,97,0.896,0.8728
9,unreached,multilingual,97,0.8804,0.8399
12,unreached,multilingual,97,0.8924,0.8161
9,unreached,multilingual,337,0.9133,0.9259
10,unreached,multilingual,285,0.9288,0.8816
12,unreached,multilingual,101,0.9028,0.8622
4,unreached,multilingual,42,0.9474,0.9714
6,unreached,multilingual,339,0.943,0.9157
15,unreached,multilingual,339,0.9695,0.9119
6,unreached,multilingual,288,0.9111,0.8816
2,unreached,multilingual,102,0.8962,0.9406
7,unreached,multilingual,44,0.8832,0.855
8,unreached,multilingual,44,0.936,1.065
11,unreached,multilingual,342,0.9845,1.056
2,rejected,multilingual,290,0.9144,0.8831
6,unreached,multilingual,103,0.9125,0.9255
7,unreached,multilingual,46,0.8817,0.8585
14,unreached,multilingual,344,0.9187,0.8755
3,accepted,multilingual,292,0.8775,0.9108
13,unreached,multilingual,106,0.9037,0.849
1,accepted,multilingual,47,0.8978,0.8995
9,unreached,multilingual,354,0.9276,0.9254
11,unreached,multilingual,354,0.885,0.9413
6,unreached,multilingual,115,0.9381,1.052
7,unreached,multilingual,115,0.9149,0.8834
8,unreached,multilingual,109,0.9074,0.8571
3,unreached,multilingual,117,0.907,0.8625
4,unreached,multilingual,117,0.8865,0.8555
8,unreached,multilingual,367,0.8871,0.8021
11,unreached,multilingual,308,0.9241,0.8695
1,accepted,multilingual,118,0.8743,0.9003
14,unreached,multilingual,118,0.8855,0.8375
11,unreached,multilingual,369,0.9121,0.8403
8,unreached,multilingual,310,0.9152,0.9033
6,unreached,multilingual,60,0.8868,0.8545
1,accepted,multilingual,370,0.8857,0.9126
14,unreached,multilingual,370,0.9262,0.8649
2,accepted,multilingual,312,0.9277,0.9266
4,unreached,multilingual,312,0.9071,0.8818
13,unreached,multilingual,114,0.9167,0.9292
14,unreached,multilingual,114,0.9172,0.9374
4,unreached,multilingual,62,0.8894,0.8587
5,unreached,multilingual,372,0.9059,0.9506
2,accepted,multilingual,63,0.9109,0.9091
6,unreached,multilingual,317,0.9133,1.017
14,unreached,multilingual,317,0.9219,0.8467
4,unreached,multilingual,66,0.8691,0.8311
15,unreached,multilingual,66,0.8815,0.7928
10,unreached,multilingual,378,0.9083,0.8149
7,unreached,multilingual,318,0.9409,0.907
15,unreached,multilingual,318,0.9225,0.9212
7,unreached,multilingual,133,0.8779,0.8282
9,unreached,multilingual,133,0.8897,0.8412
10,unreached,multilingual,133,0.8878,0.839
12,unreached,multilingual,133,0.8858,0.8373
3,unreached,multilingual,379,0.9313,0.9434
10,unreached,multilingual,322,0.935,1.001
4,unreached,multilingual,135,0.9258,0.9201
14,unreached,multilingual,68,0.8964,0.8897
2,accepted,multilingual,136,0.8979,0.9849
13,unreached,multilingual,136,0.9027,0.88
2,unreached,multilingual,136,0.8724,0.8808
6,unreached,multilingual,136,0.9007,0.8471
4,unreached,multilingual,140,0.906,0.8922
10,unreached,multilingual,137,0.8753,0.801
14,unreached,multilingual,334,0.8868,0.8129
6,unreached,multilingual,138,0.9618,1.02
9,unreached,multilingual,138,0.8956,0.8119
3,unreached,multilingual,73,0.9253,0.8851
2,rejected,multilingual,337,0.8714,0.9496
9,unreached,multilingual,143,0.8914,0.8469
14,unreached,multilingual,143,0.9067,0.8768
13,unreached,multilingual,140,0.8839,0.8328
13,unreached,multilingual,75,0.894,0.7978
1,rejected,multilingual,390,0.9254,0.9644
2,rejected,multilingual,144,0.8801,0.878
7,unreached,multilingual,141,0.9203,0.8752
9,unreached,multilingual,141,0.9232,0.8503
13,unreached,multilingual,141,0.8827,0.8242
5,unreached,multilingual,77,0.9073,0.8418
15,unreached,multilingual,77,0.8816,0.8267
13,unreached,multilingual,341,0.8755,0.8118
2,unreached,multilingual,146,0.8751,0.9039
4,unreached,multilingual,143,0.867,0.8352
13,unreached,multilingual,78,0.89,0.8378
8,unreached,multilingual,393,0.9461,0.8342
12,unreached,multilingual,393,0.925,0.8436
13,unreached,multilingual,393,0.9137,0.8089
9,unreached,multilingual,347,0.8919,0.8371
6,unreached,multilingual,147,0.9017,0.8898
14,unreached,multilingual,80,0.9005,0.8421
14,unreached,multilingual,148,0.9288,0.879
12,unreached,multilingual,147,0.8924,0.825
12,unreached,multilingual,83,0.8731,0.8144
13,unreached,multilingual,396,0.9066,0.8491
2,unreached,multilingual,148,0.8701,0.8354
3,rejected,multilingual,152,0.9914,1.024
4,unreached,multilingual,85,0.9261,0.9214
3,unreached,multilingual,399,0.8852,0.936
10,unreached,multilingual,399,0.9217,0.8222
12,unreached,multilingual,355,1.024,0.9309
8,unreached,multilingual,155,0.8995,0.855
10,unreached,multilingual,155,0.9064,0.8568
13,unreached,multilingual,150,0.9063,0.8538
11,unreached,multilingual,86,0.9182,0.8956
8,unreached,multilingual,400,0.8826,0.8092
6,unreached,multilingual,357,0.8911,0.8782
3,unreached,multilingual,88,0.9579,0.9506
7,unreached,multilingual,88,0.8662,0.8025
14,unreached,multilingual,402,0.9044,0.8259
7,unreached,multilingual,360,0.9644,0.896
12,unreached,multilingual,90,0.9017,0.8644
2,accepted,multilingual,403,0.8913,0.8068
8,unreached,multilingual,163,0.9243,0.8821
12,unreached,multilingual,163,0.9459,0.9219
14,unreached,multilingual,163,0.9365,0.9254
9,unreached,multilingual,155,0.8764,0.8229
5,unreached,multilingual,410,0.9103,0.934
14,unreached,multilingual,165,0.9319,0.9235
12,unreached,multilingual,158,0.8998,0.8451
4,unreached,multilingual,159,0.8917,0.8437
3,unreached,multilingual,47,0.9686,0.8868
1,accepted,multilingual,416,0.8692,0.8282
7,unreached,multilingual,160,0.9005,0.8574
13,unreached,multilingual,160,0.9189,0.8652
5,unreached,multilingual,172,0.9683,0.994
1,rejected,multilingual,161,0.9113,0.8741
6,unreached,multilingual,161,0.894,0.8419
14,unreached,multilingual,161,0.9087,0.8423
7,unreached,multilingual,101,0.8926,0.8735
8,unreached,multilingual,101,0.8848,0.8547
1,accepted,multilingual,102,0.85,0.799
8,unreached,multilingual,74,0.9025,0.8561
13,unreached,multilingual,74,0.9439,0.8971
4,unreached,multilingual,56,0.9312,0.9032
5,unreached,multilingual,174,0.9469,0.977
13,unreached,multilingual,165,0.8898,0.8159
15,unreached,multilingual,165,0.8825,0.7963
8,rejected,multilingual,78,0.9223,0.8417
4,unreached,multilingual,58,0.932,0.9308
2,unreached,multilingual,166,0.9368,0.9701
11,unreached,multilingual,166,0.908,0.8389
6,unreached,multilingual,106,0.8817,0.8482
9,unreached,multilingual,106,0.8869,0.8429
7,unreached,multilingual,86,0.8815,0.7568
1,accepted,multilingual,59,0.8487,0.8304
10,unreached,multilingual,59,0.8946,0.873
11,unreached,multilingual,183,0.9008,0.8853
7,unreached,multilingual,108,0.8892,0.8442
7,unreached,multilingual,89,0.8987,0.7812
8,unreached,multilingual,168,0.9121,0.859
6,unreached,multilingual,92,0.8972,0.816
9,unreached,multilingual,67,0.9413,0.9843
11,unreached,multilingual,190,0.8947,0.8767
5,unreached,multilingual,170,0.9508,0.9847
8,unreached,multilingual,170,0.9407,0.9257
10,unreached,multilingual,170,0.9182,0.8802
14,unreached,multilingual,170,0.8877,0.8274
1,accepted,multilingual,94,0.8752,0.7837
9,unreached,multilingual,94,0.9444,0.8322
14,unreached,multilingual,77,0.8923,0.8376
13,unreached,multilingual,113,0.916,0.9519
1,accepted,multilingual,99,0.8341,0.7448
4,accepted,multilingual,99,0.9123,0.8533
15,unreached,multilingual,99,0.9243,0.8821
6,accepted,multilingual,105,0.9753,0.9304
2,rejected,multilingual,82,0.852,0.9246
2,rejected,multilingual,176,0.8915,0.8678
12,unreached,multilingual,116,0.9303,0.963
15,unreached,multilingual,116,0.9129,0.8193
7,unreached,multilingual,115,0.9601,0.8525
7,unreached,multilingual,195,0.8791,0.8303
9,unreached,multilingual,195,0.905,0.8625
14,unreached,multilingual,195,0.8814,0.8197
14,unreached,multilingual,178,0.8898,0.8275
13,unreached,multilingual,120,0.9258,0.8348
15,unreached,multilingual,196,0.8876,0.8398
8,unreached,multilingual,128,0.9119,0.8355
3,unreached,multilingual,202,0.9514,0.9537
15,unreached,multilingual,202,0.8782,0.8027
12,unreached,multilingual,135,0.9362,0.8526
11,unreached,multilingual,188,0.8808,0.8152
7,unreached,multilingual,127,0.9104,0.893
2,rejected,multilingual,140,0.8759,0.8125
4,unreached,multilingual,140,0.9733,0.8977
11,unreached,multilingual,204,0.8637,0.7941
13,unreached,multilingual,128,0.9176,0.9213
4,unreached,multilingual,94,0.9245,0.8896
3,unreached,multilingual,206,0.8983,0.8537
3,unreached,multilingual,191,0.9129,0.8744
13,unreached,multilingual,191,0.8869,0.8361
14,unreached,multilingual,191,0.9037,0.8605
7,unreached,multilingual,95,0.9286,0.9402
6,unreached,multilingual,193,0.9243,0.9027
12,unreached,multilingual,193,0.9197,0.8746
13,unreached,multilingual,98,0.9278,0.8874
14,unreached,multilingual,98,0.8782,0.8195
12,unreached,multilingual,194,0.8919,0.8184
15,unreached,multilingual,194,0.8958,0.837
9,unreached,multilingual,100,0.9105,0.8669
12,unreached,multilingual,100,0.9013,0.8593
1,rejected,multilingual,195,0.903,0.864
3,unreached,multilingual,195,0.9286,0.9407
4,unreached,multilingual,195,0.8695,0.8272
7,unreached,multilingual,195,0.8953,0.8477
1,rejected,multilingual,213,0.9065,0.8764
5,unreached,multilingual,213,0.8753,0.8312
15,unreached,multilingual,213,0.8945,0.8599
9,unreached,multilingual,138,0.9446,0.8509
14,unreached,multilingual,138,0.9191,0.8516
5,unreached,multilingual,197,0.9222,0.8946
4,unreached,multilingual,139,0.893,0.9178
7,unreached,multilingual,180,0.9215,0.7684
13,unreached,multilingual,104,0.8861,0.8427
2,rejected,multilingual,140,0.9231,0.9102
6,unreached,multilingual,183,0.937,0.8289
9,unreached,multilingual,109,0.9183,0.894
9,unreached,multilingual,200,0.9012,0.8795
15,unreached,multilingual,110,0.9387,0.9207
14,unreached,multilingual,202,0.9125,0.8421
15,unreached,multilingual,202,0.8911,0.8306
14,accepted,multilingual,185,0.9474,0.9356
12,unreached,multilingual,112,0.8806,0.8205
7,unreached,multilingual,204,0.8963,0.8475
9,unreached,multilingual,204,0.8996,0.859
4,unreached,multilingual,201,0.9557,0.8999
4,unreached,multilingual,206,0.9092,0.8709
7,unreached,multilingual,206,0.9006,0.8737
14,unreached,multilingual,206,0.8876,0.8281
9,unreached,multilingual,122,0.9578,1.03
8,unreached,multilingual,207,0.956,0.8813
15,unreached,multilingual,207,0.9666,0.9273
12,unreached,multilingual,127,0.9305,0.8887
7,unreached,multilingual,226,0.9413,0.8954
14,unreached,multilingual,226,0.9023,0.8741
2,accepted,multilingual,208,0.9096,0.8691
7,unreached,multilingual,208,0.8895,0.8134
7,unreached,multilingual,160,0.9004,0.8495
12,unreached,multilingual,130,0.8955,0.8111
1,accepted,multilingual,211,0.9143,0.9013
2,accepted,multilingual,161,0.9063,0.8619
13,unreached,multilingual,212,0.9265,0.8008
10,unreached,multilingual,131,0.905,0.8578
13,unreached,multilingual,213,0.8905,0.8139
3,unreached,multilingual,164,0.9083,0.843
1,rejected,multilingual,232,0.8841,0.8731
2,rejected,multilingual,165,0.8476,0.9077
4,unreached,multilingual,165,0.8663,0.8676
7,unreached,multilingual,233,0.8941,0.8425
9,unreached,multilingual,233,0.8712,0.8199
12,unreached,multilingual,233,0.8735,0.8091
4,unreached,multilingual,217,0.916,0.8754
14,unreached,multilingual,217,0.8875,0.8429
5,unreached,multilingual,141,0.9188,0.8626
11,unreached,multilingual,141,0.8587,0.7958
6,unreached,multilingual,219,0.9732,0.9694
11,unreached,multilingual,242,0.938,0.8577
9,unreached,multilingual,175,0.9366,0.9631
2,accepted,multilingual,246,0.9063,0.8156
7,unreached,multilingual,246,0.9756,0.9012
8,unreached,multilingual,246,0.9613,0.8633
2,unreached,multilingual,144,0.8726,0.8162
9,unreached,multilingual,238,0.8614,0.8088
10,unreached,multilingual,238,0.8619,0.8193
1,accepted,multilingual,221,0.8716,0.8562
2,unreached,multilingual,183,0.9052,0.8337
11,unreached,multilingual,250,0.932,0.9004
11,unreached,multilingual,145,0.9053,0.8631
15,unreached,multilingual,239,0.8865,0.8393
7,unreached,multilingual,230,0.9236,0.9239
3,unreached,multilingual,147,0.873,0.8416
8,unreached,multilingual,147,0.8986,0.8557
2,accepted,multilingual,186,0.912,0.9661
12,unreached,multilingual,186,0.9058,0.8564
11,unreached,multilingual,149,0.93,0.9199
3,accepted,multilingual,272,0.9471,0.9932
7,unreached,multilingual,272,0.9539,1.017
7,unreached,multilingual,155,0.8977,0.8711
6,unreached,multilingual,242,0.8694,0.8229
7,unreached,multilingual,242,0.8864,0.8357
6,unreached,multilingual,234,0.9621,1.067
13,unreached,multilingual,234,0.8954,0.8185
15,unreached,multilingual,194,0.9111,0.851
1,accepted,multilingual,276,0.8503,0.7462
3,accepted,multilingual,276,0.9531,0.9085
14,unreached,multilingual,276,0.9568,0.9972
2,accepted,multilingual,158,0.8726,0.8317
7,unreached,multilingual,158,0.9133,0.9116
7,unreached,multilingual,244,0.895,0.8434
15,unreached,multilingual,244,0.8973,0.8579
2,accepted,multilingual,236,0.9524,0.9386
9,unreached,multilingual,286,0.9875,1.043
5,unreached,multilingual,162,0.8984,0.8814
13,unreached,multilingual,162,0.8882,0.8192
14,unreached,multilingual,162,0.8941,0.8103
5,unreached,multilingual,245,0.9329,0.9466
10,unreached,multilingual,199,0.8943,0.9657
1,accepted,multilingual,163,0.8631,0.8254
4,unreached,multilingual,247,0.9449,0.9133
11,unreached,multilingual,247,0.9003,0.8513
6,unreached,multilingual,202,0.9125,0.8811
14,unreached,multilingual,202,0.9153,0.8751
14,unreached,multilingual,290,0.9068,0.8106
4,unreached,multilingual,248,0.9479,0.9164
7,unreached,multilingual,243,0.9252,0.9095
13,unreached,multilingual,205,0.9109,0.8902
5,unreached,multilingual,293,0.9406,0.9729
5,unreached,multilingual,177,0.8802,0.8944
9,unreached,multilingual,177,0.9218,0.8769
15,unreached,multilingual,250,0.897,0.8424
5,unreached,multilingual,247,0.9123,0.9165
13,unreached,multilingual,247,0.8947,0.8286
2,accepted,multilingual,294,0.8701,0.8164
4,accepted,multilingual,294,0.9699,0.9356
12,unreached,multilingual,294,0.9572,0.8694
1,accepted,multilingual,178,0.878,0.8318
4,accepted,multilingual,251,0.932,0.9211
6,unreached,multilingual,250,0.8901,0.8372
11,unreached,multilingual,210,0.9414,0.8207
1,accepted,multilingual,303,0.9208,0.8842
4,rejected,multilingual,303,0.8585,0.7841
7,unreached,multilingual,213,0.9662,0.9607
10,unreached,multilingual,262,0.8838,0.8909
5,unreached,multilingual,256,0.8848,0.8479
6,unreached,multilingual,256,0.8764,0.835
13,unreached,multilingual,256,0.9424,0.9529
5,rejected,multilingual,216,0.8289,0.8143
2,accepted,multilingual,309,0.9791,0.9872
1,accepted,multilingual,190,0.8958,0.8757
9,unreached,multilingual,264,0.9179,0.944
13,unreached,multilingual,264,0.8812,0.8503
14,unreached,multilingual,221,0.9464,0.8728
1,accepted,multilingual,317,0.9006,0.8654
4,unreached,multilingual,265,0.8819,0.8338
5,unreached,multilingual,265,0.8915,0.8455
11,unreached,multilingual,226,0.8978,0.8405
4,unreached,multilingual,262,0.8858,0.8402
5,unreached,multilingual,262,0.8893,0.946
9,unreached,multilingual,323,0.9346,0.958
13,unreached,multilingual,323,0.8983,1.026
4,unreached,multilingual,195,0.9203,0.8701
5,unreached,multilingual,195,0.9378,0.8969
13,unreached,multilingual,269,0.9085,0.8915
8,unreached,multilingual,263,0.9175,0.8812
10,unreached,multilingual,263,0.8982,0.8406
7,unreached,multilingual,243,0.9171,0.9271
10,unreached,multilingual,326,0.8833,0.9713
11,unreached,multilingual,326,0.9392,1.002
8,unreached,multilingual,273,0.9567,1.047
15,unreached,multilingual,273,0.9182,0.8331
6,unreached,multilingual,265,0.9285,0.8878
2,accepted,multilingual,244,0.9142,0.9879
3,accepted,multilingual,244,0.9051,0.9079
12,unreached,multilingual,331,0.8589,0.8442
2,rejected,multilingual,199,0.8786,0.8533
9,unreached,multilingual,274,0.8844,0.8336
2,accepted,multilingual,266,0.9038,0.9778
12,unreached,multilingual,275,0.9066,0.8893
1,accepted,multilingual,269,0.8926,0.8837
9,unreached,multilingual,254,0.9244,0.8493
1,accepted,multilingual,342,0.9535,0.934
6,unreached,multilingual,342,0.8592,0.8424
1,rejected,multilingual,203,0.9421,0.9385
5,unreached,multilingual,255,0.912,0.8798
5,unreached,multilingual,204,0.9064,0.865
14,unreached,multilingual,277,0.9031,0.8415
8,unreached,multilingual,273,0.8753,0.8313
9,unreached,multilingual,346,0.8783,0.8236
4,unreached,multilingual,206,0.8872,0.8375
1,accepted,multilingual,284,0.8943,0.872
3,unreached,multilingual,284,0.8873,0.8569
14,unreached,multilingual,263,0.9344,0.8688
9,unreached,multilingual,348,0.9016,0.8578
2,unreached,multilingual,286,0.905,0.8842
7,unreached,multilingual,286,0.9043,0.8733
12,unreached,multilingual,286,0.9091,0.8809
8,unreached,multilingual,276,0.878,0.8336
10,unreached,multilingual,350,0.894,0.8282
10,accepted,multilingual,211,0.9099,0.9958
1,accepted,multilingual,277,0.9164,0.9509
9,unreached,multilingual,266,0.9324,1.023
4,unreached,multilingual,356,0.928,0.9208
5,unreached,multilingual,222,0.8834,0.8342
11,unreached,multilingual,222,0.8827,0.8298
8,unreached,multilingual,279,0.8846,0.83
10,unreached,multilingual,267,0.9456,0.8986
13,unreached,multilingual,267,0.9379,0.8555
5,unreached,multilingual,359,0.8901,0.8353
7,unreached,multilingual,224,0.9048,0.8715
12,unreached,multilingual,281,0.89,0.8112
14,unreached,multilingual,281,0.8859,0.8138
1,accepted,multilingual,360,0.8315,0.7988
8,unreached,multilingual,290,0.879,0.863
15,unreached,multilingual,290,0.8888,0.8612
14,unreached,multilingual,283,0.928,0.9146
9,unreached,multilingual,273,0.9192,0.8125
1,rejected,multilingual,231,0.8992,0.8788
9,unreached,multilingual,231,0.8786,0.8995
6,unreached,multilingual,286,0.9495,0.9467
14,unreached,multilingual,286,0.9455,0.8398
14,unreached,multilingual,299,0.877,0.818
6,unreached,multilingual,289,0.9229,0.8613
1,rejected,multilingual,290,0.8661,0.8282
6,unreached,multilingual,290,0.9488,1
12,unreached,multilingual,290,0.9296,0.9351
7,unreached,multilingual,297,0.911,0.9098
10,unreached,multilingual,297,0.9711,1.168
5,unreached,multilingual,242,0.8571,0.8017
10,unreached,multilingual,300,0.9102,0.8808
7,unreached,multilingual,374,0.9603,0.9642
11,unreached,multilingual,374,0.9271,0.8532
14,unreached,multilingual,374,0.9396,0.8424
2,unreached,multilingual,243,0.9185,0.8854
15,unreached,multilingual,304,0.8907,0.8634
5,unreached,multilingual,292,0.944,0.9873
7,unreached,multilingual,244,0.9012,0.9123
1,accepted,multilingual,306,0.9233,0.9281
2,accepted,multilingual,308,0.9181,0.94
14,accepted,multilingual,308,0.9419,0.9522
13,unreached,multilingual,376,0.9306,0.8752
15,unreached,multilingual,376,0.9221,0.8414
12,unreached,multilingual,308,0.8766,0.8098
2,rejected,multilingual,295,0.8835,0.8231
5,unreached,multilingual,295,0.9605,1.015
7,accepted,multilingual,324,0.9349,0.9144
6,unreached,multilingual,252,0.8664,0.8428
9,unreached,multilingual,297,0.9517,0.9361
7,accepted,multilingual,340,0.9451,0.9649
6,unreached,multilingual,303,0.961,0.9447
8,unreached,multilingual,303,0.8673,0.7894
10,unreached,multilingual,303,0.8725,0.7909
11,accepted,multilingual,351,0.9128,0.9094
15,unreached,multilingual,393,0.905,0.8036
8,unreached,multilingual,311,0.9039,0.8801
5,accepted,multilingual,367,0.9423,0.9861
11,unreached,multilingual,395,0.9162,0.8186
12,unreached,multilingual,255,0.8828,0.8031
14,unreached,multilingual,312,0.8895,0.8361
10,unreached,multilingual,379,0.9514,0.9283
15,unreached,multilingual,379,0.9228,0.8233
1,accepted,multilingual,316,0.916,0.8912
12,unreached,multilingual,316,0.904,0.8796
13,unreached,multilingual,316,0.9006,0.8847
14,unreached,multilingual,316,0.9024,0.8882
1,accepted,multilingual,310,0.8521,0.8269
3,unreached,multilingual,310,0.9271,1.035
10,unreached,multilingual,319,0.9025,0.8628
10,accepted,multilingual,385,0.9008,0.9446
1,accepted,multilingual,405,0.8852,0.9047
14,unreached,multilingual,405,0.9045,0.8636
15,unreached,multilingual,405,0.9039,0.8587
11,unreached,multilingual,320,0.8983,0.8703
1,accepted,multilingual,313,0.8714,0.8489
5,accepted,multilingual,401,0.8981,0.9499
4,rejected,multilingual,408,0.8562,0.8207
4,unreached,multilingual,265,0.9453,0.9149
2,unreached,multilingual,315,0.8961,0.8723
11,unreached,multilingual,315,0.87,0.7829
15,unreached,multilingual,408,0.9352,0.8836
4,unreached,multilingual,325,0.8634,0.8681
12,unreached,multilingual,269,0.9269,0.8545
15,unreached,multilingual,416,0.9554,0.8639
14,unreached,multilingual,34,0.8943,0.7443
7,unreached,multilingual,328,0.8682,0.8152
8,unreached,multilingual,418,0.8877,0.8294
5,unreached,multilingual,280,0.9973,1.032
3,rejected,multilingual,35,0.8796,0.8111
2,unreached,multilingual,330,0.9821,0.9806
2,rejected,multilingual,322,0.8918,0.8669
15,unreached,multilingual,322,0.894,0.8135
4,accepted,multilingual,331,0.8695,0.8523
12,unreached,multilingual,324,0.8955,0.823
15,unreached,multilingual,286,0.9377,0.9774
12,unreached,multilingual,39,0.9032,0.736
6,unreached,multilingual,336,0.9016,0.8539
10,unreached,multilingual,326,0.8786,0.8146
8,unreached,multilingual,294,0.9242,1.021
13,unreached,multilingual,36,0.8698,0.7948
15,unreached,multilingual,36,0.874,0.8094
7,unreached,multilingual,295,0.9555,1.007
12,unreached,multilingual,295,0.9398,0.9421
14,unreached,multilingual,295,0.9543,1.012
8,unreached,multilingual,44,0.903,0.7419
13,unreached,multilingual,330,0.9023,0.8221
2,accepted,multilingual,296,0.8788,0.8296
1,rejected,multilingual,342,0.9175,0.94
12,unreached,multilingual,342,0.8987,0.8449
6,unreached,multilingual,333,0.8839,0.7981
13,accepted,multilingual,312,0.9222,0.9164
5,unreached,multilingual,46,0.9424,0.838
11,unreached,multilingual,343,0.881,0.821
1,rejected,multilingual,334,0.8683,0.8097
11,unreached,multilingual,49,0.9422,0.7822
2,accepted,multilingual,42,0.8661,0.8077
1,accepted,multilingual,344,0.8689,0.835
1,accepted,multilingual,335,0.8777,0.8408
5,unreached,multilingual,335,0.9677,0.934
13,unreached,multilingual,335,0.9176,0.8766
4,accepted,multilingual,331,0.9028,0.9144
10,accepted,multilingual,331,0.9245,1.004
14,unreached,multilingual,51,0.9483,0.7964
11,unreached,multilingual,46,0.883,0.8246
2,accepted,multilingual,347,0.9001,0.9681
13,unreached,multilingual,339,0.9028,0.844
9,accepted,multilingual,50,0.8862,0.8679
3,unreached,multilingual,340,0.9309,0.8732
10,accepted,multilingual,356,0.9373,1.027
5,unreached,multilingual,60,0.9213,0.8106
13,unreached,multilingual,66,0.8867,0.8334
6,unreached,multilingual,351,0.962,0.8477
11,unreached,multilingual,341,0.9176,0.8765
14,unreached,multilingual,341,0.908,0.8424
6,unreached,multilingual,369,0.9066,0.9734
9,unreached,multilingual,63,0.9283,0.7522
10,unreached,multilingual,70,0.8873,0.8402
12,unreached,multilingual,70,0.8808,0.8319
14,unreached,multilingual,70,0.8909,0.8389
5,unreached,multilingual,353,0.9493,0.9571
7,unreached,multilingual,353,0.9544,0.9704
8,unreached,multilingual,353,0.9246,0.8974
3,unreached,multilingual,342,0.9065,0.8327
3,accepted,multilingual,371,0.9395,1.012
5,rejected,multilingual,371,0.8643,0.8899
15,unreached,multilingual,371,0.9475,1.016
14,unreached,multilingual,344,0.9087,0.8684
3,accepted,multilingual,376,0.8991,0.8927
8,unreached,multilingual,66,0.9231,0.8201
2,unreached,multilingual,76,0.9105,0.8805
13,unreached,multilingual,76,0.8634,0.805
4,unreached,multilingual,360,0.9366,1.005
4,rejected,multilingual,77,0.8985,0.8628
14,unreached,multilingual,362,0.8968,0.8369
6,unreached,multilingual,348,0.9252,0.9556
6,rejected,multilingual,389,0.9109,0.9083
13,unreached,multilingual,77,0.9176,0.7942
5,unreached,multilingual,81,0.8608,0.8077
15,unreached,multilingual,81,0.8752,0.8383
7,unreached,multilingual,349,0.8958,0.9667
10,unreached,multilingual,349,0.9154,0.8712
8,unreached,multilingual,81,0.9298,0.882
15,unreached,multilingual,81,0.9114,0.7904
7,unreached,multilingual,83,0.8538,0.7808
1,rejected,multilingual,398,0.882,0.8511
2,unreached,multilingual,398,0.9487,0.9293
6,unreached,multilingual,398,0.9204,0.8691
10,unreached,multilingual,398,0.9334,0.919
2,unreached,multilingual,85,0.8874,0.8233
5,unreached,multilingual,85,0.8751,0.804
10,unreached,multilingual,85,0.909,0.9109
1,rejected,multilingual,367,0.9402,0.9539
9,unreached,multilingual,399,0.8862,0.9375
11,unreached,multilingual,399,0.9441,0.9202
3,accepted,multilingual,368,0.9313,0.953
4,accepted,multilingual,356,0.9358,0.9765
10,unreached,multilingual,407,0.9398,0.9103
3,rejected,multilingual,91,0.8613,0.8081
4,unreached,multilingual,91,0.9068,0.8721
7,unreached,multilingual,374,0.8807,0.8304
6,unreached,multilingual,364,0.8911,0.8439
15,unreached,multilingual,364,0.8786,0.8207
11,unreached,multilingual,414,0.9043,0.8852
7,unreached,multilingual,99,0.893,0.7804
2,unreached,multilingual,376,0.9,0.8807
5,accepted,multilingual,423,0.9132,0.9575
9,unreached,multilingual,423,0.9819,0.9479
3,rejected,multilingual,104,0.8759,0.8298
7,unreached,multilingual,104,0.9269,0.8522
13,unreached,multilingual,104,0.9477,0.8299
12,unreached,multilingual,431,0.9595,1.015
15,unreached,multilingual,431,0.9316,0.9501
14,unreached,multilingual,107,0.9114,0.7451
7,unreached,multilingual,98,0.9286,0.8705
11,unreached,multilingual,98,0.9303,0.8635
2,rejected,multilingual,378,0.936,0.9769
8,unreached,multilingual,378,0.8902,0.9595
6,unreached,multilingual,100,0.95,0.8799
9,unreached,multilingual,100,0.8766,0.8028
9,unreached,multilingual,380,0.9242,0.9314
6,unreached,multilingual,371,0.9142,0.8608
8,unreached,multilingual,371,0.8807,0.8167
11,unreached,multilingual,371,0.8825,0.8255
13,unreached,multilingual,37,0.8931,0.8862
1,accepted,multilingual,387,0.9409,0.9441
4,unreached,multilingual,387,0.8823,0.8612
9,unreached,multilingual,372,0.8871,0.8354
1,rejected,multilingual,41,0.8497,0.8111
2,unreached,multilingual,41,0.9131,0.8679
6,unreached,multilingual,116,0.9051,0.8236
12,unreached,multilingual,116,0.9227,0.7965
14,unreached,multilingual,108,0.9132,0.8681
15,unreached,multilingual,108,0.9086,0.8282
5,unreached,multilingual,42,0.9232,0.9515
9,unreached,multilingual,42,0.8761,0.8309
11,unreached,multilingual,378,0.8896,0.8459
1,rejected,multilingual,118,0.8523,0.7918
15,unreached,multilingual,118,0.9328,0.8094
1,rejected,multilingual,109,0.8422,0.7911
7,unreached,multilingual,109,0.8745,0.827
8,unreached,multilingual,109,0.8837,0.8229
11,unreached,multilingual,109,0.9241,0.8812
5,unreached,multilingual,395,0.9056,0.8677
6,unreached,multilingual,110,0.8766,0.8031
7,accepted,multilingual,54,0.8796,0.8552
9,accepted,multilingual,54,0.881,0.8976
2,accepted,multilingual,396,0.9066,0.9084
3,rejected,multilingual,396,0.8913,0.862
11,unreached,multilingual,396,0.8819,0.8301
8,unreached,multilingual,383,0.8921,0.8474
9,unreached,multilingual,383,0.893,0.848
15,unreached,multilingual,113,0.932,0.8354
6,unreached,multilingual,64,0.8947,0.8772
2,accepted,multilingual,399,0.9122,0.9021
14,unreached,multilingual,385,0.8912,0.8452
2,accepted,multilingual,125,0.8913,0.8081
5,unreached,multilingual,117,0.9366,0.9162
4,unreached,multilingual,70,0.9165,0.8997
8,unreached,multilingual,70,0.908,0.8361
15,unreached,multilingual,70,0.8973,0.8526
1,rejected,multilingual,404,0.8746,0.8444
9,unreached,multilingual,404,0.8687,0.8007
15,unreached,multilingual,404,0.8862,0.8225
11,unreached,multilingual,388,0.8785,0.8331
1,accepted,multilingual,130,0.9543,0.9245
6,unreached,multilingual,130,0.8598,0.7579
7,unreached,multilingual,118,0.9365,0.9214
14,unreached,multilingual,72,0.9359,0.9176
14,unreached,multilingual,405,0.894,0.832
2,accepted,multilingual,121,0.8622,0.861
7,unreached,multilingual,121,0.9055,0.8361
15,unreached,multilingual,74,0.8992,0.8656
5,rejected,multilingual,124,0.9213,0.9367
13,unreached,multilingual,124,0.8861,0.7829
15,unreached,multilingual,75,0.9322,0.9065
2,rejected,multilingual,409,0.8727,0.8216
4,unreached,multilingual,409,0.9268,0.8887
14,unreached,multilingual,393,0.9051,0.8696
3,unreached,multilingual,139,0.9161,0.8595
14,unreached,multilingual,129,0.8822,0.8391
5,unreached,multilingual,78,0.952,0.9095
6,unreached,multilingual,411,0.9001,0.8854
11,unreached,multilingual,394,0.9019,0.8569
12,unreached,multilingual,394,0.9051,0.8686
5,unreached,multilingual,133,0.8725,0.8338
10,unreached,multilingual,133,0.8748,0.7909
3,accepted,multilingual,134,0.8675,0.8214
6,unreached,multilingual,80,0.9219,0.9119
4,rejected,multilingual,143,0.8973,0.8241
7,unreached,multilingual,138,0.8946,0.8597
15,unreached,multilingual,138,0.9424,0.8788
9,unreached,multilingual,82,0.9394,0.9257
6,unreached,multilingual,416,0.934,0.9363
8,unreached,multilingual,397,0.9266,0.8712
9,unreached,multilingual,397,0.9053,0.8444
6,unreached,multilingual,147,0.9288,0.7774
4,unreached,multilingual,139,0.9351,0.8897
10,unreached,multilingual,84,0.8921,0.8053
13,unreached,multilingual,84,0.9003,0.839
1,accepted,multilingual,140,0.9431,0.9699
10,unreached,multilingual,401,0.8998,0.8683
12,unreached,multilingual,401,0.8876,0.8134
4,accepted,multilingual,422,0.9765,0.9282
9,unreached,multilingual,422,0.961,1.013
2,accepted,multilingual,402,0.922,0.8814
7,unreached,multilingual,89,0.8962,0.8156
14,unreached,multilingual,89,0.9188,0.8766
10,unreached,multilingual,405,0.9115,0.9028
7,unreached,multilingual,158,0.8956,0.7773
9,unreached,multilingual,90,0.926,0.8591
11,unreached,multilingual,90,0.9231,0.8601
5,unreached,multilingual,148,0.8659,0.806
14,unreached,multilingual,231,0.9525,0.7641
2,rejected,multilingual,162,0.896,0.851
13,unreached,multilingual,162,0.9045,0.8105
6,unreached,multilingual,150,0.8637,0.8014
12,unreached,multilingual,95,0.9383,0.8785
13,unreached,multilingual,95,0.9239,0.855
3,rejected,multilingual,415,0.8817,0.8335
6,unreached,multilingual,415,0.9183,0.8557
11,unreached,multilingual,415,0.8733,0.7858
13,unreached,multilingual,415,0.8839,0.8047
13,unreached,multilingual,164,0.9543,0.8922
4,unreached,multilingual,96,0.9333,0.9095
9,unreached,multilingual,418,0.8838,0.8687
2,accepted,multilingual,97,0.8804,0.8529
7,unreached,multilingual,97,0.9553,0.8908
13,unreached,multilingual,97,0.9153,0.8376
6,unreached,multilingual,168,0.8903,0.7838
15,unreached,multilingual,168,0.9685,0.9003
2,accepted,multilingual,155,0.8363,0.7902
2,rejected,multilingual,169,0.9204,0.8819
9,unreached,multilingual,158,0.9098,0.7875
11,unreached,multilingual,102,0.8662,0.791
4,unreached,multilingual,263,0.9488,0.8344
4,unreached,multilingual,427,0.8677,0.8343
9,unreached,multilingual,427,0.9334,0.8926
1,accepted,multilingual,171,0.8891,0.8158
3,unreached,multilingual,159,0.8629,0.8065
9,unreached,multilingual,159,0.9286,0.9237
14,unreached,multilingual,159,0.8846,0.8005
2,unreached,multilingual,107,0.9742,1.055
4,unreached,multilingual,107,0.886,0.8594
11,unreached,multilingual,107,0.8745,0.8336
1,accepted,multilingual,271,0.9002,0.986
7,unreached,multilingual,431,0.8854,0.8039
8,unreached,multilingual,275,0.9273,0.7966
15,unreached,multilingual,275,0.9151,0.7339
9,unreached,multilingual,432,0.9113,0.8504
2,rejected,multilingual,175,0.9627,0.9636
7,unreached,multilingual,170,0.8454,0.7705
9,unreached,multilingual,109,0.8818,0.8412
10,unreached,multilingual,433,0.9167,0.8586
1,accepted,multilingual,172,0.8615,0.7977
1,accepted,multilingual,114,0.9249,0.963
9,unreached,multilingual,114,0.8853,0.8364
11,unreached,multilingual,114,0.8784,0.8359
11,unreached,multilingual,435,0.8952,0.8418
3,unreached,multilingual,179,0.9168,0.8495
8,unreached,multilingual,179,0.9188,0.8269
11,unreached,multilingual,179,0.9257,0.8602
8,unreached,multilingual,118,0.8994,0.8429
2,unreached,multilingual,436,0.8851,0.8193
6,unreached,multilingual,181,0.8801,0.7717
14,unreached,multilingual,181,0.9561,0.8273
3,unreached,multilingual,176,0.9279,0.8527
12,unreached,multilingual,183,0.9506,0.8418
11,unreached,multilingual,186,0.9869,0.946
15,unreached,multilingual,293,0.9475,0.7813
7,rejected,multilingual,184,0.8847,0.8466
15,unreached,multilingual,124,0.8691,0.7962
14,unreached,multilingual,191,0.9179,0.8262
4,accepted,multilingual,444,0.9364,0.9042
6,accepted,multilingual,444,0.9394,0.9298
8,unreached,multilingual,192,0.8982,0.9446
3,accepted,multilingual,127,0.8916,0.9381
10,accepted,multilingual,304,0.9402,0.9306
12,accepted,multilingual,304,0.8633,0.8515
15,unreached,multilingual,304,0.9476,0.8188
10,unreached,multilingual,195,0.8668,0.839
9,unreached,multilingual,195,0.9344,0.9026
13,unreached,multilingual,195,0.9254,0.782
1,accepted,multilingual,200,0.9296,0.9367
9,unreached,multilingual,200,0.9417,0.8718
13,unreached,multilingual,200,0.9038,0.8217
12,unreached,multilingual,330,0.9079,0.7446
9,unreached,multilingual,456,0.9219,0.863
11,unreached,multilingual,456,0.9343,0.8771
10,unreached,multilingual,196,0.9379,0.9168
4,unreached,multilingual,457,0.8847,0.8508
13,unreached,multilingual,198,0.9756,0.8768
3,unreached,multilingual,458,0.8681,0.9227
1,accepted,multilingual,199,0.9045,0.8356
15,unreached,multilingual,199,0.9509,0.8021
14,unreached,multilingual,138,0.8906,0.8427
2,unreached,multilingual,206,0.8928,0.9753
1,accepted,multilingual,349,0.8715,0.7574
13,unreached,multilingual,202,0.9128,0.7756
6,unreached,multilingual,207,0.8962,0.879
14,unreached,multilingual,207,0.9135,0.8209
1,rejected,multilingual,144,0.8756,0.8935
4,unreached,multilingual,351,0.8882,0.8111
9,unreached,multilingual,351,0.9635,1.027
9,unreached,multilingual,203,0.8899,0.7245
6,unreached,multilingual,208,0.9098,0.8302
7,unreached,multilingual,208,0.9084,0.8209
8,unreached,multilingual,208,0.9101,0.8204
3,accepted,multilingual,352,0.8993,0.837
9,accepted,multilingual,352,0.8635,0.9347
7,unreached,multilingual,228,0.9567,0.8504
9,unreached,multilingual,228,0.937,0.8361
12,unreached,multilingual,228,0.9848,0.9279
3,accepted,multilingual,363,1.008,0.9708
10,unreached,multilingual,363,0.8796,0.7722
2,accepted,multilingual,230,0.931,0.8529
11,accepted,multilingual,230,0.9727,0.8992
9,unreached,multilingual,208,0.9036,0.8363
11,unreached,multilingual,215,0.9131,0.8761
11,unreached,multilingual,147,0.8838,0.8486
6,accepted,multilingual,371,0.929,0.9183
8,unreached,multilingual,211,0.8966,0.7782
11,unreached,multilingual,211,0.9304,0.8739
11,unreached,multilingual,219,0.9225,0.864
15,unreached,multilingual,149,0.8737,0.8162
3,unreached,multilingual,380,0.9174,0.8696
8,unreached,multilingual,380,0.9134,0.7843
10,unreached,multilingual,213,0.9335,0.8352
15,unreached,multilingual,151,0.8803,0.8366
15,unreached,multilingual,381,0.9761,0.951
7,unreached,multilingual,255,0.931,0.7701
6,unreached,multilingual,225,0.9377,0.9785
8,unreached,multilingual,257,0.9243,0.9395
14,unreached,multilingual,257,0.8961,0.7574
10,unreached,multilingual,218,0.9114,0.9353
13,unreached,multilingual,218,0.9414,0.912
11,unreached,multilingual,155,0.8739,0.8
14,unreached,multilingual,155,0.8612,0.7807
9,unreached,multilingual,404,0.9507,0.8863
2,unreached,multilingual,260,0.9099,0.9597
5,accepted,multilingual,261,0.9579,0.8559
11,unreached,multilingual,234,0.8914,0.7473
13,unreached,multilingual,231,0.8978,0.8411
4,accepted,multilingual,423,0.8392,0.7657
6,rejected,multilingual,423,0.8921,0.791
11,unreached,multilingual,423,0.9484,0.9114
10,unreached,multilingual,270,0.9511,0.9996
15,unreached,multilingual,270,0.9416,0.7835
2,accepted,multilingual,237,0.9239,0.8436
6,unreached,multilingual,236,0.9108,0.8799
11,unreached,multilingual,236,0.9014,0.8265
14,unreached,multilingual,236,0.8955,0.8184
9,accepted,multilingual,429,0.9739,0.9978
2,unreached,multilingual,276,0.9153,0.8133
8,unreached,multilingual,276,0.9852,0.9637
9,unreached,multilingual,276,0.9826,0.89
10,unreached,multilingual,160,0.8805,0.8086
6,accepted,multilingual,444,0.8614,0.8688
8,unreached,multilingual,245,0.8875,0.7634
8,unreached,multilingual,238,0.9105,0.8397
15,unreached,multilingual,282,0.9395,1.071
6,unreached,multilingual,249,0.9175,0.8755
1,rejected,multilingual,239,0.8665,0.8614
6,unreached,multilingual,253,1.012,0.8515
12,unreached,multilingual,240,0.9276,0.8862
14,unreached,multilingual,163,0.923,0.8795
5,unreached,multilingual,483,0.9883,0.978
7,accepted,multilingual,289,0.9534,0.9139
10,accepted,multilingual,289,0.9156,0.7814
7,unreached,multilingual,165,0.9073,0.9096
10,unreached,multilingual,484,0.9594,0.8518
7,accepted,multilingual,302,0.9419,0.9509
2,accepted,multilingual,243,0.8863,0.8565
12,unreached,multilingual,243,0.916,0.83
8,unreached,multilingual,168,0.9393,0.9065
14,unreached,multilingual,168,0.9458,0.9141
14,unreached,multilingual,490,0.9402,0.7976
1,accepted,multilingual,317,0.8671,0.8438
8,unreached,multilingual,246,0.9387,1.099
1,accepted,multilingual,170,0.8448,0.8223
9,unreached,multilingual,170,0.8974,0.8655
5,accepted,multilingual,491,0.9085,0.7852
7,accepted,multilingual,491,0.873,0.7515
3,rejected,multilingual,252,0.8847,0.8282
8,unreached,multilingual,252,0.8918,0.9045
1,accepted,multilingual,172,0.8517,0.8529
12,unreached,multilingual,324,0.963,0.9042
13,unreached,multilingual,324,0.9387,0.783
1,accepted,multilingual,174,0.9036,0.8698
12,accepted,multilingual,506,0.9162,0.8249
4,rejected,multilingual,177,0.8855,0.8863
5,accepted,multilingual,522,0.9481,1.041
7,unreached,multilingual,328,0.912,0.835
2,accepted,multilingual,181,0.894,0.8841
12,accepted,multilingual,538,0.912,0.8909
13,accepted,multilingual,538,0.8565,0.8595
1,accepted,multilingual,189,0.9208,0.9099
12,unreached,multilingual,554,0.9119,0.9718
14,unreached,multilingual,332,0.9458,0.9593
11,unreached,multilingual,193,0.916,0.8619
12,unreached,multilingual,193,0.9363,0.9168
1,accepted,multilingual,343,0.8723,0.7616
11,unreached,multilingual,271,0.8699,0.7994
8,unreached,multilingual,200,0.9648,0.9225
14,unreached,multilingual,200,0.9088,0.845
2,rejected,multilingual,571,0.8972,0.8219
4,unreached,multilingual,275,0.8989,0.8521
12,unreached,multilingual,210,0.9199,0.8566
4,accepted,multilingual,579,0.898,0.7993
14,unreached,multilingual,579,0.9483,1.046
8,unreached,multilingual,359,0.9198,0.7799
6,unreached,multilingual,363,0.8974,0.7967
1,accepted,multilingual,279,0.8568,0.8415
7,unreached,multilingual,279,0.8746,0.8345
15,unreached,multilingual,279,0.8565,0.792
12,unreached,multilingual,213,0.8894,0.8295
12,unreached,multilingual,177,0.9393,0.8631
7,unreached,multilingual,222,0.8808,0.8357
7,unreached,multilingual,284,0.8604,0.8101
11,unreached,multilingual,223,0.9319,0.8707
11,unreached,multilingual,179,0.9497,0.8674
12,unreached,multilingual,179,0.9423,0.8517
15,unreached,multilingual,225,0.9026,0.8141
2,accepted,multilingual,386,0.8453,0.7826
10,unreached,multilingual,180,0.9197,0.8357
11,unreached,multilingual,180,0.922,0.8371
8,unreached,multilingual,287,0.869,0.8283
12,unreached,multilingual,389,0.9465,0.8444
8,unreached,multilingual,227,0.8784,0.8195
13,unreached,multilingual,227,0.8925,0.7989
4,accepted,multilingual,606,0.9003,0.8275
7,accepted,multilingual,606,0.8998,0.8656
11,accepted,multilingual,606,0.9226,0.9408
13,unreached,multilingual,392,0.9165,0.726
2,accepted,multilingual,393,0.9293,0.854
7,rejected,multilingual,393,0.9319,0.8555
9,unreached,multilingual,393,0.9251,0.7954
7,unreached,multilingual,183,0.9269,0.8902
9,unreached,multilingual,110,0.9538,0.8846
13,unreached,multilingual,110,0.9509,0.753
6,unreached,multilingual,235,0.884,0.8072
6,unreached,multilingual,404,0.9455,0.8098
13,unreached,multilingual,404,0.9632,0.9746
14,unreached,multilingual,404,0.9633,0.9111
4,unreached,multilingual,185,0.9733,0.9285
7,unreached,multilingual,185,0.9328,0.8788
11,unreached,multilingual,316,0.9416,0.8916
14,unreached,multilingual,316,0.9448,0.8833
2,accepted,multilingual,405,0.9045,0.7937
9,unreached,multilingual,405,0.9575,0.9299
15,unreached,multilingual,405,0.9438,0.8234
12,unreached,multilingual,186,0.9428,0.8767
15,unreached,multilingual,186,0.936,0.8656
11,unreached,multilingual,127,0.9579,0.8403
11,unreached,multilingual,320,0.9109,0.8691
12,unreached,multilingual,320,0.918,0.858
5,unreached,multilingual,239,0.9723,0.8872
14,unreached,multilingual,239,0.9009,0.8687
6,unreached,multilingual,411,0.9545,0.9077
8,unreached,multilingual,411,0.9521,0.9993
6,unreached,multilingual,187,0.9627,0.9146
15,unreached,multilingual,187,0.9272,0.8494
3,unreached,multilingual,129,0.8875,0.8149
2,unreached,multilingual,188,0.9939,0.9691
13,unreached,multilingual,188,0.9476,0.8609
14,unreached,multilingual,130,0.9606,0.8787
12,unreached,multilingual,323,0.9084,0.8203
7,unreached,multilingual,415,0.982,1.024
4,unreached,multilingual,189,0.9589,0.8824
10,unreached,multilingual,189,0.9528,0.8808
14,unreached,multilingual,327,0.9546,0.9771
4,unreached,multilingual,244,0.9514,0.8958
7,unreached,multilingual,416,0.943,0.8458
11,unreached,multilingual,416,0.9914,0.9674
2,unreached,multilingual,133,0.8829,0.799
3,accepted,multilingual,245,0.9464,0.903
6,unreached,multilingual,245,0.9564,0.8354
7,unreached,multilingual,417,0.9526,0.9895
9,unreached,multilingual,417,0.9387,0.9108
3,unreached,multilingual,191,0.9596,0.9146
13,unreached,multilingual,134,0.9478,0.858
15,unreached,multilingual,348,0.8571,0.7781
4,unreached,multilingual,418,0.9687,0.9324
10,unreached,multilingual,356,0.8473,0.7511
1,rejected,multilingual,419,0.9356,0.9049
7,unreached,multilingual,359,0.8814,0.8149
3,unreached,multilingual,420,0.9557,0.894
8,unreached,multilingual,360,0.8672,0.8044
15,unreached,multilingual,421,0.9529,0.858
7,unreached,multilingual,195,0.9499,0.8773
9,unreached,multilingual,195,0.9269,0.8888
1,accepted,multilingual,146,0.8679,0.7414
4,unreached,multilingual,146,0.9569,1.069
5,unreached,multilingual,361,0.8659,0.8096
7,unreached,multilingual,361,0.8579,0.7965
9,unreached,multilingual,361,0.8619,0.8009
2,rejected,multilingual,273,0.8557,0.8023
11,unreached,multilingual,422,0.974,0.981
8,unreached,multilingual,196,0.9569,0.9162
12,unreached,multilingual,196,0.9119,0.8552
15,unreached,multilingual,196,0.9235,0.8508
15,unreached,multilingual,149,0.9313,0.8113
15,unreached,multilingual,363,0.8936,0.8448
9,unreached,multilingual,275,0.8601,0.8027
3,unreached,multilingual,425,0.9468,0.908
3,unreached,multilingual,277,0.8566,0.8092
8,unreached,multilingual,426,0.96,0.8909
13,unreached,multilingual,426,0.9381,0.7524
1,rejected,multilingual,198,1.004,1.008
3,unreached,multilingual,367,0.8865,0.7916
6,unreached,multilingual,367,0.9229,0.9321
7,unreached,multilingual,427,0.9392,0.8812
11,unreached,multilingual,280,0.9317,0.894
13,unreached,multilingual,280,0.9235,0.8275
15,unreached,multilingual,280,0.9238,0.844
4,unreached,multilingual,428,0.9386,0.9162
5,unreached,multilingual,428,0.9422,0.9165
1,accepted,multilingual,200,0.9551,0.963
12,unreached,multilingual,200,0.9762,0.9756
7,unreached,multilingual,371,0.9184,0.9248
7,unreached,multilingual,202,0.96,0.9067
1,accepted,multilingual,185,0.8575,0.7951
10,unreached,multilingual,372,0.9098,0.8786
2,rejected,multilingual,282,0.9128,0.8946
11,unreached,multilingual,430,0.9239,0.8984
6,unreached,multilingual,203,0.9541,0.9061
10,unreached,multilingual,203,0.9253,0.8535
8,unreached,multilingual,187,0.9389,0.8833
11,unreached,multilingual,187,0.9547,0.84
4,unreached,multilingual,373,0.9437,0.9916
6,unreached,multilingual,373,0.9361,0.9332
7,unreached,multilingual,284,0.9554,0.8667
8,unreached,multilingual,284,0.9293,1.015
4,unreached,multilingual,431,0.9323,0.8746
15,unreached,multilingual,204,0.9399,0.8722
7,unreached,multilingual,376,0.9054,0.8525
11,unreached,multilingual,432,0.911,0.7608
11,unreached,multilingual,205,0.9381,0.885
14,unreached,multilingual,205,0.9366,0.8529
15,unreached,multilingual,205,0.9304,0.8403
14,unreached,multilingual,380,0.9097,0.863
1,accepted,multilingual,286,0.8661,0.8403
12,unreached,multilingual,433,0.9138,0.7745
13,unreached,multilingual,433,0.9245,0.7488
3,unreached,multilingual,206,0.955,0.9043
6,unreached,multilingual,206,0.9629,0.9174
5,unreached,multilingual,199,0.9172,0.8046
3,unreached,multilingual,434,0.9447,0.8664
9,unreached,multilingual,434,0.94,0.8383
9,unreached,multilingual,207,0.9539,0.8984
7,unreached,multilingual,203,0.9493,0.8541
11,unreached,multilingual,384,0.9146,0.9019
4,accepted,multilingual,307,0.8669,0.8329
14,unreached,multilingual,307,0.9844,0.9362
7,unreached,multilingual,208,0.9799,0.9794
12,unreached,multilingual,208,0.932,0.8653
9,unreached,multilingual,206,0.9459,0.9621
15,unreached,multilingual,206,0.9527,0.9127
13,accepted,multilingual,316,0.8943,0.9141
1,accepted,multilingual,390,0.8877,0.8992
5,unreached,multilingual,330,0.9067,0.8841
9,unreached,multilingual,330,0.8854,0.8293
14,unreached,multilingual,330,0.9057,0.8932
10,unreached,multilingual,438,0.948,0.8329
1,rejected,multilingual,210,0.945,0.9353
5,unreached,multilingual,210,0.9536,0.9151
4,accepted,multilingual,396,0.9307,1.033
10,unreached,multilingual,396,0.9452,1.036
2,unreached,multilingual,210,0.9619,0.9313
13,unreached,multilingual,338,0.9033,0.846
13,unreached,multilingual,441,0.9208,0.7123
8,unreached,multilingual,340,0.8737,0.8101
10,unreached,multilingual,340,0.8841,0.8691
2,unreached,multilingual,213,0.9619,0.9048
10,unreached,multilingual,212,0.9479,0.8715
13,unreached,multilingual,417,0.9417,0.9601
12,unreached,multilingual,347,0.8879,0.8408
14,unreached,multilingual,347,0.9032,0.8783
8,unreached,multilingual,449,0.9141,0.9052
12,unreached,multilingual,449,0.9356,0.8307
5,unreached,multilingual,213,0.9315,1.023
10,unreached,multilingual,213,0.948,0.8708
2,accepted,multilingual,418,0.9033,0.9362
12,unreached,multilingual,348,0.8858,0.8562
1,rejected,multilingual,215,0.9471,0.9182
12,unreached,multilingual,215,0.9662,0.9657
12,unreached,multilingual,352,0.9315,0.8656
3,unreached,multilingual,454,0.8794,0.7436
10,unreached,multilingual,216,0.933,0.8633
7,unreached,multilingual,215,0.9913,0.9299
4,unreached,multilingual,216,0.9619,0.8758
7,unreached,multilingual,216,0.9796,0.9572
9,unreached,multilingual,355,0.9415,0.9029
14,unreached,multilingual,355,0.9277,0.9358
11,unreached,multilingual,218,0.9478,0.9183
3,unreached,multilingual,218,0.9648,0.9241
9,unreached,multilingual,219,0.9481,0.9276
1,rejected,multilingual,220,0.9624,0.9601
6,unreached,multilingual,359,0.9781,0.9499
5,unreached,multilingual,465,0.8863,0.819
12,unreached,multilingual,465,0.9361,0.7901
7,unreached,multilingual,220,0.9521,0.9422
15,unreached,multilingual,221,0.9564,0.8768
14,unreached,multilingual,79,0.9049,0.8397
7,unreached,multilingual,360,0.9828,0.9671
1,rejected,multilingual,221,0.9495,0.9415
10,unreached,multilingual,221,0.9592,0.9315
12,unreached,multilingual,221,0.9648,0.943
10,unreached,multilingual,222,0.9643,0.8568
14,unreached,multilingual,222,0.9553,0.8747
1,rejected,multilingual,364,0.841,0.8173
1,rejected,multilingual,83,0.877,0.8525
9,unreached,multilingual,471,0.9073,0.7899
3,accepted,multilingual,223,0.9287,0.9539
2,rejected,multilingual,224,0.9294,0.9484
5,unreached,multilingual,227,0.9881,0.9674
9,unreached,multilingual,227,0.9157,0.8656
12,unreached,multilingual,226,0.9629,1.067
2,accepted,multilingual,85,0.8748,0.9532
11,unreached,multilingual,85,0.9252,0.8788
9,unreached,multilingual,370,0.9387,0.8452
11,unreached,multilingual,370,0.9493,0.9786
2,unreached,multilingual,474,0.9626,1.062
3,unreached,multilingual,474,0.9301,0.792
5,unreached,multilingual,474,0.9802,0.8725
6,unreached,multilingual,228,0.9395,0.8968
5,unreached,multilingual,91,0.9079,0.8656
8,unreached,multilingual,372,0.9102,0.9066
3,accepted,multilingual,475,0.986,0.9453
10,accepted,multilingual,475,0.9456,0.8596
11,unreached,multilingual,230,0.9587,0.9217
12,unreached,multilingual,230,0.9566,0.9149
15,unreached,multilingual,230,0.9387,0.873
14,unreached,multilingual,231,0.9452,0.9068
9,unreached,multilingual,229,0.9649,0.9247
14,unreached,multilingual,94,0.9025,0.859
15,unreached,multilingual,232,0.9299,0.8902
14,unreached,multilingual,233,0.9434,0.8974
10,unreached,multilingual,379,0.9742,1.003
12,unreached,multilingual,379,0.946,0.9313
12,accepted,multilingual,380,0.9162,0.9535
14,unreached,multilingual,380,0.9387,0.9154
13,unreached,multilingual,235,1.001,1.002
7,unreached,multilingual,110,0.8921,0.9017
2,accepted,multilingual,393,0.9103,0.9257
11,unreached,multilingual,236,0.9508,0.9233
4,accepted,multilingual,399,0.9144,0.8521
12,unreached,multilingual,527,0.957,0.9648
14,unreached,multilingual,239,0.9743,0.9459
1,accepted,multilingual,122,0.9428,0.9259
7,unreached,multilingual,407,0.8815,0.7978
15,unreached,multilingual,537,0.9318,0.7292
8,unreached,multilingual,240,0.9432,0.8676
9,unreached,multilingual,240,1.004,0.9978
10,unreached,multilingual,240,0.975,0.9478
7,unreached,multilingual,539,0.9274,0.9609
11,unreached,multilingual,539,0.9168,0.7623
12,unreached,multilingual,539,0.9189,0.7388
2,unreached,multilingual,239,0.979,0.964
7,unreached,multilingual,239,0.9879,1.013
1,rejected,multilingual,241,0.9378,0.8974
1,rejected,multilingual,240,0.9972,1.01
13,unreached,multilingual,240,0.9578,0.9022
9,unreached,multilingual,151,0.9058,0.9108
9,unreached,multilingual,246,0.9679,0.9034
15,unreached,multilingual,154,0.94,0.8276
5,unreached,multilingual,414,0.9316,0.9654
9,unreached,multilingual,414,0.9,0.8756
4,unreached,multilingual,247,0.9748,0.9557
13,unreached,multilingual,551,0.9341,0.7648
6,unreached,multilingual,248,0.9167,0.8706
12,unreached,multilingual,248,0.9608,0.9543
8,unreached,multilingual,161,0.9268,0.8476
11,unreached,multilingual,419,0.9167,0.9026
1,rejected,multilingual,252,0.9597,0.9534
5,unreached,multilingual,164,0.934,0.915
6,accepted,multilingual,570,0.8921,0.7802
8,unreached,multilingual,570,0.974,0.9353
14,unreached,multilingual,570,0.9433,0.7746
13,unreached,multilingual,249,0.9245,0.8406
6,unreached,multilingual,57,0.9009,0.8671
12,unreached,multilingual,577,0.9657,0.8217
14,unreached,multilingual,250,0.9278,0.8391
2,accepted,multilingual,255,0.9511,0.9223
7,unreached,multilingual,255,0.9082,0.8611
8,unreached,multilingual,255,0.9446,0.9455
13,unreached,multilingual,255,0.9531,0.9155
3,unreached,multilingual,58,0.8855,0.8596
5,unreached,multilingual,58,0.8972,0.8839
4,unreached,multilingual,578,0.9146,0.8675
6,unreached,multilingual,259,0.9323,1.023
11,unreached,multilingual,59,0.8811,0.8014
5,rejected,multilingual,579,0.8662,0.8919
6,unreached,multilingual,579,0.9249,0.8284
7,unreached,multilingual,579,0.9365,0.8178
15,unreached,multilingual,253,0.9294,0.836
15,unreached,multilingual,260,0.9438,0.9098
1,accepted,multilingual,62,0.9478,0.9323
8,unreached,multilingual,62,0.8873,0.8521
9,unreached,multilingual,254,0.9369,0.8633
4,unreached,multilingual,261,0.9258,0.9875
7,unreached,multilingual,261,0.9618,0.9554
9,unreached,multilingual,261,0.9687,0.964
7,unreached,multilingual,68,0.8723,0.8493
7,accepted,multilingual,588,0.9569,0.8555
8,rejected,multilingual,588,0.9502,0.9004
13,unreached,multilingual,588,0.9731,0.8957
8,unreached,multilingual,256,0.9534,0.9161
14,unreached,multilingual,205,0.8942,0.873
3,unreached,multilingual,70,0.9311,0.9737
13,unreached,multilingual,596,0.966,0.9205
2,unreached,multilingual,265,0.9443,0.927
3,accepted,multilingual,212,0.8875,0.8549
2,accepted,multilingual,71,0.9051,0.8822
11,unreached,multilingual,258,0.9478,0.8708
3,unreached,multilingual,266,0.9567,0.9298
3,accepted,multilingual,220,0.9026,0.814
13,unreached,multilingual,74,0.8842,0.824
15,unreached,multilingual,74,0.8752,0.8032
3,accepted,multilingual,267,0.9795,0.9687
2,unreached,multilingual,602,0.9481,0.9027
3,unreached,multilingual,602,0.9543,0.9486
1,rejected,multilingual,260,0.9359,0.9479
5,unreached,multilingual,44,0.9234,0.8948
6,unreached,multilingual,603,0.9457,0.9368
12,unreached,multilingual,603,0.9413,0.8801
4,unreached,multilingual,79,0.9036,0.9477
6,unreached,multilingual,79,0.913,0.9024
10,unreached,multilingual,604,0.9922,0.9567
5,unreached,multilingual,273,0.9811,0.9155
11,unreached,multilingual,263,0.9482,0.8885
15,unreached,multilingual,263,0.9439,0.8802
1,rejected,multilingual,276,0.9475,0.936
9,unreached,multilingual,277,0.9391,1.037
11,unreached,multilingual,277,0.9356,0.9244
6,unreached,multilingual,87,0.9138,0.9254
3,accepted,multilingual,53,0.8907,0.8715
11,unreached,multilingual,53,0.9579,1.013
8,unreached,multilingual,265,0.9685,0.9362
13,unreached,multilingual,265,0.9516,0.9093
5,unreached,multilingual,90,0.9045,0.8822
13,unreached,multilingual,90,0.9241,0.8766
3,unreached,multilingual,57,0.9137,0.8626
13,unreached,multilingual,57,0.9438,1.079
3,accepted,multilingual,608,0.9681,0.9029
6,unreached,multilingual,608,0.937,0.8894
8,unreached,multilingual,267,0.9588,0.9004
13,unreached,multilingual,282,0.9559,0.94
15,unreached,multilingual,282,0.9643,0.9746
9,unreached,multilingual,59,0.8958,0.8705
13,unreached,multilingual,59,0.9191,0.8663
7,unreached,multilingual,283,0.9569,0.8882
2,unreached,multilingual,65,0.9412,0.9857
9,unreached,multilingual,65,0.9031,0.8481
1,rejected,multilingual,269,0.9456,0.9374
2,unreached,multilingual,286,0.9557,0.9308
14,unreached,multilingual,286,0.9545,0.8894
4,unreached,multilingual,96,0.9108,0.8811
4,accepted,multilingual,66,0.8762,0.8595
13,unreached,multilingual,66,0.9164,0.8465
1,rejected,multilingual,90,0.905,0.9172
11,unreached,multilingual,272,0.9671,0.9054
4,unreached,multilingual,288,0.9794,0.9514
4,unreached,multilingual,100,0.9116,0.9234
11,unreached,multilingual,100,0.8947,0.8473
11,unreached,multilingual,92,0.8846,0.8241
13,unreached,multilingual,273,0.9504,0.8684
7,unreached,multilingual,83,0.9449,0.843
11,unreached,multilingual,96,0.9449,0.882
1,rejected,multilingual,274,0.9333,0.909
14,unreached,multilingual,290,0.9542,0.9001
9,unreached,multilingual,275,0.9474,0.8939
13,unreached,multilingual,275,0.9484,0.9018
7,unreached,multilingual,113,0.9334,0.9622
15,unreached,multilingual,99,0.8979,0.8255
3,unreached,multilingual,276,0.9549,0.9467
7,unreached,multilingual,276,0.986,0.9268
14,unreached,multilingual,276,0.9635,0.9182
4,unreached,multilingual,294,0.9566,0.9522
2,unreached,multilingual,115,0.9325,0.9355
3,unreached,multilingual,115,0.904,0.8779
4,unreached,multilingual,295,0.9418,1.023
11,unreached,multilingual,295,0.948,0.8994
14,unreached,multilingual,295,0.9489,0.9024
2,rejected,multilingual,116,0.8778,0.8469
9,unreached,multilingual,116,0.9382,1.025
10,unreached,multilingual,278,0.9756,0.9602
12,unreached,multilingual,278,0.9742,0.9438
1,accepted,multilingual,296,0.9453,0.9248
11,unreached,multilingual,296,0.9525,0.8948
3,unreached,multilingual,103,0.9778,1.05
4,unreached,multilingual,103,0.913,0.8907
2,unreached,multilingual,279,0.97,0.9541
4,unreached,multilingual,280,0.9798,0.9522
2,unreached,multilingual,121,0.9256,1.003
7,unreached,multilingual,121,0.8854,0.8382
2,accepted,multilingual,110,0.9202,0.9242
3,accepted,multilingual,110,0.9187,0.9292
5,unreached,multilingual,282,0.9646,0.9275
9,unreached,multilingual,282,0.9533,0.8942
5,unreached,multilingual,301,0.932,0.9343
7,unreached,multilingual,301,0.9692,0.965
12,unreached,multilingual,122,0.9571,0.9653
15,unreached,multilingual,122,0.9586,0.9376
4,unreached,multilingual,108,0.8923,0.9042
10,unreached,multilingual,305,0.9877,0.9384
4,unreached,multilingual,125,0.9004,0.8742
4,unreached,multilingual,110,0.9364,0.8964
10,unreached,multilingual,110,0.8943,0.8256
2,rejected,multilingual,284,0.9477,0.9528
9,unreached,multilingual,284,0.9796,0.9287
9,unreached,multilingual,306,0.9932,0.9809
4,unreached,multilingual,126,0.8986,0.8748
12,unreached,multilingual,126,0.8971,0.8399
15,unreached,multilingual,127,0.8919,0.8369
8,unreached,multilingual,111,0.9049,0.8456
9,unreached,multilingual,286,0.9905,0.9436
15,unreached,multilingual,307,0.9523,0.9668
4,unreached,multilingual,130,0.9116,0.9164
8,unreached,multilingual,130,0.8932,0.8435
5,unreached,multilingual,309,0.9629,0.9442
10,unreached,multilingual,131,0.9016,0.8623
12,unreached,multilingual,288,0.9736,0.9277
9,unreached,multilingual,133,0.8982,0.8402
14,unreached,multilingual,133,0.9028,0.8237
15,unreached,multilingual,133,0.9438,0.8974
3,unreached,multilingual,114,0.9184,0.8427
1,rejected,multilingual,116,0.9232,0.9263
7,unreached,multilingual,116,0.8713,0.9732
11,unreached,multilingual,116,0.8787,0.8723
12,unreached,multilingual,116,0.8837,0.8604
4,unreached,multilingual,291,0.9623,0.9138
4,unreached,multilingual,315,0.9617,0.9458
15,unreached,multilingual,315,0.9138,0.7414
12,unreached,multilingual,145,0.932,0.8579
6,unreached,multilingual,117,0.8648,0.9613
13,unreached,multilingual,117,0.9384,0.9722
2,unreached,multilingual,292,0.9738,0.9386
10,unreached,multilingual,316,0.9274,0.7957
13,unreached,multilingual,147,0.9298,0.8538
10,accepted,multilingual,153,0.961,0.9696
9,unreached,multilingual,120,0.8833,0.817
6,unreached,multilingual,293,0.9743,0.9687
3,accepted,multilingual,317,0.9575,0.8212
7,unreached,multilingual,322,0.9418,0.8486
13,unreached,multilingual,180,0.931,0.8844
10,unreached,multilingual,123,0.949,0.8623
15,unreached,multilingual,123,0.9221,0.8412
13,unreached,multilingual,152,0.9252,0.8799
9,unreached,multilingual,125,0.8988,0.8671
1,rejected,multilingual,298,0.9916,0.9681
15,unreached,multilingual,298,0.9326,0.8586
2,unreached,multilingual,331,0.8738,0.7757
5,unreached,multilingual,331,0.8901,0.7767
11,unreached,multilingual,331,0.9435,0.8159
15,unreached,multilingual,331,0.9297,0.7402
4,unreached,multilingual,126,0.9092,0.8675
8,unreached,multilingual,126,0.9217,0.8916
9,unreached,multilingual,126,0.9255,0.8799
14,unreached,multilingual,332,0.9148,0.7937
7,unreached,multilingual,159,0.9715,0.9734
10,unreached,multilingual,159,0.9717,1.07
14,unreached,multilingual,74,0.9282,0.8732
3,unreached,multilingual,300,0.9615,0.918
5,rejected,multilingual,77,0.8836,0.8853
8,unreached,multilingual,301,0.9747,0.9216
8,unreached,multilingual,336,0.9571,0.856
14,unreached,multilingual,336,0.9358,0.7585
11,unreached,multilingual,161,0.9867,0.8771
14,unreached,multilingual,82,0.937,0.907
7,unreached,multilingual,131,0.8971,0.911
3,unreached,multilingual,303,1.004,0.9457
1,rejected,multilingual,339,0.8365,0.7851
13,unreached,multilingual,171,0.9555,0.941
4,accepted,multilingual,133,0.9199,0.8511
15,unreached,multilingual,133,0.9283,0.84
2,accepted,multilingual,85,0.8729,0.853
6,unreached,multilingual,340,0.9041,0.8528
1,accepted,multilingual,138,0.8689,0.8321
11,accepted,multilingual,183,0.8821,0.8453
6,unreached,multilingual,143,0.901,0.8844
11,unreached,multilingual,143,0.9092,0.8697
15,unreached,multilingual,143,0.8871,0.8244
1,rejected,multilingual,91,0.8547,0.8369
6,unreached,multilingual,91,0.9051,0.8721
8,unreached,multilingual,306,0.9631,0.8969
11,unreached,multilingual,347,0.9417,0.9812
3,accepted,multilingual,199,0.9037,0.8866
1,rejected,multilingual,146,0.9175,0.8687
4,unreached,multilingual,146,0.8996,0.8299
15,unreached,multilingual,92,0.9819,1.102
3,accepted,multilingual,147,0.893,0.9499
1,rejected,multilingual,308,0.9465,0.9418
9,unreached,multilingual,151,0.9391,0.8747
10,unreached,multilingual,309,0.9594,0.9173
12,unreached,multilingual,309,0.9579,0.912
6,unreached,multilingual,310,0.9717,0.9615
9,unreached,multilingual,310,0.9596,0.9203
4,unreached,multilingual,358,0.9686,0.9326
13,unreached,multilingual,358,0.9426,0.8341
15,unreached,multilingual,218,0.9117,0.8541
2,accepted,multilingual,105,0.8801,0.8585
10,unreached,multilingual,311,0.9597,0.9211
14,unreached,multilingual,156,0.8846,0.7881
10,unreached,multilingual,312,0.9708,0.8913
11,unreached,multilingual,114,0.9795,1.056
13,unreached,multilingual,313,0.9697,0.8985
5,unreached,multilingual,361,0.987,0.9475
6,unreached,multilingual,361,1.042,1.028
14,unreached,multilingual,230,0.9476,0.9493
1,rejected,multilingual,115,0.9114,0.8706
4,unreached,multilingual,314,0.9782,0.9523
9,unreached,multilingual,314,0.9524,0.9048
4,unreached,multilingual,165,0.8922,0.844
11,unreached,multilingual,165,0.9273,0.8811
13,unreached,multilingual,363,0.9472,0.8253
13,unreached,multilingual,166,0.9035,0.8397
14,unreached,multilingual,316,0.9576,0.8571
6,unreached,multilingual,364,0.9923,0.9309
9,unreached,multilingual,364,0.953,0.8564
4,unreached,multilingual,131,0.9495,0.8956
3,unreached,multilingual,317,0.9665,0.9189
6,unreached,multilingual,317,0.972,0.995
1,accepted,multilingual,254,0.889,0.9062
12,unreached,multilingual,318,0.9661,0.8964
8,unreached,multilingual,369,0.9182,0.8065
14,unreached,multilingual,369,0.9414,0.8205
7,rejected,multilingual,135,0.9122,0.9238
9,unreached,multilingual,370,0.9336,0.8299
10,unreached,multilingual,370,0.9292,0.7983
7,unreached,multilingual,173,0.9131,0.8368
8,unreached,multilingual,173,0.9181,0.839
7,accepted,multilingual,142,0.9468,0.9313
14,unreached,multilingual,320,0.9483,0.9035
6,unreached,multilingual,371,0.9425,0.8865
14,unreached,multilingual,371,0.9385,0.8164
14,unreached,multilingual,158,0.9336,0.8958
9,unreached,multilingual,321,0.9613,0.9012
15,unreached,multilingual,321,0.9545,0.8918
7,unreached,multilingual,372,0.9351,0.8995
5,unreached,multilingual,178,0.9422,1.003
14,unreached,multilingual,59,0.8608,0.789
5,unreached,multilingual,374,0.894,0.7791
7,accepted,multilingual,180,0.8786,0.856
12,unreached,multilingual,60,0.8637,0.8117
4,unreached,multilingual,323,0.9644,0.9365
9,unreached,multilingual,323,0.9453,0.8685
3,unreached,multilingual,375,0.9204,0.779
9,unreached,multilingual,375,0.9612,0.8838
13,unreached,multilingual,185,0.8903,0.8496
3,unreached,multilingual,196,0.9249,0.8743
8,unreached,multilingual,196,0.9185,0.8936
8,unreached,multilingual,61,0.8881,0.8284
6,unreached,multilingual,324,0.9688,0.9306
6,unreached,multilingual,376,0.9114,0.8301
7,unreached,multilingual,198,0.9476,0.9228
8,unreached,multilingual,198,0.8841,0.8569
8,unreached,multilingual,63,0.9826,1.026
2,accepted,multilingual,378,0.8751,0.8298
6,unreached,multilingual,378,0.9438,0.8742
1,accepted,multilingual,201,0.9059,0.8784
12,unreached,multilingual,326,0.9473,0.9043
12,unreached,multilingual,382,0.928,0.8233
2,accepted,multilingual,192,0.8963,0.8843
9,unreached,multilingual,207,0.9213,0.9766
6,unreached,multilingual,212,0.9132,0.8804
5,unreached,multilingual,328,0.9698,0.9147
12,unreached,multilingual,328,0.9508,0.9081
3,accepted,multilingual,391,0.9099,0.8555
7,unreached,multilingual,391,0.9547,0.8447
11,unreached,multilingual,391,0.9369,0.8246
4,unreached,multilingual,217,0.9165,0.9474
7,rejected,multilingual,74,0.9095,0.9646
11,unreached,multilingual,202,0.9085,0.8401
13,unreached,multilingual,202,0.9196,0.8053
8,unreached,multilingual,220,0.8956,0.8882
2,rejected,multilingual,81,0.8583,0.8575
3,unreached,multilingual,330,0.9559,0.904
13,unreached,multilingual,396,0.933,0.8203
6,unreached,multilingual,331,0.9633,0.9241
2,unreached,multilingual,397,0.9482,0.9174
8,unreached,multilingual,207,0.9008,0.8281
1,rejected,multilingual,332,0.9318,0.9174
2,unreached,multilingual,332,0.9421,0.8902
7,unreached,multilingual,102,0.8896,0.8448
12,unreached,multilingual,102,0.9206,0.9321
1,rejected,multilingual,400,0.8635,0.7878
3,unreached,multilingual,400,0.9683,1.06
11,unreached,multilingual,400,0.9385,0.8477
1,rejected,multilingual,212,0.8649,0.8168
1,accepted,multilingual,228,0.8611,0.8404
10,unreached,multilingual,401,0.9774,1.099
10,accepted,multilingual,109,0.9927,0.9743
12,accepted,multilingual,109,0.9034,0.8593
3,unreached,multilingual,335,0.9599,0.9235
4,unreached,multilingual,335,1.005,0.9876
10,unreached,multilingual,335,0.9567,0.9015
4,unreached,multilingual,402,0.9183,0.8755
10,unreached,multilingual,402,0.9286,0.8643
1,rejected,multilingual,214,0.8874,0.8594
3,accepted,multilingual,250,0.9253,1.005
7,unreached,multilingual,124,0.9008,0.8699
13,unreached,multilingual,124,0.8709,0.8173
2,unreached,multilingual,215,0.9259,0.974
4,rejected,multilingual,130,0.942,0.9491
5,unreached,multilingual,337,0.9333,0.8789
8,unreached,multilingual,404,0.974,1.061
4,accepted,multilingual,216,0.8952,0.8655
15,unreached,multilingual,216,0.8867,0.8158
14,unreached,multilingual,134,0.938,0.8634
15,unreached,multilingual,134,0.9432,0.8807
11,unreached,multilingual,55,0.8779,0.8209
12,unreached,multilingual,405,0.9521,0.8847
1,accepted,multilingual,221,0.8771,0.8483
2,unreached,multilingual,339,0.973,0.9561
6,unreached,multilingual,339,0.9546,0.9127
1,accepted,multilingual,413,0.8752,0.8746
2,rejected,multilingual,413,0.9241,0.8714
6,unreached,multilingual,223,0.9006,0.8421
7,unreached,multilingual,223,0.9188,0.8538
12,unreached,multilingual,136,0.9183,0.8321
5,unreached,multilingual,62,0.874,0.8654
6,unreached,multilingual,225,0.8918,0.8524
9,unreached,multilingual,225,0.8945,0.8523
6,unreached,multilingual,341,0.95,0.8939
11,unreached,multilingual,341,0.9656,0.886
15,unreached,multilingual,228,0.9112,0.8141
4,unreached,multilingual,139,0.9243,0.8666
6,unreached,multilingual,139,0.9379,0.8877
8,unreached,multilingual,139,0.9295,0.8586
14,unreached,multilingual,342,0.9745,0.909
11,unreached,multilingual,419,0.9393,0.8298
4,unreached,multilingual,231,0.885,0.8435
12,unreached,multilingual,231,0.9191,0.8745
13,unreached,multilingual,231,0.9215,0.8823
7,unreached,multilingual,74,0.8987,0.8866
12,unreached,multilingual,343,0.9585,0.92
15,unreached,multilingual,343,0.9689,0.902
13,unreached,multilingual,420,0.9285,0.8298
1,accepted,multilingual,157,0.9398,0.9022
13,unreached,multilingual,421,0.9336,0.8271
1,rejected,multilingual,236,0.9172,0.8854
2,rejected,multilingual,80,0.9082,0.8694
9,unreached,multilingual,345,0.9573,0.9234
8,unreached,multilingual,237,0.9078,0.8998
8,unreached,multilingual,346,0.9549,0.922
9,unreached,multilingual,238,0.9121,0.8886
13,unreached,multilingual,238,0.9411,0.9421
1,rejected,multilingual,174,0.8979,0.9223
4,unreached,multilingual,84,0.8829,0.8641
9,unreached,multilingual,84,0.8812,1.002
8,unreached,multilingual,347,0.9832,0.9188
13,unreached,multilingual,347,0.9664,0.892
15,unreached,multilingual,347,0.965,0.8853
3,unreached,multilingual,239,0.9639,0.9421
5,unreached,multilingual,239,0.9156,0.8527
6,accepted,multilingual,175,0.9199,0.8426
8,rejected,multilingual,175,0.8951,0.9134
12,unreached,multilingual,348,0.9613,0.8829
13,unreached,multilingual,348,0.9529,0.8273
5,unreached,multilingual,435,0.8966,0.8586
9,rejected,multilingual,183,1.021,0.9629
1,accepted,multilingual,94,0.8864,0.8514
11,unreached,multilingual,349,0.9662,0.9169
6,rejected,multilingual,439,0.944,1.023
12,unreached,multilingual,439,0.9492,0.8674
14,unreached,multilingual,439,0.9428,0.8467
4,unreached,multilingual,244,0.9307,0.8776
2,unreached,multilingual,445,0.9147,0.8888
14,unreached,multilingual,245,0.9502,1.01
6,unreached,multilingual,99,0.9709,1.003
7,unreached,multilingual,99,0.9641,1.02
15,unreached,multilingual,99,0.9495,0.9265
7,unreached,multilingual,88,0.9849,0.9381
2,rejected,multilingual,355,0.9491,0.9513
1,accepted,multilingual,249,0.878,0.848
6,unreached,multilingual,249,0.9449,0.8932
9,unreached,multilingual,357,0.9581,0.8455
15,unreached,multilingual,447,0.9264,0.8637
9,unreached,multilingual,251,0.9118,0.8775
13,unreached,multilingual,108,0.9205,0.8327
11,unreached,multilingual,106,0.9254,0.8426
7,unreached,multilingual,358,0.9989,0.9216
8,unreached,multilingual,448,0.9263,0.8443
9,unreached,multilingual,112,0.9289,0.9488
1,rejected,multilingual,359,0.9539,0.9239
15,unreached,multilingual,359,0.9693,0.8504
1,rejected,multilingual,449,0.9243,0.8972
6,unreached,multilingual,449,0.9536,0.9277
4,accepted,multilingual,115,0.9182,0.9988
7,rejected,multilingual,115,0.9214,0.9374
7,unreached,multilingual,360,0.9857,0.9393
4,unreached,multilingual,450,0.9517,0.9238
6,unreached,multilingual,260,0.9936,0.9724
3,accepted,multilingual,122,0.9133,1.012
11,unreached,multilingual,451,0.9591,0.8916
2,accepted,multilingual,262,0.8743,0.836
2,accepted,multilingual,136,0.8864,0.8761
7,unreached,multilingual,136,0.8942,0.7642
15,unreached,multilingual,452,0.9363,0.8597
15,unreached,multilingual,274,0.944,0.8245
7,accepted,multilingual,133,0.9669,0.9469
6,accepted,multilingual,139,0.9054,0.8595
13,unreached,multilingual,139,0.9498,0.8916
8,unreached,multilingual,363,0.9451,0.931
11,unreached,multilingual,363,0.9667,0.9311
1,rejected,multilingual,453,0.9186,0.933
8,unreached,multilingual,275,0.9596,0.9276
14,unreached,multilingual,275,0.9261,0.8727
13,unreached,multilingual,146,0.9332,0.9044
5,rejected,multilingual,146,0.8682,0.8173
2,unreached,multilingual,454,0.9405,0.8996
1,accepted,multilingual,155,0.8785,0.8486
11,unreached,multilingual,365,0.9705,0.8796
7,unreached,multilingual,455,0.9504,0.8989
13,unreached,multilingual,159,0.9095,0.8141
13,unreached,multilingual,279,0.9511,0.8832
9,rejected,multilingual,280,0.9229,0.8946
10,unreached,multilingual,170,0.9022,0.8787
14,unreached,multilingual,170,0.885,0.8557
15,accepted,multilingual,176,0.9129,0.8321
7,accepted,multilingual,368,0.9796,1.018
10,unreached,multilingual,368,0.9584,0.9247
9,unreached,multilingual,376,0.9675,0.8675
8,unreached,multilingual,459,0.9438,0.8211
8,unreached,multilingual,295,0.8853,0.807
2,rejected,multilingual,176,0.8788,0.8369
13,accepted,multilingual,208,0.9483,0.9278
13,unreached,multilingual,224,0.9285,0.818
2,unreached,multilingual,378,0.9496,0.8904
7,unreached,multilingual,461,0.9352,0.8969
13,unreached,multilingual,299,0.8922,0.8256
6,unreached,multilingual,231,0.9606,0.8667
3,unreached,multilingual,379,0.9948,0.9846
1,accepted,multilingual,303,0.8678,0.8525
14,unreached,multilingual,182,0.8887,0.836
3,accepted,multilingual,232,0.9592,0.9765
5,accepted,multilingual,232,0.956,0.9306
1,rejected,multilingual,380,0.9366,0.9391
11,unreached,multilingual,380,0.9618,0.8967
2,accepted,multilingual,469,0.9559,0.9677
3,unreached,multilingual,305,0.8897,0.8414
7,unreached,multilingual,305,0.8911,0.8199
1,accepted,multilingual,183,0.9268,0.9173
7,unreached,multilingual,183,0.9115,0.8813
12,unreached,multilingual,183,0.9197,0.9462
3,accepted,multilingual,242,0.9516,0.928
14,unreached,multilingual,381,0.9539,0.8504
2,unreached,multilingual,476,0.9171,0.8623
8,unreached,multilingual,185,0.9683,0.9506
13,unreached,multilingual,258,0.9558,0.8892
7,unreached,multilingual,477,0.9498,0.9786
15,unreached,multilingual,309,0.8914,0.8216
6,unreached,multilingual,383,0.9694,0.983
7,unreached,multilingual,383,0.9636,0.9349
9,unreached,multilingual,478,0.9227,0.9026
3,unreached,multilingual,261,0.8875,0.8289
11,unreached,multilingual,261,0.9735,1.033
5,unreached,multilingual,194,0.8755,0.8688
10,unreached,multilingual,196,0.9362,0.9724
9,accepted,multilingual,272,0.9704,1.075
3,unreached,multilingual,390,0.9594,0.9017
4,unreached,multilingual,390,0.942,0.8739
8,unreached,multilingual,481,0.9246,0.8536
14,unreached,multilingual,198,0.8869,0.8934
14,unreached,multilingual,391,0.9535,0.8597
7,accepted,multilingual,292,0.8312,0.842
3,accepted,multilingual,200,0.9272,0.8928
11,accepted,multilingual,200,0.9048,0.8656
4,unreached,multilingual,393,0.9512,0.9306
5,unreached,multilingual,393,0.9875,0.8802
13,unreached,multilingual,393,0.9649,0.8501
8,unreached,multilingual,486,0.9471,0.9048
7,unreached,multilingual,329,0.8792,0.8213
11,unreached,multilingual,231,0.9255,0.9792
10,unreached,multilingual,317,0.9284,0.8354
9,unreached,multilingual,334,0.8805,0.8257
15,unreached,multilingual,337,0.876,0.8099
2,accepted,multilingual,240,0.8876,0.9343
11,unreached,multilingual,240,0.8987,0.9125
4,unreached,multilingual,322,0.9345,0.8165
11,unreached,multilingual,322,0.9854,0.998
1,rejected,multilingual,397,0.9587,0.9553
14,unreached,multilingual,490,0.9369,0.824
8,unreached,multilingual,341,0.907,0.8514
5,unreached,multilingual,491,0.9395,0.8734
6,unreached,multilingual,491,0.8959,0.8393
12,unreached,multilingual,491,0.9675,0.8513
5,unreached,multilingual,244,0.9304,1.048
9,unreached,multilingual,244,0.8853,0.8488
12,unreached,multilingual,252,1.042,0.9885
2,rejected,multilingual,105,0.9841,0.9132
10,unreached,multilingual,349,0.9061,0.8011
5,accepted,multilingual,361,0.9437,0.9495
3,accepted,multilingual,107,0.9276,0.8644
8,accepted,multilingual,107,0.942,0.8419
15,unreached,multilingual,409,0.9364,0.9033
6,unreached,multilingual,350,0.9714,0.9226
2,unreached,multilingual,410,0.9563,0.934
7,unreached,multilingual,410,0.9349,0.8963
8,unreached,multilingual,410,0.9457,0.9361
8,unreached,multilingual,354,0.9151,0.835
13,unreached,multilingual,354,0.8863,0.8148
12,unreached,multilingual,131,0.9313,0.991
7,unreached,multilingual,95,0.9515,0.8382
2,unreached,multilingual,411,0.9749,0.9461
8,unreached,multilingual,411,0.9577,0.8414
1,accepted,multilingual,355,0.934,0.9394
3,rejected,multilingual,355,0.8711,0.816
13,unreached,multilingual,380,0.9195,0.7516
7,unreached,multilingual,137,0.8981,0.8463
13,unreached,multilingual,412,0.9451,0.845
7,unreached,multilingual,385,0.8849,0.7644
11,unreached,multilingual,385,0.905,0.8155
2,unreached,multilingual,413,0.9494,0.8881
6,unreached,multilingual,359,0.9208,0.9372
2,rejected,multilingual,387,0.9125,0.8294
5,unreached,multilingual,387,0.8769,0.7965
10,unreached,multilingual,387,0.9103,0.8269
7,unreached,multilingual,414,0.9376,0.8499
3,accepted,multilingual,361,0.9273,0.8869
10,unreached,multilingual,361,0.893,0.8211
15,unreached,multilingual,123,0.9232,0.8292
15,unreached,multilingual,368,0.8949,0.9893
1,rejected,multilingual,393,0.8785,0.8087
7,unreached,multilingual,156,0.9641,0.9538
14,unreached,multilingual,129,0.9238,0.9445
2,unreached,multilingual,416,0.9424,0.9201
12,unreached,multilingual,159,0.9617,0.9072
4,accepted,multilingual,139,0.9014,0.7908
14,unreached,multilingual,398,0.9002,0.7569
2,unreached,multilingual,145,1.003,0.9933
1,rejected,multilingual,390,0.9137,0.8878
5,unreached,multilingual,390,0.8805,0.7935
5,accepted,multilingual,177,0.9326,0.8779
4,unreached,multilingual,146,0.9463,0.9319
12,unreached,multilingual,429,0.9513,0.8561
14,unreached,multilingual,429,0.952,0.8642
2,unreached,multilingual,391,0.8655,0.8095
13,unreached,multilingual,391,0.9136,0.8629
3,accepted,multilingual,149,0.8794,0.8629
3,accepted,multilingual,431,0.9908,0.9745
4,unreached,multilingual,409,0.8821,0.7892
7,unreached,multilingual,409,0.9258,0.8001
1,accepted,multilingual,201,0.9389,0.846
4,accepted,multilingual,201,0.8345,0.8518
8,accepted,multilingual,201,0.9207,0.956
4,unreached,multilingual,435,0.9515,0.9087
8,unreached,multilingual,412,0.8986,0.8162
5,unreached,multilingual,211,0.9015,0.8193
5,unreached,multilingual,395,0.8804,0.8092
1,accepted,multilingual,416,0.8524,0.7696
12,unreached,multilingual,418,0.908,0.7488
4,unreached,multilingual,217,0.9155,0.8153
6,unreached,multilingual,402,0.8983,0.8869
11,unreached,multilingual,402,0.8986,0.8552
4,unreached,multilingual,420,0.8985,0.838
3,accepted,multilingual,218,0.9094,0.8595
7,accepted,multilingual,218,0.9251,0.8549
1,accepted,multilingual,173,0.8784,0.8428
9,unreached,multilingual,173,0.9634,0.9424
12,unreached,multilingual,447,0.9575,0.8941
2,unreached,multilingual,423,0.9239,0.8846
12,unreached,multilingual,423,0.9282,0.7864
2,rejected,multilingual,450,0.9378,0.9479
2,rejected,multilingual,407,0.8664,0.816
2,accepted,multilingual,424,0.8515,0.7746
4,accepted,multilingual,237,0.8846,0.8156
6,accepted,multilingual,237,0.9509,0.9499
15,accepted,multilingual,237,0.8671,0.8022
3,accepted,multilingual,428,0.8755,0.7973
5,accepted,multilingual,428,0.8944,0.8429
9,unreached,multilingual,428,0.92,0.7805
5,unreached,multilingual,253,0.9391,0.7869
11,accepted,multilingual,188,0.9315,0.9561
2,unreached,multilingual,412,0.8771,0.8566
12,unreached,multilingual,412,0.8948,0.873
7,accepted,multilingual,256,0.9819,1.027
14,unreached,multilingual,437,0.9205,0.7677
5,accepted,multilingual,268,0.9616,0.8411
6,accepted,multilingual,268,0.973,0.8623
15,accepted,multilingual,268,0.8472,0.7888
3,unreached,multilingual,455,0.9528,0.8999
10,unreached,multilingual,455,0.9295,0.8861
11,unreached,multilingual,455,0.9591,0.9367
5,unreached,multilingual,216,0.9345,0.9322
9,unreached,multilingual,456,0.921,0.8787
4,rejected,multilingual,442,0.8813,0.788
15,unreached,multilingual,442,0.9672,0.9566
1,accepted,multilingual,287,0.8854,0.7503
12,unreached,multilingual,287,0.9649,0.9107
4,unreached,multilingual,217,0.9157,0.8606
11,unreached,multilingual,217,0.9992,0.9407
10,unreached,multilingual,422,0.8903,0.8426
11,unreached,multilingual,422,0.8963,0.8493
3,accepted,multilingual,446,0.8633,0.7848
2,unreached,multilingual,423,0.9198,0.9592
5,unreached,multilingual,423,0.8997,0.8631
7,unreached,multilingual,423,0.8895,0.8286
15,unreached,multilingual,222,0.9313,1.064
3,rejected,multilingual,424,0.927,0.8717
5,unreached,multilingual,424,0.8759,0.8316
4,unreached,multilingual,452,0.9384,0.9548
12,unreached,multilingual,452,0.9527,0.9707
2,accepted,multilingual,293,0.9486,0.9787
15,unreached,multilingual,427,0.9203,0.857
6,unreached,multilingual,453,0.8798,0.8186
15,unreached,multilingual,453,0.9458,0.8807
6,accepted,multilingual,308,0.9528,1.044
13,unreached,multilingual,308,0.9242,0.8127
15,unreached,multilingual,308,0.9519,0.884
7,unreached,multilingual,462,0.9658,0.9573
8,unreached,multilingual,462,0.9485,0.8948
12,unreached,multilingual,462,0.9582,0.8898
9,unreached,multilingual,320,0.9324,0.8829
9,unreached,multilingual,463,0.8688,0.8998
1,accepted,multilingual,327,0.8987,0.8904
3,accepted,multilingual,238,0.9286,0.7607
8,accepted,multilingual,238,0.8849,0.8284
5,unreached,multilingual,465,0.9622,0.9122
10,unreached,multilingual,465,0.9587,0.9164
5,accepted,multilingual,465,0.8271,0.8116
12,accepted,multilingual,465,0.942,0.9781
3,accepted,multilingual,337,0.896,0.9191
7,unreached,multilingual,337,0.9261,0.9541
12,unreached,multilingual,337,0.8971,0.8709
8,unreached,multilingual,248,0.9635,0.932
2,rejected,multilingual,436,0.8876,0.8413
7,unreached,multilingual,253,0.9098,0.7849
7,unreached,multilingual,467,0.9737,0.9583
15,unreached,multilingual,467,0.9506,0.896
8,unreached,multilingual,438,0.9031,0.8701
13,unreached,multilingual,357,0.9236,0.8981
1,accepted,multilingual,255,0.8341,0.7481
3,unreached,multilingual,115,0.9155,0.8118
4,unreached,multilingual,468,0.9512,0.8853
9,unreached,multilingual,468,0.964,0.9141
14,unreached,multilingual,258,0.9873,0.939
2,unreached,multilingual,260,0.9216,0.8718
10,accepted,multilingual,118,0.9816,0.9827
7,unreached,multilingual,470,0.9625,0.9267
6,accepted,multilingual,448,0.8733,0.9332
11,unreached,multilingual,382,0.9464,0.883
7,unreached,multilingual,261,0.9059,0.8782
5,accepted,multilingual,134,0.9404,0.9575
2,unreached,multilingual,456,0.9192,0.9164
6,unreached,multilingual,456,0.9003,0.8769
14,unreached,multilingual,390,0.8988,0.7978
1,accepted,multilingual,141,0.8702,0.8581
13,unreached,multilingual,141,0.9133,0.7842
2,unreached,multilingual,457,0.9051,0.8911
12,unreached,multilingual,457,0.9413,0.956
15,unreached,multilingual,457,0.9232,0.8598
14,unreached,multilingual,396,0.9151,0.7573
2,unreached,multilingual,473,0.9696,0.9487
4,unreached,multilingual,458,0.9225,0.8505
2,rejected,multilingual,410,0.9082,0.8765
11,unreached,multilingual,410,0.963,0.8045
8,unreached,multilingual,270,0.9556,0.8583
4,accepted,multilingual,152,0.9469,0.9737
15,rejected,multilingual,152,0.8842,0.925
6,unreached,multilingual,475,0.9574,0.9611
11,unreached,multilingual,475,0.9765,0.9571
10,accepted,multilingual,412,0.9818,0.8814
12,accepted,multilingual,412,0.921,0.8173
5,unreached,multilingual,167,0.94,0.9154
14,unreached,multilingual,167,0.9451,0.8525
2,unreached,multilingual,477,0.962,0.9104
8,unreached,multilingual,279,0.9866,0.9119
9,unreached,multilingual,279,0.9489,0.8629
14,unreached,multilingual,446,0.9712,1.027
15,unreached,multilingual,446,0.9586,0.9549
12,unreached,multilingual,281,0.9257,0.7797
6,unreached,multilingual,73,0.9811,0.9607
14,unreached,multilingual,73,0.9289,0.8205
5,accepted,multilingual,457,0.9577,0.9563
14,accepted,multilingual,457,0.9691,0.8191
7,unreached,multilingual,282,0.8912,0.7908
2,unreached,multilingual,74,0.9386,0.8497
7,unreached,multilingual,74,0.9475,0.8853
3,accepted,multilingual,283,0.9658,0.8857
11,unreached,multilingual,283,0.9673,0.9097
4,unreached,multilingual,192,0.8791,0.8192
1,accepted,multilingual,75,0.9143,0.8747
7,accepted,multilingual,75,0.8989,0.8462
7,unreached,multilingual,483,0.9436,0.8931
8,accepted,multilingual,477,0.9384,0.9095
1,accepted,multilingual,91,0.8857,0.825
14,unreached,multilingual,484,0.9489,0.9063
12,unreached,multilingual,99,0.9946,0.9854
15,unreached,multilingual,99,0.8939,0.8081
1,accepted,multilingual,302,0.8732,0.7718
11,unreached,multilingual,302,0.9309,0.928
6,accepted,multilingual,200,0.8919,0.8862
4,unreached,multilingual,102,0.9452,0.8159
12,unreached,multilingual,102,0.9341,1.013
7,unreached,multilingual,93,0.8963,0.9065
1,rejected,multilingual,486,0.95,0.9446
9,unreached,multilingual,486,0.952,0.8902
9,unreached,multilingual,308,0.9312,0.8802
6,accepted,multilingual,105,0.8555,0.7822
5,unreached,multilingual,98,0.9079,0.9103
9,unreached,multilingual,98,0.9038,1.01
10,unreached,multilingual,487,0.9764,0.9137
3,accepted,multilingual,309,0.8745,0.8035
10,unreached,multilingual,309,0.9006,0.8284
15,unreached,multilingual,309,0.9122,0.7768
3,unreached,multilingual,221,0.8726,0.8176
3,unreached,multilingual,99,0.901,0.9701
10,unreached,multilingual,99,0.8774,0.8622
13,unreached,multilingual,99,0.9043,0.9415
7,unreached,multilingual,490,0.9775,0.9439
8,unreached,multilingual,223,0.895,0.8023
13,unreached,multilingual,223,0.9411,0.8291
8,unreached,multilingual,491,0.9696,0.9953
9,unreached,multilingual,325,0.9209,0.8411
11,unreached,multilingual,101,0.8648,0.8578
2,accepted,multilingual,330,0.9561,0.9747
7,unreached,multilingual,330,0.932,0.838
9,unreached,multilingual,330,0.932,0.8812
8,unreached,multilingual,226,0.8939,0.7692
15,unreached,multilingual,226,0.9443,0.8237
1,accepted,multilingual,493,0.946,0.9158
5,accepted,multilingual,493,0.9426,0.985
14,unreached,multilingual,493,0.9454,0.8567
6,unreached,multilingual,335,0.9444,1.071
4,accepted,multilingual,136,0.881,0.8159
10,unreached,multilingual,136,0.9307,0.8232
1,accepted,multilingual,103,0.8585,0.8696
2,accepted,multilingual,229,0.9121,0.8595
1,accepted,multilingual,141,0.8579,0.7645
9,unreached,multilingual,141,0.9322,0.7928
3,unreached,multilingual,105,0.9104,0.9458
1,accepted,multilingual,343,0.8649,0.79
5,unreached,multilingual,235,0.9176,0.814
4,accepted,multilingual,145,0.9378,0.8664
9,unreached,multilingual,145,0.9137,0.8366
15,unreached,multilingual,145,0.9458,0.9208
11,unreached,multilingual,347,0.8818,0.8503
8,unreached,multilingual,107,0.8769,0.8837
12,unreached,multilingual,107,0.8927,0.8758
2,accepted,multilingual,348,0.8941,0.8525
3,accepted,multilingual,240,0.954,0.9859
8,unreached,multilingual,240,0.9028,1.025
2,accepted,multilingual,153,0.9146,0.8252
7,accepted,multilingual,153,0.9555,0.9166
1,rejected,multilingual,504,0.9449,0.9524
5,unreached,multilingual,247,0.8796,0.8276
7,unreached,multilingual,247,0.9712,0.8909
13,unreached,multilingual,505,0.9658,0.8777
14,unreached,multilingual,505,0.9643,0.8779
1,accepted,multilingual,116,0.8957,0.9179
4,unreached,multilingual,506,0.9499,0.8525
5,unreached,multilingual,506,0.9416,0.9056
10,unreached,multilingual,374,0.9238,0.8847
15,unreached,multilingual,374,0.9242,0.9435
3,accepted,multilingual,254,0.9113,0.965
9,accepted,multilingual,254,0.9072,0.9445
6,unreached,multilingual,507,0.965,0.898
13,unreached,multilingual,507,0.9726,0.9326
1,accepted,multilingual,383,0.8904,0.8645
12,unreached,multilingual,267,0.917,0.7798
4,unreached,multilingual,125,0.8637,0.8711
8,unreached,multilingual,395,0.979,0.8822
6,unreached,multilingual,269,0.9407,0.9228
2,accepted,multilingual,190,0.872,0.8481
6,accepted,multilingual,190,0.9693,0.9403
7,accepted,multilingual,190,0.9554,0.9153
13,accepted,multilingual,190,0.9209,0.9153
3,accepted,multilingual,127,0.8853,0.9256
6,rejected,multilingual,127,0.9284,0.9673
12,unreached,multilingual,133,0.881,0.9176
13,unreached,multilingual,133,0.88,0.9015
9,unreached,multilingual,521,0.9587,0.8648
10,unreached,multilingual,521,0.9623,0.8874
2,accepted,multilingual,212,0.8724,0.8525
9,unreached,multilingual,212,0.9508,0.9585
1,accepted,multilingual,135,0.8716,0.9123
11,unreached,multilingual,528,0.9667,0.9675
5,accepted,multilingual,412,0.9396,1.015
10,accepted,multilingual,286,0.8975,0.9141
12,accepted,multilingual,286,0.8963,0.8705
9,unreached,multilingual,147,0.9018,0.8957
12,unreached,multilingual,534,0.9899,0.8787
9,unreached,multilingual,222,0.8649,0.8943
12,unreached,multilingual,149,0.9266,0.9412
15,unreached,multilingual,149,0.9067,0.8912
11,unreached,multilingual,150,0.9226,0.9448
6,unreached,multilingual,431,0.9092,0.7996
2,accepted,multilingual,328,0.859,0.7806
4,accepted,multilingual,328,0.8482,0.7655
11,unreached,multilingual,328,0.8883,0.7607
6,unreached,multilingual,434,0.9658,0.9254
3,rejected,multilingual,333,0.877,0.8506
6,unreached,multilingual,333,0.8925,0.7894
6,unreached,multilingual,232,0.8703,0.7922
1,rejected,multilingual,154,0.8953,0.8977
4,unreached,multilingual,543,0.9544,0.9132
8,unreached,multilingual,543,0.9568,0.9663
9,unreached,multilingual,543,0.9714,0.9836
8,accepted,multilingual,336,0.9023,0.8596
2,unreached,multilingual,444,0.8875,0.8504
13,unreached,multilingual,238,0.9345,0.8799
15,unreached,multilingual,238,0.9573,1.014
1,rejected,multilingual,545,0.9538,0.9412
4,accepted,multilingual,244,0.8883,0.8651
9,accepted,multilingual,244,0.9198,0.7972
10,accepted,multilingual,244,0.8943,0.8112
13,unreached,multilingual,158,0.959,0.9287
8,accepted,multilingual,369,0.9403,0.9036
3,accepted,multilingual,255,0.8996,0.8285
3,unreached,multilingual,159,0.8944,0.9676
15,unreached,multilingual,547,0.9499,0.8828
8,unreached,multilingual,454,0.892,0.8547
12,unreached,multilingual,382,0.8953,0.8276
9,rejected,multilingual,161,0.9845,1.022
9,accepted,multilingual,388,0.9055,1.015
4,accepted,multilingual,278,0.8551,0.8095
6,accepted,multilingual,278,0.8953,0.8624
8,accepted,multilingual,278,0.9451,0.8429
3,accepted,multilingual,170,0.9364,0.8624
11,unreached,multilingual,170,0.943,0.9195
4,accepted,multilingual,400,0.8744,0.796
7,accepted,multilingual,400,0.8568,0.8372
12,accepted,multilingual,289,0.9264,0.9801
8,accepted,multilingual,178,0.9379,0.9267
8,unreached,multilingual,103,0.8466,0.8367
8,unreached,multilingual,416,0.9391,0.8603
4,unreached,multilingual,188,0.9003,0.915
5,unreached,multilingual,188,0.8769,0.9146
8,unreached,multilingual,105,0.8581,0.8495
1,accepted,multilingual,461,0.8392,0.7787
2,accepted,multilingual,423,0.8625,0.7602
3,unreached,multilingual,190,0.9216,0.9734
5,unreached,multilingual,106,0.9687,1.015
12,unreached,multilingual,106,0.8599,0.8382
2,rejected,multilingual,465,0.853,0.7807
10,unreached,multilingual,465,0.8968,0.7305
6,accepted,multilingual,327,0.9183,0.9732
2,accepted,multilingual,191,0.9052,0.9639
14,unreached,multilingual,467,0.9476,0.8557
2,accepted,multilingual,444,0.93,0.9327
9,unreached,multilingual,468,0.9464,0.8446
3,accepted,multilingual,449,0.892,1.037
4,accepted,multilingual,354,0.9644,0.859
9,accepted,multilingual,354,0.8948,0.8766
5,rejected,multilingual,111,0.8945,0.9
11,unreached,multilingual,111,0.8753,0.8477
11,unreached,multilingual,370,0.9345,0.983
2,rejected,multilingual,474,0.85,0.7711
1,accepted,multilingual,372,0.9077,0.8534
1,accepted,multilingual,203,0.8936,0.9304
11,unreached,multilingual,203,0.8972,0.896
2,accepted,multilingual,118,0.8849,0.9266
1,rejected,multilingual,205,0.8739,0.9162
8,accepted,multilingual,390,0.8994,0.8078
1,accepted,multilingual,206,0.9386,1.01
7,unreached,multilingual,206,0.9245,0.951
8,unreached,multilingual,206,0.9482,0.9771
10,unreached,multilingual,206,0.9345,0.9423
8,accepted,multilingual,480,0.8824,0.8438
15,unreached,multilingual,406,0.9123,0.773
4,unreached,multilingual,209,0.9516,1.045
9,unreached,multilingual,209,0.8778,0.8503
8,unreached,multilingual,125,0.9278,1.05
11,unreached,multilingual,125,0.9307,0.878
1,accepted,multilingual,83,0.8817,0.9442
4,unreached,multilingual,83,0.8673,0.8828
6,unreached,multilingual,83,0.8483,0.8456
10,unreached,multilingual,83,0.8489,0.8147
14,unreached,multilingual,83,0.8665,0.8432
13,unreached,multilingual,490,0.894,0.7589
4,unreached,multilingual,417,0.9703,1.036
5,unreached,multilingual,210,0.9234,1.019
6,unreached,multilingual,85,0.8624,0.8384
14,unreached,multilingual,85,0.8583,0.834
15,unreached,multilingual,85,0.8585,0.8305
5,unreached,multilingual,493,0.9221,0.8674
15,unreached,multilingual,419,0.9297,0.8345
5,unreached,multilingual,211,0.9281,0.9644
1,accepted,multilingual,127,0.868,0.9658
11,unreached,multilingual,127,0.9325,0.9606
14,unreached,multilingual,494,0.9122,0.8207
6,accepted,multilingual,420,0.8605,0.8502
10,unreached,multilingual,420,0.8929,0.8344
4,unreached,multilingual,214,0.9043,0.9278
14,unreached,multilingual,214,0.9356,0.8263
3,unreached,multilingual,496,0.9049,0.809
7,unreached,multilingual,429,0.9477,0.8891
9,unreached,multilingual,215,0.9555,0.932
9,unreached,multilingual,135,0.9192,0.9359
1,accepted,multilingual,90,0.9149,0.9229
11,unreached,multilingual,90,0.8678,0.8502
14,unreached,multilingual,497,0.942,0.7939
6,unreached,multilingual,432,0.8835,0.7706
15,unreached,multilingual,143,0.9225,1.115
13,unreached,multilingual,93,0.8676,0.8854
4,unreached,multilingual,235,0.9497,0.9583
6,rejected,multilingual,144,0.9361,1.011
13,unreached,multilingual,442,0.9115,0.8975
3,unreached,multilingual,237,0.9257,0.9564
3,accepted,multilingual,447,0.8595,0.7915
8,unreached,multilingual,447,0.9726,0.9144
7,unreached,multilingual,238,0.8743,0.8931
8,unreached,multilingual,59,0.8591,0.8052
1,accepted,multilingual,452,0.8919,0.894
1,rejected,multilingual,153,0.9118,0.8873
15,unreached,multilingual,153,0.8873,0.9133
11,unreached,multilingual,241,0.8817,0.9375
3,accepted,multilingual,154,0.8996,0.9933
11,unreached,multilingual,154,0.8886,0.9107
5,unreached,multilingual,106,0.9459,1.011
13,unreached,multilingual,242,0.8632,0.8344
12,unreached,multilingual,158,0.9068,0.9592
4,accepted,multilingual,107,0.8946,0.9961
13,unreached,multilingual,64,0.9079,0.8808
9,unreached,multilingual,115,0.9021,0.8658
5,accepted,multilingual,246,0.9228,1.029
6,unreached,multilingual,123,0.9347,1.107
7,unreached,multilingual,123,0.9093,0.9827
14,unreached,multilingual,89,0.9053,0.9079
4,accepted,multilingual,172,0.9246,0.9719
1,accepted,multilingual,70,0.8521,0.938
7,unreached,multilingual,91,0.8654,0.8489
4,unreached,multilingual,253,0.8973,0.9763
14,unreached,multilingual,253,0.8723,0.8853
8,accepted,multilingual,181,0.9275,1.013
5,accepted,multilingual,127,0.9386,0.9963
7,rejected,multilingual,127,0.9258,1.006
14,unreached,multilingual,72,0.9097,0.8875
3,unreached,multilingual,93,0.9161,0.9119
5,unreached,multilingual,254,0.8772,0.9023
9,unreached,multilingual,254,0.8814,0.8931
13,unreached,multilingual,254,0.8878,0.8992
15,unreached,multilingual,254,0.8881,0.9026
8,unreached,multilingual,94,0.8913,0.8871
9,unreached,multilingual,255,0.8939,1.035
10,unreached,multilingual,197,0.8886,0.8676
2,unreached,multilingual,77,0.9079,1.06
1,accepted,multilingual,153,0.8525,0.8383
4,accepted,multilingual,153,0.8646,0.875
9,accepted,multilingual,153,0.9105,0.9298
15,unreached,multilingual,96,0.8971,0.8739
3,rejected,multilingual,176,0.8815,0.9223
5,unreached,multilingual,176,0.9348,0.9486
7,unreached,multilingual,176,0.9402,1.055
15,unreached,multilingual,176,0.9323,0.7757
1,rejected,multilingual,85,0.9091,0.9057
8,unreached,multilingual,100,0.9141,0.9312
9,unreached,multilingual,267,0.8807,0.8905
4,accepted,multilingual,214,0.8813,0.9543
13,unreached,multilingual,179,0.9774,0.8741
15,unreached,multilingual,86,0.913,0.8289
12,unreached,multilingual,268,0.8944,0.93
3,accepted,multilingual,181,0.9241,0.9027
10,accepted,multilingual,181,0.9365,0.9402
14,unreached,multilingual,87,0.9077,0.8247
1,accepted,multilingual,104,0.8607,0.9613
4,unreached,multilingual,270,0.9149,0.9458
11,unreached,multilingual,223,0.9461,0.929
12,unreached,multilingual,223,0.9541,0.8423
14,accepted,multilingual,197,0.938,1.022
2,unreached,multilingual,106,0.9185,0.9382
13,unreached,multilingual,106,0.9278,0.8806
6,accepted,multilingual,271,0.956,0.9904
14,unreached,multilingual,224,0.9011,0.8643
13,rejected,multilingual,213,0.902,0.9236
12,unreached,multilingual,92,0.9335,0.9982
14,unreached,multilingual,227,0.9718,0.9575
2,rejected,multilingual,226,0.856,0.9534
12,unreached,multilingual,98,0.9166,0.9937
1,accepted,multilingual,108,0.8756,0.9206
3,accepted,multilingual,229,0.8976,0.9156
8,unreached,multilingual,228,0.861,0.8304
13,unreached,multilingual,108,0.9205,0.8059
9,unreached,multilingual,111,0.9278,0.9645
10,unreached,multilingual,240,0.9364,0.9779
3,accepted,multilingual,110,0.9563,0.9054
6,unreached,multilingual,114,0.8931,0.9146
7,accepted,multilingual,245,0.9033,0.9533
8,unreached,multilingual,230,0.8737,0.8298
13,unreached,multilingual,230,0.8913,0.8625
5,unreached,multilingual,115,0.9015,1.037
7,unreached,multilingual,115,0.8838,0.9114
3,accepted,multilingual,260,0.8856,0.9203
4,rejected,multilingual,260,0.9186,0.9832
2,rejected,multilingual,232,0.9394,0.9819
6,unreached,multilingual,232,0.9224,0.9007
7,rejected,multilingual,130,0.9163,0.9609
3,rejected,multilingual,119,0.8759,0.9232
8,unreached,multilingual,119,0.9406,0.9569
12,unreached,multilingual,119,0.8921,0.8648
10,unreached,multilingual,290,0.8644,0.8675
12,unreached,multilingual,264,0.8633,0.8497
7,rejected,multilingual,234,0.919,1.001
1,rejected,multilingual,291,0.9035,0.9435
7,unreached,multilingual,291,0.9288,0.944
3,unreached,multilingual,267,0.954,0.9514
9,unreached,multilingual,241,0.9626,1.022
2,unreached,multilingual,144,0.9333,0.9879
9,unreached,multilingual,249,0.9145,0.8501
7,unreached,multilingual,127,0.8923,0.87
1,rejected,multilingual,299,0.9554,0.9933
7,unreached,multilingual,150,0.9336,0.9949
15,unreached,multilingual,150,0.8999,0.9384
13,unreached,multilingual,130,0.8742,0.8421
15,unreached,multilingual,130,0.8788,0.8474
14,unreached,multilingual,252,0.9203,1.055
10,unreached,multilingual,152,0.9096,0.8679
2,accepted,multilingual,301,0.8698,0.9202
2,accepted,multilingual,255,0.8402,0.7836
15,unreached,multilingual,137,0.8799,0.8573
1,rejected,multilingual,304,0.9573,1.047
12,unreached,multilingual,259,0.9235,0.9748
12,unreached,multilingual,139,0.8645,0.8339
12,unreached,multilingual,305,0.9299,0.9165
13,unreached,multilingual,285,0.9702,0.8287
5,accepted,multilingual,159,0.9161,0.8764
10,accepted,multilingual,159,0.9681,0.9177
12,unreached,multilingual,159,0.9258,0.8691
5,unreached,multilingual,142,0.8786,0.8601
8,unreached,multilingual,142,0.8781,0.871
10,unreached,multilingual,142,0.8753,0.8662
2,unreached,multilingual,314,0.9293,0.9965
10,unreached,multilingual,314,0.9673,1.033
12,unreached,multilingual,314,0.9462,0.9625
15,unreached,multilingual,289,0.9008,1.106
15,unreached,multilingual,267,0.9131,1.012
1,accepted,multilingual,170,0.9154,0.8737
4,accepted,multilingual,170,0.9858,0.8684
1,accepted,multilingual,143,0.9369,0.9492
2,rejected,multilingual,143,0.9557,0.9625
11,unreached,multilingual,143,0.9273,0.9718
14,unreached,multilingual,143,0.8951,0.8728
12,unreached,multilingual,269,0.9091,1.008
4,unreached,multilingual,177,0.937,0.9783
4,accepted,multilingual,145,0.8953,0.9259
6,unreached,multilingual,145,0.9344,0.9955
8,unreached,multilingual,145,0.8837,0.8491
14,unreached,multilingual,145,0.8721,0.8567
10,unreached,multilingual,180,0.9228,0.8509
11,unreached,multilingual,180,0.9012,0.8795
15,unreached,multilingual,180,0.894,0.8533
2,unreached,multilingual,151,0.9136,0.8926
5,accepted,multilingual,345,0.9292,0.8043
7,accepted,multilingual,345,0.9781,0.8745
10,accepted,multilingual,345,0.9161,0.794
8,unreached,multilingual,286,0.9094,0.942
10,unreached,multilingual,183,0.9235,0.8264
7,unreached,multilingual,91,0.9073,0.9724
4,unreached,multilingual,287,0.9178,0.9502
7,unreached,multilingual,153,0.9297,0.9594
13,unreached,multilingual,153,0.9045,0.9109
2,rejected,multilingual,93,0.9438,0.9687
13,unreached,multilingual,93,0.8829,0.8918
10,unreached,multilingual,359,0.9458,0.8732
3,accepted,multilingual,198,0.9907,0.8556
7,unreached,multilingual,360,0.9139,0.9084
14,unreached,multilingual,360,0.9275,0.8573
1,accepted,multilingual,98,0.9271,0.9003
14,unreached,multilingual,98,0.9162,0.8696
6,unreached,multilingual,293,0.9765,1.079
8,unreached,multilingual,101,0.8924,0.8736
9,unreached,multilingual,294,0.9539,1.119
2,unreached,multilingual,159,0.9294,0.9837
7,unreached,multilingual,159,0.8885,0.9307
12,unreached,multilingual,159,0.8818,0.8824
10,unreached,multilingual,105,0.9357,0.9712
8,unreached,multilingual,363,0.9175,0.89
10,accepted,multilingual,300,0.9675,0.9016
10,unreached,multilingual,160,0.8646,0.8405
9,unreached,multilingual,106,0.9685,1.133
2,accepted,multilingual,106,0.8875,0.9138
3,unreached,multilingual,364,0.8751,0.8644
13,unreached,multilingual,107,0.917,0.9545
14,unreached,multilingual,111,0.9296,0.9662
15,accepted,multilingual,365,0.9568,0.8665
4,rejected,multilingual,114,0.9329,0.9911
1,accepted,multilingual,115,0.8538,0.9341
13,unreached,multilingual,115,0.9058,0.855
3,rejected,multilingual,381,0.9853,0.9993
8,unreached,multilingual,381,0.882,0.9609
6,unreached,multilingual,327,0.8835,0.9271
2,rejected,multilingual,118,0.8491,1.012
11,unreached,multilingual,122,0.9123,0.8801
6,unreached,multilingual,170,0.9167,1.054
8,unreached,multilingual,120,0.9241,0.9532
2,unreached,multilingual,123,0.9734,0.9674
8,unreached,multilingual,391,0.9413,1.01
11,unreached,multilingual,329,0.9261,0.9042
10,unreached,multilingual,172,0.901,0.8751
10,unreached,multilingual,398,0.9163,0.8643
10,unreached,multilingual,330,0.9061,0.9052
14,unreached,multilingual,330,0.9382,1.064
2,accepted,multilingual,125,0.9064,0.9337
12,unreached,multilingual,175,0.9093,0.8303
4,unreached,multilingual,129,0.8804,0.903
6,unreached,multilingual,129,0.9744,1.021
3,accepted,multilingual,176,0.9243,0.9772
7,unreached,multilingual,176,0.9464,1.017
5,unreached,multilingual,139,0.9099,0.9776
13,unreached,multilingual,139,0.8943,0.8663
3,unreached,multilingual,130,0.9379,0.9581
15,unreached,multilingual,130,0.8793,0.8476
6,unreached,multilingual,140,0.9316,0.9668
9,unreached,multilingual,140,0.8894,0.9125
12,unreached,multilingual,140,0.895,0.9031
8,unreached,multilingual,154,0.8826,0.8704
4,accepted,multilingual,143,0.9212,0.9658
10,unreached,multilingual,143,0.9641,1.026
12,unreached,multilingual,143,0.9132,0.9619
7,unreached,multilingual,136,0.9052,0.9442
10,unreached,multilingual,157,0.8995,0.8841
1,accepted,multilingual,148,0.8672,0.9088
13,unreached,multilingual,142,0.9076,0.8797
10,unreached,multilingual,194,0.885,0.8136
9,unreached,multilingual,152,0.8921,1.071
5,unreached,multilingual,144,0.9469,0.994
1,accepted,multilingual,373,0.9452,0.9747
2,unreached,multilingual,195,0.9236,1
8,unreached,multilingual,195,0.9051,0.978
3,accepted,multilingual,153,0.8877,0.9735
13,accepted,multilingual,164,0.9249,1.075
10,unreached,multilingual,149,0.9404,1.007
13,unreached,multilingual,201,0.892,0.9057
15,unreached,multilingual,201,0.8879,0.8996
3,accepted,multilingual,154,0.9387,0.9931
10,unreached,multilingual,209,0.9309,0.8948
3,accepted,multilingual,160,0.9452,0.9423
13,unreached,multilingual,160,0.8973,0.8981
15,unreached,multilingual,186,0.9613,0.8137
4,accepted,multilingual,164,0.9204,0.9891
2,accepted,multilingual,172,0.8907,0.8994
6,unreached,multilingual,172,0.915,0.9621
15,unreached,multilingual,172,0.8952,0.9077
13,unreached,multilingual,124,0.9518,0.8883
8,unreached,multilingual,213,0.9225,0.9309
10,unreached,multilingual,175,0.9094,0.8486
12,unreached,multilingual,175,0.9113,0.847
12,unreached,multilingual,125,0.9813,0.9607
8,unreached,multilingual,217,0.9126,0.8986
8,accepted,multilingual,172,0.9171,0.9182
3,rejected,multilingual,177,0.8755,0.9707
5,accepted,multilingual,127,0.9242,0.8594
9,accepted,multilingual,127,0.9863,1.002
10,unreached,multilingual,220,0.901,0.8501
15,unreached,multilingual,220,0.939,0.9659
3,unreached,multilingual,217,0.9338,0.9143
6,unreached,multilingual,217,0.8681,0.9865
13,unreached,multilingual,217,0.8994,0.9188
7,unreached,multilingual,183,0.9498,0.9055
8,unreached,multilingual,183,0.9095,1.06
4,unreached,multilingual,180,0.8949,0.9246
15,unreached,multilingual,180,0.898,0.8461
10,accepted,multilingual,143,0.9031,0.7957
1,rejected,multilingual,181,0.9686,0.9934
9,unreached,multilingual,181,0.9178,0.877
15,unreached,multilingual,181,0.8811,0.8115
15,unreached,multilingual,155,0.9198,0.7884
7,unreached,multilingual,222,0.9027,0.9019
13,unreached,multilingual,222,0.9544,0.8859
15,unreached,multilingual,228,0.9378,0.8386
7,unreached,multilingual,194,0.8668,0.8471
13,unreached,multilingual,182,0.8719,0.8516
2,accepted,multilingual,164,0.9265,0.8529
6,accepted,multilingual,164,0.9831,0.9585
1,accepted,multilingual,223,0.8591,0.8629
10,accepted,multilingual,230,0.945,0.8588
14,accepted,multilingual,230,0.9748,0.9039
2,rejected,multilingual,196,0.8831,0.9529
5,accepted,multilingual,184,0.8979,0.8981
5,unreached,multilingual,192,0.9106,0.9614
9,unreached,multilingual,192,0.9005,0.872
13,unreached,multilingual,192,0.9176,0.8496
7,unreached,multilingual,228,0.9367,0.9406
6,unreached,multilingual,253,0.8897,0.9493
13,unreached,multilingual,253,0.9138,0.9116
5,unreached,multilingual,201,0.9035,0.9096
7,unreached,multilingual,194,0.9836,0.9108
10,unreached,multilingual,194,0.8812,0.9075
15,unreached,multilingual,232,0.8851,0.9945
8,accepted,multilingual,196,0.9699,0.9848
9,unreached,multilingual,235,0.9052,0.9459
8,unreached,multilingual,216,0.9044,0.8983
3,rejected,multilingual,205,0.8478,0.7767
12,unreached,multilingual,205,0.9628,0.8711
12,accepted,multilingual,269,0.9644,1.013
2,accepted,multilingual,222,0.8804,0.9265
5,unreached,multilingual,222,0.899,0.9449
6,unreached,multilingual,222,0.9688,0.9793
10,unreached,multilingual,250,0.9177,0.8809
15,unreached,multilingual,250,0.8893,0.794
6,unreached,multilingual,225,0.9469,0.9775
1,rejected,multilingual,252,0.8494,0.8504
12,unreached,multilingual,291,0.8864,0.8964
12,unreached,multilingual,214,0.9112,0.8539
14,rejected,multilingual,214,0.9234,0.8165
2,unreached,multilingual,253,0.9373,1.01
2,accepted,multilingual,301,0.8762,0.8746
8,unreached,multilingual,301,1.005,0.8795
4,unreached,multilingual,217,0.8543,0.9779
1,accepted,multilingual,228,0.8832,0.8029
4,unreached,multilingual,254,0.9197,0.9594
9,unreached,multilingual,234,0.9227,0.8907
6,accepted,multilingual,220,0.9218,0.9325
11,unreached,multilingual,220,0.9362,0.88
7,accepted,multilingual,231,0.8751,0.8219
7,unreached,multilingual,235,0.8616,0.8784
13,unreached,multilingual,241,0.9003,0.8033
6,unreached,multilingual,153,0.933,0.8544
13,unreached,multilingual,260,0.8869,0.8251
7,unreached,multilingual,231,0.9619,1.043
1,accepted,multilingual,251,0.8884,0.8051
4,unreached,multilingual,154,0.9491,0.8644
1,rejected,multilingual,261,0.9084,0.9372
6,accepted,multilingual,254,0.8808,0.8038
14,unreached,multilingual,262,0.8965,0.8235
2,accepted,multilingual,237,0.8689,0.9067
10,unreached,multilingual,237,0.969,0.9971
12,unreached,multilingual,261,0.9439,0.8375
13,unreached,multilingual,261,0.9233,0.8338
2,unreached,multilingual,156,0.947,0.9454
3,unreached,multilingual,156,0.9467,0.8724
14,unreached,multilingual,156,0.9233,0.8344
1,accepted,multilingual,263,0.8787,0.9323
7,unreached,multilingual,244,0.9371,0.9381
2,accepted,multilingual,271,0.9192,0.892
1,rejected,multilingual,157,0.9442,0.9001
2,unreached,multilingual,157,0.9551,0.9893
3,unreached,multilingual,268,0.9729,1.062
15,unreached,multilingual,245,0.9102,0.941
11,unreached,multilingual,274,0.8951,0.8025
12,unreached,multilingual,274,0.9646,0.8328
2,accepted,multilingual,270,0.9508,0.9226
5,accepted,multilingual,270,0.8807,0.9009
12,unreached,multilingual,252,0.9076,0.8755
10,unreached,multilingual,248,0.9025,0.9019
12,accepted,multilingual,280,1,0.8947
9,unreached,multilingual,159,0.9077,0.8255
13,unreached,multilingual,276,0.8853,0.8279
7,unreached,multilingual,295,0.9265,0.8666
6,unreached,multilingual,161,0.9302,0.8491
1,rejected,multilingual,280,0.8546,0.8744
6,unreached,multilingual,280,0.9082,0.9098
8,unreached,multilingual,280,0.9013,0.8751
1,accepted,multilingual,255,0.8923,0.8945
4,unreached,multilingual,251,0.8937,0.9098
4,accepted,multilingual,297,0.8794,0.8064
6,accepted,multilingual,297,0.957,0.8756
14,unreached,multilingual,297,0.999,1.14
3,unreached,multilingual,162,0.9585,0.9427
5,unreached,multilingual,162,0.974,0.9567
13,unreached,multilingual,281,0.9118,0.8973
2,accepted,multilingual,257,0.8652,0.8911
7,unreached,multilingual,257,0.9605,0.9986
7,unreached,multilingual,254,0.9223,0.9482
6,accepted,multilingual,309,0.9449,0.945
2,unreached,multilingual,163,0.9639,0.9594
13,rejected,multilingual,285,0.9133,0.9889
12,unreached,multilingual,257,0.9449,0.9116
3,rejected,multilingual,325,0.8657,0.7984
9,unreached,multilingual,325,0.8865,0.8942
3,unreached,multilingual,164,0.9343,0.8923
7,unreached,multilingual,164,0.948,0.8824
12,unreached,multilingual,298,0.9093,0.8609
1,rejected,multilingual,264,0.8635,0.9179
4,unreached,multilingual,328,0.9676,1.003
5,unreached,multilingual,328,0.9451,0.9148
3,unreached,multilingual,165,0.9651,1.05
8,unreached,multilingual,165,0.9714,0.9307
1,accepted,multilingual,300,0.921,0.9369
5,unreached,multilingual,166,0.9406,0.9374
2,rejected,multilingual,303,0.936,0.9544
5,accepted,multilingual,261,0.9018,1.017
6,accepted,multilingual,261,0.8869,0.923
2,accepted,multilingual,337,0.9502,0.8767
6,accepted,multilingual,337,0.951,0.999
7,unreached,multilingual,168,0.9389,0.8519
4,unreached,multilingual,305,0.9301,0.932
6,unreached,multilingual,305,0.9088,0.8643
14,unreached,multilingual,305,0.9031,0.8142
7,unreached,multilingual,271,0.9432,0.9597
9,unreached,multilingual,271,0.9675,1.014
6,unreached,multilingual,306,0.9648,0.907
3,unreached,multilingual,273,0.9474,1.054
4,unreached,multilingual,273,0.9276,0.9434
14,accepted,multilingual,364,0.8684,0.8098
4,accepted,multilingual,309,0.9181,0.9357
12,unreached,multilingual,380,0.9266,0.9556
13,unreached,multilingual,380,0.9099,0.7926
1,rejected,multilingual,172,0.948,1.035
1,rejected,multilingual,282,0.9328,0.955
6,unreached,multilingual,282,0.8788,0.9332
3,accepted,multilingual,382,0.8903,0.8352
13,unreached,multilingual,173,0.9085,0.8376
12,unreached,multilingual,326,0.9309,0.8921
5,accepted,multilingual,393,0.9519,0.877
7,unreached,multilingual,174,0.9552,0.9786
12,unreached,multilingual,331,0.924,0.8525
13,unreached,multilingual,281,0.9499,0.8346
13,unreached,multilingual,406,0.9449,0.8604
8,unreached,multilingual,175,0.9455,0.9097
10,unreached,multilingual,336,0.954,0.871
6,unreached,multilingual,417,0.9652,1.017
3,unreached,multilingual,339,0.9222,0.8889
10,unreached,multilingual,339,0.9624,0.958
6,accepted,multilingual,286,0.9131,0.9032
3,accepted,multilingual,420,0.9602,0.9978
5,accepted,multilingual,420,0.9406,0.9943
10,accepted,multilingual,420,0.953,0.9521
10,rejected,multilingual,340,0.9137,0.8875
7,unreached,multilingual,297,0.8884,0.8813
11,unreached,multilingual,297,0.9275,0.9218
12,unreached,multilingual,297,0.896,0.8747
13,unreached,multilingual,297,0.8692,0.845
11,unreached,multilingual,293,0.9126,0.9347
15,unreached,multilingual,293,0.8927,0.8914
1,rejected,multilingual,434,0.8407,0.7451
10,unreached,multilingual,183,0.9512,1.05
13,unreached,multilingual,183,0.9681,0.9328
15,unreached,multilingual,183,0.9362,0.8589
12,unreached,multilingual,298,0.8695,0.8701
15,unreached,multilingual,301,0.9053,0.919
5,accepted,multilingual,435,0.9089,0.8318
3,unreached,multilingual,185,0.9548,0.8809
15,unreached,multilingual,185,0.9462,0.8593
5,accepted,multilingual,442,0.8876,0.7704
4,accepted,multilingual,186,0.9152,0.924
10,unreached,multilingual,186,0.9375,0.8804
4,accepted,multilingual,369,0.9059,0.823
7,unreached,multilingual,301,0.8876,0.8913
11,unreached,multilingual,301,0.8715,0.8712
4,unreached,multilingual,452,0.8874,0.875
11,unreached,multilingual,452,0.9283,0.8945
8,unreached,multilingual,192,0.9372,0.9502
6,unreached,multilingual,193,0.9419,0.9096
7,unreached,multilingual,193,0.9179,0.8752
8,unreached,multilingual,304,0.8928,0.9382
9,unreached,multilingual,304,0.9064,0.9262
4,unreached,multilingual,196,0.9459,0.9442
8,unreached,multilingual,196,0.9027,0.8216
1,rejected,multilingual,393,0.8683,0.8973
3,unreached,multilingual,393,0.9224,0.9403
1,accepted,multilingual,307,0.8792,0.8721
5,unreached,multilingual,319,0.8801,0.9051
10,unreached,multilingual,319,0.9296,0.969
11,unreached,multilingual,319,0.9107,0.96
3,unreached,multilingual,198,0.9053,0.8922
4,unreached,multilingual,198,0.8942,0.8227
9,unreached,multilingual,394,0.939,0.8449
2,unreached,multilingual,309,0.8699,0.8304
7,unreached,multilingual,320,0.929,0.9753
6,accepted,multilingual,480,0.9607,0.8901
3,unreached,multilingual,395,0.8863,0.894
11,unreached,multilingual,395,0.9546,0.8225
12,unreached,multilingual,310,0.9665,0.865
9,accepted,multilingual,490,0.9585,0.8939
12,accepted,multilingual,490,0.9162,0.9388
4,unreached,multilingual,312,0.928,0.9611
1,accepted,multilingual,503,0.8435,0.859
10,unreached,multilingual,207,0.912,0.8401
7,accepted,multilingual,425,0.937,0.8888
12,unreached,multilingual,333,0.9345,0.9673
9,accepted,multilingual,325,0.9615,0.9785
10,accepted,multilingual,325,0.918,1.095
10,unreached,multilingual,337,0.9348,0.9484
1,rejected,multilingual,60,0.987,0.9451
13,unreached,multilingual,442,0.9017,0.9094
1,accepted,multilingual,213,0.9313,0.9149
8,accepted,multilingual,444,0.8937,0.9476
3,accepted,multilingual,62,0.9395,0.869
14,accepted,multilingual,62,0.9036,0.9034
4,accepted,multilingual,223,0.9307,0.8892
1,accepted,multilingual,78,0.8868,0.8126
3,rejected,multilingual,349,0.9608,1.05
4,unreached,multilingual,349,0.9257,0.9518
5,unreached,multilingual,349,0.9079,0.971
7,accepted,multilingual,362,0.8832,0.8843
14,accepted,multilingual,362,0.9398,0.9545
10,unreached,multilingual,86,0.9573,0.9214
15,unreached,multilingual,86,0.9333,0.8082
6,unreached,multilingual,460,0.9193,0.9414
13,unreached,multilingual,460,0.9941,0.9486
4,accepted,multilingual,378,0.8833,0.8787
3,accepted,multilingual,231,0.9496,0.8745
11,unreached,multilingual,89,0.9846,0.9661
4,accepted,multilingual,461,0.9344,0.9115
2,accepted,multilingual,236,0.9463,0.938
6,unreached,multilingual,236,0.9199,0.8934
8,unreached,multilingual,236,0.9341,0.9018
1,accepted,multilingual,91,0.8902,0.7934
4,unreached,multilingual,91,0.9258,0.7972
2,accepted,multilingual,354,0.9159,1.028
1,rejected,multilingual,401,0.9597,0.9591
11,unreached,multilingual,402,0.9252,0.9907
1,rejected,multilingual,95,0.8836,0.7771
12,unreached,multilingual,107,0.913,0.8253
8,rejected,multilingual,409,0.9009,0.8853
11,unreached,multilingual,409,0.9433,0.9787
12,unreached,multilingual,96,0.9196,0.7992
14,unreached,multilingual,96,0.9985,1.046
2,unreached,multilingual,108,0.9778,0.9464
8,unreached,multilingual,108,0.9153,0.833
10,unreached,multilingual,253,0.9016,0.8114
8,unreached,multilingual,105,0.9663,0.8213
11,unreached,multilingual,105,0.9133,0.8026
5,unreached,multilingual,433,0.9278,1.013
11,unreached,multilingual,109,0.9024,0.7954
4,unreached,multilingual,243,0.9746,0.8714
14,unreached,multilingual,436,0.9224,0.8721
4,unreached,multilingual,111,0.967,0.9601
14,unreached,multilingual,111,0.9086,0.836
3,accepted,multilingual,245,0.9421,0.8671
1,accepted,multilingual,439,0.9238,0.9554
7,unreached,multilingual,439,0.8915,0.8879
3,unreached,multilingual,120,0.9755,1.011
4,unreached,multilingual,120,0.9663,0.9821
8,unreached,multilingual,120,0.8983,1.003
8,unreached,multilingual,112,0.9098,0.8287
8,unreached,multilingual,442,0.8795,0.9134
5,unreached,multilingual,257,0.9382,0.8648
13,unreached,multilingual,257,0.9027,0.8275
14,unreached,multilingual,121,0.9024,0.8022
6,accepted,multilingual,253,0.9833,0.9302
10,unreached,multilingual,446,0.9265,0.9306
13,unreached,multilingual,446,0.9282,0.9234
14,unreached,multilingual,447,0.904,0.8148
3,unreached,multilingual,115,0.9546,1.014
9,unreached,multilingual,115,0.9072,0.8277
14,unreached,multilingual,115,0.9618,0.8945
14,unreached,multilingual,271,0.9484,0.8017
8,unreached,multilingual,448,0.9304,0.9511
11,unreached,multilingual,448,0.9039,0.8857
13,unreached,multilingual,117,0.9733,0.9258
9,unreached,multilingual,272,0.9546,0.8444
4,unreached,multilingual,449,0.8922,0.9369
8,unreached,multilingual,449,0.9261,0.9628
11,unreached,multilingual,145,0.9243,0.7872
3,unreached,multilingual,118,0.9677,0.9926
11,unreached,multilingual,267,0.9623,0.978
14,accepted,multilingual,151,0.9236,0.9136
1,accepted,multilingual,280,0.8737,0.7958
12,unreached,multilingual,280,0.9117,0.731
3,unreached,multilingual,451,0.8847,0.9394
15,unreached,multilingual,451,0.9177,0.8627
6,unreached,multilingual,269,0.9181,0.8072
10,unreached,multilingual,166,0.8553,0.8127
12,unreached,multilingual,166,0.9065,0.8582
14,unreached,multilingual,166,0.9574,1.03
15,unreached,multilingual,166,0.9521,0.9315
12,unreached,multilingual,270,0.9082,0.803
14,unreached,multilingual,270,0.9056,0.7943
12,unreached,multilingual,174,0.9396,0.8785
13,unreached,multilingual,174,0.9282,0.8197
9,unreached,multilingual,286,0.9015,0.7414
13,unreached,multilingual,286,0.9237,0.776
3,unreached,multilingual,453,0.8847,0.9151
6,unreached,multilingual,176,0.948,0.8823
6,unreached,multilingual,124,0.9901,0.964
2,unreached,multilingual,287,0.8407,0.7696
9,unreached,multilingual,287,0.9719,0.8717
12,unreached,multilingual,287,0.9333,0.7825
14,unreached,multilingual,287,0.9303,0.7783
10,unreached,multilingual,272,0.9203,0.8024
13,unreached,multilingual,272,0.9209,0.8004
2,unreached,multilingual,125,0.9405,0.8642
4,unreached,multilingual,288,0.9643,1.044
7,unreached,multilingual,288,0.982,0.8947
3,rejected,multilingual,456,0.8652,0.8669
5,unreached,multilingual,456,0.9254,0.9681
8,unreached,multilingual,178,0.9486,0.8229
11,unreached,multilingual,178,0.9332,0.8562
1,rejected,multilingual,126,0.9625,0.9057
7,unreached,multilingual,126,0.9313,0.8654
2,accepted,multilingual,274,0.9285,0.9268
13,unreached,multilingual,127,0.8977,0.8201
15,unreached,multilingual,292,0.9228,0.7713
5,unreached,multilingual,464,0.92,0.9223
4,unreached,multilingual,295,0.8738,0.7599
9,unreached,multilingual,289,0.9252,0.8248
14,unreached,multilingual,289,0.9162,0.7842
15,unreached,multilingual,289,0.9161,0.7834
15,unreached,multilingual,186,0.9486,0.8875
1,rejected,multilingual,131,0.9592,0.9514
2,unreached,multilingual,131,0.9688,0.9936
9,unreached,multilingual,297,0.9118,0.8185
13,unreached,multilingual,297,0.9523,0.8729
8,unreached,multilingual,190,0.938,0.9256
11,unreached,multilingual,190,0.9386,0.8524
7,unreached,multilingual,132,0.9216,0.8338
9,unreached,multilingual,132,0.8981,0.8189
10,unreached,multilingual,471,0.9379,0.855
2,accepted,multilingual,192,0.8814,0.8597
14,unreached,multilingual,192,0.915,0.8167
9,unreached,multilingual,133,0.9221,0.8738
13,unreached,multilingual,133,0.9106,0.8762
15,unreached,multilingual,133,0.9151,0.8798
4,unreached,multilingual,135,0.9451,0.9062
7,accepted,multilingual,303,0.9509,0.9631
13,unreached,multilingual,298,0.9716,0.9317
15,unreached,multilingual,298,0.9661,0.9203
10,unreached,multilingual,211,0.892,0.8184
15,unreached,multilingual,211,0.9809,1.138
9,unreached,multilingual,136,0.8929,0.8127
11,unreached,multilingual,136,0.8947,0.8317
4,unreached,multilingual,311,0.8905,0.7745
4,unreached,multilingual,481,0.932,0.9375
8,unreached,multilingual,300,0.8978,0.9365
5,accepted,multilingual,213,0.9053,0.8427
9,unreached,multilingual,213,0.9063,0.8045
10,unreached,multilingual,213,0.9379,0.8444
7,unreached,multilingual,137,0.9487,0.8986
4,unreached,multilingual,313,0.8909,0.7975
15,unreached,multilingual,313,0.951,0.8369
5,accepted,multilingual,484,0.9687,0.9469
2,unreached,multilingual,138,0.9459,0.9703
9,unreached,multilingual,316,0.9425,0.8832
9,accepted,multilingual,495,0.9122,0.9855
2,accepted,multilingual,220,0.8598,0.7775
8,rejected,multilingual,220,0.8491,0.8356
4,accepted,multilingual,505,0.93,0.8705
9,rejected,multilingual,505,0.9445,0.9878
10,unreached,multilingual,505,0.9586,0.9786
14,unreached,multilingual,505,0.92,0.8308
1,accepted,multilingual,228,0.8345,0.8475
2,accepted,multilingual,228,0.9378,0.994
5,rejected,multilingual,228,0.8903,0.8629
3,unreached,multilingual,140,0.9698,0.9764
14,unreached,multilingual,140,0.9055,0.8465
3,unreached,multilingual,319,0.9332,0.8145
5,unreached,multilingual,320,0.9427,0.9258
6,unreached,multilingual,320,0.895,0.897
8,unreached,multilingual,326,0.933,0.824
10,unreached,multilingual,516,0.9674,0.9437
9,unreached,multilingual,322,0.9295,0.8983
1,accepted,multilingual,239,0.8587,0.7541
7,unreached,multilingual,239,0.9375,0.7925
13,unreached,multilingual,332,0.9385,0.7835
6,accepted,multilingual,519,0.9815,0.9338
1,accepted,multilingual,323,0.9039,0.8261
5,accepted,multilingual,323,0.9367,0.9157
2,accepted,multilingual,241,0.9002,0.8342
6,unreached,multilingual,241,0.9283,0.8168
11,unreached,multilingual,241,0.9415,0.793
10,unreached,multilingual,334,0.8992,0.854
1,accepted,multilingual,531,0.8847,0.843
1,rejected,multilingual,332,0.9974,0.9914
3,unreached,multilingual,332,0.9208,0.9142
4,accepted,multilingual,245,0.9076,0.846
9,accepted,multilingual,245,0.9153,0.7781
12,unreached,multilingual,333,0.9403,0.8974
2,accepted,multilingual,255,0.9221,0.8329
8,accepted,multilingual,255,0.885,0.894
11,accepted,multilingual,255,0.9578,0.847
8,unreached,multilingual,151,0.9403,0.8667
3,accepted,multilingual,350,0.9564,0.8581
8,unreached,multilingual,350,0.9601,0.9346
11,unreached,multilingual,350,0.9225,0.8911
12,unreached,multilingual,189,0.96,0.8898
5,unreached,multilingual,361,0.8991,0.7653
4,unreached,multilingual,190,0.9977,0.9802
7,unreached,multilingual,190,0.9749,0.9488
13,unreached,multilingual,355,0.9499,0.991
3,unreached,multilingual,273,0.9067,0.7969
5,unreached,multilingual,157,0.9586,1.009
4,accepted,multilingual,356,0.9112,0.8397
8,unreached,multilingual,158,0.9204,0.8591
9,unreached,multilingual,367,0.8926,0.8108
3,unreached,multilingual,193,0.9737,0.9573
1,rejected,multilingual,372,0.926,0.9215
10,unreached,multilingual,372,0.8959,0.8076
14,unreached,multilingual,372,0.913,0.8298
1,accepted,multilingual,281,0.863,0.7721
12,unreached,multilingual,281,0.9305,1.014
6,unreached,multilingual,194,0.9719,0.9543
12,unreached,multilingual,166,0.9186,0.8557
4,unreached,multilingual,195,0.9936,0.9823
8,unreached,multilingual,195,0.9633,0.8996
6,unreached,multilingual,374,0.915,1.005
9,unreached,multilingual,374,0.9067,0.8451
7,unreached,multilingual,296,0.9299,0.8027
13,unreached,multilingual,375,0.9241,0.8373
5,unreached,multilingual,197,0.9853,0.9719
3,unreached,multilingual,376,0.9178,0.8594
15,unreached,multilingual,376,0.9202,0.8335
5,accepted,multilingual,170,0.8932,0.8935
8,rejected,multilingual,170,0.9997,0.9826
13,unreached,multilingual,198,0.9695,0.9018
12,unreached,multilingual,302,0.9423,0.8179
3,accepted,multilingual,178,0.8921,0.9805
14,unreached,multilingual,425,0.9697,0.9446
15,unreached,multilingual,425,0.9655,0.9096
4,unreached,multilingual,199,1.003,0.9883
10,unreached,multilingual,199,0.961,0.8892
2,unreached,multilingual,378,0.9478,0.9266
8,unreached,multilingual,182,0.9333,0.9042
10,unreached,multilingual,182,0.9301,0.9329
12,unreached,multilingual,432,0.9111,0.7894
9,unreached,multilingual,200,0.9587,0.893
1,accepted,multilingual,311,0.8489,0.7602
4,accepted,multilingual,186,0.8738,0.8415
6,unreached,multilingual,201,0.953,0.8932
12,unreached,multilingual,201,0.9632,0.8927
15,unreached,multilingual,385,0.8965,0.8006
6,accepted,multilingual,316,0.9311,0.8273
5,unreached,multilingual,191,0.9349,0.9004
2,unreached,multilingual,386,0.9505,0.9085
1,rejected,multilingual,325,0.8612,0.7726
5,unreached,multilingual,325,0.893,0.8705
9,unreached,multilingual,194,0.9171,1.032
3,unreached,multilingual,445,0.9682,0.9223
11,unreached,multilingual,204,0.9717,0.9132
12,unreached,multilingual,204,0.9716,0.9116
5,unreached,multilingual,446,0.9655,0.8991
1,rejected,multilingual,447,0.9492,0.9199
1,rejected,multilingual,206,0.9413,0.9286
3,unreached,multilingual,206,0.9854,0.9794
14,unreached,multilingual,206,0.9792,0.9017
4,accepted,multilingual,222,0.984,0.9747
11,unreached,multilingual,222,0.9754,0.8749
1,accepted,multilingual,448,0.8991,0.8617
7,unreached,multilingual,333,0.9062,0.7376
9,accepted,multilingual,227,0.9389,1.083
7,unreached,multilingual,208,0.9609,0.9271
8,unreached,multilingual,392,0.9408,0.865
15,unreached,multilingual,392,0.9059,0.8159
2,rejected,multilingual,334,0.8847,0.9932
4,unreached,multilingual,334,0.9112,0.7999
12,unreached,multilingual,334,0.9183,0.7561
9,unreached,multilingual,454,0.9606,0.9336
2,unreached,multilingual,209,0.9888,0.9844
14,unreached,multilingual,209,0.9758,0.8943
12,unreached,multilingual,393,0.931,0.8407
10,accepted,multilingual,254,0.8921,0.9407
2,unreached,multilingual,210,0.9976,0.9848
7,unreached,multilingual,210,0.9697,0.9322
10,unreached,multilingual,210,0.9603,0.9093
15,unreached,multilingual,210,0.9744,0.9312
7,unreached,multilingual,398,0.9108,0.8107
9,unreached,multilingual,340,0.973,0.9907
1,accepted,multilingual,268,0.8994,0.8517
7,accepted,multilingual,268,0.8516,0.7989
3,unreached,multilingual,211,1.015,1.02
12,unreached,multilingual,211,0.9743,0.9004
1,accepted,multilingual,399,0.9426,0.9293
3,unreached,multilingual,399,0.9776,0.9767
8,unreached,multilingual,457,0.9732,0.9152
3,unreached,multilingual,401,0.9885,0.9783
1,accepted,multilingual,345,0.8323,0.8595
1,rejected,multilingual,458,0.9371,0.8955
13,unreached,multilingual,458,0.9605,0.8815
13,rejected,multilingual,357,0.9974,1.063
14,unreached,multilingual,298,0.9352,0.8877
6,unreached,multilingual,459,0.9596,0.8826
7,unreached,multilingual,459,0.9489,0.8802
6,unreached,multilingual,404,0.9383,0.8494
5,unreached,multilingual,460,0.9361,0.9368
12,unreached,multilingual,460,0.9573,0.8845
1,rejected,multilingual,215,0.9954,1.01
2,unreached,multilingual,216,0.9849,0.9614
5,unreached,multilingual,216,0.9802,0.9646
6,unreached,multilingual,406,0.9205,0.8186
10,unreached,multilingual,406,0.8967,0.8062
15,unreached,multilingual,406,0.9116,0.8243
7,accepted,multilingual,388,0.8708,0.8919
10,unreached,multilingual,303,0.9401,0.9332
1,rejected,multilingual,462,0.9453,0.9153
13,unreached,multilingual,462,0.9314,0.8773
9,unreached,multilingual,217,0.9664,0.8986
15,unreached,multilingual,408,0.9203,0.8358
3,unreached,multilingual,404,0.9045,0.7982
10,unreached,multilingual,404,0.8995,0.8221
3,unreached,multilingual,218,0.9861,0.9408
8,unreached,multilingual,218,0.9623,0.9036
6,unreached,multilingual,409,0.9329,0.8881
7,unreached,multilingual,409,0.9199,0.8454
14,unreached,multilingual,464,0.9258,0.7834
1,rejected,multilingual,219,0.9715,0.9881
2,rejected,multilingual,410,0.9049,0.84
8,unreached,multilingual,410,0.9443,0.877
14,unreached,multilingual,410,0.9044,0.8713
15,unreached,multilingual,465,0.9113,0.7282
14,unreached,multilingual,412,0.8974,0.8273
15,unreached,multilingual,412,0.8992,0.838
7,accepted,multilingual,417,0.9053,0.867
8,unreached,multilingual,319,0.978,0.8974
10,unreached,multilingual,319,1,1.141
1,rejected,multilingual,221,0.9721,0.9519
11,unreached,multilingual,221,0.9591,0.9317
7,unreached,multilingual,426,0.9547,0.8889
7,unreached,multilingual,467,0.9247,0.8619
13,unreached,multilingual,467,0.9199,0.7509
5,unreached,multilingual,419,0.9742,0.8972
12,unreached,multilingual,419,0.894,0.7947
15,unreached,multilingual,419,0.9135,0.8306
8,unreached,multilingual,432,0.9565,0.8737
14,unreached,multilingual,342,0.9851,0.9236
4,unreached,multilingual,468,0.9603,0.9141
9,unreached,multilingual,223,0.9664,0.9288
4,accepted,multilingual,435,0.8994,0.821
6,accepted,multilingual,435,0.8886,0.766
3,accepted,multilingual,346,0.9602,0.937
10,unreached,multilingual,225,0.9763,0.9158
2,accepted,multilingual,427,0.9146,0.8669
5,unreached,multilingual,226,0.968,0.9805
4,unreached,multilingual,369,0.9877,0.9605
11,unreached,multilingual,369,0.96,0.9038
7,unreached,multilingual,432,0.9527,0.8495
14,unreached,multilingual,432,0.9355,0.8062
2,unreached,multilingual,369,0.9359,0.8926
15,unreached,multilingual,370,0.9628,0.9138
12,unreached,multilingual,371,0.9591,0.9039
15,unreached,multilingual,435,0.9099,0.7848
12,unreached,multilingual,371,0.9568,1.021
15,unreached,multilingual,480,0.9415,0.8864
5,unreached,multilingual,372,0.9369,0.8821
14,unreached,multilingual,372,0.9738,1.009
2,unreached,multilingual,490,0.9618,0.9292
5,unreached,multilingual,437,0.9617,0.9464
2,unreached,multilingual,234,0.9943,0.9575
4,unreached,multilingual,374,0.9761,0.977
10,unreached,multilingual,374,0.9387,0.88
10,unreached,multilingual,374,0.9285,0.9415
8,unreached,multilingual,492,0.9293,0.8561
14,unreached,multilingual,492,0.9346,0.852
7,unreached,multilingual,235,0.9754,0.8944
11,unreached,multilingual,375,0.9627,0.9106
5,unreached,multilingual,236,0.9957,0.9483
15,unreached,multilingual,236,0.9816,0.9159
12,unreached,multilingual,376,0.9678,0.927
11,unreached,multilingual,442,0.954,0.9014
12,unreached,multilingual,377,0.948,0.8802
6,unreached,multilingual,237,0.9906,0.9475
1,rejected,multilingual,495,0.967,0.9415
7,unreached,multilingual,238,0.9688,0.9954
9,unreached,multilingual,238,0.985,1.066
3,unreached,multilingual,378,0.9951,0.974
12,unreached,multilingual,378,0.9675,0.915
3,unreached,multilingual,444,0.9666,0.9499
9,unreached,multilingual,391,0.9125,0.9638
11,unreached,multilingual,496,0.9579,0.877
11,unreached,multilingual,239,0.9816,0.9513
3,unreached,multilingual,379,0.9906,0.9322
6,unreached,multilingual,393,0.8984,0.8059
7,unreached,multilingual,240,0.95,0.9707
10,unreached,multilingual,446,0.9551,0.8743
2,unreached,multilingual,498,0.9408,0.8987
4,unreached,multilingual,381,1.003,1.011
15,unreached,multilingual,399,0.9488,0.9058
4,unreached,multilingual,244,0.981,0.9595
13,unreached,multilingual,502,0.967,0.9348
4,unreached,multilingual,246,0.9686,0.9579
14,unreached,multilingual,246,0.9791,0.8991
8,unreached,multilingual,384,0.9864,0.9444
1,rejected,multilingual,451,0.918,0.8735
11,unreached,multilingual,504,0.9705,0.9315
1,rejected,multilingual,247,0.9321,0.9049
12,unreached,multilingual,247,0.985,0.9008
15,unreached,multilingual,452,0.9515,0.8751
4,unreached,multilingual,505,0.9009,0.8892
8,unreached,multilingual,505,0.9104,0.8545
11,unreached,multilingual,386,0.938,0.848
4,unreached,multilingual,453,0.9352,0.8865
15,unreached,multilingual,424,0.9616,0.9081
14,unreached,multilingual,249,0.9795,0.8798
10,unreached,multilingual,454,0.9621,1.056
1,accepted,multilingual,428,0.939,0.9506
2,rejected,multilingual,428,0.924,0.9601
7,unreached,multilingual,428,0.9345,0.9063
7,unreached,multilingual,507,0.9851,0.9577
13,unreached,multilingual,507,0.9361,0.8449
15,unreached,multilingual,388,0.961,0.8758
13,unreached,multilingual,251,0.9824,0.893
3,unreached,multilingual,389,0.9784,0.9201
11,unreached,multilingual,456,0.9218,0.7876
5,unreached,multilingual,509,0.9394,0.9113
5,unreached,multilingual,252,0.9836,0.9896
6,unreached,multilingual,252,0.975,0.902
2,unreached,multilingual,457,0.9503,0.9663
3,unreached,multilingual,457,0.9636,0.8845
12,unreached,multilingual,510,0.9478,0.8404
3,unreached,multilingual,253,0.9846,0.9621
7,unreached,multilingual,253,0.9647,0.8906
13,unreached,multilingual,253,0.9739,0.8862
4,unreached,multilingual,439,0.929,0.8815
3,unreached,multilingual,513,0.9465,0.9027
12,unreached,multilingual,254,0.9783,0.8997
13,unreached,multilingual,254,0.9794,0.9001
6,unreached,multilingual,392,0.9787,0.9297
2,unreached,multilingual,459,0.9351,0.8322
11,unreached,multilingual,514,0.9167,0.799
14,unreached,multilingual,514,0.9359,0.8104
7,unreached,multilingual,460,0.9376,0.8362
12,unreached,multilingual,515,0.9389,0.8401
13,unreached,multilingual,515,0.933,0.8007
1,rejected,multilingual,256,0.9574,0.9465
4,unreached,multilingual,461,0.9671,0.9261
13,unreached,multilingual,461,0.9287,0.7873
4,unreached,multilingual,453,0.9282,0.9326
5,unreached,multilingual,453,0.9398,0.9277
7,unreached,multilingual,453,0.9238,0.8342
7,unreached,multilingual,454,0.9102,0.7972
6,unreached,multilingual,517,0.949,0.8732
15,unreached,multilingual,517,0.9687,1.018
7,unreached,multilingual,258,0.9744,0.9224
13,unreached,multilingual,258,0.9716,0.8896
1,accepted,multilingual,455,0.9142,0.8883
1,accepted,multilingual,464,0.9337,0.9137
13,unreached,multilingual,520,0.9581,1.083
4,unreached,multilingual,260,1.006,0.9276
2,unreached,multilingual,398,0.9625,0.959
12,unreached,multilingual,398,0.9447,0.8787
10,unreached,multilingual,463,0.9336,0.8395
7,unreached,multilingual,521,0.9193,0.7621
1,rejected,multilingual,261,0.9585,0.9348
4,unreached,multilingual,261,0.9467,0.9044
5,unreached,multilingual,261,0.9499,0.8542
10,unreached,multilingual,261,0.9661,0.8791
7,unreached,multilingual,464,0.9392,0.844
15,unreached,multilingual,464,0.9455,0.8236
2,accepted,multilingual,522,0.9428,0.9008
6,unreached,multilingual,522,0.9174,0.7794
9,unreached,multilingual,522,0.9578,0.9646
4,unreached,multilingual,262,0.9904,0.9851
8,unreached,multilingual,262,0.9751,0.8993
11,unreached,multilingual,466,0.9634,0.9124
9,unreached,multilingual,527,0.9762,0.9954
6,unreached,multilingual,470,0.9299,0.9337
2,accepted,multilingual,487,0.8865,0.9111
11,unreached,multilingual,540,0.9858,0.8544
8,unreached,multilingual,471,0.9332,0.8697
12,unreached,multilingual,266,0.993,1.03
10,unreached,multilingual,472,0.9544,0.9226
5,unreached,multilingual,542,0.9475,0.9095
5,accepted,multilingual,268,0.958,0.8927
7,unreached,multilingual,102,0.9993,0.9153
13,unreached,multilingual,102,0.9528,0.8783
8,unreached,multilingual,473,0.9304,0.9042
9,unreached,multilingual,473,0.9647,0.9493
14,unreached,multilingual,473,0.9264,0.8081
11,unreached,multilingual,274,0.9818,0.9093
1,accepted,multilingual,474,0.9296,0.8487
2,accepted,multilingual,474,0.9481,0.9655
11,unreached,multilingual,474,0.933,0.7677
11,unreached,multilingual,544,0.9486,0.9135
9,unreached,multilingual,277,0.9915,0.9505
7,unreached,multilingual,407,0.9665,0.8955
11,unreached,multilingual,478,0.989,0.8786
12,unreached,multilingual,545,0.9081,1.055
5,unreached,multilingual,278,0.9897,0.9722
1,rejected,multilingual,408,0.9765,0.9435
5,unreached,multilingual,105,0.94,0.9039
7,unreached,multilingual,546,0.9616,0.8333
13,unreached,multilingual,106,0.9623,0.8859
14,unreached,multilingual,106,0.9622,0.8805
5,unreached,multilingual,482,0.9267,0.9015
2,unreached,multilingual,547,0.957,0.892
13,unreached,multilingual,547,0.9519,0.8737
14,unreached,multilingual,547,0.9546,0.9247
3,unreached,multilingual,280,0.9629,0.8878
7,unreached,multilingual,280,0.9731,0.9244
1,rejected,multilingual,410,1.013,1.036
6,unreached,multilingual,410,0.9768,0.9234
9,unreached,multilingual,410,0.9956,0.9662
4,unreached,multilingual,548,0.9434,0.8556
15,unreached,multilingual,108,0.9713,0.8692
10,unreached,multilingual,282,0.9812,0.8952
6,unreached,multilingual,412,1.001,0.9373
7,unreached,multilingual,412,1,0.9381
13,unreached,multilingual,109,0.9738,0.9036
10,unreached,multilingual,110,0.9823,0.9246
10,unreached,multilingual,492,0.9377,0.8987
11,unreached,multilingual,492,0.9517,0.94
6,unreached,multilingual,557,0.987,0.8999
15,unreached,multilingual,414,0.9849,0.8956
11,unreached,multilingual,111,0.9874,0.9319
13,unreached,multilingual,111,0.9581,0.9245
6,unreached,multilingual,558,0.9711,0.8701
8,unreached,multilingual,558,0.9182,0.8624
9,unreached,multilingual,558,0.9634,0.8919
12,unreached,multilingual,559,0.9606,0.8848
13,unreached,multilingual,559,0.9632,0.877
4,unreached,multilingual,113,0.981,0.954
5,unreached,multilingual,504,0.93,0.9923
10,unreached,multilingual,504,0.9268,0.8898
12,unreached,multilingual,504,0.9342,0.8126
13,unreached,multilingual,288,0.9605,0.8811
2,unreached,multilingual,114,0.9974,0.9914
4,unreached,multilingual,505,0.9419,0.886
4,unreached,multilingual,561,0.954,0.9352
9,unreached,multilingual,115,0.9706,0.8992
13,unreached,multilingual,115,0.9723,0.9023
1,accepted,multilingual,508,0.9047,0.8887
14,unreached,multilingual,508,0.9525,0.9027
15,unreached,multilingual,508,0.9435,0.8685
5,unreached,multilingual,562,0.9708,0.9658
8,unreached,multilingual,562,0.9265,0.8787
7,unreached,multilingual,116,0.991,1.005
4,unreached,multilingual,511,0.9743,0.9871
5,unreached,multilingual,511,0.9403,0.9537
13,unreached,multilingual,291,0.9542,0.9069
3,unreached,multilingual,422,0.9712,0.9498
15,unreached,multilingual,422,0.9582,0.9017
14,unreached,multilingual,566,0.9479,0.8278
2,unreached,multilingual,292,0.951,0.9256
15,unreached,multilingual,292,0.994,1.076
7,unreached,multilingual,513,0.9392,0.8381
12,unreached,multilingual,513,0.9112,0.7823
13,unreached,multilingual,514,0.9311,0.8725
15,unreached,multilingual,514,0.923,0.8452
7,unreached,multilingual,568,0.995,0.8888
7,unreached,multilingual,294,0.9615,0.8997
2,unreached,multilingual,120,0.9993,0.9657
5,unreached,multilingual,120,0.9853,0.917
10,unreached,multilingual,120,0.9844,0.9178
13,unreached,multilingual,120,0.9862,0.9275
6,unreached,multilingual,569,0.9993,0.8874
7,unreached,multilingual,295,0.97,1.009
3,unreached,multilingual,429,0.9942,0.98
3,unreached,multilingual,121,0.9822,1.008
3,unreached,multilingual,296,0.9719,0.9248
6,unreached,multilingual,296,0.9642,0.9575
7,unreached,multilingual,430,0.9838,0.9173
8,unreached,multilingual,122,0.9884,0.9193
10,unreached,multilingual,122,0.9885,0.9213
9,accepted,multilingual,528,0.9366,0.8741
9,unreached,multilingual,571,0.9259,0.8269
8,unreached,multilingual,123,0.9867,0.9464
12,unreached,multilingual,123,0.9726,0.9055
6,unreached,multilingual,572,0.985,0.8838
8,unreached,multilingual,572,0.9325,0.7929
5,unreached,multilingual,432,0.9767,0.9893
10,unreached,multilingual,299,0.991,0.9715
13,unreached,multilingual,299,0.9877,0.971
4,unreached,multilingual,126,0.9857,0.9752
12,unreached,multilingual,126,0.97,0.9151
2,rejected,multilingual,148,1.014,0.9229
15,unreached,multilingual,305,0.9646,0.8765
8,unreached,multilingual,434,0.9777,0.9388
2,accepted,multilingual,150,0.9678,0.9369
3,accepted,multilingual,585,0.8841,0.7804
6,accepted,multilingual,585,0.9877,0.8983
9,unreached,multilingual,307,0.9746,1.043
6,unreached,multilingual,128,1.016,0.9868
8,unreached,multilingual,128,0.9703,0.9044
14,unreached,multilingual,166,0.9479,0.7695
10,unreached,multilingual,308,0.9737,0.9868
5,unreached,multilingual,168,0.9304,0.8255
11,unreached,multilingual,168,0.9535,0.8152
1,rejected,multilingual,442,0.9684,0.9648
5,unreached,multilingual,442,0.96,0.8948
12,unreached,multilingual,442,0.9622,0.8739
5,unreached,multilingual,130,0.9839,0.9286
10,unreached,multilingual,130,0.9824,0.9278
3,unreached,multilingual,310,0.9748,0.9441
7,unreached,multilingual,597,0.9513,0.8868
13,unreached,multilingual,311,0.961,0.9071
6,unreached,multilingual,444,0.9943,0.9267
13,unreached,multilingual,444,0.9494,0.8833
7,unreached,multilingual,132,0.9786,0.9107
12,unreached,multilingual,132,0.9502,0.885
15,unreached,multilingual,132,0.9547,0.888
2,unreached,multilingual,173,0.8696,0.8209
6,unreached,multilingual,598,0.9457,0.893
7,unreached,multilingual,598,0.9528,0.9187
3,unreached,multilingual,312,0.9615,0.9364
10,unreached,multilingual,133,0.9655,0.9053
10,unreached,multilingual,174,0.9487,0.7791
14,unreached,multilingual,313,0.9652,0.9055
11,unreached,multilingual,176,0.9677,0.8638
13,unreached,multilingual,176,0.965,0.8475
2,unreached,multilingual,600,0.9361,0.8872
11,unreached,multilingual,314,0.973,0.9732
13,unreached,multilingual,447,0.9468,0.8351
2,unreached,multilingual,177,0.9057,0.8814
10,unreached,multilingual,177,0.9822,0.8639
1,rejected,multilingual,601,0.9361,0.8894
3,unreached,multilingual,601,0.9536,0.8886
3,unreached,multilingual,321,0.9565,0.9567
6,unreached,multilingual,178,0.9673,0.9653
10,unreached,multilingual,602,0.971,0.8807
2,unreached,multilingual,449,0.9544,0.8975
14,unreached,multilingual,181,0.9366,0.8789
5,unreached,multilingual,603,0.9463,0.9294
3,unreached,multilingual,450,0.9848,0.9517
15,unreached,multilingual,450,0.9667,0.8546
4,unreached,multilingual,190,0.9157,0.8145
8,unreached,multilingual,190,0.9191,0.8234
5,unreached,multilingual,604,0.9536,0.9173
13,unreached,multilingual,451,0.9804,0.9099
15,unreached,multilingual,451,0.9733,0.8793
14,unreached,multilingual,192,0.9649,0.8636
15,unreached,multilingual,605,0.9413,0.8479
5,unreached,multilingual,452,0.9426,0.908
3,unreached,multilingual,140,0.9914,0.9654
10,unreached,multilingual,197,0.9187,0.7419
15,unreached,multilingual,197,0.9576,0.8367
6,unreached,multilingual,606,0.9646,0.8902
10,unreached,multilingual,453,0.97,0.8979
13,unreached,multilingual,453,0.9726,0.8752
14,unreached,multilingual,453,0.9673,0.8776
15,unreached,multilingual,141,0.9504,0.897
14,unreached,multilingual,201,0.9991,0.9313
11,unreached,multilingual,454,0.9908,0.9278
6,accepted,multilingual,211,0.9383,0.9025
7,rejected,multilingual,211,0.8484,0.8829
11,unreached,multilingual,608,0.9409,0.8544
8,unreached,multilingual,328,0.9539,0.918
11,unreached,multilingual,328,0.951,0.9063
6,unreached,multilingual,143,0.9777,0.9166
5,unreached,multilingual,218,0.9692,1.016
8,unreached,multilingual,609,0.9412,0.9001
10,unreached,multilingual,329,0.9745,1.006
14,unreached,multilingual,329,0.9871,0.9199
7,unreached,multilingual,330,0.9745,0.9235
7,unreached,multilingual,457,0.9787,0.9674
12,unreached,multilingual,145,0.9708,0.9117
11,unreached,multilingual,611,0.9721,0.9028
14,unreached,multilingual,611,0.9617,0.8892
1,rejected,multilingual,331,0.9533,0.9356
8,unreached,multilingual,331,0.9691,0.9547
4,unreached,multilingual,458,0.9715,0.9333
10,unreached,multilingual,458,1.004,0.9421
6,unreached,multilingual,612,0.9563,0.9071
7,unreached,multilingual,612,0.94,0.8677
6,unreached,multilingual,460,0.9745,0.8734
11,unreached,multilingual,148,0.9741,0.9203
3,unreached,multilingual,232,0.9247,0.9032
13,unreached,multilingual,333,0.9881,0.9036
10,unreached,multilingual,461,0.9954,1.099
4,unreached,multilingual,149,0.9877,0.9765
8,unreached,multilingual,149,0.9741,0.9256
9,unreached,multilingual,149,0.9741,0.9228
11,unreached,multilingual,149,0.9746,0.9182
13,unreached,multilingual,149,0.9736,0.9137
5,unreached,multilingual,233,0.9797,0.8787
14,unreached,multilingual,150,0.9752,0.9146
11,unreached,multilingual,335,0.9881,0.9875
14,unreached,multilingual,335,0.9973,0.9217
2,unreached,multilingual,471,0.9468,0.9064
5,unreached,multilingual,471,0.9705,0.8921
10,unreached,multilingual,241,0.9537,0.9817
9,unreached,multilingual,616,0.9592,0.8845
12,unreached,multilingual,616,0.9563,0.8599
11,unreached,multilingual,336,0.989,0.9418
12,unreached,multilingual,472,0.9463,0.8467
9,unreached,multilingual,152,0.9774,0.927
1,accepted,multilingual,244,0.8516,0.7707
12,unreached,multilingual,244,0.9618,0.908
6,unreached,multilingual,247,0.9578,0.9925
7,unreached,multilingual,247,0.9599,0.9616
3,unreached,multilingual,338,0.9637,0.8982
7,unreached,multilingual,474,0.9899,0.9072
8,unreached,multilingual,474,1.004,0.9351
11,unreached,multilingual,474,0.9468,0.8526
9,unreached,multilingual,251,0.884,0.861
13,unreached,multilingual,619,0.9836,0.9045
13,unreached,multilingual,339,0.9735,0.8845
14,unreached,multilingual,155,0.9713,0.9334
10,unreached,multilingual,253,0.9188,0.8148
11,unreached,multilingual,620,0.9416,0.8421
7,unreached,multilingual,156,0.9637,0.9014
11,unreached,multilingual,254,0.9039,0.8198
14,unreached,multilingual,254,0.929,0.7877
1,accepted,multilingual,256,0.8916,0.8231
6,unreached,multilingual,622,0.9601,0.9189
12,unreached,multilingual,622,0.921,0.8552
2,unreached,multilingual,345,1.013,1.096
6,unreached,multilingual,345,0.966,0.9587
12,unreached,multilingual,345,0.9613,0.8605
12,unreached,multilingual,478,0.9985,0.9147
6,rejected,multilingual,265,0.8993,0.8179
4,unreached,multilingual,623,0.9462,0.9096
13,unreached,multilingual,623,0.9232,0.7911
5,unreached,multilingual,346,0.9519,0.9254
5,unreached,multilingual,479,0.9776,0.9104
12,unreached,multilingual,159,0.9777,0.935
12,unreached,multilingual,624,0.9176,0.7771
5,unreached,multilingual,480,0.9745,0.9105
15,unreached,multilingual,480,0.9566,0.8731
8,unreached,multilingual,160,0.9747,0.9527
11,unreached,multilingual,625,0.9234,0.7881
3,unreached,multilingual,481,0.9702,0.9602
9,unreached,multilingual,161,0.9714,0.9284
15,unreached,multilingual,273,0.9667,1.071
5,unreached,multilingual,162,0.973,0.9298
12,unreached,multilingual,162,0.9683,0.9374
14,unreached,multilingual,275,0.9369,0.8785
12,unreached,multilingual,120,0.9807,0.9468
12,unreached,multilingual,351,0.9672,0.8918
14,unreached,multilingual,351,0.9816,0.911
14,unreached,multilingual,484,0.971,0.9076
13,unreached,multilingual,485,0.9894,0.945
11,unreached,multilingual,165,0.9583,0.9297
2,accepted,multilingual,277,0.8979,0.8172
10,unreached,multilingual,277,0.9796,0.9287
14,unreached,multilingual,277,0.9312,0.8677
15,unreached,multilingual,277,0.9859,1.032
6,unreached,multilingual,122,0.977,0.9397
2,accepted,multilingual,353,0.9631,0.9855
8,unreached,multilingual,358,1.015,0.9929
15,unreached,multilingual,358,0.9695,0.9133
6,unreached,multilingual,487,0.9785,0.8777
15,unreached,multilingual,487,0.9718,0.9132
6,unreached,multilingual,167,0.9712,0.9292
2,unreached,multilingual,489,0.969,0.9337
3,unreached,multilingual,489,0.9449,0.9486
9,unreached,multilingual,168,0.989,0.9727
5,unreached,multilingual,125,0.9894,0.9254
1,rejected,multilingual,361,0.9671,0.9812
14,unreached,multilingual,361,0.989,1.016
11,unreached,multilingual,490,1,0.9606
12,unreached,multilingual,490,1.012,0.9911
3,unreached,multilingual,169,0.967,0.9501
13,unreached,multilingual,294,0.9219,0.7896
14,unreached,multilingual,294,0.9337,0.8019
7,unreached,multilingual,126,0.932,0.9135
13,unreached,multilingual,126,0.9629,1.023
14,unreached,multilingual,126,0.981,1.074
4,unreached,multilingual,492,0.9486,0.9142
13,unreached,multilingual,492,0.9636,0.9012
2,unreached,multilingual,170,0.9523,0.9078
2,accepted,multilingual,296,0.8708,0.7616
9,unreached,multilingual,296,0.9452,0.8711
14,unreached,multilingual,127,0.9546,1.034
1,accepted,multilingual,493,0.9492,0.9065
5,unreached,multilingual,493,0.9424,0.8932
3,unreached,multilingual,171,0.9865,0.9566
4,unreached,multilingual,171,0.9764,0.9887
5,unreached,multilingual,171,0.9648,0.9269
1,accepted,multilingual,299,0.8469,0.7469
9,unreached,multilingual,299,0.9555,0.9892
9,unreached,multilingual,128,0.9769,1.017
12,unreached,multilingual,364,0.9775,0.9982
14,unreached,multilingual,364,0.9654,0.9592
4,unreached,multilingual,495,0.9704,0.9189
15,unreached,multilingual,495,0.9756,0.936
1,accepted,multilingual,172,0.9628,0.927
4,unreached,multilingual,301,0.9565,0.9648
7,unreached,multilingual,176,0.9722,0.8999
4,accepted,multilingual,302,0.9339,1.01
7,unreached,multilingual,130,1.013,1.039
2,unreached,multilingual,497,0.9678,0.9398
4,unreached,multilingual,497,0.9802,0.9295
9,unreached,multilingual,497,0.9773,0.9406
12,unreached,multilingual,136,0.9944,1.013
9,unreached,multilingual,367,0.9755,1.006
11,unreached,multilingual,178,0.9799,0.9607
1,rejected,multilingual,139,0.9774,1.121
9,unreached,multilingual,139,0.9979,1.069
10,unreached,multilingual,139,0.9939,1.048
1,rejected,multilingual,499,0.9581,0.8966
4,unreached,multilingual,179,0.9594,0.9787
9,unreached,multilingual,179,0.9661,0.9412
13,unreached,multilingual,179,0.9844,0.9059
13,unreached,multilingual,369,0.9684,0.8799
3,unreached,multilingual,500,0.9539,0.9129
3,unreached,multilingual,180,0.9763,0.9753
5,unreached,multilingual,180,0.9844,0.955
1,rejected,multilingual,320,0.9228,0.9716
1,rejected,multilingual,141,0.9515,0.9909
4,unreached,multilingual,141,0.9829,1.003
5,unreached,multilingual,501,1.001,0.959
10,unreached,multilingual,501,0.9772,0.9471
8,unreached,multilingual,181,1.023,0.9885
5,unreached,multilingual,321,0.9431,0.9659
13,unreached,multilingual,321,0.9972,1.046
11,unreached,multilingual,502,0.9819,0.947
14,unreached,multilingual,502,0.9823,0.9418
15,unreached,multilingual,502,0.9829,0.9415
7,unreached,multilingual,187,0.9778,0.9422
3,unreached,multilingual,322,0.9871,1.062
4,unreached,multilingual,372,1.008,0.9602
6,unreached,multilingual,372,0.9843,0.94
5,unreached,multilingual,503,0.9814,0.9667
4,unreached,multilingual,190,0.9596,0.9275
8,unreached,multilingual,323,0.9239,0.9257
3,unreached,multilingual,150,0.9556,0.9339
11,unreached,multilingual,504,0.9742,0.9133
15,unreached,multilingual,504,0.9692,0.9112
6,unreached,multilingual,324,0.9574,0.9394
4,unreached,multilingual,151,0.9384,0.8968
7,unreached,multilingual,192,0.9768,0.9578
13,unreached,multilingual,192,0.9585,0.8651
10,unreached,multilingual,325,0.9876,1.032
9,unreached,multilingual,152,0.9617,0.9158
12,unreached,multilingual,152,0.9776,1.037
8,unreached,multilingual,376,0.9757,0.9234
2,unreached,multilingual,506,0.9639,0.8913
10,unreached,multilingual,326,0.9163,0.8087
12,unreached,multilingual,326,0.9026,0.83
3,unreached,multilingual,153,0.9855,1.058
5,unreached,multilingual,153,0.972,1.021
10,unreached,multilingual,378,0.9569,0.8824
12,unreached,multilingual,378,0.9714,0.913
2,unreached,multilingual,194,0.9737,0.9357
4,unreached,multilingual,194,0.9461,0.8884
13,unreached,multilingual,327,0.9257,0.892
13,unreached,multilingual,512,0.9621,0.8882
3,unreached,multilingual,195,0.9484,0.8796
4,unreached,multilingual,328,0.9706,0.9498
11,unreached,multilingual,155,0.9514,0.9201
1,rejected,multilingual,380,0.9233,0.8993
2,unreached,multilingual,380,0.9648,0.9381
8,unreached,multilingual,516,0.9638,0.9004
2,unreached,multilingual,196,0.9522,0.8881
4,unreached,multilingual,330,0.9498,0.9885
6,unreached,multilingual,330,0.9929,0.9323
9,unreached,multilingual,381,0.9765,0.9239
4,unreached,multilingual,197,0.9468,0.8956
11,unreached,multilingual,331,0.8571,0.8295
3,accepted,multilingual,157,0.9796,1.108
12,unreached,multilingual,157,0.984,1.018
15,unreached,multilingual,382,0.9816,1.01
7,accepted,multilingual,518,0.973,0.8241
9,unreached,multilingual,162,0.9653,0.9437
12,unreached,multilingual,384,0.9675,0.9364
2,unreached,multilingual,531,0.9668,0.9526
4,unreached,multilingual,347,0.8982,0.8059
13,unreached,multilingual,347,1.007,0.9403
6,unreached,multilingual,385,0.9788,0.9301
12,unreached,multilingual,385,0.9643,0.8929
1,rejected,multilingual,532,0.9569,0.9431
15,unreached,multilingual,532,0.9768,0.9018
5,unreached,multilingual,203,1.009,0.9662
9,unreached,multilingual,203,0.982,0.9453
15,unreached,multilingual,386,0.9727,0.8831
3,unreached,multilingual,533,0.981,0.9538
13,unreached,multilingual,533,0.9632,0.8956
1,rejected,multilingual,355,0.9319,0.8809
3,unreached,multilingual,355,0.9274,0.8961
4,unreached,multilingual,355,0.9417,0.9093
8,unreached,multilingual,355,0.9768,0.9968
13,unreached,multilingual,355,0.9747,0.927
4,unreached,multilingual,534,0.9776,0.9498
8,unreached,multilingual,208,0.9589,0.9169
2,unreached,multilingual,209,0.9715,0.9321
6,unreached,multilingual,209,0.972,0.9729
10,unreached,multilingual,167,0.966,0.9191
2,unreached,multilingual,389,0.9666,0.9101
4,unreached,multilingual,389,0.9558,0.9313
5,unreached,multilingual,389,0.947,0.9966
12,unreached,multilingual,536,0.9749,0.8918
9,unreached,multilingual,210,0.979,0.9157
3,unreached,multilingual,360,0.973,1.018
2,unreached,multilingual,168,0.9679,1.031
7,unreached,multilingual,168,0.9427,0.8457
10,unreached,multilingual,168,0.9604,0.8816
4,unreached,multilingual,537,0.9974,0.9527
8,unreached,multilingual,169,0.9827,0.9944
2,accepted,multilingual,400,0.9519,0.9406
14,unreached,multilingual,538,0.9848,0.93
14,unreached,multilingual,213,0.9845,0.9153
8,unreached,multilingual,364,0.9764,0.9969
8,unreached,multilingual,214,0.9973,0.9132
1,rejected,multilingual,420,0.9903,1.007
6,unreached,multilingual,540,0.9865,0.9207
12,unreached,multilingual,540,0.9843,0.9255
6,unreached,multilingual,173,0.9765,1.042
7,unreached,multilingual,173,0.9772,1.049
6,unreached,multilingual,218,0.9774,0.8965
7,unreached,multilingual,218,0.9845,0.9048
9,unreached,multilingual,218,0.985,0.9159
2,accepted,multilingual,174,0.9751,1.014
3,unreached,multilingual,422,1.001,0.9521
4,unreached,multilingual,422,0.9732,0.9132
8,unreached,multilingual,219,0.9859,0.9278
9,unreached,multilingual,219,0.9858,0.895
1,rejected,multilingual,369,0.9331,0.9584
7,unreached,multilingual,423,0.9805,0.9128
15,unreached,multilingual,220,0.9803,0.8977
5,unreached,multilingual,425,0.952,0.8844
9,unreached,multilingual,544,0.9893,0.9367
12,unreached,multilingual,221,0.9899,0.895
14,unreached,multilingual,427,0.971,0.9113
8,unreached,multilingual,545,0.9938,0.9475
9,unreached,multilingual,376,0.9712,0.9006
1,accepted,multilingual,199,0.9338,0.9898
3,unreached,multilingual,428,0.9541,0.923
9,unreached,multilingual,547,0.9678,0.9047
10,unreached,multilingual,547,0.9699,0.9077
13,unreached,multilingual,225,0.9712,0.8909
8,unreached,multilingual,377,0.9601,0.8916
2,unreached,multilingual,202,0.9615,1.01
3,unreached,multilingual,202,0.9727,0.9651
14,unreached,multilingual,429,0.9386,0.8686
12,unreached,multilingual,548,0.9471,0.8619
12,unreached,multilingual,226,1.006,0.907
2,unreached,multilingual,378,0.9001,0.8621
2,unreached,multilingual,203,0.9862,0.9936
10,unreached,multilingual,227,0.977,0.8784
14,unreached,multilingual,227,0.9671,0.8422
14,unreached,multilingual,379,0.9437,1.019
5,unreached,multilingual,431,0.9665,0.9252
7,unreached,multilingual,228,0.9417,0.9272
13,unreached,multilingual,228,0.9444,0.8456
12,accepted,multilingual,380,0.9664,0.8925
15,accepted,multilingual,380,0.9136,0.9111
2,unreached,multilingual,205,0.9812,0.9785
6,unreached,multilingual,205,0.978,0.9854
13,unreached,multilingual,396,0.9161,0.8879
4,unreached,multilingual,206,0.9829,1.068
2,unreached,multilingual,554,0.9813,0.9441
13,unreached,multilingual,398,0.9667,0.9829
14,unreached,multilingual,398,0.9658,0.9115
7,unreached,multilingual,405,0.9171,0.9976
4,unreached,multilingual,208,0.9772,0.9561
4,unreached,multilingual,556,0.9497,0.9215
14,unreached,multilingual,209,0.9428,0.8829
7,unreached,multilingual,557,0.9693,0.9336
9,unreached,multilingual,210,0.9667,0.9817
9,unreached,multilingual,440,0.9753,0.8946
3,accepted,multilingual,236,0.9612,0.9381
10,unreached,multilingual,559,0.9849,0.9361
4,accepted,multilingual,436,0.9201,0.97
15,unreached,multilingual,436,0.9227,0.8243
8,unreached,multilingual,212,0.9662,0.9375
2,unreached,multilingual,442,0.9893,0.9807
10,unreached,multilingual,243,0.9644,0.8738
1,accepted,multilingual,450,0.852,0.8181
6,unreached,multilingual,450,0.8847,0.8554
1,rejected,multilingual,213,0.9719,1.013
2,unreached,multilingual,443,0.9922,0.9865
12,unreached,multilingual,443,0.9734,0.8925
14,unreached,multilingual,443,0.9748,0.8977
15,unreached,multilingual,561,0.9851,0.945
15,unreached,multilingual,452,0.9392,0.8219
9,unreached,multilingual,214,0.9696,0.9562
13,unreached,multilingual,444,1,0.9196
14,unreached,multilingual,444,0.9863,0.8845
3,unreached,multilingual,562,0.9855,0.9801
10,unreached,multilingual,562,0.9856,0.9315
9,unreached,multilingual,215,0.972,0.9828
9,unreached,multilingual,445,0.9676,0.9067
2,unreached,multilingual,246,1.036,1.018
11,unreached,multilingual,481,0.9285,0.8325
13,unreached,multilingual,446,0.9949,0.9195
13,unreached,multilingual,222,0.9653,0.9308
1,rejected,multilingual,565,0.9997,0.9825
13,unreached,multilingual,248,0.9384,0.9055
5,unreached,multilingual,225,0.993,1.034
3,unreached,multilingual,448,0.9932,0.9528
3,rejected,multilingual,566,0.9228,0.9134
3,unreached,multilingual,249,0.9534,0.9045
11,unreached,multilingual,249,0.9678,0.8859
12,unreached,multilingual,249,0.9544,0.8527
6,unreached,multilingual,520,0.8829,0.9148
4,unreached,multilingual,569,0.999,0.9704
5,unreached,multilingual,569,0.9924,0.9694
7,unreached,multilingual,569,0.9768,0.9287
3,unreached,multilingual,250,0.9685,0.9121
13,unreached,multilingual,250,0.9505,0.9181
5,accepted,multilingual,524,0.9221,0.8881
8,accepted,multilingual,524,0.9757,0.9374
10,unreached,multilingual,227,0.9683,0.9495
13,unreached,multilingual,227,0.9647,0.9382
2,unreached,multilingual,450,0.9705,0.9224
1,rejected,multilingual,572,0.9571,0.9499
7,unreached,multilingual,572,1.002,0.932
2,unreached,multilingual,451,0.9423,0.8908
6,unreached,multilingual,252,0.9696,0.9085
7,unreached,multilingual,252,0.9682,0.982
7,unreached,multilingual,88,0.9703,0.8662
7,unreached,multilingual,452,0.9761,0.8915
12,unreached,multilingual,574,0.9635,0.9201
15,unreached,multilingual,574,0.9418,0.8748
6,unreached,multilingual,230,0.9773,0.9616
10,unreached,multilingual,230,0.969,0.9513
11,unreached,multilingual,453,0.9475,0.9066
14,unreached,multilingual,453,0.9525,0.9082
3,unreached,multilingual,575,0.9546,0.9338
11,unreached,multilingual,575,0.9582,0.9021
7,unreached,multilingual,90,0.9579,0.9217
6,unreached,multilingual,576,0.9619,0.9251
1,rejected,multilingual,255,0.9304,0.9153
10,unreached,multilingual,255,0.9539,0.9287
13,unreached,multilingual,255,0.9912,0.9673
15,unreached,multilingual,92,0.9679,0.9226
9,unreached,multilingual,455,0.9669,0.8707
9,unreached,multilingual,256,0.9467,0.9085
10,unreached,multilingual,256,0.9498,0.8957
3,unreached,multilingual,234,0.9694,0.9685
5,unreached,multilingual,93,0.9916,1.01
11,unreached,multilingual,93,0.9756,0.954
7,unreached,multilingual,456,1,0.8831
12,unreached,multilingual,456,0.9876,0.8757
3,unreached,multilingual,578,0.9915,0.9435
6,unreached,multilingual,257,0.9458,0.9207
14,unreached,multilingual,94,0.9565,0.9268
9,unreached,multilingual,457,0.9875,0.8888
11,unreached,multilingual,457,0.9887,0.8911
13,unreached,multilingual,457,0.9884,0.8965
3,unreached,multilingual,261,0.969,0.9533
13,unreached,multilingual,236,0.9752,0.9673
1,accepted,multilingual,458,0.952,0.8935
5,unreached,multilingual,580,0.9812,0.9473
9,unreached,multilingual,580,0.9494,0.8798
5,unreached,multilingual,262,0.9553,0.9038
8,unreached,multilingual,237,0.9693,0.9348
9,unreached,multilingual,97,0.9552,0.9222
8,unreached,multilingual,581,0.9703,0.8949
4,unreached,multilingual,238,0.9827,0.9587
8,unreached,multilingual,238,0.9751,0.9639
15,unreached,multilingual,98,0.9758,0.9488
13,unreached,multilingual,461,0.989,0.9187
5,unreached,multilingual,264,0.9975,0.9682
15,unreached,multilingual,264,0.9632,0.8834
1,rejected,multilingual,99,0.9765,1.038
11,unreached,multilingual,99,0.9739,0.9597
1,rejected,multilingual,583,0.9902,0.9884
3,unreached,multilingual,583,0.956,0.9376
14,unreached,multilingual,583,0.9332,0.8553
11,unreached,multilingual,240,0.9832,0.9461
13,unreached,multilingual,266,0.9825,0.9033
14,unreached,multilingual,101,0.9747,0.9904
9,unreached,multilingual,585,0.9568,0.8837
4,unreached,multilingual,267,0.9619,0.9524
14,unreached,multilingual,242,0.95,0.9204
15,unreached,multilingual,102,0.9627,0.9383
10,unreached,multilingual,465,0.9779,0.8953
14,unreached,multilingual,465,0.967,0.8979
1,rejected,multilingual,103,0.9484,1.013
3,unreached,multilingual,467,0.9506,0.9166
13,unreached,multilingual,588,0.9717,0.8598
2,unreached,multilingual,469,0.9523,0.9334
1,rejected,multilingual,589,0.9833,0.9961
2,unreached,multilingual,589,0.9829,0.9352
10,unreached,multilingual,589,0.994,0.9585
1,accepted,multilingual,272,0.9437,0.9163
9,unreached,multilingual,470,0.9683,0.896
10,unreached,multilingual,470,0.9726,0.899
11,unreached,multilingual,470,0.9745,0.8953
4,unreached,multilingual,471,0.9947,0.938
1,rejected,multilingual,591,0.9403,0.9159
13,unreached,multilingual,591,0.955,0.9045
5,unreached,multilingual,275,1.002,0.9081
2,unreached,multilingual,592,0.9486,0.9157
11,unreached,multilingual,592,0.9579,0.8456
7,unreached,multilingual,276,0.969,0.8989
5,unreached,multilingual,249,1.006,0.9946
4,unreached,multilingual,109,0.9879,1.095
9,unreached,multilingual,473,0.9486,0.8762
6,unreached,multilingual,593,0.9594,0.9014
15,unreached,multilingual,593,0.9798,0.9147
14,unreached,multilingual,277,0.9871,0.9113
15,unreached,multilingual,250,0.9615,0.9294
12,unreached,multilingual,110,0.9625,0.9492
13,unreached,multilingual,110,0.964,0.9956
14,unreached,multilingual,110,0.9672,0.9783
13,unreached,multilingual,594,0.9792,0.9016
5,unreached,multilingual,278,0.9995,0.9398
1,rejected,multilingual,251,0.9525,1.018
1,rejected,multilingual,116,0.9745,0.9527
4,unreached,multilingual,116,0.9087,0.8695
11,unreached,multilingual,116,0.9992,1.123
5,unreached,multilingual,475,0.9529,0.9176
3,unreached,multilingual,595,0.9415,0.9244
10,unreached,multilingual,252,0.9656,0.9542
12,unreached,multilingual,252,0.9539,0.9219
13,unreached,multilingual,252,0.9524,0.9257
8,unreached,multilingual,476,0.9789,0.9121
7,unreached,multilingual,597,0.9587,0.8978
13,unreached,multilingual,597,0.9789,0.9768
2,unreached,multilingual,253,0.9975,1.151
11,unreached,multilingual,253,0.9712,0.9331
1,rejected,multilingual,119,0.957,0.9896
8,unreached,multilingual,598,0.9819,0.9853
9,unreached,multilingual,281,0.9909,0.9134
3,unreached,multilingual,254,0.9542,0.8972
2,unreached,multilingual,120,0.9736,1.08
12,unreached,multilingual,479,0.9772,0.8822
14,unreached,multilingual,282,0.9761,0.9205
13,unreached,multilingual,255,0.9536,0.9125
1,accepted,multilingual,121,0.9751,1.057
9,unreached,multilingual,480,0.9631,0.884
14,unreached,multilingual,480,0.9891,0.9044
10,unreached,multilingual,607,0.9763,0.9339
6,unreached,multilingual,283,1.012,0.9875
11,unreached,multilingual,283,0.9763,0.9369
1,rejected,multilingual,256,0.9863,1.049
8,unreached,multilingual,608,0.978,0.9451
14,unreached,multilingual,608,0.9487,0.9086
15,unreached,multilingual,257,0.9599,0.9459
13,unreached,multilingual,125,0.9694,0.9619
8,unreached,multilingual,126,0.9631,0.9729
11,unreached,multilingual,126,0.9663,0.972
4,unreached,multilingual,483,0.9782,0.9561
11,unreached,multilingual,483,0.9775,0.8734
4,unreached,multilingual,610,0.9669,0.914
14,unreached,multilingual,289,0.9752,0.9147
15,unreached,multilingual,128,0.9673,0.9443
10,unreached,multilingual,484,0.9555,0.8912
1,rejected,multilingual,485,0.9661,0.9183
13,unreached,multilingual,261,0.9635,0.9214
3,unreached,multilingual,130,0.9543,0.9807
8,unreached,multilingual,130,0.9694,0.9757
2,unreached,multilingual,613,1.029,1.03
3,unreached,multilingual,262,0.9587,0.931
13,unreached,multilingual,262,0.969,0.9258
3,unreached,multilingual,487,0.9983,0.9679
6,unreached,multilingual,263,1.002,1.029
13,unreached,multilingual,132,0.9821,0.982
12,unreached,multilingual,615,0.9514,0.8956
13,unreached,multilingual,615,0.9548,0.8986
5,unreached,multilingual,295,0.9833,0.9589
9,unreached,multilingual,134,0.9669,0.9711
14,unreached,multilingual,134,0.9805,1.088
4,unreached,multilingual,616,0.9878,0.9647
5,unreached,multilingual,616,0.9712,0.9839
10,unreached,multilingual,616,0.9552,0.8894
5,unreached,multilingual,296,0.9558,0.9646
12,unreached,multilingual,296,0.9834,0.9187
9,unreached,multilingual,265,0.9758,0.9726
6,unreached,multilingual,617,0.9786,0.9602
10,unreached,multilingual,617,0.9618,0.9053
1,rejected,multilingual,266,0.9792,1.047
8,unreached,multilingual,266,0.9871,1.024
9,unreached,multilingual,266,0.9718,0.9967
6,unreached,multilingual,136,0.9693,1.066
7,unreached,multilingual,136,0.9935,1.199
2,unreached,multilingual,618,0.9899,0.9805
7,unreached,multilingual,618,0.9558,0.9704
2,rejected,multilingual,299,0.9556,0.9568
4,unreached,multilingual,299,0.9965,0.9032
12,unreached,multilingual,267,0.9789,0.9314
4,unreached,multilingual,137,0.9835,1.045
6,unreached,multilingual,137,0.9693,1.033
12,unreached,multilingual,137,0.964,1.019
14,unreached,multilingual,619,0.9554,0.8927
9,unreached,multilingual,138,0.9742,1.082
2,accepted,multilingual,620,0.9614,1.011
2,rejected,multilingual,494,0.9524,0.9275
5,unreached,multilingual,494,0.9461,1.079
6,unreached,multilingual,306,0.9943,0.9285
6,unreached,multilingual,496,0.9826,0.9258
13,unreached,multilingual,496,0.9603,0.8931
7,unreached,multilingual,624,0.958,0.9099
7,unreached,multilingual,307,0.9712,0.9168
2,unreached,multilingual,625,1.003,0.9871
2,accepted,multilingual,309,0.9528,0.8397
9,unreached,multilingual,273,0.9801,0.9687
15,unreached,multilingual,273,0.9741,0.9576
8,unreached,multilingual,152,0.986,1.091
13,unreached,multilingual,152,0.9655,1.06
15,unreached,multilingual,498,0.925,0.8509
1,rejected,multilingual,626,0.9622,0.951
2,unreached,multilingual,626,0.9591,0.9063
7,unreached,multilingual,626,0.9692,0.905
7,unreached,multilingual,318,0.9739,0.9371
6,unreached,multilingual,153,0.9835,1.076
11,unreached,multilingual,627,0.9846,0.9798
1,rejected,multilingual,321,0.9245,0.8961
2,rejected,multilingual,275,0.9667,1.119
4,unreached,multilingual,275,0.9668,1.07
12,unreached,multilingual,275,0.98,0.9877
9,unreached,multilingual,322,0.9547,1.007
12,unreached,multilingual,322,0.9719,0.9419
6,unreached,multilingual,277,0.9654,1.015
9,unreached,multilingual,277,0.9857,1.169
9,unreached,multilingual,629,0.9718,0.9313
3,unreached,multilingual,281,0.955,0.9744
2,accepted,multilingual,156,0.9663,1.064
7,unreached,multilingual,156,0.998,1.135
3,unreached,multilingual,503,0.9681,0.9225
5,accepted,multilingual,325,0.9619,0.942
8,unreached,multilingual,161,0.9832,1.038
4,unreached,multilingual,332,0.9638,0.9337
14,unreached,multilingual,290,0.9637,0.9137
14,unreached,multilingual,505,0.9424,0.8733
13,unreached,multilingual,634,0.9741,0.9138
15,unreached,multilingual,634,0.9695,0.8897
11,unreached,multilingual,333,1.017,0.9997
15,unreached,multilingual,292,0.9606,0.9178
2,unreached,multilingual,506,1.003,0.9869
7,unreached,multilingual,506,0.9831,0.9029
9,unreached,multilingual,506,0.9796,0.9006
7,unreached,multilingual,635,0.96,0.8573
4,unreached,multilingual,636,1,0.9345
14,unreached,multilingual,294,0.966,0.9548
7,unreached,multilingual,167,0.9862,0.9854
11,unreached,multilingual,167,0.9757,0.9605
1,rejected,multilingual,509,0.9613,0.9027
2,unreached,multilingual,509,1.008,0.9932
15,unreached,multilingual,509,0.9855,0.9819
6,unreached,multilingual,172,1.011,1.076
8,unreached,multilingual,510,0.9849,0.9008
13,unreached,multilingual,510,0.9869,0.9604
8,unreached,multilingual,338,0.9477,0.8895
12,unreached,multilingual,339,0.9535,0.9171
1,rejected,multilingual,513,0.985,0.9221
4,unreached,multilingual,513,0.999,0.9495
2,unreached,multilingual,300,0.9918,1.107
7,unreached,multilingual,300,0.9737,1.015
14,unreached,multilingual,184,0.9864,1.102
4,unreached,multilingual,514,0.9735,0.9279
13,unreached,multilingual,514,0.9985,1.023
3,unreached,multilingual,301,1.002,1.021
8,unreached,multilingual,185,0.9885,1.095
4,unreached,multilingual,515,0.9887,0.9252
2,unreached,multilingual,645,0.9747,0.9341
6,unreached,multilingual,645,0.9727,0.9226
1,rejected,multilingual,303,0.9802,1.093
2,unreached,multilingual,303,0.9979,1.089
4,unreached,multilingual,186,1,1.097
6,unreached,multilingual,186,1.005,1.109
8,unreached,multilingual,516,0.9546,0.8788
15,unreached,multilingual,304,0.9701,0.9636
15,unreached,multilingual,647,0.9679,0.9029
6,unreached,multilingual,191,0.9784,0.9811
8,unreached,multilingual,191,0.9643,1.033
11,unreached,multilingual,346,0.9508,0.9133
2,unreached,multilingual,307,0.9816,1.113
5,unreached,multilingual,307,0.9798,0.9975
14,unreached,multilingual,192,0.9694,0.9461
5,unreached,multilingual,194,0.9867,0.966
3,unreached,multilingual,520,1.005,0.9495
11,unreached,multilingual,651,0.9863,0.9199
12,unreached,multilingual,651,0.9868,0.912
8,unreached,multilingual,350,0.94,0.8671
8,unreached,multilingual,196,0.9636,0.931
5,unreached,multilingual,522,0.9844,0.9424
15,unreached,multilingual,652,0.949,0.8627
3,accepted,multilingual,310,0.951,0.9366
11,unreached,multilingual,198,0.9629,0.9477
12,unreached,multilingual,198,0.9515,0.9178
2,unreached,multilingual,353,0.9679,0.9571
7,unreached,multilingual,353,0.9243,0.8355
10,unreached,multilingual,353,0.9879,0.9794
6,unreached,multilingual,315,0.982,1.023
4,unreached,multilingual,200,0.9468,0.991
2,unreached,multilingual,526,0.9749,0.9635
7,unreached,multilingual,526,0.9713,0.9219
14,unreached,multilingual,654,0.9673,0.8602
1,rejected,multilingual,201,0.9598,0.9905
7,unreached,multilingual,201,0.9754,0.9618
8,unreached,multilingual,201,0.9762,0.9616
13,unreached,multilingual,201,0.9565,0.9419
3,unreached,multilingual,527,0.9677,0.9417
7,unreached,multilingual,527,0.9836,0.9225
13,unreached,multilingual,527,0.9907,1.026
4,unreached,multilingual,202,0.9766,1.016
10,unreached,multilingual,528,0.9746,0.9381
5,unreached,multilingual,656,0.9552,0.8753
10,unreached,multilingual,356,0.9744,0.8819
8,unreached,multilingual,318,0.9618,0.9392
12,unreached,multilingual,203,0.9624,0.971
9,unreached,multilingual,529,0.9741,0.8842
6,unreached,multilingual,657,0.962,0.9219
14,unreached,multilingual,657,0.9805,0.9611
2,unreached,multilingual,357,0.9724,0.9317
6,unreached,multilingual,357,0.9621,0.889
12,unreached,multilingual,357,0.9734,0.8995
10,unreached,multilingual,319,0.9743,1.035
6,unreached,multilingual,661,0.9934,0.9561
11,unreached,multilingual,661,0.9765,0.9296
7,unreached,multilingual,358,0.9789,0.8785
10,unreached,multilingual,205,0.9661,1.005
11,unreached,multilingual,205,0.9633,1.005
7,unreached,multilingual,662,0.957,0.9136
9,unreached,multilingual,662,0.9975,1.004
15,unreached,multilingual,662,0.9752,0.9603
10,unreached,multilingual,321,0.9701,1.021
6,unreached,multilingual,206,0.9545,0.9809
8,unreached,multilingual,532,0.9455,0.9475
10,unreached,multilingual,532,0.9603,0.9874
3,unreached,multilingual,360,0.9793,0.9782
7,unreached,multilingual,360,0.9744,0.9057
9,unreached,multilingual,360,0.9703,0.883
11,unreached,multilingual,360,0.9721,0.8827
5,unreached,multilingual,322,0.973,1.069
9,unreached,multilingual,533,0.949,0.9699
1,rejected,multilingual,323,0.942,1.037
5,accepted,multilingual,212,0.9517,0.9542
10,unreached,multilingual,665,0.9727,0.9485
14,unreached,multilingual,362,0.9637,0.8778
15,unreached,multilingual,362,0.965,0.8828
6,unreached,multilingual,535,0.9346,0.9155
6,unreached,multilingual,537,0.9444,0.9743
7,unreached,multilingual,537,0.9642,0.8597
1,rejected,multilingual,232,0.9053,0.845
6,unreached,multilingual,232,0.9878,0.94
7,unreached,multilingual,232,0.9623,0.915
10,unreached,multilingual,669,0.9745,0.9499
10,unreached,multilingual,368,0.9534,0.921
14,unreached,multilingual,368,0.9654,0.8667
2,unreached,multilingual,235,0.9671,0.9829
15,unreached,multilingual,235,0.9563,0.9064
13,unreached,multilingual,545,0.9662,0.9056
15,unreached,multilingual,545,0.9319,0.8784
2,unreached,multilingual,670,0.992,1.027
6,unreached,multilingual,670,0.9683,0.942
3,unreached,multilingual,369,0.9611,0.9472
1,rejected,multilingual,333,0.941,1.027
3,rejected,multilingual,236,0.9086,0.9168
13,unreached,multilingual,546,0.9599,0.8781
14,unreached,multilingual,546,0.9508,0.8395
5,unreached,multilingual,671,0.9636,0.9225
7,unreached,multilingual,370,0.9658,0.9053
13,unreached,multilingual,370,0.9588,0.8819
14,unreached,multilingual,370,0.9676,0.8991
12,unreached,multilingual,334,0.9727,0.9716
11,unreached,multilingual,547,0.9589,0.8844
12,unreached,multilingual,336,0.9878,1.083
14,unreached,multilingual,336,0.9704,0.989
4,rejected,multilingual,240,0.9123,0.9772
8,unreached,multilingual,240,0.9811,1.013
6,unreached,multilingual,548,0.9472,0.8491
13,unreached,multilingual,548,0.9661,0.9534
6,unreached,multilingual,673,0.9821,0.9621
7,unreached,multilingual,372,1.007,0.9471
13,unreached,multilingual,372,0.9747,0.9308
6,unreached,multilingual,337,0.9734,1.039
15,unreached,multilingual,244,1.008,0.942
5,unreached,multilingual,549,0.9465,0.8492
1,rejected,multilingual,674,0.9771,0.9613
4,unreached,multilingual,338,0.9679,1.055
10,unreached,multilingual,338,0.972,0.9941
14,unreached,multilingual,339,0.9592,0.9183
3,rejected,multilingual,247,0.9448,0.872
15,unreached,multilingual,247,0.9971,0.9671
5,rejected,multilingual,561,0.9485,0.929
11,unreached,multilingual,377,0.9735,0.8681
14,unreached,multilingual,377,0.9886,1.037
5,unreached,multilingual,250,1.011,0.8793
6,unreached,multilingual,566,0.9706,0.942
11,unreached,multilingual,566,0.9507,0.8651
5,unreached,multilingual,677,0.9816,0.9406
13,unreached,multilingual,677,0.9559,0.8665
3,unreached,multilingual,341,0.9775,1.04
5,unreached,multilingual,379,0.957,0.8606
11,unreached,multilingual,379,0.974,1.049
14,unreached,multilingual,79,0.9358,0.7509
1,rejected,multilingual,568,0.9559,0.9257
3,unreached,multilingual,680,0.9372,0.9087
5,unreached,multilingual,680,0.9762,0.9129
7,unreached,multilingual,343,0.9838,1.095
3,accepted,multilingual,80,0.9754,0.9936
1,rejected,multilingual,381,1.003,0.9787
9,unreached,multilingual,381,0.9853,0.9267
15,unreached,multilingual,570,0.9677,0.8991
7,accepted,multilingual,382,0.9808,0.9209
8,unreached,multilingual,97,0.9451,0.8314
10,unreached,multilingual,683,0.9631,0.8781
6,unreached,multilingual,392,0.9801,0.9229
4,unreached,multilingual,346,0.9699,1.073
2,unreached,multilingual,99,0.948,0.9598
13,unreached,multilingual,99,0.9319,0.8137
12,unreached,multilingual,348,0.9648,0.9589
8,unreached,multilingual,100,0.9414,0.911
5,unreached,multilingual,394,0.9395,0.8797
1,rejected,multilingual,350,0.9535,1.053
2,unreached,multilingual,350,0.965,0.9544
8,unreached,multilingual,101,0.9494,0.8867
14,unreached,multilingual,101,0.9879,0.9879
2,unreached,multilingual,48,0.9463,0.9355
14,unreached,multilingual,690,0.9573,0.8665
2,unreached,multilingual,395,0.9307,0.8575
5,unreached,multilingual,351,0.9746,1.014
10,unreached,multilingual,351,0.9795,0.9934
7,unreached,multilingual,49,0.9456,0.8568
4,unreached,multilingual,691,0.9537,0.9287
13,unreached,multilingual,352,0.9751,0.9287
12,unreached,multilingual,692,0.9656,0.9423
2,accepted,multilingual,397,0.9271,0.9168
7,unreached,multilingual,397,0.9587,0.943
10,unreached,multilingual,397,0.9599,0.8961
11,unreached,multilingual,353,0.964,0.9015
1,rejected,multilingual,105,0.9102,0.8357
7,unreached,multilingual,105,0.9517,0.8715
11,unreached,multilingual,105,0.9407,0.9452
3,unreached,multilingual,355,0.9788,0.9978
13,unreached,multilingual,355,0.9766,0.958
8,unreached,multilingual,106,0.892,0.8602
13,unreached,multilingual,53,0.8931,0.7809
11,unreached,multilingual,694,0.9963,0.9264
15,unreached,multilingual,694,0.9723,1.005
14,unreached,multilingual,357,0.9677,0.9595
9,unreached,multilingual,107,0.9471,0.9575
6,unreached,multilingual,403,0.9911,0.9446
1,rejected,multilingual,57,0.9458,0.9301
12,unreached,multilingual,57,0.9048,0.8351
1,rejected,multilingual,696,0.9341,0.8995
12,unreached,multilingual,696,0.9626,0.945
1,rejected,multilingual,404,0.9834,0.9853
13,unreached,multilingual,359,0.9592,0.9177
15,unreached,multilingual,58,0.923,0.8224
7,unreached,multilingual,697,0.9813,0.901
7,unreached,multilingual,405,0.994,0.9087
6,unreached,multilingual,360,0.9976,1.013
10,unreached,multilingual,111,0.9468,0.8897
10,unreached,multilingual,406,0.9657,0.8879
6,unreached,multilingual,361,0.9772,0.9509
5,unreached,multilingual,112,0.9402,0.9586
9,unreached,multilingual,67,0.8965,0.9288
5,accepted,multilingual,703,0.9553,0.8844
7,unreached,multilingual,407,0.9567,0.8784
1,rejected,multilingual,362,1.013,0.9949
3,unreached,multilingual,362,0.9704,1.015
4,unreached,multilingual,362,0.9654,0.988
13,unreached,multilingual,68,0.9107,0.9342
6,unreached,multilingual,408,0.9786,0.9149
13,unreached,multilingual,363,0.9626,0.9249
8,unreached,multilingual,115,0.9564,0.9498
12,unreached,multilingual,115,0.9584,0.8859
14,unreached,multilingual,711,0.9438,0.8588
1,rejected,multilingual,364,0.9707,1.021
2,unreached,multilingual,364,0.9679,1.007
7,unreached,multilingual,364,0.9596,0.8967
10,unreached,multilingual,83,0.9286,0.9349
3,unreached,multilingual,712,0.9334,0.8955
15,unreached,multilingual,411,0.9758,0.9279
8,unreached,multilingual,365,0.9605,0.9313
5,unreached,multilingual,117,0.946,0.9138
8,rejected,multilingual,86,0.9531,0.9652
2,rejected,multilingual,412,0.9509,0.9002
9,unreached,multilingual,412,0.9599,0.8819
3,unreached,multilingual,366,0.9732,1.008
5,unreached,multilingual,94,0.9473,0.9377
6,unreached,multilingual,94,0.9127,0.9406
15,unreached,multilingual,367,0.9719,0.9547
8,unreached,multilingual,120,0.9605,0.9193
14,unreached,multilingual,120,0.9499,0.8987
14,unreached,multilingual,97,0.9158,0.8016
4,unreached,multilingual,368,0.9759,1.033
12,unreached,multilingual,100,0.9373,0.9765
13,unreached,multilingual,100,0.963,0.9294
9,unreached,multilingual,717,0.9842,0.979
10,unreached,multilingual,717,1.001,1.036
7,unreached,multilingual,416,1.003,0.9745
8,unreached,multilingual,369,0.9624,0.9817
5,unreached,multilingual,123,0.9738,0.9467
6,unreached,multilingual,124,0.9233,0.8709
12,unreached,multilingual,103,0.9688,0.937
6,unreached,multilingual,719,0.9451,0.898
11,unreached,multilingual,419,0.9765,0.9174
3,unreached,multilingual,125,0.97,0.9656
13,accepted,multilingual,104,0.9436,0.9478
14,rejected,multilingual,104,0.9281,0.88
5,unreached,multilingual,720,0.9476,0.9032
10,unreached,multilingual,720,0.9568,0.8695
15,unreached,multilingual,373,0.9695,0.938
4,unreached,multilingual,126,0.9245,0.8868
2,accepted,multilingual,118,0.9483,0.841
12,unreached,multilingual,118,0.97,0.98
5,unreached,multilingual,422,0.9799,0.9305
1,rejected,multilingual,127,0.9244,0.9124
1,accepted,multilingual,126,0.9057,0.8861
5,unreached,multilingual,722,0.9956,1.025
6,unreached,multilingual,128,0.9632,0.8677
1,accepted,multilingual,723,0.9559,0.9208
10,unreached,multilingual,723,0.9305,0.84
8,unreached,multilingual,129,0.9716,0.883
10,unreached,multilingual,129,0.9709,0.9943
4,accepted,multilingual,129,0.9157,0.8911
15,accepted,multilingual,129,0.9526,0.9297
2,unreached,multilingual,426,1.017,0.9863
4,unreached,multilingual,426,0.9473,0.9469
14,unreached,multilingual,378,0.9836,1
11,unreached,multilingual,427,0.9919,0.9443
11,unreached,multilingual,379,0.9848,0.9774
12,unreached,multilingual,428,0.9671,0.9053
13,unreached,multilingual,150,0.9287,0.7785
9,unreached,multilingual,728,0.9479,0.87
7,unreached,multilingual,435,1.002,0.9499
14,unreached,multilingual,435,0.9735,0.9277
10,unreached,multilingual,134,0.9398,0.9141
3,accepted,multilingual,162,0.9175,0.8919
9,unreached,multilingual,382,0.9759,0.9442
3,unreached,multilingual,135,0.9817,0.94
8,unreached,multilingual,135,0.9407,0.9187
10,unreached,multilingual,135,0.94,1.13
7,accepted,multilingual,172,0.9199,0.8985
14,accepted,multilingual,172,0.891,0.898
5,unreached,multilingual,730,0.9983,0.9378
8,unreached,multilingual,384,0.9961,0.9931
12,unreached,multilingual,384,0.9694,0.9321
7,unreached,multilingual,438,0.945,0.8822
14,unreached,multilingual,386,0.9823,0.9635
1,accepted,multilingual,137,0.9645,1.036
10,unreached,multilingual,188,0.9234,0.9418
12,unreached,multilingual,188,0.9632,0.8704
5,unreached,multilingual,387,1.007,1.085
8,unreached,multilingual,387,0.9927,0.9604
2,unreached,multilingual,141,0.9283,0.9278
9,unreached,multilingual,734,0.984,0.929
9,unreached,multilingual,440,0.9624,0.9128
11,unreached,multilingual,440,0.9468,0.8447
15,unreached,multilingual,440,0.954,0.8604
5,unreached,multilingual,390,0.9755,0.9146
1,accepted,multilingual,193,0.9133,0.9476
6,unreached,multilingual,735,0.9555,0.8864
14,unreached,multilingual,735,0.9849,0.9833
3,unreached,multilingual,143,0.9085,0.8576
2,unreached,multilingual,442,0.9794,0.9348
4,unreached,multilingual,393,0.9511,1.047
8,unreached,multilingual,393,0.9464,1.012
1,accepted,multilingual,144,0.8847,0.7623
2,unreached,multilingual,737,0.9699,0.9396
14,unreached,multilingual,146,0.9529,0.894
4,accepted,multilingual,51,0.8946,0.9254
12,unreached,multilingual,51,0.893,0.7919
4,unreached,multilingual,738,0.9837,0.9344
8,unreached,multilingual,395,0.9763,1.008
3,unreached,multilingual,148,0.943,0.9052
9,unreached,multilingual,57,0.9074,0.8397
7,unreached,multilingual,739,0.9691,0.9153
10,unreached,multilingual,445,0.9791,0.9612
14,unreached,multilingual,445,0.977,0.9137
3,unreached,multilingual,150,0.9419,0.9095
7,unreached,multilingual,150,0.9709,0.9195
13,unreached,multilingual,150,0.9602,0.9109
3,unreached,multilingual,740,0.9797,0.9338
7,unreached,multilingual,740,1.023,0.9545
14,unreached,multilingual,446,0.9855,0.9009
1,rejected,multilingual,397,0.9679,1.072
2,unreached,multilingual,397,0.9751,1.086
4,unreached,multilingual,741,0.9788,0.9335
15,unreached,multilingual,741,0.9555,0.8705
1,rejected,multilingual,447,0.9339,0.8873
10,unreached,multilingual,153,0.9631,0.9257
11,unreached,multilingual,153,0.9681,0.9193
6,unreached,multilingual,448,0.9514,0.9159
11,unreached,multilingual,448,0.9761,0.9216
12,unreached,multilingual,448,0.9765,0.9079
8,unreached,multilingual,154,0.9544,0.9426
6,accepted,multilingual,66,0.9474,0.8568
14,unreached,multilingual,743,0.9504,0.889
3,unreached,multilingual,74,0.9318,0.9181
4,unreached,multilingual,74,0.917,0.8251
13,unreached,multilingual,744,0.946,0.8673
14,unreached,multilingual,744,0.9527,0.8818
3,unreached,multilingual,156,0.9305,0.9105
4,unreached,multilingual,75,0.9347,0.8781
11,unreached,multilingual,75,0.9293,0.9325
5,unreached,multilingual,745,0.979,0.9062
7,unreached,multilingual,745,0.9899,0.9224
10,unreached,multilingual,745,0.9729,0.9486
8,unreached,multilingual,451,0.982,0.9343
3,unreached,multilingual,408,0.9568,1.012
4,unreached,multilingual,408,0.9569,0.9992
2,unreached,multilingual,746,0.9819,0.9565
3,unreached,multilingual,747,0.9774,0.9076
15,unreached,multilingual,747,0.9865,0.9283
7,unreached,multilingual,453,0.9401,0.9222
1,accepted,multilingual,411,0.9416,1.017
6,unreached,multilingual,411,0.9709,0.9305
4,unreached,multilingual,161,0.9898,0.9841
2,accepted,multilingual,89,0.8899,0.8492
1,rejected,multilingual,415,0.9556,0.9959
11,unreached,multilingual,415,0.9436,0.9102
11,unreached,multilingual,163,0.8991,0.8609
2,rejected,multilingual,94,0.856,0.8265
15,unreached,multilingual,457,0.9814,0.9035
2,rejected,multilingual,164,0.9409,0.9032
8,unreached,multilingual,164,0.9856,0.9232
3,unreached,multilingual,459,0.954,0.9114
2,unreached,multilingual,166,0.9401,0.8898
12,unreached,multilingual,166,0.999,0.9813
6,unreached,multilingual,98,0.8903,0.8411
11,unreached,multilingual,52,0.9077,0.7581
3,accepted,multilingual,435,0.9575,0.9772
6,accepted,multilingual,435,0.9594,1.043
6,unreached,multilingual,167,0.9642,0.8862
15,unreached,multilingual,167,0.9066,0.8788
14,unreached,multilingual,101,0.8987,0.8209
13,unreached,multilingual,104,0.9189,0.8646
4,unreached,multilingual,54,0.9211,0.873
1,rejected,multilingual,462,0.9421,0.9235
14,unreached,multilingual,462,0.9501,0.8824
8,unreached,multilingual,105,0.9388,0.9376
14,unreached,multilingual,105,0.9213,0.8492
12,unreached,multilingual,463,0.9699,0.9314
3,unreached,multilingual,445,0.9698,1.039
4,unreached,multilingual,445,0.9434,0.9568
1,accepted,multilingual,112,0.9295,0.8642
4,unreached,multilingual,112,0.9186,0.8806
9,unreached,multilingual,58,0.91,0.9073
6,unreached,multilingual,464,0.9807,0.9226
12,unreached,multilingual,446,0.9801,1.052
15,unreached,multilingual,182,0.9065,0.7606
4,rejected,multilingual,115,0.9082,0.8529
2,unreached,multilingual,448,0.9825,1.085
1,accepted,multilingual,189,0.8625,0.7716
7,unreached,multilingual,189,0.9044,0.7893
15,unreached,multilingual,119,0.934,0.8931
6,unreached,multilingual,466,0.9679,0.8866
14,unreached,multilingual,466,0.9687,0.89
6,unreached,multilingual,194,0.9126,0.8289
14,unreached,multilingual,467,0.9678,0.87
3,unreached,multilingual,454,1.013,0.9996
6,rejected,multilingual,81,0.8999,0.92
10,unreached,multilingual,202,0.9646,0.9218
7,unreached,multilingual,133,0.9033,0.9044
12,unreached,multilingual,133,0.8885,0.785
8,unreached,multilingual,470,0.983,0.9431
14,unreached,multilingual,208,0.9371,0.9632
13,unreached,multilingual,136,0.8993,0.9123
6,unreached,multilingual,89,0.96,0.8449
1,rejected,multilingual,458,0.948,0.9954
6,unreached,multilingual,458,0.9775,0.966
7,unreached,multilingual,458,0.9789,0.9691
4,unreached,multilingual,215,0.9123,0.8678
1,accepted,multilingual,92,0.919,0.8646
13,unreached,multilingual,217,0.9806,0.9923
14,unreached,multilingual,105,0.9503,1.01
9,unreached,multilingual,141,0.9022,0.8497
11,unreached,multilingual,141,0.9207,0.9454
1,rejected,multilingual,475,0.9587,0.9382
4,unreached,multilingual,476,0.9552,0.9147
4,accepted,multilingual,462,0.955,1.052
6,unreached,multilingual,147,0.901,0.8395
1,accepted,multilingual,115,0.9586,0.8808
7,accepted,multilingual,115,0.9563,0.9198
10,accepted,multilingual,115,0.9541,0.9547
14,unreached,multilingual,478,0.9707,0.9394
11,unreached,multilingual,467,0.9631,0.9408
14,unreached,multilingual,467,0.9617,0.958
3,unreached,multilingual,230,0.9704,0.9597
11,unreached,multilingual,230,0.9562,0.8377
14,unreached,multilingual,230,0.9441,0.8055
4,unreached,multilingual,130,0.9153,0.8901
8,unreached,multilingual,130,0.904,0.8414
7,unreached,multilingual,479,1.011,0.953
9,rejected,multilingual,153,0.8852,0.7946
6,accepted,multilingual,132,0.9015,0.8987
5,unreached,multilingual,483,0.9693,0.9123
6,unreached,multilingual,483,0.9889,0.9691
1,accepted,multilingual,470,0.9388,1.044
4,unreached,multilingual,470,0.9657,0.9008
9,unreached,multilingual,470,0.9533,0.8695
10,unreached,multilingual,162,0.938,0.8533
11,unreached,multilingual,162,0.9816,0.8751
8,unreached,multilingual,240,0.9639,1.014
11,unreached,multilingual,166,0.9346,0.8298
15,unreached,multilingual,166,0.9894,0.9113
12,unreached,multilingual,473,0.9559,0.8442
14,unreached,multilingual,241,0.9352,0.8452
4,accepted,multilingual,147,0.9014,0.9104
13,unreached,multilingual,242,0.9312,0.8649
1,rejected,multilingual,243,0.8902,0.8491
5,unreached,multilingual,243,0.9876,0.9755
12,unreached,multilingual,188,0.9213,0.9025
3,unreached,multilingual,64,0.941,0.8533
5,unreached,multilingual,64,0.9512,0.8739
13,unreached,multilingual,64,0.9636,0.9158
3,accepted,multilingual,477,0.9673,0.9224
5,accepted,multilingual,477,0.9352,0.8293
14,accepted,multilingual,477,0.9545,0.9069
5,unreached,multilingual,244,0.9589,1.002
9,unreached,multilingual,244,0.9195,0.7903
14,unreached,multilingual,197,0.9018,0.8477
10,unreached,multilingual,190,0.9173,0.8984
1,accepted,multilingual,82,0.9173,0.8674
7,accepted,multilingual,82,0.8648,0.9351
9,rejected,multilingual,82,0.8695,0.8519
14,unreached,multilingual,193,0.9251,0.9606
10,unreached,multilingual,91,0.9301,0.8539
9,unreached,multilingual,248,0.9759,1.15
13,unreached,multilingual,248,0.9419,0.9374
4,unreached,multilingual,92,0.9486,0.8954
3,unreached,multilingual,250,0.8951,0.8333
14,unreached,multilingual,201,0.9502,0.9213
12,unreached,multilingual,95,0.9083,0.9458
9,unreached,multilingual,252,0.9755,0.9413
13,unreached,multilingual,206,0.8951,0.7374
5,accepted,multilingual,206,0.9179,0.9405
2,unreached,multilingual,101,0.9064,0.8856
6,unreached,multilingual,207,0.8944,0.8446
1,accepted,multilingual,217,0.9098,0.875
3,accepted,multilingual,217,0.9365,0.8945
9,unreached,multilingual,217,0.8966,0.8497
12,unreached,multilingual,217,0.9593,0.8717
14,unreached,multilingual,261,1.019,1.093
13,unreached,multilingual,208,0.8796,0.8812
1,accepted,multilingual,225,0.9116,0.846
3,accepted,multilingual,225,0.9238,0.8344
4,accepted,multilingual,225,0.9344,0.8514
2,rejected,multilingual,108,0.8523,0.8035
7,unreached,multilingual,108,0.9111,0.8882
11,unreached,multilingual,215,0.9296,0.7986
13,unreached,multilingual,113,0.9678,0.8406
10,unreached,multilingual,275,0.9585,1.1
10,unreached,multilingual,250,0.9413,0.9105
12,unreached,multilingual,114,0.9705,0.8453
3,accepted,multilingual,258,0.9247,0.9568
10,unreached,multilingual,123,0.9697,0.9154
13,unreached,multilingual,123,0.8613,0.9306
14,unreached,multilingual,129,0.9361,0.8284
9,unreached,multilingual,290,0.9546,0.9447
13,unreached,multilingual,293,0.9204,0.8537
1,accepted,multilingual,144,0.8663,0.8461
14,unreached,multilingual,144,0.9288,0.819
15,unreached,multilingual,144,0.9566,0.7947
7,unreached,multilingual,295,0.9285,0.8406
13,unreached,multilingual,295,0.9307,0.8644
7,unreached,multilingual,242,0.9583,0.8803
8,accepted,multilingual,247,0.9693,0.8819
11,accepted,multilingual,247,0.9156,0.8942
8,unreached,multilingual,172,0.9439,0.8336
14,unreached,multilingual,300,0.9305,0.8748
8,accepted,multilingual,263,0.9865,0.8946
15,unreached,multilingual,173,0.9371,0.7702
11,unreached,multilingual,281,0.915,0.8269
12,unreached,multilingual,281,0.9219,0.8538
5,unreached,multilingual,285,0.9241,0.9043
2,unreached,multilingual,307,0.902,0.8459
4,unreached,multilingual,307,0.9124,0.8565
7,unreached,multilingual,286,0.9061,0.8386
14,unreached,multilingual,193,0.9101,0.7406
15,unreached,multilingual,290,0.904,0.8077
6,unreached,multilingual,197,0.9437,0.8997
3,accepted,multilingual,310,0.9095,0.8362
9,accepted,multilingual,294,0.907,0.9372
15,unreached,multilingual,202,0.9697,0.8253
1,rejected,multilingual,319,0.9094,0.908
10,unreached,multilingual,214,0.9403,0.8282
11,unreached,multilingual,214,0.8924,0.7596
5,accepted,multilingual,223,0.9506,0.8795
5,accepted,multilingual,232,0.9571,0.9668
12,unreached,multilingual,349,0.9358,0.9184
1,accepted,multilingual,241,0.8479,0.7594
9,accepted,multilingual,326,0.9815,0.9077
13,unreached,multilingual,363,0.9534,0.8066
1,rejected,multilingual,339,0.9207,0.9272
15,unreached,multilingual,339,0.9243,0.8711
9,unreached,multilingual,340,0.9668,1.019
14,unreached,multilingual,340,0.9252,0.8617
13,unreached,multilingual,293,0.9249,0.7789
13,unreached,multilingual,351,0.9689,0.9083
8,accepted,multilingual,297,0.8942,0.8365
14,unreached,multilingual,297,0.9556,0.9415
1,rejected,multilingual,353,0.922,0.9148
7,accepted,multilingual,316,0.8715,0.8159
10,unreached,multilingual,354,0.9542,0.9497
6,accepted,multilingual,324,0.905,0.9348
5,unreached,multilingual,357,0.8984,0.7608
10,unreached,multilingual,340,0.945,0.867
12,unreached,multilingual,340,0.9514,0.8323
9,unreached,multilingual,369,0.9665,1.021
10,accepted,multilingual,342,0.922,0.8093
13,accepted,multilingual,342,0.9216,0.8457
4,accepted,multilingual,373,0.9374,0.8932
12,accepted,multilingual,380,0.9167,0.7711
14,unreached,multilingual,396,0.9154,0.8001
5,unreached,multilingual,384,0.9669,1.092
6,unreached,multilingual,384,0.9501,0.9928
10,unreached,multilingual,384,0.9412,0.9522
4,accepted,multilingual,408,0.9092,0.8382
5,accepted,multilingual,416,0.8525,0.8137
13,accepted,multilingual,416,0.9193,0.8101
4,unreached,multilingual,386,0.9656,1.068
11,unreached,multilingual,386,0.9487,0.9666
3,accepted,multilingual,432,0.9606,0.975
14,unreached,multilingual,432,0.9037,0.8744
5,unreached,multilingual,387,0.9513,0.921
15,unreached,multilingual,397,0.985,1.065
15,unreached,multilingual,401,0.9228,0.9699
4,unreached,multilingual,417,0.9501,1.015
2,rejected,multilingual,424,0.925,0.9729
6,unreached,multilingual,426,0.9571,0.9715
3,unreached,multilingual,429,0.9678,0.9356
10,unreached,multilingual,429,0.9172,0.8065
12,unreached,multilingual,431,0.9615,1.106
2,accepted,multilingual,437,0.9505,0.9227
3,unreached,multilingual,444,0.9186,0.9074
3,unreached,multilingual,447,0.94,0.9724
5,unreached,multilingual,448,0.9698,0.9779
10,unreached,multilingual,451,0.9531,0.9227
3,unreached,multilingual,452,0.9347,0.8835
4,unreached,multilingual,452,0.9712,0.9492
12,unreached,multilingual,452,0.9572,0.8501
4,unreached,multilingual,459,0.9491,0.9493
