metric,group,n,mean,p10,median,p90,worst
dnorm1,all,4020,5453.397345,5016.173022,5435.823057,5921.371019,6657.416832
dnorm2,all,4020,144.575339,137.043365,144.362367,152.720667,175.524093
dnorminf,all,4020,26.147325,13.569531,24.683594,40.501562,98.523438
htnorm2,all,4020,157.930471,150.101864,159.206924,163.612964,176.827209
htnorm1,all,4020,5886.567808,5395.488218,5904.031593,6372.993893,6618.049927
hdnorm2,all,4020,50.596261,50.590994,50.596346,50.601563,50.633026
logit_drift_max,all,4020,13.801137,10.886753,13.575269,17.002782,30.538915
logit_drift_rms,all,4020,2.207658,1.67771,2.006306,3.012472,5.346014
q_x,all,4020,0.353082,0.039655,0.15611,0.991183,1.0
p_x,all,4020,0.400644,2e-06,0.115594,0.999984,1.0
contig64|scalar|transport|tiles_skipped,all,4020,0.000768,0.000773,0.000773,0.000773,0.0
contig64|scalar|transport|rows_skipped,all,4020,0.000768,0.000773,0.000773,0.000773,0.0
contig64|scalar|transport|rows_skipped_taustar,all,4020,0.000773,0.000773,0.000773,0.000773,0.000773
contig64|scalar|transport|log_width|t1.0,all,4020,718.731219,660.671798,717.010449,779.731427,879.305942
contig64|scalar|transport|p_unresolved_x|t1.0,all,4020,0.988653,1.0,1.0,1.0,1.0
contig64|scalar|transport|p_unresolved_q|t1.0,all,4020,0.99539,0.999986,1.0,1.0,1.0
contig64|scalar|transport|log_width|t0.7,all,4020,1027.794487,944.600533,1025.276065,1115.077242,1257.035596
contig64|scalar|transport|p_unresolved_x|t0.7,all,4020,0.987815,1.0,1.0,1.0,1.0
contig64|scalar|transport|p_unresolved_q|t0.7,all,4020,0.990594,0.999997,1.0,1.0,1.0
contig64|scalar|transport|log_width_retain64|t1.0,all,4020,698.677504,641.32494,697.979551,757.793352,852.995377
contig64|scalar|transport|p_unresolved_x_retain64|t1.0,all,4020,0.583194,5.6e-05,1.0,1.0,1.0
contig64|scalar|transport|rowlevel_rows_skipped,all,4020,0.000768,0.000773,0.000773,0.000773,0.0
contig64|scalar|static|tiles_skipped,all,4020,0.000768,0.000773,0.000773,0.000773,0.0
contig64|scalar|static|rows_skipped,all,4020,0.000768,0.000773,0.000773,0.000773,0.0
contig64|scalar|static|rows_skipped_taustar,all,4020,0.000773,0.000773,0.000773,0.000773,0.000773
contig64|scalar|static|log_width|t1.0,all,4020,773.380751,708.575831,776.415103,836.301839,867.278261
contig64|scalar|static|p_unresolved_x|t1.0,all,4020,0.988696,1.0,1.0,1.0,1.0
contig64|scalar|static|p_unresolved_q|t1.0,all,4020,0.99541,0.999986,1.0,1.0,1.0
contig64|scalar|static|log_width|t0.7,all,4020,1105.29839,1012.720271,1109.633176,1195.185318,1239.437176
contig64|scalar|static|p_unresolved_x|t0.7,all,4020,0.987851,1.0,1.0,1.0,1.0
contig64|scalar|static|p_unresolved_q|t0.7,all,4020,0.990626,0.999997,1.0,1.0,1.0
contig64|coord|transport|tiles_skipped,all,4020,0.000768,0.000773,0.000773,0.000773,0.0
contig64|coord|transport|tiles_skipped,outcome=accepted,968,0.000773,0.000773,0.000773,0.000773,0.000773
contig64|coord|transport|tiles_skipped,outcome=rejected,243,0.000764,0.000773,0.000773,0.000773,0.0
contig64|coord|transport|tiles_skipped,outcome=unreached,2809,0.000767,0.000773,0.000773,0.000773,0.0
contig64|coord|transport|tiles_skipped,position=1,268,0.00077,0.000773,0.000773,0.000773,0.0
contig64|coord|transport|tiles_skipped,position=2,268,0.000762,0.000773,0.000773,0.000773,0.0
contig64|coord|transport|tiles_skipped,position=3,268,0.000762,0.000773,0.000773,0.000773,0.0
contig64|coord|transport|tiles_skipped,position=4,268,0.00077,0.000773,0.000773,0.000773,0.0
contig64|coord|transport|tiles_skipped,position=5,268,0.000759,0.000773,0.000773,0.000773,0.0
contig64|coord|transport|tiles_skipped,position=6,268,0.000767,0.000773,0.000773,0.000773,0.0
contig64|coord|transport|tiles_skipped,position=7,268,0.000767,0.000773,0.000773,0.000773,0.0
contig64|coord|transport|tiles_skipped,position=8,268,0.00077,0.000773,0.000773,0.000773,0.0
contig64|coord|transport|tiles_skipped,position=9,268,0.000767,0.000773,0.000773,0.000773,0.0
contig64|coord|transport|tiles_skipped,position=10,268,0.00077,0.000773,0.000773,0.000773,0.0
contig64|coord|transport|tiles_skipped,position=11,268,0.00077,0.000773,0.000773,0.000773,0.0
contig64|coord|transport|tiles_skipped,position=12,268,0.000773,0.000773,0.000773,0.000773,0.000773
contig64|coord|transport|tiles_skipped,position=13,268,0.00077,0.000773,0.000773,0.000773,0.0
contig64|coord|transport|tiles_skipped,position=14,268,0.00077,0.000773,0.000773,0.000773,0.0
contig64|coord|transport|tiles_skipped,position=15,268,0.000773,0.000773,0.000773,0.000773,0.000773
contig64|coord|transport|tiles_skipped,domain=chat,1395,0.000769,0.000773,0.000773,0.000773,0.0
contig64|coord|transport|tiles_skipped,domain=code,510,0.000773,0.000773,0.000773,0.000773,0.000773
contig64|coord|transport|tiles_skipped,domain=maths,300,0.000773,0.000773,0.000773,0.000773,0.000773
contig64|coord|transport|tiles_skipped,domain=multilingual,1815,0.000765,0.000773,0.000773,0.000773,0.0
contig64|coord|transport|rows_skipped,all,4020,0.000768,0.000773,0.000773,0.000773,0.0
contig64|coord|transport|rows_skipped,outcome=accepted,968,0.000773,0.000773,0.000773,0.000773,0.000773
contig64|coord|transport|rows_skipped,outcome=rejected,243,0.000764,0.000773,0.000773,0.000773,0.0
contig64|coord|transport|rows_skipped,outcome=unreached,2809,0.000767,0.000773,0.000773,0.000773,0.0
contig64|coord|transport|rows_skipped,position=1,268,0.00077,0.000773,0.000773,0.000773,0.0
contig64|coord|transport|rows_skipped,position=2,268,0.000762,0.000773,0.000773,0.000773,0.0
contig64|coord|transport|rows_skipped,position=3,268,0.000762,0.000773,0.000773,0.000773,0.0
contig64|coord|transport|rows_skipped,position=4,268,0.00077,0.000773,0.000773,0.000773,0.0
contig64|coord|transport|rows_skipped,position=5,268,0.000759,0.000773,0.000773,0.000773,0.0
contig64|coord|transport|rows_skipped,position=6,268,0.000767,0.000773,0.000773,0.000773,0.0
contig64|coord|transport|rows_skipped,position=7,268,0.000767,0.000773,0.000773,0.000773,0.0
contig64|coord|transport|rows_skipped,position=8,268,0.00077,0.000773,0.000773,0.000773,0.0
contig64|coord|transport|rows_skipped,position=9,268,0.000767,0.000773,0.000773,0.000773,0.0
contig64|coord|transport|rows_skipped,position=10,268,0.00077,0.000773,0.000773,0.000773,0.0
contig64|coord|transport|rows_skipped,position=11,268,0.00077,0.000773,0.000773,0.000773,0.0
contig64|coord|transport|rows_skipped,position=12,268,0.000773,0.000773,0.000773,0.000773,0.000773
contig64|coord|transport|rows_skipped,position=13,268,0.00077,0.000773,0.000773,0.000773,0.0
contig64|coord|transport|rows_skipped,position=14,268,0.00077,0.000773,0.000773,0.000773,0.0
contig64|coord|transport|rows_skipped,position=15,268,0.000773,0.000773,0.000773,0.000773,0.000773
contig64|coord|transport|rows_skipped,domain=chat,1395,0.000769,0.000773,0.000773,0.000773,0.0
contig64|coord|transport|rows_skipped,domain=code,510,0.000773,0.000773,0.000773,0.000773,0.000773
contig64|coord|transport|rows_skipped,domain=maths,300,0.000773,0.000773,0.000773,0.000773,0.000773
contig64|coord|transport|rows_skipped,domain=multilingual,1815,0.000765,0.000773,0.000773,0.000773,0.0
contig64|coord|transport|rows_skipped_taustar,all,4020,0.000773,0.000773,0.000773,0.000773,0.000773
contig64|coord|transport|rows_skipped_taustar,outcome=accepted,968,0.000773,0.000773,0.000773,0.000773,0.000773
contig64|coord|transport|rows_skipped_taustar,outcome=rejected,243,0.000773,0.000773,0.000773,0.000773,0.000773
contig64|coord|transport|rows_skipped_taustar,outcome=unreached,2809,0.000773,0.000773,0.000773,0.000773,0.000773
contig64|coord|transport|rows_skipped_taustar,position=1,268,0.000773,0.000773,0.000773,0.000773,0.000773
contig64|coord|transport|rows_skipped_taustar,position=2,268,0.000773,0.000773,0.000773,0.000773,0.000773
contig64|coord|transport|rows_skipped_taustar,position=3,268,0.000773,0.000773,0.000773,0.000773,0.000773
contig64|coord|transport|rows_skipped_taustar,position=4,268,0.000773,0.000773,0.000773,0.000773,0.000773
contig64|coord|transport|rows_skipped_taustar,position=5,268,0.000773,0.000773,0.000773,0.000773,0.000773
contig64|coord|transport|rows_skipped_taustar,position=6,268,0.000773,0.000773,0.000773,0.000773,0.000773
contig64|coord|transport|rows_skipped_taustar,position=7,268,0.000773,0.000773,0.000773,0.000773,0.000773
contig64|coord|transport|rows_skipped_taustar,position=8,268,0.000773,0.000773,0.000773,0.000773,0.000773
contig64|coord|transport|rows_skipped_taustar,position=9,268,0.000773,0.000773,0.000773,0.000773,0.000773
contig64|coord|transport|rows_skipped_taustar,position=10,268,0.000773,0.000773,0.000773,0.000773,0.000773
contig64|coord|transport|rows_skipped_taustar,position=11,268,0.000773,0.000773,0.000773,0.000773,0.000773
contig64|coord|transport|rows_skipped_taustar,position=12,268,0.000773,0.000773,0.000773,0.000773,0.000773
contig64|coord|transport|rows_skipped_taustar,position=13,268,0.000773,0.000773,0.000773,0.000773,0.000773
contig64|coord|transport|rows_skipped_taustar,position=14,268,0.000773,0.000773,0.000773,0.000773,0.000773
contig64|coord|transport|rows_skipped_taustar,position=15,268,0.000773,0.000773,0.000773,0.000773,0.000773
contig64|coord|transport|rows_skipped_taustar,domain=chat,1395,0.000773,0.000773,0.000773,0.000773,0.000773
contig64|coord|transport|rows_skipped_taustar,domain=code,510,0.000773,0.000773,0.000773,0.000773,0.000773
contig64|coord|transport|rows_skipped_taustar,domain=maths,300,0.000773,0.000773,0.000773,0.000773,0.000773
contig64|coord|transport|rows_skipped_taustar,domain=multilingual,1815,0.000773,0.000773,0.000773,0.000773,0.000773
contig64|coord|transport|log_width|t1.0,all,4020,188.325916,173.074043,188.204304,204.31226,229.554162
contig64|coord|transport|log_width|t1.0,outcome=accepted,968,192.309115,175.214859,192.078289,210.352403,224.943237
contig64|coord|transport|log_width|t1.0,outcome=rejected,243,189.266434,174.00652,189.951324,203.857816,228.975576
contig64|coord|transport|log_width|t1.0,outcome=unreached,2809,186.871918,172.665667,186.83161,201.612968,229.554162
contig64|coord|transport|log_width|t1.0,position=1,268,188.444625,173.595586,188.589636,204.663322,228.975576
contig64|coord|transport|log_width|t1.0,position=2,268,190.625756,176.048645,190.843577,207.068351,224.518085
contig64|coord|transport|log_width|t1.0,position=3,268,191.158274,175.805661,191.835822,206.102112,219.608816
contig64|coord|transport|log_width|t1.0,position=4,268,192.454765,175.89548,192.603533,208.424465,224.564141
contig64|coord|transport|log_width|t1.0,position=5,268,191.030728,173.766804,192.005336,206.200731,224.943237
contig64|coord|transport|log_width|t1.0,position=6,268,190.774327,173.583236,191.4608,207.148661,222.097853
contig64|coord|transport|log_width|t1.0,position=7,268,189.122968,173.607412,189.398981,204.698361,218.602426
contig64|coord|transport|log_width|t1.0,position=8,268,188.060063,172.337753,188.312707,202.970533,224.089099
contig64|coord|transport|log_width|t1.0,position=9,268,188.198477,173.035075,187.45152,203.797764,219.52347
contig64|coord|transport|log_width|t1.0,position=10,268,187.179064,173.124791,186.372655,202.878816,219.738625
contig64|coord|transport|log_width|t1.0,position=11,268,186.154333,170.43581,186.037182,202.201446,221.902613
contig64|coord|transport|log_width|t1.0,position=12,268,186.406904,173.185218,186.625966,199.756788,218.584862
contig64|coord|transport|log_width|t1.0,position=13,268,186.236722,172.59273,185.576338,199.875539,229.554162
contig64|coord|transport|log_width|t1.0,position=14,268,184.879194,172.601758,184.316917,198.99767,229.325335
contig64|coord|transport|log_width|t1.0,position=15,268,184.162543,170.844844,183.162664,196.107123,224.583124
contig64|coord|transport|log_width|t1.0,domain=chat,1395,191.483269,179.492179,190.94166,204.545837,229.554162
contig64|coord|transport|log_width|t1.0,domain=code,510,190.798945,175.389525,190.333154,206.487388,221.098662
contig64|coord|transport|log_width|t1.0,domain=maths,300,192.403579,174.778272,192.77475,209.772752,224.583124
contig64|coord|transport|log_width|t1.0,domain=multilingual,1815,184.530297,169.705907,183.632774,201.775877,224.564141
contig64|coord|transport|p_unresolved_x|t1.0,all,4020,0.987893,1.0,1.0,1.0,1.0
contig64|coord|transport|p_unresolved_x|t1.0,outcome=accepted,968,1.0,1.0,1.0,1.0,1.0
contig64|coord|transport|p_unresolved_x|t1.0,outcome=rejected,243,0.977407,1.0,1.0,1.0,1.0
contig64|coord|transport|p_unresolved_x|t1.0,outcome=unreached,2809,0.984628,1.0,1.0,1.0,1.0
contig64|coord|transport|p_unresolved_x|t1.0,position=1,268,1.0,1.0,1.0,1.0,1.0
contig64|coord|transport|p_unresolved_x|t1.0,position=2,268,0.978909,1.0,1.0,1.0,1.0
contig64|coord|transport|p_unresolved_x|t1.0,position=3,268,0.971893,1.0,1.0,1.0,1.0
contig64|coord|transport|p_unresolved_x|t1.0,position=4,268,0.97389,1.0,1.0,1.0,1.0
contig64|coord|transport|p_unresolved_x|t1.0,position=5,268,0.974624,1.0,1.0,1.0,1.0
contig64|coord|transport|p_unresolved_x|t1.0,position=6,268,0.977202,1.0,1.0,1.0,1.0
contig64|coord|transport|p_unresolved_x|t1.0,position=7,268,0.985719,1.0,1.0,1.0,1.0
contig64|coord|transport|p_unresolved_x|t1.0,position=8,268,0.992019,1.0,1.0,1.0,1.0
contig64|coord|transport|p_unresolved_x|t1.0,position=9,268,0.992821,1.0,1.0,1.0,1.0
contig64|coord|transport|p_unresolved_x|t1.0,position=10,268,0.993046,1.0,1.0,1.0,1.0
contig64|coord|transport|p_unresolved_x|t1.0,position=11,268,0.996447,1.0,1.0,1.0,1.0
contig64|coord|transport|p_unresolved_x|t1.0,position=12,268,1.0,1.0,1.0,1.0,1.0
contig64|coord|transport|p_unresolved_x|t1.0,position=13,268,0.994152,1.0,1.0,1.0,1.0
contig64|coord|transport|p_unresolved_x|t1.0,position=14,268,0.992863,1.0,1.0,1.0,1.0
contig64|coord|transport|p_unresolved_x|t1.0,position=15,268,0.994809,1.0,1.0,1.0,1.0
contig64|coord|transport|p_unresolved_x|t1.0,domain=chat,1395,0.991776,1.0,1.0,1.0,1.0
contig64|coord|transport|p_unresolved_x|t1.0,domain=code,510,0.998119,1.0,1.0,1.0,1.0
contig64|coord|transport|p_unresolved_x|t1.0,domain=maths,300,0.996856,1.0,1.0,1.0,1.0
contig64|coord|transport|p_unresolved_x|t1.0,domain=multilingual,1815,0.980553,1.0,1.0,1.0,1.0
contig64|coord|transport|p_unresolved_q|t1.0,all,4020,0.995014,0.999948,1.0,1.0,1.0
contig64|coord|transport|p_unresolved_q|t1.0,outcome=accepted,968,0.999146,1.0,1.0,1.0,1.0
contig64|coord|transport|p_unresolved_q|t1.0,outcome=rejected,243,0.989731,0.998926,1.0,1.0,1.0
contig64|coord|transport|p_unresolved_q|t1.0,outcome=unreached,2809,0.994047,0.999677,1.0,1.0,1.0
contig64|coord|transport|p_unresolved_q|t1.0,position=1,268,0.999912,0.999972,1.0,1.0,1.0
contig64|coord|transport|p_unresolved_q|t1.0,position=2,268,0.990559,0.999564,1.0,1.0,1.0
contig64|coord|transport|p_unresolved_q|t1.0,position=3,268,0.989164,0.979991,1.0,1.0,1.0
contig64|coord|transport|p_unresolved_q|t1.0,position=4,268,0.990114,0.998089,1.0,1.0,1.0
contig64|coord|transport|p_unresolved_q|t1.0,position=5,268,0.988596,0.995625,1.0,1.0,1.0
contig64|coord|transport|p_unresolved_q|t1.0,position=6,268,0.993584,0.999929,1.0,1.0,1.0
contig64|coord|transport|p_unresolved_q|t1.0,position=7,268,0.99476,0.999854,1.0,1.0,1.0
contig64|coord|transport|p_unresolved_q|t1.0,position=8,268,0.995798,1.0,1.0,1.0,1.0
contig64|coord|transport|p_unresolved_q|t1.0,position=9,268,0.9967,1.0,1.0,1.0,1.0
contig64|coord|transport|p_unresolved_q|t1.0,position=10,268,0.996484,1.0,1.0,1.0,1.0
contig64|coord|transport|p_unresolved_q|t1.0,position=11,268,0.998649,0.999998,1.0,1.0,1.0
contig64|coord|transport|p_unresolved_q|t1.0,position=12,268,0.99911,1.0,1.0,1.0,1.0
contig64|coord|transport|p_unresolved_q|t1.0,position=13,268,0.99823,1.0,1.0,1.0,1.0
contig64|coord|transport|p_unresolved_q|t1.0,position=14,268,0.995822,1.0,1.0,1.0,1.0
contig64|coord|transport|p_unresolved_q|t1.0,position=15,268,0.997732,1.0,1.0,1.0,1.0
contig64|coord|transport|p_unresolved_q|t1.0,domain=chat,1395,0.995712,1.0,1.0,1.0,1.0
contig64|coord|transport|p_unresolved_q|t1.0,domain=code,510,0.998179,1.0,1.0,1.0,1.0
contig64|coord|transport|p_unresolved_q|t1.0,domain=maths,300,0.997746,1.0,1.0,1.0,1.0
contig64|coord|transport|p_unresolved_q|t1.0,domain=multilingual,1815,0.993137,0.99799,1.0,1.0,1.0
contig64|coord|transport|log_width|t0.7,all,4020,269.880474,248.021459,269.817032,292.722978,329.353209
contig64|coord|transport|log_width|t0.7,outcome=accepted,968,275.927447,251.021067,275.794753,301.554825,323.054005
contig64|coord|transport|log_width|t0.7,outcome=rejected,243,271.203071,249.128604,272.293322,292.71455,329.353209
contig64|coord|transport|log_width|t0.7,outcome=unreached,2809,267.682233,246.969968,267.833896,288.603579,327.808703
contig64|coord|transport|log_width|t0.7,position=1,268,270.320135,249.348539,270.529493,293.474232,329.353209
contig64|coord|transport|log_width|t0.7,position=2,268,273.332687,252.133827,274.094032,296.439061,320.863893
contig64|coord|transport|log_width|t0.7,position=3,268,273.996774,252.504683,274.883255,294.74485,315.566915
contig64|coord|transport|log_width|t0.7,position=4,268,275.822991,252.859554,276.382009,298.601004,323.054005
contig64|coord|transport|log_width|t0.7,position=5,268,273.718295,249.00333,275.275633,295.213196,321.529598
contig64|coord|transport|log_width|t0.7,position=6,268,273.304333,248.565875,274.33524,296.14886,318.480743
contig64|coord|transport|log_width|t0.7,position=7,268,270.981711,248.218718,271.718596,292.882718,312.194978
contig64|coord|transport|log_width|t0.7,position=8,268,269.420114,246.667642,269.573919,291.394297,320.250469
contig64|coord|transport|log_width|t0.7,position=9,268,269.678682,247.667487,269.06195,291.853041,313.715902
contig64|coord|transport|log_width|t0.7,position=10,268,268.259276,247.86547,267.255126,290.304403,313.890192
contig64|coord|transport|log_width|t0.7,position=11,268,266.76763,243.869389,266.692411,290.169156,317.117577
contig64|coord|transport|log_width|t0.7,position=12,268,267.07717,248.457247,267.270805,286.038949,312.35811
contig64|coord|transport|log_width|t0.7,position=13,268,266.85915,246.764482,266.490926,286.284667,327.808703
contig64|coord|transport|log_width|t0.7,position=14,268,264.850331,247.267706,264.023689,285.803802,327.581224
contig64|coord|transport|log_width|t0.7,position=15,268,263.817836,244.898228,262.374192,281.413384,322.538928
contig64|coord|transport|log_width|t0.7,domain=chat,1395,274.478027,257.260715,273.907253,293.302381,329.353209
contig64|coord|transport|log_width|t0.7,domain=code,510,273.882623,251.90854,273.253514,296.3186,317.564105
contig64|coord|transport|log_width|t0.7,domain=maths,300,276.095259,250.516449,276.546427,300.67321,322.538928
contig64|coord|transport|log_width|t0.7,domain=multilingual,1815,264.19501,242.795162,262.952503,288.803938,323.054005
contig64|coord|transport|p_unresolved_x|t0.7,all,4020,0.986972,1.0,1.0,1.0,1.0
contig64|coord|transport|p_unresolved_x|t0.7,outcome=accepted,968,1.0,1.0,1.0,1.0,1.0
contig64|coord|transport|p_unresolved_x|t0.7,outcome=rejected,243,0.97461,1.0,1.0,1.0,1.0
contig64|coord|transport|p_unresolved_x|t0.7,outcome=unreached,2809,0.983552,1.0,1.0,1.0,1.0
contig64|coord|transport|p_unresolved_x|t0.7,position=1,268,0.997087,1.0,1.0,1.0,1.0
contig64|coord|transport|p_unresolved_x|t0.7,position=2,268,0.979028,1.0,1.0,1.0,1.0
contig64|coord|transport|p_unresolved_x|t0.7,position=3,268,0.969799,1.0,1.0,1.0,1.0
contig64|coord|transport|p_unresolved_x|t0.7,position=4,268,0.971844,1.0,1.0,1.0,1.0
contig64|coord|transport|p_unresolved_x|t0.7,position=5,268,0.974095,1.0,1.0,1.0,1.0
contig64|coord|transport|p_unresolved_x|t0.7,position=6,268,0.975787,1.0,1.0,1.0,1.0
contig64|coord|transport|p_unresolved_x|t0.7,position=7,268,0.984493,1.0,1.0,1.0,1.0
contig64|coord|transport|p_unresolved_x|t0.7,position=8,268,0.992142,1.0,1.0,1.0,1.0
contig64|coord|transport|p_unresolved_x|t0.7,position=9,268,0.99039,1.0,1.0,1.0,1.0
contig64|coord|transport|p_unresolved_x|t0.7,position=10,268,0.992662,1.0,1.0,1.0,1.0
contig64|coord|transport|p_unresolved_x|t0.7,position=11,268,0.996321,1.0,1.0,1.0,1.0
contig64|coord|transport|p_unresolved_x|t0.7,position=12,268,1.0,1.0,1.0,1.0,1.0
contig64|coord|transport|p_unresolved_x|t0.7,position=13,268,0.993935,1.0,1.0,1.0,1.0
contig64|coord|transport|p_unresolved_x|t0.7,position=14,268,0.992789,1.0,1.0,1.0,1.0
contig64|coord|transport|p_unresolved_x|t0.7,position=15,268,0.994213,1.0,1.0,1.0,1.0
contig64|coord|transport|p_unresolved_x|t0.7,domain=chat,1395,0.99238,1.0,1.0,1.0,1.0
contig64|coord|transport|p_unresolved_x|t0.7,domain=code,510,0.998086,1.0,1.0,1.0,1.0
contig64|coord|transport|p_unresolved_x|t0.7,domain=maths,300,0.996866,1.0,1.0,1.0,1.0
contig64|coord|transport|p_unresolved_x|t0.7,domain=multilingual,1815,0.978057,1.0,1.0,1.0,1.0
contig64|coord|transport|p_unresolved_q|t0.7,all,4020,0.989869,0.999991,1.0,1.0,1.0
contig64|coord|transport|p_unresolved_q|t0.7,outcome=accepted,968,0.999484,1.0,1.0,1.0,1.0
contig64|coord|transport|p_unresolved_q|t0.7,outcome=rejected,243,0.983269,0.998483,1.0,1.0,1.0
contig64|coord|transport|p_unresolved_q|t0.7,outcome=unreached,2809,0.987126,0.999877,1.0,1.0,1.0
contig64|coord|transport|p_unresolved_q|t0.7,position=1,268,0.999657,0.999998,1.0,1.0,1.0
contig64|coord|transport|p_unresolved_q|t0.7,position=2,268,0.982395,0.999859,1.0,1.0,1.0
contig64|coord|transport|p_unresolved_q|t0.7,position=3,268,0.975991,0.984533,1.0,1.0,1.0
contig64|coord|transport|p_unresolved_q|t0.7,position=4,268,0.978882,0.997665,1.0,1.0,1.0
contig64|coord|transport|p_unresolved_q|t0.7,position=5,268,0.976536,0.997563,1.0,1.0,1.0
contig64|coord|transport|p_unresolved_q|t0.7,position=6,268,0.98335,0.999997,1.0,1.0,1.0
contig64|coord|transport|p_unresolved_q|t0.7,position=7,268,0.989178,0.999986,1.0,1.0,1.0
contig64|coord|transport|p_unresolved_q|t0.7,position=8,268,0.992855,1.0,1.0,1.0,1.0
contig64|coord|transport|p_unresolved_q|t0.7,position=9,268,0.993929,1.0,1.0,1.0,1.0
contig64|coord|transport|p_unresolved_q|t0.7,position=10,268,0.992678,1.0,1.0,1.0,1.0
contig64|coord|transport|p_unresolved_q|t0.7,position=11,268,0.997383,1.0,1.0,1.0,1.0
contig64|coord|transport|p_unresolved_q|t0.7,position=12,268,0.998645,1.0,1.0,1.0,1.0
contig64|coord|transport|p_unresolved_q|t0.7,position=13,268,0.996289,1.0,1.0,1.0,1.0
contig64|coord|transport|p_unresolved_q|t0.7,position=14,268,0.994343,0.999999,1.0,1.0,1.0
contig64|coord|transport|p_unresolved_q|t0.7,position=15,268,0.995919,0.999996,1.0,1.0,1.0
contig64|coord|transport|p_unresolved_q|t0.7,domain=chat,1395,0.992913,1.0,1.0,1.0,1.0
contig64|coord|transport|p_unresolved_q|t0.7,domain=code,510,0.998413,1.0,1.0,1.0,1.0
contig64|coord|transport|p_unresolved_q|t0.7,domain=maths,300,0.997042,1.0,1.0,1.0,1.0
contig64|coord|transport|p_unresolved_q|t0.7,domain=multilingual,1815,0.983942,0.997474,1.0,1.0,1.0
contig64|coord|transport|log_width_retain64|t1.0,all,4020,167.650136,152.254234,167.978184,182.413267,216.100215
contig64|coord|transport|log_width_retain64|t1.0,outcome=accepted,968,163.229115,147.382295,163.163597,179.288276,198.582528
contig64|coord|transport|log_width_retain64|t1.0,outcome=rejected,243,168.633358,153.4614,168.588964,184.251753,204.413441
contig64|coord|transport|log_width_retain64|t1.0,outcome=unreached,2809,169.088594,155.150118,169.200914,183.125234,216.100215
contig64|coord|transport|log_width_retain64|t1.0,position=1,268,164.570306,149.442385,164.576873,180.105788,204.413441
contig64|coord|transport|log_width_retain64|t1.0,position=2,268,167.85753,151.324247,168.176761,183.000668,216.100215
contig64|coord|transport|log_width_retain64|t1.0,position=3,268,169.213162,151.813678,170.078255,185.008883,210.116798
contig64|coord|transport|log_width_retain64|t1.0,position=4,268,170.704434,153.610357,170.496757,187.718577,205.467906
contig64|coord|transport|log_width_retain64|t1.0,position=5,268,169.960131,151.943021,170.310749,186.010475,213.892888
contig64|coord|transport|log_width_retain64|t1.0,position=6,268,169.627965,153.818263,169.909596,184.698008,207.025032
contig64|coord|transport|log_width_retain64|t1.0,position=7,268,168.558429,152.469447,169.273877,183.026838,211.773267
contig64|coord|transport|log_width_retain64|t1.0,position=8,268,167.896394,153.38654,168.398705,182.087934,210.218461
contig64|coord|transport|log_width_retain64|t1.0,position=9,268,168.219669,152.943246,168.281186,181.94727,199.533038
contig64|coord|transport|log_width_retain64|t1.0,position=10,268,167.021283,152.562063,167.484658,179.794038,197.256587
contig64|coord|transport|log_width_retain64|t1.0,position=11,268,166.244114,151.476976,168.000484,178.96379,195.676094
contig64|coord|transport|log_width_retain64|t1.0,position=12,268,166.944209,154.719148,167.116038,178.760591,197.114113
contig64|coord|transport|log_width_retain64|t1.0,position=13,268,166.8825,152.739653,167.636779,179.140472,201.608395
contig64|coord|transport|log_width_retain64|t1.0,position=14,268,165.747812,152.236151,165.615885,178.983681,202.759883
contig64|coord|transport|log_width_retain64|t1.0,position=15,268,165.304108,152.272911,165.065446,176.931835,204.102127
contig64|coord|transport|log_width_retain64|t1.0,domain=chat,1395,171.412858,158.038116,171.982161,184.619739,213.892888
contig64|coord|transport|log_width_retain64|t1.0,domain=code,510,162.50606,147.314347,162.742955,178.698457,197.114113
contig64|coord|transport|log_width_retain64|t1.0,domain=maths,300,165.02083,149.963608,166.227587,178.631577,198.582528
contig64|coord|transport|log_width_retain64|t1.0,domain=multilingual,1815,166.638166,151.470294,166.413104,181.979465,216.100215
contig64|coord|transport|p_unresolved_x_retain64|t1.0,all,4020,0.583194,5.6e-05,1.0,1.0,1.0
contig64|coord|transport|p_unresolved_x_retain64|t1.0,outcome=accepted,968,0.994234,1.0,1.0,1.0,1.0
contig64|coord|transport|p_unresolved_x_retain64|t1.0,outcome=rejected,243,0.290108,0.0,0.110256,0.974027,1.0
contig64|coord|transport|p_unresolved_x_retain64|t1.0,outcome=unreached,2809,0.4669,1.6e-05,0.244174,1.0,1.0
contig64|coord|transport|p_unresolved_x_retain64|t1.0,position=1,268,0.785339,0.025582,1.0,1.0,1.0
contig64|coord|transport|p_unresolved_x_retain64|t1.0,position=2,268,0.702632,2.2e-05,1.0,1.0,1.0
contig64|coord|transport|p_unresolved_x_retain64|t1.0,position=3,268,0.635776,1.2e-05,1.0,1.0,1.0
contig64|coord|transport|p_unresolved_x_retain64|t1.0,position=4,268,0.566453,8e-06,0.99916,1.0,1.0
contig64|coord|transport|p_unresolved_x_retain64|t1.0,position=5,268,0.55921,3e-06,0.969393,1.0,1.0
contig64|coord|transport|p_unresolved_x_retain64|t1.0,position=6,268,0.602984,3.7e-05,1.0,1.0,1.0
contig64|coord|transport|p_unresolved_x_retain64|t1.0,position=7,268,0.537981,8.9e-05,0.829462,1.0,1.0
contig64|coord|transport|p_unresolved_x_retain64|t1.0,position=8,268,0.546192,1.1e-05,0.878098,1.0,1.0
contig64|coord|transport|p_unresolved_x_retain64|t1.0,position=9,268,0.555091,8.7e-05,0.809944,1.0,1.0
contig64|coord|transport|p_unresolved_x_retain64|t1.0,position=10,268,0.524839,0.000161,0.515447,1.0,1.0
contig64|coord|transport|p_unresolved_x_retain64|t1.0,position=11,268,0.544903,0.000254,0.609989,1.0,1.0
contig64|coord|transport|p_unresolved_x_retain64|t1.0,position=12,268,0.509259,5.2e-05,0.382518,1.0,1.0
contig64|coord|transport|p_unresolved_x_retain64|t1.0,position=13,268,0.517807,0.00024,0.511466,1.0,1.0
contig64|coord|transport|p_unresolved_x_retain64|t1.0,position=14,268,0.567795,0.000428,0.935972,1.0,1.0
contig64|coord|transport|p_unresolved_x_retain64|t1.0,position=15,268,0.591643,0.000479,1.0,1.0,1.0
contig64|coord|transport|p_unresolved_x_retain64|t1.0,domain=chat,1395,0.508378,4e-05,0.452803,1.0,1.0
contig64|coord|transport|p_unresolved_x_retain64|t1.0,domain=code,510,0.813641,0.009376,1.0,1.0,1.0
contig64|coord|transport|p_unresolved_x_retain64|t1.0,domain=maths,300,0.761897,0.001861,1.0,1.0,1.0
contig64|coord|transport|p_unresolved_x_retain64|t1.0,domain=multilingual,1815,0.546405,3.1e-05,0.755837,1.0,1.0
contig64|coord|transport|rowlevel_rows_skipped,all,4020,0.000768,0.000773,0.000773,0.000773,0.0
contig64|coord|transport|rowlevel_rows_skipped,outcome=accepted,968,0.000773,0.000773,0.000773,0.000773,0.000773
contig64|coord|transport|rowlevel_rows_skipped,outcome=rejected,243,0.000764,0.000773,0.000773,0.000773,0.0
contig64|coord|transport|rowlevel_rows_skipped,outcome=unreached,2809,0.000767,0.000773,0.000773,0.000773,0.0
contig64|coord|transport|rowlevel_rows_skipped,position=1,268,0.00077,0.000773,0.000773,0.000773,0.0
contig64|coord|transport|rowlevel_rows_skipped,position=2,268,0.000762,0.000773,0.000773,0.000773,0.0
contig64|coord|transport|rowlevel_rows_skipped,position=3,268,0.000762,0.000773,0.000773,0.000773,0.0
contig64|coord|transport|rowlevel_rows_skipped,position=4,268,0.00077,0.000773,0.000773,0.000773,0.0
contig64|coord|transport|rowlevel_rows_skipped,position=5,268,0.000759,0.000773,0.000773,0.000773,0.0
contig64|coord|transport|rowlevel_rows_skipped,position=6,268,0.000767,0.000773,0.000773,0.000773,0.0
contig64|coord|transport|rowlevel_rows_skipped,position=7,268,0.000767,0.000773,0.000773,0.000773,0.0
contig64|coord|transport|rowlevel_rows_skipped,position=8,268,0.00077,0.000773,0.000773,0.000773,0.0
contig64|coord|transport|rowlevel_rows_skipped,position=9,268,0.000767,0.000773,0.000773,0.000773,0.0
contig64|coord|transport|rowlevel_rows_skipped,position=10,268,0.00077,0.000773,0.000773,0.000773,0.0
contig64|coord|transport|rowlevel_rows_skipped,position=11,268,0.00077,0.000773,0.000773,0.000773,0.0
contig64|coord|transport|rowlevel_rows_skipped,position=12,268,0.000773,0.000773,0.000773,0.000773,0.000773
contig64|coord|transport|rowlevel_rows_skipped,position=13,268,0.00077,0.000773,0.000773,0.000773,0.0
contig64|coord|transport|rowlevel_rows_skipped,position=14,268,0.00077,0.000773,0.000773,0.000773,0.0
contig64|coord|transport|rowlevel_rows_skipped,position=15,268,0.000773,0.000773,0.000773,0.000773,0.000773
contig64|coord|transport|rowlevel_rows_skipped,domain=chat,1395,0.000769,0.000773,0.000773,0.000773,0.0
contig64|coord|transport|rowlevel_rows_skipped,domain=code,510,0.000773,0.000773,0.000773,0.000773,0.000773
contig64|coord|transport|rowlevel_rows_skipped,domain=maths,300,0.000773,0.000773,0.000773,0.000773,0.000773
contig64|coord|transport|rowlevel_rows_skipped,domain=multilingual,1815,0.000765,0.000773,0.000773,0.000773,0.0
contig64|coord|static|tiles_skipped,all,4020,0.000768,0.000773,0.000773,0.000773,0.0
contig64|coord|static|tiles_skipped,outcome=accepted,968,0.000773,0.000773,0.000773,0.000773,0.000773
contig64|coord|static|tiles_skipped,outcome=rejected,243,0.000764,0.000773,0.000773,0.000773,0.0
contig64|coord|static|tiles_skipped,outcome=unreached,2809,0.000767,0.000773,0.000773,0.000773,0.0
contig64|coord|static|tiles_skipped,position=1,268,0.00077,0.000773,0.000773,0.000773,0.0
contig64|coord|static|tiles_skipped,position=2,268,0.000762,0.000773,0.000773,0.000773,0.0
contig64|coord|static|tiles_skipped,position=3,268,0.000762,0.000773,0.000773,0.000773,0.0
contig64|coord|static|tiles_skipped,position=4,268,0.00077,0.000773,0.000773,0.000773,0.0
contig64|coord|static|tiles_skipped,position=5,268,0.000759,0.000773,0.000773,0.000773,0.0
contig64|coord|static|tiles_skipped,position=6,268,0.000767,0.000773,0.000773,0.000773,0.0
contig64|coord|static|tiles_skipped,position=7,268,0.000767,0.000773,0.000773,0.000773,0.0
contig64|coord|static|tiles_skipped,position=8,268,0.00077,0.000773,0.000773,0.000773,0.0
contig64|coord|static|tiles_skipped,position=9,268,0.000767,0.000773,0.000773,0.000773,0.0
contig64|coord|static|tiles_skipped,position=10,268,0.00077,0.000773,0.000773,0.000773,0.0
contig64|coord|static|tiles_skipped,position=11,268,0.00077,0.000773,0.000773,0.000773,0.0
contig64|coord|static|tiles_skipped,position=12,268,0.000773,0.000773,0.000773,0.000773,0.000773
contig64|coord|static|tiles_skipped,position=13,268,0.00077,0.000773,0.000773,0.000773,0.0
contig64|coord|static|tiles_skipped,position=14,268,0.00077,0.000773,0.000773,0.000773,0.0
contig64|coord|static|tiles_skipped,position=15,268,0.000773,0.000773,0.000773,0.000773,0.000773
contig64|coord|static|tiles_skipped,domain=chat,1395,0.000769,0.000773,0.000773,0.000773,0.0
contig64|coord|static|tiles_skipped,domain=code,510,0.000773,0.000773,0.000773,0.000773,0.000773
contig64|coord|static|tiles_skipped,domain=maths,300,0.000773,0.000773,0.000773,0.000773,0.000773
contig64|coord|static|tiles_skipped,domain=multilingual,1815,0.000765,0.000773,0.000773,0.000773,0.0
contig64|coord|static|rows_skipped,all,4020,0.000768,0.000773,0.000773,0.000773,0.0
contig64|coord|static|rows_skipped,outcome=accepted,968,0.000773,0.000773,0.000773,0.000773,0.000773
contig64|coord|static|rows_skipped,outcome=rejected,243,0.000764,0.000773,0.000773,0.000773,0.0
contig64|coord|static|rows_skipped,outcome=unreached,2809,0.000767,0.000773,0.000773,0.000773,0.0
contig64|coord|static|rows_skipped,position=1,268,0.00077,0.000773,0.000773,0.000773,0.0
contig64|coord|static|rows_skipped,position=2,268,0.000762,0.000773,0.000773,0.000773,0.0
contig64|coord|static|rows_skipped,position=3,268,0.000762,0.000773,0.000773,0.000773,0.0
contig64|coord|static|rows_skipped,position=4,268,0.00077,0.000773,0.000773,0.000773,0.0
contig64|coord|static|rows_skipped,position=5,268,0.000759,0.000773,0.000773,0.000773,0.0
contig64|coord|static|rows_skipped,position=6,268,0.000767,0.000773,0.000773,0.000773,0.0
contig64|coord|static|rows_skipped,position=7,268,0.000767,0.000773,0.000773,0.000773,0.0
contig64|coord|static|rows_skipped,position=8,268,0.00077,0.000773,0.000773,0.000773,0.0
contig64|coord|static|rows_skipped,position=9,268,0.000767,0.000773,0.000773,0.000773,0.0
contig64|coord|static|rows_skipped,position=10,268,0.00077,0.000773,0.000773,0.000773,0.0
contig64|coord|static|rows_skipped,position=11,268,0.00077,0.000773,0.000773,0.000773,0.0
contig64|coord|static|rows_skipped,position=12,268,0.000773,0.000773,0.000773,0.000773,0.000773
contig64|coord|static|rows_skipped,position=13,268,0.00077,0.000773,0.000773,0.000773,0.0
contig64|coord|static|rows_skipped,position=14,268,0.00077,0.000773,0.000773,0.000773,0.0
contig64|coord|static|rows_skipped,position=15,268,0.000773,0.000773,0.000773,0.000773,0.000773
contig64|coord|static|rows_skipped,domain=chat,1395,0.000769,0.000773,0.000773,0.000773,0.0
contig64|coord|static|rows_skipped,domain=code,510,0.000773,0.000773,0.000773,0.000773,0.000773
contig64|coord|static|rows_skipped,domain=maths,300,0.000773,0.000773,0.000773,0.000773,0.000773
contig64|coord|static|rows_skipped,domain=multilingual,1815,0.000765,0.000773,0.000773,0.000773,0.0
contig64|coord|static|rows_skipped_taustar,all,4020,0.000773,0.000773,0.000773,0.000773,0.000773
contig64|coord|static|rows_skipped_taustar,outcome=accepted,968,0.000773,0.000773,0.000773,0.000773,0.000773
contig64|coord|static|rows_skipped_taustar,outcome=rejected,243,0.000773,0.000773,0.000773,0.000773,0.000773
contig64|coord|static|rows_skipped_taustar,outcome=unreached,2809,0.000773,0.000773,0.000773,0.000773,0.000773
contig64|coord|static|rows_skipped_taustar,position=1,268,0.000773,0.000773,0.000773,0.000773,0.000773
contig64|coord|static|rows_skipped_taustar,position=2,268,0.000773,0.000773,0.000773,0.000773,0.000773
contig64|coord|static|rows_skipped_taustar,position=3,268,0.000773,0.000773,0.000773,0.000773,0.000773
contig64|coord|static|rows_skipped_taustar,position=4,268,0.000773,0.000773,0.000773,0.000773,0.000773
contig64|coord|static|rows_skipped_taustar,position=5,268,0.000773,0.000773,0.000773,0.000773,0.000773
contig64|coord|static|rows_skipped_taustar,position=6,268,0.000773,0.000773,0.000773,0.000773,0.000773
contig64|coord|static|rows_skipped_taustar,position=7,268,0.000773,0.000773,0.000773,0.000773,0.000773
contig64|coord|static|rows_skipped_taustar,position=8,268,0.000773,0.000773,0.000773,0.000773,0.000773
contig64|coord|static|rows_skipped_taustar,position=9,268,0.000773,0.000773,0.000773,0.000773,0.000773
contig64|coord|static|rows_skipped_taustar,position=10,268,0.000773,0.000773,0.000773,0.000773,0.000773
contig64|coord|static|rows_skipped_taustar,position=11,268,0.000773,0.000773,0.000773,0.000773,0.000773
contig64|coord|static|rows_skipped_taustar,position=12,268,0.000773,0.000773,0.000773,0.000773,0.000773
contig64|coord|static|rows_skipped_taustar,position=13,268,0.000773,0.000773,0.000773,0.000773,0.000773
contig64|coord|static|rows_skipped_taustar,position=14,268,0.000773,0.000773,0.000773,0.000773,0.000773
contig64|coord|static|rows_skipped_taustar,position=15,268,0.000773,0.000773,0.000773,0.000773,0.000773
contig64|coord|static|rows_skipped_taustar,domain=chat,1395,0.000773,0.000773,0.000773,0.000773,0.000773
contig64|coord|static|rows_skipped_taustar,domain=code,510,0.000773,0.000773,0.000773,0.000773,0.000773
contig64|coord|static|rows_skipped_taustar,domain=maths,300,0.000773,0.000773,0.000773,0.000773,0.000773
contig64|coord|static|rows_skipped_taustar,domain=multilingual,1815,0.000773,0.000773,0.000773,0.000773,0.000773
contig64|coord|static|log_width|t1.0,all,4020,200.299344,183.055012,201.101042,216.620658,225.805936
contig64|coord|static|log_width|t1.0,outcome=accepted,968,205.920015,189.056841,208.065082,219.739318,224.950514
contig64|coord|static|log_width|t1.0,outcome=rejected,243,205.748412,190.022044,207.912521,218.499394,225.224659
contig64|coord|static|log_width|t1.0,outcome=unreached,2809,197.891038,181.386402,199.010147,213.809448,225.805936
contig64|coord|static|log_width|t1.0,position=1,268,206.092313,189.678625,208.426635,219.196938,225.224659
contig64|coord|static|log_width|t1.0,position=2,268,205.325854,189.562669,207.07408,218.854979,224.851053
contig64|coord|static|log_width|t1.0,position=3,268,203.871917,184.744835,205.34625,218.114125,223.767824
contig64|coord|static|log_width|t1.0,position=4,268,204.090884,186.409756,206.337261,218.514908,223.865922
contig64|coord|static|log_width|t1.0,position=5,268,201.844057,182.971649,203.330277,217.042897,223.047209
contig64|coord|static|log_width|t1.0,position=6,268,201.917379,185.497409,203.879537,216.723542,224.215029
contig64|coord|static|log_width|t1.0,position=7,268,200.612793,182.280483,202.371061,215.480626,224.929538
contig64|coord|static|log_width|t1.0,position=8,268,200.09788,181.857546,201.435045,215.437038,223.996333
contig64|coord|static|log_width|t1.0,position=9,268,199.650337,181.763416,200.895256,214.960261,223.750458
contig64|coord|static|log_width|t1.0,position=10,268,198.710198,181.686964,199.753886,214.896332,224.279309
contig64|coord|static|log_width|t1.0,position=11,268,197.280668,180.928438,199.044579,212.081362,224.382132
contig64|coord|static|log_width|t1.0,position=12,268,197.529879,183.388719,199.340523,210.603095,221.955664
contig64|coord|static|log_width|t1.0,position=13,268,196.780819,181.842694,197.720463,211.650933,225.805936
contig64|coord|static|log_width|t1.0,position=14,268,195.729422,182.094969,196.055945,209.382733,224.011442
contig64|coord|static|log_width|t1.0,position=15,268,194.955765,181.443614,195.150697,207.371387,222.722094
contig64|coord|static|log_width|t1.0,domain=chat,1395,205.051495,191.788002,205.41469,217.789495,225.805936
contig64|coord|static|log_width|t1.0,domain=code,510,202.161547,187.611631,202.458535,216.837546,224.382132
contig64|coord|static|log_width|t1.0,domain=maths,300,204.376789,188.202864,205.694312,219.12161,224.215029
contig64|coord|static|log_width|t1.0,domain=multilingual,1815,195.449644,177.876296,196.270069,212.36911,225.224659
contig64|coord|static|p_unresolved_x|t1.0,all,4020,0.987893,1.0,1.0,1.0,1.0
contig64|coord|static|p_unresolved_x|t1.0,outcome=accepted,968,1.0,1.0,1.0,1.0,1.0
contig64|coord|static|p_unresolved_x|t1.0,outcome=rejected,243,0.977408,1.0,1.0,1.0,1.0
contig64|coord|static|p_unresolved_x|t1.0,outcome=unreached,2809,0.984628,1.0,1.0,1.0,1.0
contig64|coord|static|p_unresolved_x|t1.0,position=1,268,1.0,1.0,1.0,1.0,1.0
contig64|coord|static|p_unresolved_x|t1.0,position=2,268,0.978909,1.0,1.0,1.0,1.0
contig64|coord|static|p_unresolved_x|t1.0,position=3,268,0.971894,1.0,1.0,1.0,1.0
contig64|coord|static|p_unresolved_x|t1.0,position=4,268,0.973892,1.0,1.0,1.0,1.0
contig64|coord|static|p_unresolved_x|t1.0,position=5,268,0.974624,1.0,1.0,1.0,1.0
contig64|coord|static|p_unresolved_x|t1.0,position=6,268,0.977203,1.0,1.0,1.0,1.0
contig64|coord|static|p_unresolved_x|t1.0,position=7,268,0.985719,1.0,1.0,1.0,1.0
contig64|coord|static|p_unresolved_x|t1.0,position=8,268,0.99202,1.0,1.0,1.0,1.0
contig64|coord|static|p_unresolved_x|t1.0,position=9,268,0.992821,1.0,1.0,1.0,1.0
contig64|coord|static|p_unresolved_x|t1.0,position=10,268,0.993046,1.0,1.0,1.0,1.0
contig64|coord|static|p_unresolved_x|t1.0,position=11,268,0.996448,1.0,1.0,1.0,1.0
contig64|coord|static|p_unresolved_x|t1.0,position=12,268,1.0,1.0,1.0,1.0,1.0
contig64|coord|static|p_unresolved_x|t1.0,position=13,268,0.994153,1.0,1.0,1.0,1.0
contig64|coord|static|p_unresolved_x|t1.0,position=14,268,0.992863,1.0,1.0,1.0,1.0
contig64|coord|static|p_unresolved_x|t1.0,position=15,268,0.994809,1.0,1.0,1.0,1.0
contig64|coord|static|p_unresolved_x|t1.0,domain=chat,1395,0.991776,1.0,1.0,1.0,1.0
contig64|coord|static|p_unresolved_x|t1.0,domain=code,510,0.998119,1.0,1.0,1.0,1.0
contig64|coord|static|p_unresolved_x|t1.0,domain=maths,300,0.996856,1.0,1.0,1.0,1.0
contig64|coord|static|p_unresolved_x|t1.0,domain=multilingual,1815,0.980554,1.0,1.0,1.0,1.0
contig64|coord|static|p_unresolved_q|t1.0,all,4020,0.995014,0.999948,1.0,1.0,1.0
contig64|coord|static|p_unresolved_q|t1.0,outcome=accepted,968,0.999146,1.0,1.0,1.0,1.0
contig64|coord|static|p_unresolved_q|t1.0,outcome=rejected,243,0.989731,0.998926,1.0,1.0,1.0
contig64|coord|static|p_unresolved_q|t1.0,outcome=unreached,2809,0.994047,0.999677,1.0,1.0,1.0
contig64|coord|static|p_unresolved_q|t1.0,position=1,268,0.999912,0.999972,1.0,1.0,1.0
contig64|coord|static|p_unresolved_q|t1.0,position=2,268,0.990559,0.999564,1.0,1.0,1.0
contig64|coord|static|p_unresolved_q|t1.0,position=3,268,0.989164,0.979992,1.0,1.0,1.0
contig64|coord|static|p_unresolved_q|t1.0,position=4,268,0.990114,0.998089,1.0,1.0,1.0
contig64|coord|static|p_unresolved_q|t1.0,position=5,268,0.988596,0.995625,1.0,1.0,1.0
contig64|coord|static|p_unresolved_q|t1.0,position=6,268,0.993584,0.999929,1.0,1.0,1.0
contig64|coord|static|p_unresolved_q|t1.0,position=7,268,0.99476,0.999854,1.0,1.0,1.0
contig64|coord|static|p_unresolved_q|t1.0,position=8,268,0.995798,1.0,1.0,1.0,1.0
contig64|coord|static|p_unresolved_q|t1.0,position=9,268,0.9967,1.0,1.0,1.0,1.0
contig64|coord|static|p_unresolved_q|t1.0,position=10,268,0.996484,1.0,1.0,1.0,1.0
contig64|coord|static|p_unresolved_q|t1.0,position=11,268,0.998649,0.999998,1.0,1.0,1.0
contig64|coord|static|p_unresolved_q|t1.0,position=12,268,0.99911,1.0,1.0,1.0,1.0
contig64|coord|static|p_unresolved_q|t1.0,position=13,268,0.99823,1.0,1.0,1.0,1.0
contig64|coord|static|p_unresolved_q|t1.0,position=14,268,0.995822,1.0,1.0,1.0,1.0
contig64|coord|static|p_unresolved_q|t1.0,position=15,268,0.997732,1.0,1.0,1.0,1.0
contig64|coord|static|p_unresolved_q|t1.0,domain=chat,1395,0.995712,1.0,1.0,1.0,1.0
contig64|coord|static|p_unresolved_q|t1.0,domain=code,510,0.998179,1.0,1.0,1.0,1.0
contig64|coord|static|p_unresolved_q|t1.0,domain=maths,300,0.997746,1.0,1.0,1.0,1.0
contig64|coord|static|p_unresolved_q|t1.0,domain=multilingual,1815,0.993137,0.997991,1.0,1.0,1.0
contig64|coord|static|log_width|t0.7,all,4020,285.751707,261.134705,286.858934,309.197798,322.26275
contig64|coord|static|log_width|t0.7,outcome=accepted,968,293.782963,269.528805,296.835395,313.559103,321.224828
contig64|coord|static|log_width|t0.7,outcome=rejected,243,293.563332,271.219222,296.555456,311.991583,321.441879
contig64|coord|static|log_width|t0.7,outcome=unreached,2809,282.308318,258.809441,283.924872,305.066748,322.26275
contig64|coord|static|log_width|t0.7,position=1,268,294.051925,270.512134,297.2858,313.030962,321.441879
contig64|coord|static|log_width|t0.7,position=2,268,292.92612,270.394763,295.514899,312.236647,320.927575
contig64|coord|static|log_width|t0.7,position=3,268,290.856675,263.479534,292.795116,311.481633,319.348814
contig64|coord|static|log_width|t0.7,position=4,268,291.181695,266.037168,294.538521,311.824486,319.604276
contig64|coord|static|log_width|t0.7,position=5,268,287.972915,260.786802,290.168818,309.639,318.278509
contig64|coord|static|log_width|t0.7,position=6,268,288.081512,264.444467,290.843662,309.272301,320.005494
contig64|coord|static|log_width|t0.7,position=7,268,286.199871,259.999252,288.829621,307.496219,321.224828
contig64|coord|static|log_width|t0.7,position=8,268,285.479579,259.304477,287.390746,307.668398,319.890038
contig64|coord|static|log_width|t0.7,position=9,268,284.841655,259.266671,286.623198,306.764386,319.335588
contig64|coord|static|log_width|t0.7,position=10,268,283.479191,259.180643,285.04075,306.680389,320.195719
contig64|coord|static|log_width|t0.7,position=11,268,281.423882,258.019229,283.81536,302.61431,320.163175
contig64|coord|static|log_width|t0.7,position=12,268,281.786975,261.554687,284.274379,300.453212,317.01322
contig64|coord|static|log_width|t0.7,position=13,268,280.692102,259.416639,282.035334,301.945311,322.26275
contig64|coord|static|log_width|t0.7,position=14,268,279.200809,259.803309,279.731825,298.726095,319.805253
contig64|coord|static|log_width|t0.7,position=15,268,278.100701,258.888998,278.434523,295.709908,317.871654
contig64|coord|static|log_width|t0.7,domain=chat,1395,292.547321,273.557128,293.089659,310.773072,322.26275
contig64|coord|static|log_width|t0.7,domain=code,510,288.401153,267.754374,288.964762,309.474158,320.163175
contig64|coord|static|log_width|t0.7,domain=maths,300,291.625481,268.654877,293.389711,312.731208,320.005494
contig64|coord|static|log_width|t0.7,domain=multilingual,1815,278.813288,253.60487,280.005575,303.074006,321.441879
contig64|coord|static|p_unresolved_x|t0.7,all,4020,0.986973,1.0,1.0,1.0,1.0
contig64|coord|static|p_unresolved_x|t0.7,outcome=accepted,968,1.0,1.0,1.0,1.0,1.0
contig64|coord|static|p_unresolved_x|t0.7,outcome=rejected,243,0.974611,1.0,1.0,1.0,1.0
contig64|coord|static|p_unresolved_x|t0.7,outcome=unreached,2809,0.983553,1.0,1.0,1.0,1.0
contig64|coord|static|p_unresolved_x|t0.7,position=1,268,0.997087,1.0,1.0,1.0,1.0
contig64|coord|static|p_unresolved_x|t0.7,position=2,268,0.979028,1.0,1.0,1.0,1.0
contig64|coord|static|p_unresolved_x|t0.7,position=3,268,0.9698,1.0,1.0,1.0,1.0
contig64|coord|static|p_unresolved_x|t0.7,position=4,268,0.971845,1.0,1.0,1.0,1.0
contig64|coord|static|p_unresolved_x|t0.7,position=5,268,0.974095,1.0,1.0,1.0,1.0
contig64|coord|static|p_unresolved_x|t0.7,position=6,268,0.975787,1.0,1.0,1.0,1.0
contig64|coord|static|p_unresolved_x|t0.7,position=7,268,0.984494,1.0,1.0,1.0,1.0
contig64|coord|static|p_unresolved_x|t0.7,position=8,268,0.992143,1.0,1.0,1.0,1.0
contig64|coord|static|p_unresolved_x|t0.7,position=9,268,0.99039,1.0,1.0,1.0,1.0
contig64|coord|static|p_unresolved_x|t0.7,position=10,268,0.992662,1.0,1.0,1.0,1.0
contig64|coord|static|p_unresolved_x|t0.7,position=11,268,0.996321,1.0,1.0,1.0,1.0
contig64|coord|static|p_unresolved_x|t0.7,position=12,268,1.0,1.0,1.0,1.0,1.0
contig64|coord|static|p_unresolved_x|t0.7,position=13,268,0.993936,1.0,1.0,1.0,1.0
contig64|coord|static|p_unresolved_x|t0.7,position=14,268,0.992789,1.0,1.0,1.0,1.0
contig64|coord|static|p_unresolved_x|t0.7,position=15,268,0.994213,1.0,1.0,1.0,1.0
contig64|coord|static|p_unresolved_x|t0.7,domain=chat,1395,0.99238,1.0,1.0,1.0,1.0
contig64|coord|static|p_unresolved_x|t0.7,domain=code,510,0.998086,1.0,1.0,1.0,1.0
contig64|coord|static|p_unresolved_x|t0.7,domain=maths,300,0.996866,1.0,1.0,1.0,1.0
contig64|coord|static|p_unresolved_x|t0.7,domain=multilingual,1815,0.978058,1.0,1.0,1.0,1.0
contig64|coord|static|p_unresolved_q|t0.7,all,4020,0.989869,0.999991,1.0,1.0,1.0
contig64|coord|static|p_unresolved_q|t0.7,outcome=accepted,968,0.999484,1.0,1.0,1.0,1.0
contig64|coord|static|p_unresolved_q|t0.7,outcome=rejected,243,0.983269,0.998483,1.0,1.0,1.0
contig64|coord|static|p_unresolved_q|t0.7,outcome=unreached,2809,0.987126,0.999877,1.0,1.0,1.0
contig64|coord|static|p_unresolved_q|t0.7,position=1,268,0.999657,0.999998,1.0,1.0,1.0
contig64|coord|static|p_unresolved_q|t0.7,position=2,268,0.982396,0.999859,1.0,1.0,1.0
contig64|coord|static|p_unresolved_q|t0.7,position=3,268,0.975992,0.984534,1.0,1.0,1.0
contig64|coord|static|p_unresolved_q|t0.7,position=4,268,0.978883,0.997665,1.0,1.0,1.0
contig64|coord|static|p_unresolved_q|t0.7,position=5,268,0.976536,0.997563,1.0,1.0,1.0
contig64|coord|static|p_unresolved_q|t0.7,position=6,268,0.98335,0.999997,1.0,1.0,1.0
contig64|coord|static|p_unresolved_q|t0.7,position=7,268,0.989178,0.999986,1.0,1.0,1.0
contig64|coord|static|p_unresolved_q|t0.7,position=8,268,0.992856,1.0,1.0,1.0,1.0
contig64|coord|static|p_unresolved_q|t0.7,position=9,268,0.993929,1.0,1.0,1.0,1.0
contig64|coord|static|p_unresolved_q|t0.7,position=10,268,0.992678,1.0,1.0,1.0,1.0
contig64|coord|static|p_unresolved_q|t0.7,position=11,268,0.997383,1.0,1.0,1.0,1.0
contig64|coord|static|p_unresolved_q|t0.7,position=12,268,0.998646,1.0,1.0,1.0,1.0
contig64|coord|static|p_unresolved_q|t0.7,position=13,268,0.99629,1.0,1.0,1.0,1.0
contig64|coord|static|p_unresolved_q|t0.7,position=14,268,0.994344,0.999999,1.0,1.0,1.0
contig64|coord|static|p_unresolved_q|t0.7,position=15,268,0.995919,0.999996,1.0,1.0,1.0
contig64|coord|static|p_unresolved_q|t0.7,domain=chat,1395,0.992913,1.0,1.0,1.0,1.0
contig64|coord|static|p_unresolved_q|t0.7,domain=code,510,0.998413,1.0,1.0,1.0,1.0
contig64|coord|static|p_unresolved_q|t0.7,domain=maths,300,0.997042,1.0,1.0,1.0,1.0
contig64|coord|static|p_unresolved_q|t0.7,domain=multilingual,1815,0.983943,0.997474,1.0,1.0,1.0
contig64|group32|transport|tiles_skipped,all,4020,0.000768,0.000773,0.000773,0.000773,0.0
contig64|group32|transport|rows_skipped,all,4020,0.000768,0.000773,0.000773,0.000773,0.0
contig64|group32|transport|rows_skipped_taustar,all,4020,0.000773,0.000773,0.000773,0.000773,0.000773
contig64|group32|transport|log_width|t1.0,all,4020,154.558385,146.311188,154.170536,163.358994,187.596499
contig64|group32|transport|p_unresolved_x|t1.0,all,4020,0.987921,1.0,1.0,1.0,1.0
contig64|group32|transport|p_unresolved_q|t1.0,all,4020,0.995027,0.999952,1.0,1.0,1.0
contig64|group32|transport|log_width|t0.7,all,4020,222.756765,210.951308,222.186747,235.362361,270.24821
contig64|group32|transport|p_unresolved_x|t0.7,all,4020,0.987001,1.0,1.0,1.0,1.0
contig64|group32|transport|p_unresolved_q|t0.7,all,4020,0.989894,0.999991,1.0,1.0,1.0
contig64|group32|transport|log_width_retain64|t1.0,all,4020,130.926816,118.681979,131.903989,141.105538,158.696286
contig64|group32|transport|p_unresolved_x_retain64|t1.0,all,4020,0.583194,5.6e-05,1.0,1.0,1.0
contig64|group32|transport|rowlevel_rows_skipped,all,4020,0.000768,0.000773,0.000773,0.000773,0.0
contig64|group32|static|tiles_skipped,all,4020,0.000768,0.000773,0.000773,0.000773,0.0
contig64|group32|static|rows_skipped,all,4020,0.000768,0.000773,0.000773,0.000773,0.0
contig64|group32|static|rows_skipped_taustar,all,4020,0.000773,0.000773,0.000773,0.000773,0.000773
contig64|group32|static|log_width|t1.0,all,4020,163.964135,156.883462,164.815167,170.2951,176.425806
contig64|group32|static|p_unresolved_x|t1.0,all,4020,0.987923,1.0,1.0,1.0,1.0
contig64|group32|static|p_unresolved_q|t1.0,all,4020,0.995028,0.999952,1.0,1.0,1.0
contig64|group32|static|log_width|t0.7,all,4020,234.68806,224.588812,235.903921,243.728349,252.507471
contig64|group32|static|p_unresolved_x|t0.7,all,4020,0.987004,1.0,1.0,1.0,1.0
contig64|group32|static|p_unresolved_q|t0.7,all,4020,0.989896,0.999991,1.0,1.0,1.0
contig64|group128|transport|tiles_skipped,all,4020,0.000768,0.000773,0.000773,0.000773,0.0
contig64|group128|transport|rows_skipped,all,4020,0.000768,0.000773,0.000773,0.000773,0.0
contig64|group128|transport|rows_skipped_taustar,all,4020,0.000773,0.000773,0.000773,0.000773,0.000773
contig64|group128|transport|log_width|t1.0,all,4020,154.267108,146.550882,153.828771,163.158137,186.527013
contig64|group128|transport|p_unresolved_x|t1.0,all,4020,0.987932,1.0,1.0,1.0,1.0
contig64|group128|transport|p_unresolved_q|t1.0,all,4020,0.995033,0.999952,1.0,1.0,1.0
contig64|group128|transport|log_width|t0.7,all,4020,222.374251,211.350401,221.761234,235.182157,268.720371
contig64|group128|transport|p_unresolved_x|t0.7,all,4020,0.987013,1.0,1.0,1.0,1.0
contig64|group128|transport|p_unresolved_q|t0.7,all,4020,0.989905,0.999991,1.0,1.0,1.0
contig64|group128|transport|log_width_retain64|t1.0,all,4020,130.651506,117.826831,131.719289,140.965578,162.084107
contig64|group128|transport|p_unresolved_x_retain64|t1.0,all,4020,0.583194,5.6e-05,1.0,1.0,1.0
contig64|group128|transport|rowlevel_rows_skipped,all,4020,0.000768,0.000773,0.000773,0.000773,0.0
contig64|group128|static|tiles_skipped,all,4020,0.000768,0.000773,0.000773,0.000773,0.0
contig64|group128|static|rows_skipped,all,4020,0.000768,0.000773,0.000773,0.000773,0.0
contig64|group128|static|rows_skipped_taustar,all,4020,0.000773,0.000773,0.000773,0.000773,0.000773
contig64|group128|static|log_width|t1.0,all,4020,164.09844,156.659717,165.307554,170.036318,175.865173
contig64|group128|static|p_unresolved_x|t1.0,all,4020,0.987935,1.0,1.0,1.0,1.0
contig64|group128|static|p_unresolved_q|t1.0,all,4020,0.995034,0.999952,1.0,1.0,1.0
contig64|group128|static|log_width|t0.7,all,4020,234.896843,224.270191,236.624462,243.37977,251.706793
contig64|group128|static|p_unresolved_x|t0.7,all,4020,0.987017,1.0,1.0,1.0,1.0
contig64|group128|static|p_unresolved_q|t0.7,all,4020,0.989908,0.999991,1.0,1.0,1.0
contig64|lowrank_w64|transport|tiles_skipped,all,4020,0.000768,0.000773,0.000773,0.000773,0.0
contig64|lowrank_w64|transport|rows_skipped,all,4020,0.000768,0.000773,0.000773,0.000773,0.0
contig64|lowrank_w64|transport|rows_skipped_taustar,all,4020,0.000773,0.000773,0.000773,0.000773,0.000773
contig64|lowrank_w64|transport|log_width|t1.0,all,4020,138.628422,132.008509,138.364629,145.9682,163.149804
contig64|lowrank_w64|transport|p_unresolved_x|t1.0,all,4020,0.987939,1.0,1.0,1.0,1.0
contig64|lowrank_w64|transport|p_unresolved_q|t1.0,all,4020,0.995036,0.999952,1.0,1.0,1.0
contig64|lowrank_w64|transport|log_width|t0.7,all,4020,198.984828,189.525358,198.508527,209.643157,233.485421
contig64|lowrank_w64|transport|p_unresolved_x|t0.7,all,4020,0.987021,1.0,1.0,1.0,1.0
contig64|lowrank_w64|transport|p_unresolved_q|t0.7,all,4020,0.989911,0.999991,1.0,1.0,1.0
contig64|lowrank_w64|transport|log_width_retain64|t1.0,all,4020,118.131447,105.482766,119.325413,127.805984,152.334869
contig64|lowrank_w64|transport|p_unresolved_x_retain64|t1.0,all,4020,0.583194,5.6e-05,1.0,1.0,1.0
contig64|lowrank_w64|transport|rowlevel_rows_skipped,all,4020,0.000768,0.000773,0.000773,0.000773,0.0
contig64|lowrank_w64|static|tiles_skipped,all,4020,0.000768,0.000773,0.000773,0.000773,0.0
contig64|lowrank_w64|static|rows_skipped,all,4020,0.000768,0.000773,0.000773,0.000773,0.0
contig64|lowrank_w64|static|rows_skipped_taustar,all,4020,0.000773,0.000773,0.000773,0.000773,0.000773
contig64|lowrank_w64|static|log_width|t1.0,all,4020,150.322175,143.447539,151.424479,155.724749,163.936763
contig64|lowrank_w64|static|p_unresolved_x|t1.0,all,4020,0.987943,1.0,1.0,1.0,1.0
contig64|lowrank_w64|static|p_unresolved_q|t1.0,all,4020,0.995038,0.999952,1.0,1.0,1.0
contig64|lowrank_w64|static|log_width|t0.7,all,4020,214.850176,205.016189,216.485967,222.554019,234.367573
contig64|lowrank_w64|static|p_unresolved_x|t0.7,all,4020,0.987025,1.0,1.0,1.0,1.0
contig64|lowrank_w64|static|p_unresolved_q|t0.7,all,4020,0.989914,0.999991,1.0,1.0,1.0
contig64|lowrank_d64|transport|tiles_skipped,all,4020,0.000768,0.000773,0.000773,0.000773,0.0
contig64|lowrank_d64|transport|rows_skipped,all,4020,0.000768,0.000773,0.000773,0.000773,0.0
contig64|lowrank_d64|transport|rows_skipped_taustar,all,4020,0.000773,0.000773,0.000773,0.000773,0.000773
contig64|lowrank_d64|transport|log_width|t1.0,all,4020,142.604888,120.544904,144.202453,160.896665,185.844278
contig64|lowrank_d64|transport|p_unresolved_x|t1.0,all,4020,0.987934,1.0,1.0,1.0,1.0
contig64|lowrank_d64|transport|p_unresolved_q|t1.0,all,4020,0.995034,0.999952,1.0,1.0,1.0
contig64|lowrank_d64|transport|log_width|t0.7,all,4020,205.713484,174.25466,208.011207,231.89973,267.745036
contig64|lowrank_d64|transport|p_unresolved_x|t0.7,all,4020,0.987014,1.0,1.0,1.0,1.0
contig64|lowrank_d64|transport|p_unresolved_q|t0.7,all,4020,0.989905,0.999991,1.0,1.0,1.0
contig64|lowrank_d64|transport|log_width_retain64|t1.0,all,4020,118.99422,99.449876,119.43016,137.739845,161.051274
contig64|lowrank_d64|transport|p_unresolved_x_retain64|t1.0,all,4020,0.583194,5.6e-05,1.0,1.0,1.0
contig64|lowrank_d64|transport|rowlevel_rows_skipped,all,4020,0.000768,0.000773,0.000773,0.000773,0.0
contig64|lowrank_d64|static|tiles_skipped,all,4020,0.000768,0.000773,0.000773,0.000773,0.0
contig64|lowrank_d64|static|rows_skipped,all,4020,0.000768,0.000773,0.000773,0.000773,0.0
contig64|lowrank_d64|static|rows_skipped_taustar,all,4020,0.000773,0.000773,0.000773,0.000773,0.000773
contig64|lowrank_d64|static|log_width|t1.0,all,4020,151.932295,129.780599,153.715845,170.856411,178.124308
contig64|lowrank_d64|static|p_unresolved_x|t1.0,all,4020,0.987937,1.0,1.0,1.0,1.0
contig64|lowrank_d64|static|p_unresolved_q|t1.0,all,4020,0.995035,0.999952,1.0,1.0,1.0
contig64|lowrank_d64|static|log_width|t0.7,all,4020,217.516066,185.871326,220.064778,244.550163,254.934095
contig64|lowrank_d64|static|p_unresolved_x|t0.7,all,4020,0.987017,1.0,1.0,1.0,1.0
contig64|lowrank_d64|static|p_unresolved_q|t0.7,all,4020,0.989908,0.999991,1.0,1.0,1.0
contig64|lowrank_d256|transport|tiles_skipped,all,4020,0.000768,0.000773,0.000773,0.000773,0.0
contig64|lowrank_d256|transport|rows_skipped,all,4020,0.000768,0.000773,0.000773,0.000773,0.0
contig64|lowrank_d256|transport|rows_skipped_taustar,all,4020,0.000773,0.000773,0.000773,0.000773,0.000773
contig64|lowrank_d256|transport|log_width|t1.0,all,4020,144.174024,122.485073,145.92628,162.733336,187.408911
contig64|lowrank_d256|transport|p_unresolved_x|t1.0,all,4020,0.987933,1.0,1.0,1.0,1.0
contig64|lowrank_d256|transport|p_unresolved_q|t1.0,all,4020,0.995033,0.999952,1.0,1.0,1.0
contig64|lowrank_d256|transport|log_width|t0.7,all,4020,207.72861,176.505033,210.25518,234.215151,269.980224
contig64|lowrank_d256|transport|p_unresolved_x|t0.7,all,4020,0.987013,1.0,1.0,1.0,1.0
contig64|lowrank_d256|transport|p_unresolved_q|t0.7,all,4020,0.989904,0.999991,1.0,1.0,1.0
contig64|lowrank_d256|transport|log_width_retain64|t1.0,all,4020,121.017616,101.460457,121.119129,139.968896,167.024026
contig64|lowrank_d256|transport|p_unresolved_x_retain64|t1.0,all,4020,0.583194,5.6e-05,1.0,1.0,1.0
contig64|lowrank_d256|transport|rowlevel_rows_skipped,all,4020,0.000768,0.000773,0.000773,0.000773,0.0
contig64|lowrank_d256|static|tiles_skipped,all,4020,0.000768,0.000773,0.000773,0.000773,0.0
contig64|lowrank_d256|static|rows_skipped,all,4020,0.000768,0.000773,0.000773,0.000773,0.0
contig64|lowrank_d256|static|rows_skipped_taustar,all,4020,0.000773,0.000773,0.000773,0.000773,0.000773
contig64|lowrank_d256|static|log_width|t1.0,all,4020,153.300145,131.607915,154.87622,172.532458,180.385315
contig64|lowrank_d256|static|p_unresolved_x|t1.0,all,4020,0.987936,1.0,1.0,1.0,1.0
contig64|lowrank_d256|static|p_unresolved_q|t1.0,all,4020,0.995035,0.999952,1.0,1.0,1.0
contig64|lowrank_d256|static|log_width|t0.7,all,4020,219.294846,188.327924,221.566977,246.764849,258.121518
contig64|lowrank_d256|static|p_unresolved_x|t0.7,all,4020,0.987016,1.0,1.0,1.0,1.0
contig64|lowrank_d256|static|p_unresolved_q|t0.7,all,4020,0.989907,0.999991,1.0,1.0,1.0
contig64|best|transport|tiles_skipped,all,4020,0.000768,0.000773,0.000773,0.000773,0.0
contig64|best|transport|tiles_skipped,outcome=accepted,968,0.000773,0.000773,0.000773,0.000773,0.000773
contig64|best|transport|tiles_skipped,outcome=rejected,243,0.000764,0.000773,0.000773,0.000773,0.0
contig64|best|transport|tiles_skipped,outcome=unreached,2809,0.000767,0.000773,0.000773,0.000773,0.0
contig64|best|transport|tiles_skipped,position=1,268,0.00077,0.000773,0.000773,0.000773,0.0
contig64|best|transport|tiles_skipped,position=2,268,0.000762,0.000773,0.000773,0.000773,0.0
contig64|best|transport|tiles_skipped,position=3,268,0.000762,0.000773,0.000773,0.000773,0.0
contig64|best|transport|tiles_skipped,position=4,268,0.00077,0.000773,0.000773,0.000773,0.0
contig64|best|transport|tiles_skipped,position=5,268,0.000759,0.000773,0.000773,0.000773,0.0
contig64|best|transport|tiles_skipped,position=6,268,0.000767,0.000773,0.000773,0.000773,0.0
contig64|best|transport|tiles_skipped,position=7,268,0.000767,0.000773,0.000773,0.000773,0.0
contig64|best|transport|tiles_skipped,position=8,268,0.00077,0.000773,0.000773,0.000773,0.0
contig64|best|transport|tiles_skipped,position=9,268,0.000767,0.000773,0.000773,0.000773,0.0
contig64|best|transport|tiles_skipped,position=10,268,0.00077,0.000773,0.000773,0.000773,0.0
contig64|best|transport|tiles_skipped,position=11,268,0.00077,0.000773,0.000773,0.000773,0.0
contig64|best|transport|tiles_skipped,position=12,268,0.000773,0.000773,0.000773,0.000773,0.000773
contig64|best|transport|tiles_skipped,position=13,268,0.00077,0.000773,0.000773,0.000773,0.0
contig64|best|transport|tiles_skipped,position=14,268,0.00077,0.000773,0.000773,0.000773,0.0
contig64|best|transport|tiles_skipped,position=15,268,0.000773,0.000773,0.000773,0.000773,0.000773
contig64|best|transport|tiles_skipped,domain=chat,1395,0.000769,0.000773,0.000773,0.000773,0.0
contig64|best|transport|tiles_skipped,domain=code,510,0.000773,0.000773,0.000773,0.000773,0.000773
contig64|best|transport|tiles_skipped,domain=maths,300,0.000773,0.000773,0.000773,0.000773,0.000773
contig64|best|transport|tiles_skipped,domain=multilingual,1815,0.000765,0.000773,0.000773,0.000773,0.0
contig64|best|transport|rows_skipped,all,4020,0.000768,0.000773,0.000773,0.000773,0.0
contig64|best|transport|rows_skipped,outcome=accepted,968,0.000773,0.000773,0.000773,0.000773,0.000773
contig64|best|transport|rows_skipped,outcome=rejected,243,0.000764,0.000773,0.000773,0.000773,0.0
contig64|best|transport|rows_skipped,outcome=unreached,2809,0.000767,0.000773,0.000773,0.000773,0.0
contig64|best|transport|rows_skipped,position=1,268,0.00077,0.000773,0.000773,0.000773,0.0
contig64|best|transport|rows_skipped,position=2,268,0.000762,0.000773,0.000773,0.000773,0.0
contig64|best|transport|rows_skipped,position=3,268,0.000762,0.000773,0.000773,0.000773,0.0
contig64|best|transport|rows_skipped,position=4,268,0.00077,0.000773,0.000773,0.000773,0.0
contig64|best|transport|rows_skipped,position=5,268,0.000759,0.000773,0.000773,0.000773,0.0
contig64|best|transport|rows_skipped,position=6,268,0.000767,0.000773,0.000773,0.000773,0.0
contig64|best|transport|rows_skipped,position=7,268,0.000767,0.000773,0.000773,0.000773,0.0
contig64|best|transport|rows_skipped,position=8,268,0.00077,0.000773,0.000773,0.000773,0.0
contig64|best|transport|rows_skipped,position=9,268,0.000767,0.000773,0.000773,0.000773,0.0
contig64|best|transport|rows_skipped,position=10,268,0.00077,0.000773,0.000773,0.000773,0.0
contig64|best|transport|rows_skipped,position=11,268,0.00077,0.000773,0.000773,0.000773,0.0
contig64|best|transport|rows_skipped,position=12,268,0.000773,0.000773,0.000773,0.000773,0.000773
contig64|best|transport|rows_skipped,position=13,268,0.00077,0.000773,0.000773,0.000773,0.0
contig64|best|transport|rows_skipped,position=14,268,0.00077,0.000773,0.000773,0.000773,0.0
contig64|best|transport|rows_skipped,position=15,268,0.000773,0.000773,0.000773,0.000773,0.000773
contig64|best|transport|rows_skipped,domain=chat,1395,0.000769,0.000773,0.000773,0.000773,0.0
contig64|best|transport|rows_skipped,domain=code,510,0.000773,0.000773,0.000773,0.000773,0.000773
contig64|best|transport|rows_skipped,domain=maths,300,0.000773,0.000773,0.000773,0.000773,0.000773
contig64|best|transport|rows_skipped,domain=multilingual,1815,0.000765,0.000773,0.000773,0.000773,0.0
contig64|best|transport|rows_skipped_taustar,all,4020,0.000773,0.000773,0.000773,0.000773,0.000773
contig64|best|transport|rows_skipped_taustar,outcome=accepted,968,0.000773,0.000773,0.000773,0.000773,0.000773
contig64|best|transport|rows_skipped_taustar,outcome=rejected,243,0.000773,0.000773,0.000773,0.000773,0.000773
contig64|best|transport|rows_skipped_taustar,outcome=unreached,2809,0.000773,0.000773,0.000773,0.000773,0.000773
contig64|best|transport|rows_skipped_taustar,position=1,268,0.000773,0.000773,0.000773,0.000773,0.000773
contig64|best|transport|rows_skipped_taustar,position=2,268,0.000773,0.000773,0.000773,0.000773,0.000773
contig64|best|transport|rows_skipped_taustar,position=3,268,0.000773,0.000773,0.000773,0.000773,0.000773
contig64|best|transport|rows_skipped_taustar,position=4,268,0.000773,0.000773,0.000773,0.000773,0.000773
contig64|best|transport|rows_skipped_taustar,position=5,268,0.000773,0.000773,0.000773,0.000773,0.000773
contig64|best|transport|rows_skipped_taustar,position=6,268,0.000773,0.000773,0.000773,0.000773,0.000773
contig64|best|transport|rows_skipped_taustar,position=7,268,0.000773,0.000773,0.000773,0.000773,0.000773
contig64|best|transport|rows_skipped_taustar,position=8,268,0.000773,0.000773,0.000773,0.000773,0.000773
contig64|best|transport|rows_skipped_taustar,position=9,268,0.000773,0.000773,0.000773,0.000773,0.000773
contig64|best|transport|rows_skipped_taustar,position=10,268,0.000773,0.000773,0.000773,0.000773,0.000773
contig64|best|transport|rows_skipped_taustar,position=11,268,0.000773,0.000773,0.000773,0.000773,0.000773
contig64|best|transport|rows_skipped_taustar,position=12,268,0.000773,0.000773,0.000773,0.000773,0.000773
contig64|best|transport|rows_skipped_taustar,position=13,268,0.000773,0.000773,0.000773,0.000773,0.000773
contig64|best|transport|rows_skipped_taustar,position=14,268,0.000773,0.000773,0.000773,0.000773,0.000773
contig64|best|transport|rows_skipped_taustar,position=15,268,0.000773,0.000773,0.000773,0.000773,0.000773
contig64|best|transport|rows_skipped_taustar,domain=chat,1395,0.000773,0.000773,0.000773,0.000773,0.000773
contig64|best|transport|rows_skipped_taustar,domain=code,510,0.000773,0.000773,0.000773,0.000773,0.000773
contig64|best|transport|rows_skipped_taustar,domain=maths,300,0.000773,0.000773,0.000773,0.000773,0.000773
contig64|best|transport|rows_skipped_taustar,domain=multilingual,1815,0.000773,0.000773,0.000773,0.000773,0.000773
contig64|best|transport|log_width|t1.0,all,4020,131.845305,119.191227,132.811662,142.674331,157.68198
contig64|best|transport|log_width|t1.0,outcome=accepted,968,135.441359,125.77251,135.279208,145.309211,157.68198
contig64|best|transport|log_width|t1.0,outcome=rejected,243,135.019979,127.954943,134.932366,142.669834,153.349416
contig64|best|transport|log_width|t1.0,outcome=unreached,2809,130.331447,117.636505,130.94709,141.72983,156.247111
contig64|best|transport|log_width|t1.0,position=1,268,133.875136,127.42263,133.617217,141.723702,156.391804
contig64|best|transport|log_width|t1.0,position=2,268,135.642045,128.944928,135.391028,142.829091,154.813945
contig64|best|transport|log_width|t1.0,position=3,268,136.085747,128.595177,136.102147,144.310742,157.68198
contig64|best|transport|log_width|t1.0,position=4,268,136.567238,127.1702,137.127436,144.716271,153.84813
contig64|best|transport|log_width|t1.0,position=5,268,136.019603,125.649591,136.746677,143.617525,155.829873
contig64|best|transport|log_width|t1.0,position=6,268,135.136471,126.949785,134.867138,143.741638,153.338539
contig64|best|transport|log_width|t1.0,position=7,268,133.842723,124.274383,134.055776,143.273105,155.732605
contig64|best|transport|log_width|t1.0,position=8,268,132.998014,123.567241,132.923827,143.611627,150.703256
contig64|best|transport|log_width|t1.0,position=9,268,132.186865,120.590397,132.121042,142.894179,154.178196
contig64|best|transport|log_width|t1.0,position=10,268,130.347779,118.97278,130.022876,141.870849,151.165551
contig64|best|transport|log_width|t1.0,position=11,268,128.766605,117.658459,128.889921,140.372087,156.75914
contig64|best|transport|log_width|t1.0,position=12,268,128.264666,116.481917,128.467342,141.003356,149.543334
contig64|best|transport|log_width|t1.0,position=13,268,127.450556,114.670447,127.580362,140.465606,156.672032
contig64|best|transport|log_width|t1.0,position=14,268,125.960388,112.293237,126.566859,139.697525,151.653524
contig64|best|transport|log_width|t1.0,position=15,268,124.535738,110.455132,124.702914,138.890334,152.946963
contig64|best|transport|log_width|t1.0,domain=chat,1395,130.75139,116.084311,132.32824,142.204646,156.75914
contig64|best|transport|log_width|t1.0,domain=code,510,133.902813,123.793683,134.817376,143.66156,156.672032
contig64|best|transport|log_width|t1.0,domain=maths,300,134.42448,123.027817,135.131191,144.911912,155.829873
contig64|best|transport|log_width|t1.0,domain=multilingual,1815,131.68163,120.958519,131.863233,142.037433,157.68198
contig64|best|transport|p_unresolved_x|t1.0,all,4020,0.987893,1.0,1.0,1.0,1.0
contig64|best|transport|p_unresolved_x|t1.0,outcome=accepted,968,1.0,1.0,1.0,1.0,1.0
contig64|best|transport|p_unresolved_x|t1.0,outcome=rejected,243,0.977407,1.0,1.0,1.0,1.0
contig64|best|transport|p_unresolved_x|t1.0,outcome=unreached,2809,0.984628,1.0,1.0,1.0,1.0
contig64|best|transport|p_unresolved_x|t1.0,position=1,268,1.0,1.0,1.0,1.0,1.0
contig64|best|transport|p_unresolved_x|t1.0,position=2,268,0.978909,1.0,1.0,1.0,1.0
contig64|best|transport|p_unresolved_x|t1.0,position=3,268,0.971893,1.0,1.0,1.0,1.0
contig64|best|transport|p_unresolved_x|t1.0,position=4,268,0.97389,1.0,1.0,1.0,1.0
contig64|best|transport|p_unresolved_x|t1.0,position=5,268,0.974624,1.0,1.0,1.0,1.0
contig64|best|transport|p_unresolved_x|t1.0,position=6,268,0.977202,1.0,1.0,1.0,1.0
contig64|best|transport|p_unresolved_x|t1.0,position=7,268,0.985719,1.0,1.0,1.0,1.0
contig64|best|transport|p_unresolved_x|t1.0,position=8,268,0.992019,1.0,1.0,1.0,1.0
contig64|best|transport|p_unresolved_x|t1.0,position=9,268,0.992821,1.0,1.0,1.0,1.0
contig64|best|transport|p_unresolved_x|t1.0,position=10,268,0.993046,1.0,1.0,1.0,1.0
contig64|best|transport|p_unresolved_x|t1.0,position=11,268,0.996447,1.0,1.0,1.0,1.0
contig64|best|transport|p_unresolved_x|t1.0,position=12,268,1.0,1.0,1.0,1.0,1.0
contig64|best|transport|p_unresolved_x|t1.0,position=13,268,0.994152,1.0,1.0,1.0,1.0
contig64|best|transport|p_unresolved_x|t1.0,position=14,268,0.992863,1.0,1.0,1.0,1.0
contig64|best|transport|p_unresolved_x|t1.0,position=15,268,0.994809,1.0,1.0,1.0,1.0
contig64|best|transport|p_unresolved_x|t1.0,domain=chat,1395,0.991776,1.0,1.0,1.0,1.0
contig64|best|transport|p_unresolved_x|t1.0,domain=code,510,0.998119,1.0,1.0,1.0,1.0
contig64|best|transport|p_unresolved_x|t1.0,domain=maths,300,0.996856,1.0,1.0,1.0,1.0
contig64|best|transport|p_unresolved_x|t1.0,domain=multilingual,1815,0.980553,1.0,1.0,1.0,1.0
contig64|best|transport|p_unresolved_q|t1.0,all,4020,0.995014,0.999948,1.0,1.0,1.0
contig64|best|transport|p_unresolved_q|t1.0,outcome=accepted,968,0.999146,1.0,1.0,1.0,1.0
contig64|best|transport|p_unresolved_q|t1.0,outcome=rejected,243,0.989731,0.998926,1.0,1.0,1.0
contig64|best|transport|p_unresolved_q|t1.0,outcome=unreached,2809,0.994047,0.999677,1.0,1.0,1.0
contig64|best|transport|p_unresolved_q|t1.0,position=1,268,0.999912,0.999972,1.0,1.0,1.0
contig64|best|transport|p_unresolved_q|t1.0,position=2,268,0.990559,0.999564,1.0,1.0,1.0
contig64|best|transport|p_unresolved_q|t1.0,position=3,268,0.989164,0.979991,1.0,1.0,1.0
contig64|best|transport|p_unresolved_q|t1.0,position=4,268,0.990114,0.998089,1.0,1.0,1.0
contig64|best|transport|p_unresolved_q|t1.0,position=5,268,0.988596,0.995625,1.0,1.0,1.0
contig64|best|transport|p_unresolved_q|t1.0,position=6,268,0.993584,0.999929,1.0,1.0,1.0
contig64|best|transport|p_unresolved_q|t1.0,position=7,268,0.99476,0.999854,1.0,1.0,1.0
contig64|best|transport|p_unresolved_q|t1.0,position=8,268,0.995798,1.0,1.0,1.0,1.0
contig64|best|transport|p_unresolved_q|t1.0,position=9,268,0.9967,1.0,1.0,1.0,1.0
contig64|best|transport|p_unresolved_q|t1.0,position=10,268,0.996484,1.0,1.0,1.0,1.0
contig64|best|transport|p_unresolved_q|t1.0,position=11,268,0.998649,0.999998,1.0,1.0,1.0
contig64|best|transport|p_unresolved_q|t1.0,position=12,268,0.99911,1.0,1.0,1.0,1.0
contig64|best|transport|p_unresolved_q|t1.0,position=13,268,0.99823,1.0,1.0,1.0,1.0
contig64|best|transport|p_unresolved_q|t1.0,position=14,268,0.995822,1.0,1.0,1.0,1.0
contig64|best|transport|p_unresolved_q|t1.0,position=15,268,0.997732,1.0,1.0,1.0,1.0
contig64|best|transport|p_unresolved_q|t1.0,domain=chat,1395,0.995712,1.0,1.0,1.0,1.0
contig64|best|transport|p_unresolved_q|t1.0,domain=code,510,0.998179,1.0,1.0,1.0,1.0
contig64|best|transport|p_unresolved_q|t1.0,domain=maths,300,0.997746,1.0,1.0,1.0,1.0
contig64|best|transport|p_unresolved_q|t1.0,domain=multilingual,1815,0.993137,0.99799,1.0,1.0,1.0
contig64|best|transport|log_width|t0.7,all,4020,189.923251,172.195699,190.993833,205.2652,227.511094
contig64|best|transport|log_width|t0.7,outcome=accepted,968,195.117738,181.10764,194.847797,209.304386,227.511094
contig64|best|transport|log_width|t0.7,outcome=rejected,243,194.090635,184.007798,193.968325,205.005323,221.013519
contig64|best|transport|log_width|t0.7,outcome=unreached,2809,187.772685,169.932978,188.713969,203.646454,224.142128
contig64|best|transport|log_width|t0.7,position=1,268,192.673276,183.334722,192.019381,203.940826,225.669683
contig64|best|transport|log_width|t0.7,position=2,268,195.140641,185.55276,194.579208,205.783462,223.415982
contig64|best|transport|log_width|t0.7,position=3,268,195.761024,184.831641,195.549729,207.34145,227.511094
contig64|best|transport|log_width|t0.7,position=4,268,196.460099,183.4409,197.229573,208.622931,222.02298
contig64|best|transport|log_width|t0.7,position=5,268,195.748988,181.002538,196.946284,206.776025,224.852439
contig64|best|transport|log_width|t0.7,position=6,268,194.522004,182.908066,194.292273,206.653576,221.308168
contig64|best|transport|log_width|t0.7,position=7,268,192.696815,179.298662,192.866815,206.307467,224.723531
contig64|best|transport|log_width|t0.7,position=8,268,191.547736,177.763376,191.278374,206.594177,217.543445
contig64|best|transport|log_width|t0.7,position=9,268,190.448584,174.394668,190.592374,205.77429,222.062959
contig64|best|transport|log_width|t0.7,position=10,268,187.884571,172.018667,187.235294,203.914372,217.414529
contig64|best|transport|log_width|t0.7,position=11,268,185.675147,170.035945,186.022343,201.945262,226.148639
contig64|best|transport|log_width|t0.7,position=12,268,184.982763,168.394881,185.416847,202.747653,214.730252
contig64|best|transport|log_width|t0.7,position=13,268,183.844441,165.748482,184.186274,202.363862,226.070083
contig64|best|transport|log_width|t0.7,position=14,268,181.734058,162.369528,182.619383,201.098313,217.481962
contig64|best|transport|log_width|t0.7,position=15,268,179.728611,159.730541,179.891677,200.066981,220.730992
contig64|best|transport|log_width|t0.7,domain=chat,1395,188.349255,167.814689,190.584608,204.487516,226.148639
contig64|best|transport|log_width|t0.7,domain=code,510,192.961539,178.185927,194.083733,206.759314,226.070083
contig64|best|transport|log_width|t0.7,domain=maths,300,193.78884,177.806687,194.704831,209.056767,224.852439
contig64|best|transport|log_width|t0.7,domain=multilingual,1815,189.640341,174.721622,189.956721,204.17848,227.511094
contig64|best|transport|p_unresolved_x|t0.7,all,4020,0.986972,1.0,1.0,1.0,1.0
contig64|best|transport|p_unresolved_x|t0.7,outcome=accepted,968,1.0,1.0,1.0,1.0,1.0
contig64|best|transport|p_unresolved_x|t0.7,outcome=rejected,243,0.97461,1.0,1.0,1.0,1.0
contig64|best|transport|p_unresolved_x|t0.7,outcome=unreached,2809,0.983552,1.0,1.0,1.0,1.0
contig64|best|transport|p_unresolved_x|t0.7,position=1,268,0.997087,1.0,1.0,1.0,1.0
contig64|best|transport|p_unresolved_x|t0.7,position=2,268,0.979028,1.0,1.0,1.0,1.0
contig64|best|transport|p_unresolved_x|t0.7,position=3,268,0.969799,1.0,1.0,1.0,1.0
contig64|best|transport|p_unresolved_x|t0.7,position=4,268,0.971844,1.0,1.0,1.0,1.0
contig64|best|transport|p_unresolved_x|t0.7,position=5,268,0.974095,1.0,1.0,1.0,1.0
contig64|best|transport|p_unresolved_x|t0.7,position=6,268,0.975787,1.0,1.0,1.0,1.0
contig64|best|transport|p_unresolved_x|t0.7,position=7,268,0.984493,1.0,1.0,1.0,1.0
contig64|best|transport|p_unresolved_x|t0.7,position=8,268,0.992142,1.0,1.0,1.0,1.0
contig64|best|transport|p_unresolved_x|t0.7,position=9,268,0.99039,1.0,1.0,1.0,1.0
contig64|best|transport|p_unresolved_x|t0.7,position=10,268,0.992662,1.0,1.0,1.0,1.0
contig64|best|transport|p_unresolved_x|t0.7,position=11,268,0.996321,1.0,1.0,1.0,1.0
contig64|best|transport|p_unresolved_x|t0.7,position=12,268,1.0,1.0,1.0,1.0,1.0
contig64|best|transport|p_unresolved_x|t0.7,position=13,268,0.993935,1.0,1.0,1.0,1.0
contig64|best|transport|p_unresolved_x|t0.7,position=14,268,0.992789,1.0,1.0,1.0,1.0
contig64|best|transport|p_unresolved_x|t0.7,position=15,268,0.994213,1.0,1.0,1.0,1.0
contig64|best|transport|p_unresolved_x|t0.7,domain=chat,1395,0.99238,1.0,1.0,1.0,1.0
contig64|best|transport|p_unresolved_x|t0.7,domain=code,510,0.998086,1.0,1.0,1.0,1.0
contig64|best|transport|p_unresolved_x|t0.7,domain=maths,300,0.996866,1.0,1.0,1.0,1.0
contig64|best|transport|p_unresolved_x|t0.7,domain=multilingual,1815,0.978057,1.0,1.0,1.0,1.0
contig64|best|transport|p_unresolved_q|t0.7,all,4020,0.989869,0.999991,1.0,1.0,1.0
contig64|best|transport|p_unresolved_q|t0.7,outcome=accepted,968,0.999484,1.0,1.0,1.0,1.0
contig64|best|transport|p_unresolved_q|t0.7,outcome=rejected,243,0.983269,0.998483,1.0,1.0,1.0
contig64|best|transport|p_unresolved_q|t0.7,outcome=unreached,2809,0.987126,0.999877,1.0,1.0,1.0
contig64|best|transport|p_unresolved_q|t0.7,position=1,268,0.999657,0.999998,1.0,1.0,1.0
contig64|best|transport|p_unresolved_q|t0.7,position=2,268,0.982395,0.999859,1.0,1.0,1.0
contig64|best|transport|p_unresolved_q|t0.7,position=3,268,0.975991,0.984533,1.0,1.0,1.0
contig64|best|transport|p_unresolved_q|t0.7,position=4,268,0.978882,0.997665,1.0,1.0,1.0
contig64|best|transport|p_unresolved_q|t0.7,position=5,268,0.976536,0.997563,1.0,1.0,1.0
contig64|best|transport|p_unresolved_q|t0.7,position=6,268,0.98335,0.999997,1.0,1.0,1.0
contig64|best|transport|p_unresolved_q|t0.7,position=7,268,0.989178,0.999986,1.0,1.0,1.0
contig64|best|transport|p_unresolved_q|t0.7,position=8,268,0.992855,1.0,1.0,1.0,1.0
contig64|best|transport|p_unresolved_q|t0.7,position=9,268,0.993929,1.0,1.0,1.0,1.0
contig64|best|transport|p_unresolved_q|t0.7,position=10,268,0.992678,1.0,1.0,1.0,1.0
contig64|best|transport|p_unresolved_q|t0.7,position=11,268,0.997383,1.0,1.0,1.0,1.0
contig64|best|transport|p_unresolved_q|t0.7,position=12,268,0.998645,1.0,1.0,1.0,1.0
contig64|best|transport|p_unresolved_q|t0.7,position=13,268,0.996289,1.0,1.0,1.0,1.0
contig64|best|transport|p_unresolved_q|t0.7,position=14,268,0.994343,0.999999,1.0,1.0,1.0
contig64|best|transport|p_unresolved_q|t0.7,position=15,268,0.995919,0.999996,1.0,1.0,1.0
contig64|best|transport|p_unresolved_q|t0.7,domain=chat,1395,0.992913,1.0,1.0,1.0,1.0
contig64|best|transport|p_unresolved_q|t0.7,domain=code,510,0.998413,1.0,1.0,1.0,1.0
contig64|best|transport|p_unresolved_q|t0.7,domain=maths,300,0.997042,1.0,1.0,1.0,1.0
contig64|best|transport|p_unresolved_q|t0.7,domain=multilingual,1815,0.983942,0.997474,1.0,1.0,1.0
contig64|best|transport|log_width_retain64|t1.0,all,4020,110.168207,96.46114,110.380827,123.267162,146.250394
contig64|best|transport|log_width_retain64|t1.0,outcome=accepted,968,105.753674,95.244138,106.246076,115.128086,125.706901
contig64|best|transport|log_width_retain64|t1.0,outcome=rejected,243,114.6809,106.15476,114.988495,123.691764,138.521952
contig64|best|transport|log_width_retain64|t1.0,outcome=unreached,2809,111.299102,96.627617,111.729873,124.728993,146.250394
contig64|best|transport|log_width_retain64|t1.0,position=1,268,109.798124,98.463487,110.474852,120.586941,134.849994
contig64|best|transport|log_width_retain64|t1.0,position=2,268,112.760283,101.001951,113.540555,123.860401,144.138514
contig64|best|transport|log_width_retain64|t1.0,position=3,268,114.031864,101.315536,114.424891,125.759332,142.339034
contig64|best|transport|log_width_retain64|t1.0,position=4,268,114.762538,99.851589,115.328526,127.596302,146.250394
contig64|best|transport|log_width_retain64|t1.0,position=5,268,114.419218,98.864905,114.948634,126.746641,143.751584
contig64|best|transport|log_width_retain64|t1.0,position=6,268,113.586174,101.488034,114.654873,124.23553,141.012475
contig64|best|transport|log_width_retain64|t1.0,position=7,268,112.679728,100.967419,112.661924,124.452743,140.026833
contig64|best|transport|log_width_retain64|t1.0,position=8,268,112.028742,99.548073,111.672892,123.79082,139.717799
contig64|best|transport|log_width_retain64|t1.0,position=9,268,111.116658,97.958043,111.298432,122.700369,135.184889
contig64|best|transport|log_width_retain64|t1.0,position=10,268,108.917705,98.427856,108.352403,121.276096,133.430354
contig64|best|transport|log_width_retain64|t1.0,position=11,268,107.270399,95.833114,108.144699,119.100414,130.711608
contig64|best|transport|log_width_retain64|t1.0,position=12,268,107.069585,96.134379,107.48412,118.569228,135.644147
contig64|best|transport|log_width_retain64|t1.0,position=13,268,106.157355,93.44356,106.502383,119.479546,136.262438
contig64|best|transport|log_width_retain64|t1.0,position=14,268,104.63856,92.116125,104.622325,118.955454,134.754451
contig64|best|transport|log_width_retain64|t1.0,position=15,268,103.286174,89.248548,102.524096,116.514207,139.826161
contig64|best|transport|log_width_retain64|t1.0,domain=chat,1395,109.794465,94.418597,110.757478,123.574789,146.250394
contig64|best|transport|log_width_retain64|t1.0,domain=code,510,104.892289,93.997267,105.485454,114.978737,135.644147
contig64|best|transport|log_width_retain64|t1.0,domain=maths,300,105.856814,96.069366,105.888168,116.096865,131.121525
contig64|best|transport|log_width_retain64|t1.0,domain=multilingual,1815,112.650579,99.821326,112.936656,124.869158,144.138514
contig64|best|transport|p_unresolved_x_retain64|t1.0,all,4020,0.583194,5.6e-05,1.0,1.0,1.0
contig64|best|transport|p_unresolved_x_retain64|t1.0,outcome=accepted,968,0.994234,1.0,1.0,1.0,1.0
contig64|best|transport|p_unresolved_x_retain64|t1.0,outcome=rejected,243,0.290108,0.0,0.110256,0.974027,1.0
contig64|best|transport|p_unresolved_x_retain64|t1.0,outcome=unreached,2809,0.4669,1.6e-05,0.244174,1.0,1.0
contig64|best|transport|p_unresolved_x_retain64|t1.0,position=1,268,0.785339,0.025582,1.0,1.0,1.0
contig64|best|transport|p_unresolved_x_retain64|t1.0,position=2,268,0.702632,2.2e-05,1.0,1.0,1.0
contig64|best|transport|p_unresolved_x_retain64|t1.0,position=3,268,0.635776,1.2e-05,1.0,1.0,1.0
contig64|best|transport|p_unresolved_x_retain64|t1.0,position=4,268,0.566453,8e-06,0.99916,1.0,1.0
contig64|best|transport|p_unresolved_x_retain64|t1.0,position=5,268,0.55921,3e-06,0.969393,1.0,1.0
contig64|best|transport|p_unresolved_x_retain64|t1.0,position=6,268,0.602984,3.7e-05,1.0,1.0,1.0
contig64|best|transport|p_unresolved_x_retain64|t1.0,position=7,268,0.537981,8.9e-05,0.829462,1.0,1.0
contig64|best|transport|p_unresolved_x_retain64|t1.0,position=8,268,0.546192,1.1e-05,0.878098,1.0,1.0
contig64|best|transport|p_unresolved_x_retain64|t1.0,position=9,268,0.555091,8.7e-05,0.809944,1.0,1.0
contig64|best|transport|p_unresolved_x_retain64|t1.0,position=10,268,0.524839,0.000161,0.515447,1.0,1.0
contig64|best|transport|p_unresolved_x_retain64|t1.0,position=11,268,0.544903,0.000254,0.609989,1.0,1.0
contig64|best|transport|p_unresolved_x_retain64|t1.0,position=12,268,0.509259,5.2e-05,0.382518,1.0,1.0
contig64|best|transport|p_unresolved_x_retain64|t1.0,position=13,268,0.517807,0.00024,0.511466,1.0,1.0
contig64|best|transport|p_unresolved_x_retain64|t1.0,position=14,268,0.567795,0.000428,0.935972,1.0,1.0
contig64|best|transport|p_unresolved_x_retain64|t1.0,position=15,268,0.591643,0.000479,1.0,1.0,1.0
contig64|best|transport|p_unresolved_x_retain64|t1.0,domain=chat,1395,0.508378,4e-05,0.452803,1.0,1.0
contig64|best|transport|p_unresolved_x_retain64|t1.0,domain=code,510,0.813641,0.009376,1.0,1.0,1.0
contig64|best|transport|p_unresolved_x_retain64|t1.0,domain=maths,300,0.761897,0.001861,1.0,1.0,1.0
contig64|best|transport|p_unresolved_x_retain64|t1.0,domain=multilingual,1815,0.546405,3.1e-05,0.755837,1.0,1.0
contig64|best|transport|rowlevel_rows_skipped,all,4020,0.000768,0.000773,0.000773,0.000773,0.0
contig64|best|transport|rowlevel_rows_skipped,outcome=accepted,968,0.000773,0.000773,0.000773,0.000773,0.000773
contig64|best|transport|rowlevel_rows_skipped,outcome=rejected,243,0.000764,0.000773,0.000773,0.000773,0.0
contig64|best|transport|rowlevel_rows_skipped,outcome=unreached,2809,0.000767,0.000773,0.000773,0.000773,0.0
contig64|best|transport|rowlevel_rows_skipped,position=1,268,0.00077,0.000773,0.000773,0.000773,0.0
contig64|best|transport|rowlevel_rows_skipped,position=2,268,0.000762,0.000773,0.000773,0.000773,0.0
contig64|best|transport|rowlevel_rows_skipped,position=3,268,0.000762,0.000773,0.000773,0.000773,0.0
contig64|best|transport|rowlevel_rows_skipped,position=4,268,0.00077,0.000773,0.000773,0.000773,0.0
contig64|best|transport|rowlevel_rows_skipped,position=5,268,0.000759,0.000773,0.000773,0.000773,0.0
contig64|best|transport|rowlevel_rows_skipped,position=6,268,0.000767,0.000773,0.000773,0.000773,0.0
contig64|best|transport|rowlevel_rows_skipped,position=7,268,0.000767,0.000773,0.000773,0.000773,0.0
contig64|best|transport|rowlevel_rows_skipped,position=8,268,0.00077,0.000773,0.000773,0.000773,0.0
contig64|best|transport|rowlevel_rows_skipped,position=9,268,0.000767,0.000773,0.000773,0.000773,0.0
contig64|best|transport|rowlevel_rows_skipped,position=10,268,0.00077,0.000773,0.000773,0.000773,0.0
contig64|best|transport|rowlevel_rows_skipped,position=11,268,0.00077,0.000773,0.000773,0.000773,0.0
contig64|best|transport|rowlevel_rows_skipped,position=12,268,0.000773,0.000773,0.000773,0.000773,0.000773
contig64|best|transport|rowlevel_rows_skipped,position=13,268,0.00077,0.000773,0.000773,0.000773,0.0
contig64|best|transport|rowlevel_rows_skipped,position=14,268,0.00077,0.000773,0.000773,0.000773,0.0
contig64|best|transport|rowlevel_rows_skipped,position=15,268,0.000773,0.000773,0.000773,0.000773,0.000773
contig64|best|transport|rowlevel_rows_skipped,domain=chat,1395,0.000769,0.000773,0.000773,0.000773,0.0
contig64|best|transport|rowlevel_rows_skipped,domain=code,510,0.000773,0.000773,0.000773,0.000773,0.000773
contig64|best|transport|rowlevel_rows_skipped,domain=maths,300,0.000773,0.000773,0.000773,0.000773,0.000773
contig64|best|transport|rowlevel_rows_skipped,domain=multilingual,1815,0.000765,0.000773,0.000773,0.000773,0.0
contig64|best|static|tiles_skipped,all,4020,0.000768,0.000773,0.000773,0.000773,0.0
contig64|best|static|tiles_skipped,outcome=accepted,968,0.000773,0.000773,0.000773,0.000773,0.000773
contig64|best|static|tiles_skipped,outcome=rejected,243,0.000764,0.000773,0.000773,0.000773,0.0
contig64|best|static|tiles_skipped,outcome=unreached,2809,0.000767,0.000773,0.000773,0.000773,0.0
contig64|best|static|tiles_skipped,position=1,268,0.00077,0.000773,0.000773,0.000773,0.0
contig64|best|static|tiles_skipped,position=2,268,0.000762,0.000773,0.000773,0.000773,0.0
contig64|best|static|tiles_skipped,position=3,268,0.000762,0.000773,0.000773,0.000773,0.0
contig64|best|static|tiles_skipped,position=4,268,0.00077,0.000773,0.000773,0.000773,0.0
contig64|best|static|tiles_skipped,position=5,268,0.000759,0.000773,0.000773,0.000773,0.0
contig64|best|static|tiles_skipped,position=6,268,0.000767,0.000773,0.000773,0.000773,0.0
contig64|best|static|tiles_skipped,position=7,268,0.000767,0.000773,0.000773,0.000773,0.0
contig64|best|static|tiles_skipped,position=8,268,0.00077,0.000773,0.000773,0.000773,0.0
contig64|best|static|tiles_skipped,position=9,268,0.000767,0.000773,0.000773,0.000773,0.0
contig64|best|static|tiles_skipped,position=10,268,0.00077,0.000773,0.000773,0.000773,0.0
contig64|best|static|tiles_skipped,position=11,268,0.00077,0.000773,0.000773,0.000773,0.0
contig64|best|static|tiles_skipped,position=12,268,0.000773,0.000773,0.000773,0.000773,0.000773
contig64|best|static|tiles_skipped,position=13,268,0.00077,0.000773,0.000773,0.000773,0.0
contig64|best|static|tiles_skipped,position=14,268,0.00077,0.000773,0.000773,0.000773,0.0
contig64|best|static|tiles_skipped,position=15,268,0.000773,0.000773,0.000773,0.000773,0.000773
contig64|best|static|tiles_skipped,domain=chat,1395,0.000769,0.000773,0.000773,0.000773,0.0
contig64|best|static|tiles_skipped,domain=code,510,0.000773,0.000773,0.000773,0.000773,0.000773
contig64|best|static|tiles_skipped,domain=maths,300,0.000773,0.000773,0.000773,0.000773,0.000773
contig64|best|static|tiles_skipped,domain=multilingual,1815,0.000765,0.000773,0.000773,0.000773,0.0
contig64|best|static|rows_skipped,all,4020,0.000768,0.000773,0.000773,0.000773,0.0
contig64|best|static|rows_skipped,outcome=accepted,968,0.000773,0.000773,0.000773,0.000773,0.000773
contig64|best|static|rows_skipped,outcome=rejected,243,0.000764,0.000773,0.000773,0.000773,0.0
contig64|best|static|rows_skipped,outcome=unreached,2809,0.000767,0.000773,0.000773,0.000773,0.0
contig64|best|static|rows_skipped,position=1,268,0.00077,0.000773,0.000773,0.000773,0.0
contig64|best|static|rows_skipped,position=2,268,0.000762,0.000773,0.000773,0.000773,0.0
contig64|best|static|rows_skipped,position=3,268,0.000762,0.000773,0.000773,0.000773,0.0
contig64|best|static|rows_skipped,position=4,268,0.00077,0.000773,0.000773,0.000773,0.0
contig64|best|static|rows_skipped,position=5,268,0.000759,0.000773,0.000773,0.000773,0.0
contig64|best|static|rows_skipped,position=6,268,0.000767,0.000773,0.000773,0.000773,0.0
contig64|best|static|rows_skipped,position=7,268,0.000767,0.000773,0.000773,0.000773,0.0
contig64|best|static|rows_skipped,position=8,268,0.00077,0.000773,0.000773,0.000773,0.0
contig64|best|static|rows_skipped,position=9,268,0.000767,0.000773,0.000773,0.000773,0.0
contig64|best|static|rows_skipped,position=10,268,0.00077,0.000773,0.000773,0.000773,0.0
contig64|best|static|rows_skipped,position=11,268,0.00077,0.000773,0.000773,0.000773,0.0
contig64|best|static|rows_skipped,position=12,268,0.000773,0.000773,0.000773,0.000773,0.000773
contig64|best|static|rows_skipped,position=13,268,0.00077,0.000773,0.000773,0.000773,0.0
contig64|best|static|rows_skipped,position=14,268,0.00077,0.000773,0.000773,0.000773,0.0
contig64|best|static|rows_skipped,position=15,268,0.000773,0.000773,0.000773,0.000773,0.000773
contig64|best|static|rows_skipped,domain=chat,1395,0.000769,0.000773,0.000773,0.000773,0.0
contig64|best|static|rows_skipped,domain=code,510,0.000773,0.000773,0.000773,0.000773,0.000773
contig64|best|static|rows_skipped,domain=maths,300,0.000773,0.000773,0.000773,0.000773,0.000773
contig64|best|static|rows_skipped,domain=multilingual,1815,0.000765,0.000773,0.000773,0.000773,0.0
contig64|best|static|rows_skipped_taustar,all,4020,0.000773,0.000773,0.000773,0.000773,0.000773
contig64|best|static|rows_skipped_taustar,outcome=accepted,968,0.000773,0.000773,0.000773,0.000773,0.000773
contig64|best|static|rows_skipped_taustar,outcome=rejected,243,0.000773,0.000773,0.000773,0.000773,0.000773
contig64|best|static|rows_skipped_taustar,outcome=unreached,2809,0.000773,0.000773,0.000773,0.000773,0.000773
contig64|best|static|rows_skipped_taustar,position=1,268,0.000773,0.000773,0.000773,0.000773,0.000773
contig64|best|static|rows_skipped_taustar,position=2,268,0.000773,0.000773,0.000773,0.000773,0.000773
contig64|best|static|rows_skipped_taustar,position=3,268,0.000773,0.000773,0.000773,0.000773,0.000773
contig64|best|static|rows_skipped_taustar,position=4,268,0.000773,0.000773,0.000773,0.000773,0.000773
contig64|best|static|rows_skipped_taustar,position=5,268,0.000773,0.000773,0.000773,0.000773,0.000773
contig64|best|static|rows_skipped_taustar,position=6,268,0.000773,0.000773,0.000773,0.000773,0.000773
contig64|best|static|rows_skipped_taustar,position=7,268,0.000773,0.000773,0.000773,0.000773,0.000773
contig64|best|static|rows_skipped_taustar,position=8,268,0.000773,0.000773,0.000773,0.000773,0.000773
contig64|best|static|rows_skipped_taustar,position=9,268,0.000773,0.000773,0.000773,0.000773,0.000773
contig64|best|static|rows_skipped_taustar,position=10,268,0.000773,0.000773,0.000773,0.000773,0.000773
contig64|best|static|rows_skipped_taustar,position=11,268,0.000773,0.000773,0.000773,0.000773,0.000773
contig64|best|static|rows_skipped_taustar,position=12,268,0.000773,0.000773,0.000773,0.000773,0.000773
contig64|best|static|rows_skipped_taustar,position=13,268,0.000773,0.000773,0.000773,0.000773,0.000773
contig64|best|static|rows_skipped_taustar,position=14,268,0.000773,0.000773,0.000773,0.000773,0.000773
contig64|best|static|rows_skipped_taustar,position=15,268,0.000773,0.000773,0.000773,0.000773,0.000773
contig64|best|static|rows_skipped_taustar,domain=chat,1395,0.000773,0.000773,0.000773,0.000773,0.000773
contig64|best|static|rows_skipped_taustar,domain=code,510,0.000773,0.000773,0.000773,0.000773,0.000773
contig64|best|static|rows_skipped_taustar,domain=maths,300,0.000773,0.000773,0.000773,0.000773,0.000773
contig64|best|static|rows_skipped_taustar,domain=multilingual,1815,0.000773,0.000773,0.000773,0.000773,0.000773
contig64|best|static|log_width|t1.0,all,4020,142.419621,128.148465,144.792507,153.111184,159.747803
contig64|best|static|log_width|t1.0,outcome=accepted,968,145.497755,134.597673,147.722216,153.585288,159.747803
contig64|best|static|log_width|t1.0,outcome=rejected,243,149.594439,145.223677,150.694725,154.337496,158.12933
contig64|best|static|log_width|t1.0,outcome=unreached,2809,140.738199,125.74669,142.736277,152.680905,158.02345
contig64|best|static|log_width|t1.0,position=1,268,148.367008,139.578998,149.794385,154.005124,159.28568
contig64|best|static|log_width|t1.0,position=2,268,148.186727,140.059648,149.58761,153.923197,158.409067
contig64|best|static|log_width|t1.0,position=3,268,146.989557,135.723275,149.12544,153.504106,157.212806
contig64|best|static|log_width|t1.0,position=4,268,147.218635,136.127707,149.100499,154.478197,157.505494
contig64|best|static|log_width|t1.0,position=5,268,145.775714,134.570054,147.250161,154.463547,158.010566
contig64|best|static|log_width|t1.0,position=6,268,145.65867,136.119596,146.883959,153.984106,158.110144
contig64|best|static|log_width|t1.0,position=7,268,144.342165,133.475174,145.761838,153.214183,158.69914
contig64|best|static|log_width|t1.0,position=8,268,144.055158,132.708038,144.814105,152.850102,157.932565
contig64|best|static|log_width|t1.0,position=9,268,142.331805,129.947504,143.749031,152.870602,156.710094
contig64|best|static|log_width|t1.0,position=10,268,140.577529,128.228225,140.808817,151.990369,158.02345
contig64|best|static|log_width|t1.0,position=11,268,138.701931,125.252262,140.130871,150.197318,155.98833
contig64|best|static|log_width|t1.0,position=12,268,138.331859,124.247088,139.417334,150.758059,158.799102
contig64|best|static|log_width|t1.0,position=13,268,136.825818,122.758629,137.032317,150.583866,157.880824
contig64|best|static|log_width|t1.0,position=14,268,135.321813,120.954039,135.827113,148.664035,159.747803
contig64|best|static|log_width|t1.0,position=15,268,133.60993,117.845713,134.608449,146.793069,155.832396
contig64|best|static|log_width|t1.0,domain=chat,1395,142.28204,124.070146,146.49219,154.228196,159.747803
contig64|best|static|log_width|t1.0,domain=code,510,141.84836,129.56621,142.952105,152.284243,158.02345
contig64|best|static|log_width|t1.0,domain=maths,300,143.427157,130.411467,144.99427,153.668724,159.28568
contig64|best|static|log_width|t1.0,domain=multilingual,1815,142.51935,130.60764,144.47397,151.777548,158.12933
contig64|best|static|p_unresolved_x|t1.0,all,4020,0.987893,1.0,1.0,1.0,1.0
contig64|best|static|p_unresolved_x|t1.0,outcome=accepted,968,1.0,1.0,1.0,1.0,1.0
contig64|best|static|p_unresolved_x|t1.0,outcome=rejected,243,0.977408,1.0,1.0,1.0,1.0
contig64|best|static|p_unresolved_x|t1.0,outcome=unreached,2809,0.984628,1.0,1.0,1.0,1.0
contig64|best|static|p_unresolved_x|t1.0,position=1,268,1.0,1.0,1.0,1.0,1.0
contig64|best|static|p_unresolved_x|t1.0,position=2,268,0.978909,1.0,1.0,1.0,1.0
contig64|best|static|p_unresolved_x|t1.0,position=3,268,0.971894,1.0,1.0,1.0,1.0
contig64|best|static|p_unresolved_x|t1.0,position=4,268,0.973892,1.0,1.0,1.0,1.0
contig64|best|static|p_unresolved_x|t1.0,position=5,268,0.974624,1.0,1.0,1.0,1.0
contig64|best|static|p_unresolved_x|t1.0,position=6,268,0.977203,1.0,1.0,1.0,1.0
contig64|best|static|p_unresolved_x|t1.0,position=7,268,0.985719,1.0,1.0,1.0,1.0
contig64|best|static|p_unresolved_x|t1.0,position=8,268,0.99202,1.0,1.0,1.0,1.0
contig64|best|static|p_unresolved_x|t1.0,position=9,268,0.992821,1.0,1.0,1.0,1.0
contig64|best|static|p_unresolved_x|t1.0,position=10,268,0.993046,1.0,1.0,1.0,1.0
contig64|best|static|p_unresolved_x|t1.0,position=11,268,0.996448,1.0,1.0,1.0,1.0
contig64|best|static|p_unresolved_x|t1.0,position=12,268,1.0,1.0,1.0,1.0,1.0
contig64|best|static|p_unresolved_x|t1.0,position=13,268,0.994153,1.0,1.0,1.0,1.0
contig64|best|static|p_unresolved_x|t1.0,position=14,268,0.992863,1.0,1.0,1.0,1.0
contig64|best|static|p_unresolved_x|t1.0,position=15,268,0.994809,1.0,1.0,1.0,1.0
contig64|best|static|p_unresolved_x|t1.0,domain=chat,1395,0.991776,1.0,1.0,1.0,1.0
contig64|best|static|p_unresolved_x|t1.0,domain=code,510,0.998119,1.0,1.0,1.0,1.0
contig64|best|static|p_unresolved_x|t1.0,domain=maths,300,0.996856,1.0,1.0,1.0,1.0
contig64|best|static|p_unresolved_x|t1.0,domain=multilingual,1815,0.980554,1.0,1.0,1.0,1.0
contig64|best|static|p_unresolved_q|t1.0,all,4020,0.995014,0.999948,1.0,1.0,1.0
contig64|best|static|p_unresolved_q|t1.0,outcome=accepted,968,0.999146,1.0,1.0,1.0,1.0
contig64|best|static|p_unresolved_q|t1.0,outcome=rejected,243,0.989731,0.998926,1.0,1.0,1.0
contig64|best|static|p_unresolved_q|t1.0,outcome=unreached,2809,0.994047,0.999677,1.0,1.0,1.0
contig64|best|static|p_unresolved_q|t1.0,position=1,268,0.999912,0.999972,1.0,1.0,1.0
contig64|best|static|p_unresolved_q|t1.0,position=2,268,0.990559,0.999564,1.0,1.0,1.0
contig64|best|static|p_unresolved_q|t1.0,position=3,268,0.989164,0.979992,1.0,1.0,1.0
contig64|best|static|p_unresolved_q|t1.0,position=4,268,0.990114,0.998089,1.0,1.0,1.0
contig64|best|static|p_unresolved_q|t1.0,position=5,268,0.988596,0.995625,1.0,1.0,1.0
contig64|best|static|p_unresolved_q|t1.0,position=6,268,0.993584,0.999929,1.0,1.0,1.0
contig64|best|static|p_unresolved_q|t1.0,position=7,268,0.99476,0.999854,1.0,1.0,1.0
contig64|best|static|p_unresolved_q|t1.0,position=8,268,0.995798,1.0,1.0,1.0,1.0
contig64|best|static|p_unresolved_q|t1.0,position=9,268,0.9967,1.0,1.0,1.0,1.0
contig64|best|static|p_unresolved_q|t1.0,position=10,268,0.996484,1.0,1.0,1.0,1.0
contig64|best|static|p_unresolved_q|t1.0,position=11,268,0.998649,0.999998,1.0,1.0,1.0
contig64|best|static|p_unresolved_q|t1.0,position=12,268,0.99911,1.0,1.0,1.0,1.0
contig64|best|static|p_unresolved_q|t1.0,position=13,268,0.99823,1.0,1.0,1.0,1.0
contig64|best|static|p_unresolved_q|t1.0,position=14,268,0.995822,1.0,1.0,1.0,1.0
contig64|best|static|p_unresolved_q|t1.0,position=15,268,0.997732,1.0,1.0,1.0,1.0
contig64|best|static|p_unresolved_q|t1.0,domain=chat,1395,0.995712,1.0,1.0,1.0,1.0
contig64|best|static|p_unresolved_q|t1.0,domain=code,510,0.998179,1.0,1.0,1.0,1.0
contig64|best|static|p_unresolved_q|t1.0,domain=maths,300,0.997746,1.0,1.0,1.0,1.0
contig64|best|static|p_unresolved_q|t1.0,domain=multilingual,1815,0.993137,0.997991,1.0,1.0,1.0
contig64|best|static|log_width|t0.7,all,4020,203.876004,183.509284,207.264459,219.152987,228.681379
contig64|best|static|log_width|t0.7,outcome=accepted,968,208.265864,192.752315,211.439007,219.870149,228.681379
contig64|best|static|log_width|t0.7,outcome=rejected,243,214.105434,207.775245,215.687922,220.94025,226.369637
contig64|best|static|log_width|t0.7,outcome=unreached,2809,201.478305,180.106514,204.324234,218.55927,226.21662
contig64|best|static|log_width|t0.7,position=1,268,212.337057,199.689241,214.300959,220.470456,228.014244
contig64|best|static|log_width|t0.7,position=2,268,212.091141,200.548753,214.073384,220.330809,226.769215
contig64|best|static|log_width|t0.7,position=3,268,210.386743,194.347686,213.393334,219.737138,225.05895
contig64|best|static|log_width|t0.7,position=4,268,210.717362,194.812147,213.41598,221.153443,225.472243
contig64|best|static|log_width|t0.7,position=5,268,208.664562,192.667589,210.642848,221.129973,226.199753
contig64|best|static|log_width|t0.7,position=6,268,208.500103,194.920474,210.257898,220.428429,226.339089
contig64|best|static|log_width|t0.7,position=7,268,206.615876,191.143668,208.583239,219.339426,227.181546
contig64|best|static|log_width|t0.7,position=8,268,206.223269,189.961114,207.326018,218.825919,226.086951
contig64|best|static|log_width|t0.7,position=9,268,203.754171,186.084436,205.826569,218.840868,224.342275
contig64|best|static|log_width|t0.7,position=10,268,201.251799,183.642004,201.381637,217.594743,226.21662
contig64|best|static|log_width|t0.7,position=11,268,198.573139,179.401404,200.653347,215.018931,223.311254
contig64|best|static|log_width|t0.7,position=12,268,198.056969,177.965818,199.637558,215.795448,227.315073
contig64|best|static|log_width|t0.7,position=13,268,195.897664,175.834928,196.230953,215.444481,226.012475
contig64|best|static|log_width|t0.7,position=14,268,193.757692,173.260818,194.487768,212.829489,228.681379
contig64|best|static|log_width|t0.7,position=15,268,191.312508,168.819314,192.706755,210.17481,223.086126
contig64|best|static|log_width|t0.7,domain=chat,1395,203.686294,177.711373,209.600338,220.77994,228.681379
contig64|best|static|log_width|t0.7,domain=code,510,203.0672,185.553225,204.627687,217.968374,226.21662
contig64|best|static|log_width|t0.7,domain=maths,300,205.327651,186.772915,207.574597,219.9733,228.014244
contig64|best|static|log_width|t0.7,domain=multilingual,1815,204.009139,187.052005,206.717821,217.265347,226.369637
contig64|best|static|p_unresolved_x|t0.7,all,4020,0.986973,1.0,1.0,1.0,1.0
contig64|best|static|p_unresolved_x|t0.7,outcome=accepted,968,1.0,1.0,1.0,1.0,1.0
contig64|best|static|p_unresolved_x|t0.7,outcome=rejected,243,0.974611,1.0,1.0,1.0,1.0
contig64|best|static|p_unresolved_x|t0.7,outcome=unreached,2809,0.983553,1.0,1.0,1.0,1.0
contig64|best|static|p_unresolved_x|t0.7,position=1,268,0.997087,1.0,1.0,1.0,1.0
contig64|best|static|p_unresolved_x|t0.7,position=2,268,0.979028,1.0,1.0,1.0,1.0
contig64|best|static|p_unresolved_x|t0.7,position=3,268,0.9698,1.0,1.0,1.0,1.0
contig64|best|static|p_unresolved_x|t0.7,position=4,268,0.971845,1.0,1.0,1.0,1.0
contig64|best|static|p_unresolved_x|t0.7,position=5,268,0.974095,1.0,1.0,1.0,1.0
contig64|best|static|p_unresolved_x|t0.7,position=6,268,0.975787,1.0,1.0,1.0,1.0
contig64|best|static|p_unresolved_x|t0.7,position=7,268,0.984494,1.0,1.0,1.0,1.0
contig64|best|static|p_unresolved_x|t0.7,position=8,268,0.992143,1.0,1.0,1.0,1.0
contig64|best|static|p_unresolved_x|t0.7,position=9,268,0.99039,1.0,1.0,1.0,1.0
contig64|best|static|p_unresolved_x|t0.7,position=10,268,0.992662,1.0,1.0,1.0,1.0
contig64|best|static|p_unresolved_x|t0.7,position=11,268,0.996321,1.0,1.0,1.0,1.0
contig64|best|static|p_unresolved_x|t0.7,position=12,268,1.0,1.0,1.0,1.0,1.0
contig64|best|static|p_unresolved_x|t0.7,position=13,268,0.993936,1.0,1.0,1.0,1.0
contig64|best|static|p_unresolved_x|t0.7,position=14,268,0.992789,1.0,1.0,1.0,1.0
contig64|best|static|p_unresolved_x|t0.7,position=15,268,0.994213,1.0,1.0,1.0,1.0
contig64|best|static|p_unresolved_x|t0.7,domain=chat,1395,0.99238,1.0,1.0,1.0,1.0
contig64|best|static|p_unresolved_x|t0.7,domain=code,510,0.998086,1.0,1.0,1.0,1.0
contig64|best|static|p_unresolved_x|t0.7,domain=maths,300,0.996866,1.0,1.0,1.0,1.0
contig64|best|static|p_unresolved_x|t0.7,domain=multilingual,1815,0.978058,1.0,1.0,1.0,1.0
contig64|best|static|p_unresolved_q|t0.7,all,4020,0.989869,0.999991,1.0,1.0,1.0
contig64|best|static|p_unresolved_q|t0.7,outcome=accepted,968,0.999484,1.0,1.0,1.0,1.0
contig64|best|static|p_unresolved_q|t0.7,outcome=rejected,243,0.983269,0.998483,1.0,1.0,1.0
contig64|best|static|p_unresolved_q|t0.7,outcome=unreached,2809,0.987126,0.999877,1.0,1.0,1.0
contig64|best|static|p_unresolved_q|t0.7,position=1,268,0.999657,0.999998,1.0,1.0,1.0
contig64|best|static|p_unresolved_q|t0.7,position=2,268,0.982396,0.999859,1.0,1.0,1.0
contig64|best|static|p_unresolved_q|t0.7,position=3,268,0.975992,0.984534,1.0,1.0,1.0
contig64|best|static|p_unresolved_q|t0.7,position=4,268,0.978883,0.997665,1.0,1.0,1.0
contig64|best|static|p_unresolved_q|t0.7,position=5,268,0.976536,0.997563,1.0,1.0,1.0
contig64|best|static|p_unresolved_q|t0.7,position=6,268,0.98335,0.999997,1.0,1.0,1.0
contig64|best|static|p_unresolved_q|t0.7,position=7,268,0.989178,0.999986,1.0,1.0,1.0
contig64|best|static|p_unresolved_q|t0.7,position=8,268,0.992856,1.0,1.0,1.0,1.0
contig64|best|static|p_unresolved_q|t0.7,position=9,268,0.993929,1.0,1.0,1.0,1.0
contig64|best|static|p_unresolved_q|t0.7,position=10,268,0.992678,1.0,1.0,1.0,1.0
contig64|best|static|p_unresolved_q|t0.7,position=11,268,0.997383,1.0,1.0,1.0,1.0
contig64|best|static|p_unresolved_q|t0.7,position=12,268,0.998646,1.0,1.0,1.0,1.0
contig64|best|static|p_unresolved_q|t0.7,position=13,268,0.99629,1.0,1.0,1.0,1.0
contig64|best|static|p_unresolved_q|t0.7,position=14,268,0.994344,0.999999,1.0,1.0,1.0
contig64|best|static|p_unresolved_q|t0.7,position=15,268,0.995919,0.999996,1.0,1.0,1.0
contig64|best|static|p_unresolved_q|t0.7,domain=chat,1395,0.992913,1.0,1.0,1.0,1.0
contig64|best|static|p_unresolved_q|t0.7,domain=code,510,0.998413,1.0,1.0,1.0,1.0
contig64|best|static|p_unresolved_q|t0.7,domain=maths,300,0.997042,1.0,1.0,1.0,1.0
contig64|best|static|p_unresolved_q|t0.7,domain=multilingual,1815,0.983943,0.997474,1.0,1.0,1.0
contig64|oracle|transport|tiles_skipped,all,4020,0.893034,0.63366,0.998969,0.999742,0.0
contig64|oracle|transport|tiles_skipped,outcome=accepted,968,0.999727,0.999742,0.999742,0.999742,0.994845
contig64|oracle|transport|tiles_skipped,outcome=rejected,243,0.883602,0.476443,0.998454,0.999485,0.0
contig64|oracle|transport|tiles_skipped,outcome=unreached,2809,0.857083,0.343041,0.991495,0.999742,0.0
contig64|oracle|transport|tiles_skipped,position=1,268,0.98784,0.996753,0.999742,0.999742,0.0
contig64|oracle|transport|tiles_skipped,position=2,268,0.898303,0.567758,0.999742,0.999742,0.0
contig64|oracle|transport|tiles_skipped,position=3,268,0.858465,0.177809,0.999742,0.999742,0.0
contig64|oracle|transport|tiles_skipped,position=4,268,0.836581,0.162526,0.999227,0.999742,0.0
contig64|oracle|transport|tiles_skipped,position=5,268,0.838264,0.175747,0.998711,0.999742,0.0
contig64|oracle|transport|tiles_skipped,position=6,268,0.872943,0.481624,0.998969,0.999742,0.0
contig64|oracle|transport|tiles_skipped,position=7,268,0.877109,0.496031,0.998196,0.999742,0.0
contig64|oracle|transport|tiles_skipped,position=8,268,0.868741,0.35866,0.997036,0.999742,0.0
contig64|oracle|transport|tiles_skipped,position=9,268,0.887267,0.560902,0.997165,0.999742,0.0
contig64|oracle|transport|tiles_skipped,position=10,268,0.909031,0.74866,0.997294,0.999742,0.0
contig64|oracle|transport|tiles_skipped,position=11,268,0.9006,0.770309,0.997938,0.999742,0.0
contig64|oracle|transport|tiles_skipped,position=12,268,0.889189,0.640541,0.994459,0.999742,0.000773
contig64|oracle|transport|tiles_skipped,position=13,268,0.91337,0.78951,0.997036,0.999742,0.0
contig64|oracle|transport|tiles_skipped,position=14,268,0.923791,0.810232,0.99768,0.999742,0.0
contig64|oracle|transport|tiles_skipped,position=15,268,0.93402,0.842964,0.998196,0.999742,0.000773
contig64|oracle|transport|tiles_skipped,domain=chat,1395,0.896371,0.67866,0.996392,0.999742,0.0
contig64|oracle|transport|tiles_skipped,domain=code,510,0.973689,0.990567,0.999742,0.999742,0.000773
contig64|oracle|transport|tiles_skipped,domain=maths,300,0.969448,0.966469,0.999742,0.999742,0.000773
contig64|oracle|transport|tiles_skipped,domain=multilingual,1815,0.855176,0.23268,0.99768,0.999742,0.0
contig64|oracle|transport|rows_skipped,all,4020,0.893034,0.63366,0.998969,0.999742,0.0
contig64|oracle|transport|rows_skipped,outcome=accepted,968,0.999727,0.999742,0.999742,0.999742,0.994845
contig64|oracle|transport|rows_skipped,outcome=rejected,243,0.883602,0.476443,0.998454,0.999485,0.0
contig64|oracle|transport|rows_skipped,outcome=unreached,2809,0.857083,0.343041,0.991495,0.999742,0.0
contig64|oracle|transport|rows_skipped,position=1,268,0.98784,0.996753,0.999742,0.999742,0.0
contig64|oracle|transport|rows_skipped,position=2,268,0.898303,0.567758,0.999742,0.999742,0.0
contig64|oracle|transport|rows_skipped,position=3,268,0.858465,0.177809,0.999742,0.999742,0.0
contig64|oracle|transport|rows_skipped,position=4,268,0.836581,0.162526,0.999227,0.999742,0.0
contig64|oracle|transport|rows_skipped,position=5,268,0.838264,0.175747,0.998711,0.999742,0.0
contig64|oracle|transport|rows_skipped,position=6,268,0.872943,0.481624,0.998969,0.999742,0.0
contig64|oracle|transport|rows_skipped,position=7,268,0.877109,0.496031,0.998196,0.999742,0.0
contig64|oracle|transport|rows_skipped,position=8,268,0.868741,0.35866,0.997036,0.999742,0.0
contig64|oracle|transport|rows_skipped,position=9,268,0.887267,0.560902,0.997165,0.999742,0.0
contig64|oracle|transport|rows_skipped,position=10,268,0.909031,0.74866,0.997294,0.999742,0.0
contig64|oracle|transport|rows_skipped,position=11,268,0.9006,0.770309,0.997938,0.999742,0.0
contig64|oracle|transport|rows_skipped,position=12,268,0.889189,0.640541,0.994459,0.999742,0.000773
contig64|oracle|transport|rows_skipped,position=13,268,0.91337,0.78951,0.997036,0.999742,0.0
contig64|oracle|transport|rows_skipped,position=14,268,0.923791,0.810232,0.99768,0.999742,0.0
contig64|oracle|transport|rows_skipped,position=15,268,0.93402,0.842964,0.998196,0.999742,0.000773
contig64|oracle|transport|rows_skipped,domain=chat,1395,0.896371,0.67866,0.996392,0.999742,0.0
contig64|oracle|transport|rows_skipped,domain=code,510,0.973689,0.990567,0.999742,0.999742,0.000773
contig64|oracle|transport|rows_skipped,domain=maths,300,0.969448,0.966469,0.999742,0.999742,0.000773
contig64|oracle|transport|rows_skipped,domain=multilingual,1815,0.855176,0.23268,0.99768,0.999742,0.0
contig64|oracle|transport|rows_skipped_taustar,all,4020,0.999231,0.998196,0.999742,0.999742,0.975515
contig64|oracle|transport|rows_skipped_taustar,outcome=accepted,968,0.999727,0.999742,0.999742,0.999742,0.994845
contig64|oracle|transport|rows_skipped_taustar,outcome=rejected,243,0.999618,0.999278,0.999742,0.999742,0.996649
contig64|oracle|transport|rows_skipped_taustar,outcome=unreached,2809,0.999026,0.99768,0.999485,0.999742,0.975515
contig64|oracle|transport|rows_skipped_taustar,position=1,268,0.999694,0.999485,0.999742,0.999742,0.998711
contig64|oracle|transport|rows_skipped_taustar,position=2,268,0.99962,0.999227,0.999742,0.999742,0.994845
contig64|oracle|transport|rows_skipped_taustar,position=3,268,0.999365,0.998969,0.999742,0.999742,0.984794
contig64|oracle|transport|rows_skipped_taustar,position=4,268,0.999174,0.998711,0.999742,0.999742,0.975515
contig64|oracle|transport|rows_skipped_taustar,position=5,268,0.999189,0.998196,0.999742,0.999742,0.990206
contig64|oracle|transport|rows_skipped_taustar,position=6,268,0.999271,0.998454,0.999742,0.999742,0.993299
contig64|oracle|transport|rows_skipped_taustar,position=7,268,0.999197,0.998119,0.999742,0.999742,0.992268
contig64|oracle|transport|rows_skipped_taustar,position=8,268,0.999157,0.998196,0.999742,0.999742,0.98634
contig64|oracle|transport|rows_skipped_taustar,position=9,268,0.99908,0.997861,0.999742,0.999742,0.990979
contig64|oracle|transport|rows_skipped_taustar,position=10,268,0.999125,0.997938,0.999742,0.999742,0.992268
contig64|oracle|transport|rows_skipped_taustar,position=11,268,0.999097,0.997861,0.999742,0.999742,0.993041
contig64|oracle|transport|rows_skipped_taustar,position=12,268,0.999116,0.997938,0.999613,0.999742,0.993557
contig64|oracle|transport|rows_skipped_taustar,position=13,268,0.999154,0.998196,0.999485,0.999742,0.992784
contig64|oracle|transport|rows_skipped_taustar,position=14,268,0.999143,0.998196,0.999485,0.999742,0.99201
contig64|oracle|transport|rows_skipped_taustar,position=15,268,0.999081,0.997938,0.999485,0.999742,0.990206
contig64|oracle|transport|rows_skipped_taustar,domain=chat,1395,0.99898,0.997423,0.999485,0.999742,0.975515
contig64|oracle|transport|rows_skipped_taustar,domain=code,510,0.999573,0.999485,0.999742,0.999742,0.992526
contig64|oracle|transport|rows_skipped_taustar,domain=maths,300,0.999535,0.999227,0.999742,0.999742,0.990206
contig64|oracle|transport|rows_skipped_taustar,domain=multilingual,1815,0.999277,0.998454,0.999742,0.999742,0.984794
contig64|oracle|transport|log_width|t1.0,all,4020,14.680516,10.578285,13.292978,21.351548,36.805135
contig64|oracle|transport|log_width|t1.0,outcome=accepted,968,18.633248,12.548364,18.485622,25.076062,31.353271
contig64|oracle|transport|log_width|t1.0,outcome=rejected,243,15.372282,11.434017,14.748667,20.127639,36.805135
contig64|oracle|transport|log_width|t1.0,outcome=unreached,2809,13.258536,10.392819,12.333543,17.488898,29.142311
contig64|oracle|transport|log_width|t1.0,position=1,268,15.277786,11.396772,14.669404,20.413498,31.353271
contig64|oracle|transport|log_width|t1.0,position=2,268,15.826556,11.211389,15.376796,20.77518,36.805135
contig64|oracle|transport|log_width|t1.0,position=3,268,15.65503,11.359653,14.59623,21.571608,26.142885
contig64|oracle|transport|log_width|t1.0,position=4,268,15.637102,11.507574,14.36267,21.957976,29.157394
contig64|oracle|transport|log_width|t1.0,position=5,268,15.710677,10.990511,14.425738,22.310399,31.076445
contig64|oracle|transport|log_width|t1.0,position=6,268,15.369514,10.621656,14.00744,22.285045,28.60658
contig64|oracle|transport|log_width|t1.0,position=7,268,14.875076,10.355991,13.4372,22.33654,28.205193
contig64|oracle|transport|log_width|t1.0,position=8,268,14.628085,10.440375,12.949538,22.161096,30.285213
contig64|oracle|transport|log_width|t1.0,position=9,268,14.310017,10.399598,12.486051,22.11428,29.605088
contig64|oracle|transport|log_width|t1.0,position=10,268,14.305433,10.456529,12.584941,22.004998,29.07967
contig64|oracle|transport|log_width|t1.0,position=11,268,13.917085,10.13321,12.301168,21.005078,29.936344
contig64|oracle|transport|log_width|t1.0,position=12,268,13.972355,10.362363,12.503026,20.241268,29.239914
contig64|oracle|transport|log_width|t1.0,position=13,268,13.823894,10.475453,12.366289,20.464166,27.045235
contig64|oracle|transport|log_width|t1.0,position=14,268,13.579643,10.425641,12.212164,19.208285,28.547701
contig64|oracle|transport|log_width|t1.0,position=15,268,13.31949,10.333122,12.166779,18.684012,28.835933
contig64|oracle|transport|log_width|t1.0,domain=chat,1395,14.435983,10.886589,13.118313,20.396526,31.076445
contig64|oracle|transport|log_width|t1.0,domain=code,510,17.47809,12.040708,17.062702,23.640449,28.035844
contig64|oracle|transport|log_width|t1.0,domain=maths,300,18.292583,11.397682,18.225815,25.164761,31.353271
contig64|oracle|transport|log_width|t1.0,domain=multilingual,1815,13.485332,10.311083,12.355349,18.366405,36.805135
contig64|oracle|transport|p_unresolved_x|t1.0,all,4020,0.523042,0.0,0.664477,0.999931,1.0
contig64|oracle|transport|p_unresolved_x|t1.0,outcome=accepted,968,0.115284,0.0,0.0,0.603705,0.999197
contig64|oracle|transport|p_unresolved_x|t1.0,outcome=rejected,243,0.743102,0.166935,0.914121,0.999988,1.0
contig64|oracle|transport|p_unresolved_x|t1.0,outcome=unreached,2809,0.644521,0.0,0.953011,0.999969,1.0
contig64|oracle|transport|p_unresolved_x|t1.0,position=1,268,0.364241,0.0,0.032683,0.99474,1.0
contig64|oracle|transport|p_unresolved_x|t1.0,position=2,268,0.388521,0.0,0.139266,0.999741,1.0
contig64|oracle|transport|p_unresolved_x|t1.0,position=3,268,0.413096,0.0,0.152406,0.999799,1.0
contig64|oracle|transport|p_unresolved_x|t1.0,position=4,268,0.445781,0.0,0.251971,0.999979,1.0
contig64|oracle|transport|p_unresolved_x|t1.0,position=5,268,0.50075,0.0,0.505252,0.999938,1.0
contig64|oracle|transport|p_unresolved_x|t1.0,position=6,268,0.48707,0.0,0.33303,0.999953,1.0
contig64|oracle|transport|p_unresolved_x|t1.0,position=7,268,0.562576,0.0,0.800106,0.999971,1.0
contig64|oracle|transport|p_unresolved_x|t1.0,position=8,268,0.532979,0.0,0.658676,0.999968,1.0
contig64|oracle|transport|p_unresolved_x|t1.0,position=9,268,0.574027,0.0,0.8029,0.999926,1.0
contig64|oracle|transport|p_unresolved_x|t1.0,position=10,268,0.581709,0.0,0.906723,0.999932,0.999999
contig64|oracle|transport|p_unresolved_x|t1.0,position=11,268,0.585487,0.0,0.855058,0.999853,1.0
contig64|oracle|transport|p_unresolved_x|t1.0,position=12,268,0.585242,0.0,0.904707,0.999944,1.0
contig64|oracle|transport|p_unresolved_x|t1.0,position=13,268,0.633983,0.0,0.956862,0.99994,1.0
contig64|oracle|transport|p_unresolved_x|t1.0,position=14,268,0.607258,0.0,0.926966,0.999911,1.0
contig64|oracle|transport|p_unresolved_x|t1.0,position=15,268,0.582909,0.0,0.86004,0.999899,1.0
contig64|oracle|transport|p_unresolved_x|t1.0,domain=chat,1395,0.600701,0.0,0.911632,0.999972,1.0
contig64|oracle|transport|p_unresolved_x|t1.0,domain=code,510,0.299406,0.0,0.0,0.996678,1.0
contig64|oracle|transport|p_unresolved_x|t1.0,domain=maths,300,0.342458,0.0,0.0,0.999488,1.0
contig64|oracle|transport|p_unresolved_x|t1.0,domain=multilingual,1815,0.556042,0.0,0.78737,0.999919,1.0
contig64|oracle|transport|p_unresolved_q|t1.0,all,4020,0.683058,0.026891,0.867464,0.973967,0.999696
contig64|oracle|transport|p_unresolved_q|t1.0,outcome=accepted,968,0.225324,0.00041,0.059039,0.736392,0.999197
contig64|oracle|transport|p_unresolved_q|t1.0,outcome=rejected,243,0.78581,0.48018,0.865957,0.978092,0.996708
contig64|oracle|transport|p_unresolved_q|t1.0,outcome=unreached,2809,0.831907,0.532293,0.916382,0.977159,0.999696
contig64|oracle|transport|p_unresolved_q|t1.0,position=1,268,0.482102,0.002324,0.519238,0.972223,0.995462
contig64|oracle|transport|p_unresolved_q|t1.0,position=2,268,0.539931,0.008245,0.585102,0.965787,0.999479
contig64|oracle|transport|p_unresolved_q|t1.0,position=3,268,0.583091,0.015877,0.701046,0.963085,0.996619
contig64|oracle|transport|p_unresolved_q|t1.0,position=4,268,0.611091,0.019064,0.765484,0.974646,0.998985
contig64|oracle|transport|p_unresolved_q|t1.0,position=5,268,0.644762,0.026558,0.824679,0.969814,0.998564
contig64|oracle|transport|p_unresolved_q|t1.0,position=6,268,0.643259,0.011627,0.829698,0.970289,0.999696
contig64|oracle|transport|p_unresolved_q|t1.0,position=7,268,0.672425,0.008413,0.871803,0.970791,0.994138
contig64|oracle|transport|p_unresolved_q|t1.0,position=8,268,0.691941,0.037088,0.883196,0.974072,0.996437
contig64|oracle|transport|p_unresolved_q|t1.0,position=9,268,0.715139,0.045443,0.89587,0.975619,0.994476
contig64|oracle|transport|p_unresolved_q|t1.0,position=10,268,0.724396,0.06159,0.896617,0.972494,0.992473
contig64|oracle|transport|p_unresolved_q|t1.0,position=11,268,0.766862,0.154362,0.90816,0.977446,0.999093
contig64|oracle|transport|p_unresolved_q|t1.0,position=12,268,0.765872,0.127346,0.91063,0.976296,0.994116
contig64|oracle|transport|p_unresolved_q|t1.0,position=13,268,0.7954,0.2364,0.91954,0.977031,0.99752
contig64|oracle|transport|p_unresolved_q|t1.0,position=14,268,0.799277,0.237252,0.917964,0.976314,0.996014
contig64|oracle|transport|p_unresolved_q|t1.0,position=15,268,0.810314,0.455276,0.907296,0.974371,0.995896
contig64|oracle|transport|p_unresolved_q|t1.0,domain=chat,1395,0.735365,0.117462,0.887758,0.978085,0.999696
contig64|oracle|transport|p_unresolved_q|t1.0,domain=code,510,0.362345,0.000179,0.21483,0.93525,0.999093
contig64|oracle|transport|p_unresolved_q|t1.0,domain=maths,300,0.431404,0.001404,0.401459,0.941239,0.999197
contig64|oracle|transport|p_unresolved_q|t1.0,domain=multilingual,1815,0.774568,0.232029,0.908691,0.9744,0.998785
contig64|oracle|transport|log_width|t0.7,all,4020,22.2289,15.480399,20.397658,32.340887,53.986062
contig64|oracle|transport|log_width|t0.7,outcome=accepted,968,27.752294,18.49435,27.430997,37.649791,46.523328
contig64|oracle|transport|log_width|t0.7,outcome=rejected,243,23.558365,17.676688,22.742768,30.689214,53.986062
contig64|oracle|transport|log_width|t0.7,outcome=unreached,2809,20.210493,15.099899,18.889295,27.479737,44.778504
contig64|oracle|transport|log_width|t0.7,position=1,268,22.911428,17.140019,21.971595,29.748312,45.651501
contig64|oracle|transport|log_width|t0.7,position=2,268,23.957491,16.626252,23.32574,31.266017,53.986062
contig64|oracle|transport|log_width|t0.7,position=3,268,23.813267,16.636028,22.502713,32.563437,41.35885
contig64|oracle|transport|log_width|t0.7,position=4,268,23.778606,16.705,22.130656,33.421912,45.91568
contig64|oracle|transport|log_width|t0.7,position=5,268,23.797967,16.060791,22.275418,34.620849,46.430176
contig64|oracle|transport|log_width|t0.7,position=6,268,23.19639,15.587469,21.4725,33.543973,42.777846
contig64|oracle|transport|log_width|t0.7,position=7,268,22.395661,14.90537,20.40061,32.900976,44.778504
contig64|oracle|transport|log_width|t0.7,position=8,268,22.047567,15.083554,19.744112,33.780024,46.523328
contig64|oracle|transport|log_width|t0.7,position=9,268,21.566673,14.943585,19.092869,33.083033,44.180416
contig64|oracle|transport|log_width|t0.7,position=10,268,21.706786,15.294501,19.374194,32.91036,44.80971
contig64|oracle|transport|log_width|t0.7,position=11,268,21.046162,14.476503,18.925885,31.873044,45.542744
contig64|oracle|transport|log_width|t0.7,position=12,268,21.256378,14.942022,19.369661,31.278386,45.462184
contig64|oracle|transport|log_width|t0.7,position=13,268,20.990194,15.377073,19.048406,31.613343,42.335898
contig64|oracle|transport|log_width|t0.7,position=14,268,20.694451,15.316789,18.831395,29.394427,43.628012
contig64|oracle|transport|log_width|t0.7,position=15,268,20.274484,15.182993,18.672285,27.682326,44.424043
contig64|oracle|transport|log_width|t0.7,domain=chat,1395,21.812033,15.533877,19.990508,31.057624,46.430176
contig64|oracle|transport|log_width|t0.7,domain=code,510,25.828789,17.145155,25.122416,35.237636,42.777846
contig64|oracle|transport|log_width|t0.7,domain=maths,300,27.126259,16.519418,26.877363,37.536339,46.523328
contig64|oracle|transport|log_width|t0.7,domain=multilingual,1815,20.728283,15.251966,19.20612,28.483331,53.986062
contig64|oracle|transport|p_unresolved_x|t0.7,all,4020,0.565269,0.0,0.869308,1.0,1.0
contig64|oracle|transport|p_unresolved_x|t0.7,outcome=accepted,968,0.132426,0.0,0.0,0.739341,0.999962
contig64|oracle|transport|p_unresolved_x|t0.7,outcome=rejected,243,0.836994,0.47725,0.988799,1.0,1.0
contig64|oracle|transport|p_unresolved_x|t0.7,outcome=unreached,2809,0.690923,0.0,0.99389,1.0,1.0
contig64|oracle|transport|p_unresolved_x|t0.7,position=1,268,0.407193,0.0,0.040111,0.999716,1.0
contig64|oracle|transport|p_unresolved_x|t0.7,position=2,268,0.43195,0.0,0.166515,1.0,1.0
contig64|oracle|transport|p_unresolved_x|t0.7,position=3,268,0.449819,0.0,0.221002,0.999999,1.0
contig64|oracle|transport|p_unresolved_x|t0.7,position=4,268,0.47093,0.0,0.328565,1.0,1.0
contig64|oracle|transport|p_unresolved_x|t0.7,position=5,268,0.543092,0.0,0.776414,1.0,1.0
contig64|oracle|transport|p_unresolved_x|t0.7,position=6,268,0.524835,0.0,0.739195,1.0,1.0
contig64|oracle|transport|p_unresolved_x|t0.7,position=7,268,0.590645,0.0,0.920693,1.0,1.0
contig64|oracle|transport|p_unresolved_x|t0.7,position=8,268,0.57428,0.0,0.90246,1.0,1.0
contig64|oracle|transport|p_unresolved_x|t0.7,position=9,268,0.612698,0.0,0.970135,1.0,1.0
contig64|oracle|transport|p_unresolved_x|t0.7,position=10,268,0.620448,0.0,0.986149,0.999999,1.0
contig64|oracle|transport|p_unresolved_x|t0.7,position=11,268,0.643705,0.0,0.966501,0.999998,1.0
contig64|oracle|transport|p_unresolved_x|t0.7,position=12,268,0.625956,0.0,0.986417,1.0,1.0
contig64|oracle|transport|p_unresolved_x|t0.7,position=13,268,0.676071,0.0,0.995991,1.0,1.0
contig64|oracle|transport|p_unresolved_x|t0.7,position=14,268,0.667814,0.0,0.989043,0.999999,1.0
contig64|oracle|transport|p_unresolved_x|t0.7,position=15,268,0.639599,0.0,0.966299,0.999999,1.0
contig64|oracle|transport|p_unresolved_x|t0.7,domain=chat,1395,0.638723,0.0,0.983499,1.0,1.0
contig64|oracle|transport|p_unresolved_x|t0.7,domain=code,510,0.32196,0.0,0.0,0.99981,1.0
contig64|oracle|transport|p_unresolved_x|t0.7,domain=maths,300,0.372687,0.0,0.0,0.999992,1.0
contig64|oracle|transport|p_unresolved_x|t0.7,domain=multilingual,1815,0.609013,0.0,0.952157,1.0,1.0
contig64|oracle|transport|p_unresolved_q|t0.7,all,4020,0.632489,0.002415,0.801411,0.988368,0.999986
contig64|oracle|transport|p_unresolved_q|t0.7,outcome=accepted,968,0.183592,5e-06,0.009696,0.765937,0.999962
contig64|oracle|transport|p_unresolved_q|t0.7,outcome=rejected,243,0.780747,0.490293,0.860948,0.992252,0.999819
contig64|oracle|transport|p_unresolved_q|t0.7,outcome=unreached,2809,0.774356,0.309606,0.891771,0.991106,0.999986
contig64|oracle|transport|p_unresolved_q|t0.7,position=1,268,0.444353,5.8e-05,0.427274,0.984706,0.999819
contig64|oracle|transport|p_unresolved_q|t0.7,position=2,268,0.476206,0.000511,0.480726,0.976714,0.999985
contig64|oracle|transport|p_unresolved_q|t0.7,position=3,268,0.506203,0.001516,0.538229,0.980856,0.999705
contig64|oracle|transport|p_unresolved_q|t0.7,position=4,268,0.534487,0.000793,0.604953,0.991895,0.999947
contig64|oracle|transport|p_unresolved_q|t0.7,position=5,268,0.581474,0.002358,0.71925,0.983893,0.999924
contig64|oracle|transport|p_unresolved_q|t0.7,position=6,268,0.579803,0.0009,0.731106,0.986455,0.999986
contig64|oracle|transport|p_unresolved_q|t0.7,position=7,268,0.630916,0.000541,0.837084,0.98719,0.999613
contig64|oracle|transport|p_unresolved_q|t0.7,position=8,268,0.646825,0.003791,0.818719,0.989801,0.999459
contig64|oracle|transport|p_unresolved_q|t0.7,position=9,268,0.677051,0.002772,0.841618,0.990854,0.999019
contig64|oracle|transport|p_unresolved_q|t0.7,position=10,268,0.676826,0.006197,0.845767,0.987162,0.999501
contig64|oracle|transport|p_unresolved_q|t0.7,position=11,268,0.728822,0.031939,0.864245,0.990393,0.999973
contig64|oracle|transport|p_unresolved_q|t0.7,position=12,268,0.720883,0.023526,0.868544,0.991719,0.999418
contig64|oracle|transport|p_unresolved_q|t0.7,position=13,268,0.75564,0.070357,0.891558,0.990647,0.999951
contig64|oracle|transport|p_unresolved_q|t0.7,position=14,268,0.760988,0.08042,0.891122,0.990165,0.999671
contig64|oracle|transport|p_unresolved_q|t0.7,position=15,268,0.766856,0.133136,0.86618,0.986004,0.999659
contig64|oracle|transport|p_unresolved_q|t0.7,domain=chat,1395,0.693201,0.020398,0.86376,0.992567,0.999986
contig64|oracle|transport|p_unresolved_q|t0.7,domain=code,510,0.340966,1e-06,0.1051,0.965351,0.999973
contig64|oracle|transport|p_unresolved_q|t0.7,domain=maths,300,0.407464,3.5e-05,0.292595,0.969948,0.999962
contig64|oracle|transport|p_unresolved_q|t0.7,domain=multilingual,1815,0.704936,0.059358,0.845867,0.987608,0.999951
contig64|oracle|transport|log_width_retain64|t1.0,all,4020,1.48364,4.1e-05,0.744692,3.860722,16.394138
contig64|oracle|transport|log_width_retain64|t1.0,outcome=accepted,968,0.046988,1e-06,9.5e-05,0.044279,2.871332
contig64|oracle|transport|log_width_retain64|t1.0,outcome=rejected,243,0.959002,0.002951,0.182295,3.041188,11.515304
contig64|oracle|transport|log_width_retain64|t1.0,outcome=unreached,2809,2.024105,0.026708,1.703456,4.373247,16.394138
contig64|oracle|transport|log_width_retain64|t1.0,position=1,268,0.362274,7e-06,0.008562,1.239427,9.02204
contig64|oracle|transport|log_width_retain64|t1.0,position=2,268,0.980271,2.8e-05,0.037811,3.318949,14.524703
contig64|oracle|transport|log_width_retain64|t1.0,position=3,268,1.186506,2.2e-05,0.187358,3.888203,12.248053
contig64|oracle|transport|log_width_retain64|t1.0,position=4,268,1.496427,2.2e-05,0.247799,4.820631,16.394138
contig64|oracle|transport|log_width_retain64|t1.0,position=5,268,1.779917,2.3e-05,0.446856,5.546181,14.14377
contig64|oracle|transport|log_width_retain64|t1.0,position=6,268,1.561812,1.9e-05,0.49509,4.666137,9.994072
contig64|oracle|transport|log_width_retain64|t1.0,position=7,268,1.672318,2.7e-05,0.976309,4.133296,11.017969
contig64|oracle|transport|log_width_retain64|t1.0,position=8,268,1.704594,3e-05,1.091807,4.214709,15.522245
contig64|oracle|transport|log_width_retain64|t1.0,position=9,268,1.675969,6e-05,1.305206,3.963082,9.48148
contig64|oracle|transport|log_width_retain64|t1.0,position=10,268,1.576207,0.000148,1.097616,3.666585,8.124252
contig64|oracle|transport|log_width_retain64|t1.0,position=11,268,1.598946,0.000161,1.337845,3.587641,6.420765
contig64|oracle|transport|log_width_retain64|t1.0,position=12,268,1.704254,0.000619,1.568877,3.830677,6.838315
contig64|oracle|transport|log_width_retain64|t1.0,position=13,268,1.660213,0.00079,1.440964,3.589483,7.560574
contig64|oracle|transport|log_width_retain64|t1.0,position=14,268,1.630895,0.001311,1.496909,3.492883,8.401241
contig64|oracle|transport|log_width_retain64|t1.0,position=15,268,1.663997,0.002769,1.419209,3.557652,13.348269
contig64|oracle|transport|log_width_retain64|t1.0,domain=chat,1395,1.680751,0.000598,1.119401,4.028362,16.394138
contig64|oracle|transport|log_width_retain64|t1.0,domain=code,510,0.28098,1e-06,0.000297,1.078778,5.575756
contig64|oracle|transport|log_width_retain64|t1.0,domain=maths,300,0.421944,2e-06,0.001804,1.509402,6.193281
contig64|oracle|transport|log_width_retain64|t1.0,domain=multilingual,1815,1.845566,0.002275,1.380499,4.319033,15.522245
contig64|oracle|transport|p_unresolved_x_retain64|t1.0,all,4020,0.1107,0.0,3.7e-05,0.474305,0.999998
contig64|oracle|transport|p_unresolved_x_retain64|t1.0,outcome=accepted,968,0.010918,0.0,0.0,3.3e-05,0.830121
contig64|oracle|transport|p_unresolved_x_retain64|t1.0,outcome=rejected,243,0.082802,0.0,0.001769,0.210234,0.995888
contig64|oracle|transport|p_unresolved_x_retain64|t1.0,outcome=unreached,2809,0.147498,0.0,0.001568,0.656386,0.999998
contig64|oracle|transport|p_unresolved_x_retain64|t1.0,position=1,268,0.050181,0.0,0.0,0.119212,0.995888
contig64|oracle|transport|p_unresolved_x_retain64|t1.0,position=2,268,0.07851,0.0,0.0,0.28944,0.999979
contig64|oracle|transport|p_unresolved_x_retain64|t1.0,position=3,268,0.083603,0.0,1e-06,0.348629,0.996194
contig64|oracle|transport|p_unresolved_x_retain64|t1.0,position=4,268,0.068477,0.0,1e-06,0.203983,0.998448
contig64|oracle|transport|p_unresolved_x_retain64|t1.0,position=5,268,0.113129,0.0,4e-06,0.56012,0.999998
contig64|oracle|transport|p_unresolved_x_retain64|t1.0,position=6,268,0.119582,0.0,3e-06,0.533862,0.997515
contig64|oracle|transport|p_unresolved_x_retain64|t1.0,position=7,268,0.108829,0.0,0.000106,0.48999,0.995895
contig64|oracle|transport|p_unresolved_x_retain64|t1.0,position=8,268,0.134196,0.0,5e-05,0.677622,0.999891
contig64|oracle|transport|p_unresolved_x_retain64|t1.0,position=9,268,0.141317,0.0,0.000649,0.670359,0.998953
contig64|oracle|transport|p_unresolved_x_retain64|t1.0,position=10,268,0.112582,0.0,0.000966,0.434019,0.995013
contig64|oracle|transport|p_unresolved_x_retain64|t1.0,position=11,268,0.126077,0.0,0.000407,0.534256,0.989191
contig64|oracle|transport|p_unresolved_x_retain64|t1.0,position=12,268,0.117302,0.0,0.000301,0.429766,0.995288
contig64|oracle|transport|p_unresolved_x_retain64|t1.0,position=13,268,0.133748,0.0,0.001176,0.561067,0.997878
contig64|oracle|transport|p_unresolved_x_retain64|t1.0,position=14,268,0.140446,0.0,0.000692,0.593418,0.989172
contig64|oracle|transport|p_unresolved_x_retain64|t1.0,position=15,268,0.132514,0.0,0.000504,0.566099,0.998266
contig64|oracle|transport|p_unresolved_x_retain64|t1.0,domain=chat,1395,0.118535,0.0,0.000525,0.501527,0.999998
contig64|oracle|transport|p_unresolved_x_retain64|t1.0,domain=code,510,0.027334,0.0,0.0,0.027723,0.94352
contig64|oracle|transport|p_unresolved_x_retain64|t1.0,domain=maths,300,0.044139,0.0,0.0,0.059847,0.993634
contig64|oracle|transport|p_unresolved_x_retain64|t1.0,domain=multilingual,1815,0.139104,0.0,0.000359,0.643567,0.999979
contig64|oracle|transport|rowlevel_rows_skipped,all,4020,0.942498,0.918353,0.999968,0.999996,0.0
contig64|oracle|transport|rowlevel_rows_skipped,outcome=accepted,968,0.999996,0.999996,0.999996,0.999996,0.999915
contig64|oracle|transport|rowlevel_rows_skipped,outcome=rejected,243,0.934134,0.861463,0.99996,0.999992,0.0
contig64|oracle|transport|rowlevel_rows_skipped,outcome=unreached,2809,0.923408,0.775842,0.999557,0.999996,0.0
contig64|oracle|transport|rowlevel_rows_skipped,position=1,268,0.994941,0.999729,0.999996,0.999996,0.0
contig64|oracle|transport|rowlevel_rows_skipped,position=2,268,0.937867,0.915206,0.999996,0.999996,0.0
contig64|oracle|transport|rowlevel_rows_skipped,position=3,268,0.905732,0.656321,0.999992,0.999996,0.0
contig64|oracle|transport|rowlevel_rows_skipped,position=4,268,0.894559,0.62839,0.999988,0.999996,0.0
contig64|oracle|transport|rowlevel_rows_skipped,position=5,268,0.902272,0.597624,0.99996,0.999996,0.0
contig64|oracle|transport|rowlevel_rows_skipped,position=6,268,0.927312,0.861133,0.999976,0.999996,0.0
contig64|oracle|transport|rowlevel_rows_skipped,position=7,268,0.93808,0.884612,0.999881,0.999996,0.0
contig64|oracle|transport|rowlevel_rows_skipped,position=8,268,0.935639,0.806798,0.999813,0.999996,0.0
contig64|oracle|transport|rowlevel_rows_skipped,position=9,268,0.945562,0.907351,0.999897,0.999996,0.0
contig64|oracle|transport|rowlevel_rows_skipped,position=10,268,0.960091,0.961723,0.999889,0.999996,8e-06
contig64|oracle|transport|rowlevel_rows_skipped,position=11,268,0.947433,0.962663,0.999913,0.999996,4e-06
contig64|oracle|transport|rowlevel_rows_skipped,position=12,268,0.951771,0.917032,0.999652,0.999996,0.057176
contig64|oracle|transport|rowlevel_rows_skipped,position=13,268,0.959913,0.967319,0.999827,0.999996,0.0
contig64|oracle|transport|rowlevel_rows_skipped,position=14,268,0.965692,0.971578,0.999909,0.999996,0.0
contig64|oracle|transport|rowlevel_rows_skipped,position=15,268,0.970608,0.975153,0.999934,0.999996,0.001405
contig64|oracle|transport|rowlevel_rows_skipped,domain=chat,1395,0.952654,0.9223,0.999819,0.999996,0.0
contig64|oracle|transport|rowlevel_rows_skipped,domain=code,510,0.986622,0.999303,0.999996,0.999996,0.000785
contig64|oracle|transport|rowlevel_rows_skipped,domain=maths,300,0.986134,0.997264,0.999996,0.999996,0.001079
contig64|oracle|transport|rowlevel_rows_skipped,domain=multilingual,1815,0.915081,0.706417,0.999891,0.999996,0.0
contig64|oracle|static|tiles_skipped,all,4020,0.9305,0.852861,0.999485,0.999742,0.0
contig64|oracle|static|tiles_skipped,outcome=accepted,968,0.999741,0.999742,0.999742,0.999742,0.999485
contig64|oracle|static|tiles_skipped,outcome=rejected,243,0.919022,0.771186,0.998969,0.999485,0.0
contig64|oracle|static|tiles_skipped,outcome=unreached,2809,0.907632,0.687062,0.997938,0.999742,0.0
contig64|oracle|static|tiles_skipped,position=1,268,0.993551,0.997861,0.999742,0.999742,0.0
contig64|oracle|static|tiles_skipped,position=2,268,0.926934,0.8325,0.999742,0.999742,0.0
contig64|oracle|static|tiles_skipped,position=3,268,0.891925,0.512552,0.999742,0.999742,0.0
contig64|oracle|static|tiles_skipped,position=4,268,0.876712,0.522861,0.999485,0.999742,0.0
contig64|oracle|static|tiles_skipped,position=5,268,0.884103,0.501237,0.999485,0.999742,0.0
contig64|oracle|static|tiles_skipped,position=6,268,0.912367,0.735026,0.999485,0.999742,0.0
contig64|oracle|static|tiles_skipped,position=7,268,0.922539,0.816546,0.999227,0.999742,0.0
contig64|oracle|static|tiles_skipped,position=8,268,0.919548,0.697758,0.998969,0.999742,0.0
contig64|oracle|static|tiles_skipped,position=9,268,0.933767,0.844897,0.999098,0.999742,0.0
contig64|oracle|static|tiles_skipped,position=10,268,0.948403,0.933582,0.999227,0.999742,0.0
contig64|oracle|static|tiles_skipped,position=11,268,0.936206,0.922809,0.999227,0.999742,0.0
contig64|oracle|static|tiles_skipped,position=12,268,0.937956,0.852397,0.998711,0.999742,0.005412
contig64|oracle|static|tiles_skipped,position=13,268,0.951582,0.926031,0.998969,0.999742,0.0
contig64|oracle|static|tiles_skipped,position=14,268,0.957924,0.945876,0.999227,0.999742,0.0
contig64|oracle|static|tiles_skipped,position=15,268,0.963984,0.959098,0.999356,0.999742,0.000773
contig64|oracle|static|tiles_skipped,domain=chat,1395,0.938509,0.860052,0.998711,0.999742,0.0
contig64|oracle|static|tiles_skipped,domain=code,510,0.98406,0.997423,0.999742,0.999742,0.000773
contig64|oracle|static|tiles_skipped,domain=maths,300,0.98295,0.992191,0.999742,0.999742,0.000773
contig64|oracle|static|tiles_skipped,domain=multilingual,1815,0.900625,0.618402,0.999227,0.999742,0.0
contig64|oracle|static|rows_skipped,all,4020,0.9305,0.852861,0.999485,0.999742,0.0
contig64|oracle|static|rows_skipped,outcome=accepted,968,0.999741,0.999742,0.999742,0.999742,0.999485
contig64|oracle|static|rows_skipped,outcome=rejected,243,0.919022,0.771186,0.998969,0.999485,0.0
contig64|oracle|static|rows_skipped,outcome=unreached,2809,0.907632,0.687062,0.997938,0.999742,0.0
contig64|oracle|static|rows_skipped,position=1,268,0.993551,0.997861,0.999742,0.999742,0.0
contig64|oracle|static|rows_skipped,position=2,268,0.926934,0.8325,0.999742,0.999742,0.0
contig64|oracle|static|rows_skipped,position=3,268,0.891925,0.512552,0.999742,0.999742,0.0
contig64|oracle|static|rows_skipped,position=4,268,0.876712,0.522861,0.999485,0.999742,0.0
contig64|oracle|static|rows_skipped,position=5,268,0.884103,0.501237,0.999485,0.999742,0.0
contig64|oracle|static|rows_skipped,position=6,268,0.912367,0.735026,0.999485,0.999742,0.0
contig64|oracle|static|rows_skipped,position=7,268,0.922539,0.816546,0.999227,0.999742,0.0
contig64|oracle|static|rows_skipped,position=8,268,0.919548,0.697758,0.998969,0.999742,0.0
contig64|oracle|static|rows_skipped,position=9,268,0.933767,0.844897,0.999098,0.999742,0.0
contig64|oracle|static|rows_skipped,position=10,268,0.948403,0.933582,0.999227,0.999742,0.0
contig64|oracle|static|rows_skipped,position=11,268,0.936206,0.922809,0.999227,0.999742,0.0
contig64|oracle|static|rows_skipped,position=12,268,0.937956,0.852397,0.998711,0.999742,0.005412
contig64|oracle|static|rows_skipped,position=13,268,0.951582,0.926031,0.998969,0.999742,0.0
contig64|oracle|static|rows_skipped,position=14,268,0.957924,0.945876,0.999227,0.999742,0.0
contig64|oracle|static|rows_skipped,position=15,268,0.963984,0.959098,0.999356,0.999742,0.000773
contig64|oracle|static|rows_skipped,domain=chat,1395,0.938509,0.860052,0.998711,0.999742,0.0
contig64|oracle|static|rows_skipped,domain=code,510,0.98406,0.997423,0.999742,0.999742,0.000773
contig64|oracle|static|rows_skipped,domain=maths,300,0.98295,0.992191,0.999742,0.999742,0.000773
contig64|oracle|static|rows_skipped,domain=multilingual,1815,0.900625,0.618402,0.999227,0.999742,0.0
contig64|oracle|static|rows_skipped_taustar,all,4020,0.999741,0.999742,0.999742,0.999742,0.999227
contig64|oracle|static|rows_skipped_taustar,outcome=accepted,968,0.999742,0.999742,0.999742,0.999742,0.999742
contig64|oracle|static|rows_skipped_taustar,outcome=rejected,243,0.99974,0.999742,0.999742,0.999742,0.999485
contig64|oracle|static|rows_skipped_taustar,outcome=unreached,2809,0.99974,0.999742,0.999742,0.999742,0.999227
contig64|oracle|static|rows_skipped_taustar,position=1,268,0.999742,0.999742,0.999742,0.999742,0.999742
contig64|oracle|static|rows_skipped_taustar,position=2,268,0.999742,0.999742,0.999742,0.999742,0.999742
contig64|oracle|static|rows_skipped_taustar,position=3,268,0.999741,0.999742,0.999742,0.999742,0.999485
contig64|oracle|static|rows_skipped_taustar,position=4,268,0.999739,0.999742,0.999742,0.999742,0.999485
contig64|oracle|static|rows_skipped_taustar,position=5,268,0.99974,0.999742,0.999742,0.999742,0.999485
contig64|oracle|static|rows_skipped_taustar,position=6,268,0.999738,0.999742,0.999742,0.999742,0.999485
contig64|oracle|static|rows_skipped_taustar,position=7,268,0.999738,0.999742,0.999742,0.999742,0.999227
contig64|oracle|static|rows_skipped_taustar,position=8,268,0.999739,0.999742,0.999742,0.999742,0.999485
contig64|oracle|static|rows_skipped_taustar,position=9,268,0.999738,0.999742,0.999742,0.999742,0.999227
contig64|oracle|static|rows_skipped_taustar,position=10,268,0.999741,0.999742,0.999742,0.999742,0.999485
contig64|oracle|static|rows_skipped_taustar,position=11,268,0.999741,0.999742,0.999742,0.999742,0.999485
contig64|oracle|static|rows_skipped_taustar,position=12,268,0.999741,0.999742,0.999742,0.999742,0.999485
contig64|oracle|static|rows_skipped_taustar,position=13,268,0.99974,0.999742,0.999742,0.999742,0.999485
contig64|oracle|static|rows_skipped_taustar,position=14,268,0.999741,0.999742,0.999742,0.999742,0.999485
contig64|oracle|static|rows_skipped_taustar,position=15,268,0.999742,0.999742,0.999742,0.999742,0.999742
contig64|oracle|static|rows_skipped_taustar,domain=chat,1395,0.999739,0.999742,0.999742,0.999742,0.999227
contig64|oracle|static|rows_skipped_taustar,domain=code,510,0.999742,0.999742,0.999742,0.999742,0.999742
contig64|oracle|static|rows_skipped_taustar,domain=maths,300,0.999741,0.999742,0.999742,0.999742,0.999485
contig64|oracle|static|rows_skipped_taustar,domain=multilingual,1815,0.999741,0.999742,0.999742,0.999742,0.999485
contig64|oracle|static|log_width|t1.0,all,4020,19.506486,13.935652,17.295427,28.775629,37.33278
contig64|oracle|static|log_width|t1.0,outcome=accepted,968,26.743077,20.624318,27.236956,32.120631,37.33278
contig64|oracle|static|log_width|t1.0,outcome=rejected,243,20.379804,15.793612,19.87841,25.772266,35.934231
contig64|oracle|static|log_width|t1.0,outcome=unreached,2809,16.937161,13.571645,15.767222,22.094432,34.568196
contig64|oracle|static|log_width|t1.0,position=1,268,22.470928,16.961027,21.90405,28.99917,37.33278
contig64|oracle|static|log_width|t1.0,position=2,268,21.781819,15.509401,21.179835,28.957002,35.934231
contig64|oracle|static|log_width|t1.0,position=3,268,21.168566,14.833182,19.843195,28.799515,37.118559
contig64|oracle|static|log_width|t1.0,position=4,268,20.956679,14.107546,19.9554,29.5833,34.710773
contig64|oracle|static|log_width|t1.0,position=5,268,20.410743,14.090128,18.418119,29.566802,37.180062
contig64|oracle|static|log_width|t1.0,position=6,268,20.199792,14.033529,18.651335,29.178914,35.269556
contig64|oracle|static|log_width|t1.0,position=7,268,19.679143,13.60559,17.460016,29.295382,35.035348
contig64|oracle|static|log_width|t1.0,position=8,268,19.182517,13.483902,16.74907,29.471464,35.697281
contig64|oracle|static|log_width|t1.0,position=9,268,18.813851,13.712775,16.226058,29.357379,35.422132
contig64|oracle|static|log_width|t1.0,position=10,268,18.705538,13.532216,16.201162,28.558704,36.489999
contig64|oracle|static|log_width|t1.0,position=11,268,18.316142,13.446819,15.901093,28.009944,36.424469
contig64|oracle|static|log_width|t1.0,position=12,268,18.098159,13.699235,15.674873,26.980145,34.299162
contig64|oracle|static|log_width|t1.0,position=13,268,17.891416,13.865679,15.658526,27.180796,33.35003
contig64|oracle|static|log_width|t1.0,position=14,268,17.604346,13.963111,15.614368,26.546386,35.246121
contig64|oracle|static|log_width|t1.0,position=15,268,17.317655,13.876979,15.595696,26.116382,33.805249
contig64|oracle|static|log_width|t1.0,domain=chat,1395,18.837736,14.327051,17.062434,26.507049,37.180062
contig64|oracle|static|log_width|t1.0,domain=code,510,25.556116,17.421978,26.557671,31.76146,36.424469
contig64|oracle|static|log_width|t1.0,domain=maths,300,24.826696,15.957061,25.784256,32.503054,37.33278
contig64|oracle|static|log_width|t1.0,domain=multilingual,1815,17.441215,13.317385,15.749116,24.920405,36.489999
contig64|oracle|static|p_unresolved_x|t1.0,all,4020,0.9185,0.822006,0.984373,0.999995,1.0
contig64|oracle|static|p_unresolved_x|t1.0,outcome=accepted,968,0.977061,0.972993,0.98412,0.984375,0.995185
contig64|oracle|static|p_unresolved_x|t1.0,outcome=rejected,243,0.940928,0.975758,0.997295,1.0,1.0
contig64|oracle|static|p_unresolved_x|t1.0,outcome=unreached,2809,0.896379,0.693385,0.993614,0.999997,1.0
contig64|oracle|static|p_unresolved_x|t1.0,position=1,268,0.967952,0.964444,0.984351,0.999754,1.0
contig64|oracle|static|p_unresolved_x|t1.0,position=2,268,0.932222,0.93898,0.984267,0.999993,1.0
contig64|oracle|static|p_unresolved_x|t1.0,position=3,268,0.902326,0.824388,0.984195,0.999991,1.0
contig64|oracle|static|p_unresolved_x|t1.0,position=4,268,0.902101,0.801148,0.984348,0.999999,1.0
contig64|oracle|static|p_unresolved_x|t1.0,position=5,268,0.896035,0.565271,0.98437,0.999998,1.0
contig64|oracle|static|p_unresolved_x|t1.0,position=6,268,0.920248,0.88986,0.984368,0.999996,1.0
contig64|oracle|static|p_unresolved_x|t1.0,position=7,268,0.936991,0.914157,0.984375,0.999997,1.0
contig64|oracle|static|p_unresolved_x|t1.0,position=8,268,0.91899,0.799455,0.984374,0.999999,1.0
contig64|oracle|static|p_unresolved_x|t1.0,position=9,268,0.921228,0.859365,0.986689,0.999993,1.0
contig64|oracle|static|p_unresolved_x|t1.0,position=10,268,0.933026,0.892483,0.992288,0.999994,1.0
contig64|oracle|static|p_unresolved_x|t1.0,position=11,268,0.895048,0.696147,0.984375,0.999981,1.0
contig64|oracle|static|p_unresolved_x|t1.0,position=12,268,0.904244,0.758303,0.986661,0.999995,1.0
contig64|oracle|static|p_unresolved_x|t1.0,position=13,268,0.920501,0.804849,0.990835,0.999993,1.0
contig64|oracle|static|p_unresolved_x|t1.0,position=14,268,0.913422,0.747149,0.986078,0.99999,1.0
contig64|oracle|static|p_unresolved_x|t1.0,position=15,268,0.913165,0.737341,0.984354,0.999988,1.0
contig64|oracle|static|p_unresolved_x|t1.0,domain=chat,1395,0.946824,0.906681,0.992269,0.999998,1.0
contig64|oracle|static|p_unresolved_x|t1.0,domain=code,510,0.965084,0.974476,0.984357,0.999538,1.0
contig64|oracle|static|p_unresolved_x|t1.0,domain=maths,300,0.968333,0.9575,0.984312,0.999956,1.0
contig64|oracle|static|p_unresolved_x|t1.0,domain=multilingual,1815,0.875403,0.529512,0.984366,0.999995,1.0
contig64|oracle|static|p_unresolved_q|t1.0,all,4020,0.963734,0.922821,0.984357,0.989175,0.99995
contig64|oracle|static|p_unresolved_q|t1.0,outcome=accepted,968,0.980459,0.983335,0.984375,0.984375,0.991445
contig64|oracle|static|p_unresolved_q|t1.0,outcome=rejected,243,0.965548,0.954141,0.984369,0.993071,0.998365
contig64|oracle|static|p_unresolved_q|t1.0,outcome=unreached,2809,0.957813,0.890201,0.98395,0.990079,0.99995
contig64|oracle|static|p_unresolved_q|t1.0,position=1,268,0.984727,0.983407,0.984375,0.988819,0.998061
contig64|oracle|static|p_unresolved_q|t1.0,position=2,268,0.963278,0.946646,0.984374,0.988532,0.999116
contig64|oracle|static|p_unresolved_q|t1.0,position=3,268,0.953724,0.865389,0.984374,0.989193,0.998503
contig64|oracle|static|p_unresolved_q|t1.0,position=4,268,0.95542,0.889845,0.984374,0.990576,0.998346
contig64|oracle|static|p_unresolved_q|t1.0,position=5,268,0.947908,0.855775,0.984366,0.989875,0.99895
contig64|oracle|static|p_unresolved_q|t1.0,position=6,268,0.959618,0.908688,0.984374,0.989858,0.998741
contig64|oracle|static|p_unresolved_q|t1.0,position=7,268,0.966461,0.924112,0.984375,0.988601,0.998757
contig64|oracle|static|p_unresolved_q|t1.0,position=8,268,0.963249,0.915204,0.984364,0.990659,0.999117
contig64|oracle|static|p_unresolved_q|t1.0,position=9,268,0.966861,0.935475,0.98413,0.988792,0.998408
contig64|oracle|static|p_unresolved_q|t1.0,position=10,268,0.967397,0.938429,0.984096,0.988668,0.996521
contig64|oracle|static|p_unresolved_q|t1.0,position=11,268,0.962053,0.889089,0.98407,0.988932,0.999484
contig64|oracle|static|p_unresolved_q|t1.0,position=12,268,0.961918,0.914698,0.983994,0.988851,0.998401
contig64|oracle|static|p_unresolved_q|t1.0,position=13,268,0.967929,0.943586,0.984116,0.988693,0.99995
contig64|oracle|static|p_unresolved_q|t1.0,position=14,268,0.967713,0.940597,0.984028,0.987748,0.998465
contig64|oracle|static|p_unresolved_q|t1.0,position=15,268,0.967745,0.927986,0.983969,0.987825,0.997299
contig64|oracle|static|p_unresolved_q|t1.0,domain=chat,1395,0.96574,0.940479,0.984341,0.989644,0.999491
contig64|oracle|static|p_unresolved_q|t1.0,domain=code,510,0.969029,0.966909,0.984375,0.984375,0.999484
contig64|oracle|static|p_unresolved_q|t1.0,domain=maths,300,0.970948,0.955671,0.984375,0.984377,0.997945
contig64|oracle|static|p_unresolved_q|t1.0,domain=multilingual,1815,0.959511,0.897474,0.984109,0.990218,0.99995
contig64|oracle|static|log_width|t0.7,all,4020,30.490614,21.81749,27.415069,44.245477,56.434896
contig64|oracle|static|log_width|t0.7,outcome=accepted,968,41.284675,32.35942,42.066607,49.094265,56.434896
contig64|oracle|static|log_width|t0.7,outcome=rejected,243,31.823091,24.927484,31.100506,39.735501,54.46483
contig64|oracle|static|log_width|t0.7,outcome=unreached,2809,26.65564,21.259722,25.059909,34.657575,52.561704
contig64|oracle|static|log_width|t0.7,position=1,268,35.015095,26.887713,34.301572,44.631806,56.434896
contig64|oracle|static|log_width|t0.7,position=2,268,33.963851,24.69595,33.226088,44.582414,54.46483
contig64|oracle|static|log_width|t0.7,position=3,268,32.98011,23.32557,31.437224,44.287072,56.20717
contig64|oracle|static|log_width|t0.7,position=4,268,32.632594,22.139464,31.214738,45.408652,52.293595
contig64|oracle|static|log_width|t0.7,position=5,268,31.788246,22.174673,28.986548,45.424603,56.28223
contig64|oracle|static|log_width|t0.7,position=6,268,31.412982,21.697131,29.407642,44.799454,53.682757
contig64|oracle|static|log_width|t0.7,position=7,268,30.637116,21.366625,27.929163,45.121011,53.202346
contig64|oracle|static|log_width|t0.7,position=8,268,29.903913,21.11128,26.391456,45.278892,54.051547
contig64|oracle|static|log_width|t0.7,position=9,268,29.389799,21.290731,25.84376,45.095214,53.767786
contig64|oracle|static|log_width|t0.7,position=10,268,29.290565,21.257247,25.995424,43.88237,54.078869
contig64|oracle|static|log_width|t0.7,position=11,268,28.707622,21.236537,25.41984,43.294905,55.270198
contig64|oracle|static|log_width|t0.7,position=12,268,28.388401,21.614444,25.064493,41.793989,52.200875
contig64|oracle|static|log_width|t0.7,position=13,268,28.163484,21.664873,24.949299,41.986337,50.645676
contig64|oracle|static|log_width|t0.7,position=14,268,27.741926,21.96115,25.039981,41.045242,52.444887
contig64|oracle|static|log_width|t0.7,position=15,268,27.343509,21.880669,24.887582,40.579077,51.48668
contig64|oracle|static|log_width|t0.7,domain=chat,1395,29.479264,22.537746,27.039833,40.895637,56.28223
contig64|oracle|static|log_width|t0.7,domain=code,510,39.558939,27.701447,41.155233,48.487849,55.270198
contig64|oracle|static|log_width|t0.7,domain=maths,300,38.397998,25.355382,39.965875,49.469586,56.434896
contig64|oracle|static|log_width|t0.7,domain=multilingual,1815,27.412803,20.883004,25.07602,38.587215,54.46483
contig64|oracle|static|p_unresolved_x|t0.7,all,4020,0.959025,0.952156,0.98984,1.0,1.0
contig64|oracle|static|p_unresolved_x|t0.7,outcome=accepted,968,0.982831,0.980503,0.984366,0.984375,0.996216
contig64|oracle|static|p_unresolved_x|t0.7,outcome=rejected,243,0.963826,0.991549,0.999737,1.0,1.0
contig64|oracle|static|p_unresolved_x|t0.7,outcome=unreached,2809,0.950405,0.933996,0.999395,1.0,1.0
contig64|oracle|static|p_unresolved_x|t0.7,position=1,268,0.98278,0.979915,0.984375,0.999985,1.0
contig64|oracle|static|p_unresolved_x|t0.7,position=2,268,0.957941,0.974934,0.984375,1.0,1.0
contig64|oracle|static|p_unresolved_x|t0.7,position=3,268,0.928202,0.965933,0.984375,1.0,1.0
contig64|oracle|static|p_unresolved_x|t0.7,position=4,268,0.934415,0.969257,0.984375,1.0,1.0
contig64|oracle|static|p_unresolved_x|t0.7,position=5,268,0.944503,0.968327,0.986169,1.0,1.0
contig64|oracle|static|p_unresolved_x|t0.7,position=6,268,0.950987,0.965859,0.985724,1.0,1.0
contig64|oracle|static|p_unresolved_x|t0.7,position=7,268,0.956241,0.970566,0.990482,1.0,1.0
contig64|oracle|static|p_unresolved_x|t0.7,position=8,268,0.965425,0.963178,0.997808,1.0,1.0
contig64|oracle|static|p_unresolved_x|t0.7,position=9,268,0.964342,0.952614,0.996847,1.0,1.0
contig64|oracle|static|p_unresolved_x|t0.7,position=10,268,0.97147,0.96013,0.998629,1.0,1.0
contig64|oracle|static|p_unresolved_x|t0.7,position=11,268,0.961249,0.938753,0.996828,1.0,1.0
contig64|oracle|static|p_unresolved_x|t0.7,position=12,268,0.968744,0.942863,0.99899,1.0,1.0
contig64|oracle|static|p_unresolved_x|t0.7,position=13,268,0.965015,0.937854,0.998497,1.0,1.0
contig64|oracle|static|p_unresolved_x|t0.7,position=14,268,0.964654,0.92436,0.99651,1.0,1.0
contig64|oracle|static|p_unresolved_x|t0.7,position=15,268,0.969402,0.920796,0.995347,1.0,1.0
contig64|oracle|static|p_unresolved_x|t0.7,domain=chat,1395,0.973207,0.966001,0.998661,1.0,1.0
contig64|oracle|static|p_unresolved_x|t0.7,domain=code,510,0.980317,0.981593,0.984375,0.99999,1.0
contig64|oracle|static|p_unresolved_x|t0.7,domain=maths,300,0.977431,0.971354,0.984374,0.999999,1.0
contig64|oracle|static|p_unresolved_x|t0.7,domain=multilingual,1815,0.939098,0.919508,0.995862,1.0,1.0
contig64|oracle|static|p_unresolved_q|t0.7,all,4020,0.9653,0.969272,0.984375,0.994558,0.999998
contig64|oracle|static|p_unresolved_q|t0.7,outcome=accepted,968,0.983154,0.984373,0.984375,0.984375,0.993358
contig64|oracle|static|p_unresolved_q|t0.7,outcome=rejected,243,0.96427,0.979048,0.984386,0.997904,0.999878
contig64|oracle|static|p_unresolved_q|t0.7,outcome=unreached,2809,0.959237,0.934117,0.98445,0.995738,0.999998
contig64|oracle|static|p_unresolved_q|t0.7,position=1,268,0.984997,0.984353,0.984375,0.991339,0.999499
contig64|oracle|static|p_unresolved_q|t0.7,position=2,268,0.961257,0.982398,0.984375,0.99406,0.999995
contig64|oracle|static|p_unresolved_q|t0.7,position=3,268,0.940988,0.86179,0.984375,0.993648,0.999946
contig64|oracle|static|p_unresolved_q|t0.7,position=4,268,0.948145,0.906288,0.984375,0.996569,0.999773
contig64|oracle|static|p_unresolved_q|t0.7,position=5,268,0.945912,0.869089,0.984375,0.996517,0.999907
contig64|oracle|static|p_unresolved_q|t0.7,position=6,268,0.959577,0.97511,0.984375,0.996052,0.999909
contig64|oracle|static|p_unresolved_q|t0.7,position=7,268,0.967052,0.968272,0.984375,0.994421,0.999948
contig64|oracle|static|p_unresolved_q|t0.7,position=8,268,0.970841,0.97344,0.984384,0.995476,0.999956
contig64|oracle|static|p_unresolved_q|t0.7,position=9,268,0.969924,0.973033,0.984375,0.994651,0.999627
contig64|oracle|static|p_unresolved_q|t0.7,position=10,268,0.970781,0.975418,0.984375,0.993739,0.999407
contig64|oracle|static|p_unresolved_q|t0.7,position=11,268,0.970612,0.958542,0.984375,0.993318,0.999994
contig64|oracle|static|p_unresolved_q|t0.7,position=12,268,0.974693,0.976842,0.984375,0.994575,0.999853
contig64|oracle|static|p_unresolved_q|t0.7,position=13,268,0.973404,0.976779,0.984375,0.99301,0.999998
contig64|oracle|static|p_unresolved_q|t0.7,position=14,268,0.970225,0.966768,0.984375,0.99226,0.999795
contig64|oracle|static|p_unresolved_q|t0.7,position=15,268,0.971093,0.953901,0.984375,0.991359,0.99943
contig64|oracle|static|p_unresolved_q|t0.7,domain=chat,1395,0.971856,0.982595,0.984423,0.995531,0.999995
contig64|oracle|static|p_unresolved_q|t0.7,domain=code,510,0.979004,0.984285,0.984375,0.984904,0.999994
contig64|oracle|static|p_unresolved_q|t0.7,domain=maths,300,0.976939,0.982399,0.984375,0.987337,0.999525
contig64|oracle|static|p_unresolved_q|t0.7,domain=multilingual,1815,0.954487,0.917859,0.984375,0.995213,0.999998
contig256|scalar|transport|tiles_skipped,all,4020,0.0,0.0,0.0,0.0,0.0
contig256|scalar|transport|rows_skipped,all,4020,0.0,0.0,0.0,0.0,0.0
contig256|scalar|transport|rows_skipped_taustar,all,4020,0.0,0.0,0.0,0.0,0.0
contig256|scalar|transport|log_width|t1.0,all,4020,1191.216372,1095.39875,1187.978543,1293.910714,1450.277199
contig256|scalar|transport|p_unresolved_x|t1.0,all,4020,1.0,1.0,1.0,1.0,1.0
contig256|scalar|transport|p_unresolved_q|t1.0,all,4020,1.0,1.0,1.0,1.0,1.0
contig256|scalar|transport|log_width|t0.7,all,4020,1702.477763,1565.560144,1697.669634,1849.480412,2071.759746
contig256|scalar|transport|p_unresolved_x|t0.7,all,4020,1.0,1.0,1.0,1.0,1.0
contig256|scalar|transport|p_unresolved_q|t0.7,all,4020,1.0,1.0,1.0,1.0,1.0
contig256|scalar|transport|log_width_retain64|t1.0,all,4020,913.570357,839.930308,912.083264,991.315822,1110.659082
contig256|scalar|transport|p_unresolved_x_retain64|t1.0,all,4020,0.583194,5.6e-05,1.0,1.0,1.0
contig256|scalar|transport|rowlevel_rows_skipped,all,4020,0.0,0.0,0.0,0.0,0.0
contig256|scalar|static|tiles_skipped,all,4020,0.0,0.0,0.0,0.0,0.0
contig256|scalar|static|rows_skipped,all,4020,0.0,0.0,0.0,0.0,0.0
contig256|scalar|static|rows_skipped_taustar,all,4020,0.0,0.0,0.0,0.0,0.0
contig256|scalar|static|log_width|t1.0,all,4020,1279.564164,1172.304245,1283.464492,1385.902378,1432.440218
contig256|scalar|static|p_unresolved_x|t1.0,all,4020,1.0,1.0,1.0,1.0,1.0
contig256|scalar|static|p_unresolved_q|t1.0,all,4020,1.0,1.0,1.0,1.0,1.0
contig256|scalar|static|log_width|t0.7,all,4020,1827.948805,1674.72035,1833.520703,1979.86054,2046.343169
contig256|scalar|static|p_unresolved_x|t0.7,all,4020,1.0,1.0,1.0,1.0,1.0
contig256|scalar|static|p_unresolved_q|t0.7,all,4020,1.0,1.0,1.0,1.0,1.0
contig256|coord|transport|tiles_skipped,all,4020,0.0,0.0,0.0,0.0,0.0
contig256|coord|transport|rows_skipped,all,4020,0.0,0.0,0.0,0.0,0.0
contig256|coord|transport|rows_skipped_taustar,all,4020,0.0,0.0,0.0,0.0,0.0
contig256|coord|transport|log_width|t1.0,all,4020,300.377246,276.045576,299.697113,326.350199,363.660967
contig256|coord|transport|p_unresolved_x|t1.0,all,4020,1.0,1.0,1.0,1.0,1.0
contig256|coord|transport|p_unresolved_q|t1.0,all,4020,1.0,1.0,1.0,1.0,1.0
contig256|coord|transport|log_width|t0.7,all,4020,429.33057,394.623143,428.530077,466.31579,518.105344
contig256|coord|transport|p_unresolved_x|t0.7,all,4020,1.0,1.0,1.0,1.0,1.0
contig256|coord|transport|p_unresolved_q|t0.7,all,4020,1.0,1.0,1.0,1.0,1.0
contig256|coord|transport|log_width_retain64|t1.0,all,4020,204.454829,186.297598,204.518129,222.517522,260.997947
contig256|coord|transport|p_unresolved_x_retain64|t1.0,all,4020,0.583194,5.6e-05,1.0,1.0,1.0
contig256|coord|transport|rowlevel_rows_skipped,all,4020,0.0,0.0,0.0,0.0,0.0
contig256|coord|static|tiles_skipped,all,4020,0.0,0.0,0.0,0.0,0.0
contig256|coord|static|rows_skipped,all,4020,0.0,0.0,0.0,0.0,0.0
contig256|coord|static|rows_skipped_taustar,all,4020,0.0,0.0,0.0,0.0,0.0
contig256|coord|static|log_width|t1.0,all,4020,319.069684,291.370808,320.179474,346.052625,360.476716
contig256|coord|static|p_unresolved_x|t1.0,all,4020,1.0,1.0,1.0,1.0,1.0
contig256|coord|static|p_unresolved_q|t1.0,all,4020,1.0,1.0,1.0,1.0,1.0
contig256|coord|static|log_width|t0.7,all,4020,455.30765,415.792444,456.901096,493.886587,514.583629
contig256|coord|static|p_unresolved_x|t0.7,all,4020,1.0,1.0,1.0,1.0,1.0
contig256|coord|static|p_unresolved_q|t0.7,all,4020,1.0,1.0,1.0,1.0,1.0
contig256|group32|transport|tiles_skipped,all,4020,0.0,0.0,0.0,0.0,0.0
contig256|group32|transport|rows_skipped,all,4020,0.0,0.0,0.0,0.0,0.0
contig256|group32|transport|rows_skipped_taustar,all,4020,0.0,0.0,0.0,0.0,0.0
contig256|group32|transport|log_width|t1.0,all,4020,247.053473,233.531674,246.492449,262.294298,288.700151
contig256|group32|transport|p_unresolved_x|t1.0,all,4020,1.0,1.0,1.0,1.0,1.0
contig256|group32|transport|p_unresolved_q|t1.0,all,4020,1.0,1.0,1.0,1.0,1.0
contig256|group32|transport|log_width|t0.7,all,4020,353.760701,334.167071,352.874333,375.668391,413.47294
contig256|group32|transport|p_unresolved_x|t0.7,all,4020,1.0,1.0,1.0,1.0,1.0
contig256|group32|transport|p_unresolved_q|t0.7,all,4020,1.0,1.0,1.0,1.0,1.0
contig256|group32|transport|log_width_retain64|t1.0,all,4020,142.817335,130.203912,143.922186,153.678914,173.607927
contig256|group32|transport|p_unresolved_x_retain64|t1.0,all,4020,0.583194,5.6e-05,1.0,1.0,1.0
contig256|group32|transport|rowlevel_rows_skipped,all,4020,0.0,0.0,0.0,0.0,0.0
contig256|group32|static|tiles_skipped,all,4020,0.0,0.0,0.0,0.0,0.0
contig256|group32|static|rows_skipped,all,4020,0.0,0.0,0.0,0.0,0.0
contig256|group32|static|rows_skipped_taustar,all,4020,0.0,0.0,0.0,0.0,0.0
contig256|group32|static|log_width|t1.0,all,4020,261.139137,247.61846,262.66201,272.852825,279.195679
contig256|group32|static|p_unresolved_x|t1.0,all,4020,1.0,1.0,1.0,1.0,1.0
contig256|group32|static|p_unresolved_q|t1.0,all,4020,1.0,1.0,1.0,1.0,1.0
contig256|group32|static|log_width|t0.7,all,4020,372.884945,353.597767,375.120665,389.610275,398.560352
contig256|group32|static|p_unresolved_x|t0.7,all,4020,1.0,1.0,1.0,1.0,1.0
contig256|group32|static|p_unresolved_q|t0.7,all,4020,1.0,1.0,1.0,1.0,1.0
contig256|group128|transport|tiles_skipped,all,4020,0.0,0.0,0.0,0.0,0.0
contig256|group128|transport|rows_skipped,all,4020,0.0,0.0,0.0,0.0,0.0
contig256|group128|transport|rows_skipped_taustar,all,4020,0.0,0.0,0.0,0.0,0.0
contig256|group128|transport|log_width|t1.0,all,4020,237.113373,225.146753,236.232056,251.659255,272.828509
contig256|group128|transport|p_unresolved_x|t1.0,all,4020,1.0,1.0,1.0,1.0,1.0
contig256|group128|transport|p_unresolved_q|t1.0,all,4020,1.0,1.0,1.0,1.0,1.0
contig256|group128|transport|log_width|t0.7,all,4020,339.642164,322.385986,338.353875,360.397626,391.026269
contig256|group128|transport|p_unresolved_x|t0.7,all,4020,1.0,1.0,1.0,1.0,1.0
contig256|group128|transport|p_unresolved_q|t0.7,all,4020,1.0,1.0,1.0,1.0,1.0
contig256|group128|transport|log_width_retain64|t1.0,all,4020,135.006467,121.874668,136.296073,145.534944,166.453307
contig256|group128|transport|p_unresolved_x_retain64|t1.0,all,4020,0.583194,5.6e-05,1.0,1.0,1.0
contig256|group128|transport|rowlevel_rows_skipped,all,4020,0.0,0.0,0.0,0.0,0.0
contig256|group128|static|tiles_skipped,all,4020,0.0,0.0,0.0,0.0,0.0
contig256|group128|static|rows_skipped,all,4020,0.0,0.0,0.0,0.0,0.0
contig256|group128|static|rows_skipped_taustar,all,4020,0.0,0.0,0.0,0.0,0.0
contig256|group128|static|log_width|t1.0,all,4020,251.085928,237.645331,253.48012,261.162925,270.948131
contig256|group128|static|p_unresolved_x|t1.0,all,4020,1.0,1.0,1.0,1.0,1.0
contig256|group128|static|p_unresolved_q|t1.0,all,4020,1.0,1.0,1.0,1.0,1.0
contig256|group128|static|log_width|t0.7,all,4020,358.655195,339.470628,362.068016,373.068197,387.068703
contig256|group128|static|p_unresolved_x|t0.7,all,4020,1.0,1.0,1.0,1.0,1.0
contig256|group128|static|p_unresolved_q|t0.7,all,4020,1.0,1.0,1.0,1.0,1.0
contig256|lowrank_w64|transport|tiles_skipped,all,4020,0.0,0.0,0.0,0.0,0.0
contig256|lowrank_w64|transport|rows_skipped,all,4020,0.0,0.0,0.0,0.0,0.0
contig256|lowrank_w64|transport|rows_skipped_taustar,all,4020,0.0,0.0,0.0,0.0,0.0
contig256|lowrank_w64|transport|log_width|t1.0,all,4020,228.142335,217.095321,227.086727,241.74022,273.617603
contig256|lowrank_w64|transport|p_unresolved_x|t1.0,all,4020,1.0,1.0,1.0,1.0,1.0
contig256|lowrank_w64|transport|p_unresolved_q|t1.0,all,4020,1.0,1.0,1.0,1.0,1.0
contig256|lowrank_w64|transport|log_width|t0.7,all,4020,326.029467,310.226163,324.535066,345.415848,391.156691
contig256|lowrank_w64|transport|p_unresolved_x|t0.7,all,4020,1.0,1.0,1.0,1.0,1.0
contig256|lowrank_w64|transport|p_unresolved_q|t0.7,all,4020,1.0,1.0,1.0,1.0,1.0
contig256|lowrank_w64|transport|log_width_retain64|t1.0,all,4020,127.160911,114.229198,128.196012,137.29416,162.997157
contig256|lowrank_w64|transport|p_unresolved_x_retain64|t1.0,all,4020,0.583194,5.6e-05,1.0,1.0,1.0
contig256|lowrank_w64|transport|rowlevel_rows_skipped,all,4020,0.0,0.0,0.0,0.0,0.0
contig256|lowrank_w64|static|tiles_skipped,all,4020,0.0,0.0,0.0,0.0,0.0
contig256|lowrank_w64|static|rows_skipped,all,4020,0.0,0.0,0.0,0.0,0.0
contig256|lowrank_w64|static|rows_skipped_taustar,all,4020,0.0,0.0,0.0,0.0,0.0
contig256|lowrank_w64|static|log_width|t1.0,all,4020,248.321621,235.516838,250.473029,258.328609,273.906106
contig256|lowrank_w64|static|p_unresolved_x|t1.0,all,4020,1.0,1.0,1.0,1.0,1.0
contig256|lowrank_w64|static|p_unresolved_q|t1.0,all,4020,1.0,1.0,1.0,1.0,1.0
contig256|lowrank_w64|static|log_width|t0.7,all,4020,354.649013,336.407469,357.759204,368.893957,391.095401
contig256|lowrank_w64|static|p_unresolved_x|t0.7,all,4020,1.0,1.0,1.0,1.0,1.0
contig256|lowrank_w64|static|p_unresolved_q|t0.7,all,4020,1.0,1.0,1.0,1.0,1.0
contig256|lowrank_d64|transport|tiles_skipped,all,4020,0.0,0.0,0.0,0.0,0.0
contig256|lowrank_d64|transport|rows_skipped,all,4020,0.0,0.0,0.0,0.0,0.0
contig256|lowrank_d64|transport|rows_skipped_taustar,all,4020,0.0,0.0,0.0,0.0,0.0
contig256|lowrank_d64|transport|log_width|t1.0,all,4020,222.958607,188.991726,225.898968,251.652813,278.35288
contig256|lowrank_d64|transport|p_unresolved_x|t1.0,all,4020,1.0,1.0,1.0,1.0,1.0
contig256|lowrank_d64|transport|p_unresolved_q|t1.0,all,4020,1.0,1.0,1.0,1.0,1.0
contig256|lowrank_d64|transport|log_width|t0.7,all,4020,319.420497,270.446868,323.516013,360.621812,399.787398
contig256|lowrank_d64|transport|p_unresolved_x|t0.7,all,4020,1.0,1.0,1.0,1.0,1.0
contig256|lowrank_d64|transport|p_unresolved_q|t0.7,all,4020,1.0,1.0,1.0,1.0,1.0
contig256|lowrank_d64|transport|log_width_retain64|t1.0,all,4020,129.214362,110.267698,129.87376,146.72187,169.010854
contig256|lowrank_d64|transport|p_unresolved_x_retain64|t1.0,all,4020,0.583194,5.6e-05,1.0,1.0,1.0
contig256|lowrank_d64|transport|rowlevel_rows_skipped,all,4020,0.0,0.0,0.0,0.0,0.0
contig256|lowrank_d64|static|tiles_skipped,all,4020,0.0,0.0,0.0,0.0,0.0
contig256|lowrank_d64|static|rows_skipped,all,4020,0.0,0.0,0.0,0.0,0.0
contig256|lowrank_d64|static|rows_skipped_taustar,all,4020,0.0,0.0,0.0,0.0,0.0
contig256|lowrank_d64|static|log_width|t1.0,all,4020,236.932672,202.106501,240.234508,265.585221,273.983916
contig256|lowrank_d64|static|p_unresolved_x|t1.0,all,4020,1.0,1.0,1.0,1.0,1.0
contig256|lowrank_d64|static|p_unresolved_q|t1.0,all,4020,1.0,1.0,1.0,1.0,1.0
contig256|lowrank_d64|static|log_width|t0.7,all,4020,338.469666,288.723513,343.192078,379.40538,391.402644
contig256|lowrank_d64|static|p_unresolved_x|t0.7,all,4020,1.0,1.0,1.0,1.0,1.0
contig256|lowrank_d64|static|p_unresolved_q|t0.7,all,4020,1.0,1.0,1.0,1.0,1.0
contig256|lowrank_d256|transport|tiles_skipped,all,4020,0.0,0.0,0.0,0.0,0.0
contig256|lowrank_d256|transport|rows_skipped,all,4020,0.0,0.0,0.0,0.0,0.0
contig256|lowrank_d256|transport|rows_skipped_taustar,all,4020,0.0,0.0,0.0,0.0,0.0
contig256|lowrank_d256|transport|log_width|t1.0,all,4020,233.6598,197.245617,237.134766,264.30012,294.663941
contig256|lowrank_d256|transport|p_unresolved_x|t1.0,all,4020,1.0,1.0,1.0,1.0,1.0
contig256|lowrank_d256|transport|p_unresolved_q|t1.0,all,4020,1.0,1.0,1.0,1.0,1.0
contig256|lowrank_d256|transport|log_width|t0.7,all,4020,334.698414,282.443454,339.497322,378.496097,421.465971
contig256|lowrank_d256|transport|p_unresolved_x|t0.7,all,4020,1.0,1.0,1.0,1.0,1.0
contig256|lowrank_d256|transport|p_unresolved_q|t0.7,all,4020,1.0,1.0,1.0,1.0,1.0
contig256|lowrank_d256|transport|log_width_retain64|t1.0,all,4020,139.238776,118.913422,140.210066,157.991425,183.656947
contig256|lowrank_d256|transport|p_unresolved_x_retain64|t1.0,all,4020,0.583194,5.6e-05,1.0,1.0,1.0
contig256|lowrank_d256|transport|rowlevel_rows_skipped,all,4020,0.0,0.0,0.0,0.0,0.0
contig256|lowrank_d256|static|tiles_skipped,all,4020,0.0,0.0,0.0,0.0,0.0
contig256|lowrank_d256|static|rows_skipped,all,4020,0.0,0.0,0.0,0.0,0.0
contig256|lowrank_d256|static|rows_skipped_taustar,all,4020,0.0,0.0,0.0,0.0,0.0
contig256|lowrank_d256|static|log_width|t1.0,all,4020,248.429932,211.166162,251.937944,279.597175,289.719173
contig256|lowrank_d256|static|p_unresolved_x|t1.0,all,4020,1.0,1.0,1.0,1.0,1.0
contig256|lowrank_d256|static|p_unresolved_q|t1.0,all,4020,1.0,1.0,1.0,1.0,1.0
contig256|lowrank_d256|static|log_width|t0.7,all,4020,354.871409,301.664024,359.860971,399.385691,413.879026
contig256|lowrank_d256|static|p_unresolved_x|t0.7,all,4020,1.0,1.0,1.0,1.0,1.0
contig256|lowrank_d256|static|p_unresolved_q|t0.7,all,4020,1.0,1.0,1.0,1.0,1.0
contig256|best|transport|tiles_skipped,all,4020,0.0,0.0,0.0,0.0,0.0
contig256|best|transport|rows_skipped,all,4020,0.0,0.0,0.0,0.0,0.0
contig256|best|transport|rows_skipped_taustar,all,4020,0.0,0.0,0.0,0.0,0.0
contig256|best|transport|log_width|t1.0,all,4020,211.372092,188.09824,213.313165,231.546963,253.139238
contig256|best|transport|p_unresolved_x|t1.0,all,4020,1.0,1.0,1.0,1.0,1.0
contig256|best|transport|p_unresolved_q|t1.0,all,4020,1.0,1.0,1.0,1.0,1.0
contig256|best|transport|log_width|t0.7,all,4020,302.687043,269.374593,305.263892,331.883432,363.951646
contig256|best|transport|p_unresolved_x|t0.7,all,4020,1.0,1.0,1.0,1.0,1.0
contig256|best|transport|p_unresolved_q|t0.7,all,4020,1.0,1.0,1.0,1.0,1.0
contig256|best|transport|log_width_retain64|t1.0,all,4020,119.37146,106.218424,119.829617,131.310214,153.234919
contig256|best|transport|p_unresolved_x_retain64|t1.0,all,4020,0.583194,5.6e-05,1.0,1.0,1.0
contig256|best|transport|rowlevel_rows_skipped,all,4020,0.0,0.0,0.0,0.0,0.0
contig256|best|static|tiles_skipped,all,4020,0.0,0.0,0.0,0.0,0.0
contig256|best|static|rows_skipped,all,4020,0.0,0.0,0.0,0.0,0.0
contig256|best|static|rows_skipped_taustar,all,4020,0.0,0.0,0.0,0.0,0.0
contig256|best|static|log_width|t1.0,all,4020,226.399747,200.439309,229.874535,246.511687,256.722605
contig256|best|static|p_unresolved_x|t1.0,all,4020,1.0,1.0,1.0,1.0,1.0
contig256|best|static|p_unresolved_q|t1.0,all,4020,1.0,1.0,1.0,1.0,1.0
contig256|best|static|log_width|t0.7,all,4020,323.341688,286.341868,328.30737,352.037852,366.739831
contig256|best|static|p_unresolved_x|t0.7,all,4020,1.0,1.0,1.0,1.0,1.0
contig256|best|static|p_unresolved_q|t0.7,all,4020,1.0,1.0,1.0,1.0,1.0
contig256|oracle|transport|tiles_skipped,all,4020,0.838895,0.295773,0.994845,0.998969,0.0
contig256|oracle|transport|rows_skipped,all,4020,0.838895,0.295773,0.994845,0.998969,0.0
contig256|oracle|transport|rows_skipped_taustar,all,4020,0.99626,0.990722,0.998969,0.998969,0.905155
contig256|oracle|transport|log_width|t1.0,all,4020,16.493546,12.546381,15.206775,22.730418,38.22129
contig256|oracle|transport|p_unresolved_x|t1.0,all,4020,0.595931,0.0,0.875284,0.999985,1.0
contig256|oracle|transport|p_unresolved_q|t1.0,all,4020,0.729596,0.04461,0.916467,0.989489,0.999899
contig256|oracle|transport|log_width|t0.7,all,4020,24.930337,18.398716,23.348574,34.450506,58.019295
contig256|oracle|transport|p_unresolved_x|t0.7,all,4020,0.633483,0.0,0.973447,1.0,1.0
contig256|oracle|transport|p_unresolved_q|t0.7,all,4020,0.6903,0.005513,0.88343,0.996913,1.0
contig256|oracle|transport|log_width_retain64|t1.0,all,4020,2.008461,0.000125,1.352459,4.887747,17.701087
contig256|oracle|transport|p_unresolved_x_retain64|t1.0,all,4020,0.147003,0.0,0.000254,0.680712,0.999999
contig256|oracle|transport|rowlevel_rows_skipped,all,4020,0.922977,0.820335,0.99994,0.999996,0.0
contig256|oracle|static|tiles_skipped,all,4020,0.900718,0.674227,0.997938,0.998969,0.0
contig256|oracle|static|rows_skipped,all,4020,0.900718,0.674227,0.997938,0.998969,0.0
contig256|oracle|static|rows_skipped_taustar,all,4020,0.998967,0.998969,0.998969,0.998969,0.997938
contig256|oracle|static|log_width|t1.0,all,4020,21.978771,16.28704,19.732779,31.344942,40.089739
contig256|oracle|static|p_unresolved_x|t1.0,all,4020,0.958821,0.962476,0.996094,0.999999,1.0
contig256|oracle|static|p_unresolved_q|t1.0,all,4020,0.980869,0.962171,0.995922,0.996407,0.999986
contig256|oracle|static|log_width|t0.7,all,4020,33.564928,25.063877,30.342065,47.391088,59.822624
contig256|oracle|static|p_unresolved_x|t0.7,all,4020,0.979766,0.989488,0.997801,1.0,1.0
contig256|oracle|static|p_unresolved_q|t0.7,all,4020,0.982525,0.993951,0.996094,0.997911,0.999999
contig1024|scalar|transport|tiles_skipped,all,4020,0.0,0.0,0.0,0.0,0.0
contig1024|scalar|transport|rows_skipped,all,4020,0.0,0.0,0.0,0.0,0.0
contig1024|scalar|transport|rows_skipped_taustar,all,4020,0.0,0.0,0.0,0.0,0.0
contig1024|scalar|transport|log_width|t1.0,all,4020,1260.507394,1159.184544,1257.170501,1369.656556,1537.28397
contig1024|scalar|transport|p_unresolved_x|t1.0,all,4020,1.0,1.0,1.0,1.0,1.0
contig1024|scalar|transport|p_unresolved_q|t1.0,all,4020,1.0,1.0,1.0,1.0,1.0
contig1024|scalar|transport|log_width|t0.7,all,4020,1802.462514,1657.543668,1797.464004,1958.736122,2197.441362
contig1024|scalar|transport|p_unresolved_x|t0.7,all,4020,1.0,1.0,1.0,1.0,1.0
contig1024|scalar|transport|p_unresolved_q|t0.7,all,4020,1.0,1.0,1.0,1.0,1.0
contig1024|scalar|transport|log_width_retain64|t1.0,all,4020,914.137886,840.34226,912.229591,992.26226,1110.120111
contig1024|scalar|transport|p_unresolved_x_retain64|t1.0,all,4020,0.583194,5.6e-05,1.0,1.0,1.0
contig1024|scalar|transport|rowlevel_rows_skipped,all,4020,0.0,0.0,0.0,0.0,0.0
contig1024|scalar|static|tiles_skipped,all,4020,0.0,0.0,0.0,0.0,0.0
contig1024|scalar|static|rows_skipped,all,4020,0.0,0.0,0.0,0.0,0.0
contig1024|scalar|static|rows_skipped_taustar,all,4020,0.0,0.0,0.0,0.0,0.0
contig1024|scalar|static|log_width|t1.0,all,4020,1355.59519,1242.25393,1359.475452,1467.255446,1523.374948
contig1024|scalar|static|p_unresolved_x|t1.0,all,4020,1.0,1.0,1.0,1.0,1.0
contig1024|scalar|static|p_unresolved_q|t1.0,all,4020,1.0,1.0,1.0,1.0,1.0
contig1024|scalar|static|log_width|t0.7,all,4020,1936.618653,1774.709762,1942.180753,2096.107721,2176.288265
contig1024|scalar|static|p_unresolved_x|t0.7,all,4020,1.0,1.0,1.0,1.0,1.0
contig1024|scalar|static|p_unresolved_q|t0.7,all,4020,1.0,1.0,1.0,1.0,1.0
contig1024|coord|transport|tiles_skipped,all,4020,0.0,0.0,0.0,0.0,0.0
contig1024|coord|transport|rows_skipped,all,4020,0.0,0.0,0.0,0.0,0.0
contig1024|coord|transport|rows_skipped_taustar,all,4020,0.0,0.0,0.0,0.0,0.0
contig1024|coord|transport|log_width|t1.0,all,4020,447.917491,412.655242,447.324426,484.508479,533.025011
contig1024|coord|transport|p_unresolved_x|t1.0,all,4020,1.0,1.0,1.0,1.0,1.0
contig1024|coord|transport|p_unresolved_q|t1.0,all,4020,1.0,1.0,1.0,1.0,1.0
contig1024|coord|transport|log_width|t0.7,all,4020,639.714987,589.254192,638.827095,692.252597,761.442598
contig1024|coord|transport|p_unresolved_x|t0.7,all,4020,1.0,1.0,1.0,1.0,1.0
contig1024|coord|transport|p_unresolved_q|t0.7,all,4020,1.0,1.0,1.0,1.0,1.0
contig1024|coord|transport|log_width_retain64|t1.0,all,4020,239.02552,219.289269,239.156501,258.740169,297.575417
contig1024|coord|transport|p_unresolved_x_retain64|t1.0,all,4020,0.583194,5.6e-05,1.0,1.0,1.0
contig1024|coord|transport|rowlevel_rows_skipped,all,4020,0.0,0.0,0.0,0.0,0.0
contig1024|coord|static|tiles_skipped,all,4020,0.0,0.0,0.0,0.0,0.0
contig1024|coord|static|rows_skipped,all,4020,0.0,0.0,0.0,0.0,0.0
contig1024|coord|static|rows_skipped_taustar,all,4020,0.0,0.0,0.0,0.0,0.0
contig1024|coord|static|log_width|t1.0,all,4020,479.102545,439.848855,481.334568,515.168314,533.399501
contig1024|coord|static|p_unresolved_x|t1.0,all,4020,1.0,1.0,1.0,1.0,1.0
contig1024|coord|static|p_unresolved_q|t1.0,all,4020,1.0,1.0,1.0,1.0,1.0
contig1024|coord|static|log_width|t0.7,all,4020,684.063868,628.026432,687.313501,735.530832,761.683934
contig1024|coord|static|p_unresolved_x|t0.7,all,4020,1.0,1.0,1.0,1.0,1.0
contig1024|coord|static|p_unresolved_q|t0.7,all,4020,1.0,1.0,1.0,1.0,1.0
contig1024|group32|transport|tiles_skipped,all,4020,0.0,0.0,0.0,0.0,0.0
contig1024|group32|transport|rows_skipped,all,4020,0.0,0.0,0.0,0.0,0.0
contig1024|group32|transport|rows_skipped_taustar,all,4020,0.0,0.0,0.0,0.0,0.0
contig1024|group32|transport|log_width|t1.0,all,4020,304.664597,287.794447,303.882646,322.901657,349.522573
contig1024|group32|transport|p_unresolved_x|t1.0,all,4020,1.0,1.0,1.0,1.0,1.0
contig1024|group32|transport|p_unresolved_q|t1.0,all,4020,1.0,1.0,1.0,1.0,1.0
contig1024|group32|transport|log_width|t0.7,all,4020,437.096334,413.177188,436.386696,462.890421,498.636701
contig1024|group32|transport|p_unresolved_x|t0.7,all,4020,1.0,1.0,1.0,1.0,1.0
contig1024|group32|transport|p_unresolved_q|t0.7,all,4020,1.0,1.0,1.0,1.0,1.0
contig1024|group32|transport|log_width_retain64|t1.0,all,4020,154.633632,141.714525,155.586777,165.945294,186.964945
contig1024|group32|transport|p_unresolved_x_retain64|t1.0,all,4020,0.583194,5.6e-05,1.0,1.0,1.0
contig1024|group32|transport|rowlevel_rows_skipped,all,4020,0.0,0.0,0.0,0.0,0.0
contig1024|group32|static|tiles_skipped,all,4020,0.0,0.0,0.0,0.0,0.0
contig1024|group32|static|rows_skipped,all,4020,0.0,0.0,0.0,0.0,0.0
contig1024|group32|static|rows_skipped_taustar,all,4020,0.0,0.0,0.0,0.0,0.0
contig1024|group32|static|log_width|t1.0,all,4020,326.942992,310.67582,328.750896,341.010665,347.653587
contig1024|group32|static|p_unresolved_x|t1.0,all,4020,1.0,1.0,1.0,1.0,1.0
contig1024|group32|static|p_unresolved_q|t1.0,all,4020,1.0,1.0,1.0,1.0,1.0
contig1024|group32|static|log_width|t0.7,all,4020,468.130754,444.964553,470.798969,488.049902,497.377945
contig1024|group32|static|p_unresolved_x|t0.7,all,4020,1.0,1.0,1.0,1.0,1.0
contig1024|group32|static|p_unresolved_q|t0.7,all,4020,1.0,1.0,1.0,1.0,1.0
contig1024|group128|transport|tiles_skipped,all,4020,0.0,0.0,0.0,0.0,0.0
contig1024|group128|transport|rows_skipped,all,4020,0.0,0.0,0.0,0.0,0.0
contig1024|group128|transport|rows_skipped_taustar,all,4020,0.0,0.0,0.0,0.0,0.0
contig1024|group128|transport|log_width|t1.0,all,4020,280.937893,266.383178,280.088248,297.484557,322.780514
contig1024|group128|transport|p_unresolved_x|t1.0,all,4020,1.0,1.0,1.0,1.0,1.0
contig1024|group128|transport|p_unresolved_q|t1.0,all,4020,1.0,1.0,1.0,1.0,1.0
contig1024|group128|transport|log_width|t0.7,all,4020,404.120767,383.065332,403.007604,428.111586,461.925333
contig1024|group128|transport|p_unresolved_x|t0.7,all,4020,1.0,1.0,1.0,1.0,1.0
contig1024|group128|transport|p_unresolved_q|t0.7,all,4020,1.0,1.0,1.0,1.0,1.0
contig1024|group128|transport|log_width_retain64|t1.0,all,4020,144.057868,130.949666,145.214784,154.87318,177.80113
contig1024|group128|transport|p_unresolved_x_retain64|t1.0,all,4020,0.583194,5.6e-05,1.0,1.0,1.0
contig1024|group128|transport|rowlevel_rows_skipped,all,4020,0.0,0.0,0.0,0.0,0.0
contig1024|group128|static|tiles_skipped,all,4020,0.0,0.0,0.0,0.0,0.0
contig1024|group128|static|rows_skipped,all,4020,0.0,0.0,0.0,0.0,0.0
contig1024|group128|static|rows_skipped_taustar,all,4020,0.0,0.0,0.0,0.0,0.0
contig1024|group128|static|log_width|t1.0,all,4020,301.594149,286.404609,304.485592,312.82639,321.277674
contig1024|group128|static|p_unresolved_x|t1.0,all,4020,1.0,1.0,1.0,1.0,1.0
contig1024|group128|static|p_unresolved_q|t1.0,all,4020,1.0,1.0,1.0,1.0,1.0
contig1024|group128|static|log_width|t0.7,all,4020,432.179355,410.462858,436.294959,448.13904,460.018737
contig1024|group128|static|p_unresolved_x|t0.7,all,4020,1.0,1.0,1.0,1.0,1.0
contig1024|group128|static|p_unresolved_q|t0.7,all,4020,1.0,1.0,1.0,1.0,1.0
contig1024|lowrank_w64|transport|tiles_skipped,all,4020,0.0,0.0,0.0,0.0,0.0
contig1024|lowrank_w64|transport|rows_skipped,all,4020,0.0,0.0,0.0,0.0,0.0
contig1024|lowrank_w64|transport|rows_skipped_taustar,all,4020,0.0,0.0,0.0,0.0,0.0
contig1024|lowrank_w64|transport|log_width|t1.0,all,4020,262.753951,249.717737,261.786163,278.282742,318.608391
contig1024|lowrank_w64|transport|p_unresolved_x|t1.0,all,4020,1.0,1.0,1.0,1.0,1.0
contig1024|lowrank_w64|transport|p_unresolved_q|t1.0,all,4020,1.0,1.0,1.0,1.0,1.0
contig1024|lowrank_w64|transport|log_width|t0.7,all,4020,375.074939,356.226764,373.622382,397.321616,455.800046
contig1024|lowrank_w64|transport|p_unresolved_x|t0.7,all,4020,1.0,1.0,1.0,1.0,1.0
contig1024|lowrank_w64|transport|p_unresolved_q|t0.7,all,4020,1.0,1.0,1.0,1.0,1.0
contig1024|lowrank_w64|transport|log_width_retain64|t1.0,all,4020,131.399833,117.774629,132.561782,141.639957,167.018468
contig1024|lowrank_w64|transport|p_unresolved_x_retain64|t1.0,all,4020,0.583194,5.6e-05,1.0,1.0,1.0
contig1024|lowrank_w64|transport|rowlevel_rows_skipped,all,4020,0.0,0.0,0.0,0.0,0.0
contig1024|lowrank_w64|static|tiles_skipped,all,4020,0.0,0.0,0.0,0.0,0.0
contig1024|lowrank_w64|static|rows_skipped,all,4020,0.0,0.0,0.0,0.0,0.0
contig1024|lowrank_w64|static|rows_skipped_taustar,all,4020,0.0,0.0,0.0,0.0,0.0
contig1024|lowrank_w64|static|log_width|t1.0,all,4020,290.2551,276.787621,292.434165,300.688628,319.640562
contig1024|lowrank_w64|static|p_unresolved_x|t1.0,all,4020,1.0,1.0,1.0,1.0,1.0
contig1024|lowrank_w64|static|p_unresolved_q|t1.0,all,4020,1.0,1.0,1.0,1.0,1.0
contig1024|lowrank_w64|static|log_width|t0.7,all,4020,415.151863,396.060981,418.307481,429.988575,457.278582
contig1024|lowrank_w64|static|p_unresolved_x|t0.7,all,4020,1.0,1.0,1.0,1.0,1.0
contig1024|lowrank_w64|static|p_unresolved_q|t0.7,all,4020,1.0,1.0,1.0,1.0,1.0
contig1024|lowrank_d64|transport|tiles_skipped,all,4020,0.0,0.0,0.0,0.0,0.0
contig1024|lowrank_d64|transport|rows_skipped,all,4020,0.0,0.0,0.0,0.0,0.0
contig1024|lowrank_d64|transport|rows_skipped_taustar,all,4020,0.0,0.0,0.0,0.0,0.0
contig1024|lowrank_d64|transport|log_width|t1.0,all,4020,256.598297,216.235076,260.269212,290.200059,326.425484
contig1024|lowrank_d64|transport|p_unresolved_x|t1.0,all,4020,1.0,1.0,1.0,1.0,1.0
contig1024|lowrank_d64|transport|p_unresolved_q|t1.0,all,4020,1.0,1.0,1.0,1.0,1.0
contig1024|lowrank_d64|transport|log_width|t0.7,all,4020,369.352139,311.524449,374.71519,417.403078,470.009296
contig1024|lowrank_d64|transport|p_unresolved_x|t0.7,all,4020,1.0,1.0,1.0,1.0,1.0
contig1024|lowrank_d64|transport|p_unresolved_q|t0.7,all,4020,1.0,1.0,1.0,1.0,1.0
contig1024|lowrank_d64|transport|log_width_retain64|t1.0,all,4020,138.162862,118.345608,139.082947,156.291289,181.860113
contig1024|lowrank_d64|transport|p_unresolved_x_retain64|t1.0,all,4020,0.583194,5.6e-05,1.0,1.0,1.0
contig1024|lowrank_d64|transport|rowlevel_rows_skipped,all,4020,0.0,0.0,0.0,0.0,0.0
contig1024|lowrank_d64|static|tiles_skipped,all,4020,0.0,0.0,0.0,0.0,0.0
contig1024|lowrank_d64|static|rows_skipped,all,4020,0.0,0.0,0.0,0.0,0.0
contig1024|lowrank_d64|static|rows_skipped_taustar,all,4020,0.0,0.0,0.0,0.0,0.0
contig1024|lowrank_d64|static|log_width|t1.0,all,4020,276.323324,235.781174,280.237762,309.697845,318.543972
contig1024|lowrank_d64|static|p_unresolved_x|t1.0,all,4020,1.0,1.0,1.0,1.0,1.0
contig1024|lowrank_d64|static|p_unresolved_q|t1.0,all,4020,1.0,1.0,1.0,1.0,1.0
contig1024|lowrank_d64|static|log_width|t0.7,all,4020,395.818037,337.913048,401.374338,443.427042,456.246247
contig1024|lowrank_d64|static|p_unresolved_x|t0.7,all,4020,1.0,1.0,1.0,1.0,1.0
contig1024|lowrank_d64|static|p_unresolved_q|t0.7,all,4020,1.0,1.0,1.0,1.0,1.0
contig1024|lowrank_d256|transport|tiles_skipped,all,4020,0.0,0.0,0.0,0.0,0.0
contig1024|lowrank_d256|transport|rows_skipped,all,4020,0.0,0.0,0.0,0.0,0.0
contig1024|lowrank_d256|transport|rows_skipped_taustar,all,4020,0.0,0.0,0.0,0.0,0.0
contig1024|lowrank_d256|transport|log_width|t1.0,all,4020,283.456545,237.72905,287.709242,321.206609,359.121077
contig1024|lowrank_d256|transport|p_unresolved_x|t1.0,all,4020,1.0,1.0,1.0,1.0,1.0
contig1024|lowrank_d256|transport|p_unresolved_q|t1.0,all,4020,1.0,1.0,1.0,1.0,1.0
contig1024|lowrank_d256|transport|log_width|t0.7,all,4020,407.719412,342.234824,414.061867,461.73039,515.165095
contig1024|lowrank_d256|transport|p_unresolved_x|t0.7,all,4020,1.0,1.0,1.0,1.0,1.0
contig1024|lowrank_d256|transport|p_unresolved_q|t0.7,all,4020,1.0,1.0,1.0,1.0,1.0
contig1024|lowrank_d256|transport|log_width_retain64|t1.0,all,4020,152.281207,130.418144,153.46711,171.731905,202.808506
contig1024|lowrank_d256|transport|p_unresolved_x_retain64|t1.0,all,4020,0.583194,5.6e-05,1.0,1.0,1.0
contig1024|lowrank_d256|transport|rowlevel_rows_skipped,all,4020,0.0,0.0,0.0,0.0,0.0
contig1024|lowrank_d256|static|tiles_skipped,all,4020,0.0,0.0,0.0,0.0,0.0
contig1024|lowrank_d256|static|rows_skipped,all,4020,0.0,0.0,0.0,0.0,0.0
contig1024|lowrank_d256|static|rows_skipped_taustar,all,4020,0.0,0.0,0.0,0.0,0.0
contig1024|lowrank_d256|static|log_width|t1.0,all,4020,306.095008,260.357301,310.66094,343.973038,355.087558
contig1024|lowrank_d256|static|p_unresolved_x|t1.0,all,4020,1.0,1.0,1.0,1.0,1.0
contig1024|lowrank_d256|static|p_unresolved_q|t1.0,all,4020,1.0,1.0,1.0,1.0,1.0
contig1024|lowrank_d256|static|log_width|t0.7,all,4020,438.399281,373.045958,444.901957,492.453384,508.399932
contig1024|lowrank_d256|static|p_unresolved_x|t0.7,all,4020,1.0,1.0,1.0,1.0,1.0
contig1024|lowrank_d256|static|p_unresolved_q|t0.7,all,4020,1.0,1.0,1.0,1.0,1.0
contig1024|best|transport|tiles_skipped,all,4020,0.0,0.0,0.0,0.0,0.0
contig1024|best|transport|rows_skipped,all,4020,0.0,0.0,0.0,0.0,0.0
contig1024|best|transport|rows_skipped_taustar,all,4020,0.0,0.0,0.0,0.0,0.0
contig1024|best|transport|log_width|t1.0,all,4020,242.219816,215.361209,244.448972,265.634248,291.590693
contig1024|best|transport|p_unresolved_x|t1.0,all,4020,1.0,1.0,1.0,1.0,1.0
contig1024|best|transport|p_unresolved_q|t1.0,all,4020,1.0,1.0,1.0,1.0,1.0
contig1024|best|transport|log_width|t0.7,all,4020,348.568959,310.223522,351.739848,381.703235,418.566294
contig1024|best|transport|p_unresolved_x|t0.7,all,4020,1.0,1.0,1.0,1.0,1.0
contig1024|best|transport|p_unresolved_q|t0.7,all,4020,1.0,1.0,1.0,1.0,1.0
contig1024|best|transport|log_width_retain64|t1.0,all,4020,124.529986,111.603848,125.157787,135.922039,159.600388
contig1024|best|transport|p_unresolved_x_retain64|t1.0,all,4020,0.583194,5.6e-05,1.0,1.0,1.0
contig1024|best|transport|rowlevel_rows_skipped,all,4020,0.0,0.0,0.0,0.0,0.0
contig1024|best|static|tiles_skipped,all,4020,0.0,0.0,0.0,0.0,0.0
contig1024|best|static|rows_skipped,all,4020,0.0,0.0,0.0,0.0,0.0
contig1024|best|static|rows_skipped_taustar,all,4020,0.0,0.0,0.0,0.0,0.0
contig1024|best|static|log_width|t1.0,all,4020,263.538606,233.972462,267.66518,285.623699,294.136991
contig1024|best|static|p_unresolved_x|t1.0,all,4020,1.0,1.0,1.0,1.0,1.0
contig1024|best|static|p_unresolved_q|t1.0,all,4020,1.0,1.0,1.0,1.0,1.0
contig1024|best|static|log_width|t0.7,all,4020,377.399076,335.430757,383.339682,408.795081,421.201846
contig1024|best|static|p_unresolved_x|t0.7,all,4020,1.0,1.0,1.0,1.0,1.0
contig1024|best|static|p_unresolved_q|t0.7,all,4020,1.0,1.0,1.0,1.0,1.0
contig1024|oracle|transport|tiles_skipped,all,4020,0.768371,0.053498,0.979424,0.995885,0.0
contig1024|oracle|transport|rows_skipped,all,4020,0.768595,0.053608,0.979381,0.995876,0.0
contig1024|oracle|transport|rows_skipped_taustar,all,4020,0.984406,0.960825,0.991753,0.995876,0.715464
contig1024|oracle|transport|log_width|t1.0,all,4020,18.294139,14.332922,17.17383,24.129539,39.243731
contig1024|oracle|transport|p_unresolved_x|t1.0,all,4020,0.675344,0.0,0.96611,0.999997,1.0
contig1024|oracle|transport|p_unresolved_q|t1.0,all,4020,0.778709,0.09255,0.954466,0.99613,0.999991
contig1024|oracle|transport|log_width|t0.7,all,4020,27.615349,21.15932,26.179522,36.515931,59.819312
contig1024|oracle|transport|p_unresolved_x|t0.7,all,4020,0.709422,0.0,0.995475,1.0,1.0
contig1024|oracle|transport|p_unresolved_q|t0.7,all,4020,0.752732,0.014606,0.955071,0.999154,1.0
contig1024|oracle|transport|log_width_retain64|t1.0,all,4020,2.586,0.000374,2.093413,5.887997,19.410837
contig1024|oracle|transport|p_unresolved_x_retain64|t1.0,all,4020,0.185871,0.0,0.001187,0.839492,1.0
contig1024|oracle|transport|rowlevel_rows_skipped,all,4020,0.899643,0.656385,0.999883,0.999996,0.0
contig1024|oracle|static|tiles_skipped,all,4020,0.861191,0.432099,0.99177,0.995885,0.0
contig1024|oracle|static|rows_skipped,all,4020,0.861337,0.43299,0.991753,0.995876,0.0
contig1024|oracle|static|rows_skipped_taustar,all,4020,0.995893,0.995876,0.995876,0.995876,0.991753
contig1024|oracle|static|log_width|t1.0,all,4020,24.372984,18.449752,22.124222,33.932407,42.815193
contig1024|oracle|static|p_unresolved_x|t1.0,all,4020,0.976633,0.991514,0.999023,1.0,1.0
contig1024|oracle|static|p_unresolved_q|t1.0,all,4020,0.988984,0.989035,0.998873,0.999023,0.999993
contig1024|oracle|static|log_width|t0.7,all,4020,36.512153,27.793451,33.250259,50.417309,63.230671
contig1024|oracle|static|p_unresolved_x|t0.7,all,4020,0.98795,0.997434,0.99949,1.0,1.0
contig1024|oracle|static|p_unresolved_q|t0.7,all,4020,0.990106,0.998286,0.999022,0.999239,1.0
random256|scalar|transport|tiles_skipped,all,4020,0.0,0.0,0.0,0.0,0.0
random256|scalar|transport|rows_skipped,all,4020,0.0,0.0,0.0,0.0,0.0
random256|scalar|transport|rows_skipped_taustar,all,4020,0.0,0.0,0.0,0.0,0.0
random256|scalar|transport|log_width|t1.0,all,4020,924.488865,850.467696,921.900228,1003.457153,1130.680826
random256|scalar|transport|p_unresolved_x|t1.0,all,4020,1.0,1.0,1.0,1.0,1.0
random256|scalar|transport|p_unresolved_q|t1.0,all,4020,1.0,1.0,1.0,1.0,1.0
random256|scalar|transport|log_width|t0.7,all,4020,1320.838432,1215.056069,1317.018344,1433.900205,1615.935205
random256|scalar|transport|p_unresolved_x|t0.7,all,4020,1.0,1.0,1.0,1.0,1.0
random256|scalar|transport|p_unresolved_q|t0.7,all,4020,1.0,1.0,1.0,1.0,1.0
random256|scalar|transport|log_width_retain64|t1.0,all,4020,598.002061,549.878784,597.46141,648.76492,732.541042
random256|scalar|transport|p_unresolved_x_retain64|t1.0,all,4020,0.583194,5.6e-05,1.0,1.0,1.0
random256|scalar|transport|rowlevel_rows_skipped,all,4020,0.0,0.0,0.0,0.0,0.0
random256|scalar|static|tiles_skipped,all,4020,0.0,0.0,0.0,0.0,0.0
random256|scalar|static|rows_skipped,all,4020,0.0,0.0,0.0,0.0,0.0
random256|scalar|static|rows_skipped_taustar,all,4020,0.0,0.0,0.0,0.0,0.0
random256|scalar|static|log_width|t1.0,all,4020,997.910945,914.310488,1000.911539,1079.96177,1122.698378
random256|scalar|static|p_unresolved_x|t1.0,all,4020,1.0,1.0,1.0,1.0,1.0
random256|scalar|static|p_unresolved_q|t1.0,all,4020,1.0,1.0,1.0,1.0,1.0
random256|scalar|static|log_width|t0.7,all,4020,1425.587109,1306.157957,1429.873641,1542.802547,1603.854834
random256|scalar|static|p_unresolved_x|t0.7,all,4020,1.0,1.0,1.0,1.0,1.0
random256|scalar|static|p_unresolved_q|t0.7,all,4020,1.0,1.0,1.0,1.0,1.0
random256|coord|transport|tiles_skipped,all,4020,0.0,0.0,0.0,0.0,0.0
random256|coord|transport|rows_skipped,all,4020,0.0,0.0,0.0,0.0,0.0
random256|coord|transport|rows_skipped_taustar,all,4020,0.0,0.0,0.0,0.0,0.0
random256|coord|transport|log_width|t1.0,all,4020,395.968716,365.899655,395.266765,427.392382,476.352111
random256|coord|transport|p_unresolved_x|t1.0,all,4020,1.0,1.0,1.0,1.0,1.0
random256|coord|transport|p_unresolved_q|t1.0,all,4020,1.0,1.0,1.0,1.0,1.0
random256|coord|transport|log_width|t0.7,all,4020,566.635469,523.721681,565.641078,611.406005,681.075357
random256|coord|transport|p_unresolved_x|t0.7,all,4020,1.0,1.0,1.0,1.0,1.0
random256|coord|transport|p_unresolved_q|t0.7,all,4020,1.0,1.0,1.0,1.0,1.0
random256|coord|transport|log_width_retain64|t1.0,all,4020,189.581898,173.940574,190.07171,204.45386,237.279437
random256|coord|transport|p_unresolved_x_retain64|t1.0,all,4020,0.583194,5.6e-05,1.0,1.0,1.0
random256|coord|transport|rowlevel_rows_skipped,all,4020,0.0,0.0,0.0,0.0,0.0
random256|coord|static|tiles_skipped,all,4020,0.0,0.0,0.0,0.0,0.0
random256|coord|static|rows_skipped,all,4020,0.0,0.0,0.0,0.0,0.0
random256|coord|static|rows_skipped_taustar,all,4020,0.0,0.0,0.0,0.0,0.0
random256|coord|static|log_width|t1.0,all,4020,426.155834,392.26478,428.352066,457.462444,472.071914
random256|coord|static|p_unresolved_x|t1.0,all,4020,1.0,1.0,1.0,1.0,1.0
random256|coord|static|p_unresolved_q|t1.0,all,4020,1.0,1.0,1.0,1.0,1.0
random256|coord|static|log_width|t0.7,all,4020,609.576726,561.498822,612.665722,653.957068,675.129452
random256|coord|static|p_unresolved_x|t0.7,all,4020,1.0,1.0,1.0,1.0,1.0
random256|coord|static|p_unresolved_q|t0.7,all,4020,1.0,1.0,1.0,1.0,1.0
random256|group32|transport|tiles_skipped,all,4020,0.0,0.0,0.0,0.0,0.0
random256|group32|transport|rows_skipped,all,4020,0.0,0.0,0.0,0.0,0.0
random256|group32|transport|rows_skipped_taustar,all,4020,0.0,0.0,0.0,0.0,0.0
random256|group32|transport|log_width|t1.0,all,4020,294.766083,278.421823,294.379651,312.332409,345.952178
random256|group32|transport|p_unresolved_x|t1.0,all,4020,1.0,1.0,1.0,1.0,1.0
random256|group32|transport|p_unresolved_q|t1.0,all,4020,1.0,1.0,1.0,1.0,1.0
random256|group32|transport|log_width|t0.7,all,4020,422.880946,399.302378,422.56883,448.241696,497.142764
random256|group32|transport|p_unresolved_x|t0.7,all,4020,1.0,1.0,1.0,1.0,1.0
random256|group32|transport|p_unresolved_q|t0.7,all,4020,1.0,1.0,1.0,1.0,1.0
random256|group32|transport|log_width_retain64|t1.0,all,4020,149.881338,136.761445,151.031702,160.727089,180.527879
random256|group32|transport|p_unresolved_x_retain64|t1.0,all,4020,0.583194,5.6e-05,1.0,1.0,1.0
random256|group32|transport|rowlevel_rows_skipped,all,4020,0.0,0.0,0.0,0.0,0.0
random256|group32|static|tiles_skipped,all,4020,0.0,0.0,0.0,0.0,0.0
random256|group32|static|rows_skipped,all,4020,0.0,0.0,0.0,0.0,0.0
random256|group32|static|rows_skipped_taustar,all,4020,0.0,0.0,0.0,0.0,0.0
random256|group32|static|log_width|t1.0,all,4020,319.567321,304.763572,321.430198,332.539904,339.390204
random256|group32|static|p_unresolved_x|t1.0,all,4020,1.0,1.0,1.0,1.0,1.0
random256|group32|static|p_unresolved_q|t1.0,all,4020,1.0,1.0,1.0,1.0,1.0
random256|group32|static|log_width|t0.7,all,4020,458.542676,437.33768,461.22107,477.071739,486.918915
random256|group32|static|p_unresolved_x|t0.7,all,4020,1.0,1.0,1.0,1.0,1.0
random256|group32|static|p_unresolved_q|t0.7,all,4020,1.0,1.0,1.0,1.0,1.0
random256|group128|transport|tiles_skipped,all,4020,0.0,0.0,0.0,0.0,0.0
random256|group128|transport|rows_skipped,all,4020,0.0,0.0,0.0,0.0,0.0
random256|group128|transport|rows_skipped_taustar,all,4020,0.0,0.0,0.0,0.0,0.0
random256|group128|transport|log_width|t1.0,all,4020,286.784567,271.516428,286.262694,304.266269,333.60955
random256|group128|transport|p_unresolved_x|t1.0,all,4020,1.0,1.0,1.0,1.0,1.0
random256|group128|transport|p_unresolved_q|t1.0,all,4020,1.0,1.0,1.0,1.0,1.0
random256|group128|transport|log_width|t0.7,all,4020,411.560563,389.040491,411.027521,436.766712,479.543528
random256|group128|transport|p_unresolved_x|t0.7,all,4020,1.0,1.0,1.0,1.0,1.0
random256|group128|transport|p_unresolved_q|t0.7,all,4020,1.0,1.0,1.0,1.0,1.0
random256|group128|transport|log_width_retain64|t1.0,all,4020,152.118811,138.202614,153.316697,163.318557,187.632051
random256|group128|transport|p_unresolved_x_retain64|t1.0,all,4020,0.583194,5.6e-05,1.0,1.0,1.0
random256|group128|transport|rowlevel_rows_skipped,all,4020,0.0,0.0,0.0,0.0,0.0
random256|group128|static|tiles_skipped,all,4020,0.0,0.0,0.0,0.0,0.0
random256|group128|static|rows_skipped,all,4020,0.0,0.0,0.0,0.0,0.0
random256|group128|static|rows_skipped_taustar,all,4020,0.0,0.0,0.0,0.0,0.0
random256|group128|static|log_width|t1.0,all,4020,311.086538,296.018383,314.109969,322.568026,334.023865
random256|group128|static|p_unresolved_x|t1.0,all,4020,1.0,1.0,1.0,1.0,1.0
random256|group128|static|p_unresolved_q|t1.0,all,4020,1.0,1.0,1.0,1.0,1.0
random256|group128|static|log_width|t0.7,all,4020,446.148523,424.595671,450.425916,462.53617,478.638985
random256|group128|static|p_unresolved_x|t0.7,all,4020,1.0,1.0,1.0,1.0,1.0
random256|group128|static|p_unresolved_q|t0.7,all,4020,1.0,1.0,1.0,1.0,1.0
random256|lowrank_w64|transport|tiles_skipped,all,4020,0.0,0.0,0.0,0.0,0.0
random256|lowrank_w64|transport|rows_skipped,all,4020,0.0,0.0,0.0,0.0,0.0
random256|lowrank_w64|transport|rows_skipped_taustar,all,4020,0.0,0.0,0.0,0.0,0.0
random256|lowrank_w64|transport|log_width|t1.0,all,4020,258.44739,243.772672,258.129946,274.22763,314.882582
random256|lowrank_w64|transport|p_unresolved_x|t1.0,all,4020,1.0,1.0,1.0,1.0,1.0
random256|lowrank_w64|transport|p_unresolved_q|t1.0,all,4020,1.0,1.0,1.0,1.0,1.0
random256|lowrank_w64|transport|log_width|t0.7,all,4020,369.008755,347.645864,368.758241,391.903727,451.611763
random256|lowrank_w64|transport|p_unresolved_x|t0.7,all,4020,1.0,1.0,1.0,1.0,1.0
random256|lowrank_w64|transport|p_unresolved_q|t0.7,all,4020,1.0,1.0,1.0,1.0,1.0
random256|lowrank_w64|transport|log_width_retain64|t1.0,all,4020,127.829587,114.350798,129.0022,138.314191,166.514096
random256|lowrank_w64|transport|p_unresolved_x_retain64|t1.0,all,4020,0.583194,5.6e-05,1.0,1.0,1.0
random256|lowrank_w64|transport|rowlevel_rows_skipped,all,4020,0.0,0.0,0.0,0.0,0.0
random256|lowrank_w64|static|tiles_skipped,all,4020,0.0,0.0,0.0,0.0,0.0
random256|lowrank_w64|static|rows_skipped,all,4020,0.0,0.0,0.0,0.0,0.0
random256|lowrank_w64|static|rows_skipped_taustar,all,4020,0.0,0.0,0.0,0.0,0.0
random256|lowrank_w64|static|log_width|t1.0,all,4020,288.099146,273.651154,290.779662,298.687165,319.531785
random256|lowrank_w64|static|p_unresolved_x|t1.0,all,4020,1.0,1.0,1.0,1.0,1.0
random256|lowrank_w64|static|p_unresolved_q|t1.0,all,4020,1.0,1.0,1.0,1.0,1.0
random256|lowrank_w64|static|log_width|t0.7,all,4020,412.88745,392.184594,416.670459,427.952355,457.437168
random256|lowrank_w64|static|p_unresolved_x|t0.7,all,4020,1.0,1.0,1.0,1.0,1.0
random256|lowrank_w64|static|p_unresolved_q|t0.7,all,4020,1.0,1.0,1.0,1.0,1.0
random256|lowrank_d64|transport|tiles_skipped,all,4020,0.0,0.0,0.0,0.0,0.0
random256|lowrank_d64|transport|rows_skipped,all,4020,0.0,0.0,0.0,0.0,0.0
random256|lowrank_d64|transport|rows_skipped_taustar,all,4020,0.0,0.0,0.0,0.0,0.0
random256|lowrank_d64|transport|log_width|t1.0,all,4020,256.111386,212.983281,258.784226,293.215558,327.647039
random256|lowrank_d64|transport|p_unresolved_x|t1.0,all,4020,1.0,1.0,1.0,1.0,1.0
random256|lowrank_d64|transport|p_unresolved_q|t1.0,all,4020,1.0,1.0,1.0,1.0,1.0
random256|lowrank_d64|transport|log_width|t0.7,all,4020,367.672024,306.703511,371.398268,420.709789,470.097215
random256|lowrank_d64|transport|p_unresolved_x|t0.7,all,4020,1.0,1.0,1.0,1.0,1.0
random256|lowrank_d64|transport|p_unresolved_q|t0.7,all,4020,1.0,1.0,1.0,1.0,1.0
random256|lowrank_d64|transport|log_width_retain64|t1.0,all,4020,135.355513,112.692007,135.893254,157.088364,187.115993
random256|lowrank_d64|transport|p_unresolved_x_retain64|t1.0,all,4020,0.583194,5.6e-05,1.0,1.0,1.0
random256|lowrank_d64|transport|rowlevel_rows_skipped,all,4020,0.0,0.0,0.0,0.0,0.0
random256|lowrank_d64|static|tiles_skipped,all,4020,0.0,0.0,0.0,0.0,0.0
random256|lowrank_d64|static|rows_skipped,all,4020,0.0,0.0,0.0,0.0,0.0
random256|lowrank_d64|static|rows_skipped_taustar,all,4020,0.0,0.0,0.0,0.0,0.0
random256|lowrank_d64|static|log_width|t1.0,all,4020,278.682288,234.504687,282.197983,317.306243,328.559962
random256|lowrank_d64|static|p_unresolved_x|t1.0,all,4020,1.0,1.0,1.0,1.0,1.0
random256|lowrank_d64|static|p_unresolved_q|t1.0,all,4020,1.0,1.0,1.0,1.0,1.0
random256|lowrank_d64|static|log_width|t0.7,all,4020,399.803458,336.779675,404.842316,454.787958,470.858973
random256|lowrank_d64|static|p_unresolved_x|t0.7,all,4020,1.0,1.0,1.0,1.0,1.0
random256|lowrank_d64|static|p_unresolved_q|t0.7,all,4020,1.0,1.0,1.0,1.0,1.0
random256|lowrank_d256|transport|tiles_skipped,all,4020,0.0,0.0,0.0,0.0,0.0
random256|lowrank_d256|transport|rows_skipped,all,4020,0.0,0.0,0.0,0.0,0.0
random256|lowrank_d256|transport|rows_skipped_taustar,all,4020,0.0,0.0,0.0,0.0,0.0
random256|lowrank_d256|transport|log_width|t1.0,all,4020,267.171128,221.24873,269.913033,307.045758,340.76259
random256|lowrank_d256|transport|p_unresolved_x|t1.0,all,4020,1.0,1.0,1.0,1.0,1.0
random256|lowrank_d256|transport|p_unresolved_q|t1.0,all,4020,1.0,1.0,1.0,1.0,1.0
random256|lowrank_d256|transport|log_width|t0.7,all,4020,383.431149,318.119606,387.530648,439.975964,488.814072
random256|lowrank_d256|transport|p_unresolved_x|t0.7,all,4020,1.0,1.0,1.0,1.0,1.0
random256|lowrank_d256|transport|p_unresolved_q|t0.7,all,4020,1.0,1.0,1.0,1.0,1.0
random256|lowrank_d256|transport|log_width_retain64|t1.0,all,4020,136.558377,112.659739,137.136078,159.200367,189.727004
random256|lowrank_d256|transport|p_unresolved_x_retain64|t1.0,all,4020,0.583194,5.6e-05,1.0,1.0,1.0
random256|lowrank_d256|transport|rowlevel_rows_skipped,all,4020,0.0,0.0,0.0,0.0,0.0
random256|lowrank_d256|static|tiles_skipped,all,4020,0.0,0.0,0.0,0.0,0.0
random256|lowrank_d256|static|rows_skipped,all,4020,0.0,0.0,0.0,0.0,0.0
random256|lowrank_d256|static|rows_skipped_taustar,all,4020,0.0,0.0,0.0,0.0,0.0
random256|lowrank_d256|static|log_width|t1.0,all,4020,290.434574,242.891347,293.622146,332.892641,345.755105
random256|lowrank_d256|static|p_unresolved_x|t1.0,all,4020,1.0,1.0,1.0,1.0,1.0
random256|lowrank_d256|static|p_unresolved_q|t1.0,all,4020,1.0,1.0,1.0,1.0,1.0
random256|lowrank_d256|static|log_width|t0.7,all,4020,416.520421,348.908811,421.024086,476.901277,495.394241
random256|lowrank_d256|static|p_unresolved_x|t0.7,all,4020,1.0,1.0,1.0,1.0,1.0
random256|lowrank_d256|static|p_unresolved_q|t0.7,all,4020,1.0,1.0,1.0,1.0,1.0
random256|best|transport|tiles_skipped,all,4020,0.0,0.0,0.0,0.0,0.0
random256|best|transport|rows_skipped,all,4020,0.0,0.0,0.0,0.0,0.0
random256|best|transport|rows_skipped_taustar,all,4020,0.0,0.0,0.0,0.0,0.0
random256|best|transport|log_width|t1.0,all,4020,236.522102,210.447265,238.223484,261.411432,287.798525
random256|best|transport|p_unresolved_x|t1.0,all,4020,1.0,1.0,1.0,1.0,1.0
random256|best|transport|p_unresolved_q|t1.0,all,4020,1.0,1.0,1.0,1.0,1.0
random256|best|transport|log_width|t0.7,all,4020,338.952694,302.738096,340.919112,374.030045,412.953201
random256|best|transport|p_unresolved_x|t0.7,all,4020,1.0,1.0,1.0,1.0,1.0
random256|best|transport|p_unresolved_q|t0.7,all,4020,1.0,1.0,1.0,1.0,1.0
random256|best|transport|log_width_retain64|t1.0,all,4020,117.636033,104.84546,117.652929,130.020991,154.021207
random256|best|transport|p_unresolved_x_retain64|t1.0,all,4020,0.583194,5.6e-05,1.0,1.0,1.0
random256|best|transport|rowlevel_rows_skipped,all,4020,0.0,0.0,0.0,0.0,0.0
random256|best|static|tiles_skipped,all,4020,0.0,0.0,0.0,0.0,0.0
random256|best|static|rows_skipped,all,4020,0.0,0.0,0.0,0.0,0.0
random256|best|static|rows_skipped_taustar,all,4020,0.0,0.0,0.0,0.0,0.0
random256|best|static|log_width|t1.0,all,4020,260.662601,232.157854,263.6244,284.359169,293.094939
random256|best|static|p_unresolved_x|t1.0,all,4020,1.0,1.0,1.0,1.0,1.0
random256|best|static|p_unresolved_q|t1.0,all,4020,1.0,1.0,1.0,1.0,1.0
random256|best|static|log_width|t0.7,all,4020,373.929265,333.475974,378.157578,407.585903,420.130014
random256|best|static|p_unresolved_x|t0.7,all,4020,1.0,1.0,1.0,1.0,1.0
random256|best|static|p_unresolved_q|t0.7,all,4020,1.0,1.0,1.0,1.0,1.0
random256|oracle|transport|tiles_skipped,all,4020,0.75983,0.005155,0.992784,0.998969,0.0
random256|oracle|transport|rows_skipped,all,4020,0.75983,0.005155,0.992784,0.998969,0.0
random256|oracle|transport|rows_skipped_taustar,all,4020,0.994545,0.986598,0.998969,0.998969,0.585567
random256|oracle|transport|log_width|t1.0,all,4020,15.397412,11.894197,14.063746,21.362292,31.469297
random256|oracle|transport|p_unresolved_x|t1.0,all,4020,0.557191,0.0,0.784838,0.99997,1.0
random256|oracle|transport|p_unresolved_q|t1.0,all,4020,0.702461,0.031631,0.890157,0.983793,0.999998
random256|oracle|transport|log_width|t0.7,all,4020,22.690431,17.04541,20.786826,31.764122,45.790927
random256|oracle|transport|p_unresolved_x|t0.7,all,4020,0.587306,0.0,0.912697,1.0,1.0
random256|oracle|transport|p_unresolved_q|t0.7,all,4020,0.649965,0.003662,0.831478,0.993538,1.0
random256|oracle|transport|log_width_retain64|t1.0,all,4020,1.753678,3.1e-05,0.995027,4.475085,19.213859
random256|oracle|transport|p_unresolved_x_retain64|t1.0,all,4020,0.131272,0.0,0.000106,0.609686,0.999999
random256|oracle|transport|rowlevel_rows_skipped,all,4020,0.917531,0.783431,0.999968,0.999996,0.0
random256|oracle|static|tiles_skipped,all,4020,0.873036,0.445361,0.997938,0.998969,0.0
random256|oracle|static|rows_skipped,all,4020,0.873036,0.445361,0.997938,0.998969,0.0
random256|oracle|static|rows_skipped_taustar,all,4020,0.998969,0.998969,0.998969,0.998969,0.998969
random256|oracle|static|log_width|t1.0,all,4020,22.797508,17.123931,20.658631,31.915476,41.270329
random256|oracle|static|p_unresolved_x|t1.0,all,4020,0.966101,0.971322,0.996094,1.0,1.0
random256|oracle|static|p_unresolved_q|t1.0,all,4020,0.98475,0.97796,0.996094,0.996843,0.999986
random256|oracle|static|log_width|t0.7,all,4020,34.631741,26.130149,31.566414,48.175747,61.134569
random256|oracle|static|p_unresolved_x|t0.7,all,4020,0.983085,0.99065,0.998194,1.0,1.0
random256|oracle|static|p_unresolved_q|t0.7,all,4020,0.985909,0.996083,0.996094,0.998128,0.999999
kmeans64|scalar|transport|tiles_skipped,all,4020,0.335254,0.338402,0.33866,0.33866,0.0
kmeans64|scalar|transport|rows_skipped,all,4020,0.005238,0.005288,0.005292,0.005292,0.0
kmeans64|scalar|transport|rows_skipped_taustar,all,4020,0.005292,0.005292,0.005292,0.005292,0.005288
kmeans64|scalar|transport|log_width|t1.0,all,4020,822.810404,757.232562,820.422521,893.199709,1004.25764
kmeans64|scalar|transport|p_unresolved_x|t1.0,all,4020,0.935167,1.0,1.0,1.0,1.0
kmeans64|scalar|transport|p_unresolved_q|t1.0,all,4020,0.964167,0.886562,0.999652,1.0,1.0
kmeans64|scalar|transport|log_width|t0.7,all,4020,1174.340097,1080.768114,1171.149559,1274.901996,1433.82903
kmeans64|scalar|transport|p_unresolved_x|t0.7,all,4020,0.918928,1.0,1.0,1.0,1.0
kmeans64|scalar|transport|p_unresolved_q|t0.7,all,4020,0.929644,0.750949,0.999917,1.0,1.0
kmeans64|scalar|transport|log_width_retain64|t1.0,all,4020,808.58497,743.58614,807.149109,877.171042,984.329108
kmeans64|scalar|transport|p_unresolved_x_retain64|t1.0,all,4020,0.582719,5.6e-05,1.0,1.0,1.0
kmeans64|scalar|transport|rowlevel_rows_skipped,all,4020,0.005238,0.005288,0.005292,0.005292,0.0
kmeans64|scalar|static|tiles_skipped,all,4020,0.335254,0.338402,0.33866,0.33866,0.0
kmeans64|scalar|static|rows_skipped,all,4020,0.005238,0.005288,0.005292,0.005292,0.0
kmeans64|scalar|static|rows_skipped_taustar,all,4020,0.005292,0.005292,0.005292,0.005292,0.005288
kmeans64|scalar|static|log_width|t1.0,all,4020,887.643732,813.863383,890.391333,960.73738,997.203148
kmeans64|scalar|static|p_unresolved_x|t1.0,all,4020,0.935167,1.0,1.0,1.0,1.0
kmeans64|scalar|static|p_unresolved_q|t1.0,all,4020,0.964167,0.886562,0.999652,1.0,1.0
kmeans64|scalar|static|log_width|t0.7,all,4020,1266.485562,1160.899487,1270.328869,1370.791441,1423.013537
kmeans64|scalar|static|p_unresolved_x|t0.7,all,4020,0.918928,1.0,1.0,1.0,1.0
kmeans64|scalar|static|p_unresolved_q|t0.7,all,4020,0.929644,0.750949,0.999917,1.0,1.0
kmeans64|coord|transport|tiles_skipped,all,4020,0.356438,0.338402,0.340206,0.415464,0.0
kmeans64|coord|transport|rows_skipped,all,4020,0.005904,0.005288,0.00534,0.0077,0.0
kmeans64|coord|transport|rows_skipped_taustar,all,4020,0.006076,0.0053,0.005533,0.007712,0.005288
kmeans64|coord|transport|log_width|t1.0,all,4020,287.583395,265.146629,287.14641,310.83442,349.917763
kmeans64|coord|transport|p_unresolved_x|t1.0,all,4020,0.935167,1.0,1.0,1.0,1.0
kmeans64|coord|transport|p_unresolved_q|t1.0,all,4020,0.964167,0.886562,0.999652,1.0,1.0
kmeans64|coord|transport|log_width|t0.7,all,4020,408.559956,376.327511,407.954486,442.096676,497.827002
kmeans64|coord|transport|p_unresolved_x|t0.7,all,4020,0.918928,1.0,1.0,1.0,1.0
kmeans64|coord|transport|p_unresolved_q|t0.7,all,4020,0.929644,0.750949,0.999917,1.0,1.0
kmeans64|coord|transport|log_width_retain64|t1.0,all,4020,273.545641,251.112652,273.815225,295.898048,340.560602
kmeans64|coord|transport|p_unresolved_x_retain64|t1.0,all,4020,0.582719,5.6e-05,1.0,1.0,1.0
kmeans64|coord|transport|rowlevel_rows_skipped,all,4020,0.005936,0.005288,0.005352,0.007764,0.0
kmeans64|coord|static|tiles_skipped,all,4020,0.352198,0.338402,0.339175,0.406469,0.0
kmeans64|coord|static|rows_skipped,all,4020,0.005769,0.005288,0.005308,0.007411,0.0
kmeans64|coord|static|rows_skipped_taustar,all,4020,0.005902,0.005292,0.00542,0.007442,0.005288
kmeans64|coord|static|log_width|t1.0,all,4020,310.636323,285.410461,312.054079,334.227897,346.36415
kmeans64|coord|static|p_unresolved_x|t1.0,all,4020,0.935167,1.0,1.0,1.0,1.0
kmeans64|coord|static|p_unresolved_q|t1.0,all,4020,0.964167,0.886562,0.999652,1.0,1.0
kmeans64|coord|static|log_width|t0.7,all,4020,441.288178,405.16418,443.310666,474.990606,492.417215
kmeans64|coord|static|p_unresolved_x|t0.7,all,4020,0.918928,1.0,1.0,1.0,1.0
kmeans64|coord|static|p_unresolved_q|t0.7,all,4020,0.929644,0.750949,0.999917,1.0,1.0
kmeans64|group32|transport|tiles_skipped,all,4020,0.336376,0.338402,0.33866,0.342268,0.0
kmeans64|group32|transport|rows_skipped,all,4020,0.005273,0.005288,0.005292,0.005404,0.0
kmeans64|group32|transport|rows_skipped_taustar,all,4020,0.005328,0.005292,0.005292,0.005404,0.005288
kmeans64|group32|transport|log_width|t1.0,all,4020,157.994133,148.941923,157.962481,167.455705,183.924941
kmeans64|group32|transport|p_unresolved_x|t1.0,all,4020,0.935167,1.0,1.0,1.0,1.0
kmeans64|group32|transport|p_unresolved_q|t1.0,all,4020,0.964167,0.886562,0.999652,1.0,1.0
kmeans64|group32|transport|log_width|t0.7,all,4020,223.670207,210.635155,223.606496,237.36232,261.99244
kmeans64|group32|transport|p_unresolved_x|t0.7,all,4020,0.918928,1.0,1.0,1.0,1.0
kmeans64|group32|transport|p_unresolved_q|t0.7,all,4020,0.929644,0.750949,0.999917,1.0,1.0
kmeans64|group32|transport|log_width_retain64|t1.0,all,4020,143.910695,131.252116,145.062564,155.003889,176.585788
kmeans64|group32|transport|p_unresolved_x_retain64|t1.0,all,4020,0.582719,5.6e-05,1.0,1.0,1.0
kmeans64|group32|transport|rowlevel_rows_skipped,all,4020,0.005278,0.005288,0.005292,0.005416,0.0
kmeans64|group32|static|tiles_skipped,all,4020,0.335714,0.338402,0.33866,0.339948,0.0
kmeans64|group32|static|rows_skipped,all,4020,0.005253,0.005288,0.005292,0.005332,0.0
kmeans64|group32|static|rows_skipped_taustar,all,4020,0.005307,0.005292,0.005292,0.005332,0.005288
kmeans64|group32|static|log_width|t1.0,all,4020,171.88696,163.243326,173.092797,179.125788,182.552953
kmeans64|group32|static|p_unresolved_x|t1.0,all,4020,0.935167,1.0,1.0,1.0,1.0
kmeans64|group32|static|p_unresolved_q|t1.0,all,4020,0.964167,0.886562,0.999652,1.0,1.0
kmeans64|group32|static|log_width|t0.7,all,4020,243.288729,231.040285,244.957748,253.522479,258.794443
kmeans64|group32|static|p_unresolved_x|t0.7,all,4020,0.918928,1.0,1.0,1.0,1.0
kmeans64|group32|static|p_unresolved_q|t0.7,all,4020,0.929644,0.750949,0.999917,1.0,1.0
kmeans64|group128|transport|tiles_skipped,all,4020,0.336171,0.338402,0.33866,0.341495,0.0
kmeans64|group128|transport|rows_skipped,all,4020,0.005267,0.005288,0.005292,0.00538,0.0
kmeans64|group128|transport|rows_skipped_taustar,all,4020,0.005321,0.005292,0.005292,0.00538,0.005288
kmeans64|group128|transport|log_width|t1.0,all,4020,144.394088,136.86611,144.288053,152.329219,168.751835
kmeans64|group128|transport|p_unresolved_x|t1.0,all,4020,0.935167,1.0,1.0,1.0,1.0
kmeans64|group128|transport|p_unresolved_q|t1.0,all,4020,0.964167,0.886562,0.999652,1.0,1.0
kmeans64|group128|transport|log_width|t0.7,all,4020,204.634715,193.821369,204.398709,216.261033,242.659394
kmeans64|group128|transport|p_unresolved_x|t0.7,all,4020,0.918928,1.0,1.0,1.0,1.0
kmeans64|group128|transport|p_unresolved_q|t0.7,all,4020,0.929644,0.750949,0.999917,1.0,1.0
kmeans64|group128|transport|log_width_retain64|t1.0,all,4020,130.200228,117.315259,131.398197,140.704641,161.404677
kmeans64|group128|transport|p_unresolved_x_retain64|t1.0,all,4020,0.582719,5.6e-05,1.0,1.0,1.0
kmeans64|group128|transport|rowlevel_rows_skipped,all,4020,0.005271,0.005288,0.005292,0.005396,0.0
kmeans64|group128|static|tiles_skipped,all,4020,0.335621,0.338402,0.33866,0.339691,0.0
kmeans64|group128|static|rows_skipped,all,4020,0.00525,0.005288,0.005292,0.005324,0.0
kmeans64|group128|static|rows_skipped_taustar,all,4020,0.005304,0.005292,0.005292,0.005324,0.005288
kmeans64|group128|static|log_width|t1.0,all,4020,157.013445,149.871799,158.448666,162.429844,166.029007
kmeans64|group128|static|p_unresolved_x|t1.0,all,4020,0.935167,1.0,1.0,1.0,1.0
kmeans64|group128|static|p_unresolved_q|t1.0,all,4020,0.964167,0.886562,0.999652,1.0,1.0
kmeans64|group128|static|log_width|t0.7,all,4020,221.930809,211.858642,223.862525,229.718379,235.178482
kmeans64|group128|static|p_unresolved_x|t0.7,all,4020,0.918928,1.0,1.0,1.0,1.0
kmeans64|group128|static|p_unresolved_q|t0.7,all,4020,0.929644,0.750949,0.999917,1.0,1.0
kmeans64|lowrank_w64|transport|tiles_skipped,all,4020,0.33655,0.338402,0.33866,0.342784,0.0
kmeans64|lowrank_w64|transport|rows_skipped,all,4020,0.005279,0.005288,0.005292,0.00542,0.0
kmeans64|lowrank_w64|transport|rows_skipped_taustar,all,4020,0.005333,0.005292,0.005292,0.005428,0.005288
kmeans64|lowrank_w64|transport|log_width|t1.0,all,4020,149.603089,141.94428,149.529063,157.49533,177.715758
kmeans64|lowrank_w64|transport|p_unresolved_x|t1.0,all,4020,0.935167,1.0,1.0,1.0,1.0
kmeans64|lowrank_w64|transport|p_unresolved_q|t1.0,all,4020,0.964167,0.886562,0.999652,1.0,1.0
kmeans64|lowrank_w64|transport|log_width|t0.7,all,4020,212.247166,201.079641,212.04606,223.831547,255.446791
kmeans64|lowrank_w64|transport|p_unresolved_x|t0.7,all,4020,0.918928,1.0,1.0,1.0,1.0
kmeans64|lowrank_w64|transport|p_unresolved_q|t0.7,all,4020,0.929644,0.750949,0.999917,1.0,1.0
kmeans64|lowrank_w64|transport|log_width_retain64|t1.0,all,4020,135.448346,121.895473,136.785011,145.939459,171.900446
kmeans64|lowrank_w64|transport|p_unresolved_x_retain64|t1.0,all,4020,0.582719,5.6e-05,1.0,1.0,1.0
kmeans64|lowrank_w64|transport|rowlevel_rows_skipped,all,4020,0.005284,0.005288,0.005292,0.005441,0.0
kmeans64|lowrank_w64|static|tiles_skipped,all,4020,0.335806,0.338402,0.33866,0.340464,0.0
kmeans64|lowrank_w64|static|rows_skipped,all,4020,0.005256,0.005288,0.005292,0.005348,0.0
kmeans64|lowrank_w64|static|rows_skipped_taustar,all,4020,0.00531,0.005292,0.005292,0.005348,0.005288
kmeans64|lowrank_w64|static|log_width|t1.0,all,4020,163.493288,155.40115,164.625787,170.066217,179.115263
kmeans64|lowrank_w64|static|p_unresolved_x|t1.0,all,4020,0.935167,1.0,1.0,1.0,1.0
kmeans64|lowrank_w64|static|p_unresolved_q|t1.0,all,4020,0.964167,0.886562,0.999652,1.0,1.0
kmeans64|lowrank_w64|static|log_width|t0.7,all,4020,231.364884,220.058567,232.913046,240.744455,253.696501
kmeans64|lowrank_w64|static|p_unresolved_x|t0.7,all,4020,0.918928,1.0,1.0,1.0,1.0
kmeans64|lowrank_w64|static|p_unresolved_q|t0.7,all,4020,0.929644,0.750949,0.999917,1.0,1.0
kmeans64|lowrank_d64|transport|tiles_skipped,all,4020,0.339346,0.338402,0.33866,0.351804,0.0
kmeans64|lowrank_d64|transport|rows_skipped,all,4020,0.005367,0.005288,0.005292,0.005702,0.0
kmeans64|lowrank_d64|transport|rows_skipped_taustar,all,4020,0.005433,0.005292,0.005292,0.005735,0.005288
kmeans64|lowrank_d64|transport|log_width|t1.0,all,4020,133.593981,113.661887,134.868617,150.778883,171.566332
kmeans64|lowrank_d64|transport|p_unresolved_x|t1.0,all,4020,0.935167,1.0,1.0,1.0,1.0
kmeans64|lowrank_d64|transport|p_unresolved_q|t1.0,all,4020,0.964167,0.886562,0.999652,1.0,1.0
kmeans64|lowrank_d64|transport|log_width|t0.7,all,4020,190.200045,162.163346,191.979122,214.365209,246.680105
kmeans64|lowrank_d64|transport|p_unresolved_x|t0.7,all,4020,0.918928,1.0,1.0,1.0,1.0
kmeans64|lowrank_d64|transport|p_unresolved_q|t0.7,all,4020,0.929644,0.750949,0.999917,1.0,1.0
kmeans64|lowrank_d64|transport|log_width_retain64|t1.0,all,4020,118.551457,99.996664,118.685295,136.423628,160.948608
kmeans64|lowrank_d64|transport|p_unresolved_x_retain64|t1.0,all,4020,0.582719,5.6e-05,1.0,1.0,1.0
kmeans64|lowrank_d64|transport|rowlevel_rows_skipped,all,4020,0.005379,0.005288,0.005292,0.005759,0.0
kmeans64|lowrank_d64|static|tiles_skipped,all,4020,0.337611,0.338402,0.33866,0.345361,0.0
kmeans64|lowrank_d64|static|rows_skipped,all,4020,0.005312,0.005288,0.005292,0.005501,0.0
kmeans64|lowrank_d64|static|rows_skipped_taustar,all,4020,0.005372,0.005292,0.005292,0.00551,0.005288
kmeans64|lowrank_d64|static|log_width|t1.0,all,4020,144.909145,124.517919,146.464399,162.565674,167.894483
kmeans64|lowrank_d64|static|p_unresolved_x|t1.0,all,4020,0.935167,1.0,1.0,1.0,1.0
kmeans64|lowrank_d64|static|p_unresolved_q|t1.0,all,4020,0.964167,0.886562,0.999652,1.0,1.0
kmeans64|lowrank_d64|static|log_width|t0.7,all,4020,204.966531,176.295704,207.189057,229.768116,238.073805
kmeans64|lowrank_d64|static|p_unresolved_x|t0.7,all,4020,0.918928,1.0,1.0,1.0,1.0
kmeans64|lowrank_d64|static|p_unresolved_q|t0.7,all,4020,0.929644,0.750949,0.999917,1.0,1.0
kmeans64|lowrank_d256|transport|tiles_skipped,all,4020,0.343538,0.338402,0.33866,0.372938,0.0
kmeans64|lowrank_d256|transport|rows_skipped,all,4020,0.005498,0.005288,0.005292,0.006363,0.0
kmeans64|lowrank_d256|transport|rows_skipped_taustar,all,4020,0.005589,0.005292,0.005324,0.006419,0.005288
kmeans64|lowrank_d256|transport|log_width|t1.0,all,4020,149.463235,127.074386,150.921552,168.60652,194.246928
kmeans64|lowrank_d256|transport|p_unresolved_x|t1.0,all,4020,0.935167,1.0,1.0,1.0,1.0
kmeans64|lowrank_d256|transport|p_unresolved_q|t1.0,all,4020,0.964167,0.886562,0.999652,1.0,1.0
kmeans64|lowrank_d256|transport|log_width|t0.7,all,4020,213.459337,181.952858,215.648752,240.395613,279.05848
kmeans64|lowrank_d256|transport|p_unresolved_x|t0.7,all,4020,0.918928,1.0,1.0,1.0,1.0
kmeans64|lowrank_d256|transport|p_unresolved_q|t0.7,all,4020,0.929644,0.750949,0.999917,1.0,1.0
kmeans64|lowrank_d256|transport|log_width_retain64|t1.0,all,4020,133.563644,113.068589,133.942754,153.180694,179.783578
kmeans64|lowrank_d256|transport|p_unresolved_x_retain64|t1.0,all,4020,0.582719,5.6e-05,1.0,1.0,1.0
kmeans64|lowrank_d256|transport|rowlevel_rows_skipped,all,4020,0.005519,0.005288,0.005292,0.00646,0.0
kmeans64|lowrank_d256|static|tiles_skipped,all,4020,0.341242,0.338402,0.33866,0.360825,0.0
kmeans64|lowrank_d256|static|rows_skipped,all,4020,0.005426,0.005288,0.005292,0.005984,0.0
kmeans64|lowrank_d256|static|rows_skipped_taustar,all,4020,0.005501,0.005292,0.005292,0.006041,0.005288
kmeans64|lowrank_d256|static|log_width|t1.0,all,4020,161.40804,139.074375,162.960324,181.254794,188.629138
kmeans64|lowrank_d256|static|p_unresolved_x|t1.0,all,4020,0.935167,1.0,1.0,1.0,1.0
kmeans64|lowrank_d256|static|p_unresolved_q|t1.0,all,4020,0.964167,0.886562,0.999652,1.0,1.0
kmeans64|lowrank_d256|static|log_width|t0.7,all,4020,229.122119,197.930646,231.40603,256.568007,267.286811
kmeans64|lowrank_d256|static|p_unresolved_x|t0.7,all,4020,0.918928,1.0,1.0,1.0,1.0
kmeans64|lowrank_d256|static|p_unresolved_q|t0.7,all,4020,0.929644,0.750949,0.999917,1.0,1.0
kmeans64|best|transport|tiles_skipped,all,4020,0.35666,0.338402,0.340464,0.415722,0.0
kmeans64|best|transport|rows_skipped,all,4020,0.005911,0.005288,0.005348,0.007708,0.0
kmeans64|best|transport|rows_skipped_taustar,all,4020,0.006094,0.0053,0.00559,0.007716,0.005288
kmeans64|best|transport|log_width|t1.0,all,4020,132.838073,113.661884,134.469125,148.996035,168.751835
kmeans64|best|transport|p_unresolved_x|t1.0,all,4020,0.935167,1.0,1.0,1.0,1.0
kmeans64|best|transport|p_unresolved_q|t1.0,all,4020,0.964167,0.886562,0.999652,1.0,1.0
kmeans64|best|transport|log_width|t0.7,all,4020,188.898498,162.163346,190.979117,211.60729,242.659394
kmeans64|best|transport|p_unresolved_x|t0.7,all,4020,0.918928,1.0,1.0,1.0,1.0
kmeans64|best|transport|p_unresolved_q|t0.7,all,4020,0.929644,0.750949,0.999917,1.0,1.0
kmeans64|best|transport|log_width_retain64|t1.0,all,4020,118.115894,99.996055,118.376562,135.225902,157.463639
kmeans64|best|transport|p_unresolved_x_retain64|t1.0,all,4020,0.582719,5.6e-05,1.0,1.0,1.0
kmeans64|best|transport|rowlevel_rows_skipped,all,4020,0.005944,0.005288,0.00536,0.007769,0.0
kmeans64|best|static|tiles_skipped,all,4020,0.352362,0.338402,0.339175,0.406701,0.0
kmeans64|best|static|rows_skipped,all,4020,0.005774,0.005288,0.005308,0.007418,0.0
kmeans64|best|static|rows_skipped_taustar,all,4020,0.005913,0.005292,0.005428,0.00745,0.005288
kmeans64|best|static|log_width|t1.0,all,4020,144.494163,124.435007,146.343933,161.117861,165.132435
kmeans64|best|static|p_unresolved_x|t1.0,all,4020,0.935167,1.0,1.0,1.0,1.0
kmeans64|best|static|p_unresolved_q|t1.0,all,4020,0.964167,0.886562,0.999652,1.0,1.0
kmeans64|best|static|log_width|t0.7,all,4020,204.342038,176.24988,206.915099,227.771943,234.254175
kmeans64|best|static|p_unresolved_x|t0.7,all,4020,0.918928,1.0,1.0,1.0,1.0
kmeans64|best|static|p_unresolved_q|t0.7,all,4020,0.929644,0.750949,0.999917,1.0,1.0
kmeans64|oracle|transport|tiles_skipped,all,4020,0.936812,0.767758,0.998969,0.999742,0.0
kmeans64|oracle|transport|rows_skipped,all,4020,0.836999,0.302343,0.993766,0.999642,0.0
kmeans64|oracle|transport|rows_skipped_taustar,all,4020,0.99363,0.986855,0.99913,0.999642,0.805284
kmeans64|oracle|transport|log_width|t1.0,all,4020,14.135716,10.320229,12.952682,20.098021,35.55121
kmeans64|oracle|transport|p_unresolved_x|t1.0,all,4020,0.55156,0.0,0.758069,0.999933,1.0
kmeans64|oracle|transport|p_unresolved_q|t1.0,all,4020,0.687625,0.028986,0.85644,0.974344,0.99995
kmeans64|oracle|transport|log_width|t0.7,all,4020,20.606201,14.243953,19.077921,29.889637,53.079176
kmeans64|oracle|transport|p_unresolved_x|t0.7,all,4020,0.568053,0.0,0.857782,0.999999,1.0
kmeans64|oracle|transport|p_unresolved_q|t0.7,all,4020,0.622587,0.003045,0.770028,0.989886,1.0
kmeans64|oracle|transport|log_width_retain64|t1.0,all,4020,2.121268,0.000124,1.5058,5.227176,16.621137
kmeans64|oracle|transport|p_unresolved_x_retain64|t1.0,all,4020,0.152113,0.0,0.000306,0.719443,0.999998
kmeans64|oracle|transport|rowlevel_rows_skipped,all,4020,0.923847,0.777694,0.999936,0.999996,0.0
kmeans64|oracle|static|tiles_skipped,all,4020,0.95952,0.917165,0.999485,0.999742,0.0
kmeans64|oracle|static|rows_skipped,all,4020,0.897432,0.629512,0.998607,0.999642,0.0
kmeans64|oracle|static|rows_skipped_taustar,all,4020,0.998338,0.997974,0.999597,0.99967,0.951945
kmeans64|oracle|static|log_width|t1.0,all,4020,18.606843,13.151433,16.684125,27.321117,35.841596
kmeans64|oracle|static|p_unresolved_x|t1.0,all,4020,0.904424,0.76174,0.990401,0.999995,1.0
kmeans64|oracle|static|p_unresolved_q|t1.0,all,4020,0.945902,0.844817,0.987925,0.99441,0.999957
kmeans64|oracle|static|log_width|t0.7,all,4020,26.035758,17.413986,23.254833,39.362963,52.176784
kmeans64|oracle|static|p_unresolved_x|t0.7,all,4020,0.902296,0.71289,0.993091,1.0,1.0
kmeans64|oracle|static|p_unresolved_q|t0.7,all,4020,0.913278,0.716114,0.988763,0.996247,1.0
kmeans256|scalar|transport|tiles_skipped,all,4020,0.237794,0.240206,0.240206,0.240206,0.0
kmeans256|scalar|transport|rows_skipped,all,4020,0.000929,0.000938,0.000938,0.000938,0.0
kmeans256|scalar|transport|rows_skipped_taustar,all,4020,0.000938,0.000938,0.000938,0.000938,0.000938
kmeans256|scalar|transport|log_width|t1.0,all,4020,929.096021,854.291095,926.984096,1008.53233,1133.876577
kmeans256|scalar|transport|p_unresolved_x|t1.0,all,4020,0.964256,1.0,1.0,1.0,1.0
kmeans256|scalar|transport|p_unresolved_q|t1.0,all,4020,0.98243,0.960583,1.0,1.0,1.0
kmeans256|scalar|transport|log_width|t0.7,all,4020,1326.591147,1219.818672,1323.50201,1440.083032,1618.910705
kmeans256|scalar|transport|p_unresolved_x|t0.7,all,4020,0.952343,1.0,1.0,1.0,1.0
kmeans256|scalar|transport|p_unresolved_q|t0.7,all,4020,0.959424,0.900427,1.0,1.0,1.0
kmeans256|scalar|transport|log_width_retain64|t1.0,all,4020,912.816325,838.886415,911.467037,990.164522,1111.573714
kmeans256|scalar|transport|p_unresolved_x_retain64|t1.0,all,4020,0.583181,5.6e-05,1.0,1.0,1.0
kmeans256|scalar|transport|rowlevel_rows_skipped,all,4020,0.000929,0.000938,0.000938,0.000938,0.0
kmeans256|scalar|static|tiles_skipped,all,4020,0.237794,0.240206,0.240206,0.240206,0.0
kmeans256|scalar|static|rows_skipped,all,4020,0.000929,0.000938,0.000938,0.000938,0.0
kmeans256|scalar|static|rows_skipped_taustar,all,4020,0.000938,0.000938,0.000938,0.000938,0.000938
kmeans256|scalar|static|log_width|t1.0,all,4020,1001.870995,918.033828,1005.500161,1083.499953,1123.677994
kmeans256|scalar|static|p_unresolved_x|t1.0,all,4020,0.964256,1.0,1.0,1.0,1.0
kmeans256|scalar|static|p_unresolved_q|t1.0,all,4020,0.98243,0.960583,1.0,1.0,1.0
kmeans256|scalar|static|log_width|t0.7,all,4020,1429.862603,1310.031189,1435.263832,1546.250393,1604.229238
kmeans256|scalar|static|p_unresolved_x|t0.7,all,4020,0.952343,1.0,1.0,1.0,1.0
kmeans256|scalar|static|p_unresolved_q|t0.7,all,4020,0.959424,0.900427,1.0,1.0,1.0
kmeans256|coord|transport|tiles_skipped,all,4020,0.252941,0.240206,0.241237,0.298969,0.0
kmeans256|coord|transport|tiles_skipped,outcome=accepted,968,0.286971,0.25567,0.292784,0.307216,0.240206
kmeans256|coord|transport|tiles_skipped,outcome=rejected,243,0.242497,0.240206,0.240206,0.259794,0.001031
kmeans256|coord|transport|tiles_skipped,outcome=unreached,2809,0.242118,0.240206,0.240206,0.25567,0.0
kmeans256|coord|transport|tiles_skipped,position=1,268,0.265318,0.240206,0.258763,0.304124,0.107216
kmeans256|coord|transport|tiles_skipped,position=2,268,0.258174,0.240206,0.251546,0.298969,0.001031
kmeans256|coord|transport|tiles_skipped,position=3,268,0.255212,0.239175,0.246907,0.30134,0.0
kmeans256|coord|transport|tiles_skipped,position=4,268,0.254855,0.239175,0.243299,0.3,0.045361
kmeans256|coord|transport|tiles_skipped,position=5,268,0.251889,0.239175,0.240206,0.30134,0.0
kmeans256|coord|transport|tiles_skipped,position=6,268,0.254004,0.240206,0.242268,0.3,0.053608
kmeans256|coord|transport|tiles_skipped,position=7,268,0.25195,0.240206,0.240206,0.298557,0.021649
kmeans256|coord|transport|tiles_skipped,position=8,268,0.252477,0.240206,0.240206,0.298969,0.040206
kmeans256|coord|transport|tiles_skipped,position=9,268,0.251439,0.240206,0.240206,0.298247,0.005155
kmeans256|coord|transport|tiles_skipped,position=10,268,0.252254,0.240206,0.240206,0.297216,0.081443
kmeans256|coord|transport|tiles_skipped,position=11,268,0.251185,0.240206,0.240206,0.297938,0.039175
kmeans256|coord|transport|tiles_skipped,position=12,268,0.250477,0.240206,0.240206,0.292062,0.226804
kmeans256|coord|transport|tiles_skipped,position=13,268,0.248288,0.240206,0.240206,0.28866,0.001031
kmeans256|coord|transport|tiles_skipped,position=14,268,0.248138,0.240206,0.240206,0.289691,0.036082
kmeans256|coord|transport|tiles_skipped,position=15,268,0.248461,0.240206,0.240206,0.283402,0.115464
kmeans256|coord|transport|tiles_skipped,domain=chat,1395,0.249237,0.240206,0.240206,0.284536,0.0
kmeans256|coord|transport|tiles_skipped,domain=code,510,0.280582,0.240206,0.291753,0.307216,0.053608
kmeans256|coord|transport|tiles_skipped,domain=maths,300,0.273966,0.240206,0.279381,0.306186,0.092784
kmeans256|coord|transport|tiles_skipped,domain=multilingual,1815,0.244547,0.239175,0.240206,0.275258,0.0
kmeans256|coord|transport|rows_skipped,all,4020,0.001047,0.000938,0.000946,0.001397,0.0
kmeans256|coord|transport|rows_skipped,outcome=accepted,968,0.001305,0.001059,0.001349,0.001466,0.000938
kmeans256|coord|transport|rows_skipped,outcome=rejected,243,0.00097,0.000938,0.000938,0.001091,4e-06
kmeans256|coord|transport|rows_skipped,outcome=unreached,2809,0.000966,0.000938,0.000938,0.001059,0.0
kmeans256|coord|transport|rows_skipped,position=1,268,0.001137,0.000938,0.001083,0.001438,0.000419
kmeans256|coord|transport|rows_skipped,position=2,268,0.001094,0.000938,0.001027,0.001397,4e-06
kmeans256|coord|transport|rows_skipped,position=3,268,0.001077,0.000934,0.000991,0.001416,0.0
kmeans256|coord|transport|rows_skipped,position=4,268,0.001067,0.000934,0.000962,0.001405,0.000177
kmeans256|coord|transport|rows_skipped,position=5,268,0.001052,0.000934,0.000938,0.001416,0.0
kmeans256|coord|transport|rows_skipped,position=6,268,0.00106,0.000938,0.000954,0.001405,0.000209
kmeans256|coord|transport|rows_skipped,position=7,268,0.001043,0.000938,0.000938,0.001394,8.5e-05
kmeans256|coord|transport|rows_skipped,position=8,268,0.001041,0.000938,0.000938,0.001397,0.000157
kmeans256|coord|transport|rows_skipped,position=9,268,0.001034,0.000938,0.000938,0.001392,2e-05
kmeans256|coord|transport|rows_skipped,position=10,268,0.001038,0.000938,0.000938,0.001384,0.000318
kmeans256|coord|transport|rows_skipped,position=11,268,0.001029,0.000938,0.000938,0.001389,0.000153
kmeans256|coord|transport|rows_skipped,position=12,268,0.00102,0.000938,0.000938,0.001343,0.000886
kmeans256|coord|transport|rows_skipped,position=13,268,0.001008,0.000938,0.000938,0.001317,4e-06
kmeans256|coord|transport|rows_skipped,position=14,268,0.001006,0.000938,0.000938,0.001325,0.000141
kmeans256|coord|transport|rows_skipped,position=15,268,0.001006,0.000938,0.000938,0.001276,0.000451
kmeans256|coord|transport|rows_skipped,domain=chat,1395,0.001015,0.000938,0.000938,0.001285,0.0
kmeans256|coord|transport|rows_skipped,domain=code,510,0.001256,0.000938,0.001341,0.001466,0.000209
kmeans256|coord|transport|rows_skipped,domain=maths,300,0.001205,0.000938,0.001244,0.001454,0.000362
kmeans256|coord|transport|rows_skipped,domain=multilingual,1815,0.000988,0.000934,0.000938,0.001212,0.0
kmeans256|coord|transport|rows_skipped_taustar,all,4020,0.001077,0.000938,0.000979,0.001397,0.000938
kmeans256|coord|transport|rows_skipped_taustar,outcome=accepted,968,0.001305,0.001059,0.001349,0.001466,0.000938
kmeans256|coord|transport|rows_skipped_taustar,outcome=rejected,243,0.001065,0.000946,0.001019,0.001293,0.000938
kmeans256|coord|transport|rows_skipped_taustar,outcome=unreached,2809,0.000999,0.000938,0.000954,0.001115,0.000938
kmeans256|coord|transport|rows_skipped_taustar,position=1,268,0.001154,0.000954,0.001099,0.001438,0.000938
kmeans256|coord|transport|rows_skipped_taustar,position=2,268,0.00113,0.000938,0.001075,0.001405,0.000938
kmeans256|coord|transport|rows_skipped_taustar,position=3,268,0.001115,0.000938,0.001027,0.001416,0.000938
kmeans256|coord|transport|rows_skipped_taustar,position=4,268,0.001105,0.000938,0.001019,0.001405,0.000938
kmeans256|coord|transport|rows_skipped_taustar,position=5,268,0.001096,0.000938,0.000995,0.001416,0.000938
kmeans256|coord|transport|rows_skipped_taustar,position=6,268,0.00109,0.000938,0.000995,0.001405,0.000938
kmeans256|coord|transport|rows_skipped_taustar,position=7,268,0.001079,0.000938,0.000979,0.001408,0.000938
kmeans256|coord|transport|rows_skipped_taustar,position=8,268,0.001066,0.000938,0.000971,0.001397,0.000938
kmeans256|coord|transport|rows_skipped_taustar,position=9,268,0.001061,0.000938,0.000962,0.001392,0.000938
kmeans256|coord|transport|rows_skipped_taustar,position=10,268,0.00106,0.000938,0.000971,0.001384,0.000938
kmeans256|coord|transport|rows_skipped_taustar,position=11,268,0.001056,0.000938,0.000962,0.001392,0.000938
kmeans256|coord|transport|rows_skipped_taustar,position=12,268,0.001042,0.000938,0.000962,0.001343,0.000938
kmeans256|coord|transport|rows_skipped_taustar,position=13,268,0.001037,0.000938,0.000962,0.00133,0.000938
kmeans256|coord|transport|rows_skipped_taustar,position=14,268,0.001034,0.000938,0.000971,0.001332,0.000938
kmeans256|coord|transport|rows_skipped_taustar,position=15,268,0.001028,0.000938,0.000971,0.001303,0.000938
kmeans256|coord|transport|rows_skipped_taustar,domain=chat,1395,0.001041,0.000938,0.000971,0.001293,0.000938
kmeans256|coord|transport|rows_skipped_taustar,domain=code,510,0.001278,0.000986,0.001349,0.001466,0.000938
kmeans256|coord|transport|rows_skipped_taustar,domain=maths,300,0.001234,0.000971,0.001269,0.001454,0.000938
kmeans256|coord|transport|rows_skipped_taustar,domain=multilingual,1815,0.001022,0.000938,0.000962,0.001244,0.000938
kmeans256|coord|transport|log_width|t1.0,all,4020,312.344838,289.158005,312.279544,335.976586,376.75639
kmeans256|coord|transport|log_width|t1.0,outcome=accepted,968,315.106658,289.542978,314.426486,342.413826,366.016849
kmeans256|coord|transport|log_width|t1.0,outcome=rejected,243,313.7992,292.374984,314.235443,337.712023,370.071782
kmeans256|coord|transport|log_width|t1.0,outcome=unreached,2809,311.267283,288.858389,311.420687,333.838959,376.75639
kmeans256|coord|transport|log_width|t1.0,position=1,268,310.86127,291.075463,310.469341,336.968967,363.892896
kmeans256|coord|transport|log_width|t1.0,position=2,268,314.881222,292.297644,314.521812,336.593558,370.071782
kmeans256|coord|transport|log_width|t1.0,position=3,268,316.494745,293.407484,316.940927,338.727366,362.695143
kmeans256|coord|transport|log_width|t1.0,position=4,268,318.224687,293.010002,318.668929,342.227236,365.57307
kmeans256|coord|transport|log_width|t1.0,position=5,268,316.439538,290.670977,318.741457,340.532809,366.016849
kmeans256|coord|transport|log_width|t1.0,position=6,268,315.583542,288.951591,316.516637,339.826516,364.075331
kmeans256|coord|transport|log_width|t1.0,position=7,268,313.362614,289.711956,314.125179,337.696573,363.006791
kmeans256|coord|transport|log_width|t1.0,position=8,268,312.079124,287.99926,312.364102,335.159195,370.294402
kmeans256|coord|transport|log_width|t1.0,position=9,268,312.306309,290.164061,311.769855,336.256235,357.607081
kmeans256|coord|transport|log_width|t1.0,position=10,268,310.736208,289.477062,311.265133,333.463588,363.747991
kmeans256|coord|transport|log_width|t1.0,position=11,268,309.025427,285.158098,310.190568,330.853413,364.231559
kmeans256|coord|transport|log_width|t1.0,position=12,268,310.057124,290.55112,310.186022,331.2717,354.432472
kmeans256|coord|transport|log_width|t1.0,position=13,268,309.944373,287.342876,310.457219,329.669655,374.524834
kmeans256|coord|transport|log_width|t1.0,position=14,268,308.097832,288.390385,307.623789,328.557153,376.75639
kmeans256|coord|transport|log_width|t1.0,position=15,268,307.078552,286.527931,306.301267,324.65052,363.213033
kmeans256|coord|transport|log_width|t1.0,domain=chat,1395,317.235814,299.37077,316.524128,337.285356,376.75639
kmeans256|coord|transport|log_width|t1.0,domain=code,510,312.773313,288.70212,313.065738,337.780893,360.598834
kmeans256|coord|transport|log_width|t1.0,domain=maths,300,315.196001,288.096178,317.482142,339.127144,363.213033
kmeans256|coord|transport|log_width|t1.0,domain=multilingual,1815,307.993993,284.200684,306.843276,334.308438,370.071782
kmeans256|coord|transport|p_unresolved_x|t1.0,all,4020,0.964256,1.0,1.0,1.0,1.0
kmeans256|coord|transport|p_unresolved_x|t1.0,outcome=accepted,968,1.0,1.0,1.0,1.0,1.0
kmeans256|coord|transport|p_unresolved_x|t1.0,outcome=rejected,243,0.946575,1.0,1.0,1.0,1.0
kmeans256|coord|transport|p_unresolved_x|t1.0,outcome=unreached,2809,0.953469,1.0,1.0,1.0,1.0
kmeans256|coord|transport|p_unresolved_x|t1.0,position=1,268,0.996595,1.0,1.0,1.0,1.0
kmeans256|coord|transport|p_unresolved_x|t1.0,position=2,268,0.95068,1.0,1.0,1.0,1.0
kmeans256|coord|transport|p_unresolved_x|t1.0,position=3,268,0.922629,1.0,1.0,1.0,1.0
kmeans256|coord|transport|p_unresolved_x|t1.0,position=4,268,0.927162,1.0,1.0,1.0,1.0
kmeans256|coord|transport|p_unresolved_x|t1.0,position=5,268,0.926944,0.924996,1.0,1.0,1.0
kmeans256|coord|transport|p_unresolved_x|t1.0,position=6,268,0.947882,1.0,1.0,1.0,1.0
kmeans256|coord|transport|p_unresolved_x|t1.0,position=7,268,0.970208,1.0,1.0,1.0,1.0
kmeans256|coord|transport|p_unresolved_x|t1.0,position=8,268,0.9738,1.0,1.0,1.0,1.0
kmeans256|coord|transport|p_unresolved_x|t1.0,position=9,268,0.973743,1.0,1.0,1.0,1.0
kmeans256|coord|transport|p_unresolved_x|t1.0,position=10,268,0.982712,1.0,1.0,1.0,1.0
kmeans256|coord|transport|p_unresolved_x|t1.0,position=11,268,0.966352,1.0,1.0,1.0,1.0
kmeans256|coord|transport|p_unresolved_x|t1.0,position=12,268,0.973984,1.0,1.0,1.0,1.0
kmeans256|coord|transport|p_unresolved_x|t1.0,position=13,268,0.977237,1.0,1.0,1.0,1.0
kmeans256|coord|transport|p_unresolved_x|t1.0,position=14,268,0.98535,1.0,1.0,1.0,1.0
kmeans256|coord|transport|p_unresolved_x|t1.0,position=15,268,0.988567,1.0,1.0,1.0,1.0
kmeans256|coord|transport|p_unresolved_x|t1.0,domain=chat,1395,0.975344,1.0,1.0,1.0,1.0
kmeans256|coord|transport|p_unresolved_x|t1.0,domain=code,510,0.990395,1.0,1.0,1.0,1.0
kmeans256|coord|transport|p_unresolved_x|t1.0,domain=maths,300,0.991814,1.0,1.0,1.0,1.0
kmeans256|coord|transport|p_unresolved_x|t1.0,domain=multilingual,1815,0.943835,1.0,1.0,1.0,1.0
kmeans256|coord|transport|p_unresolved_q|t1.0,all,4020,0.98243,0.960583,1.0,1.0,1.0
kmeans256|coord|transport|p_unresolved_q|t1.0,outcome=accepted,968,0.996406,0.999882,1.0,1.0,1.0
kmeans256|coord|transport|p_unresolved_q|t1.0,outcome=rejected,243,0.976023,0.95798,0.999976,1.0,1.0
kmeans256|coord|transport|p_unresolved_q|t1.0,outcome=unreached,2809,0.978169,0.93602,0.999995,1.0,1.0
kmeans256|coord|transport|p_unresolved_q|t1.0,position=1,268,0.998675,0.998033,1.0,1.0,1.0
kmeans256|coord|transport|p_unresolved_q|t1.0,position=2,268,0.976379,0.973348,1.0,1.0,1.0
kmeans256|coord|transport|p_unresolved_q|t1.0,position=3,268,0.967657,0.886044,0.999993,1.0,1.0
kmeans256|coord|transport|p_unresolved_q|t1.0,position=4,268,0.970201,0.895874,0.999989,1.0,1.0
kmeans256|coord|transport|p_unresolved_q|t1.0,position=5,268,0.965777,0.894307,0.999989,1.0,1.0
kmeans256|coord|transport|p_unresolved_q|t1.0,position=6,268,0.975956,0.931641,0.999996,1.0,1.0
kmeans256|coord|transport|p_unresolved_q|t1.0,position=7,268,0.985399,0.959302,0.999998,1.0,1.0
kmeans256|coord|transport|p_unresolved_q|t1.0,position=8,268,0.983662,0.969915,0.999999,1.0,1.0
kmeans256|coord|transport|p_unresolved_q|t1.0,position=9,268,0.986782,0.976944,1.0,1.0,1.0
kmeans256|coord|transport|p_unresolved_q|t1.0,position=10,268,0.988195,0.987727,1.0,1.0,1.0
kmeans256|coord|transport|p_unresolved_q|t1.0,position=11,268,0.984362,0.955806,1.0,1.0,1.0
kmeans256|coord|transport|p_unresolved_q|t1.0,position=12,268,0.98693,0.976183,1.0,1.0,1.0
kmeans256|coord|transport|p_unresolved_q|t1.0,position=13,268,0.989017,0.982039,1.0,1.0,1.0
kmeans256|coord|transport|p_unresolved_q|t1.0,position=14,268,0.988462,0.984931,1.0,1.0,1.0
kmeans256|coord|transport|p_unresolved_q|t1.0,position=15,268,0.989001,0.970187,1.0,1.0,1.0
kmeans256|coord|transport|p_unresolved_q|t1.0,domain=chat,1395,0.984452,0.984279,1.0,1.0,1.0
kmeans256|coord|transport|p_unresolved_q|t1.0,domain=code,510,0.991512,0.998581,1.0,1.0,1.0
kmeans256|coord|transport|p_unresolved_q|t1.0,domain=maths,300,0.991293,0.993675,1.0,1.0,1.0
kmeans256|coord|transport|p_unresolved_q|t1.0,domain=multilingual,1815,0.97686,0.934771,0.999949,1.0,1.0
kmeans256|coord|transport|log_width|t0.7,all,4020,443.571088,410.380826,443.429092,477.393216,535.691816
kmeans256|coord|transport|log_width|t0.7,outcome=accepted,968,447.598713,411.386099,446.720434,486.46178,519.889828
kmeans256|coord|transport|log_width|t0.7,outcome=rejected,243,445.615978,415.105181,446.090758,479.804073,525.926389
kmeans256|coord|transport|log_width|t0.7,outcome=unreached,2809,442.006242,410.126847,442.121942,474.150365,535.691816
kmeans256|coord|transport|log_width|t0.7,position=1,268,441.48558,413.069861,440.611267,478.669329,517.560923
kmeans256|coord|transport|log_width|t0.7,position=2,268,447.184692,415.044996,446.704761,477.755815,525.926389
kmeans256|coord|transport|log_width|t0.7,position=3,268,449.504435,416.790066,450.323523,481.060437,515.497888
kmeans256|coord|transport|log_width|t0.7,position=4,268,451.985799,415.787349,452.677659,486.145216,519.424769
kmeans256|coord|transport|log_width|t0.7,position=5,268,449.413243,412.648525,452.949043,484.111002,519.889828
kmeans256|coord|transport|log_width|t0.7,position=6,268,448.184981,410.261516,449.451701,482.345286,517.507556
kmeans256|coord|transport|log_width|t0.7,position=7,268,445.009282,411.563376,446.36946,479.960394,516.239717
kmeans256|coord|transport|log_width|t0.7,position=8,268,443.167887,408.610726,443.189954,476.050113,526.254926
kmeans256|coord|transport|log_width|t0.7,position=9,268,443.466963,412.331185,442.747426,477.502525,508.394434
kmeans256|coord|transport|log_width|t0.7,position=10,268,441.265377,410.949823,442.014318,473.56871,517.231537
kmeans256|coord|transport|log_width|t0.7,position=11,268,438.826942,404.622987,440.222157,469.93144,517.685683
kmeans256|coord|transport|log_width|t0.7,position=12,268,440.299361,412.843509,440.615961,470.144693,503.629915
kmeans256|coord|transport|log_width|t0.7,position=13,268,440.148511,407.961023,440.822177,468.677955,532.710923
kmeans256|coord|transport|log_width|t0.7,position=14,268,437.523245,409.538007,436.61509,466.703327,535.691816
kmeans256|coord|transport|log_width|t0.7,position=15,268,436.100015,406.980537,435.171517,461.431846,516.475276
kmeans256|coord|transport|log_width|t0.7,domain=chat,1395,450.521585,425.066956,449.641597,479.398933,535.691816
kmeans256|coord|transport|log_width|t0.7,domain=code,510,444.290986,409.920756,444.695461,480.02593,513.063852
kmeans256|coord|transport|log_width|t0.7,domain=maths,300,447.687874,409.158007,451.359007,482.174604,516.475276
kmeans256|coord|transport|log_width|t0.7,domain=multilingual,1815,437.346224,402.982259,435.714536,474.876989,525.926389
kmeans256|coord|transport|p_unresolved_x|t0.7,all,4020,0.952343,1.0,1.0,1.0,1.0
kmeans256|coord|transport|p_unresolved_x|t0.7,outcome=accepted,968,1.0,1.0,1.0,1.0,1.0
kmeans256|coord|transport|p_unresolved_x|t0.7,outcome=rejected,243,0.929363,1.0,1.0,1.0,1.0
kmeans256|coord|transport|p_unresolved_x|t0.7,outcome=unreached,2809,0.937908,1.0,1.0,1.0,1.0
kmeans256|coord|transport|p_unresolved_x|t0.7,position=1,268,0.996272,1.0,1.0,1.0,1.0
kmeans256|coord|transport|p_unresolved_x|t0.7,position=2,268,0.93775,1.0,1.0,1.0,1.0
kmeans256|coord|transport|p_unresolved_x|t0.7,position=3,268,0.903174,0.556628,1.0,1.0,1.0
kmeans256|coord|transport|p_unresolved_x|t0.7,position=4,268,0.901072,0.410042,1.0,1.0,1.0
kmeans256|coord|transport|p_unresolved_x|t0.7,position=5,268,0.905824,0.488153,1.0,1.0,1.0
kmeans256|coord|transport|p_unresolved_x|t0.7,position=6,268,0.937459,1.0,1.0,1.0,1.0
kmeans256|coord|transport|p_unresolved_x|t0.7,position=7,268,0.950883,1.0,1.0,1.0,1.0
kmeans256|coord|transport|p_unresolved_x|t0.7,position=8,268,0.958378,1.0,1.0,1.0,1.0
kmeans256|coord|transport|p_unresolved_x|t0.7,position=9,268,0.96606,1.0,1.0,1.0,1.0
kmeans256|coord|transport|p_unresolved_x|t0.7,position=10,268,0.975159,1.0,1.0,1.0,1.0
kmeans256|coord|transport|p_unresolved_x|t0.7,position=11,268,0.957336,1.0,1.0,1.0,1.0
kmeans256|coord|transport|p_unresolved_x|t0.7,position=12,268,0.964339,1.0,1.0,1.0,1.0
kmeans256|coord|transport|p_unresolved_x|t0.7,position=13,268,0.967381,1.0,1.0,1.0,1.0
kmeans256|coord|transport|p_unresolved_x|t0.7,position=14,268,0.979026,1.0,1.0,1.0,1.0
kmeans256|coord|transport|p_unresolved_x|t0.7,position=15,268,0.985034,1.0,1.0,1.0,1.0
kmeans256|coord|transport|p_unresolved_x|t0.7,domain=chat,1395,0.969225,1.0,1.0,1.0,1.0
kmeans256|coord|transport|p_unresolved_x|t0.7,domain=code,510,0.991841,1.0,1.0,1.0,1.0
kmeans256|coord|transport|p_unresolved_x|t0.7,domain=maths,300,0.990812,1.0,1.0,1.0,1.0
kmeans256|coord|transport|p_unresolved_x|t0.7,domain=multilingual,1815,0.921911,1.0,1.0,1.0,1.0
kmeans256|coord|transport|p_unresolved_q|t0.7,all,4020,0.959424,0.900427,1.0,1.0,1.0
kmeans256|coord|transport|p_unresolved_q|t0.7,outcome=accepted,968,0.996969,0.999997,1.0,1.0,1.0
kmeans256|coord|transport|p_unresolved_q|t0.7,outcome=rejected,243,0.94516,0.862894,0.999998,1.0,1.0
kmeans256|coord|transport|p_unresolved_q|t0.7,outcome=unreached,2809,0.947719,0.84411,0.999989,1.0,1.0
kmeans256|coord|transport|p_unresolved_q|t0.7,position=1,268,0.995249,0.997279,1.0,1.0,1.0
kmeans256|coord|transport|p_unresolved_q|t0.7,position=2,268,0.948465,0.916945,1.0,1.0,1.0
kmeans256|coord|transport|p_unresolved_q|t0.7,position=3,268,0.918254,0.653834,1.0,1.0,1.0
kmeans256|coord|transport|p_unresolved_q|t0.7,position=4,268,0.924125,0.700503,0.999999,1.0,1.0
kmeans256|coord|transport|p_unresolved_q|t0.7,position=5,268,0.921022,0.699127,0.999999,1.0,1.0
kmeans256|coord|transport|p_unresolved_q|t0.7,position=6,268,0.944397,0.867113,1.0,1.0,1.0
kmeans256|coord|transport|p_unresolved_q|t0.7,position=7,268,0.964524,0.903073,0.999999,1.0,1.0
kmeans256|coord|transport|p_unresolved_q|t0.7,position=8,268,0.964636,0.889837,0.999999,1.0,1.0
kmeans256|coord|transport|p_unresolved_q|t0.7,position=9,268,0.969725,0.943632,0.999999,1.0,1.0
kmeans256|coord|transport|p_unresolved_q|t0.7,position=10,268,0.97248,0.925173,1.0,1.0,1.0
kmeans256|coord|transport|p_unresolved_q|t0.7,position=11,268,0.968244,0.91101,0.999999,1.0,1.0
kmeans256|coord|transport|p_unresolved_q|t0.7,position=12,268,0.973711,0.945336,0.999999,1.0,1.0
kmeans256|coord|transport|p_unresolved_q|t0.7,position=13,268,0.972323,0.953251,1.0,1.0,1.0
kmeans256|coord|transport|p_unresolved_q|t0.7,position=14,268,0.977405,0.953029,1.0,1.0,1.0
kmeans256|coord|transport|p_unresolved_q|t0.7,position=15,268,0.976797,0.941345,1.0,1.0,1.0
kmeans256|coord|transport|p_unresolved_q|t0.7,domain=chat,1395,0.970553,0.965559,1.0,1.0,1.0
kmeans256|coord|transport|p_unresolved_q|t0.7,domain=code,510,0.990697,0.999921,1.0,1.0,1.0
kmeans256|coord|transport|p_unresolved_q|t0.7,domain=maths,300,0.98771,0.994449,1.0,1.0,1.0
kmeans256|coord|transport|p_unresolved_q|t0.7,domain=multilingual,1815,0.937407,0.79435,0.999903,1.0,1.0
kmeans256|coord|transport|log_width_retain64|t1.0,all,4020,296.352979,272.583085,296.809681,319.374783,364.304724
kmeans256|coord|transport|log_width_retain64|t1.0,outcome=accepted,968,291.683226,266.642097,291.649636,316.986962,342.258121
kmeans256|coord|transport|log_width_retain64|t1.0,outcome=rejected,243,297.661692,273.803497,298.190225,322.263041,346.68961
kmeans256|coord|transport|log_width_retain64|t1.0,outcome=unreached,2809,297.848993,275.725369,298.169609,319.830577,364.304724
kmeans256|coord|transport|log_width_retain64|t1.0,position=1,268,292.200529,270.854424,291.439716,317.979745,346.68961
kmeans256|coord|transport|log_width_retain64|t1.0,position=2,268,297.211819,272.93963,297.422686,320.063283,364.304724
kmeans256|coord|transport|log_width_retain64|t1.0,position=3,268,299.337461,273.936636,300.64844,321.574098,356.624034
kmeans256|coord|transport|log_width_retain64|t1.0,position=4,268,301.325746,274.18284,300.656903,325.240181,352.093904
kmeans256|coord|transport|log_width_retain64|t1.0,position=5,268,299.978947,273.440958,300.219047,322.966065,361.919824
kmeans256|coord|transport|log_width_retain64|t1.0,position=6,268,299.166562,272.671107,299.500839,322.44868,351.467417
kmeans256|coord|transport|log_width_retain64|t1.0,position=7,268,297.439302,272.801719,297.834668,320.339863,358.977992
kmeans256|coord|transport|log_width_retain64|t1.0,position=8,268,296.499262,272.99105,297.106094,319.286462,356.61847
kmeans256|coord|transport|log_width_retain64|t1.0,position=9,268,296.975327,275.528298,297.429019,318.134426,341.180092
kmeans256|coord|transport|log_width_retain64|t1.0,position=10,268,295.311461,274.006099,295.902579,315.763519,337.140278
kmeans256|coord|transport|log_width_retain64|t1.0,position=11,268,293.831216,270.401147,294.771957,314.084868,335.523212
kmeans256|coord|transport|log_width_retain64|t1.0,position=12,268,295.094821,278.377959,295.177074,314.61125,340.532298
kmeans256|coord|transport|log_width_retain64|t1.0,position=13,268,295.066031,272.939993,296.515601,314.048989,343.306432
kmeans256|coord|transport|log_width_retain64|t1.0,position=14,268,293.347071,273.508885,292.964675,314.067036,349.659688
kmeans256|coord|transport|log_width_retain64|t1.0,position=15,268,292.50913,272.110685,291.976948,310.464385,343.020191
kmeans256|coord|transport|log_width_retain64|t1.0,domain=chat,1395,301.839588,282.444199,301.905196,321.758628,361.919824
kmeans256|coord|transport|log_width_retain64|t1.0,domain=code,510,290.118322,265.589659,291.39957,315.565729,340.532298
kmeans256|coord|transport|log_width_retain64|t1.0,domain=maths,300,293.47697,268.80314,295.025128,315.566784,341.80508
kmeans256|coord|transport|log_width_retain64|t1.0,domain=multilingual,1815,294.363259,271.067731,294.086948,318.960714,364.304724
kmeans256|coord|transport|p_unresolved_x_retain64|t1.0,all,4020,0.583181,5.6e-05,1.0,1.0,1.0
kmeans256|coord|transport|p_unresolved_x_retain64|t1.0,outcome=accepted,968,0.994234,1.0,1.0,1.0,1.0
kmeans256|coord|transport|p_unresolved_x_retain64|t1.0,outcome=rejected,243,0.290098,0.0,0.110256,0.97402,1.0
kmeans256|coord|transport|p_unresolved_x_retain64|t1.0,outcome=unreached,2809,0.466884,1.6e-05,0.244174,1.0,1.0
kmeans256|coord|transport|p_unresolved_x_retain64|t1.0,position=1,268,0.785338,0.025582,1.0,1.0,1.0
kmeans256|coord|transport|p_unresolved_x_retain64|t1.0,position=2,268,0.702613,2.2e-05,1.0,1.0,1.0
kmeans256|coord|transport|p_unresolved_x_retain64|t1.0,position=3,268,0.635766,1.2e-05,1.0,1.0,1.0
kmeans256|coord|transport|p_unresolved_x_retain64|t1.0,position=4,268,0.566407,8e-06,0.99916,1.0,1.0
kmeans256|coord|transport|p_unresolved_x_retain64|t1.0,position=5,268,0.559202,3e-06,0.969385,1.0,1.0
kmeans256|coord|transport|p_unresolved_x_retain64|t1.0,position=6,268,0.602963,3.7e-05,1.0,1.0,1.0
kmeans256|coord|transport|p_unresolved_x_retain64|t1.0,position=7,268,0.537943,8.9e-05,0.829461,1.0,1.0
kmeans256|coord|transport|p_unresolved_x_retain64|t1.0,position=8,268,0.54618,1.1e-05,0.878092,1.0,1.0
kmeans256|coord|transport|p_unresolved_x_retain64|t1.0,position=9,268,0.555079,8.7e-05,0.809649,1.0,1.0
kmeans256|coord|transport|p_unresolved_x_retain64|t1.0,position=10,268,0.524837,0.000161,0.515437,1.0,1.0
kmeans256|coord|transport|p_unresolved_x_retain64|t1.0,position=11,268,0.544898,0.000254,0.609979,1.0,1.0
kmeans256|coord|transport|p_unresolved_x_retain64|t1.0,position=12,268,0.509257,5.2e-05,0.382499,1.0,1.0
kmeans256|coord|transport|p_unresolved_x_retain64|t1.0,position=13,268,0.517806,0.00024,0.511466,1.0,1.0
kmeans256|coord|transport|p_unresolved_x_retain64|t1.0,position=14,268,0.567791,0.000428,0.935972,1.0,1.0
kmeans256|coord|transport|p_unresolved_x_retain64|t1.0,position=15,268,0.591641,0.000479,1.0,1.0,1.0
kmeans256|coord|transport|p_unresolved_x_retain64|t1.0,domain=chat,1395,0.508366,4e-05,0.452801,1.0,1.0
kmeans256|coord|transport|p_unresolved_x_retain64|t1.0,domain=code,510,0.813641,0.009376,1.0,1.0,1.0
kmeans256|coord|transport|p_unresolved_x_retain64|t1.0,domain=maths,300,0.761897,0.001861,1.0,1.0,1.0
kmeans256|coord|transport|p_unresolved_x_retain64|t1.0,domain=multilingual,1815,0.546387,3.1e-05,0.755835,1.0,1.0
kmeans256|coord|transport|rowlevel_rows_skipped,all,4020,0.001054,0.000938,0.000946,0.001405,0.0
kmeans256|coord|transport|rowlevel_rows_skipped,outcome=accepted,968,0.001318,0.001071,0.001365,0.001474,0.000938
kmeans256|coord|transport|rowlevel_rows_skipped,outcome=rejected,243,0.000975,0.000938,0.000942,0.001107,4e-06
kmeans256|coord|transport|rowlevel_rows_skipped,outcome=unreached,2809,0.000969,0.000938,0.000938,0.001075,0.0
kmeans256|coord|transport|rowlevel_rows_skipped,position=1,268,0.001146,0.000938,0.001093,0.001446,0.000419
kmeans256|coord|transport|rowlevel_rows_skipped,position=2,268,0.001103,0.000938,0.001037,0.001413,4e-06
kmeans256|coord|transport|rowlevel_rows_skipped,position=3,268,0.001085,0.000934,0.000997,0.001426,0.0
kmeans256|coord|transport|rowlevel_rows_skipped,position=4,268,0.001074,0.000934,0.000966,0.001419,0.000177
kmeans256|coord|transport|rowlevel_rows_skipped,position=5,268,0.001059,0.000934,0.000942,0.001426,0.0
kmeans256|coord|transport|rowlevel_rows_skipped,position=6,268,0.001067,0.000938,0.000954,0.001418,0.000209
kmeans256|coord|transport|rowlevel_rows_skipped,position=7,268,0.001049,0.000938,0.000942,0.001405,8.5e-05
kmeans256|coord|transport|rowlevel_rows_skipped,position=8,268,0.001047,0.000938,0.000938,0.001401,0.000157
kmeans256|coord|transport|rowlevel_rows_skipped,position=9,268,0.001039,0.000938,0.00094,0.001403,2e-05
kmeans256|coord|transport|rowlevel_rows_skipped,position=10,268,0.001044,0.000938,0.000938,0.001401,0.000318
kmeans256|coord|transport|rowlevel_rows_skipped,position=11,268,0.001034,0.000938,0.000938,0.001397,0.000153
kmeans256|coord|transport|rowlevel_rows_skipped,position=12,268,0.001024,0.000938,0.000938,0.001373,0.000886
kmeans256|coord|transport|rowlevel_rows_skipped,position=13,268,0.001013,0.000938,0.000938,0.001329,4e-06
kmeans256|coord|transport|rowlevel_rows_skipped,position=14,268,0.00101,0.000938,0.00094,0.001335,0.000141
kmeans256|coord|transport|rowlevel_rows_skipped,position=15,268,0.00101,0.000938,0.000946,0.001303,0.000451
kmeans256|coord|transport|rowlevel_rows_skipped,domain=chat,1395,0.00102,0.000938,0.000938,0.001305,0.0
kmeans256|coord|transport|rowlevel_rows_skipped,domain=code,510,0.001268,0.000938,0.001357,0.001478,0.000209
kmeans256|coord|transport|rowlevel_rows_skipped,domain=maths,300,0.001215,0.000938,0.001262,0.001462,0.000362
kmeans256|coord|transport|rowlevel_rows_skipped,domain=multilingual,1815,0.000993,0.000934,0.000938,0.001235,0.0
kmeans256|coord|static|tiles_skipped,all,4020,0.249622,0.240206,0.240206,0.289691,0.0
kmeans256|coord|static|tiles_skipped,outcome=accepted,968,0.277938,0.247423,0.281443,0.303093,0.240206
kmeans256|coord|static|tiles_skipped,outcome=rejected,243,0.239553,0.240206,0.240206,0.249485,0.001031
kmeans256|coord|static|tiles_skipped,outcome=unreached,2809,0.240735,0.240206,0.240206,0.250515,0.0
kmeans256|coord|static|tiles_skipped,position=1,268,0.256601,0.240206,0.248969,0.293814,0.107216
kmeans256|coord|static|tiles_skipped,position=2,268,0.251985,0.240206,0.245361,0.288247,0.001031
kmeans256|coord|static|tiles_skipped,position=3,268,0.250535,0.239175,0.242268,0.294845,0.0
kmeans256|coord|static|tiles_skipped,position=4,268,0.251008,0.239175,0.241237,0.294124,0.045361
kmeans256|coord|static|tiles_skipped,position=5,268,0.248981,0.239175,0.240206,0.295155,0.0
kmeans256|coord|static|tiles_skipped,position=6,268,0.250973,0.240206,0.240206,0.293093,0.053608
kmeans256|coord|static|tiles_skipped,position=7,268,0.24915,0.240206,0.240206,0.293093,0.021649
kmeans256|coord|static|tiles_skipped,position=8,268,0.249985,0.240206,0.240206,0.291031,0.040206
kmeans256|coord|static|tiles_skipped,position=9,268,0.248781,0.240206,0.240206,0.286907,0.005155
kmeans256|coord|static|tiles_skipped,position=10,268,0.249631,0.240206,0.240206,0.287938,0.081443
kmeans256|coord|static|tiles_skipped,position=11,268,0.248838,0.240206,0.240206,0.287938,0.039175
kmeans256|coord|static|tiles_skipped,position=12,268,0.248281,0.240206,0.240206,0.279691,0.226804
kmeans256|coord|static|tiles_skipped,position=13,268,0.246661,0.240206,0.240206,0.286598,0.001031
kmeans256|coord|static|tiles_skipped,position=14,268,0.246311,0.240206,0.240206,0.278557,0.036082
kmeans256|coord|static|tiles_skipped,position=15,268,0.246615,0.240206,0.240206,0.276907,0.115464
kmeans256|coord|static|tiles_skipped,domain=chat,1395,0.246266,0.240206,0.240206,0.270103,0.0
kmeans256|coord|static|tiles_skipped,domain=code,510,0.273604,0.240206,0.280412,0.303093,0.053608
kmeans256|coord|static|tiles_skipped,domain=maths,300,0.267928,0.240206,0.267526,0.301031,0.092784
kmeans256|coord|static|tiles_skipped,domain=multilingual,1815,0.242437,0.239175,0.240206,0.265979,0.0
kmeans256|coord|static|rows_skipped,all,4020,0.001021,0.000938,0.000938,0.001325,0.0
kmeans256|coord|static|rows_skipped,outcome=accepted,968,0.001233,0.000995,0.00126,0.00143,0.000938
kmeans256|coord|static|rows_skipped,outcome=rejected,243,0.000947,0.000938,0.000938,0.001011,4e-06
kmeans256|coord|static|rows_skipped,outcome=unreached,2809,0.000955,0.000938,0.000938,0.001019,0.0
kmeans256|coord|static|rows_skipped,position=1,268,0.001068,0.000938,0.001007,0.001357,0.000419
kmeans256|coord|static|rows_skipped,position=2,268,0.001046,0.000938,0.000979,0.001314,4e-06
kmeans256|coord|static|rows_skipped,position=3,268,0.001041,0.000934,0.000954,0.001365,0.0
kmeans256|coord|static|rows_skipped,position=4,268,0.001037,0.000934,0.000946,0.00136,0.000177
kmeans256|coord|static|rows_skipped,position=5,268,0.001029,0.000934,0.000938,0.001368,0.0
kmeans256|coord|static|rows_skipped,position=6,268,0.001036,0.000938,0.000938,0.001351,0.000209
kmeans256|coord|static|rows_skipped,position=7,268,0.001021,0.000938,0.000938,0.001351,8.5e-05
kmeans256|coord|static|rows_skipped,position=8,268,0.001022,0.000938,0.000938,0.001335,0.000157
kmeans256|coord|static|rows_skipped,position=9,268,0.001013,0.000938,0.000938,0.001303,2e-05
kmeans256|coord|static|rows_skipped,position=10,268,0.001017,0.000938,0.000938,0.001311,0.000318
kmeans256|coord|static|rows_skipped,position=11,268,0.00101,0.000938,0.000938,0.001311,0.000153
kmeans256|coord|static|rows_skipped,position=12,268,0.001002,0.000938,0.000938,0.001247,0.000886
kmeans256|coord|static|rows_skipped,position=13,268,0.000996,0.000938,0.000938,0.001301,4e-06
kmeans256|coord|static|rows_skipped,position=14,268,0.000992,0.000938,0.000938,0.001238,0.000141
kmeans256|coord|static|rows_skipped,position=15,268,0.000991,0.000938,0.000938,0.001225,0.000451
kmeans256|coord|static|rows_skipped,domain=chat,1395,0.000991,0.000938,0.000938,0.001172,0.0
kmeans256|coord|static|rows_skipped,domain=code,510,0.001201,0.000938,0.001252,0.00143,0.000209
kmeans256|coord|static|rows_skipped,domain=maths,300,0.001157,0.000938,0.001152,0.001413,0.000362
kmeans256|coord|static|rows_skipped,domain=multilingual,1815,0.000971,0.000934,0.000938,0.00114,0.0
kmeans256|coord|static|rows_skipped_taustar,all,4020,0.001044,0.000938,0.000962,0.001333,0.000938
kmeans256|coord|static|rows_skipped_taustar,outcome=accepted,968,0.001233,0.000995,0.00126,0.00143,0.000938
kmeans256|coord|static|rows_skipped_taustar,outcome=rejected,243,0.001017,0.000938,0.000971,0.001196,0.000938
kmeans256|coord|static|rows_skipped_taustar,outcome=unreached,2809,0.000981,0.000938,0.000946,0.001059,0.000938
kmeans256|coord|static|rows_skipped_taustar,position=1,268,0.001079,0.000946,0.001019,0.001357,0.000938
kmeans256|coord|static|rows_skipped_taustar,position=2,268,0.001074,0.000938,0.001003,0.001327,0.000938
kmeans256|coord|static|rows_skipped_taustar,position=3,268,0.001072,0.000938,0.000987,0.001365,0.000938
kmeans256|coord|static|rows_skipped_taustar,position=4,268,0.001066,0.000938,0.000979,0.00136,0.000938
kmeans256|coord|static|rows_skipped_taustar,position=5,268,0.001067,0.000938,0.000971,0.001373,0.000938
kmeans256|coord|static|rows_skipped_taustar,position=6,268,0.00106,0.000938,0.000971,0.001357,0.000938
kmeans256|coord|static|rows_skipped_taustar,position=7,268,0.00105,0.000938,0.000962,0.00136,0.000938
kmeans256|coord|static|rows_skipped_taustar,position=8,268,0.00104,0.000938,0.000954,0.001335,0.000938
kmeans256|coord|static|rows_skipped_taustar,position=9,268,0.001035,0.000938,0.000954,0.001316,0.000938
kmeans256|coord|static|rows_skipped_taustar,position=10,268,0.001033,0.000938,0.000954,0.001311,0.000938
kmeans256|coord|static|rows_skipped_taustar,position=11,268,0.001031,0.000938,0.000954,0.001325,0.000938
kmeans256|coord|static|rows_skipped_taustar,position=12,268,0.001018,0.000938,0.000954,0.00126,0.000938
kmeans256|coord|static|rows_skipped_taustar,position=13,268,0.001017,0.000938,0.000954,0.001317,0.000938
kmeans256|coord|static|rows_skipped_taustar,position=14,268,0.001012,0.000938,0.000954,0.001295,0.000938
kmeans256|coord|static|rows_skipped_taustar,position=15,268,0.001006,0.000938,0.000954,0.001239,0.000938
kmeans256|coord|static|rows_skipped_taustar,domain=chat,1395,0.00101,0.000938,0.000954,0.001196,0.000938
kmeans256|coord|static|rows_skipped_taustar,domain=code,510,0.001218,0.000971,0.00126,0.00143,0.000938
kmeans256|coord|static|rows_skipped_taustar,domain=maths,300,0.00118,0.000954,0.001176,0.001422,0.000938
kmeans256|coord|static|rows_skipped_taustar,domain=multilingual,1815,0.000999,0.000938,0.000954,0.001161,0.000938
kmeans256|coord|static|log_width|t1.0,all,4020,337.699335,310.883884,340.067954,361.168072,374.700351
kmeans256|coord|static|log_width|t1.0,outcome=accepted,968,344.763205,318.616563,348.684463,364.320743,374.700351
kmeans256|coord|static|log_width|t1.0,outcome=rejected,243,346.412562,323.20691,350.548552,363.703973,372.843691
kmeans256|coord|static|log_width|t1.0,outcome=unreached,2809,334.511317,308.572308,336.817194,358.221444,372.025605
kmeans256|coord|static|log_width|t1.0,position=1,268,346.77499,319.997991,351.977635,365.075662,374.700351
kmeans256|coord|static|log_width|t1.0,position=2,268,345.501032,319.206361,349.2669,364.203955,372.843691
kmeans256|coord|static|log_width|t1.0,position=3,268,343.187973,312.221315,347.687535,362.774686,370.620178
kmeans256|coord|static|log_width|t1.0,position=4,268,343.095228,315.262863,347.312683,363.579197,370.597946
kmeans256|coord|static|log_width|t1.0,position=5,268,339.624366,309.521965,343.487951,362.217663,369.225473
kmeans256|coord|static|log_width|t1.0,position=6,268,339.374996,311.602432,343.59646,360.59991,371.036164
kmeans256|coord|static|log_width|t1.0,position=7,268,337.678227,309.19939,340.990089,360.006201,372.433091
kmeans256|coord|static|log_width|t1.0,position=8,268,337.357552,310.278699,340.396421,359.642795,372.025605
kmeans256|coord|static|log_width|t1.0,position=9,268,336.662527,308.269513,339.034107,359.157597,367.362054
kmeans256|coord|static|log_width|t1.0,position=10,268,335.439029,310.40602,337.715098,358.442968,372.236179
kmeans256|coord|static|log_width|t1.0,position=11,268,333.101594,307.501356,336.914944,355.308686,367.272054
kmeans256|coord|static|log_width|t1.0,position=12,268,333.73268,311.772297,336.44602,353.630549,368.803523
kmeans256|coord|static|log_width|t1.0,position=13,268,332.661879,308.964972,335.796327,354.426748,369.532524
kmeans256|coord|static|log_width|t1.0,position=14,268,331.253718,310.084818,332.534392,351.5134,370.829474
kmeans256|coord|static|log_width|t1.0,position=15,268,330.044233,310.022293,331.574162,349.078126,368.126017
kmeans256|coord|static|log_width|t1.0,domain=chat,1395,345.3547,325.888371,346.518017,362.891766,372.268784
kmeans256|coord|static|log_width|t1.0,domain=code,510,339.366143,316.226925,340.696762,360.888627,369.830523
kmeans256|coord|static|log_width|t1.0,domain=maths,300,341.894803,317.719795,345.605534,363.048234,371.036164
kmeans256|coord|static|log_width|t1.0,domain=multilingual,1815,330.653634,302.611557,333.144646,356.423944,374.700351
kmeans256|coord|static|p_unresolved_x|t1.0,all,4020,0.964256,1.0,1.0,1.0,1.0
kmeans256|coord|static|p_unresolved_x|t1.0,outcome=accepted,968,1.0,1.0,1.0,1.0,1.0
kmeans256|coord|static|p_unresolved_x|t1.0,outcome=rejected,243,0.946575,1.0,1.0,1.0,1.0
kmeans256|coord|static|p_unresolved_x|t1.0,outcome=unreached,2809,0.953469,1.0,1.0,1.0,1.0
kmeans256|coord|static|p_unresolved_x|t1.0,position=1,268,0.996595,1.0,1.0,1.0,1.0
kmeans256|coord|static|p_unresolved_x|t1.0,position=2,268,0.95068,1.0,1.0,1.0,1.0
kmeans256|coord|static|p_unresolved_x|t1.0,position=3,268,0.922629,1.0,1.0,1.0,1.0
kmeans256|coord|static|p_unresolved_x|t1.0,position=4,268,0.927162,1.0,1.0,1.0,1.0
kmeans256|coord|static|p_unresolved_x|t1.0,position=5,268,0.926944,0.924996,1.0,1.0,1.0
kmeans256|coord|static|p_unresolved_x|t1.0,position=6,268,0.947882,1.0,1.0,1.0,1.0
kmeans256|coord|static|p_unresolved_x|t1.0,position=7,268,0.970208,1.0,1.0,1.0,1.0
kmeans256|coord|static|p_unresolved_x|t1.0,position=8,268,0.9738,1.0,1.0,1.0,1.0
kmeans256|coord|static|p_unresolved_x|t1.0,position=9,268,0.973743,1.0,1.0,1.0,1.0
kmeans256|coord|static|p_unresolved_x|t1.0,position=10,268,0.982712,1.0,1.0,1.0,1.0
kmeans256|coord|static|p_unresolved_x|t1.0,position=11,268,0.966352,1.0,1.0,1.0,1.0
kmeans256|coord|static|p_unresolved_x|t1.0,position=12,268,0.973984,1.0,1.0,1.0,1.0
kmeans256|coord|static|p_unresolved_x|t1.0,position=13,268,0.977237,1.0,1.0,1.0,1.0
kmeans256|coord|static|p_unresolved_x|t1.0,position=14,268,0.98535,1.0,1.0,1.0,1.0
kmeans256|coord|static|p_unresolved_x|t1.0,position=15,268,0.988567,1.0,1.0,1.0,1.0
kmeans256|coord|static|p_unresolved_x|t1.0,domain=chat,1395,0.975344,1.0,1.0,1.0,1.0
kmeans256|coord|static|p_unresolved_x|t1.0,domain=code,510,0.990395,1.0,1.0,1.0,1.0
kmeans256|coord|static|p_unresolved_x|t1.0,domain=maths,300,0.991814,1.0,1.0,1.0,1.0
kmeans256|coord|static|p_unresolved_x|t1.0,domain=multilingual,1815,0.943835,1.0,1.0,1.0,1.0
kmeans256|coord|static|p_unresolved_q|t1.0,all,4020,0.98243,0.960583,1.0,1.0,1.0
kmeans256|coord|static|p_unresolved_q|t1.0,outcome=accepted,968,0.996406,0.999882,1.0,1.0,1.0
kmeans256|coord|static|p_unresolved_q|t1.0,outcome=rejected,243,0.976023,0.95798,0.999976,1.0,1.0
kmeans256|coord|static|p_unresolved_q|t1.0,outcome=unreached,2809,0.978169,0.93602,0.999995,1.0,1.0
kmeans256|coord|static|p_unresolved_q|t1.0,position=1,268,0.998675,0.998033,1.0,1.0,1.0
kmeans256|coord|static|p_unresolved_q|t1.0,position=2,268,0.976379,0.973348,1.0,1.0,1.0
kmeans256|coord|static|p_unresolved_q|t1.0,position=3,268,0.967657,0.886044,0.999993,1.0,1.0
kmeans256|coord|static|p_unresolved_q|t1.0,position=4,268,0.970201,0.895874,0.999989,1.0,1.0
kmeans256|coord|static|p_unresolved_q|t1.0,position=5,268,0.965777,0.894307,0.999989,1.0,1.0
kmeans256|coord|static|p_unresolved_q|t1.0,position=6,268,0.975956,0.931641,0.999996,1.0,1.0
kmeans256|coord|static|p_unresolved_q|t1.0,position=7,268,0.985399,0.959302,0.999998,1.0,1.0
kmeans256|coord|static|p_unresolved_q|t1.0,position=8,268,0.983662,0.969915,0.999999,1.0,1.0
kmeans256|coord|static|p_unresolved_q|t1.0,position=9,268,0.986782,0.976944,1.0,1.0,1.0
kmeans256|coord|static|p_unresolved_q|t1.0,position=10,268,0.988195,0.987727,1.0,1.0,1.0
kmeans256|coord|static|p_unresolved_q|t1.0,position=11,268,0.984362,0.955806,1.0,1.0,1.0
kmeans256|coord|static|p_unresolved_q|t1.0,position=12,268,0.98693,0.976183,1.0,1.0,1.0
kmeans256|coord|static|p_unresolved_q|t1.0,position=13,268,0.989017,0.982039,1.0,1.0,1.0
kmeans256|coord|static|p_unresolved_q|t1.0,position=14,268,0.988462,0.984931,1.0,1.0,1.0
kmeans256|coord|static|p_unresolved_q|t1.0,position=15,268,0.989001,0.970187,1.0,1.0,1.0
kmeans256|coord|static|p_unresolved_q|t1.0,domain=chat,1395,0.984452,0.984279,1.0,1.0,1.0
kmeans256|coord|static|p_unresolved_q|t1.0,domain=code,510,0.991512,0.998581,1.0,1.0,1.0
kmeans256|coord|static|p_unresolved_q|t1.0,domain=maths,300,0.991293,0.993675,1.0,1.0,1.0
kmeans256|coord|static|p_unresolved_q|t1.0,domain=multilingual,1815,0.97686,0.934771,0.999949,1.0,1.0
kmeans256|coord|static|log_width|t0.7,all,4020,479.646137,441.516766,483.010106,513.11193,532.861378
kmeans256|coord|static|log_width|t0.7,outcome=accepted,968,489.80554,452.598187,495.569507,517.502392,532.861378
kmeans256|coord|static|log_width|t0.7,outcome=rejected,243,492.025057,459.26737,497.663484,516.779876,529.772446
kmeans256|coord|static|log_width|t0.7,outcome=unreached,2809,475.074268,438.263793,478.323291,508.695804,528.613124
kmeans256|coord|static|log_width|t0.7,position=1,268,492.592957,454.550694,500.05887,518.567737,532.861378
kmeans256|coord|static|log_width|t0.7,position=2,268,490.763563,453.227576,496.512637,517.638134,529.772446
kmeans256|coord|static|log_width|t0.7,position=3,268,487.494738,443.34976,493.796269,515.598591,526.464629
kmeans256|coord|static|log_width|t0.7,position=4,268,487.365747,447.82604,493.500393,516.811821,527.033545
kmeans256|coord|static|log_width|t0.7,position=5,268,482.387595,439.446245,487.693977,514.87786,525.027852
kmeans256|coord|static|log_width|t0.7,position=6,268,482.024241,441.943229,487.92119,512.228017,526.878472
kmeans256|coord|static|log_width|t0.7,position=7,268,479.605426,439.187946,484.349083,511.669151,529.368407
kmeans256|coord|static|log_width|t0.7,position=8,268,479.126624,440.597427,483.495698,511.004174,528.613124
kmeans256|coord|static|log_width|t0.7,position=9,268,478.121826,437.80234,480.918396,510.050521,522.146799
kmeans256|coord|static|log_width|t0.7,position=10,268,476.422519,440.71226,479.58897,509.180699,529.250534
kmeans256|coord|static|log_width|t0.7,position=11,268,473.085236,436.301356,478.997136,504.560966,521.642559
kmeans256|coord|static|log_width|t0.7,position=12,268,473.983968,442.711958,477.745865,502.39805,523.88581
kmeans256|coord|static|log_width|t0.7,position=13,268,472.468109,439.057684,476.832185,503.388736,525.626478
kmeans256|coord|static|log_width|t0.7,position=14,268,470.470332,440.253309,472.559993,499.251728,527.023575
kmeans256|coord|static|log_width|t0.7,position=15,268,468.779176,440.310755,470.876967,496.172103,523.192588
kmeans256|coord|static|log_width|t0.7,domain=chat,1395,490.561448,462.73034,492.230848,515.737625,529.250534
kmeans256|coord|static|log_width|t0.7,domain=code,510,482.138029,449.293818,483.821063,512.662273,525.431281
kmeans256|coord|static|log_width|t0.7,domain=maths,300,485.688538,450.912119,491.324211,515.665412,527.033545
kmeans256|coord|static|log_width|t0.7,domain=multilingual,1815,469.557738,429.392422,473.096108,506.402007,532.861378
kmeans256|coord|static|p_unresolved_x|t0.7,all,4020,0.952343,1.0,1.0,1.0,1.0
kmeans256|coord|static|p_unresolved_x|t0.7,outcome=accepted,968,1.0,1.0,1.0,1.0,1.0
kmeans256|coord|static|p_unresolved_x|t0.7,outcome=rejected,243,0.929363,1.0,1.0,1.0,1.0
kmeans256|coord|static|p_unresolved_x|t0.7,outcome=unreached,2809,0.937908,1.0,1.0,1.0,1.0
kmeans256|coord|static|p_unresolved_x|t0.7,position=1,268,0.996272,1.0,1.0,1.0,1.0
kmeans256|coord|static|p_unresolved_x|t0.7,position=2,268,0.93775,1.0,1.0,1.0,1.0
kmeans256|coord|static|p_unresolved_x|t0.7,position=3,268,0.903174,0.556628,1.0,1.0,1.0
kmeans256|coord|static|p_unresolved_x|t0.7,position=4,268,0.901072,0.410042,1.0,1.0,1.0
kmeans256|coord|static|p_unresolved_x|t0.7,position=5,268,0.905824,0.488153,1.0,1.0,1.0
kmeans256|coord|static|p_unresolved_x|t0.7,position=6,268,0.937459,1.0,1.0,1.0,1.0
kmeans256|coord|static|p_unresolved_x|t0.7,position=7,268,0.950883,1.0,1.0,1.0,1.0
kmeans256|coord|static|p_unresolved_x|t0.7,position=8,268,0.958378,1.0,1.0,1.0,1.0
kmeans256|coord|static|p_unresolved_x|t0.7,position=9,268,0.96606,1.0,1.0,1.0,1.0
kmeans256|coord|static|p_unresolved_x|t0.7,position=10,268,0.975159,1.0,1.0,1.0,1.0
kmeans256|coord|static|p_unresolved_x|t0.7,position=11,268,0.957336,1.0,1.0,1.0,1.0
kmeans256|coord|static|p_unresolved_x|t0.7,position=12,268,0.964339,1.0,1.0,1.0,1.0
kmeans256|coord|static|p_unresolved_x|t0.7,position=13,268,0.967381,1.0,1.0,1.0,1.0
kmeans256|coord|static|p_unresolved_x|t0.7,position=14,268,0.979026,1.0,1.0,1.0,1.0
kmeans256|coord|static|p_unresolved_x|t0.7,position=15,268,0.985034,1.0,1.0,1.0,1.0
kmeans256|coord|static|p_unresolved_x|t0.7,domain=chat,1395,0.969225,1.0,1.0,1.0,1.0
kmeans256|coord|static|p_unresolved_x|t0.7,domain=code,510,0.991841,1.0,1.0,1.0,1.0
kmeans256|coord|static|p_unresolved_x|t0.7,domain=maths,300,0.990812,1.0,1.0,1.0,1.0
kmeans256|coord|static|p_unresolved_x|t0.7,domain=multilingual,1815,0.921911,1.0,1.0,1.0,1.0
kmeans256|coord|static|p_unresolved_q|t0.7,all,4020,0.959424,0.900427,1.0,1.0,1.0
kmeans256|coord|static|p_unresolved_q|t0.7,outcome=accepted,968,0.996969,0.999997,1.0,1.0,1.0
kmeans256|coord|static|p_unresolved_q|t0.7,outcome=rejected,243,0.94516,0.862894,0.999998,1.0,1.0
kmeans256|coord|static|p_unresolved_q|t0.7,outcome=unreached,2809,0.947719,0.84411,0.999989,1.0,1.0
kmeans256|coord|static|p_unresolved_q|t0.7,position=1,268,0.995249,0.997279,1.0,1.0,1.0
kmeans256|coord|static|p_unresolved_q|t0.7,position=2,268,0.948465,0.916945,1.0,1.0,1.0
kmeans256|coord|static|p_unresolved_q|t0.7,position=3,268,0.918254,0.653834,1.0,1.0,1.0
kmeans256|coord|static|p_unresolved_q|t0.7,position=4,268,0.924125,0.700503,0.999999,1.0,1.0
kmeans256|coord|static|p_unresolved_q|t0.7,position=5,268,0.921022,0.699127,0.999999,1.0,1.0
kmeans256|coord|static|p_unresolved_q|t0.7,position=6,268,0.944397,0.867113,1.0,1.0,1.0
kmeans256|coord|static|p_unresolved_q|t0.7,position=7,268,0.964524,0.903073,0.999999,1.0,1.0
kmeans256|coord|static|p_unresolved_q|t0.7,position=8,268,0.964636,0.889837,0.999999,1.0,1.0
kmeans256|coord|static|p_unresolved_q|t0.7,position=9,268,0.969725,0.943632,0.999999,1.0,1.0
kmeans256|coord|static|p_unresolved_q|t0.7,position=10,268,0.97248,0.925173,1.0,1.0,1.0
kmeans256|coord|static|p_unresolved_q|t0.7,position=11,268,0.968244,0.91101,0.999999,1.0,1.0
kmeans256|coord|static|p_unresolved_q|t0.7,position=12,268,0.973711,0.945336,0.999999,1.0,1.0
kmeans256|coord|static|p_unresolved_q|t0.7,position=13,268,0.972323,0.953251,1.0,1.0,1.0
kmeans256|coord|static|p_unresolved_q|t0.7,position=14,268,0.977405,0.953029,1.0,1.0,1.0
kmeans256|coord|static|p_unresolved_q|t0.7,position=15,268,0.976797,0.941345,1.0,1.0,1.0
kmeans256|coord|static|p_unresolved_q|t0.7,domain=chat,1395,0.970553,0.965559,1.0,1.0,1.0
kmeans256|coord|static|p_unresolved_q|t0.7,domain=code,510,0.990697,0.999921,1.0,1.0,1.0
kmeans256|coord|static|p_unresolved_q|t0.7,domain=maths,300,0.98771,0.994449,1.0,1.0,1.0
kmeans256|coord|static|p_unresolved_q|t0.7,domain=multilingual,1815,0.937407,0.79435,0.999903,1.0,1.0
kmeans256|group32|transport|tiles_skipped,all,4020,0.238566,0.240206,0.240206,0.243299,0.0
kmeans256|group32|transport|rows_skipped,all,4020,0.000935,0.000938,0.000938,0.000962,0.0
kmeans256|group32|transport|rows_skipped_taustar,all,4020,0.000945,0.000938,0.000938,0.000962,0.000938
kmeans256|group32|transport|log_width|t1.0,all,4020,166.286754,157.237129,166.262783,175.739396,194.157672
kmeans256|group32|transport|p_unresolved_x|t1.0,all,4020,0.964256,1.0,1.0,1.0,1.0
kmeans256|group32|transport|p_unresolved_q|t1.0,all,4020,0.98243,0.960583,1.0,1.0,1.0
kmeans256|group32|transport|log_width|t0.7,all,4020,234.945732,221.97175,234.931884,248.513074,275.039477
kmeans256|group32|transport|p_unresolved_x|t0.7,all,4020,0.952343,1.0,1.0,1.0,1.0
kmeans256|group32|transport|p_unresolved_q|t0.7,all,4020,0.959424,0.900427,1.0,1.0,1.0
kmeans256|group32|transport|log_width_retain64|t1.0,all,4020,150.278831,137.17572,151.405546,161.407493,183.151718
kmeans256|group32|transport|p_unresolved_x_retain64|t1.0,all,4020,0.583181,5.6e-05,1.0,1.0,1.0
kmeans256|group32|transport|rowlevel_rows_skipped,all,4020,0.000936,0.000938,0.000938,0.000962,0.0
kmeans256|group32|static|tiles_skipped,all,4020,0.238156,0.240206,0.240206,0.241237,0.0
kmeans256|group32|static|rows_skipped,all,4020,0.000932,0.000938,0.000938,0.000946,0.0
kmeans256|group32|static|rows_skipped_taustar,all,4020,0.000941,0.000938,0.000938,0.000946,0.000938
kmeans256|group32|static|log_width|t1.0,all,4020,181.017352,172.482355,182.14984,188.078517,193.111046
kmeans256|group32|static|p_unresolved_x|t1.0,all,4020,0.964256,1.0,1.0,1.0,1.0
kmeans256|group32|static|p_unresolved_q|t1.0,all,4020,0.98243,0.960583,1.0,1.0,1.0
kmeans256|group32|static|log_width|t0.7,all,4020,255.809919,243.585446,257.359175,265.867937,273.478064
kmeans256|group32|static|p_unresolved_x|t0.7,all,4020,0.952343,1.0,1.0,1.0,1.0
kmeans256|group32|static|p_unresolved_q|t0.7,all,4020,0.959424,0.900427,1.0,1.0,1.0
kmeans256|group128|transport|tiles_skipped,all,4020,0.238441,0.240206,0.240206,0.242268,0.0
kmeans256|group128|transport|rows_skipped,all,4020,0.000934,0.000938,0.000938,0.000954,0.0
kmeans256|group128|transport|rows_skipped_taustar,all,4020,0.000944,0.000938,0.000938,0.000954,0.000938
kmeans256|group128|transport|log_width|t1.0,all,4020,148.474925,140.964219,148.415049,156.661349,171.060967
kmeans256|group128|transport|p_unresolved_x|t1.0,all,4020,0.964256,1.0,1.0,1.0,1.0
kmeans256|group128|transport|p_unresolved_q|t1.0,all,4020,0.98243,0.960583,1.0,1.0,1.0
kmeans256|group128|transport|log_width|t0.7,all,4020,209.722483,198.961978,209.550709,221.285878,241.970123
kmeans256|group128|transport|p_unresolved_x|t0.7,all,4020,0.952343,1.0,1.0,1.0,1.0
kmeans256|group128|transport|p_unresolved_q|t0.7,all,4020,0.959424,0.900427,1.0,1.0,1.0
kmeans256|group128|transport|log_width_retain64|t1.0,all,4020,132.312224,119.093258,133.502574,142.964904,162.762267
kmeans256|group128|transport|p_unresolved_x_retain64|t1.0,all,4020,0.583181,5.6e-05,1.0,1.0,1.0
kmeans256|group128|transport|rowlevel_rows_skipped,all,4020,0.000935,0.000938,0.000938,0.000958,0.0
kmeans256|group128|static|tiles_skipped,all,4020,0.238089,0.240206,0.240206,0.241237,0.0
kmeans256|group128|static|rows_skipped,all,4020,0.000931,0.000938,0.000938,0.000946,0.0
kmeans256|group128|static|rows_skipped_taustar,all,4020,0.000941,0.000938,0.000938,0.000946,0.000938
kmeans256|group128|static|log_width|t1.0,all,4020,161.790155,154.668006,163.156352,167.071999,172.294411
kmeans256|group128|static|p_unresolved_x|t1.0,all,4020,0.964256,1.0,1.0,1.0,1.0
kmeans256|group128|static|p_unresolved_q|t1.0,all,4020,0.98243,0.960583,1.0,1.0,1.0
kmeans256|group128|static|log_width|t0.7,all,4020,228.340034,218.333438,230.252863,235.98282,243.235156
kmeans256|group128|static|p_unresolved_x|t0.7,all,4020,0.952343,1.0,1.0,1.0,1.0
kmeans256|group128|static|p_unresolved_q|t0.7,all,4020,0.959424,0.900427,1.0,1.0,1.0
kmeans256|lowrank_w64|transport|tiles_skipped,all,4020,0.238636,0.240206,0.240206,0.243299,0.0
kmeans256|lowrank_w64|transport|rows_skipped,all,4020,0.000935,0.000938,0.000938,0.000962,0.0
kmeans256|lowrank_w64|transport|rows_skipped_taustar,all,4020,0.000945,0.000938,0.000938,0.000962,0.000938
kmeans256|lowrank_w64|transport|log_width|t1.0,all,4020,147.681902,140.116654,147.408531,155.581039,178.895543
kmeans256|lowrank_w64|transport|p_unresolved_x|t1.0,all,4020,0.964256,1.0,1.0,1.0,1.0
kmeans256|lowrank_w64|transport|p_unresolved_q|t1.0,all,4020,0.98243,0.960583,1.0,1.0,1.0
kmeans256|lowrank_w64|transport|log_width|t0.7,all,4020,208.942681,198.068666,208.448533,220.621725,253.162542
kmeans256|lowrank_w64|transport|p_unresolved_x|t0.7,all,4020,0.952343,1.0,1.0,1.0,1.0
kmeans256|lowrank_w64|transport|p_unresolved_q|t0.7,all,4020,0.959424,0.900427,1.0,1.0,1.0
kmeans256|lowrank_w64|transport|log_width_retain64|t1.0,all,4020,131.05713,116.846455,132.24087,141.933413,167.780074
kmeans256|lowrank_w64|transport|p_unresolved_x_retain64|t1.0,all,4020,0.583181,5.6e-05,1.0,1.0,1.0
kmeans256|lowrank_w64|transport|rowlevel_rows_skipped,all,4020,0.000936,0.000938,0.000938,0.000962,0.0
kmeans256|lowrank_w64|static|tiles_skipped,all,4020,0.238213,0.240206,0.240206,0.242268,0.0
kmeans256|lowrank_w64|static|rows_skipped,all,4020,0.000932,0.000938,0.000938,0.000954,0.0
kmeans256|lowrank_w64|static|rows_skipped_taustar,all,4020,0.000942,0.000938,0.000938,0.000954,0.000938
kmeans256|lowrank_w64|static|log_width|t1.0,all,4020,161.98595,154.934422,163.055992,168.144826,179.554174
kmeans256|lowrank_w64|static|p_unresolved_x|t1.0,all,4020,0.964256,1.0,1.0,1.0,1.0
kmeans256|lowrank_w64|static|p_unresolved_q|t1.0,all,4020,0.98243,0.960583,1.0,1.0,1.0
kmeans256|lowrank_w64|static|log_width|t0.7,all,4020,228.626399,218.629402,230.111523,237.408424,253.966481
kmeans256|lowrank_w64|static|p_unresolved_x|t0.7,all,4020,0.952343,1.0,1.0,1.0,1.0
kmeans256|lowrank_w64|static|p_unresolved_q|t0.7,all,4020,0.959424,0.900427,1.0,1.0,1.0
kmeans256|lowrank_d64|transport|tiles_skipped,all,4020,0.240349,0.240206,0.240206,0.249485,0.0
kmeans256|lowrank_d64|transport|rows_skipped,all,4020,0.000949,0.000938,0.000938,0.001011,0.0
kmeans256|lowrank_d64|transport|rows_skipped_taustar,all,4020,0.000961,0.000938,0.000938,0.001011,0.000938
kmeans256|lowrank_d64|transport|log_width|t1.0,all,4020,138.920187,120.310043,140.114481,154.599877,177.101116
kmeans256|lowrank_d64|transport|p_unresolved_x|t1.0,all,4020,0.964256,1.0,1.0,1.0,1.0
kmeans256|lowrank_d64|transport|p_unresolved_q|t1.0,all,4020,0.98243,0.960583,1.0,1.0,1.0
kmeans256|lowrank_d64|transport|log_width|t0.7,all,4020,198.373379,172.043139,199.98684,220.332496,254.152787
kmeans256|lowrank_d64|transport|p_unresolved_x|t0.7,all,4020,0.952343,1.0,1.0,1.0,1.0
kmeans256|lowrank_d64|transport|p_unresolved_q|t0.7,all,4020,0.959424,0.900427,1.0,1.0,1.0
kmeans256|lowrank_d64|transport|log_width_retain64|t1.0,all,4020,119.963527,102.955983,120.156818,136.374164,161.24919
kmeans256|lowrank_d64|transport|p_unresolved_x_retain64|t1.0,all,4020,0.583181,5.6e-05,1.0,1.0,1.0
kmeans256|lowrank_d64|transport|rowlevel_rows_skipped,all,4020,0.000951,0.000938,0.000938,0.001015,0.0
kmeans256|lowrank_d64|static|tiles_skipped,all,4020,0.239288,0.240206,0.240206,0.245361,0.0
kmeans256|lowrank_d64|static|rows_skipped,all,4020,0.000941,0.000938,0.000938,0.000979,0.0
kmeans256|lowrank_d64|static|rows_skipped_taustar,all,4020,0.000951,0.000938,0.000938,0.000979,0.000938
kmeans256|lowrank_d64|static|log_width|t1.0,all,4020,148.755941,129.712569,150.527448,164.546413,171.313434
kmeans256|lowrank_d64|static|p_unresolved_x|t1.0,all,4020,0.964256,1.0,1.0,1.0,1.0
kmeans256|lowrank_d64|static|p_unresolved_q|t1.0,all,4020,0.98243,0.960583,1.0,1.0,1.0
kmeans256|lowrank_d64|static|log_width|t0.7,all,4020,210.785856,184.272092,213.371325,232.536691,243.780748
kmeans256|lowrank_d64|static|p_unresolved_x|t0.7,all,4020,0.952343,1.0,1.0,1.0,1.0
kmeans256|lowrank_d64|static|p_unresolved_q|t0.7,all,4020,0.959424,0.900427,1.0,1.0,1.0
kmeans256|lowrank_d256|transport|tiles_skipped,all,4020,0.243149,0.240206,0.240206,0.258763,0.0
kmeans256|lowrank_d256|transport|rows_skipped,all,4020,0.000971,0.000938,0.000938,0.001083,0.0
kmeans256|lowrank_d256|transport|rows_skipped_taustar,all,4020,0.000986,0.000938,0.000946,0.001091,0.000938
kmeans256|lowrank_d256|transport|log_width|t1.0,all,4020,159.508709,137.497392,161.152247,177.697159,203.273239
kmeans256|lowrank_d256|transport|p_unresolved_x|t1.0,all,4020,0.964256,1.0,1.0,1.0,1.0
kmeans256|lowrank_d256|transport|p_unresolved_q|t1.0,all,4020,0.98243,0.960583,1.0,1.0,1.0
kmeans256|lowrank_d256|transport|log_width|t0.7,all,4020,228.149559,196.285781,230.44717,254.401425,291.134397
kmeans256|lowrank_d256|transport|p_unresolved_x|t0.7,all,4020,0.952343,1.0,1.0,1.0,1.0
kmeans256|lowrank_d256|transport|p_unresolved_q|t0.7,all,4020,0.959424,0.900427,1.0,1.0,1.0
kmeans256|lowrank_d256|transport|log_width_retain64|t1.0,all,4020,139.978211,120.689773,140.94821,157.695316,184.305736
kmeans256|lowrank_d256|transport|p_unresolved_x_retain64|t1.0,all,4020,0.583181,5.6e-05,1.0,1.0,1.0
kmeans256|lowrank_d256|transport|rowlevel_rows_skipped,all,4020,0.000974,0.000938,0.000938,0.001099,0.0
kmeans256|lowrank_d256|static|tiles_skipped,all,4020,0.241628,0.240206,0.240206,0.253608,0.0
kmeans256|lowrank_d256|static|rows_skipped,all,4020,0.000959,0.000938,0.000938,0.001043,0.0
kmeans256|lowrank_d256|static|rows_skipped_taustar,all,4020,0.000972,0.000938,0.000938,0.001043,0.000938
kmeans256|lowrank_d256|static|log_width|t1.0,all,4020,170.906607,149.208201,173.314828,188.19125,195.93858
kmeans256|lowrank_d256|static|p_unresolved_x|t1.0,all,4020,0.964256,1.0,1.0,1.0,1.0
kmeans256|lowrank_d256|static|p_unresolved_q|t1.0,all,4020,0.98243,0.960583,1.0,1.0,1.0
kmeans256|lowrank_d256|static|log_width|t0.7,all,4020,243.01826,212.212133,246.588896,267.529314,278.977104
kmeans256|lowrank_d256|static|p_unresolved_x|t0.7,all,4020,0.952343,1.0,1.0,1.0,1.0
kmeans256|lowrank_d256|static|p_unresolved_q|t0.7,all,4020,0.959424,0.900427,1.0,1.0,1.0
kmeans256|best|transport|tiles_skipped,all,4020,0.253098,0.240206,0.241237,0.298969,0.0
kmeans256|best|transport|tiles_skipped,outcome=accepted,968,0.287203,0.25567,0.292784,0.307216,0.240206
kmeans256|best|transport|tiles_skipped,outcome=rejected,243,0.242501,0.240206,0.240206,0.259794,0.001031
kmeans256|best|transport|tiles_skipped,outcome=unreached,2809,0.242263,0.240206,0.240206,0.256701,0.0
kmeans256|best|transport|tiles_skipped,position=1,268,0.265575,0.240206,0.258763,0.304124,0.107216
kmeans256|best|transport|tiles_skipped,position=2,268,0.258294,0.240206,0.252062,0.298969,0.001031
kmeans256|best|transport|tiles_skipped,position=3,268,0.255216,0.239175,0.246907,0.30134,0.0
kmeans256|best|transport|tiles_skipped,position=4,268,0.254878,0.239175,0.243299,0.3,0.045361
kmeans256|best|transport|tiles_skipped,position=5,268,0.252031,0.239175,0.240206,0.30134,0.0
kmeans256|best|transport|tiles_skipped,position=6,268,0.254012,0.240206,0.242268,0.3,0.053608
kmeans256|best|transport|tiles_skipped,position=7,268,0.25207,0.240206,0.240206,0.3,0.021649
kmeans256|best|transport|tiles_skipped,position=8,268,0.25255,0.240206,0.240206,0.298969,0.040206
kmeans256|best|transport|tiles_skipped,position=9,268,0.251481,0.240206,0.240206,0.298247,0.005155
kmeans256|best|transport|tiles_skipped,position=10,268,0.252312,0.240206,0.240206,0.297216,0.081443
kmeans256|best|transport|tiles_skipped,position=11,268,0.251254,0.240206,0.240206,0.297938,0.039175
kmeans256|best|transport|tiles_skipped,position=12,268,0.250615,0.240206,0.240206,0.292062,0.226804
kmeans256|best|transport|tiles_skipped,position=13,268,0.248654,0.240206,0.240206,0.288969,0.001031
kmeans256|best|transport|tiles_skipped,position=14,268,0.24855,0.240206,0.240722,0.289691,0.036082
kmeans256|best|transport|tiles_skipped,position=15,268,0.248984,0.240206,0.241237,0.283402,0.115464
kmeans256|best|transport|tiles_skipped,domain=chat,1395,0.249425,0.240206,0.240206,0.285155,0.0
kmeans256|best|transport|tiles_skipped,domain=code,510,0.280746,0.240206,0.292268,0.308247,0.053608
kmeans256|best|transport|tiles_skipped,domain=maths,300,0.274292,0.240206,0.279897,0.306186,0.092784
kmeans256|best|transport|tiles_skipped,domain=multilingual,1815,0.24465,0.239175,0.240206,0.275258,0.0
kmeans256|best|transport|rows_skipped,all,4020,0.001049,0.000938,0.000946,0.001397,0.0
kmeans256|best|transport|rows_skipped,outcome=accepted,968,0.001307,0.001059,0.001349,0.001466,0.000938
kmeans256|best|transport|rows_skipped,outcome=rejected,243,0.00097,0.000938,0.000938,0.001091,4e-06
kmeans256|best|transport|rows_skipped,outcome=unreached,2809,0.000967,0.000938,0.000938,0.001067,0.0
kmeans256|best|transport|rows_skipped,position=1,268,0.001139,0.000938,0.001083,0.001438,0.000419
kmeans256|best|transport|rows_skipped,position=2,268,0.001095,0.000938,0.001031,0.001397,4e-06
kmeans256|best|transport|rows_skipped,position=3,268,0.001077,0.000934,0.000991,0.001416,0.0
kmeans256|best|transport|rows_skipped,position=4,268,0.001068,0.000934,0.000962,0.001405,0.000177
kmeans256|best|transport|rows_skipped,position=5,268,0.001053,0.000934,0.000938,0.001416,0.0
kmeans256|best|transport|rows_skipped,position=6,268,0.00106,0.000938,0.000954,0.001405,0.000209
kmeans256|best|transport|rows_skipped,position=7,268,0.001044,0.000938,0.000938,0.001405,8.5e-05
kmeans256|best|transport|rows_skipped,position=8,268,0.001042,0.000938,0.000938,0.001397,0.000157
kmeans256|best|transport|rows_skipped,position=9,268,0.001034,0.000938,0.000938,0.001392,2e-05
kmeans256|best|transport|rows_skipped,position=10,268,0.001038,0.000938,0.000938,0.001384,0.000318
kmeans256|best|transport|rows_skipped,position=11,268,0.001029,0.000938,0.000938,0.001389,0.000153
kmeans256|best|transport|rows_skipped,position=12,268,0.001021,0.000938,0.000938,0.001343,0.000886
kmeans256|best|transport|rows_skipped,position=13,268,0.001011,0.000938,0.000938,0.001319,4e-06
kmeans256|best|transport|rows_skipped,position=14,268,0.001009,0.000938,0.000942,0.001325,0.000141
kmeans256|best|transport|rows_skipped,position=15,268,0.00101,0.000938,0.000946,0.001276,0.000451
kmeans256|best|transport|rows_skipped,domain=chat,1395,0.001016,0.000938,0.000938,0.001289,0.0
kmeans256|best|transport|rows_skipped,domain=code,510,0.001258,0.000938,0.001345,0.00147,0.000209
kmeans256|best|transport|rows_skipped,domain=maths,300,0.001207,0.000938,0.001248,0.001454,0.000362
kmeans256|best|transport|rows_skipped,domain=multilingual,1815,0.000989,0.000934,0.000938,0.001212,0.0
kmeans256|best|transport|rows_skipped_taustar,all,4020,0.00108,0.000938,0.000995,0.001397,0.000938
kmeans256|best|transport|rows_skipped_taustar,outcome=accepted,968,0.001307,0.001059,0.001349,0.001466,0.000938
kmeans256|best|transport|rows_skipped_taustar,outcome=rejected,243,0.001065,0.000946,0.001019,0.001293,0.000938
kmeans256|best|transport|rows_skipped_taustar,outcome=unreached,2809,0.001003,0.000938,0.000962,0.001124,0.000938
kmeans256|best|transport|rows_skipped_taustar,position=1,268,0.001156,0.000954,0.001099,0.001438,0.000938
kmeans256|best|transport|rows_skipped_taustar,position=2,268,0.001131,0.000938,0.001075,0.001405,0.000938
kmeans256|best|transport|rows_skipped_taustar,position=3,268,0.001115,0.000938,0.001027,0.001416,0.000938
kmeans256|best|transport|rows_skipped_taustar,position=4,268,0.001105,0.000938,0.001019,0.001405,0.000938
kmeans256|best|transport|rows_skipped_taustar,position=5,268,0.001098,0.000938,0.000995,0.001416,0.000938
kmeans256|best|transport|rows_skipped_taustar,position=6,268,0.00109,0.000938,0.000995,0.001408,0.000938
kmeans256|best|transport|rows_skipped_taustar,position=7,268,0.00108,0.000938,0.000979,0.001413,0.000938
kmeans256|best|transport|rows_skipped_taustar,position=8,268,0.001067,0.000938,0.000971,0.001397,0.000938
kmeans256|best|transport|rows_skipped_taustar,position=9,268,0.001063,0.000938,0.000971,0.001392,0.000938
kmeans256|best|transport|rows_skipped_taustar,position=10,268,0.001061,0.000938,0.000975,0.001384,0.000938
kmeans256|best|transport|rows_skipped_taustar,position=11,268,0.001058,0.000938,0.000971,0.001392,0.000938
kmeans256|best|transport|rows_skipped_taustar,position=12,268,0.001047,0.000938,0.000971,0.001343,0.000938
kmeans256|best|transport|rows_skipped_taustar,position=13,268,0.001045,0.000938,0.000979,0.001346,0.000938
kmeans256|best|transport|rows_skipped_taustar,position=14,268,0.001042,0.000938,0.000983,0.001332,0.000938
kmeans256|best|transport|rows_skipped_taustar,position=15,268,0.001039,0.000938,0.000979,0.001303,0.000938
kmeans256|best|transport|rows_skipped_taustar,domain=chat,1395,0.001046,0.000938,0.000979,0.001298,0.000938
kmeans256|best|transport|rows_skipped_taustar,domain=code,510,0.001281,0.000995,0.001349,0.00147,0.000938
kmeans256|best|transport|rows_skipped_taustar,domain=maths,300,0.001237,0.000978,0.001273,0.001454,0.000938
kmeans256|best|transport|rows_skipped_taustar,domain=multilingual,1815,0.001023,0.000938,0.000962,0.001244,0.000938
kmeans256|best|transport|log_width|t1.0,all,4020,136.661939,120.229794,137.912976,150.470315,165.575462
kmeans256|best|transport|log_width|t1.0,outcome=accepted,968,142.467004,131.30708,142.507101,153.238893,165.313524
kmeans256|best|transport|log_width|t1.0,outcome=rejected,243,142.412931,132.578073,142.095119,152.365412,165.575462
kmeans256|best|transport|log_width|t1.0,outcome=unreached,2809,134.16397,117.880613,134.840388,148.897813,165.488325
kmeans256|best|transport|log_width|t1.0,position=1,268,141.764647,132.725622,141.117291,150.588812,165.313524
kmeans256|best|transport|log_width|t1.0,position=2,268,143.051237,134.966268,142.79234,152.241351,165.575462
kmeans256|best|transport|log_width|t1.0,position=3,268,142.967011,133.128615,143.665023,152.275516,161.637392
kmeans256|best|transport|log_width|t1.0,position=4,268,143.494678,132.508237,143.770907,154.17663,162.564366
kmeans256|best|transport|log_width|t1.0,position=5,268,141.760767,130.523346,143.042419,152.671839,161.518884
kmeans256|best|transport|log_width|t1.0,position=6,268,140.6906,128.688202,141.139953,152.872376,161.461385
kmeans256|best|transport|log_width|t1.0,position=7,268,138.916279,126.464279,139.673623,151.234726,161.206168
kmeans256|best|transport|log_width|t1.0,position=8,268,137.369564,124.327796,137.94913,149.38181,162.736461
kmeans256|best|transport|log_width|t1.0,position=9,268,136.12156,122.027972,136.119278,149.85808,159.507634
kmeans256|best|transport|log_width|t1.0,position=10,268,133.810502,120.085238,133.416985,147.673937,161.428284
kmeans256|best|transport|log_width|t1.0,position=11,268,131.876748,117.422128,132.726167,146.138095,162.366116
kmeans256|best|transport|log_width|t1.0,position=12,268,131.252492,116.289929,131.16764,146.786891,163.366369
kmeans256|best|transport|log_width|t1.0,position=13,268,130.726038,115.580258,130.780168,146.402697,165.488325
kmeans256|best|transport|log_width|t1.0,position=14,268,128.734676,113.45561,127.523436,146.194118,163.977012
kmeans256|best|transport|log_width|t1.0,position=15,268,127.392286,112.285417,126.978506,142.65175,158.381169
kmeans256|best|transport|log_width|t1.0,domain=chat,1395,134.891904,116.040563,137.67285,149.73715,165.488325
kmeans256|best|transport|log_width|t1.0,domain=code,510,139.711,127.008111,140.701364,151.906227,164.929079
kmeans256|best|transport|log_width|t1.0,domain=maths,300,138.141405,120.168596,140.087465,152.156029,162.564366
kmeans256|best|transport|log_width|t1.0,domain=multilingual,1815,136.921078,123.074574,137.109415,150.176829,165.575462
kmeans256|best|transport|p_unresolved_x|t1.0,all,4020,0.964256,1.0,1.0,1.0,1.0
kmeans256|best|transport|p_unresolved_x|t1.0,outcome=accepted,968,1.0,1.0,1.0,1.0,1.0
kmeans256|best|transport|p_unresolved_x|t1.0,outcome=rejected,243,0.946575,1.0,1.0,1.0,1.0
kmeans256|best|transport|p_unresolved_x|t1.0,outcome=unreached,2809,0.953469,1.0,1.0,1.0,1.0
kmeans256|best|transport|p_unresolved_x|t1.0,position=1,268,0.996595,1.0,1.0,1.0,1.0
kmeans256|best|transport|p_unresolved_x|t1.0,position=2,268,0.95068,1.0,1.0,1.0,1.0
kmeans256|best|transport|p_unresolved_x|t1.0,position=3,268,0.922629,1.0,1.0,1.0,1.0
kmeans256|best|transport|p_unresolved_x|t1.0,position=4,268,0.927162,1.0,1.0,1.0,1.0
kmeans256|best|transport|p_unresolved_x|t1.0,position=5,268,0.926944,0.924996,1.0,1.0,1.0
kmeans256|best|transport|p_unresolved_x|t1.0,position=6,268,0.947882,1.0,1.0,1.0,1.0
kmeans256|best|transport|p_unresolved_x|t1.0,position=7,268,0.970208,1.0,1.0,1.0,1.0
kmeans256|best|transport|p_unresolved_x|t1.0,position=8,268,0.9738,1.0,1.0,1.0,1.0
kmeans256|best|transport|p_unresolved_x|t1.0,position=9,268,0.973743,1.0,1.0,1.0,1.0
kmeans256|best|transport|p_unresolved_x|t1.0,position=10,268,0.982712,1.0,1.0,1.0,1.0
kmeans256|best|transport|p_unresolved_x|t1.0,position=11,268,0.966352,1.0,1.0,1.0,1.0
kmeans256|best|transport|p_unresolved_x|t1.0,position=12,268,0.973984,1.0,1.0,1.0,1.0
kmeans256|best|transport|p_unresolved_x|t1.0,position=13,268,0.977237,1.0,1.0,1.0,1.0
kmeans256|best|transport|p_unresolved_x|t1.0,position=14,268,0.98535,1.0,1.0,1.0,1.0
kmeans256|best|transport|p_unresolved_x|t1.0,position=15,268,0.988567,1.0,1.0,1.0,1.0
kmeans256|best|transport|p_unresolved_x|t1.0,domain=chat,1395,0.975344,1.0,1.0,1.0,1.0
kmeans256|best|transport|p_unresolved_x|t1.0,domain=code,510,0.990395,1.0,1.0,1.0,1.0
kmeans256|best|transport|p_unresolved_x|t1.0,domain=maths,300,0.991814,1.0,1.0,1.0,1.0
kmeans256|best|transport|p_unresolved_x|t1.0,domain=multilingual,1815,0.943835,1.0,1.0,1.0,1.0
kmeans256|best|transport|p_unresolved_q|t1.0,all,4020,0.98243,0.960583,1.0,1.0,1.0
kmeans256|best|transport|p_unresolved_q|t1.0,outcome=accepted,968,0.996406,0.999882,1.0,1.0,1.0
kmeans256|best|transport|p_unresolved_q|t1.0,outcome=rejected,243,0.976023,0.95798,0.999976,1.0,1.0
kmeans256|best|transport|p_unresolved_q|t1.0,outcome=unreached,2809,0.978169,0.93602,0.999995,1.0,1.0
kmeans256|best|transport|p_unresolved_q|t1.0,position=1,268,0.998675,0.998033,1.0,1.0,1.0
kmeans256|best|transport|p_unresolved_q|t1.0,position=2,268,0.976379,0.973348,1.0,1.0,1.0
kmeans256|best|transport|p_unresolved_q|t1.0,position=3,268,0.967657,0.886044,0.999993,1.0,1.0
kmeans256|best|transport|p_unresolved_q|t1.0,position=4,268,0.970201,0.895874,0.999989,1.0,1.0
kmeans256|best|transport|p_unresolved_q|t1.0,position=5,268,0.965777,0.894307,0.999989,1.0,1.0
kmeans256|best|transport|p_unresolved_q|t1.0,position=6,268,0.975956,0.931641,0.999996,1.0,1.0
kmeans256|best|transport|p_unresolved_q|t1.0,position=7,268,0.985399,0.959302,0.999998,1.0,1.0
kmeans256|best|transport|p_unresolved_q|t1.0,position=8,268,0.983662,0.969915,0.999999,1.0,1.0
kmeans256|best|transport|p_unresolved_q|t1.0,position=9,268,0.986782,0.976944,1.0,1.0,1.0
kmeans256|best|transport|p_unresolved_q|t1.0,position=10,268,0.988195,0.987727,1.0,1.0,1.0
kmeans256|best|transport|p_unresolved_q|t1.0,position=11,268,0.984362,0.955806,1.0,1.0,1.0
kmeans256|best|transport|p_unresolved_q|t1.0,position=12,268,0.98693,0.976183,1.0,1.0,1.0
kmeans256|best|transport|p_unresolved_q|t1.0,position=13,268,0.989017,0.982039,1.0,1.0,1.0
kmeans256|best|transport|p_unresolved_q|t1.0,position=14,268,0.988462,0.984931,1.0,1.0,1.0
kmeans256|best|transport|p_unresolved_q|t1.0,position=15,268,0.989001,0.970187,1.0,1.0,1.0
kmeans256|best|transport|p_unresolved_q|t1.0,domain=chat,1395,0.984452,0.984279,1.0,1.0,1.0
kmeans256|best|transport|p_unresolved_q|t1.0,domain=code,510,0.991512,0.998581,1.0,1.0,1.0
kmeans256|best|transport|p_unresolved_q|t1.0,domain=maths,300,0.991293,0.993675,1.0,1.0,1.0
kmeans256|best|transport|p_unresolved_q|t1.0,domain=multilingual,1815,0.97686,0.934771,0.999949,1.0,1.0
kmeans256|best|transport|log_width|t0.7,all,4020,194.467494,171.823192,196.10297,213.541886,237.682826
kmeans256|best|transport|log_width|t0.7,outcome=accepted,968,203.126271,187.475577,202.801721,218.914077,237.682826
kmeans256|best|transport|log_width|t0.7,outcome=rejected,243,201.25218,187.923732,200.596855,215.174667,233.788769
kmeans256|best|transport|log_width|t0.7,outcome=unreached,2809,190.896696,168.519611,192.362385,210.440109,235.401927
kmeans256|best|transport|log_width|t0.7,position=1,268,201.005347,187.940493,200.063303,213.428917,237.682826
kmeans256|best|transport|log_width|t0.7,position=2,268,202.826592,192.48401,202.192157,215.875385,233.841568
kmeans256|best|transport|log_width|t0.7,position=3,268,202.813243,189.952263,202.857327,215.790979,231.249226
kmeans256|best|transport|log_width|t0.7,position=4,268,203.695937,189.233471,203.358688,218.657663,233.811859
kmeans256|best|transport|log_width|t0.7,position=5,268,201.354725,186.526086,202.427444,215.377625,230.868881
kmeans256|best|transport|log_width|t0.7,position=6,268,200.132262,183.838312,200.559374,216.850117,232.002084
kmeans256|best|transport|log_width|t0.7,position=7,268,197.703788,180.260879,197.604936,214.990377,229.346603
kmeans256|best|transport|log_width|t0.7,position=8,268,195.602405,177.423563,196.611798,212.308547,233.58003
kmeans256|best|transport|log_width|t0.7,position=9,268,193.88577,174.491998,193.570153,212.014801,228.415673
kmeans256|best|transport|log_width|t0.7,position=10,268,190.713947,171.54055,190.682261,210.15691,228.479978
kmeans256|best|transport|log_width|t0.7,position=11,268,188.047348,167.622006,189.317794,206.673685,233.024835
kmeans256|best|transport|log_width|t0.7,position=12,268,187.165852,166.427821,187.27789,208.52289,234.505702
kmeans256|best|transport|log_width|t0.7,position=13,268,186.401649,164.737295,186.487686,207.530206,237.029838
kmeans256|best|transport|log_width|t0.7,position=14,268,183.6991,162.103872,182.452995,207.890706,231.749891
kmeans256|best|transport|log_width|t0.7,position=15,268,181.964453,160.251263,181.698316,203.109378,227.561324
kmeans256|best|transport|log_width|t0.7,domain=chat,1395,191.758294,165.468038,195.551072,211.674309,235.401927
kmeans256|best|transport|log_width|t0.7,domain=code,510,199.636937,181.769927,200.564382,217.372453,237.029838
kmeans256|best|transport|log_width|t0.7,domain=maths,300,197.085718,172.022278,199.987437,217.8996,233.811859
kmeans256|best|transport|log_width|t0.7,domain=multilingual,1815,194.664438,175.997288,194.647791,212.490043,237.682826
kmeans256|best|transport|p_unresolved_x|t0.7,all,4020,0.952343,1.0,1.0,1.0,1.0
kmeans256|best|transport|p_unresolved_x|t0.7,outcome=accepted,968,1.0,1.0,1.0,1.0,1.0
kmeans256|best|transport|p_unresolved_x|t0.7,outcome=rejected,243,0.929363,1.0,1.0,1.0,1.0
kmeans256|best|transport|p_unresolved_x|t0.7,outcome=unreached,2809,0.937908,1.0,1.0,1.0,1.0
kmeans256|best|transport|p_unresolved_x|t0.7,position=1,268,0.996272,1.0,1.0,1.0,1.0
kmeans256|best|transport|p_unresolved_x|t0.7,position=2,268,0.93775,1.0,1.0,1.0,1.0
kmeans256|best|transport|p_unresolved_x|t0.7,position=3,268,0.903174,0.556628,1.0,1.0,1.0
kmeans256|best|transport|p_unresolved_x|t0.7,position=4,268,0.901072,0.410042,1.0,1.0,1.0
kmeans256|best|transport|p_unresolved_x|t0.7,position=5,268,0.905824,0.488153,1.0,1.0,1.0
kmeans256|best|transport|p_unresolved_x|t0.7,position=6,268,0.937459,1.0,1.0,1.0,1.0
kmeans256|best|transport|p_unresolved_x|t0.7,position=7,268,0.950883,1.0,1.0,1.0,1.0
kmeans256|best|transport|p_unresolved_x|t0.7,position=8,268,0.958378,1.0,1.0,1.0,1.0
kmeans256|best|transport|p_unresolved_x|t0.7,position=9,268,0.96606,1.0,1.0,1.0,1.0
kmeans256|best|transport|p_unresolved_x|t0.7,position=10,268,0.975159,1.0,1.0,1.0,1.0
kmeans256|best|transport|p_unresolved_x|t0.7,position=11,268,0.957336,1.0,1.0,1.0,1.0
kmeans256|best|transport|p_unresolved_x|t0.7,position=12,268,0.964339,1.0,1.0,1.0,1.0
kmeans256|best|transport|p_unresolved_x|t0.7,position=13,268,0.967381,1.0,1.0,1.0,1.0
kmeans256|best|transport|p_unresolved_x|t0.7,position=14,268,0.979026,1.0,1.0,1.0,1.0
kmeans256|best|transport|p_unresolved_x|t0.7,position=15,268,0.985034,1.0,1.0,1.0,1.0
kmeans256|best|transport|p_unresolved_x|t0.7,domain=chat,1395,0.969225,1.0,1.0,1.0,1.0
kmeans256|best|transport|p_unresolved_x|t0.7,domain=code,510,0.991841,1.0,1.0,1.0,1.0
kmeans256|best|transport|p_unresolved_x|t0.7,domain=maths,300,0.990812,1.0,1.0,1.0,1.0
kmeans256|best|transport|p_unresolved_x|t0.7,domain=multilingual,1815,0.921911,1.0,1.0,1.0,1.0
kmeans256|best|transport|p_unresolved_q|t0.7,all,4020,0.959424,0.900427,1.0,1.0,1.0
kmeans256|best|transport|p_unresolved_q|t0.7,outcome=accepted,968,0.996969,0.999997,1.0,1.0,1.0
kmeans256|best|transport|p_unresolved_q|t0.7,outcome=rejected,243,0.94516,0.862894,0.999998,1.0,1.0
kmeans256|best|transport|p_unresolved_q|t0.7,outcome=unreached,2809,0.947719,0.84411,0.999989,1.0,1.0
kmeans256|best|transport|p_unresolved_q|t0.7,position=1,268,0.995249,0.997279,1.0,1.0,1.0
kmeans256|best|transport|p_unresolved_q|t0.7,position=2,268,0.948465,0.916945,1.0,1.0,1.0
kmeans256|best|transport|p_unresolved_q|t0.7,position=3,268,0.918254,0.653834,1.0,1.0,1.0
kmeans256|best|transport|p_unresolved_q|t0.7,position=4,268,0.924125,0.700503,0.999999,1.0,1.0
kmeans256|best|transport|p_unresolved_q|t0.7,position=5,268,0.921022,0.699127,0.999999,1.0,1.0
kmeans256|best|transport|p_unresolved_q|t0.7,position=6,268,0.944397,0.867113,1.0,1.0,1.0
kmeans256|best|transport|p_unresolved_q|t0.7,position=7,268,0.964524,0.903073,0.999999,1.0,1.0
kmeans256|best|transport|p_unresolved_q|t0.7,position=8,268,0.964636,0.889837,0.999999,1.0,1.0
kmeans256|best|transport|p_unresolved_q|t0.7,position=9,268,0.969725,0.943632,0.999999,1.0,1.0
kmeans256|best|transport|p_unresolved_q|t0.7,position=10,268,0.97248,0.925173,1.0,1.0,1.0
kmeans256|best|transport|p_unresolved_q|t0.7,position=11,268,0.968244,0.91101,0.999999,1.0,1.0
kmeans256|best|transport|p_unresolved_q|t0.7,position=12,268,0.973711,0.945336,0.999999,1.0,1.0
kmeans256|best|transport|p_unresolved_q|t0.7,position=13,268,0.972323,0.953251,1.0,1.0,1.0
kmeans256|best|transport|p_unresolved_q|t0.7,position=14,268,0.977405,0.953029,1.0,1.0,1.0
kmeans256|best|transport|p_unresolved_q|t0.7,position=15,268,0.976797,0.941345,1.0,1.0,1.0
kmeans256|best|transport|p_unresolved_q|t0.7,domain=chat,1395,0.970553,0.965559,1.0,1.0,1.0
kmeans256|best|transport|p_unresolved_q|t0.7,domain=code,510,0.990697,0.999921,1.0,1.0,1.0
kmeans256|best|transport|p_unresolved_q|t0.7,domain=maths,300,0.98771,0.994449,1.0,1.0,1.0
kmeans256|best|transport|p_unresolved_q|t0.7,domain=multilingual,1815,0.937407,0.79435,0.999903,1.0,1.0
kmeans256|best|transport|log_width_retain64|t1.0,all,4020,118.757597,102.569065,119.054034,134.384216,159.884806
kmeans256|best|transport|log_width_retain64|t1.0,outcome=accepted,968,115.570274,101.980528,116.155814,127.881583,140.100498
kmeans256|best|transport|log_width_retain64|t1.0,outcome=rejected,243,125.982773,113.409562,126.622985,137.051309,154.770386
kmeans256|best|transport|log_width_retain64|t1.0,outcome=unreached,2809,119.230937,102.253678,119.495928,135.648224,159.884806
kmeans256|best|transport|log_width_retain64|t1.0,position=1,268,121.400173,106.944383,122.374501,134.068063,147.01127
kmeans256|best|transport|log_width_retain64|t1.0,position=2,268,123.82158,108.699807,124.443006,137.2495,158.406145
kmeans256|best|transport|log_width_retain64|t1.0,position=3,268,124.168775,108.884782,125.279517,137.653836,154.770386
kmeans256|best|transport|log_width_retain64|t1.0,position=4,268,124.836136,108.237983,126.174407,139.505298,154.439055
kmeans256|best|transport|log_width_retain64|t1.0,position=5,268,123.528974,105.630728,125.274593,137.825641,159.884806
kmeans256|best|transport|log_width_retain64|t1.0,position=6,268,122.500371,108.968466,123.338335,136.057437,153.860453
kmeans256|best|transport|log_width_retain64|t1.0,position=7,268,121.097517,107.304492,121.479974,136.464681,152.771994
kmeans256|best|transport|log_width_retain64|t1.0,position=8,268,119.91474,105.303025,120.307318,133.439801,149.845096
kmeans256|best|transport|log_width_retain64|t1.0,position=9,268,118.816453,104.513219,118.772645,133.223661,148.222116
kmeans256|best|transport|log_width_retain64|t1.0,position=10,268,116.420833,103.451387,116.343542,129.732592,142.267675
kmeans256|best|transport|log_width_retain64|t1.0,position=11,268,114.667638,100.761559,114.770597,127.923585,143.373383
kmeans256|best|transport|log_width_retain64|t1.0,position=12,268,114.242734,100.58696,114.135594,128.372963,145.874045
kmeans256|best|transport|log_width_retain64|t1.0,position=13,268,113.760079,98.68378,114.095343,128.568664,148.267723
kmeans256|best|transport|log_width_retain64|t1.0,position=14,268,111.738266,97.206936,110.735532,127.409833,144.508325
kmeans256|best|transport|log_width_retain64|t1.0,position=15,268,110.449691,96.173901,110.126349,125.622207,150.524337
kmeans256|best|transport|log_width_retain64|t1.0,domain=chat,1395,117.938157,99.471709,119.129247,134.351598,159.884806
kmeans256|best|transport|log_width_retain64|t1.0,domain=code,510,112.916754,99.667582,113.11296,125.352135,144.516771
kmeans256|best|transport|log_width_retain64|t1.0,domain=maths,300,113.528275,101.059649,114.142504,124.730515,136.733447
kmeans256|best|transport|log_width_retain64|t1.0,domain=multilingual,1815,121.892995,106.915646,122.325295,136.554051,158.406145
kmeans256|best|transport|p_unresolved_x_retain64|t1.0,all,4020,0.583181,5.6e-05,1.0,1.0,1.0
kmeans256|best|transport|p_unresolved_x_retain64|t1.0,outcome=accepted,968,0.994234,1.0,1.0,1.0,1.0
kmeans256|best|transport|p_unresolved_x_retain64|t1.0,outcome=rejected,243,0.290098,0.0,0.110256,0.97402,1.0
kmeans256|best|transport|p_unresolved_x_retain64|t1.0,outcome=unreached,2809,0.466884,1.6e-05,0.244174,1.0,1.0
kmeans256|best|transport|p_unresolved_x_retain64|t1.0,position=1,268,0.785338,0.025582,1.0,1.0,1.0
kmeans256|best|transport|p_unresolved_x_retain64|t1.0,position=2,268,0.702613,2.2e-05,1.0,1.0,1.0
kmeans256|best|transport|p_unresolved_x_retain64|t1.0,position=3,268,0.635766,1.2e-05,1.0,1.0,1.0
kmeans256|best|transport|p_unresolved_x_retain64|t1.0,position=4,268,0.566407,8e-06,0.99916,1.0,1.0
kmeans256|best|transport|p_unresolved_x_retain64|t1.0,position=5,268,0.559202,3e-06,0.969385,1.0,1.0
kmeans256|best|transport|p_unresolved_x_retain64|t1.0,position=6,268,0.602963,3.7e-05,1.0,1.0,1.0
kmeans256|best|transport|p_unresolved_x_retain64|t1.0,position=7,268,0.537943,8.9e-05,0.829461,1.0,1.0
kmeans256|best|transport|p_unresolved_x_retain64|t1.0,position=8,268,0.54618,1.1e-05,0.878092,1.0,1.0
kmeans256|best|transport|p_unresolved_x_retain64|t1.0,position=9,268,0.555079,8.7e-05,0.809649,1.0,1.0
kmeans256|best|transport|p_unresolved_x_retain64|t1.0,position=10,268,0.524837,0.000161,0.515437,1.0,1.0
kmeans256|best|transport|p_unresolved_x_retain64|t1.0,position=11,268,0.544898,0.000254,0.609979,1.0,1.0
kmeans256|best|transport|p_unresolved_x_retain64|t1.0,position=12,268,0.509257,5.2e-05,0.382499,1.0,1.0
kmeans256|best|transport|p_unresolved_x_retain64|t1.0,position=13,268,0.517806,0.00024,0.511466,1.0,1.0
kmeans256|best|transport|p_unresolved_x_retain64|t1.0,position=14,268,0.567791,0.000428,0.935972,1.0,1.0
kmeans256|best|transport|p_unresolved_x_retain64|t1.0,position=15,268,0.591641,0.000479,1.0,1.0,1.0
kmeans256|best|transport|p_unresolved_x_retain64|t1.0,domain=chat,1395,0.508366,4e-05,0.452801,1.0,1.0
kmeans256|best|transport|p_unresolved_x_retain64|t1.0,domain=code,510,0.813641,0.009376,1.0,1.0,1.0
kmeans256|best|transport|p_unresolved_x_retain64|t1.0,domain=maths,300,0.761897,0.001861,1.0,1.0,1.0
kmeans256|best|transport|p_unresolved_x_retain64|t1.0,domain=multilingual,1815,0.546387,3.1e-05,0.755835,1.0,1.0
kmeans256|best|transport|rowlevel_rows_skipped,all,4020,0.001055,0.000938,0.00095,0.001405,0.0
kmeans256|best|transport|rowlevel_rows_skipped,outcome=accepted,968,0.00132,0.001075,0.001365,0.001474,0.000938
kmeans256|best|transport|rowlevel_rows_skipped,outcome=rejected,243,0.000975,0.000938,0.000942,0.001107,4e-06
kmeans256|best|transport|rowlevel_rows_skipped,outcome=unreached,2809,0.000971,0.000938,0.000938,0.00108,0.0
kmeans256|best|transport|rowlevel_rows_skipped,position=1,268,0.001149,0.000938,0.001097,0.001446,0.000419
kmeans256|best|transport|rowlevel_rows_skipped,position=2,268,0.001104,0.000938,0.001043,0.001413,4e-06
kmeans256|best|transport|rowlevel_rows_skipped,position=3,268,0.001085,0.000934,0.000997,0.001426,0.0
kmeans256|best|transport|rowlevel_rows_skipped,position=4,268,0.001075,0.000934,0.000966,0.001419,0.000177
kmeans256|best|transport|rowlevel_rows_skipped,position=5,268,0.00106,0.000934,0.000942,0.001428,0.0
kmeans256|best|transport|rowlevel_rows_skipped,position=6,268,0.001067,0.000938,0.000954,0.001418,0.000209
kmeans256|best|transport|rowlevel_rows_skipped,position=7,268,0.00105,0.000938,0.000942,0.001415,8.5e-05
kmeans256|best|transport|rowlevel_rows_skipped,position=8,268,0.001048,0.000938,0.000938,0.001401,0.000157
kmeans256|best|transport|rowlevel_rows_skipped,position=9,268,0.001039,0.000938,0.000942,0.001403,2e-05
kmeans256|best|transport|rowlevel_rows_skipped,position=10,268,0.001045,0.000938,0.000942,0.001401,0.000318
kmeans256|best|transport|rowlevel_rows_skipped,position=11,268,0.001034,0.000938,0.000942,0.001397,0.000153
kmeans256|best|transport|rowlevel_rows_skipped,position=12,268,0.001026,0.000938,0.000938,0.001373,0.000886
kmeans256|best|transport|rowlevel_rows_skipped,position=13,268,0.001016,0.000938,0.000938,0.001333,4e-06
kmeans256|best|transport|rowlevel_rows_skipped,position=14,268,0.001014,0.000938,0.000946,0.001335,0.000141
kmeans256|best|transport|rowlevel_rows_skipped,position=15,268,0.001015,0.000938,0.000948,0.001303,0.000451
kmeans256|best|transport|rowlevel_rows_skipped,domain=chat,1395,0.001022,0.000938,0.000942,0.001307,0.0
kmeans256|best|transport|rowlevel_rows_skipped,domain=code,510,0.00127,0.000938,0.001357,0.001478,0.000209
kmeans256|best|transport|rowlevel_rows_skipped,domain=maths,300,0.001218,0.000938,0.001267,0.001462,0.000362
kmeans256|best|transport|rowlevel_rows_skipped,domain=multilingual,1815,0.000994,0.000934,0.000938,0.001235,0.0
kmeans256|best|static|tiles_skipped,all,4020,0.249743,0.240206,0.240206,0.289691,0.0
kmeans256|best|static|tiles_skipped,outcome=accepted,968,0.278176,0.247423,0.282474,0.303093,0.240206
kmeans256|best|static|tiles_skipped,outcome=rejected,243,0.239553,0.240206,0.240206,0.249485,0.001031
kmeans256|best|static|tiles_skipped,outcome=unreached,2809,0.240826,0.240206,0.240206,0.251546,0.0
kmeans256|best|static|tiles_skipped,position=1,268,0.25689,0.240206,0.249485,0.294124,0.107216
kmeans256|best|static|tiles_skipped,position=2,268,0.252123,0.240206,0.245361,0.288247,0.001031
kmeans256|best|static|tiles_skipped,position=3,268,0.250539,0.239175,0.242268,0.294845,0.0
kmeans256|best|static|tiles_skipped,position=4,268,0.251039,0.239175,0.241237,0.294124,0.045361
kmeans256|best|static|tiles_skipped,position=5,268,0.249192,0.239175,0.240206,0.295876,0.0
kmeans256|best|static|tiles_skipped,position=6,268,0.250973,0.240206,0.240206,0.293093,0.053608
kmeans256|best|static|tiles_skipped,position=7,268,0.249265,0.240206,0.240206,0.293814,0.021649
kmeans256|best|static|tiles_skipped,position=8,268,0.250058,0.240206,0.240206,0.291031,0.040206
kmeans256|best|static|tiles_skipped,position=9,268,0.248796,0.240206,0.240206,0.286907,0.005155
kmeans256|best|static|tiles_skipped,position=10,268,0.249681,0.240206,0.240206,0.287938,0.081443
kmeans256|best|static|tiles_skipped,position=11,268,0.2489,0.240206,0.240206,0.287938,0.039175
kmeans256|best|static|tiles_skipped,position=12,268,0.248373,0.240206,0.240206,0.279691,0.226804
kmeans256|best|static|tiles_skipped,position=13,268,0.2469,0.240206,0.240206,0.287216,0.001031
kmeans256|best|static|tiles_skipped,position=14,268,0.246496,0.240206,0.240206,0.278557,0.036082
kmeans256|best|static|tiles_skipped,position=15,268,0.246915,0.240206,0.240206,0.276907,0.115464
kmeans256|best|static|tiles_skipped,domain=chat,1395,0.246404,0.240206,0.240206,0.270103,0.0
kmeans256|best|static|tiles_skipped,domain=code,510,0.273758,0.240206,0.280412,0.303093,0.053608
kmeans256|best|static|tiles_skipped,domain=maths,300,0.268223,0.240206,0.268041,0.301031,0.092784
kmeans256|best|static|tiles_skipped,domain=multilingual,1815,0.242505,0.239175,0.240206,0.265979,0.0
kmeans256|best|static|rows_skipped,all,4020,0.001022,0.000938,0.000938,0.001325,0.0
kmeans256|best|static|rows_skipped,outcome=accepted,968,0.001235,0.000995,0.001269,0.00143,0.000938
kmeans256|best|static|rows_skipped,outcome=rejected,243,0.000947,0.000938,0.000938,0.001011,4e-06
kmeans256|best|static|rows_skipped,outcome=unreached,2809,0.000955,0.000938,0.000938,0.001027,0.0
kmeans256|best|static|rows_skipped,position=1,268,0.001071,0.000938,0.001011,0.00136,0.000419
kmeans256|best|static|rows_skipped,position=2,268,0.001047,0.000938,0.000979,0.001314,4e-06
kmeans256|best|static|rows_skipped,position=3,268,0.001041,0.000934,0.000954,0.001365,0.0
kmeans256|best|static|rows_skipped,position=4,268,0.001037,0.000934,0.000946,0.00136,0.000177
kmeans256|best|static|rows_skipped,position=5,268,0.001031,0.000934,0.000938,0.001373,0.0
kmeans256|best|static|rows_skipped,position=6,268,0.001036,0.000938,0.000938,0.001351,0.000209
kmeans256|best|static|rows_skipped,position=7,268,0.001022,0.000938,0.000938,0.001357,8.5e-05
kmeans256|best|static|rows_skipped,position=8,268,0.001022,0.000938,0.000938,0.001335,0.000157
kmeans256|best|static|rows_skipped,position=9,268,0.001013,0.000938,0.000938,0.001303,2e-05
kmeans256|best|static|rows_skipped,position=10,268,0.001017,0.000938,0.000938,0.001311,0.000318
kmeans256|best|static|rows_skipped,position=11,268,0.00101,0.000938,0.000938,0.001311,0.000153
kmeans256|best|static|rows_skipped,position=12,268,0.001003,0.000938,0.000938,0.001247,0.000886
kmeans256|best|static|rows_skipped,position=13,268,0.000998,0.000938,0.000938,0.001306,4e-06
kmeans256|best|static|rows_skipped,position=14,268,0.000993,0.000938,0.000938,0.001238,0.000141
kmeans256|best|static|rows_skipped,position=15,268,0.000993,0.000938,0.000938,0.001225,0.000451
kmeans256|best|static|rows_skipped,domain=chat,1395,0.000993,0.000938,0.000938,0.001172,0.0
kmeans256|best|static|rows_skipped,domain=code,510,0.001202,0.000938,0.001252,0.00143,0.000209
kmeans256|best|static|rows_skipped,domain=maths,300,0.001159,0.000938,0.001156,0.001413,0.000362
kmeans256|best|static|rows_skipped,domain=multilingual,1815,0.000972,0.000934,0.000938,0.00114,0.0
kmeans256|best|static|rows_skipped_taustar,all,4020,0.001046,0.000938,0.000962,0.001333,0.000938
kmeans256|best|static|rows_skipped_taustar,outcome=accepted,968,0.001235,0.000995,0.001269,0.00143,0.000938
kmeans256|best|static|rows_skipped_taustar,outcome=rejected,243,0.001017,0.000938,0.000971,0.001196,0.000938
kmeans256|best|static|rows_skipped_taustar,outcome=unreached,2809,0.000983,0.000938,0.000946,0.001067,0.000938
kmeans256|best|static|rows_skipped_taustar,position=1,268,0.001081,0.000946,0.001019,0.00136,0.000938
kmeans256|best|static|rows_skipped_taustar,position=2,268,0.001075,0.000938,0.001007,0.001327,0.000938
kmeans256|best|static|rows_skipped_taustar,position=3,268,0.001072,0.000938,0.000987,0.001365,0.000938
kmeans256|best|static|rows_skipped_taustar,position=4,268,0.001067,0.000938,0.000979,0.00136,0.000938
kmeans256|best|static|rows_skipped_taustar,position=5,268,0.001068,0.000938,0.000975,0.001373,0.000938
kmeans256|best|static|rows_skipped_taustar,position=6,268,0.00106,0.000938,0.000971,0.001357,0.000938
kmeans256|best|static|rows_skipped_taustar,position=7,268,0.001051,0.000938,0.000962,0.001365,0.000938
kmeans256|best|static|rows_skipped_taustar,position=8,268,0.00104,0.000938,0.000954,0.001335,0.000938
kmeans256|best|static|rows_skipped_taustar,position=9,268,0.001036,0.000938,0.000954,0.001316,0.000938
kmeans256|best|static|rows_skipped_taustar,position=10,268,0.001034,0.000938,0.000954,0.001311,0.000938
kmeans256|best|static|rows_skipped_taustar,position=11,268,0.001033,0.000938,0.000954,0.001325,0.000938
kmeans256|best|static|rows_skipped_taustar,position=12,268,0.00102,0.000938,0.000954,0.00126,0.000938
kmeans256|best|static|rows_skipped_taustar,position=13,268,0.001022,0.000938,0.000954,0.001317,0.000938
kmeans256|best|static|rows_skipped_taustar,position=14,268,0.001017,0.000938,0.000954,0.001295,0.000938
kmeans256|best|static|rows_skipped_taustar,position=15,268,0.001012,0.000938,0.000962,0.001239,0.000938
kmeans256|best|static|rows_skipped_taustar,domain=chat,1395,0.001013,0.000938,0.000954,0.001196,0.000938
kmeans256|best|static|rows_skipped_taustar,domain=code,510,0.00122,0.000971,0.00126,0.00143,0.000938
kmeans256|best|static|rows_skipped_taustar,domain=maths,300,0.001183,0.000954,0.001188,0.001422,0.000938
kmeans256|best|static|rows_skipped_taustar,domain=multilingual,1815,0.001,0.000938,0.000954,0.001164,0.000938
kmeans256|best|static|log_width|t1.0,all,4020,147.720107,129.684862,149.185183,162.959492,169.13713
kmeans256|best|static|log_width|t1.0,outcome=accepted,968,152.737441,138.614799,154.749497,163.34228,168.037032
kmeans256|best|static|log_width|t1.0,outcome=rejected,243,158.770076,149.897937,161.152108,165.271149,168.893877
kmeans256|best|static|log_width|t1.0,outcome=unreached,2809,145.035194,127.096747,146.063498,161.803559,169.13713
kmeans256|best|static|log_width|t1.0,position=1,268,157.94674,146.560545,160.549503,165.677317,168.893877
kmeans256|best|static|log_width|t1.0,position=2,268,156.889401,144.942295,160.216662,164.922025,168.377142
kmeans256|best|static|log_width|t1.0,position=3,268,154.87177,139.965414,157.638903,164.50114,169.025982
kmeans256|best|static|log_width|t1.0,position=4,268,154.576516,139.660966,157.417667,164.707889,169.13713
kmeans256|best|static|log_width|t1.0,position=5,268,152.004356,137.520973,153.453928,163.685394,168.480894
kmeans256|best|static|log_width|t1.0,position=6,268,151.167864,139.091568,151.480576,162.617865,168.89779
kmeans256|best|static|log_width|t1.0,position=7,268,149.492136,135.608627,149.505998,162.382037,168.712615
kmeans256|best|static|log_width|t1.0,position=8,268,148.411487,133.012237,148.626528,161.44443,168.209135
kmeans256|best|static|log_width|t1.0,position=9,268,146.541196,132.840941,148.030097,160.331221,165.101922
kmeans256|best|static|log_width|t1.0,position=10,268,144.462812,129.78133,144.334266,160.2837,167.017666
kmeans256|best|static|log_width|t1.0,position=11,268,142.194866,126.56998,143.553518,157.391646,166.556185
kmeans256|best|static|log_width|t1.0,position=12,268,141.382119,125.448777,141.197924,156.644018,165.090921
kmeans256|best|static|log_width|t1.0,position=13,268,140.545311,123.829601,140.392912,157.625809,164.874119
kmeans256|best|static|log_width|t1.0,position=14,268,138.459875,122.635916,138.663425,155.152302,167.902148
kmeans256|best|static|log_width|t1.0,position=15,268,136.855162,120.743564,137.878141,151.117149,164.252848
kmeans256|best|static|log_width|t1.0,domain=chat,1395,146.929623,125.248436,149.811888,163.712263,168.209135
kmeans256|best|static|log_width|t1.0,domain=code,510,147.303942,132.148561,149.092329,160.914908,168.037032
kmeans256|best|static|log_width|t1.0,domain=maths,300,147.615903,130.53894,150.014148,160.845463,166.018213
kmeans256|best|static|log_width|t1.0,domain=multilingual,1815,148.461833,133.608103,148.793942,162.873658,169.13713
kmeans256|best|static|p_unresolved_x|t1.0,all,4020,0.964256,1.0,1.0,1.0,1.0
kmeans256|best|static|p_unresolved_x|t1.0,outcome=accepted,968,1.0,1.0,1.0,1.0,1.0
kmeans256|best|static|p_unresolved_x|t1.0,outcome=rejected,243,0.946575,1.0,1.0,1.0,1.0
kmeans256|best|static|p_unresolved_x|t1.0,outcome=unreached,2809,0.953469,1.0,1.0,1.0,1.0
kmeans256|best|static|p_unresolved_x|t1.0,position=1,268,0.996595,1.0,1.0,1.0,1.0
kmeans256|best|static|p_unresolved_x|t1.0,position=2,268,0.95068,1.0,1.0,1.0,1.0
kmeans256|best|static|p_unresolved_x|t1.0,position=3,268,0.922629,1.0,1.0,1.0,1.0
kmeans256|best|static|p_unresolved_x|t1.0,position=4,268,0.927162,1.0,1.0,1.0,1.0
kmeans256|best|static|p_unresolved_x|t1.0,position=5,268,0.926944,0.924996,1.0,1.0,1.0
kmeans256|best|static|p_unresolved_x|t1.0,position=6,268,0.947882,1.0,1.0,1.0,1.0
kmeans256|best|static|p_unresolved_x|t1.0,position=7,268,0.970208,1.0,1.0,1.0,1.0
kmeans256|best|static|p_unresolved_x|t1.0,position=8,268,0.9738,1.0,1.0,1.0,1.0
kmeans256|best|static|p_unresolved_x|t1.0,position=9,268,0.973743,1.0,1.0,1.0,1.0
kmeans256|best|static|p_unresolved_x|t1.0,position=10,268,0.982712,1.0,1.0,1.0,1.0
kmeans256|best|static|p_unresolved_x|t1.0,position=11,268,0.966352,1.0,1.0,1.0,1.0
kmeans256|best|static|p_unresolved_x|t1.0,position=12,268,0.973984,1.0,1.0,1.0,1.0
kmeans256|best|static|p_unresolved_x|t1.0,position=13,268,0.977237,1.0,1.0,1.0,1.0
kmeans256|best|static|p_unresolved_x|t1.0,position=14,268,0.98535,1.0,1.0,1.0,1.0
kmeans256|best|static|p_unresolved_x|t1.0,position=15,268,0.988567,1.0,1.0,1.0,1.0
kmeans256|best|static|p_unresolved_x|t1.0,domain=chat,1395,0.975344,1.0,1.0,1.0,1.0
kmeans256|best|static|p_unresolved_x|t1.0,domain=code,510,0.990395,1.0,1.0,1.0,1.0
kmeans256|best|static|p_unresolved_x|t1.0,domain=maths,300,0.991814,1.0,1.0,1.0,1.0
kmeans256|best|static|p_unresolved_x|t1.0,domain=multilingual,1815,0.943835,1.0,1.0,1.0,1.0
kmeans256|best|static|p_unresolved_q|t1.0,all,4020,0.98243,0.960583,1.0,1.0,1.0
kmeans256|best|static|p_unresolved_q|t1.0,outcome=accepted,968,0.996406,0.999882,1.0,1.0,1.0
kmeans256|best|static|p_unresolved_q|t1.0,outcome=rejected,243,0.976023,0.95798,0.999976,1.0,1.0
kmeans256|best|static|p_unresolved_q|t1.0,outcome=unreached,2809,0.978169,0.93602,0.999995,1.0,1.0
kmeans256|best|static|p_unresolved_q|t1.0,position=1,268,0.998675,0.998033,1.0,1.0,1.0
kmeans256|best|static|p_unresolved_q|t1.0,position=2,268,0.976379,0.973348,1.0,1.0,1.0
kmeans256|best|static|p_unresolved_q|t1.0,position=3,268,0.967657,0.886044,0.999993,1.0,1.0
kmeans256|best|static|p_unresolved_q|t1.0,position=4,268,0.970201,0.895874,0.999989,1.0,1.0
kmeans256|best|static|p_unresolved_q|t1.0,position=5,268,0.965777,0.894307,0.999989,1.0,1.0
kmeans256|best|static|p_unresolved_q|t1.0,position=6,268,0.975956,0.931641,0.999996,1.0,1.0
kmeans256|best|static|p_unresolved_q|t1.0,position=7,268,0.985399,0.959302,0.999998,1.0,1.0
kmeans256|best|static|p_unresolved_q|t1.0,position=8,268,0.983662,0.969915,0.999999,1.0,1.0
kmeans256|best|static|p_unresolved_q|t1.0,position=9,268,0.986782,0.976944,1.0,1.0,1.0
kmeans256|best|static|p_unresolved_q|t1.0,position=10,268,0.988195,0.987727,1.0,1.0,1.0
kmeans256|best|static|p_unresolved_q|t1.0,position=11,268,0.984362,0.955806,1.0,1.0,1.0
kmeans256|best|static|p_unresolved_q|t1.0,position=12,268,0.98693,0.976183,1.0,1.0,1.0
kmeans256|best|static|p_unresolved_q|t1.0,position=13,268,0.989017,0.982039,1.0,1.0,1.0
kmeans256|best|static|p_unresolved_q|t1.0,position=14,268,0.988462,0.984931,1.0,1.0,1.0
kmeans256|best|static|p_unresolved_q|t1.0,position=15,268,0.989001,0.970187,1.0,1.0,1.0
kmeans256|best|static|p_unresolved_q|t1.0,domain=chat,1395,0.984452,0.984279,1.0,1.0,1.0
kmeans256|best|static|p_unresolved_q|t1.0,domain=code,510,0.991512,0.998581,1.0,1.0,1.0
kmeans256|best|static|p_unresolved_q|t1.0,domain=maths,300,0.991293,0.993675,1.0,1.0,1.0
kmeans256|best|static|p_unresolved_q|t1.0,domain=multilingual,1815,0.97686,0.934771,0.999949,1.0,1.0
kmeans256|best|static|log_width|t0.7,all,4020,208.92957,184.003332,211.092002,229.963354,239.229929
kmeans256|best|static|log_width|t0.7,outcome=accepted,968,215.662982,196.310494,218.23744,230.370765,237.518844
kmeans256|best|static|log_width|t0.7,outcome=rejected,243,223.999274,211.201368,226.985848,233.463452,238.989529
kmeans256|best|static|log_width|t0.7,outcome=unreached,2809,205.305546,180.386005,207.022715,228.362199,239.229929
kmeans256|best|static|log_width|t0.7,position=1,268,222.908393,206.506124,226.543856,233.799874,238.989529
kmeans256|best|static|log_width|t0.7,position=2,268,221.455875,204.638244,225.967334,232.810345,238.039143
kmeans256|best|static|log_width|t0.7,position=3,268,218.641807,198.421794,222.365412,232.548209,238.837916
kmeans256|best|static|log_width|t0.7,position=4,268,218.309074,198.250443,222.271494,232.403742,239.229929
kmeans256|best|static|log_width|t0.7,position=5,268,214.703628,194.998889,216.43453,231.178616,238.281527
kmeans256|best|static|log_width|t0.7,position=6,268,213.600614,197.609705,214.301793,229.224299,238.548202
kmeans256|best|static|log_width|t0.7,position=7,268,211.339056,192.196344,211.72094,228.889415,238.60146
kmeans256|best|static|log_width|t0.7,position=8,268,209.886583,188.951272,210.575928,228.276107,237.678231
kmeans256|best|static|log_width|t0.7,position=9,268,207.3438,188.241019,209.621192,226.060881,233.214052
kmeans256|best|static|log_width|t0.7,position=10,268,204.541719,183.951775,204.235086,226.048393,235.581142
kmeans256|best|static|log_width|t0.7,position=11,268,201.405817,179.426699,203.27895,221.675647,235.391528
kmeans256|best|static|log_width|t0.7,position=12,268,200.293242,177.758356,200.75547,221.309415,233.091375
kmeans256|best|static|log_width|t0.7,position=13,268,199.159575,175.610475,199.487537,222.602088,233.257331
kmeans256|best|static|log_width|t0.7,position=14,268,196.26933,173.608298,196.74112,219.004682,237.051569
kmeans256|best|static|log_width|t0.7,position=15,268,194.085036,171.57867,196.029193,213.863792,232.069347
kmeans256|best|static|log_width|t0.7,domain=chat,1395,207.810108,177.378271,211.82711,231.004978,237.678231
kmeans256|best|static|log_width|t0.7,domain=code,510,208.179409,187.446843,210.566596,227.170986,237.518844
kmeans256|best|static|log_width|t0.7,domain=maths,300,208.690406,184.905688,211.9814,226.901667,234.386637
kmeans256|best|static|log_width|t0.7,domain=multilingual,1815,210.040303,189.868989,210.809164,229.61985,239.229929
kmeans256|best|static|p_unresolved_x|t0.7,all,4020,0.952343,1.0,1.0,1.0,1.0
kmeans256|best|static|p_unresolved_x|t0.7,outcome=accepted,968,1.0,1.0,1.0,1.0,1.0
kmeans256|best|static|p_unresolved_x|t0.7,outcome=rejected,243,0.929363,1.0,1.0,1.0,1.0
kmeans256|best|static|p_unresolved_x|t0.7,outcome=unreached,2809,0.937908,1.0,1.0,1.0,1.0
kmeans256|best|static|p_unresolved_x|t0.7,position=1,268,0.996272,1.0,1.0,1.0,1.0
kmeans256|best|static|p_unresolved_x|t0.7,position=2,268,0.93775,1.0,1.0,1.0,1.0
kmeans256|best|static|p_unresolved_x|t0.7,position=3,268,0.903174,0.556628,1.0,1.0,1.0
kmeans256|best|static|p_unresolved_x|t0.7,position=4,268,0.901072,0.410042,1.0,1.0,1.0
kmeans256|best|static|p_unresolved_x|t0.7,position=5,268,0.905824,0.488153,1.0,1.0,1.0
kmeans256|best|static|p_unresolved_x|t0.7,position=6,268,0.937459,1.0,1.0,1.0,1.0
kmeans256|best|static|p_unresolved_x|t0.7,position=7,268,0.950883,1.0,1.0,1.0,1.0
kmeans256|best|static|p_unresolved_x|t0.7,position=8,268,0.958378,1.0,1.0,1.0,1.0
kmeans256|best|static|p_unresolved_x|t0.7,position=9,268,0.96606,1.0,1.0,1.0,1.0
kmeans256|best|static|p_unresolved_x|t0.7,position=10,268,0.975159,1.0,1.0,1.0,1.0
kmeans256|best|static|p_unresolved_x|t0.7,position=11,268,0.957336,1.0,1.0,1.0,1.0
kmeans256|best|static|p_unresolved_x|t0.7,position=12,268,0.964339,1.0,1.0,1.0,1.0
kmeans256|best|static|p_unresolved_x|t0.7,position=13,268,0.967381,1.0,1.0,1.0,1.0
kmeans256|best|static|p_unresolved_x|t0.7,position=14,268,0.979026,1.0,1.0,1.0,1.0
kmeans256|best|static|p_unresolved_x|t0.7,position=15,268,0.985034,1.0,1.0,1.0,1.0
kmeans256|best|static|p_unresolved_x|t0.7,domain=chat,1395,0.969225,1.0,1.0,1.0,1.0
kmeans256|best|static|p_unresolved_x|t0.7,domain=code,510,0.991841,1.0,1.0,1.0,1.0
kmeans256|best|static|p_unresolved_x|t0.7,domain=maths,300,0.990812,1.0,1.0,1.0,1.0
kmeans256|best|static|p_unresolved_x|t0.7,domain=multilingual,1815,0.921911,1.0,1.0,1.0,1.0
kmeans256|best|static|p_unresolved_q|t0.7,all,4020,0.959424,0.900427,1.0,1.0,1.0
kmeans256|best|static|p_unresolved_q|t0.7,outcome=accepted,968,0.996969,0.999997,1.0,1.0,1.0
kmeans256|best|static|p_unresolved_q|t0.7,outcome=rejected,243,0.94516,0.862894,0.999998,1.0,1.0
kmeans256|best|static|p_unresolved_q|t0.7,outcome=unreached,2809,0.947719,0.84411,0.999989,1.0,1.0
kmeans256|best|static|p_unresolved_q|t0.7,position=1,268,0.995249,0.997279,1.0,1.0,1.0
kmeans256|best|static|p_unresolved_q|t0.7,position=2,268,0.948465,0.916945,1.0,1.0,1.0
kmeans256|best|static|p_unresolved_q|t0.7,position=3,268,0.918254,0.653834,1.0,1.0,1.0
kmeans256|best|static|p_unresolved_q|t0.7,position=4,268,0.924125,0.700503,0.999999,1.0,1.0
kmeans256|best|static|p_unresolved_q|t0.7,position=5,268,0.921022,0.699127,0.999999,1.0,1.0
kmeans256|best|static|p_unresolved_q|t0.7,position=6,268,0.944397,0.867113,1.0,1.0,1.0
kmeans256|best|static|p_unresolved_q|t0.7,position=7,268,0.964524,0.903073,0.999999,1.0,1.0
kmeans256|best|static|p_unresolved_q|t0.7,position=8,268,0.964636,0.889837,0.999999,1.0,1.0
kmeans256|best|static|p_unresolved_q|t0.7,position=9,268,0.969725,0.943632,0.999999,1.0,1.0
kmeans256|best|static|p_unresolved_q|t0.7,position=10,268,0.97248,0.925173,1.0,1.0,1.0
kmeans256|best|static|p_unresolved_q|t0.7,position=11,268,0.968244,0.91101,0.999999,1.0,1.0
kmeans256|best|static|p_unresolved_q|t0.7,position=12,268,0.973711,0.945336,0.999999,1.0,1.0
kmeans256|best|static|p_unresolved_q|t0.7,position=13,268,0.972323,0.953251,1.0,1.0,1.0
kmeans256|best|static|p_unresolved_q|t0.7,position=14,268,0.977405,0.953029,1.0,1.0,1.0
kmeans256|best|static|p_unresolved_q|t0.7,position=15,268,0.976797,0.941345,1.0,1.0,1.0
kmeans256|best|static|p_unresolved_q|t0.7,domain=chat,1395,0.970553,0.965559,1.0,1.0,1.0
kmeans256|best|static|p_unresolved_q|t0.7,domain=code,510,0.990697,0.999921,1.0,1.0,1.0
kmeans256|best|static|p_unresolved_q|t0.7,domain=maths,300,0.98771,0.994449,1.0,1.0,1.0
kmeans256|best|static|p_unresolved_q|t0.7,domain=multilingual,1815,0.937407,0.79435,0.999903,1.0,1.0
kmeans256|oracle|transport|tiles_skipped,all,4020,0.901317,0.576289,0.995876,0.998969,0.0
kmeans256|oracle|transport|tiles_skipped,outcome=accepted,968,0.998866,0.998969,0.998969,0.998969,0.991753
kmeans256|oracle|transport|tiles_skipped,outcome=rejected,243,0.897438,0.527629,0.993814,0.997938,0.001031
kmeans256|oracle|transport|tiles_skipped,outcome=unreached,2809,0.868036,0.476082,0.983505,0.998969,0.0
kmeans256|oracle|transport|tiles_skipped,position=1,268,0.986871,0.98866,0.998969,0.998969,0.123711
kmeans256|oracle|transport|tiles_skipped,position=2,268,0.915826,0.584227,0.998969,0.998969,0.001031
kmeans256|oracle|transport|tiles_skipped,position=3,268,0.883432,0.449485,0.997938,0.998969,0.0
kmeans256|oracle|transport|tiles_skipped,position=4,268,0.861006,0.435567,0.996907,0.998969,0.047423
kmeans256|oracle|transport|tiles_skipped,position=5,268,0.860421,0.427732,0.994845,0.998969,0.0
kmeans256|oracle|transport|tiles_skipped,position=6,268,0.883259,0.484433,0.996907,0.998969,0.05567
kmeans256|oracle|transport|tiles_skipped,position=7,268,0.882536,0.531031,0.993814,0.998969,0.023711
kmeans256|oracle|transport|tiles_skipped,position=8,268,0.88157,0.473608,0.991753,0.998969,0.042268
kmeans256|oracle|transport|tiles_skipped,position=9,268,0.894549,0.552474,0.992784,0.998969,0.005155
kmeans256|oracle|transport|tiles_skipped,position=10,268,0.90482,0.657526,0.993299,0.998969,0.093814
kmeans256|oracle|transport|tiles_skipped,position=11,268,0.910621,0.651546,0.992268,0.998969,0.047423
kmeans256|oracle|transport|tiles_skipped,position=12,268,0.892395,0.533505,0.98866,0.998969,0.328866
kmeans256|oracle|transport|tiles_skipped,position=13,268,0.909213,0.683299,0.991753,0.998969,0.001031
kmeans256|oracle|transport|tiles_skipped,position=14,268,0.922611,0.754845,0.992784,0.998969,0.036082
kmeans256|oracle|transport|tiles_skipped,position=15,268,0.93062,0.751546,0.993814,0.998969,0.134021
kmeans256|oracle|transport|tiles_skipped,domain=chat,1395,0.88999,0.566392,0.991753,0.998969,0.0
kmeans256|oracle|transport|tiles_skipped,domain=code,510,0.974289,0.982887,0.998969,0.998969,0.057732
kmeans256|oracle|transport|tiles_skipped,domain=maths,300,0.965306,0.95134,0.998969,0.998969,0.102062
kmeans256|oracle|transport|tiles_skipped,domain=multilingual,1815,0.878941,0.474639,0.991753,0.998969,0.0
kmeans256|oracle|transport|rows_skipped,all,4020,0.769868,0.097335,0.964888,0.999243,0.0
kmeans256|oracle|transport|rows_skipped,outcome=accepted,968,0.995677,0.991579,0.999243,0.999243,0.797688
kmeans256|oracle|transport|rows_skipped,outcome=rejected,243,0.748806,0.055199,0.935144,0.997342,4e-06
kmeans256|oracle|transport|rows_skipped,outcome=unreached,2809,0.693875,0.027237,0.878491,0.999243,0.0
kmeans256|oracle|transport|rows_skipped,position=1,268,0.938849,0.832642,0.997632,0.999243,0.000576
kmeans256|oracle|transport|rows_skipped,position=2,268,0.817649,0.109772,0.996883,0.999243,4e-06
kmeans256|oracle|transport|rows_skipped,position=3,268,0.770296,0.01332,0.988487,0.999243,0.0
kmeans256|oracle|transport|rows_skipped,position=4,268,0.714277,0.007993,0.977845,0.999243,0.000193
kmeans256|oracle|transport|rows_skipped,position=5,268,0.711714,0.007164,0.954385,0.999243,0.0
kmeans256|oracle|transport|rows_skipped,position=6,268,0.739961,0.042275,0.975183,0.999243,0.000226
kmeans256|oracle|transport|rows_skipped,position=7,268,0.731102,0.071865,0.946694,0.999243,0.000105
kmeans256|oracle|transport|rows_skipped,position=8,268,0.729716,0.02209,0.929083,0.999243,0.000181
kmeans256|oracle|transport|rows_skipped,position=9,268,0.747707,0.062592,0.93832,0.999243,2e-05
kmeans256|oracle|transport|rows_skipped,position=10,268,0.756965,0.180605,0.9423,0.999243,0.000431
kmeans256|oracle|transport|rows_skipped,position=11,268,0.776849,0.223591,0.935845,0.999243,0.000217
kmeans256|oracle|transport|rows_skipped,position=12,268,0.733977,0.079362,0.921267,0.999243,0.002138
kmeans256|oracle|transport|rows_skipped,position=13,268,0.764987,0.216794,0.934981,0.999243,4e-06
kmeans256|oracle|transport|rows_skipped,position=14,268,0.800085,0.299589,0.954138,0.999243,0.000141
kmeans256|oracle|transport|rows_skipped,position=15,268,0.813884,0.260485,0.956127,0.999243,0.000652
kmeans256|oracle|transport|rows_skipped,domain=chat,1395,0.751728,0.108016,0.940041,0.999243,0.0
kmeans256|oracle|transport|rows_skipped,domain=code,510,0.940035,0.880238,0.999243,0.999243,0.000246
kmeans256|oracle|transport|rows_skipped,domain=maths,300,0.92307,0.76136,0.998099,0.999243,0.000451
kmeans256|oracle|transport|rows_skipped,domain=multilingual,1815,0.710672,0.021675,0.907595,0.999243,0.0
kmeans256|oracle|transport|rows_skipped_taustar,all,4020,0.977349,0.930331,0.995997,0.999243,0.602018
kmeans256|oracle|transport|rows_skipped_taustar,outcome=accepted,968,0.99568,0.991579,0.999243,0.999243,0.797688
kmeans256|oracle|transport|rows_skipped_taustar,outcome=rejected,243,0.975845,0.915775,0.994338,0.999243,0.775205
kmeans256|oracle|transport|rows_skipped_taustar,outcome=unreached,2809,0.971162,0.908352,0.989727,0.999243,0.602018
kmeans256|oracle|transport|rows_skipped_taustar,position=1,268,0.985852,0.953375,0.99764,0.999243,0.778737
kmeans256|oracle|transport|rows_skipped_taustar,position=2,268,0.979768,0.940353,0.99764,0.999243,0.713869
kmeans256|oracle|transport|rows_skipped_taustar,position=3,268,0.972301,0.907956,0.996883,0.999243,0.725608
kmeans256|oracle|transport|rows_skipped_taustar,position=4,268,0.970422,0.899886,0.996708,0.999243,0.684222
kmeans256|oracle|transport|rows_skipped_taustar,position=5,268,0.974623,0.929158,0.996559,0.999243,0.699311
kmeans256|oracle|transport|rows_skipped_taustar,position=6,268,0.973851,0.912063,0.996865,0.999243,0.703185
kmeans256|oracle|transport|rows_skipped_taustar,position=7,268,0.973441,0.908352,0.995516,0.999243,0.776454
kmeans256|oracle|transport|rows_skipped_taustar,position=8,268,0.974498,0.930108,0.993204,0.999243,0.602018
kmeans256|oracle|transport|rows_skipped_taustar,position=9,268,0.976673,0.928896,0.994044,0.999243,0.776309
kmeans256|oracle|transport|rows_skipped_taustar,position=10,268,0.977332,0.927663,0.99458,0.999243,0.815802
kmeans256|oracle|transport|rows_skipped_taustar,position=11,268,0.976942,0.925206,0.994982,0.999243,0.765991
kmeans256|oracle|transport|rows_skipped_taustar,position=12,268,0.979919,0.940281,0.994719,0.999243,0.764795
kmeans256|oracle|transport|rows_skipped_taustar,position=13,268,0.980532,0.94214,0.994457,0.999243,0.801333
kmeans256|oracle|transport|rows_skipped_taustar,position=14,268,0.982697,0.951749,0.994982,0.999243,0.761191
kmeans256|oracle|transport|rows_skipped_taustar,position=15,268,0.981387,0.950009,0.994982,0.999243,0.715343
kmeans256|oracle|transport|rows_skipped_taustar,domain=chat,1395,0.9815,0.944365,0.994068,0.999243,0.777408
kmeans256|oracle|transport|rows_skipped_taustar,domain=code,510,0.994293,0.986127,0.999243,0.999243,0.765991
kmeans256|oracle|transport|rows_skipped_taustar,domain=maths,300,0.992571,0.983469,0.998556,0.999243,0.780006
kmeans256|oracle|transport|rows_skipped_taustar,domain=multilingual,1815,0.966882,0.904265,0.993098,0.999243,0.602018
kmeans256|oracle|transport|log_width|t1.0,all,4020,16.353746,12.472952,15.332147,22.117244,36.931213
kmeans256|oracle|transport|log_width|t1.0,outcome=accepted,968,19.685173,14.378158,19.510546,25.375045,31.990417
kmeans256|oracle|transport|log_width|t1.0,outcome=rejected,243,16.897487,13.580196,16.306133,21.225032,36.931213
kmeans256|oracle|transport|log_width|t1.0,outcome=unreached,2809,15.158677,12.254085,14.458258,19.090439,30.679344
kmeans256|oracle|transport|log_width|t1.0,position=1,268,16.62845,13.436565,16.231798,20.698368,31.990417
kmeans256|oracle|transport|log_width|t1.0,position=2,268,17.28972,12.883018,16.91557,22.128852,36.931213
kmeans256|oracle|transport|log_width|t1.0,position=3,268,17.307534,13.413346,16.587202,22.329301,29.226436
kmeans256|oracle|transport|log_width|t1.0,position=4,268,17.412875,13.53646,16.516074,23.215438,29.144378
kmeans256|oracle|transport|log_width|t1.0,position=5,268,17.36863,13.273653,16.393841,23.318108,29.895312
kmeans256|oracle|transport|log_width|t1.0,position=6,268,16.775816,12.569933,15.782939,22.680254,27.112697
kmeans256|oracle|transport|log_width|t1.0,position=7,268,16.641352,12.398322,15.83354,22.71952,29.359541
kmeans256|oracle|transport|log_width|t1.0,position=8,268,16.310452,12.260872,15.153618,22.320058,30.423907
kmeans256|oracle|transport|log_width|t1.0,position=9,268,16.098543,11.942424,14.828122,22.382338,30.081378
kmeans256|oracle|transport|log_width|t1.0,position=10,268,15.978497,12.094393,14.70567,22.412137,31.232755
kmeans256|oracle|transport|log_width|t1.0,position=11,268,15.767743,12.059763,14.427818,21.996844,30.044439
kmeans256|oracle|transport|log_width|t1.0,position=12,268,15.774375,12.31673,14.553545,21.450524,29.423095
kmeans256|oracle|transport|log_width|t1.0,position=13,268,15.580285,12.405756,14.40211,21.156534,30.679344
kmeans256|oracle|transport|log_width|t1.0,position=14,268,15.249549,12.231328,14.166693,20.496909,29.727284
kmeans256|oracle|transport|log_width|t1.0,position=15,268,15.12237,12.290646,14.215348,19.756325,28.107205
kmeans256|oracle|transport|log_width|t1.0,domain=chat,1395,16.033362,12.738922,15.068427,20.965093,30.679344
kmeans256|oracle|transport|log_width|t1.0,domain=code,510,18.729859,13.683722,18.577492,23.849788,28.781229
kmeans256|oracle|transport|log_width|t1.0,domain=maths,300,19.81743,13.834335,19.522203,26.275468,31.990417
kmeans256|oracle|transport|log_width|t1.0,domain=multilingual,1815,15.359814,12.090387,14.636916,19.786927,36.931213
kmeans256|oracle|transport|p_unresolved_x|t1.0,all,4020,0.634611,0.0,0.937808,0.999991,1.0
kmeans256|oracle|transport|p_unresolved_x|t1.0,outcome=accepted,968,0.247343,0.0,0.0,0.906135,0.999768
kmeans256|oracle|transport|p_unresolved_x|t1.0,outcome=rejected,243,0.851606,0.362325,0.986798,0.999999,1.0
kmeans256|oracle|transport|p_unresolved_x|t1.0,outcome=unreached,2809,0.749295,0.0,0.993893,0.999996,1.0
kmeans256|oracle|transport|p_unresolved_x|t1.0,position=1,268,0.544743,0.0,0.735028,0.999208,1.0
kmeans256|oracle|transport|p_unresolved_x|t1.0,position=2,268,0.527701,0.0,0.646055,0.999974,1.0
kmeans256|oracle|transport|p_unresolved_x|t1.0,position=3,268,0.55058,0.0,0.744674,0.999984,1.0
kmeans256|oracle|transport|p_unresolved_x|t1.0,position=4,268,0.561798,0.0,0.784261,0.999998,1.0
kmeans256|oracle|transport|p_unresolved_x|t1.0,position=5,268,0.586487,0.0,0.842417,0.999994,1.0
kmeans256|oracle|transport|p_unresolved_x|t1.0,position=6,268,0.576425,0.0,0.856903,0.999991,1.0
kmeans256|oracle|transport|p_unresolved_x|t1.0,position=7,268,0.666689,0.0,0.977627,0.999997,1.0
kmeans256|oracle|transport|p_unresolved_x|t1.0,position=8,268,0.635563,0.0,0.961445,0.999995,1.0
kmeans256|oracle|transport|p_unresolved_x|t1.0,position=9,268,0.658492,0.0,0.962871,0.999988,1.0
kmeans256|oracle|transport|p_unresolved_x|t1.0,position=10,268,0.664718,0.0,0.984743,0.999992,1.0
kmeans256|oracle|transport|p_unresolved_x|t1.0,position=11,268,0.699526,0.0,0.979825,0.999957,1.0
kmeans256|oracle|transport|p_unresolved_x|t1.0,position=12,268,0.696754,0.0,0.986738,0.999989,1.0
kmeans256|oracle|transport|p_unresolved_x|t1.0,position=13,268,0.729129,0.0,0.994154,0.999993,1.0
kmeans256|oracle|transport|p_unresolved_x|t1.0,position=14,268,0.714522,0.0,0.99005,0.999984,1.0
kmeans256|oracle|transport|p_unresolved_x|t1.0,position=15,268,0.706043,0.0,0.975843,0.999975,1.0
kmeans256|oracle|transport|p_unresolved_x|t1.0,domain=chat,1395,0.710792,0.0,0.98452,0.999996,1.0
kmeans256|oracle|transport|p_unresolved_x|t1.0,domain=code,510,0.397783,0.0,0.102671,0.999266,1.0
kmeans256|oracle|transport|p_unresolved_x|t1.0,domain=maths,300,0.435861,0.0,0.095507,0.999959,1.0
kmeans256|oracle|transport|p_unresolved_x|t1.0,domain=multilingual,1815,0.675457,0.0,0.969768,0.999991,1.0
kmeans256|oracle|transport|p_unresolved_q|t1.0,all,4020,0.745471,0.046639,0.927254,0.99211,0.999969
kmeans256|oracle|transport|p_unresolved_q|t1.0,outcome=accepted,968,0.331281,0.000659,0.138086,0.921915,0.999768
kmeans256|oracle|transport|p_unresolved_q|t1.0,outcome=rejected,243,0.857291,0.621931,0.942029,0.990248,0.999529
kmeans256|oracle|transport|p_unresolved_q|t1.0,outcome=unreached,2809,0.878531,0.639978,0.962353,0.99353,0.999969
kmeans256|oracle|transport|p_unresolved_q|t1.0,position=1,268,0.617739,0.005929,0.793614,0.985535,0.998982
kmeans256|oracle|transport|p_unresolved_q|t1.0,position=2,268,0.634569,0.021417,0.802775,0.98499,0.999486
kmeans256|oracle|transport|p_unresolved_q|t1.0,position=3,268,0.667634,0.037777,0.821934,0.990074,0.999969
kmeans256|oracle|transport|p_unresolved_q|t1.0,position=4,268,0.678052,0.0187,0.849249,0.99119,0.999768
kmeans256|oracle|transport|p_unresolved_q|t1.0,position=5,268,0.697828,0.028073,0.870235,0.991926,0.999747
kmeans256|oracle|transport|p_unresolved_q|t1.0,position=6,268,0.696915,0.019168,0.883308,0.991289,0.999808
kmeans256|oracle|transport|p_unresolved_q|t1.0,position=7,268,0.734091,0.022247,0.935888,0.991287,0.999352
kmeans256|oracle|transport|p_unresolved_q|t1.0,position=8,268,0.746388,0.039026,0.937007,0.991385,0.999389
kmeans256|oracle|transport|p_unresolved_q|t1.0,position=9,268,0.76107,0.056871,0.951533,0.992,0.999226
kmeans256|oracle|transport|p_unresolved_q|t1.0,position=10,268,0.774127,0.109019,0.943568,0.993937,0.998706
kmeans256|oracle|transport|p_unresolved_q|t1.0,position=11,268,0.814216,0.228944,0.960243,0.992733,0.998491
kmeans256|oracle|transport|p_unresolved_q|t1.0,position=12,268,0.818018,0.276187,0.9614,0.993192,0.999781
kmeans256|oracle|transport|p_unresolved_q|t1.0,position=13,268,0.846952,0.440748,0.966288,0.993517,0.999596
kmeans256|oracle|transport|p_unresolved_q|t1.0,position=14,268,0.841712,0.384984,0.962381,0.993557,0.998546
kmeans256|oracle|transport|p_unresolved_q|t1.0,position=15,268,0.852755,0.467206,0.962725,0.99342,0.998789
kmeans256|oracle|transport|p_unresolved_q|t1.0,domain=chat,1395,0.802284,0.249885,0.946477,0.992755,0.999596
kmeans256|oracle|transport|p_unresolved_q|t1.0,domain=code,510,0.443256,0.000292,0.438334,0.963782,0.999781
kmeans256|oracle|transport|p_unresolved_q|t1.0,domain=maths,300,0.506185,0.001792,0.626682,0.986815,0.999808
kmeans256|oracle|transport|p_unresolved_q|t1.0,domain=multilingual,1815,0.826277,0.393493,0.951499,0.992846,0.999969
kmeans256|oracle|transport|log_width|t0.7,all,4020,23.639534,17.149501,22.107063,33.062662,54.428866
kmeans256|oracle|transport|log_width|t0.7,outcome=accepted,968,28.95813,20.524432,28.574325,37.704374,48.249088
kmeans256|oracle|transport|log_width|t0.7,outcome=rejected,243,24.213767,18.532488,23.481714,30.949138,54.428866
kmeans256|oracle|transport|log_width|t0.7,outcome=unreached,2809,21.757035,16.74579,20.695052,28.314835,45.190721
kmeans256|oracle|transport|log_width|t0.7,position=1,268,23.937625,18.528928,23.297432,30.42723,48.249088
kmeans256|oracle|transport|log_width|t0.7,position=2,268,24.968554,17.874174,24.737642,33.034429,54.428866
kmeans256|oracle|transport|log_width|t0.7,position=3,268,24.917252,18.24303,23.735621,33.619148,42.272244
kmeans256|oracle|transport|log_width|t0.7,position=4,268,25.206334,18.486381,23.810388,34.804425,44.183233
kmeans256|oracle|transport|log_width|t0.7,position=5,268,25.113114,18.038785,23.688179,34.608577,43.428902
kmeans256|oracle|transport|log_width|t0.7,position=6,268,24.176802,17.265447,22.979168,33.84385,41.169615
kmeans256|oracle|transport|log_width|t0.7,position=7,268,24.043646,17.050115,23.015058,34.016724,43.573936
kmeans256|oracle|transport|log_width|t0.7,position=8,268,23.580841,17.056356,21.892364,33.174839,46.86994
kmeans256|oracle|transport|log_width|t0.7,position=9,268,23.261375,16.779263,21.307046,33.068227,45.958771
kmeans256|oracle|transport|log_width|t0.7,position=10,268,23.21056,16.570268,21.331863,33.465793,47.65232
kmeans256|oracle|transport|log_width|t0.7,position=11,268,22.84011,16.360843,20.890363,32.738063,45.208671
kmeans256|oracle|transport|log_width|t0.7,position=12,268,22.839505,17.003233,21.010908,31.48463,44.300539
kmeans256|oracle|transport|log_width|t0.7,position=13,268,22.508408,16.798916,20.69429,31.453899,45.190721
kmeans256|oracle|transport|log_width|t0.7,position=14,268,22.052816,16.828649,20.65057,30.322416,44.468519
kmeans256|oracle|transport|log_width|t0.7,position=15,268,21.936066,16.818926,20.501057,30.613383,42.171592
kmeans256|oracle|transport|log_width|t0.7,domain=chat,1395,23.315033,17.827762,21.868084,31.223919,45.190721
kmeans256|oracle|transport|log_width|t0.7,domain=code,510,27.350102,19.404051,27.185616,35.509196,42.562998
kmeans256|oracle|transport|log_width|t0.7,domain=maths,300,29.173279,19.916057,28.853081,39.341143,48.249088
kmeans256|oracle|transport|log_width|t0.7,domain=multilingual,1815,21.931636,16.306255,20.708658,29.121451,54.428866
kmeans256|oracle|transport|p_unresolved_x|t0.7,all,4020,0.64909,0.0,0.977333,1.0,1.0
kmeans256|oracle|transport|p_unresolved_x|t0.7,outcome=accepted,968,0.269373,0.0,0.0,0.960935,0.999994
kmeans256|oracle|transport|p_unresolved_x|t0.7,outcome=rejected,243,0.87017,0.382293,0.998132,1.0,1.0
kmeans256|oracle|transport|p_unresolved_x|t0.7,outcome=unreached,2809,0.760818,1e-05,0.999206,1.0,1.0
kmeans256|oracle|transport|p_unresolved_x|t0.7,position=1,268,0.567483,0.0,0.820858,0.999979,1.0
kmeans256|oracle|transport|p_unresolved_x|t0.7,position=2,268,0.531342,0.0,0.651417,0.999997,1.0
kmeans256|oracle|transport|p_unresolved_x|t0.7,position=3,268,0.556424,0.0,0.772419,0.999999,1.0
kmeans256|oracle|transport|p_unresolved_x|t0.7,position=4,268,0.565743,0.0,0.82109,1.0,1.0
kmeans256|oracle|transport|p_unresolved_x|t0.7,position=5,268,0.597889,0.0,0.916831,1.0,1.0
kmeans256|oracle|transport|p_unresolved_x|t0.7,position=6,268,0.587601,0.0,0.952158,1.0,1.0
kmeans256|oracle|transport|p_unresolved_x|t0.7,position=7,268,0.66593,0.0,0.990903,1.0,1.0
kmeans256|oracle|transport|p_unresolved_x|t0.7,position=8,268,0.652364,0.0,0.986289,1.0,1.0
kmeans256|oracle|transport|p_unresolved_x|t0.7,position=9,268,0.678098,0.0,0.994248,1.0,1.0
kmeans256|oracle|transport|p_unresolved_x|t0.7,position=10,268,0.678698,0.0,0.997875,1.0,1.0
kmeans256|oracle|transport|p_unresolved_x|t0.7,position=11,268,0.718153,0.0,0.997157,1.0,1.0
kmeans256|oracle|transport|p_unresolved_x|t0.7,position=12,268,0.712338,0.0,0.99841,1.0,1.0
kmeans256|oracle|transport|p_unresolved_x|t0.7,position=13,268,0.749423,0.0,0.999303,1.0,1.0
kmeans256|oracle|transport|p_unresolved_x|t0.7,position=14,268,0.739492,0.0,0.998038,1.0,1.0
kmeans256|oracle|transport|p_unresolved_x|t0.7,position=15,268,0.735377,0.0,0.995886,1.0,1.0
kmeans256|oracle|transport|p_unresolved_x|t0.7,domain=chat,1395,0.727123,0.0,0.997353,1.0,1.0
kmeans256|oracle|transport|p_unresolved_x|t0.7,domain=code,510,0.424752,0.0,0.118829,0.99997,1.0
kmeans256|oracle|transport|p_unresolved_x|t0.7,domain=maths,300,0.459272,0.0,0.160914,1.0,1.0
kmeans256|oracle|transport|p_unresolved_x|t0.7,domain=multilingual,1815,0.683526,0.0,0.991135,1.0,1.0
kmeans256|oracle|transport|p_unresolved_q|t0.7,all,4020,0.696308,0.006145,0.887387,0.99731,1.0
kmeans256|oracle|transport|p_unresolved_q|t0.7,outcome=accepted,968,0.30845,1.3e-05,0.043304,0.960935,0.999994
kmeans256|oracle|transport|p_unresolved_q|t0.7,outcome=rejected,243,0.829796,0.550839,0.925967,0.995553,0.999979
kmeans256|oracle|transport|p_unresolved_q|t0.7,outcome=unreached,2809,0.818419,0.398724,0.945448,0.998049,1.0
kmeans256|oracle|transport|p_unresolved_q|t0.7,position=1,268,0.59131,0.000229,0.768086,0.992625,0.999873
kmeans256|oracle|transport|p_unresolved_q|t0.7,position=2,268,0.575165,0.00092,0.744252,0.994609,0.999985
kmeans256|oracle|transport|p_unresolved_q|t0.7,position=3,268,0.593157,0.005436,0.73094,0.99486,1.0
kmeans256|oracle|transport|p_unresolved_q|t0.7,position=4,268,0.609479,0.000997,0.756628,0.995944,0.999994
kmeans256|oracle|transport|p_unresolved_q|t0.7,position=5,268,0.629682,0.003346,0.789856,0.996911,0.999998
kmeans256|oracle|transport|p_unresolved_q|t0.7,position=6,268,0.633993,0.00167,0.820334,0.995877,0.999981
kmeans256|oracle|transport|p_unresolved_q|t0.7,position=7,268,0.691366,0.002298,0.895172,0.996052,0.999985
kmeans256|oracle|transport|p_unresolved_q|t0.7,position=8,268,0.697925,0.005005,0.901614,0.996798,0.999977
kmeans256|oracle|transport|p_unresolved_q|t0.7,position=9,268,0.721099,0.006699,0.909963,0.997655,0.999948
kmeans256|oracle|transport|p_unresolved_q|t0.7,position=10,268,0.7223,0.016646,0.898565,0.997707,0.999991
kmeans256|oracle|transport|p_unresolved_q|t0.7,position=11,268,0.774682,0.060524,0.946649,0.997661,0.999957
kmeans256|oracle|transport|p_unresolved_q|t0.7,position=12,268,0.777046,0.075411,0.943042,0.998069,0.999994
kmeans256|oracle|transport|p_unresolved_q|t0.7,position=13,268,0.809078,0.361694,0.953347,0.998002,0.999959
kmeans256|oracle|transport|p_unresolved_q|t0.7,position=14,268,0.806115,0.135899,0.951412,0.997843,0.999878
kmeans256|oracle|transport|p_unresolved_q|t0.7,position=15,268,0.812222,0.329513,0.943906,0.998188,0.999948
kmeans256|oracle|transport|p_unresolved_q|t0.7,domain=chat,1395,0.763422,0.058348,0.943312,0.998071,0.999991
kmeans256|oracle|transport|p_unresolved_q|t0.7,domain=code,510,0.43335,4e-06,0.350406,0.985397,0.999994
kmeans256|oracle|transport|p_unresolved_q|t0.7,domain=maths,300,0.488427,3.9e-05,0.567379,0.99596,0.999994
kmeans256|oracle|transport|p_unresolved_q|t0.7,domain=multilingual,1815,0.752974,0.123301,0.901146,0.996675,1.0
kmeans256|oracle|transport|log_width_retain64|t1.0,all,4020,2.71253,0.000279,2.312211,6.164909,18.376712
kmeans256|oracle|transport|log_width_retain64|t1.0,outcome=accepted,968,0.184263,8e-06,0.000659,0.300304,6.591972
kmeans256|oracle|transport|log_width_retain64|t1.0,outcome=rejected,243,2.247838,0.020656,1.29158,5.637125,13.989197
kmeans256|oracle|transport|log_width_retain64|t1.0,outcome=unreached,2809,3.623987,0.170452,3.503493,6.727543,18.376712
kmeans256|oracle|transport|log_width_retain64|t1.0,position=1,268,1.042071,5.8e-05,0.073759,3.768893,11.249784
kmeans256|oracle|transport|log_width_retain64|t1.0,position=2,268,1.922307,0.000137,0.338492,6.153057,17.857419
kmeans256|oracle|transport|log_width_retain64|t1.0,position=3,268,2.398717,0.000136,0.983129,6.691679,13.989197
kmeans256|oracle|transport|log_width_retain64|t1.0,position=4,268,2.677898,0.00014,1.194551,7.346063,17.169881
kmeans256|oracle|transport|log_width_retain64|t1.0,position=5,268,2.924869,0.000124,1.689111,7.574445,18.376712
kmeans256|oracle|transport|log_width_retain64|t1.0,position=6,268,2.716804,0.000129,2.219618,6.229405,13.236831
kmeans256|oracle|transport|log_width_retain64|t1.0,position=7,268,2.915818,0.000156,2.609659,6.461334,16.304081
kmeans256|oracle|transport|log_width_retain64|t1.0,position=8,268,2.963211,0.000243,2.972254,6.283591,13.062362
kmeans256|oracle|transport|log_width_retain64|t1.0,position=9,268,3.023501,0.00049,3.058372,6.317214,12.234347
kmeans256|oracle|transport|log_width_retain64|t1.0,position=10,268,2.837056,0.000791,2.75028,6.098613,10.606396
kmeans256|oracle|transport|log_width_retain64|t1.0,position=11,268,2.909692,0.001003,3.023542,5.831763,9.388494
kmeans256|oracle|transport|log_width_retain64|t1.0,position=12,268,3.073637,0.002743,3.186359,6.184499,10.406818
kmeans256|oracle|transport|log_width_retain64|t1.0,position=13,268,3.103272,0.004075,3.337389,5.666116,13.283601
kmeans256|oracle|transport|log_width_retain64|t1.0,position=14,268,3.045966,0.007956,3.141278,5.905559,9.898577
kmeans256|oracle|transport|log_width_retain64|t1.0,position=15,268,3.13313,0.017206,3.242416,5.713209,16.360866
kmeans256|oracle|transport|log_width_retain64|t1.0,domain=chat,1395,2.809778,0.003986,2.725824,5.78228,18.376712
kmeans256|oracle|transport|log_width_retain64|t1.0,domain=code,510,0.583954,4e-06,0.001549,2.341625,11.928674
kmeans256|oracle|transport|log_width_retain64|t1.0,domain=maths,300,0.906776,1.8e-05,0.013129,3.239812,8.963949
kmeans256|oracle|transport|log_width_retain64|t1.0,domain=multilingual,1815,3.534369,0.015947,3.373786,7.210697,17.857419
kmeans256|oracle|transport|p_unresolved_x_retain64|t1.0,all,4020,0.194632,0.0,0.001334,0.879806,1.0
kmeans256|oracle|transport|p_unresolved_x_retain64|t1.0,outcome=accepted,968,0.049303,0.0,0.0,0.045891,0.988741
kmeans256|oracle|transport|p_unresolved_x_retain64|t1.0,outcome=rejected,243,0.171826,0.0,0.01652,0.627887,0.998293
kmeans256|oracle|transport|p_unresolved_x_retain64|t1.0,outcome=unreached,2809,0.246687,0.0,0.012849,0.941822,1.0
kmeans256|oracle|transport|p_unresolved_x_retain64|t1.0,position=1,268,0.143977,0.0,0.000391,0.605926,0.998293
kmeans256|oracle|transport|p_unresolved_x_retain64|t1.0,position=2,268,0.15835,0.0,4.4e-05,0.733184,1.0
kmeans256|oracle|transport|p_unresolved_x_retain64|t1.0,position=3,268,0.17436,0.0,6.3e-05,0.863017,0.999005
kmeans256|oracle|transport|p_unresolved_x_retain64|t1.0,position=4,268,0.130241,0.0,3.5e-05,0.535293,0.999741
kmeans256|oracle|transport|p_unresolved_x_retain64|t1.0,position=5,268,0.166131,0.0,0.00029,0.879824,1.0
kmeans256|oracle|transport|p_unresolved_x_retain64|t1.0,position=6,268,0.18681,0.0,0.000255,0.897464,0.999977
kmeans256|oracle|transport|p_unresolved_x_retain64|t1.0,position=7,268,0.173944,0.0,0.001023,0.8853,0.999974
kmeans256|oracle|transport|p_unresolved_x_retain64|t1.0,position=8,268,0.208692,0.0,0.000724,0.935363,0.999933
kmeans256|oracle|transport|p_unresolved_x_retain64|t1.0,position=9,268,0.221378,0.0,0.005295,0.895753,0.999965
kmeans256|oracle|transport|p_unresolved_x_retain64|t1.0,position=10,268,0.182818,0.0,0.004009,0.851013,0.999736
kmeans256|oracle|transport|p_unresolved_x_retain64|t1.0,position=11,268,0.228075,0.0,0.011573,0.911768,0.998826
kmeans256|oracle|transport|p_unresolved_x_retain64|t1.0,position=12,268,0.208358,0.0,0.005597,0.883402,0.999751
kmeans256|oracle|transport|p_unresolved_x_retain64|t1.0,position=13,268,0.224627,0.0,0.009196,0.909243,0.999995
kmeans256|oracle|transport|p_unresolved_x_retain64|t1.0,position=14,268,0.246375,0.0,0.008839,0.94169,0.999772
kmeans256|oracle|transport|p_unresolved_x_retain64|t1.0,position=15,268,0.265347,0.0,0.020643,0.939924,0.999695
kmeans256|oracle|transport|p_unresolved_x_retain64|t1.0,domain=chat,1395,0.191606,0.0,0.006106,0.825878,1.0
kmeans256|oracle|transport|p_unresolved_x_retain64|t1.0,domain=code,510,0.057548,0.0,0.0,0.125406,0.999937
kmeans256|oracle|transport|p_unresolved_x_retain64|t1.0,domain=maths,300,0.100108,0.0,0.0,0.444896,0.999163
kmeans256|oracle|transport|p_unresolved_x_retain64|t1.0,domain=multilingual,1815,0.251102,0.0,0.007774,0.951963,1.0
kmeans256|oracle|transport|rowlevel_rows_skipped,all,4020,0.896742,0.582139,0.999885,0.999996,0.0
kmeans256|oracle|transport|rowlevel_rows_skipped,outcome=accepted,968,0.999994,0.999996,0.999996,0.999996,0.999625
kmeans256|oracle|transport|rowlevel_rows_skipped,outcome=rejected,243,0.877962,0.48829,0.999762,0.999988,4e-06
kmeans256|oracle|transport|rowlevel_rows_skipped,outcome=unreached,2809,0.862785,0.37653,0.997644,0.999996,0.0
kmeans256|oracle|transport|rowlevel_rows_skipped,position=1,268,0.983085,0.995967,0.999996,0.999996,0.000749
kmeans256|oracle|transport|rowlevel_rows_skipped,position=2,268,0.896158,0.529769,0.999992,0.999996,4e-06
kmeans256|oracle|transport|rowlevel_rows_skipped,position=3,268,0.85768,0.233087,0.99998,0.999996,0.0
kmeans256|oracle|transport|rowlevel_rows_skipped,position=4,268,0.836249,0.21665,0.999962,0.999996,0.000213
kmeans256|oracle|transport|rowlevel_rows_skipped,position=5,268,0.83996,0.127846,0.999881,0.999996,0.0
kmeans256|oracle|transport|rowlevel_rows_skipped,position=6,268,0.876125,0.528481,0.99993,0.999996,0.000274
kmeans256|oracle|transport|rowlevel_rows_skipped,position=7,268,0.876791,0.519126,0.999756,0.999996,0.000109
kmeans256|oracle|transport|rowlevel_rows_skipped,position=8,268,0.874048,0.428103,0.999452,0.999996,0.000209
kmeans256|oracle|transport|rowlevel_rows_skipped,position=9,268,0.890975,0.543758,0.999539,0.999996,2e-05
kmeans256|oracle|transport|rowlevel_rows_skipped,position=10,268,0.917694,0.765224,0.999527,0.999996,0.000487
kmeans256|oracle|transport|rowlevel_rows_skipped,position=11,268,0.90996,0.786066,0.999571,0.999996,0.000258
kmeans256|oracle|transport|rowlevel_rows_skipped,position=12,268,0.897606,0.619513,0.998937,0.999996,0.00679
kmeans256|oracle|transport|rowlevel_rows_skipped,position=13,268,0.920606,0.782273,0.999126,0.999996,4e-06
kmeans256|oracle|transport|rowlevel_rows_skipped,position=14,268,0.933616,0.848409,0.999309,0.999996,0.000173
kmeans256|oracle|transport|rowlevel_rows_skipped,position=15,268,0.940575,0.870483,0.999724,0.999996,0.000878
kmeans256|oracle|transport|rowlevel_rows_skipped,domain=chat,1395,0.907456,0.671583,0.999392,0.999996,0.0
kmeans256|oracle|transport|rowlevel_rows_skipped,domain=code,510,0.976225,0.995178,0.999996,0.999996,0.000298
kmeans256|oracle|transport|rowlevel_rows_skipped,domain=maths,300,0.975482,0.985335,0.999996,0.999996,0.000632
kmeans256|oracle|transport|rowlevel_rows_skipped,domain=multilingual,1815,0.853159,0.28358,0.99936,0.999996,0.0
kmeans256|oracle|static|tiles_skipped,all,4020,0.939918,0.819588,0.997938,0.998969,0.0
kmeans256|oracle|static|tiles_skipped,outcome=accepted,968,0.998967,0.998969,0.998969,0.998969,0.997938
kmeans256|oracle|static|tiles_skipped,outcome=rejected,243,0.928064,0.715876,0.996907,0.998969,0.001031
kmeans256|oracle|static|tiles_skipped,outcome=unreached,2809,0.920594,0.68433,0.994845,0.998969,0.0
kmeans256|oracle|static|tiles_skipped,position=1,268,0.992764,0.994845,0.998969,0.998969,0.130928
kmeans256|oracle|static|tiles_skipped,position=2,268,0.93876,0.804845,0.998969,0.998969,0.001031
kmeans256|oracle|static|tiles_skipped,position=3,268,0.910436,0.635876,0.998969,0.998969,0.0
kmeans256|oracle|static|tiles_skipped,position=4,268,0.90202,0.533299,0.998969,0.998969,0.049485
kmeans256|oracle|static|tiles_skipped,position=5,268,0.903389,0.546804,0.997938,0.998969,0.0
kmeans256|oracle|static|tiles_skipped,position=6,268,0.923077,0.664124,0.997938,0.998969,0.056701
kmeans256|oracle|static|tiles_skipped,position=7,268,0.929947,0.791237,0.997938,0.998969,0.023711
kmeans256|oracle|static|tiles_skipped,position=8,268,0.926396,0.668763,0.997938,0.998969,0.042268
kmeans256|oracle|static|tiles_skipped,position=9,268,0.941095,0.844536,0.996907,0.998969,0.005155
kmeans256|oracle|static|tiles_skipped,position=10,268,0.953204,0.915258,0.997938,0.998969,0.1
kmeans256|oracle|static|tiles_skipped,position=11,268,0.949369,0.925464,0.997938,0.998969,0.048454
kmeans256|oracle|static|tiles_skipped,position=12,268,0.94398,0.788247,0.996907,0.998969,0.371134
kmeans256|oracle|static|tiles_skipped,position=13,268,0.956032,0.912268,0.996907,0.998969,0.001031
kmeans256|oracle|static|tiles_skipped,position=14,268,0.960798,0.932371,0.997938,0.998969,0.036082
kmeans256|oracle|static|tiles_skipped,position=15,268,0.967499,0.950928,0.997938,0.998969,0.148454
kmeans256|oracle|static|tiles_skipped,domain=chat,1395,0.940947,0.818969,0.996907,0.998969,0.0
kmeans256|oracle|static|tiles_skipped,domain=code,510,0.983802,0.993814,0.998969,0.998969,0.061856
kmeans256|oracle|static|tiles_skipped,domain=maths,300,0.982488,0.986598,0.998969,0.998969,0.110309
kmeans256|oracle|static|tiles_skipped,domain=multilingual,1815,0.919759,0.668041,0.996907,0.998969,0.0
kmeans256|oracle|static|rows_skipped,all,4020,0.854135,0.397937,0.994982,0.999243,0.0
kmeans256|oracle|static|rows_skipped,outcome=accepted,968,0.996968,0.994674,0.999243,0.999243,0.912685
kmeans256|oracle|static|rows_skipped,outcome=rejected,243,0.822275,0.278454,0.982345,0.998439,4e-06
kmeans256|oracle|static|rows_skipped,outcome=unreached,2809,0.80767,0.211343,0.971883,0.999243,0.0
kmeans256|oracle|static|rows_skipped,position=1,268,0.962628,0.910475,0.997872,0.999243,0.000701
kmeans256|oracle|static|rows_skipped,position=2,268,0.862589,0.342579,0.99764,0.999243,4e-06
kmeans256|oracle|static|rows_skipped,position=3,268,0.822047,0.140835,0.99764,0.999243,0.0
kmeans256|oracle|static|rows_skipped,position=4,268,0.790184,0.108353,0.994664,0.999243,0.000209
kmeans256|oracle|static|rows_skipped,position=5,268,0.797127,0.065109,0.995172,0.999243,0.0
kmeans256|oracle|static|rows_skipped,position=6,268,0.824222,0.298762,0.995482,0.999243,0.000234
kmeans256|oracle|static|rows_skipped,position=7,268,0.821885,0.331482,0.988487,0.999243,0.000105
kmeans256|oracle|static|rows_skipped,position=8,268,0.823951,0.224634,0.988487,0.999243,0.000181
kmeans256|oracle|static|rows_skipped,position=9,268,0.843538,0.322136,0.988487,0.999243,2e-05
kmeans256|oracle|static|rows_skipped,position=10,268,0.867131,0.584434,0.989685,0.999243,0.000487
kmeans256|oracle|static|rows_skipped,position=11,268,0.872475,0.584783,0.993504,0.999243,0.000226
kmeans256|oracle|static|rows_skipped,position=12,268,0.845651,0.377555,0.98697,0.999243,0.003516
kmeans256|oracle|static|rows_skipped,position=13,268,0.8754,0.634853,0.988487,0.999243,4e-06
kmeans256|oracle|static|rows_skipped,position=14,268,0.896813,0.687265,0.994839,0.999243,0.000141
kmeans256|oracle|static|rows_skipped,position=15,268,0.906389,0.670492,0.996529,0.999243,0.000801
kmeans256|oracle|static|rows_skipped,domain=chat,1395,0.858881,0.477232,0.988487,0.999243,0.0
kmeans256|oracle|static|rows_skipped,domain=code,510,0.964385,0.964888,0.999243,0.999243,0.000278
kmeans256|oracle|static|rows_skipped,domain=maths,300,0.959911,0.940399,0.99885,0.999243,0.000592
kmeans256|oracle|static|rows_skipped,domain=multilingual,1815,0.802025,0.15686,0.982184,0.999243,0.0
kmeans256|oracle|static|rows_skipped_taustar,all,4020,0.994455,0.988487,0.999243,0.999243,0.912685
kmeans256|oracle|static|rows_skipped_taustar,outcome=accepted,968,0.996971,0.994674,0.999243,0.999243,0.912685
kmeans256|oracle|static|rows_skipped_taustar,outcome=rejected,243,0.990086,0.964888,0.998099,0.999427,0.912685
kmeans256|oracle|static|rows_skipped_taustar,outcome=unreached,2809,0.993966,0.988487,0.999243,0.999243,0.912685
kmeans256|oracle|static|rows_skipped_taustar,position=1,268,0.991278,0.964888,0.998381,0.999243,0.912685
kmeans256|oracle|static|rows_skipped_taustar,position=2,268,0.993479,0.988487,0.998993,0.999268,0.912685
kmeans256|oracle|static|rows_skipped_taustar,position=3,268,0.993403,0.985092,0.999209,0.999243,0.912685
kmeans256|oracle|static|rows_skipped_taustar,position=4,268,0.992323,0.964888,0.999243,0.999243,0.912685
kmeans256|oracle|static|rows_skipped_taustar,position=5,268,0.994575,0.988487,0.999243,0.999243,0.912685
kmeans256|oracle|static|rows_skipped_taustar,position=6,268,0.993585,0.988487,0.999243,0.999243,0.943464
kmeans256|oracle|static|rows_skipped_taustar,position=7,268,0.994494,0.988487,0.999243,0.999243,0.912685
kmeans256|oracle|static|rows_skipped_taustar,position=8,268,0.994407,0.988487,0.999243,0.999243,0.912685
kmeans256|oracle|static|rows_skipped_taustar,position=9,268,0.994707,0.988487,0.999243,0.999243,0.912685
kmeans256|oracle|static|rows_skipped_taustar,position=10,268,0.995738,0.988853,0.999243,0.999243,0.943464
kmeans256|oracle|static|rows_skipped_taustar,position=11,268,0.995252,0.988853,0.999243,0.999243,0.912685
kmeans256|oracle|static|rows_skipped_taustar,position=12,268,0.995013,0.988487,0.999243,0.999243,0.912685
kmeans256|oracle|static|rows_skipped_taustar,position=13,268,0.995867,0.988743,0.999243,0.999243,0.912685
kmeans256|oracle|static|rows_skipped_taustar,position=14,268,0.995893,0.98898,0.999243,0.999243,0.912685
kmeans256|oracle|static|rows_skipped_taustar,position=15,268,0.996809,0.996529,0.999243,0.999243,0.912685
kmeans256|oracle|static|rows_skipped_taustar,domain=chat,1395,0.996268,0.988487,0.999243,0.999243,0.943464
kmeans256|oracle|static|rows_skipped_taustar,domain=code,510,0.997855,0.99764,0.999243,0.999243,0.943464
kmeans256|oracle|static|rows_skipped_taustar,domain=maths,300,0.997387,0.994143,0.999243,0.999243,0.943464
kmeans256|oracle|static|rows_skipped_taustar,domain=multilingual,1815,0.991621,0.964888,0.999243,0.999243,0.912685
kmeans256|oracle|static|log_width|t1.0,all,4020,21.553939,16.021367,19.758865,30.129151,39.478953
kmeans256|oracle|static|log_width|t1.0,outcome=accepted,968,28.198405,22.61819,28.584112,33.248761,39.478953
kmeans256|oracle|static|log_width|t1.0,outcome=rejected,243,22.515899,18.257702,22.098115,27.204539,36.670723
kmeans256|oracle|static|log_width|t1.0,outcome=unreached,2809,19.180996,15.642303,18.227057,24.072358,35.474307
kmeans256|oracle|static|log_width|t1.0,position=1,268,24.481719,19.062443,24.028988,30.391613,37.940598
kmeans256|oracle|static|log_width|t1.0,position=2,268,23.551834,17.612784,23.259888,30.399407,37.01054
kmeans256|oracle|static|log_width|t1.0,position=3,268,23.03623,17.346333,21.843384,30.673326,37.959972
kmeans256|oracle|static|log_width|t1.0,position=4,268,22.841874,16.482031,22.130744,30.861962,36.496871
kmeans256|oracle|static|log_width|t1.0,position=5,268,22.440117,16.433789,20.662679,31.17828,39.252437
kmeans256|oracle|static|log_width|t1.0,position=6,268,22.220919,16.284091,20.797316,30.452143,36.089286
kmeans256|oracle|static|log_width|t1.0,position=7,268,21.674417,15.751827,20.044958,30.31263,35.743083
kmeans256|oracle|static|log_width|t1.0,position=8,268,21.264126,15.589625,19.321539,30.628411,39.478953
kmeans256|oracle|static|log_width|t1.0,position=9,268,20.881344,15.788386,18.72532,30.456969,36.459221
kmeans256|oracle|static|log_width|t1.0,position=10,268,20.818515,15.984434,18.497183,30.277934,37.659344
kmeans256|oracle|static|log_width|t1.0,position=11,268,20.458619,15.568637,18.226661,28.990894,38.555973
kmeans256|oracle|static|log_width|t1.0,position=12,268,20.326484,15.62551,18.065865,29.146145,37.603191
kmeans256|oracle|static|log_width|t1.0,position=13,268,20.035374,15.732027,18.140635,28.569545,35.474307
kmeans256|oracle|static|log_width|t1.0,position=14,268,19.73375,15.802722,17.948717,28.182702,36.138532
kmeans256|oracle|static|log_width|t1.0,position=15,268,19.54377,15.821342,18.042029,27.672652,34.707775
kmeans256|oracle|static|log_width|t1.0,domain=chat,1395,20.910973,16.357104,19.458132,28.033354,39.252437
kmeans256|oracle|static|log_width|t1.0,domain=code,510,27.215206,19.522705,28.083514,33.151604,39.478953
kmeans256|oracle|static|log_width|t1.0,domain=maths,300,26.599053,18.580769,27.28524,33.406051,37.959972
kmeans256|oracle|static|log_width|t1.0,domain=multilingual,1815,19.623448,15.481455,18.228626,26.39215,37.659344
kmeans256|oracle|static|p_unresolved_x|t1.0,all,4020,0.948407,0.971767,0.998067,1.0,1.0
kmeans256|oracle|static|p_unresolved_x|t1.0,outcome=accepted,968,0.994953,0.993059,0.99468,0.998972,0.999949
kmeans256|oracle|static|p_unresolved_x|t1.0,outcome=rejected,243,0.930769,0.993842,0.999866,1.0,1.0
kmeans256|oracle|static|p_unresolved_x|t1.0,outcome=unreached,2809,0.933893,0.947771,0.999375,1.0,1.0
kmeans256|oracle|static|p_unresolved_x|t1.0,position=1,268,0.993032,0.993772,0.997813,0.999983,1.0
kmeans256|oracle|static|p_unresolved_x|t1.0,position=2,268,0.940134,0.983679,0.996859,1.0,1.0
kmeans256|oracle|static|p_unresolved_x|t1.0,position=3,268,0.907458,0.684583,0.996781,1.0,1.0
kmeans256|oracle|static|p_unresolved_x|t1.0,position=4,268,0.905242,0.626928,0.996937,1.0,1.0
kmeans256|oracle|static|p_unresolved_x|t1.0,position=5,268,0.907245,0.410378,0.997638,1.0,1.0
kmeans256|oracle|static|p_unresolved_x|t1.0,position=6,268,0.93255,0.973391,0.996969,1.0,1.0
kmeans256|oracle|static|p_unresolved_x|t1.0,position=7,268,0.956452,0.981697,0.999039,1.0,1.0
kmeans256|oracle|static|p_unresolved_x|t1.0,position=8,268,0.957816,0.98183,0.998582,1.0,1.0
kmeans256|oracle|static|p_unresolved_x|t1.0,position=9,268,0.957833,0.976252,0.998436,0.999999,1.0
kmeans256|oracle|static|p_unresolved_x|t1.0,position=10,268,0.972042,0.98276,0.999131,0.999999,1.0
kmeans256|oracle|static|p_unresolved_x|t1.0,position=11,268,0.94361,0.965617,0.998346,0.999998,1.0
kmeans256|oracle|static|p_unresolved_x|t1.0,position=12,268,0.953671,0.965629,0.998999,0.999999,1.0
kmeans256|oracle|static|p_unresolved_x|t1.0,position=13,268,0.962642,0.972355,0.999181,0.999999,1.0
kmeans256|oracle|static|p_unresolved_x|t1.0,position=14,268,0.967454,0.965934,0.998168,0.999998,1.0
kmeans256|oracle|static|p_unresolved_x|t1.0,position=15,268,0.968928,0.953438,0.996971,0.999998,1.0
kmeans256|oracle|static|p_unresolved_x|t1.0,domain=chat,1395,0.965006,0.983098,0.99928,1.0,1.0
kmeans256|oracle|static|p_unresolved_x|t1.0,domain=code,510,0.979349,0.992024,0.994681,0.999941,1.0
kmeans256|oracle|static|p_unresolved_x|t1.0,domain=maths,300,0.986081,0.989313,0.99619,0.999996,1.0
kmeans256|oracle|static|p_unresolved_x|t1.0,domain=multilingual,1815,0.920728,0.896674,0.998318,1.0,1.0
kmeans256|oracle|static|p_unresolved_q|t1.0,all,4020,0.972907,0.928235,0.994991,0.998957,0.999998
kmeans256|oracle|static|p_unresolved_q|t1.0,outcome=accepted,968,0.991254,0.993354,0.994681,0.998579,0.999952
kmeans256|oracle|static|p_unresolved_q|t1.0,outcome=rejected,243,0.965555,0.943545,0.997064,0.999331,0.99993
kmeans256|oracle|static|p_unresolved_q|t1.0,outcome=unreached,2809,0.96722,0.899159,0.99557,0.998926,0.999998
kmeans256|oracle|static|p_unresolved_q|t1.0,position=1,268,0.995187,0.992935,0.997051,0.999449,0.999952
kmeans256|oracle|static|p_unresolved_q|t1.0,position=2,268,0.968811,0.94517,0.995029,0.999006,0.999885
kmeans256|oracle|static|p_unresolved_q|t1.0,position=3,268,0.958517,0.863642,0.994681,0.999057,0.999983
kmeans256|oracle|static|p_unresolved_q|t1.0,position=4,268,0.957467,0.862842,0.994681,0.999014,0.999885
kmeans256|oracle|static|p_unresolved_q|t1.0,position=5,268,0.955014,0.840587,0.994681,0.999071,0.999887
kmeans256|oracle|static|p_unresolved_q|t1.0,position=6,268,0.966271,0.90537,0.994681,0.999047,0.999896
kmeans256|oracle|static|p_unresolved_q|t1.0,position=7,268,0.974834,0.924628,0.994681,0.998879,0.999987
kmeans256|oracle|static|p_unresolved_q|t1.0,position=8,268,0.973522,0.936975,0.995435,0.999212,0.999988
kmeans256|oracle|static|p_unresolved_q|t1.0,position=9,268,0.976936,0.950624,0.995304,0.998915,0.999769
kmeans256|oracle|static|p_unresolved_q|t1.0,position=10,268,0.978961,0.950455,0.995303,0.998758,0.99969
kmeans256|oracle|static|p_unresolved_q|t1.0,position=11,268,0.973178,0.908849,0.995579,0.998671,0.999813
kmeans256|oracle|static|p_unresolved_q|t1.0,position=12,268,0.974863,0.936432,0.995751,0.99874,0.999928
kmeans256|oracle|static|p_unresolved_q|t1.0,position=13,268,0.980471,0.956463,0.995623,0.998847,0.999998
kmeans256|oracle|static|p_unresolved_q|t1.0,position=14,268,0.979079,0.951525,0.995504,0.998564,0.999917
kmeans256|oracle|static|p_unresolved_q|t1.0,position=15,268,0.980491,0.944988,0.995464,0.99856,0.99997
kmeans256|oracle|static|p_unresolved_q|t1.0,domain=chat,1395,0.977169,0.953591,0.996479,0.999114,0.99997
kmeans256|oracle|static|p_unresolved_q|t1.0,domain=code,510,0.982612,0.984564,0.994681,0.998294,0.999988
kmeans256|oracle|static|p_unresolved_q|t1.0,domain=maths,300,0.984074,0.979505,0.994681,0.99927,0.999916
kmeans256|oracle|static|p_unresolved_q|t1.0,domain=multilingual,1815,0.965058,0.896913,0.994682,0.998865,0.999998
kmeans256|oracle|static|log_width|t0.7,all,4020,29.802463,21.154679,27.194201,43.032662,55.45567
kmeans256|oracle|static|log_width|t0.7,outcome=accepted,968,39.994929,31.23552,40.776973,47.530816,55.45567
kmeans256|oracle|static|log_width|t0.7,outcome=rejected,243,30.581242,23.586125,29.751467,38.782907,52.01775
kmeans256|oracle|static|log_width|t0.7,outcome=unreached,2809,26.222701,20.529954,24.920546,33.967616,50.863399
kmeans256|oracle|static|log_width|t0.7,position=1,268,33.889331,25.750324,33.229036,43.422735,54.287448
kmeans256|oracle|static|log_width|t0.7,position=2,268,32.513029,23.10313,32.361881,43.208606,52.01775
kmeans256|oracle|static|log_width|t0.7,position=3,268,31.778948,22.286568,30.413461,43.52051,53.693565
kmeans256|oracle|static|log_width|t0.7,position=4,268,31.510097,21.357575,30.016295,44.200094,51.332175
kmeans256|oracle|static|log_width|t0.7,position=5,268,30.984848,21.458287,28.534199,44.352494,55.45567
kmeans256|oracle|static|log_width|t0.7,position=6,268,30.693354,20.738111,28.880477,43.464437,51.374284
kmeans256|oracle|static|log_width|t0.7,position=7,268,29.893361,20.32201,27.201387,43.802729,51.34443
kmeans256|oracle|static|log_width|t0.7,position=8,268,29.257081,20.943717,26.55575,43.663552,54.971232
kmeans256|oracle|static|log_width|t0.7,position=9,268,28.769985,20.883696,25.461935,43.675835,52.625248
kmeans256|oracle|static|log_width|t0.7,position=10,268,28.829057,20.951362,25.795319,42.952137,54.237815
kmeans256|oracle|static|log_width|t0.7,position=11,268,28.311963,20.8782,25.239024,42.071286,54.200624
kmeans256|oracle|static|log_width|t0.7,position=12,268,28.106196,20.691047,25.46379,41.138441,51.613152
kmeans256|oracle|static|log_width|t0.7,position=13,268,27.768561,20.984913,25.190063,40.672018,50.863399
kmeans256|oracle|static|log_width|t0.7,position=14,268,27.450398,20.986062,25.0778,39.722321,51.384462
kmeans256|oracle|static|log_width|t0.7,position=15,268,27.280734,21.33312,25.216052,39.808386,49.841866
kmeans256|oracle|static|log_width|t0.7,domain=chat,1395,28.803056,21.553689,26.742669,39.942493,55.45567
kmeans256|oracle|static|log_width|t0.7,domain=code,510,38.808249,27.682292,40.208909,47.285943,54.971232
kmeans256|oracle|static|log_width|t0.7,domain=maths,300,37.558565,25.445475,38.908719,47.890395,54.287448
kmeans256|oracle|static|log_width|t0.7,domain=multilingual,1815,26.75805,20.23425,24.832044,37.326757,54.237815
kmeans256|oracle|static|p_unresolved_x|t0.7,all,4020,0.943898,0.985013,0.9988,1.0,1.0
kmeans256|oracle|static|p_unresolved_x|t0.7,outcome=accepted,968,0.995459,0.994101,0.994681,0.999181,0.999953
kmeans256|oracle|static|p_unresolved_x|t0.7,outcome=rejected,243,0.918566,0.995163,0.999964,1.0,1.0
kmeans256|oracle|static|p_unresolved_x|t0.7,outcome=unreached,2809,0.928321,0.974145,0.999842,1.0,1.0
kmeans256|oracle|static|p_unresolved_x|t0.7,position=1,268,0.993494,0.994645,0.9982,1.0,1.0
kmeans256|oracle|static|p_unresolved_x|t0.7,position=2,268,0.925948,0.98628,0.997486,1.0,1.0
kmeans256|oracle|static|p_unresolved_x|t0.7,position=3,268,0.896168,0.432771,0.997173,1.0,1.0
kmeans256|oracle|static|p_unresolved_x|t0.7,position=4,268,0.891342,0.143075,0.997663,1.0,1.0
kmeans256|oracle|static|p_unresolved_x|t0.7,position=5,268,0.89962,0.416199,0.997798,1.0,1.0
kmeans256|oracle|static|p_unresolved_x|t0.7,position=6,268,0.92548,0.985837,0.997751,1.0,1.0
kmeans256|oracle|static|p_unresolved_x|t0.7,position=7,268,0.943644,0.986774,0.999488,1.0,1.0
kmeans256|oracle|static|p_unresolved_x|t0.7,position=8,268,0.952609,0.988097,0.999453,1.0,1.0
kmeans256|oracle|static|p_unresolved_x|t0.7,position=9,268,0.957725,0.989459,0.999565,1.0,1.0
kmeans256|oracle|static|p_unresolved_x|t0.7,position=10,268,0.969776,0.990926,0.999725,1.0,1.0
kmeans256|oracle|static|p_unresolved_x|t0.7,position=11,268,0.946795,0.98349,0.999463,1.0,1.0
kmeans256|oracle|static|p_unresolved_x|t0.7,position=12,268,0.952131,0.98388,0.999716,1.0,1.0
kmeans256|oracle|static|p_unresolved_x|t0.7,position=13,268,0.960566,0.984491,0.999795,1.0,1.0
kmeans256|oracle|static|p_unresolved_x|t0.7,position=14,268,0.968726,0.983897,0.999249,1.0,1.0
kmeans256|oracle|static|p_unresolved_x|t0.7,position=15,268,0.974449,0.980922,0.998997,1.0,1.0
kmeans256|oracle|static|p_unresolved_x|t0.7,domain=chat,1395,0.964048,0.990904,0.999809,1.0,1.0
kmeans256|oracle|static|p_unresolved_x|t0.7,domain=code,510,0.984066,0.993317,0.994681,0.999996,1.0
kmeans256|oracle|static|p_unresolved_x|t0.7,domain=maths,300,0.986911,0.992804,0.997111,1.0,1.0
kmeans256|oracle|static|p_unresolved_x|t0.7,domain=multilingual,1815,0.910015,0.812053,0.999285,1.0,1.0
kmeans256|oracle|static|p_unresolved_q|t0.7,all,4020,0.951328,0.861331,0.994697,0.999289,1.0
kmeans256|oracle|static|p_unresolved_q|t0.7,outcome=accepted,968,0.992544,0.994305,0.994681,0.998989,0.999953
kmeans256|oracle|static|p_unresolved_q|t0.7,outcome=rejected,243,0.934723,0.850365,0.996983,0.999649,0.999953
kmeans256|oracle|static|p_unresolved_q|t0.7,outcome=unreached,2809,0.938561,0.805967,0.994924,0.999282,1.0
kmeans256|oracle|static|p_unresolved_q|t0.7,position=1,268,0.991426,0.991524,0.997215,0.99961,0.999953
kmeans256|oracle|static|p_unresolved_q|t0.7,position=2,268,0.940362,0.870757,0.994819,0.999525,0.999983
kmeans256|oracle|static|p_unresolved_q|t0.7,position=3,268,0.910221,0.65182,0.994681,0.999393,0.999997
kmeans256|oracle|static|p_unresolved_q|t0.7,position=4,268,0.912755,0.67671,0.994681,0.999337,0.999968
kmeans256|oracle|static|p_unresolved_q|t0.7,position=5,268,0.912903,0.696945,0.994681,0.999451,0.999984
kmeans256|oracle|static|p_unresolved_q|t0.7,position=6,268,0.934952,0.805315,0.994681,0.999418,0.999999
kmeans256|oracle|static|p_unresolved_q|t0.7,position=7,268,0.955306,0.880778,0.994681,0.999378,0.999996
kmeans256|oracle|static|p_unresolved_q|t0.7,position=8,268,0.956924,0.860377,0.994837,0.999501,0.999999
kmeans256|oracle|static|p_unresolved_q|t0.7,position=9,268,0.961288,0.913002,0.99486,0.999095,0.999866
kmeans256|oracle|static|p_unresolved_q|t0.7,position=10,268,0.965513,0.907721,0.994771,0.999052,0.999913
kmeans256|oracle|static|p_unresolved_q|t0.7,position=11,268,0.960886,0.866055,0.995097,0.999037,0.999997
kmeans256|oracle|static|p_unresolved_q|t0.7,position=12,268,0.962885,0.914685,0.995336,0.998982,0.999929
kmeans256|oracle|static|p_unresolved_q|t0.7,position=13,268,0.96541,0.929818,0.995275,0.99918,1.0
kmeans256|oracle|static|p_unresolved_q|t0.7,position=14,268,0.968833,0.930941,0.994798,0.998842,0.999964
kmeans256|oracle|static|p_unresolved_q|t0.7,position=15,268,0.970256,0.916359,0.994797,0.998735,0.999998
kmeans256|oracle|static|p_unresolved_q|t0.7,domain=chat,1395,0.965443,0.952268,0.996368,0.999472,0.999999
kmeans256|oracle|static|p_unresolved_q|t0.7,domain=code,510,0.983122,0.99183,0.994681,0.998294,0.999999
kmeans256|oracle|static|p_unresolved_q|t0.7,domain=maths,300,0.983051,0.985664,0.994681,0.999441,0.999974
kmeans256|oracle|static|p_unresolved_q|t0.7,domain=multilingual,1815,0.926302,0.754554,0.994681,0.999189,1.0
kmeans1024|scalar|transport|tiles_skipped,all,4020,0.216872,0.219008,0.219008,0.219008,0.0
kmeans1024|scalar|transport|rows_skipped,all,4020,0.000211,0.000213,0.000213,0.000213,0.0
kmeans1024|scalar|transport|rows_skipped_taustar,all,4020,0.000213,0.000213,0.000213,0.000213,0.000213
kmeans1024|scalar|transport|log_width|t1.0,all,4020,849.911246,781.909792,847.508048,922.745215,1035.970218
kmeans1024|scalar|transport|p_unresolved_x|t1.0,all,4020,0.980526,1.0,1.0,1.0,1.0
kmeans1024|scalar|transport|p_unresolved_q|t1.0,all,4020,0.991043,0.995242,1.0,1.0,1.0
kmeans1024|scalar|transport|log_width|t0.7,all,4020,1213.039294,1115.829221,1209.564858,1317.743331,1479.385806
kmeans1024|scalar|transport|p_unresolved_x|t0.7,all,4020,0.972152,1.0,1.0,1.0,1.0
kmeans1024|scalar|transport|p_unresolved_q|t0.7,all,4020,0.97663,0.984039,1.0,1.0,1.0
kmeans1024|scalar|transport|log_width_retain64|t1.0,all,4020,831.411404,764.324467,830.136497,901.947501,1013.462872
kmeans1024|scalar|transport|p_unresolved_x_retain64|t1.0,all,4020,0.583192,5.6e-05,1.0,1.0,1.0
kmeans1024|scalar|transport|rowlevel_rows_skipped,all,4020,0.000211,0.000213,0.000213,0.000213,0.0
kmeans1024|scalar|static|tiles_skipped,all,4020,0.216872,0.219008,0.219008,0.219008,0.0
kmeans1024|scalar|static|rows_skipped,all,4020,0.000211,0.000213,0.000213,0.000213,0.0
kmeans1024|scalar|static|rows_skipped_taustar,all,4020,0.000213,0.000213,0.000213,0.000213,0.000213
kmeans1024|scalar|static|log_width|t1.0,all,4020,915.825227,839.306612,919.067411,990.384775,1026.538784
kmeans1024|scalar|static|p_unresolved_x|t1.0,all,4020,0.980526,1.0,1.0,1.0,1.0
kmeans1024|scalar|static|p_unresolved_q|t1.0,all,4020,0.991043,0.995242,1.0,1.0,1.0
kmeans1024|scalar|static|log_width|t0.7,all,4020,1305.830062,1196.802561,1310.367029,1412.13188,1463.976869
kmeans1024|scalar|static|p_unresolved_x|t0.7,all,4020,0.972152,1.0,1.0,1.0,1.0
kmeans1024|scalar|static|p_unresolved_q|t0.7,all,4020,0.97663,0.984039,1.0,1.0,1.0
kmeans1024|coord|transport|tiles_skipped,all,4020,0.227142,0.219008,0.219008,0.264463,0.0
kmeans1024|coord|transport|rows_skipped,all,4020,0.000231,0.000213,0.000213,0.000302,0.0
kmeans1024|coord|transport|rows_skipped_taustar,all,4020,0.000235,0.000213,0.000213,0.000302,0.000213
kmeans1024|coord|transport|log_width|t1.0,all,4020,330.81494,306.37672,330.640401,355.82508,397.880661
kmeans1024|coord|transport|p_unresolved_x|t1.0,all,4020,0.980526,1.0,1.0,1.0,1.0
kmeans1024|coord|transport|p_unresolved_q|t1.0,all,4020,0.991043,0.995242,1.0,1.0,1.0
kmeans1024|coord|transport|log_width|t0.7,all,4020,469.38817,434.612473,469.060274,505.025416,564.997288
kmeans1024|coord|transport|p_unresolved_x|t0.7,all,4020,0.972152,1.0,1.0,1.0,1.0
kmeans1024|coord|transport|p_unresolved_q|t0.7,all,4020,0.97663,0.984039,1.0,1.0,1.0
kmeans1024|coord|transport|log_width_retain64|t1.0,all,4020,312.884576,288.102561,313.338638,337.043109,383.469379
kmeans1024|coord|transport|p_unresolved_x_retain64|t1.0,all,4020,0.583192,5.6e-05,1.0,1.0,1.0
kmeans1024|coord|transport|rowlevel_rows_skipped,all,4020,0.000233,0.000213,0.000213,0.000306,0.0
kmeans1024|coord|static|tiles_skipped,all,4020,0.224472,0.219008,0.219008,0.252066,0.0
kmeans1024|coord|static|rows_skipped,all,4020,0.000226,0.000213,0.000213,0.000278,0.0
kmeans1024|coord|static|rows_skipped_taustar,all,4020,0.000229,0.000213,0.000213,0.000286,0.000213
kmeans1024|coord|static|log_width|t1.0,all,4020,357.411731,329.249335,359.64042,382.426822,394.178568
kmeans1024|coord|static|p_unresolved_x|t1.0,all,4020,0.980526,1.0,1.0,1.0,1.0
kmeans1024|coord|static|p_unresolved_q|t1.0,all,4020,0.991043,0.995242,1.0,1.0,1.0
kmeans1024|coord|static|log_width|t0.7,all,4020,507.191907,467.01282,510.362614,542.874141,559.720021
kmeans1024|coord|static|p_unresolved_x|t0.7,all,4020,0.972152,1.0,1.0,1.0,1.0
kmeans1024|coord|static|p_unresolved_q|t0.7,all,4020,0.97663,0.984039,1.0,1.0,1.0
kmeans1024|group32|transport|tiles_skipped,all,4020,0.216917,0.219008,0.219008,0.219008,0.0
kmeans1024|group32|transport|rows_skipped,all,4020,0.000211,0.000213,0.000213,0.000213,0.0
kmeans1024|group32|transport|rows_skipped_taustar,all,4020,0.000214,0.000213,0.000213,0.000213,0.000213
kmeans1024|group32|transport|log_width|t1.0,all,4020,171.940243,162.889886,171.928478,181.543884,200.131477
kmeans1024|group32|transport|p_unresolved_x|t1.0,all,4020,0.980526,1.0,1.0,1.0,1.0
kmeans1024|group32|transport|p_unresolved_q|t1.0,all,4020,0.991043,0.995242,1.0,1.0,1.0
kmeans1024|group32|transport|log_width|t0.7,all,4020,242.603022,229.777113,242.41355,256.337253,282.869313
kmeans1024|group32|transport|p_unresolved_x|t0.7,all,4020,0.972152,1.0,1.0,1.0,1.0
kmeans1024|group32|transport|p_unresolved_q|t0.7,all,4020,0.97663,0.984039,1.0,1.0,1.0
kmeans1024|group32|transport|log_width_retain64|t1.0,all,4020,153.93214,140.900115,155.088205,165.082852,188.388547
kmeans1024|group32|transport|p_unresolved_x_retain64|t1.0,all,4020,0.583192,5.6e-05,1.0,1.0,1.0
kmeans1024|group32|transport|rowlevel_rows_skipped,all,4020,0.000211,0.000213,0.000213,0.000213,0.0
kmeans1024|group32|static|tiles_skipped,all,4020,0.216874,0.219008,0.219008,0.219008,0.0
kmeans1024|group32|static|rows_skipped,all,4020,0.000211,0.000213,0.000213,0.000213,0.0
kmeans1024|group32|static|rows_skipped_taustar,all,4020,0.000213,0.000213,0.000213,0.000213,0.000213
kmeans1024|group32|static|log_width|t1.0,all,4020,186.730015,177.938656,187.978093,193.932195,198.024305
kmeans1024|group32|static|p_unresolved_x|t1.0,all,4020,0.980526,1.0,1.0,1.0,1.0
kmeans1024|group32|static|p_unresolved_q|t1.0,all,4020,0.991043,0.995242,1.0,1.0,1.0
kmeans1024|group32|static|log_width|t0.7,all,4020,263.335445,250.960293,265.111254,273.581695,279.579232
kmeans1024|group32|static|p_unresolved_x|t0.7,all,4020,0.972152,1.0,1.0,1.0,1.0
kmeans1024|group32|static|p_unresolved_q|t0.7,all,4020,0.97663,0.984039,1.0,1.0,1.0
kmeans1024|group128|transport|tiles_skipped,all,4020,0.216902,0.219008,0.219008,0.219008,0.0
kmeans1024|group128|transport|rows_skipped,all,4020,0.000211,0.000213,0.000213,0.000213,0.0
kmeans1024|group128|transport|rows_skipped_taustar,all,4020,0.000213,0.000213,0.000213,0.000213,0.000213
kmeans1024|group128|transport|log_width|t1.0,all,4020,153.642404,146.220847,153.242572,162.144085,178.391416
kmeans1024|group128|transport|p_unresolved_x|t1.0,all,4020,0.980526,1.0,1.0,1.0,1.0
kmeans1024|group128|transport|p_unresolved_q|t1.0,all,4020,0.991043,0.995242,1.0,1.0,1.0
kmeans1024|group128|transport|log_width|t0.7,all,4020,217.594934,206.977011,216.921157,230.106489,255.772306
kmeans1024|group128|transport|p_unresolved_x|t0.7,all,4020,0.972152,1.0,1.0,1.0,1.0
kmeans1024|group128|transport|p_unresolved_q|t0.7,all,4020,0.97663,0.984039,1.0,1.0,1.0
kmeans1024|group128|transport|log_width_retain64|t1.0,all,4020,134.893093,121.949831,136.012377,145.413905,166.246957
kmeans1024|group128|transport|p_unresolved_x_retain64|t1.0,all,4020,0.583192,5.6e-05,1.0,1.0,1.0
kmeans1024|group128|transport|rowlevel_rows_skipped,all,4020,0.000211,0.000213,0.000213,0.000213,0.0
kmeans1024|group128|static|tiles_skipped,all,4020,0.216872,0.219008,0.219008,0.219008,0.0
kmeans1024|group128|static|rows_skipped,all,4020,0.000211,0.000213,0.000213,0.000213,0.0
kmeans1024|group128|static|rows_skipped_taustar,all,4020,0.000213,0.000213,0.000213,0.000213,0.000213
kmeans1024|group128|static|log_width|t1.0,all,4020,165.879239,158.48453,167.368558,171.325844,175.094337
kmeans1024|group128|static|p_unresolved_x|t1.0,all,4020,0.980526,1.0,1.0,1.0,1.0
kmeans1024|group128|static|p_unresolved_q|t1.0,all,4020,0.991043,0.995242,1.0,1.0,1.0
kmeans1024|group128|static|log_width|t0.7,all,4020,233.377565,222.710176,235.484592,241.22869,246.388757
kmeans1024|group128|static|p_unresolved_x|t0.7,all,4020,0.972152,1.0,1.0,1.0,1.0
kmeans1024|group128|static|p_unresolved_q|t0.7,all,4020,0.97663,0.984039,1.0,1.0,1.0
kmeans1024|lowrank_w64|transport|tiles_skipped,all,4020,0.216936,0.219008,0.219008,0.219008,0.0
kmeans1024|lowrank_w64|transport|rows_skipped,all,4020,0.000211,0.000213,0.000213,0.000213,0.0
kmeans1024|lowrank_w64|transport|rows_skipped_taustar,all,4020,0.000214,0.000213,0.000213,0.000213,0.000213
kmeans1024|lowrank_w64|transport|log_width|t1.0,all,4020,155.660841,148.033554,155.532194,163.709515,186.11826
kmeans1024|lowrank_w64|transport|p_unresolved_x|t1.0,all,4020,0.980526,1.0,1.0,1.0,1.0
kmeans1024|lowrank_w64|transport|p_unresolved_q|t1.0,all,4020,0.991043,0.995242,1.0,1.0,1.0
kmeans1024|lowrank_w64|transport|log_width|t0.7,all,4020,220.496166,209.728582,220.188901,232.159239,264.568932
kmeans1024|lowrank_w64|transport|p_unresolved_x|t0.7,all,4020,0.972152,1.0,1.0,1.0,1.0
kmeans1024|lowrank_w64|transport|p_unresolved_q|t0.7,all,4020,0.97663,0.984039,1.0,1.0,1.0
kmeans1024|lowrank_w64|transport|log_width_retain64|t1.0,all,4020,137.187074,123.640754,138.542529,147.542266,175.698384
kmeans1024|lowrank_w64|transport|p_unresolved_x_retain64|t1.0,all,4020,0.583192,5.6e-05,1.0,1.0,1.0
kmeans1024|lowrank_w64|transport|rowlevel_rows_skipped,all,4020,0.000212,0.000213,0.000213,0.000213,0.0
kmeans1024|lowrank_w64|static|tiles_skipped,all,4020,0.216875,0.219008,0.219008,0.219008,0.0
kmeans1024|lowrank_w64|static|rows_skipped,all,4020,0.000211,0.000213,0.000213,0.000213,0.0
kmeans1024|lowrank_w64|static|rows_skipped_taustar,all,4020,0.000213,0.000213,0.000213,0.000213,0.000213
kmeans1024|lowrank_w64|static|log_width|t1.0,all,4020,168.63096,161.130618,169.701512,175.097013,185.011688
kmeans1024|lowrank_w64|static|p_unresolved_x|t1.0,all,4020,0.980526,1.0,1.0,1.0,1.0
kmeans1024|lowrank_w64|static|p_unresolved_q|t1.0,all,4020,0.991043,0.995242,1.0,1.0,1.0
kmeans1024|lowrank_w64|static|log_width|t0.7,all,4020,237.468962,226.675928,238.946841,246.832385,260.387911
kmeans1024|lowrank_w64|static|p_unresolved_x|t0.7,all,4020,0.972152,1.0,1.0,1.0,1.0
kmeans1024|lowrank_w64|static|p_unresolved_q|t0.7,all,4020,0.97663,0.984039,1.0,1.0,1.0
kmeans1024|lowrank_d64|transport|tiles_skipped,all,4020,0.217652,0.219008,0.219008,0.219008,0.0
kmeans1024|lowrank_d64|transport|rows_skipped,all,4020,0.000213,0.000213,0.000213,0.000213,0.0
kmeans1024|lowrank_d64|transport|rows_skipped_taustar,all,4020,0.000215,0.000213,0.000213,0.000213,0.000213
kmeans1024|lowrank_d64|transport|log_width|t1.0,all,4020,144.78101,125.500175,146.361441,160.935484,183.529456
kmeans1024|lowrank_d64|transport|p_unresolved_x|t1.0,all,4020,0.980526,1.0,1.0,1.0,1.0
kmeans1024|lowrank_d64|transport|p_unresolved_q|t1.0,all,4020,0.991043,0.995242,1.0,1.0,1.0
kmeans1024|lowrank_d64|transport|log_width|t0.7,all,4020,206.447437,178.867265,208.553595,229.523683,263.11241
kmeans1024|lowrank_d64|transport|p_unresolved_x|t0.7,all,4020,0.972152,1.0,1.0,1.0,1.0
kmeans1024|lowrank_d64|transport|p_unresolved_q|t0.7,all,4020,0.97663,0.984039,1.0,1.0,1.0
kmeans1024|lowrank_d64|transport|log_width_retain64|t1.0,all,4020,124.199564,106.701135,124.501222,140.850867,163.610628
kmeans1024|lowrank_d64|transport|p_unresolved_x_retain64|t1.0,all,4020,0.583192,5.6e-05,1.0,1.0,1.0
kmeans1024|lowrank_d64|transport|rowlevel_rows_skipped,all,4020,0.000213,0.000213,0.000213,0.000213,0.0
kmeans1024|lowrank_d64|static|tiles_skipped,all,4020,0.217149,0.219008,0.219008,0.219008,0.0
kmeans1024|lowrank_d64|static|rows_skipped,all,4020,0.000212,0.000213,0.000213,0.000213,0.0
kmeans1024|lowrank_d64|static|rows_skipped_taustar,all,4020,0.000214,0.000213,0.000213,0.000213,0.000213
kmeans1024|lowrank_d64|static|log_width|t1.0,all,4020,154.918621,135.363088,156.876044,170.81278,176.285924
kmeans1024|lowrank_d64|static|p_unresolved_x|t1.0,all,4020,0.980526,1.0,1.0,1.0,1.0
kmeans1024|lowrank_d64|static|p_unresolved_q|t1.0,all,4020,0.991043,0.995242,1.0,1.0,1.0
kmeans1024|lowrank_d64|static|log_width|t0.7,all,4020,218.729191,191.303796,221.851785,240.661811,250.502307
kmeans1024|lowrank_d64|static|p_unresolved_x|t0.7,all,4020,0.972152,1.0,1.0,1.0,1.0
kmeans1024|lowrank_d64|static|p_unresolved_q|t0.7,all,4020,0.97663,0.984039,1.0,1.0,1.0
kmeans1024|lowrank_d256|transport|tiles_skipped,all,4020,0.219472,0.219008,0.219008,0.227273,0.0
kmeans1024|lowrank_d256|transport|rows_skipped,all,4020,0.000216,0.000213,0.000213,0.00023,0.0
kmeans1024|lowrank_d256|transport|rows_skipped_taustar,all,4020,0.000219,0.000213,0.000213,0.00023,0.000213
kmeans1024|lowrank_d256|transport|log_width|t1.0,all,4020,166.30472,143.195933,168.118777,185.348654,209.348783
kmeans1024|lowrank_d256|transport|p_unresolved_x|t1.0,all,4020,0.980526,1.0,1.0,1.0,1.0
kmeans1024|lowrank_d256|transport|p_unresolved_q|t1.0,all,4020,0.991043,0.995242,1.0,1.0,1.0
kmeans1024|lowrank_d256|transport|log_width|t0.7,all,4020,237.524474,204.340347,240.180022,265.051042,299.306987
kmeans1024|lowrank_d256|transport|p_unresolved_x|t0.7,all,4020,0.972152,1.0,1.0,1.0,1.0
kmeans1024|lowrank_d256|transport|p_unresolved_q|t0.7,all,4020,0.97663,0.984039,1.0,1.0,1.0
kmeans1024|lowrank_d256|transport|log_width_retain64|t1.0,all,4020,144.94233,124.847079,145.989943,163.363686,192.091026
kmeans1024|lowrank_d256|transport|p_unresolved_x_retain64|t1.0,all,4020,0.583192,5.6e-05,1.0,1.0,1.0
kmeans1024|lowrank_d256|transport|rowlevel_rows_skipped,all,4020,0.000217,0.000213,0.000213,0.000234,0.0
kmeans1024|lowrank_d256|static|tiles_skipped,all,4020,0.218483,0.219008,0.219008,0.219008,0.0
kmeans1024|lowrank_d256|static|rows_skipped,all,4020,0.000214,0.000213,0.000213,0.000213,0.0
kmeans1024|lowrank_d256|static|rows_skipped_taustar,all,4020,0.000217,0.000213,0.000213,0.000221,0.000213
kmeans1024|lowrank_d256|static|log_width|t1.0,all,4020,178.001603,155.304316,180.6174,196.051525,203.936259
kmeans1024|lowrank_d256|static|p_unresolved_x|t1.0,all,4020,0.980526,1.0,1.0,1.0,1.0
kmeans1024|lowrank_d256|static|p_unresolved_q|t1.0,all,4020,0.991043,0.995242,1.0,1.0,1.0
kmeans1024|lowrank_d256|static|log_width|t0.7,all,4020,252.529228,220.195011,256.329718,278.135802,289.756719
kmeans1024|lowrank_d256|static|p_unresolved_x|t0.7,all,4020,0.972152,1.0,1.0,1.0,1.0
kmeans1024|lowrank_d256|static|p_unresolved_q|t0.7,all,4020,0.97663,0.984039,1.0,1.0,1.0
kmeans1024|best|transport|tiles_skipped,all,4020,0.227211,0.219008,0.219008,0.264463,0.0
kmeans1024|best|transport|rows_skipped,all,4020,0.000232,0.000213,0.000213,0.000302,0.0
kmeans1024|best|transport|rows_skipped_taustar,all,4020,0.000236,0.000213,0.000213,0.000302,0.000213
kmeans1024|best|transport|log_width|t1.0,all,4020,143.644913,125.465845,145.533828,158.312618,176.517861
kmeans1024|best|transport|p_unresolved_x|t1.0,all,4020,0.980526,1.0,1.0,1.0,1.0
kmeans1024|best|transport|p_unresolved_q|t1.0,all,4020,0.991043,0.995242,1.0,1.0,1.0
kmeans1024|best|transport|log_width|t0.7,all,4020,204.498013,178.84954,207.034272,225.411895,253.067547
kmeans1024|best|transport|p_unresolved_x|t0.7,all,4020,0.972152,1.0,1.0,1.0,1.0
kmeans1024|best|transport|p_unresolved_q|t0.7,all,4020,0.97663,0.984039,1.0,1.0,1.0
kmeans1024|best|transport|log_width_retain64|t1.0,all,4020,123.752955,106.656687,124.164036,139.811227,162.417871
kmeans1024|best|transport|p_unresolved_x_retain64|t1.0,all,4020,0.583192,5.6e-05,1.0,1.0,1.0
kmeans1024|best|transport|rowlevel_rows_skipped,all,4020,0.000233,0.000213,0.000213,0.000306,0.0
kmeans1024|best|static|tiles_skipped,all,4020,0.224525,0.219008,0.219008,0.252066,0.0
kmeans1024|best|static|rows_skipped,all,4020,0.000226,0.000213,0.000213,0.000278,0.0
kmeans1024|best|static|rows_skipped_taustar,all,4020,0.00023,0.000213,0.000213,0.000286,0.000213
kmeans1024|best|static|log_width|t1.0,all,4020,154.471048,135.363088,156.606258,169.684311,174.403407
kmeans1024|best|static|p_unresolved_x|t1.0,all,4020,0.980526,1.0,1.0,1.0,1.0
kmeans1024|best|static|p_unresolved_q|t1.0,all,4020,0.991043,0.995242,1.0,1.0,1.0
kmeans1024|best|static|log_width|t0.7,all,4020,217.931862,191.303796,221.064013,238.958582,245.746885
kmeans1024|best|static|p_unresolved_x|t0.7,all,4020,0.972152,1.0,1.0,1.0,1.0
kmeans1024|best|static|p_unresolved_q|t0.7,all,4020,0.97663,0.984039,1.0,1.0,1.0
kmeans1024|oracle|transport|tiles_skipped,all,4020,0.864943,0.438017,0.983471,0.995868,0.0
kmeans1024|oracle|transport|rows_skipped,all,4020,0.684073,0.020971,0.901546,0.998595,0.0
kmeans1024|oracle|transport|rows_skipped_taustar,all,4020,0.939651,0.831165,0.980215,0.998595,0.303214
kmeans1024|oracle|transport|log_width|t1.0,all,4020,18.586305,14.918436,17.682561,23.897197,38.383316
kmeans1024|oracle|transport|p_unresolved_x|t1.0,all,4020,0.701956,0.0,0.982199,0.999999,1.0
kmeans1024|oracle|transport|p_unresolved_q|t1.0,all,4020,0.784293,0.077705,0.967256,0.998093,0.999996
kmeans1024|oracle|transport|log_width|t0.7,all,4020,26.882629,20.836441,25.498184,35.393227,56.266894
kmeans1024|oracle|transport|p_unresolved_x|t0.7,all,4020,0.714506,0.0,0.996446,1.0,1.0
kmeans1024|oracle|transport|p_unresolved_q|t0.7,all,4020,0.750905,0.011669,0.96306,0.999528,1.0
kmeans1024|oracle|transport|log_width_retain64|t1.0,all,4020,3.384246,0.000614,3.190578,7.348843,19.236754
kmeans1024|oracle|transport|p_unresolved_x_retain64|t1.0,all,4020,0.233083,0.0,0.004605,0.947112,1.0
kmeans1024|oracle|transport|rowlevel_rows_skipped,all,4020,0.861758,0.34949,0.999734,0.999996,0.0
kmeans1024|oracle|static|tiles_skipped,all,4020,0.918558,0.718595,0.991736,0.995868,0.0
kmeans1024|oracle|static|rows_skipped,all,4020,0.799926,0.181741,0.985784,0.998595,0.0
kmeans1024|oracle|static|rows_skipped_taustar,all,4020,0.986086,0.973554,0.998595,0.998595,0.817816
kmeans1024|oracle|static|log_width|t1.0,all,4020,24.012889,18.463743,22.238164,32.58197,41.807541
kmeans1024|oracle|static|p_unresolved_x|t1.0,all,4020,0.969514,0.990066,0.999572,1.0,1.0
kmeans1024|oracle|static|p_unresolved_q|t1.0,all,4020,0.985202,0.975077,0.998223,0.999744,0.999998
kmeans1024|oracle|static|log_width|t0.7,all,4020,33.076271,24.70113,30.457887,45.955433,58.271482
kmeans1024|oracle|static|p_unresolved_x|t0.7,all,4020,0.967722,0.994468,0.999753,1.0,1.0
kmeans1024|oracle|static|p_unresolved_q|t0.7,all,4020,0.97286,0.970518,0.99775,0.99981,1.0
drift1.0|contig256|coord|rows_skipped,all,4020,0.0,0.0,0.0,0.0,0.0
drift1.0|contig256|coord|log_width|t1.0,all,4020,300.377246,276.045576,299.697113,326.350199,363.660967
drift1.0|contig256|coord|p_unresolved_q|t1.0,all,4020,1.0,1.0,1.0,1.0,1.0
drift1.0|contig256|group128|rows_skipped,all,4020,0.0,0.0,0.0,0.0,0.0
drift1.0|contig256|group128|log_width|t1.0,all,4020,237.113373,225.146753,236.232056,251.659255,272.828509
drift1.0|contig256|group128|p_unresolved_q|t1.0,all,4020,1.0,1.0,1.0,1.0,1.0
drift1.0|contig256|best|rows_skipped,all,4020,0.0,0.0,0.0,0.0,0.0
drift1.0|contig256|best|log_width|t1.0,all,4020,211.372092,188.09824,213.313165,231.546963,253.139238
drift1.0|contig256|best|p_unresolved_q|t1.0,all,4020,1.0,1.0,1.0,1.0,1.0
drift1.0|contig256|oracle|rows_skipped,all,4020,0.838895,0.295773,0.994845,0.998969,0.0
drift1.0|contig256|oracle|log_width|t1.0,all,4020,16.493546,12.546381,15.206775,22.730418,38.22129
drift1.0|contig256|oracle|p_unresolved_q|t1.0,all,4020,0.729596,0.04461,0.916467,0.989489,0.999899
drift0.3|contig256|coord|rows_skipped,all,4020,0.000221,0.0,0.0,0.001031,0.0
drift0.3|contig256|coord|log_width|t1.0,all,4020,100.329334,89.450244,99.522905,112.420938,127.609652
drift0.3|contig256|coord|p_unresolved_q|t1.0,all,4020,1.0,1.0,1.0,1.0,1.0
drift0.3|contig256|group128|rows_skipped,all,4020,0.002757,0.0,0.0,0.001031,0.0
drift0.3|contig256|group128|log_width|t1.0,all,4020,79.326071,73.195635,78.667418,86.68473,100.320247
drift0.3|contig256|group128|p_unresolved_q|t1.0,all,4020,1.0,1.0,1.0,1.0,1.0
drift0.3|contig256|best|rows_skipped,all,4020,0.020273,0.0,0.0,0.001031,0.0
drift0.3|contig256|best|log_width|t1.0,all,4020,70.894563,61.367807,71.470987,79.538942,91.567296
drift0.3|contig256|best|p_unresolved_q|t1.0,all,4020,1.0,1.0,1.0,1.0,1.0
drift0.3|contig256|oracle|rows_skipped,all,4020,0.901978,0.677216,0.997938,0.998969,0.0
drift0.3|contig256|oracle|log_width|t1.0,all,4020,5.988884,4.052396,5.50295,8.660664,18.275263
drift0.3|contig256|oracle|p_unresolved_q|t1.0,all,4020,0.263332,0.000132,0.249116,0.55876,0.936698
drift0.1|contig256|coord|rows_skipped,all,4020,0.268784,0.0,0.001031,0.979381,0.0
drift0.1|contig256|coord|log_width|t1.0,all,4020,40.229477,35.506347,40.284946,44.895309,50.769481
drift0.1|contig256|coord|p_unresolved_q|t1.0,all,4020,1.0,1.0,1.0,1.0,1.0
drift0.1|contig256|group128|rows_skipped,all,4020,0.491641,0.0,0.554124,0.998969,0.0
drift0.1|contig256|group128|log_width|t1.0,all,4020,27.150549,24.573666,27.127192,29.801706,33.776139
drift0.1|contig256|group128|p_unresolved_q|t1.0,all,4020,0.999995,0.999988,0.999998,0.999999,1.0
drift0.1|contig256|best|rows_skipped,all,4020,0.572892,0.0,0.756701,0.998969,0.0
drift0.1|contig256|best|log_width|t1.0,all,4020,24.015065,20.652851,24.249971,26.90967,30.879494
drift0.1|contig256|best|p_unresolved_q|t1.0,all,4020,0.999975,0.999944,0.999988,0.999996,0.999999
drift0.1|contig256|oracle|rows_skipped,all,4020,0.908331,0.715258,0.997938,0.998969,0.0
drift0.1|contig256|oracle|log_width|t1.0,all,4020,2.077489,1.39319,1.934337,2.950493,6.091786
drift0.1|contig256|oracle|p_unresolved_q|t1.0,all,4020,0.091688,2.3e-05,0.074884,0.208296,0.601458
drift0.03|contig256|coord|rows_skipped,all,4020,0.737592,0.001031,0.973196,0.998969,0.0
drift0.03|contig256|coord|log_width|t1.0,all,4020,12.345887,11.134821,12.377067,13.552955,15.281385
drift0.03|contig256|coord|p_unresolved_q|t1.0,all,4020,0.996905,0.995041,0.997364,0.998412,0.999471
drift0.03|contig256|group128|rows_skipped,all,4020,0.815103,0.097938,0.990722,0.998969,0.0
drift0.03|contig256|group128|log_width|t1.0,all,4020,8.153163,7.344975,8.14609,8.98001,10.132859
drift0.03|contig256|group128|p_unresolved_q|t1.0,all,4020,0.976398,0.965381,0.97822,0.984777,0.992163
drift0.03|contig256|best|rows_skipped,all,4020,0.831157,0.189072,0.992784,0.998969,0.0
drift0.03|contig256|best|log_width|t1.0,all,4020,7.208711,6.184703,7.290161,8.093932,9.263911
drift0.03|contig256|best|p_unresolved_q|t1.0,all,4020,0.961837,0.942503,0.965259,0.975807,0.986029
drift0.03|contig256|oracle|rows_skipped,all,4020,0.910091,0.720515,0.997938,0.998969,0.0
drift0.03|contig256|oracle|log_width|t1.0,all,4020,0.630831,0.424518,0.589532,0.892674,1.827536
drift0.03|contig256|oracle|p_unresolved_q|t1.0,all,4020,0.027982,6e-06,0.02186,0.064478,0.241174
drift0.01|contig256|coord|rows_skipped,all,4020,0.86494,0.455258,0.995876,0.998969,0.0
drift0.01|contig256|coord|log_width|t1.0,all,4020,4.118012,3.719322,4.125992,4.51867,5.093797
drift0.01|contig256|coord|p_unresolved_q|t1.0,all,4020,0.857667,0.828891,0.861208,0.883044,0.919134
drift0.01|contig256|group128|rows_skipped,all,4020,0.883788,0.57299,0.996907,0.998969,0.0
drift0.01|contig256|group128|log_width|t1.0,all,4020,2.717461,2.446556,2.714622,2.994542,3.37762
drift0.01|contig256|group128|p_unresolved_q|t1.0,all,4020,0.715228,0.673235,0.719062,0.751445,0.801367
drift0.01|contig256|best|rows_skipped,all,4020,0.887399,0.590619,0.996907,0.998969,0.0
drift0.01|contig256|best|log_width|t1.0,all,4020,2.402724,2.060685,2.430631,2.698208,3.087973
drift0.01|contig256|best|p_unresolved_q|t1.0,all,4020,0.666365,0.611522,0.67273,0.710286,0.75852
drift0.01|contig256|oracle|rows_skipped,all,4020,0.910545,0.723608,0.997938,0.998969,0.0
drift0.01|contig256|oracle|log_width|t1.0,all,4020,0.210977,0.142012,0.197224,0.29812,0.609179
drift0.01|contig256|oracle|p_unresolved_q|t1.0,all,4020,0.009376,2e-06,0.007218,0.021578,0.087889
drift1.0|kmeans256|coord|rows_skipped,all,4020,0.001047,0.000938,0.000946,0.001397,0.0
drift1.0|kmeans256|coord|rows_skipped,outcome=accepted,968,0.001305,0.001059,0.001349,0.001466,0.000938
drift1.0|kmeans256|coord|rows_skipped,outcome=rejected,243,0.00097,0.000938,0.000938,0.001091,4e-06
drift1.0|kmeans256|coord|rows_skipped,outcome=unreached,2809,0.000966,0.000938,0.000938,0.001059,0.0
drift1.0|kmeans256|coord|rows_skipped,position=1,268,0.001137,0.000938,0.001083,0.001438,0.000419
drift1.0|kmeans256|coord|rows_skipped,position=2,268,0.001094,0.000938,0.001027,0.001397,4e-06
drift1.0|kmeans256|coord|rows_skipped,position=3,268,0.001077,0.000934,0.000991,0.001416,0.0
drift1.0|kmeans256|coord|rows_skipped,position=4,268,0.001067,0.000934,0.000962,0.001405,0.000177
drift1.0|kmeans256|coord|rows_skipped,position=5,268,0.001052,0.000934,0.000938,0.001416,0.0
drift1.0|kmeans256|coord|rows_skipped,position=6,268,0.00106,0.000938,0.000954,0.001405,0.000209
drift1.0|kmeans256|coord|rows_skipped,position=7,268,0.001043,0.000938,0.000938,0.001394,8.5e-05
drift1.0|kmeans256|coord|rows_skipped,position=8,268,0.001041,0.000938,0.000938,0.001397,0.000157
drift1.0|kmeans256|coord|rows_skipped,position=9,268,0.001034,0.000938,0.000938,0.001392,2e-05
drift1.0|kmeans256|coord|rows_skipped,position=10,268,0.001038,0.000938,0.000938,0.001384,0.000318
drift1.0|kmeans256|coord|rows_skipped,position=11,268,0.001029,0.000938,0.000938,0.001389,0.000153
drift1.0|kmeans256|coord|rows_skipped,position=12,268,0.00102,0.000938,0.000938,0.001343,0.000886
drift1.0|kmeans256|coord|rows_skipped,position=13,268,0.001008,0.000938,0.000938,0.001317,4e-06
drift1.0|kmeans256|coord|rows_skipped,position=14,268,0.001006,0.000938,0.000938,0.001325,0.000141
drift1.0|kmeans256|coord|rows_skipped,position=15,268,0.001006,0.000938,0.000938,0.001276,0.000451
drift1.0|kmeans256|coord|rows_skipped,domain=chat,1395,0.001015,0.000938,0.000938,0.001285,0.0
drift1.0|kmeans256|coord|rows_skipped,domain=code,510,0.001256,0.000938,0.001341,0.001466,0.000209
drift1.0|kmeans256|coord|rows_skipped,domain=maths,300,0.001205,0.000938,0.001244,0.001454,0.000362
drift1.0|kmeans256|coord|rows_skipped,domain=multilingual,1815,0.000988,0.000934,0.000938,0.001212,0.0
drift1.0|kmeans256|coord|log_width|t1.0,all,4020,312.344838,289.158005,312.279544,335.976586,376.75639
drift1.0|kmeans256|coord|log_width|t1.0,outcome=accepted,968,315.106658,289.542978,314.426486,342.413826,366.016849
drift1.0|kmeans256|coord|log_width|t1.0,outcome=rejected,243,313.7992,292.374984,314.235443,337.712023,370.071782
drift1.0|kmeans256|coord|log_width|t1.0,outcome=unreached,2809,311.267283,288.858389,311.420687,333.838959,376.75639
drift1.0|kmeans256|coord|log_width|t1.0,position=1,268,310.86127,291.075463,310.469341,336.968967,363.892896
drift1.0|kmeans256|coord|log_width|t1.0,position=2,268,314.881222,292.297644,314.521812,336.593558,370.071782
drift1.0|kmeans256|coord|log_width|t1.0,position=3,268,316.494745,293.407484,316.940927,338.727366,362.695143
drift1.0|kmeans256|coord|log_width|t1.0,position=4,268,318.224687,293.010002,318.668929,342.227236,365.57307
drift1.0|kmeans256|coord|log_width|t1.0,position=5,268,316.439538,290.670977,318.741457,340.532809,366.016849
drift1.0|kmeans256|coord|log_width|t1.0,position=6,268,315.583542,288.951591,316.516637,339.826516,364.075331
drift1.0|kmeans256|coord|log_width|t1.0,position=7,268,313.362614,289.711956,314.125179,337.696573,363.006791
drift1.0|kmeans256|coord|log_width|t1.0,position=8,268,312.079124,287.99926,312.364102,335.159195,370.294402
drift1.0|kmeans256|coord|log_width|t1.0,position=9,268,312.306309,290.164061,311.769855,336.256235,357.607081
drift1.0|kmeans256|coord|log_width|t1.0,position=10,268,310.736208,289.477062,311.265133,333.463588,363.747991
drift1.0|kmeans256|coord|log_width|t1.0,position=11,268,309.025427,285.158098,310.190568,330.853413,364.231559
drift1.0|kmeans256|coord|log_width|t1.0,position=12,268,310.057124,290.55112,310.186022,331.2717,354.432472
drift1.0|kmeans256|coord|log_width|t1.0,position=13,268,309.944373,287.342876,310.457219,329.669655,374.524834
drift1.0|kmeans256|coord|log_width|t1.0,position=14,268,308.097832,288.390385,307.623789,328.557153,376.75639
drift1.0|kmeans256|coord|log_width|t1.0,position=15,268,307.078552,286.527931,306.301267,324.65052,363.213033
drift1.0|kmeans256|coord|log_width|t1.0,domain=chat,1395,317.235814,299.37077,316.524128,337.285356,376.75639
drift1.0|kmeans256|coord|log_width|t1.0,domain=code,510,312.773313,288.70212,313.065738,337.780893,360.598834
drift1.0|kmeans256|coord|log_width|t1.0,domain=maths,300,315.196001,288.096178,317.482142,339.127144,363.213033
drift1.0|kmeans256|coord|log_width|t1.0,domain=multilingual,1815,307.993993,284.200684,306.843276,334.308438,370.071782
drift1.0|kmeans256|coord|p_unresolved_q|t1.0,all,4020,0.98243,0.960583,1.0,1.0,1.0
drift1.0|kmeans256|coord|p_unresolved_q|t1.0,outcome=accepted,968,0.996406,0.999882,1.0,1.0,1.0
drift1.0|kmeans256|coord|p_unresolved_q|t1.0,outcome=rejected,243,0.976023,0.95798,0.999976,1.0,1.0
drift1.0|kmeans256|coord|p_unresolved_q|t1.0,outcome=unreached,2809,0.978169,0.93602,0.999995,1.0,1.0
drift1.0|kmeans256|coord|p_unresolved_q|t1.0,position=1,268,0.998675,0.998033,1.0,1.0,1.0
drift1.0|kmeans256|coord|p_unresolved_q|t1.0,position=2,268,0.976379,0.973348,1.0,1.0,1.0
drift1.0|kmeans256|coord|p_unresolved_q|t1.0,position=3,268,0.967657,0.886044,0.999993,1.0,1.0
drift1.0|kmeans256|coord|p_unresolved_q|t1.0,position=4,268,0.970201,0.895874,0.999989,1.0,1.0
drift1.0|kmeans256|coord|p_unresolved_q|t1.0,position=5,268,0.965777,0.894307,0.999989,1.0,1.0
drift1.0|kmeans256|coord|p_unresolved_q|t1.0,position=6,268,0.975956,0.931641,0.999996,1.0,1.0
drift1.0|kmeans256|coord|p_unresolved_q|t1.0,position=7,268,0.985399,0.959302,0.999998,1.0,1.0
drift1.0|kmeans256|coord|p_unresolved_q|t1.0,position=8,268,0.983662,0.969915,0.999999,1.0,1.0
drift1.0|kmeans256|coord|p_unresolved_q|t1.0,position=9,268,0.986782,0.976944,1.0,1.0,1.0
drift1.0|kmeans256|coord|p_unresolved_q|t1.0,position=10,268,0.988195,0.987727,1.0,1.0,1.0
drift1.0|kmeans256|coord|p_unresolved_q|t1.0,position=11,268,0.984362,0.955806,1.0,1.0,1.0
drift1.0|kmeans256|coord|p_unresolved_q|t1.0,position=12,268,0.98693,0.976183,1.0,1.0,1.0
drift1.0|kmeans256|coord|p_unresolved_q|t1.0,position=13,268,0.989017,0.982039,1.0,1.0,1.0
drift1.0|kmeans256|coord|p_unresolved_q|t1.0,position=14,268,0.988462,0.984931,1.0,1.0,1.0
drift1.0|kmeans256|coord|p_unresolved_q|t1.0,position=15,268,0.989001,0.970187,1.0,1.0,1.0
drift1.0|kmeans256|coord|p_unresolved_q|t1.0,domain=chat,1395,0.984452,0.984279,1.0,1.0,1.0
drift1.0|kmeans256|coord|p_unresolved_q|t1.0,domain=code,510,0.991512,0.998581,1.0,1.0,1.0
drift1.0|kmeans256|coord|p_unresolved_q|t1.0,domain=maths,300,0.991293,0.993675,1.0,1.0,1.0
drift1.0|kmeans256|coord|p_unresolved_q|t1.0,domain=multilingual,1815,0.97686,0.934771,0.999949,1.0,1.0
drift1.0|kmeans256|group128|rows_skipped,all,4020,0.000934,0.000938,0.000938,0.000954,0.0
drift1.0|kmeans256|group128|log_width|t1.0,all,4020,148.474925,140.964219,148.415049,156.661349,171.060967
drift1.0|kmeans256|group128|p_unresolved_q|t1.0,all,4020,0.98243,0.960583,1.0,1.0,1.0
drift1.0|kmeans256|best|rows_skipped,all,4020,0.001049,0.000938,0.000946,0.001397,0.0
drift1.0|kmeans256|best|rows_skipped,outcome=accepted,968,0.001307,0.001059,0.001349,0.001466,0.000938
drift1.0|kmeans256|best|rows_skipped,outcome=rejected,243,0.00097,0.000938,0.000938,0.001091,4e-06
drift1.0|kmeans256|best|rows_skipped,outcome=unreached,2809,0.000967,0.000938,0.000938,0.001067,0.0
drift1.0|kmeans256|best|rows_skipped,position=1,268,0.001139,0.000938,0.001083,0.001438,0.000419
drift1.0|kmeans256|best|rows_skipped,position=2,268,0.001095,0.000938,0.001031,0.001397,4e-06
drift1.0|kmeans256|best|rows_skipped,position=3,268,0.001077,0.000934,0.000991,0.001416,0.0
drift1.0|kmeans256|best|rows_skipped,position=4,268,0.001068,0.000934,0.000962,0.001405,0.000177
drift1.0|kmeans256|best|rows_skipped,position=5,268,0.001053,0.000934,0.000938,0.001416,0.0
drift1.0|kmeans256|best|rows_skipped,position=6,268,0.00106,0.000938,0.000954,0.001405,0.000209
drift1.0|kmeans256|best|rows_skipped,position=7,268,0.001044,0.000938,0.000938,0.001405,8.5e-05
drift1.0|kmeans256|best|rows_skipped,position=8,268,0.001042,0.000938,0.000938,0.001397,0.000157
drift1.0|kmeans256|best|rows_skipped,position=9,268,0.001034,0.000938,0.000938,0.001392,2e-05
drift1.0|kmeans256|best|rows_skipped,position=10,268,0.001038,0.000938,0.000938,0.001384,0.000318
drift1.0|kmeans256|best|rows_skipped,position=11,268,0.001029,0.000938,0.000938,0.001389,0.000153
drift1.0|kmeans256|best|rows_skipped,position=12,268,0.001021,0.000938,0.000938,0.001343,0.000886
drift1.0|kmeans256|best|rows_skipped,position=13,268,0.001011,0.000938,0.000938,0.001319,4e-06
drift1.0|kmeans256|best|rows_skipped,position=14,268,0.001009,0.000938,0.000942,0.001325,0.000141
drift1.0|kmeans256|best|rows_skipped,position=15,268,0.00101,0.000938,0.000946,0.001276,0.000451
drift1.0|kmeans256|best|rows_skipped,domain=chat,1395,0.001016,0.000938,0.000938,0.001289,0.0
drift1.0|kmeans256|best|rows_skipped,domain=code,510,0.001258,0.000938,0.001345,0.00147,0.000209
drift1.0|kmeans256|best|rows_skipped,domain=maths,300,0.001207,0.000938,0.001248,0.001454,0.000362
drift1.0|kmeans256|best|rows_skipped,domain=multilingual,1815,0.000989,0.000934,0.000938,0.001212,0.0
drift1.0|kmeans256|best|log_width|t1.0,all,4020,136.661939,120.229794,137.912976,150.470315,165.575462
drift1.0|kmeans256|best|log_width|t1.0,outcome=accepted,968,142.467004,131.30708,142.507101,153.238893,165.313524
drift1.0|kmeans256|best|log_width|t1.0,outcome=rejected,243,142.412931,132.578073,142.095119,152.365412,165.575462
drift1.0|kmeans256|best|log_width|t1.0,outcome=unreached,2809,134.16397,117.880613,134.840388,148.897813,165.488325
drift1.0|kmeans256|best|log_width|t1.0,position=1,268,141.764647,132.725622,141.117291,150.588812,165.313524
drift1.0|kmeans256|best|log_width|t1.0,position=2,268,143.051237,134.966268,142.79234,152.241351,165.575462
drift1.0|kmeans256|best|log_width|t1.0,position=3,268,142.967011,133.128615,143.665023,152.275516,161.637392
drift1.0|kmeans256|best|log_width|t1.0,position=4,268,143.494678,132.508237,143.770907,154.17663,162.564366
drift1.0|kmeans256|best|log_width|t1.0,position=5,268,141.760767,130.523346,143.042419,152.671839,161.518884
drift1.0|kmeans256|best|log_width|t1.0,position=6,268,140.6906,128.688202,141.139953,152.872376,161.461385
drift1.0|kmeans256|best|log_width|t1.0,position=7,268,138.916279,126.464279,139.673623,151.234726,161.206168
drift1.0|kmeans256|best|log_width|t1.0,position=8,268,137.369564,124.327796,137.94913,149.38181,162.736461
drift1.0|kmeans256|best|log_width|t1.0,position=9,268,136.12156,122.027972,136.119278,149.85808,159.507634
drift1.0|kmeans256|best|log_width|t1.0,position=10,268,133.810502,120.085238,133.416985,147.673937,161.428284
drift1.0|kmeans256|best|log_width|t1.0,position=11,268,131.876748,117.422128,132.726167,146.138095,162.366116
drift1.0|kmeans256|best|log_width|t1.0,position=12,268,131.252492,116.289929,131.16764,146.786891,163.366369
drift1.0|kmeans256|best|log_width|t1.0,position=13,268,130.726038,115.580258,130.780168,146.402697,165.488325
drift1.0|kmeans256|best|log_width|t1.0,position=14,268,128.734676,113.45561,127.523436,146.194118,163.977012
drift1.0|kmeans256|best|log_width|t1.0,position=15,268,127.392286,112.285417,126.978506,142.65175,158.381169
drift1.0|kmeans256|best|log_width|t1.0,domain=chat,1395,134.891904,116.040563,137.67285,149.73715,165.488325
drift1.0|kmeans256|best|log_width|t1.0,domain=code,510,139.711,127.008111,140.701364,151.906227,164.929079
drift1.0|kmeans256|best|log_width|t1.0,domain=maths,300,138.141405,120.168596,140.087465,152.156029,162.564366
drift1.0|kmeans256|best|log_width|t1.0,domain=multilingual,1815,136.921078,123.074574,137.109415,150.176829,165.575462
drift1.0|kmeans256|best|p_unresolved_q|t1.0,all,4020,0.98243,0.960583,1.0,1.0,1.0
drift1.0|kmeans256|best|p_unresolved_q|t1.0,outcome=accepted,968,0.996406,0.999882,1.0,1.0,1.0
drift1.0|kmeans256|best|p_unresolved_q|t1.0,outcome=rejected,243,0.976023,0.95798,0.999976,1.0,1.0
drift1.0|kmeans256|best|p_unresolved_q|t1.0,outcome=unreached,2809,0.978169,0.93602,0.999995,1.0,1.0
drift1.0|kmeans256|best|p_unresolved_q|t1.0,position=1,268,0.998675,0.998033,1.0,1.0,1.0
drift1.0|kmeans256|best|p_unresolved_q|t1.0,position=2,268,0.976379,0.973348,1.0,1.0,1.0
drift1.0|kmeans256|best|p_unresolved_q|t1.0,position=3,268,0.967657,0.886044,0.999993,1.0,1.0
drift1.0|kmeans256|best|p_unresolved_q|t1.0,position=4,268,0.970201,0.895874,0.999989,1.0,1.0
drift1.0|kmeans256|best|p_unresolved_q|t1.0,position=5,268,0.965777,0.894307,0.999989,1.0,1.0
drift1.0|kmeans256|best|p_unresolved_q|t1.0,position=6,268,0.975956,0.931641,0.999996,1.0,1.0
drift1.0|kmeans256|best|p_unresolved_q|t1.0,position=7,268,0.985399,0.959302,0.999998,1.0,1.0
drift1.0|kmeans256|best|p_unresolved_q|t1.0,position=8,268,0.983662,0.969915,0.999999,1.0,1.0
drift1.0|kmeans256|best|p_unresolved_q|t1.0,position=9,268,0.986782,0.976944,1.0,1.0,1.0
drift1.0|kmeans256|best|p_unresolved_q|t1.0,position=10,268,0.988195,0.987727,1.0,1.0,1.0
drift1.0|kmeans256|best|p_unresolved_q|t1.0,position=11,268,0.984362,0.955806,1.0,1.0,1.0
drift1.0|kmeans256|best|p_unresolved_q|t1.0,position=12,268,0.98693,0.976183,1.0,1.0,1.0
drift1.0|kmeans256|best|p_unresolved_q|t1.0,position=13,268,0.989017,0.982039,1.0,1.0,1.0
drift1.0|kmeans256|best|p_unresolved_q|t1.0,position=14,268,0.988462,0.984931,1.0,1.0,1.0
drift1.0|kmeans256|best|p_unresolved_q|t1.0,position=15,268,0.989001,0.970187,1.0,1.0,1.0
drift1.0|kmeans256|best|p_unresolved_q|t1.0,domain=chat,1395,0.984452,0.984279,1.0,1.0,1.0
drift1.0|kmeans256|best|p_unresolved_q|t1.0,domain=code,510,0.991512,0.998581,1.0,1.0,1.0
drift1.0|kmeans256|best|p_unresolved_q|t1.0,domain=maths,300,0.991293,0.993675,1.0,1.0,1.0
drift1.0|kmeans256|best|p_unresolved_q|t1.0,domain=multilingual,1815,0.97686,0.934771,0.999949,1.0,1.0
drift1.0|kmeans256|oracle|rows_skipped,all,4020,0.769868,0.097335,0.964888,0.999243,0.0
drift1.0|kmeans256|oracle|rows_skipped,outcome=accepted,968,0.995677,0.991579,0.999243,0.999243,0.797688
drift1.0|kmeans256|oracle|rows_skipped,outcome=rejected,243,0.748806,0.055199,0.935144,0.997342,4e-06
drift1.0|kmeans256|oracle|rows_skipped,outcome=unreached,2809,0.693875,0.027237,0.878491,0.999243,0.0
drift1.0|kmeans256|oracle|rows_skipped,position=1,268,0.938849,0.832642,0.997632,0.999243,0.000576
drift1.0|kmeans256|oracle|rows_skipped,position=2,268,0.817649,0.109772,0.996883,0.999243,4e-06
drift1.0|kmeans256|oracle|rows_skipped,position=3,268,0.770296,0.01332,0.988487,0.999243,0.0
drift1.0|kmeans256|oracle|rows_skipped,position=4,268,0.714277,0.007993,0.977845,0.999243,0.000193
drift1.0|kmeans256|oracle|rows_skipped,position=5,268,0.711714,0.007164,0.954385,0.999243,0.0
drift1.0|kmeans256|oracle|rows_skipped,position=6,268,0.739961,0.042275,0.975183,0.999243,0.000226
drift1.0|kmeans256|oracle|rows_skipped,position=7,268,0.731102,0.071865,0.946694,0.999243,0.000105
drift1.0|kmeans256|oracle|rows_skipped,position=8,268,0.729716,0.02209,0.929083,0.999243,0.000181
drift1.0|kmeans256|oracle|rows_skipped,position=9,268,0.747707,0.062592,0.93832,0.999243,2e-05
drift1.0|kmeans256|oracle|rows_skipped,position=10,268,0.756965,0.180605,0.9423,0.999243,0.000431
drift1.0|kmeans256|oracle|rows_skipped,position=11,268,0.776849,0.223591,0.935845,0.999243,0.000217
drift1.0|kmeans256|oracle|rows_skipped,position=12,268,0.733977,0.079362,0.921267,0.999243,0.002138
drift1.0|kmeans256|oracle|rows_skipped,position=13,268,0.764987,0.216794,0.934981,0.999243,4e-06
drift1.0|kmeans256|oracle|rows_skipped,position=14,268,0.800085,0.299589,0.954138,0.999243,0.000141
drift1.0|kmeans256|oracle|rows_skipped,position=15,268,0.813884,0.260485,0.956127,0.999243,0.000652
drift1.0|kmeans256|oracle|rows_skipped,domain=chat,1395,0.751728,0.108016,0.940041,0.999243,0.0
drift1.0|kmeans256|oracle|rows_skipped,domain=code,510,0.940035,0.880238,0.999243,0.999243,0.000246
drift1.0|kmeans256|oracle|rows_skipped,domain=maths,300,0.92307,0.76136,0.998099,0.999243,0.000451
drift1.0|kmeans256|oracle|rows_skipped,domain=multilingual,1815,0.710672,0.021675,0.907595,0.999243,0.0
drift1.0|kmeans256|oracle|log_width|t1.0,all,4020,16.353746,12.472952,15.332147,22.117244,36.931213
drift1.0|kmeans256|oracle|log_width|t1.0,outcome=accepted,968,19.685173,14.378158,19.510546,25.375045,31.990417
drift1.0|kmeans256|oracle|log_width|t1.0,outcome=rejected,243,16.897487,13.580196,16.306133,21.225032,36.931213
drift1.0|kmeans256|oracle|log_width|t1.0,outcome=unreached,2809,15.158677,12.254085,14.458258,19.090439,30.679344
drift1.0|kmeans256|oracle|log_width|t1.0,position=1,268,16.62845,13.436565,16.231798,20.698368,31.990417
drift1.0|kmeans256|oracle|log_width|t1.0,position=2,268,17.28972,12.883018,16.91557,22.128852,36.931213
drift1.0|kmeans256|oracle|log_width|t1.0,position=3,268,17.307534,13.413346,16.587202,22.329301,29.226436
drift1.0|kmeans256|oracle|log_width|t1.0,position=4,268,17.412875,13.53646,16.516074,23.215438,29.144378
drift1.0|kmeans256|oracle|log_width|t1.0,position=5,268,17.36863,13.273653,16.393841,23.318108,29.895312
drift1.0|kmeans256|oracle|log_width|t1.0,position=6,268,16.775816,12.569933,15.782939,22.680254,27.112697
drift1.0|kmeans256|oracle|log_width|t1.0,position=7,268,16.641352,12.398322,15.83354,22.71952,29.359541
drift1.0|kmeans256|oracle|log_width|t1.0,position=8,268,16.310452,12.260872,15.153618,22.320058,30.423907
drift1.0|kmeans256|oracle|log_width|t1.0,position=9,268,16.098543,11.942424,14.828122,22.382338,30.081378
drift1.0|kmeans256|oracle|log_width|t1.0,position=10,268,15.978497,12.094393,14.70567,22.412137,31.232755
drift1.0|kmeans256|oracle|log_width|t1.0,position=11,268,15.767743,12.059763,14.427818,21.996844,30.044439
drift1.0|kmeans256|oracle|log_width|t1.0,position=12,268,15.774375,12.31673,14.553545,21.450524,29.423095
drift1.0|kmeans256|oracle|log_width|t1.0,position=13,268,15.580285,12.405756,14.40211,21.156534,30.679344
drift1.0|kmeans256|oracle|log_width|t1.0,position=14,268,15.249549,12.231328,14.166693,20.496909,29.727284
drift1.0|kmeans256|oracle|log_width|t1.0,position=15,268,15.12237,12.290646,14.215348,19.756325,28.107205
drift1.0|kmeans256|oracle|log_width|t1.0,domain=chat,1395,16.033362,12.738922,15.068427,20.965093,30.679344
drift1.0|kmeans256|oracle|log_width|t1.0,domain=code,510,18.729859,13.683722,18.577492,23.849788,28.781229
drift1.0|kmeans256|oracle|log_width|t1.0,domain=maths,300,19.81743,13.834335,19.522203,26.275468,31.990417
drift1.0|kmeans256|oracle|log_width|t1.0,domain=multilingual,1815,15.359814,12.090387,14.636916,19.786927,36.931213
drift1.0|kmeans256|oracle|p_unresolved_q|t1.0,all,4020,0.745471,0.046639,0.927254,0.99211,0.999969
drift1.0|kmeans256|oracle|p_unresolved_q|t1.0,outcome=accepted,968,0.331281,0.000659,0.138086,0.921915,0.999768
drift1.0|kmeans256|oracle|p_unresolved_q|t1.0,outcome=rejected,243,0.857291,0.621931,0.942029,0.990248,0.999529
drift1.0|kmeans256|oracle|p_unresolved_q|t1.0,outcome=unreached,2809,0.878531,0.639978,0.962353,0.99353,0.999969
drift1.0|kmeans256|oracle|p_unresolved_q|t1.0,position=1,268,0.617739,0.005929,0.793614,0.985535,0.998982
drift1.0|kmeans256|oracle|p_unresolved_q|t1.0,position=2,268,0.634569,0.021417,0.802775,0.98499,0.999486
drift1.0|kmeans256|oracle|p_unresolved_q|t1.0,position=3,268,0.667634,0.037777,0.821934,0.990074,0.999969
drift1.0|kmeans256|oracle|p_unresolved_q|t1.0,position=4,268,0.678052,0.0187,0.849249,0.99119,0.999768
drift1.0|kmeans256|oracle|p_unresolved_q|t1.0,position=5,268,0.697828,0.028073,0.870235,0.991926,0.999747
drift1.0|kmeans256|oracle|p_unresolved_q|t1.0,position=6,268,0.696915,0.019168,0.883308,0.991289,0.999808
drift1.0|kmeans256|oracle|p_unresolved_q|t1.0,position=7,268,0.734091,0.022247,0.935888,0.991287,0.999352
drift1.0|kmeans256|oracle|p_unresolved_q|t1.0,position=8,268,0.746388,0.039026,0.937007,0.991385,0.999389
drift1.0|kmeans256|oracle|p_unresolved_q|t1.0,position=9,268,0.76107,0.056871,0.951533,0.992,0.999226
drift1.0|kmeans256|oracle|p_unresolved_q|t1.0,position=10,268,0.774127,0.109019,0.943568,0.993937,0.998706
drift1.0|kmeans256|oracle|p_unresolved_q|t1.0,position=11,268,0.814216,0.228944,0.960243,0.992733,0.998491
drift1.0|kmeans256|oracle|p_unresolved_q|t1.0,position=12,268,0.818018,0.276187,0.9614,0.993192,0.999781
drift1.0|kmeans256|oracle|p_unresolved_q|t1.0,position=13,268,0.846952,0.440748,0.966288,0.993517,0.999596
drift1.0|kmeans256|oracle|p_unresolved_q|t1.0,position=14,268,0.841712,0.384984,0.962381,0.993557,0.998546
drift1.0|kmeans256|oracle|p_unresolved_q|t1.0,position=15,268,0.852755,0.467206,0.962725,0.99342,0.998789
drift1.0|kmeans256|oracle|p_unresolved_q|t1.0,domain=chat,1395,0.802284,0.249885,0.946477,0.992755,0.999596
drift1.0|kmeans256|oracle|p_unresolved_q|t1.0,domain=code,510,0.443256,0.000292,0.438334,0.963782,0.999781
drift1.0|kmeans256|oracle|p_unresolved_q|t1.0,domain=maths,300,0.506185,0.001792,0.626682,0.986815,0.999808
drift1.0|kmeans256|oracle|p_unresolved_q|t1.0,domain=multilingual,1815,0.826277,0.393493,0.951499,0.992846,0.999969
drift0.3|kmeans256|coord|rows_skipped,all,4020,0.002539,0.001107,0.002396,0.004192,0.0
drift0.3|kmeans256|coord|log_width|t1.0,all,4020,95.468409,88.481151,95.44022,102.582633,114.500162
drift0.3|kmeans256|coord|p_unresolved_q|t1.0,all,4020,1.0,1.0,1.0,1.0,1.0
drift0.3|kmeans256|group128|rows_skipped,all,4020,0.007043,0.000938,0.001714,0.010124,0.0
drift0.3|kmeans256|group128|log_width|t1.0,all,4020,52.557944,48.012716,50.899076,60.395627,71.284402
drift0.3|kmeans256|group128|p_unresolved_q|t1.0,all,4020,1.0,1.0,1.0,1.0,1.0
drift0.3|kmeans256|best|rows_skipped,all,4020,0.015511,0.001107,0.002654,0.021333,0.0
drift0.3|kmeans256|best|log_width|t1.0,all,4020,50.285146,43.648222,48.727661,60.028316,71.284171
drift0.3|kmeans256|best|p_unresolved_q|t1.0,all,4020,1.0,1.0,1.0,1.0,1.0
drift0.3|kmeans256|oracle|rows_skipped,all,4020,0.854558,0.421061,0.994463,0.999243,0.0
drift0.3|kmeans256|oracle|log_width|t1.0,all,4020,5.966799,4.021322,5.453442,8.730709,18.97866
drift0.3|kmeans256|oracle|p_unresolved_q|t1.0,all,4020,0.31452,0.000127,0.33603,0.617069,0.918818
drift0.1|kmeans256|coord|rows_skipped,all,4020,0.156694,0.002512,0.01847,0.517177,0.0
drift0.1|kmeans256|coord|rows_skipped,outcome=accepted,968,0.465321,0.182028,0.48271,0.699118,0.008392
drift0.1|kmeans256|coord|rows_skipped,outcome=rejected,243,0.062346,0.002163,0.016149,0.201345,4e-06
drift0.1|kmeans256|coord|rows_skipped,outcome=unreached,2809,0.058501,0.002072,0.005892,0.219117,0.0
drift0.1|kmeans256|coord|rows_skipped,position=1,268,0.260395,0.007059,0.223725,0.546348,0.000419
drift0.1|kmeans256|coord|rows_skipped,position=2,268,0.221657,0.00237,0.137599,0.515906,4e-06
drift0.1|kmeans256|coord|rows_skipped,position=3,268,0.207586,0.001724,0.063783,0.530031,0.0
drift0.1|kmeans256|coord|rows_skipped,position=4,268,0.193019,0.001726,0.03369,0.526617,0.000177
drift0.1|kmeans256|coord|rows_skipped,position=5,268,0.177726,0.001806,0.013934,0.528823,0.0
drift0.1|kmeans256|coord|rows_skipped,position=6,268,0.180299,0.002169,0.021843,0.537181,0.000209
drift0.1|kmeans256|coord|rows_skipped,position=7,268,0.15726,0.002401,0.01305,0.522307,8.5e-05
drift0.1|kmeans256|coord|rows_skipped,position=8,268,0.143835,0.002115,0.00858,0.518844,0.000157
drift0.1|kmeans256|coord|rows_skipped,position=9,268,0.136631,0.002355,0.009502,0.505816,2e-05
drift0.1|kmeans256|coord|rows_skipped,position=10,268,0.142406,0.002858,0.008453,0.508716,0.000318
drift0.1|kmeans256|coord|rows_skipped,position=11,268,0.126524,0.002879,0.01077,0.505445,0.000153
drift0.1|kmeans256|coord|rows_skipped,position=12,268,0.108458,0.002597,0.007394,0.463885,0.001059
drift0.1|kmeans256|coord|rows_skipped,position=13,268,0.101876,0.002865,0.009379,0.480584,4e-06
drift0.1|kmeans256|coord|rows_skipped,position=14,268,0.099212,0.003053,0.011914,0.465411,0.000141
drift0.1|kmeans256|coord|rows_skipped,position=15,268,0.09353,0.003111,0.014934,0.440584,0.000459
drift0.1|kmeans256|coord|rows_skipped,domain=chat,1395,0.104111,0.002579,0.008046,0.415704,0.0
drift0.1|kmeans256|coord|rows_skipped,domain=code,510,0.408807,0.005976,0.478858,0.704211,0.000209
drift0.1|kmeans256|coord|rows_skipped,domain=maths,300,0.34122,0.004243,0.403433,0.6812,0.000362
drift0.1|kmeans256|coord|rows_skipped,domain=multilingual,1815,0.095768,0.001928,0.009677,0.394491,0.0
drift0.1|kmeans256|coord|log_width|t1.0,all,4020,36.333906,33.10125,35.845054,40.404865,52.849842
drift0.1|kmeans256|coord|log_width|t1.0,outcome=accepted,968,37.917513,33.443986,37.597753,42.532861,52.849842
drift0.1|kmeans256|coord|log_width|t1.0,outcome=rejected,243,37.535322,34.221919,37.157999,41.50674,47.465303
drift0.1|kmeans256|coord|log_width|t1.0,outcome=unreached,2809,35.684253,32.967565,35.327561,38.87398,48.824258
drift0.1|kmeans256|coord|log_width|t1.0,position=1,268,37.763255,33.702766,36.900412,43.614368,50.157772
drift0.1|kmeans256|coord|log_width|t1.0,position=2,268,37.299601,33.806603,36.783707,41.834095,49.335817
drift0.1|kmeans256|coord|log_width|t1.0,position=3,268,36.993775,33.615543,36.954386,41.087527,47.591468
drift0.1|kmeans256|coord|log_width|t1.0,position=4,268,37.099551,33.667574,36.913847,41.004869,49.824777
drift0.1|kmeans256|coord|log_width|t1.0,position=5,268,36.85194,33.654718,36.446474,40.447379,48.373775
drift0.1|kmeans256|coord|log_width|t1.0,position=6,268,36.688734,33.301282,36.479999,40.621527,46.669043
drift0.1|kmeans256|coord|log_width|t1.0,position=7,268,36.439719,33.117685,35.977111,40.302578,52.323747
drift0.1|kmeans256|coord|log_width|t1.0,position=8,268,36.346493,33.073807,35.81292,40.298925,50.631434
drift0.1|kmeans256|coord|log_width|t1.0,position=9,268,36.062603,32.864122,35.673536,39.925926,47.848725
drift0.1|kmeans256|coord|log_width|t1.0,position=10,268,35.890343,33.190914,35.376453,39.567176,48.0745
drift0.1|kmeans256|coord|log_width|t1.0,position=11,268,35.627338,32.936145,35.172372,39.300899,49.889146
drift0.1|kmeans256|coord|log_width|t1.0,position=12,268,35.93342,33.001013,35.38903,39.824343,52.849842
drift0.1|kmeans256|coord|log_width|t1.0,position=13,268,35.651444,32.961824,35.081282,39.087787,48.824258
drift0.1|kmeans256|coord|log_width|t1.0,position=14,268,35.263298,32.710041,34.809149,38.089062,48.207279
drift0.1|kmeans256|coord|log_width|t1.0,position=15,268,35.097077,32.805151,34.632174,38.172308,50.45279
drift0.1|kmeans256|coord|log_width|t1.0,domain=chat,1395,36.551891,33.680492,36.060726,40.365289,52.849842
drift0.1|kmeans256|coord|log_width|t1.0,domain=code,510,37.085523,33.146609,36.842629,41.267959,52.323747
drift0.1|kmeans256|coord|log_width|t1.0,domain=maths,300,37.709093,33.289072,37.473342,41.672825,50.631434
drift0.1|kmeans256|coord|log_width|t1.0,domain=multilingual,1815,35.727863,32.735679,35.215615,39.58452,50.466056
drift0.1|kmeans256|coord|p_unresolved_q|t1.0,all,4020,1.0,1.0,1.0,1.0,1.0
drift0.1|kmeans256|coord|p_unresolved_q|t1.0,outcome=accepted,968,1.0,1.0,1.0,1.0,1.0
drift0.1|kmeans256|coord|p_unresolved_q|t1.0,outcome=rejected,243,1.0,1.0,1.0,1.0,1.0
drift0.1|kmeans256|coord|p_unresolved_q|t1.0,outcome=unreached,2809,1.0,1.0,1.0,1.0,1.0
drift0.1|kmeans256|coord|p_unresolved_q|t1.0,position=1,268,1.0,1.0,1.0,1.0,1.0
drift0.1|kmeans256|coord|p_unresolved_q|t1.0,position=2,268,1.0,1.0,1.0,1.0,1.0
drift0.1|kmeans256|coord|p_unresolved_q|t1.0,position=3,268,1.0,1.0,1.0,1.0,1.0
drift0.1|kmeans256|coord|p_unresolved_q|t1.0,position=4,268,1.0,1.0,1.0,1.0,1.0
drift0.1|kmeans256|coord|p_unresolved_q|t1.0,position=5,268,1.0,1.0,1.0,1.0,1.0
drift0.1|kmeans256|coord|p_unresolved_q|t1.0,position=6,268,1.0,1.0,1.0,1.0,1.0
drift0.1|kmeans256|coord|p_unresolved_q|t1.0,position=7,268,1.0,1.0,1.0,1.0,1.0
drift0.1|kmeans256|coord|p_unresolved_q|t1.0,position=8,268,1.0,1.0,1.0,1.0,1.0
drift0.1|kmeans256|coord|p_unresolved_q|t1.0,position=9,268,1.0,1.0,1.0,1.0,1.0
drift0.1|kmeans256|coord|p_unresolved_q|t1.0,position=10,268,1.0,1.0,1.0,1.0,1.0
drift0.1|kmeans256|coord|p_unresolved_q|t1.0,position=11,268,1.0,1.0,1.0,1.0,1.0
drift0.1|kmeans256|coord|p_unresolved_q|t1.0,position=12,268,1.0,1.0,1.0,1.0,1.0
drift0.1|kmeans256|coord|p_unresolved_q|t1.0,position=13,268,1.0,1.0,1.0,1.0,1.0
drift0.1|kmeans256|coord|p_unresolved_q|t1.0,position=14,268,1.0,1.0,1.0,1.0,1.0
drift0.1|kmeans256|coord|p_unresolved_q|t1.0,position=15,268,1.0,1.0,1.0,1.0,1.0
drift0.1|kmeans256|coord|p_unresolved_q|t1.0,domain=chat,1395,1.0,1.0,1.0,1.0,1.0
drift0.1|kmeans256|coord|p_unresolved_q|t1.0,domain=code,510,1.0,1.0,1.0,1.0,1.0
drift0.1|kmeans256|coord|p_unresolved_q|t1.0,domain=maths,300,1.0,1.0,1.0,1.0,1.0
drift0.1|kmeans256|coord|p_unresolved_q|t1.0,domain=multilingual,1815,1.0,1.0,1.0,1.0,1.0
drift0.1|kmeans256|group128|rows_skipped,all,4020,0.425911,0.002126,0.28478,0.999243,0.0
drift0.1|kmeans256|group128|log_width|t1.0,all,4020,24.25562,21.951947,24.139349,26.888876,30.363275
drift0.1|kmeans256|group128|p_unresolved_q|t1.0,all,4020,0.999987,0.999974,0.999993,0.999997,1.0
drift0.1|kmeans256|best|rows_skipped,all,4020,0.492189,0.002658,0.49376,0.999243,0.0
drift0.1|kmeans256|best|rows_skipped,outcome=accepted,968,0.954047,0.849549,0.998361,0.999243,0.035833
drift0.1|kmeans256|best|rows_skipped,outcome=rejected,243,0.371044,0.002197,0.297274,0.933867,4e-06
drift0.1|kmeans256|best|rows_skipped,outcome=unreached,2809,0.34351,0.002159,0.128938,0.958375,0.0
drift0.1|kmeans256|best|rows_skipped,position=1,268,0.723043,0.068809,0.892669,0.999243,0.000419
drift0.1|kmeans256|best|rows_skipped,position=2,268,0.609783,0.002411,0.829194,0.999243,4e-06
drift0.1|kmeans256|best|rows_skipped,position=3,268,0.565432,0.001734,0.721402,0.999243,0.0
drift0.1|kmeans256|best|rows_skipped,position=4,268,0.499876,0.001778,0.505731,0.999243,0.000177
drift0.1|kmeans256|best|rows_skipped,position=5,268,0.466827,0.00182,0.358729,0.999243,0.0
drift0.1|kmeans256|best|rows_skipped,position=6,268,0.495804,0.002215,0.53897,0.999243,0.000209
drift0.1|kmeans256|best|rows_skipped,position=7,268,0.455629,0.002478,0.371746,0.999243,8.5e-05
drift0.1|kmeans256|best|rows_skipped,position=8,268,0.415923,0.00216,0.208968,0.999243,0.000157
drift0.1|kmeans256|best|rows_skipped,position=9,268,0.424712,0.002607,0.256961,0.999243,2e-05
drift0.1|kmeans256|best|rows_skipped,position=10,268,0.447758,0.003309,0.304414,0.999243,0.000318
drift0.1|kmeans256|best|rows_skipped,position=11,268,0.451762,0.003624,0.399801,0.998099,0.000153
drift0.1|kmeans256|best|rows_skipped,position=12,268,0.422565,0.002764,0.290297,0.997246,0.001087
drift0.1|kmeans256|best|rows_skipped,position=13,268,0.438174,0.003686,0.352122,0.99764,4e-06
drift0.1|kmeans256|best|rows_skipped,position=14,268,0.470763,0.003951,0.465299,0.997342,0.000141
drift0.1|kmeans256|best|rows_skipped,position=15,268,0.494786,0.004488,0.558749,0.997342,0.000459
drift0.1|kmeans256|best|rows_skipped,domain=chat,1395,0.433472,0.002724,0.305465,0.997342,0.0
drift0.1|kmeans256|best|rows_skipped,domain=code,510,0.851976,0.190972,0.99764,0.999243,0.000209
drift0.1|kmeans256|best|rows_skipped,domain=maths,300,0.801748,0.030406,0.990919,0.999243,0.000362
drift0.1|kmeans256|best|rows_skipped,domain=multilingual,1815,0.385055,0.001985,0.22823,0.997342,0.0
drift0.1|kmeans256|best|log_width|t1.0,all,4020,22.732559,19.507871,22.504947,26.370703,30.251662
drift0.1|kmeans256|best|log_width|t1.0,outcome=accepted,968,24.511958,21.037632,24.784173,27.691641,29.86816
drift0.1|kmeans256|best|log_width|t1.0,outcome=rejected,243,23.076898,20.643904,22.900648,25.892548,29.666438
drift0.1|kmeans256|best|log_width|t1.0,outcome=unreached,2809,22.089579,19.183298,21.942294,25.416142,30.251662
drift0.1|kmeans256|best|log_width|t1.0,position=1,268,23.651562,20.897663,23.721271,26.24169,29.096891
drift0.1|kmeans256|best|log_width|t1.0,position=2,268,23.568004,20.645368,23.428246,26.746932,29.666438
drift0.1|kmeans256|best|log_width|t1.0,position=3,268,23.533704,20.633184,23.435588,26.59851,29.280929
drift0.1|kmeans256|best|log_width|t1.0,position=4,268,23.614471,20.928205,23.368212,26.895008,29.347942
drift0.1|kmeans256|best|log_width|t1.0,position=5,268,23.422114,20.355483,23.162837,26.742114,29.86816
drift0.1|kmeans256|best|log_width|t1.0,position=6,268,23.374352,20.213455,22.926311,27.048018,29.185161
drift0.1|kmeans256|best|log_width|t1.0,position=7,268,23.13455,20.05006,22.92007,26.71991,28.854778
drift0.1|kmeans256|best|log_width|t1.0,position=8,268,22.787518,19.804042,22.43884,26.25241,29.454652
drift0.1|kmeans256|best|log_width|t1.0,position=9,268,22.687729,19.793039,22.282332,26.299385,29.204794
drift0.1|kmeans256|best|log_width|t1.0,position=10,268,22.283955,19.399448,21.92804,26.107706,29.164593
drift0.1|kmeans256|best|log_width|t1.0,position=11,268,22.023347,19.069615,21.767773,26.275577,29.361851
drift0.1|kmeans256|best|log_width|t1.0,position=12,268,21.936803,18.994915,21.775338,25.399527,28.869373
drift0.1|kmeans256|best|log_width|t1.0,position=13,268,21.929578,18.787121,21.664518,25.716789,30.251662
drift0.1|kmeans256|best|log_width|t1.0,position=14,268,21.694764,18.439614,21.324198,25.724195,30.211049
drift0.1|kmeans256|best|log_width|t1.0,position=15,268,21.345935,18.331107,20.953194,25.024853,29.353846
drift0.1|kmeans256|best|log_width|t1.0,domain=chat,1395,22.401443,19.137848,22.336686,26.079102,30.251662
drift0.1|kmeans256|best|log_width|t1.0,domain=code,510,23.95168,20.54316,24.205502,27.192271,29.338928
drift0.1|kmeans256|best|log_width|t1.0,domain=maths,300,23.731338,19.481695,23.819374,27.392766,29.353846
drift0.1|kmeans256|best|log_width|t1.0,domain=multilingual,1815,22.479402,19.613447,22.172395,25.885309,29.666438
drift0.1|kmeans256|best|p_unresolved_q|t1.0,all,4020,0.999966,0.99992,0.999984,0.999995,0.999999
drift0.1|kmeans256|best|p_unresolved_q|t1.0,outcome=accepted,968,0.99997,0.999934,0.999989,0.999997,0.999999
drift0.1|kmeans256|best|p_unresolved_q|t1.0,outcome=rejected,243,0.999963,0.999941,0.999982,0.999994,0.999998
drift0.1|kmeans256|best|p_unresolved_q|t1.0,outcome=unreached,2809,0.999965,0.999915,0.999983,0.999995,0.999999
drift0.1|kmeans256|best|p_unresolved_q|t1.0,position=1,268,0.999975,0.999947,0.999986,0.999995,0.999999
drift0.1|kmeans256|best|p_unresolved_q|t1.0,position=2,268,0.999978,0.999945,0.999987,0.999996,0.999999
drift0.1|kmeans256|best|p_unresolved_q|t1.0,position=3,268,0.999977,0.999952,0.999989,0.999996,0.999999
drift0.1|kmeans256|best|p_unresolved_q|t1.0,position=4,268,0.999979,0.999955,0.99999,0.999997,0.999999
drift0.1|kmeans256|best|p_unresolved_q|t1.0,position=5,268,0.999973,0.999935,0.999989,0.999996,0.999999
drift0.1|kmeans256|best|p_unresolved_q|t1.0,position=6,268,0.999973,0.999953,0.999988,0.999996,0.999999
drift0.1|kmeans256|best|p_unresolved_q|t1.0,position=7,268,0.999974,0.99995,0.999988,0.999996,0.999999
drift0.1|kmeans256|best|p_unresolved_q|t1.0,position=8,268,0.999974,0.999937,0.999985,0.999996,0.999999
drift0.1|kmeans256|best|p_unresolved_q|t1.0,position=9,268,0.999972,0.99993,0.999984,0.999996,0.999998
drift0.1|kmeans256|best|p_unresolved_q|t1.0,position=10,268,0.999964,0.999909,0.999981,0.999995,0.999998
drift0.1|kmeans256|best|p_unresolved_q|t1.0,position=11,268,0.999954,0.999912,0.999978,0.999994,0.999998
drift0.1|kmeans256|best|p_unresolved_q|t1.0,position=12,268,0.999958,0.999903,0.999974,0.999994,0.999999
drift0.1|kmeans256|best|p_unresolved_q|t1.0,position=13,268,0.999958,0.999894,0.999976,0.999995,0.999999
drift0.1|kmeans256|best|p_unresolved_q|t1.0,position=14,268,0.999946,0.999866,0.999976,0.999995,0.999998
drift0.1|kmeans256|best|p_unresolved_q|t1.0,position=15,268,0.999941,0.99986,0.999968,0.999994,0.999998
drift0.1|kmeans256|best|p_unresolved_q|t1.0,domain=chat,1395,0.999959,0.999902,0.999981,0.999995,0.999999
drift0.1|kmeans256|best|p_unresolved_q|t1.0,domain=code,510,0.999967,0.999909,0.999987,0.999996,0.999999
drift0.1|kmeans256|best|p_unresolved_q|t1.0,domain=maths,300,0.999957,0.999893,0.999983,0.999996,0.999999
drift0.1|kmeans256|best|p_unresolved_q|t1.0,domain=multilingual,1815,0.999973,0.999943,0.999986,0.999996,0.999999
drift0.1|kmeans256|oracle|rows_skipped,all,4020,0.862731,0.468137,0.99524,0.999243,0.0
drift0.1|kmeans256|oracle|rows_skipped,outcome=accepted,968,0.997175,0.995997,0.999243,0.999418,0.912685
drift0.1|kmeans256|oracle|rows_skipped,outcome=rejected,243,0.826971,0.31124,0.982184,0.998189,4e-06
drift0.1|kmeans256|oracle|rows_skipped,outcome=unreached,2809,0.819494,0.270279,0.974996,0.999243,0.0
drift0.1|kmeans256|oracle|rows_skipped,position=1,268,0.963234,0.910475,0.997872,0.999243,0.000749
drift0.1|kmeans256|oracle|rows_skipped,position=2,268,0.867473,0.396053,0.99764,0.999243,4e-06
drift0.1|kmeans256|oracle|rows_skipped,position=3,268,0.826717,0.156025,0.99764,0.999243,0.0
drift0.1|kmeans256|oracle|rows_skipped,position=4,268,0.797745,0.116982,0.994829,0.999243,0.000209
drift0.1|kmeans256|oracle|rows_skipped,position=5,268,0.802811,0.111024,0.995806,0.999243,0.0
drift0.1|kmeans256|oracle|rows_skipped,position=6,268,0.83351,0.302028,0.994396,0.999243,0.000234
drift0.1|kmeans256|oracle|rows_skipped,position=7,268,0.83494,0.382304,0.988487,0.999243,0.000105
drift0.1|kmeans256|oracle|rows_skipped,position=8,268,0.834522,0.244145,0.987011,0.999243,0.000193
drift0.1|kmeans256|oracle|rows_skipped,position=9,268,0.856575,0.40946,0.99105,0.999243,2e-05
drift0.1|kmeans256|oracle|rows_skipped,position=10,268,0.878133,0.633684,0.98926,0.999243,0.000487
drift0.1|kmeans256|oracle|rows_skipped,position=11,268,0.881124,0.639277,0.994441,0.999243,0.000226
drift0.1|kmeans256|oracle|rows_skipped,position=12,268,0.857567,0.44913,0.987768,0.999243,0.004647
drift0.1|kmeans256|oracle|rows_skipped,position=13,268,0.886971,0.691374,0.988487,0.999243,4e-06
drift0.1|kmeans256|oracle|rows_skipped,position=14,268,0.904458,0.742201,0.995598,0.999243,0.000141
drift0.1|kmeans256|oracle|rows_skipped,position=15,268,0.915188,0.753895,0.997342,0.999243,0.000878
drift0.1|kmeans256|oracle|rows_skipped,domain=chat,1395,0.866249,0.522508,0.988487,0.999243,0.0
drift0.1|kmeans256|oracle|rows_skipped,domain=code,510,0.965722,0.964888,0.999243,0.999368,0.00029
drift0.1|kmeans256|oracle|rows_skipped,domain=maths,300,0.962499,0.93827,0.998939,0.999243,0.000592
drift0.1|kmeans256|oracle|rows_skipped,domain=multilingual,1815,0.814597,0.225183,0.983135,0.999243,0.0
drift0.1|kmeans256|oracle|log_width|t1.0,all,4020,2.065522,1.38597,1.905081,2.999767,6.32628
drift0.1|kmeans256|oracle|log_width|t1.0,outcome=accepted,968,2.28409,1.488937,2.198466,3.174996,4.665099
drift0.1|kmeans256|oracle|log_width|t1.0,outcome=rejected,243,2.311138,1.587695,2.124643,3.255105,6.32628
drift0.1|kmeans256|oracle|log_width|t1.0,outcome=unreached,2809,1.968954,1.358927,1.792481,2.864179,5.699201
drift0.1|kmeans256|oracle|log_width|t1.0,position=1,268,2.006619,1.417756,1.921828,2.817303,4.023371
drift0.1|kmeans256|oracle|log_width|t1.0,position=2,268,2.167711,1.481799,2.047333,2.919388,6.32628
drift0.1|kmeans256|oracle|log_width|t1.0,position=3,268,2.18871,1.519212,2.086991,3.053825,4.230862
drift0.1|kmeans256|oracle|log_width|t1.0,position=4,268,2.231714,1.546005,2.149319,3.092292,4.623971
drift0.1|kmeans256|oracle|log_width|t1.0,position=5,268,2.226802,1.50104,2.074141,3.101825,4.218223
drift0.1|kmeans256|oracle|log_width|t1.0,position=6,268,2.161383,1.415387,2.017366,3.142573,4.106291
drift0.1|kmeans256|oracle|log_width|t1.0,position=7,268,2.122318,1.394471,1.94388,3.098488,5.025559
drift0.1|kmeans256|oracle|log_width|t1.0,position=8,268,2.02626,1.402621,1.861346,2.8847,4.248263
drift0.1|kmeans256|oracle|log_width|t1.0,position=9,268,2.015709,1.301821,1.841376,2.950334,4.951828
drift0.1|kmeans256|oracle|log_width|t1.0,position=10,268,2.001589,1.3399,1.835034,3.038972,4.064168
drift0.1|kmeans256|oracle|log_width|t1.0,position=11,268,2.002373,1.336486,1.78789,2.925764,4.748135
drift0.1|kmeans256|oracle|log_width|t1.0,position=12,268,2.00682,1.366383,1.822333,3.073323,4.754274
drift0.1|kmeans256|oracle|log_width|t1.0,position=13,268,1.985384,1.358584,1.771809,2.937065,4.640053
drift0.1|kmeans256|oracle|log_width|t1.0,position=14,268,1.939759,1.338069,1.696193,2.899995,5.699201
drift0.1|kmeans256|oracle|log_width|t1.0,position=15,268,1.899681,1.317891,1.728202,2.818427,4.398499
drift0.1|kmeans256|oracle|log_width|t1.0,domain=chat,1395,1.986428,1.397761,1.82769,2.821165,5.699201
drift0.1|kmeans256|oracle|log_width|t1.0,domain=code,510,2.21687,1.46658,2.125842,3.112442,4.847147
drift0.1|kmeans256|oracle|log_width|t1.0,domain=maths,300,2.381266,1.523139,2.312027,3.376307,4.665099
drift0.1|kmeans256|oracle|log_width|t1.0,domain=multilingual,1815,2.031597,1.355534,1.86627,2.984081,6.32628
drift0.1|kmeans256|oracle|p_unresolved_q|t1.0,all,4020,0.113454,2.2e-05,0.108177,0.243429,0.567001
drift0.1|kmeans256|oracle|p_unresolved_q|t1.0,outcome=accepted,968,0.050677,0.0,0.000537,0.179343,0.567001
drift0.1|kmeans256|oracle|p_unresolved_q|t1.0,outcome=rejected,243,0.086707,0.001735,0.071563,0.186786,0.302923
drift0.1|kmeans256|oracle|p_unresolved_q|t1.0,outcome=unreached,2809,0.137402,0.007072,0.140754,0.248423,0.563122
drift0.1|kmeans256|oracle|p_unresolved_q|t1.0,position=1,268,0.077474,2.1e-05,0.038393,0.217305,0.418821
drift0.1|kmeans256|oracle|p_unresolved_q|t1.0,position=2,268,0.08225,2.5e-05,0.050698,0.205229,0.501396
drift0.1|kmeans256|oracle|p_unresolved_q|t1.0,position=3,268,0.103061,2.7e-05,0.072752,0.244176,0.555878
drift0.1|kmeans256|oracle|p_unresolved_q|t1.0,position=4,268,0.103175,3e-06,0.086684,0.239938,0.567001
drift0.1|kmeans256|oracle|p_unresolved_q|t1.0,position=5,268,0.106616,7e-06,0.09608,0.232148,0.476519
drift0.1|kmeans256|oracle|p_unresolved_q|t1.0,position=6,268,0.103603,7e-06,0.095608,0.232614,0.398559
drift0.1|kmeans256|oracle|p_unresolved_q|t1.0,position=7,268,0.117608,1.2e-05,0.116662,0.242755,0.442541
drift0.1|kmeans256|oracle|p_unresolved_q|t1.0,position=8,268,0.117538,1.2e-05,0.110202,0.256061,0.384522
drift0.1|kmeans256|oracle|p_unresolved_q|t1.0,position=9,268,0.121702,1.3e-05,0.122968,0.239745,0.433957
drift0.1|kmeans256|oracle|p_unresolved_q|t1.0,position=10,268,0.116419,3.9e-05,0.124856,0.242491,0.349744
drift0.1|kmeans256|oracle|p_unresolved_q|t1.0,position=11,268,0.128137,5.9e-05,0.137093,0.244538,0.399525
drift0.1|kmeans256|oracle|p_unresolved_q|t1.0,position=12,268,0.133269,0.000177,0.14164,0.243782,0.563122
drift0.1|kmeans256|oracle|p_unresolved_q|t1.0,position=13,268,0.128365,0.001343,0.132387,0.243623,0.402027
drift0.1|kmeans256|oracle|p_unresolved_q|t1.0,position=14,268,0.132432,0.000402,0.140236,0.24789,0.372014
drift0.1|kmeans256|oracle|p_unresolved_q|t1.0,position=15,268,0.13017,0.005994,0.133147,0.245362,0.392165
drift0.1|kmeans256|oracle|p_unresolved_q|t1.0,domain=chat,1395,0.125591,0.000199,0.127169,0.243068,0.501396
drift0.1|kmeans256|oracle|p_unresolved_q|t1.0,domain=code,510,0.067685,0.0,0.010313,0.220306,0.563122
drift0.1|kmeans256|oracle|p_unresolved_q|t1.0,domain=maths,300,0.075538,0.0,0.009953,0.22144,0.567001
drift0.1|kmeans256|oracle|p_unresolved_q|t1.0,domain=multilingual,1815,0.123254,0.000547,0.122104,0.247812,0.488968
drift0.03|kmeans256|coord|rows_skipped,all,4020,0.62348,0.013277,0.790194,0.999243,0.0
drift0.03|kmeans256|coord|log_width|t1.0,all,4020,11.824021,10.320086,11.583027,13.649568,19.504789
drift0.03|kmeans256|coord|p_unresolved_q|t1.0,all,4020,0.996077,0.99299,0.996628,0.999077,0.999927
drift0.03|kmeans256|group128|rows_skipped,all,4020,0.748874,0.052599,0.958302,0.999243,0.0
drift0.03|kmeans256|group128|log_width|t1.0,all,4020,7.545119,6.801128,7.559125,8.296287,9.293269
drift0.03|kmeans256|group128|p_unresolved_q|t1.0,all,4020,0.968853,0.956238,0.971031,0.978055,0.987998
drift0.03|kmeans256|best|rows_skipped,all,4020,0.769352,0.07139,0.964888,0.999243,0.0
drift0.03|kmeans256|best|log_width|t1.0,all,4020,6.997931,5.972154,6.99218,8.009639,9.075499
drift0.03|kmeans256|best|p_unresolved_q|t1.0,all,4020,0.958425,0.937325,0.961745,0.974551,0.985852
drift0.03|kmeans256|oracle|rows_skipped,all,4020,0.865149,0.481372,0.995749,0.999243,0.0
drift0.03|kmeans256|oracle|log_width|t1.0,all,4020,0.626527,0.420033,0.579083,0.908663,1.897884
drift0.03|kmeans256|oracle|p_unresolved_q|t1.0,all,4020,0.034997,5e-06,0.031839,0.076455,0.22206
drift0.01|kmeans256|coord|rows_skipped,all,4020,0.796294,0.18003,0.981256,0.999243,0.0
drift0.01|kmeans256|coord|log_width|t1.0,all,4020,3.946787,3.42865,3.848711,4.623876,6.65932
drift0.01|kmeans256|coord|p_unresolved_q|t1.0,all,4020,0.845455,0.804166,0.843149,0.896391,0.957965
drift0.01|kmeans256|group128|rows_skipped,all,4020,0.832125,0.308779,0.988495,0.999243,0.0
drift0.01|kmeans256|group128|log_width|t1.0,all,4020,2.516932,2.267296,2.521579,2.767265,3.097817
drift0.01|kmeans256|group128|p_unresolved_q|t1.0,all,4020,0.68696,0.646759,0.691647,0.719414,0.771044
drift0.01|kmeans256|best|rows_skipped,all,4020,0.836778,0.319576,0.991004,0.999243,0.0
drift0.01|kmeans256|best|log_width|t1.0,all,4020,2.334807,1.990709,2.333615,2.674149,3.025166
drift0.01|kmeans256|best|p_unresolved_q|t1.0,all,4020,0.656467,0.599871,0.661302,0.705177,0.758138
drift0.01|kmeans256|oracle|rows_skipped,all,4020,0.865772,0.482268,0.995749,0.999243,0.0
drift0.01|kmeans256|oracle|log_width|t1.0,all,4020,0.209473,0.140582,0.193959,0.303209,0.632628
drift0.01|kmeans256|oracle|p_unresolved_q|t1.0,all,4020,0.01176,2e-06,0.010539,0.025796,0.080295
row_lowrank_w64|transport|rows_skipped,all,4020,0.002366,0.0,0.00211,0.004599,0.0
row_lowrank_w64|transport|rows_skipped,outcome=accepted,968,0.004244,0.002889,0.004265,0.005619,0.001804
row_lowrank_w64|transport|rows_skipped,outcome=rejected,243,0.001904,0.0,0.00209,0.00319,0.0
row_lowrank_w64|transport|rows_skipped,outcome=unreached,2809,0.001759,0.0,0.001816,0.002964,0.0
row_lowrank_w64|transport|rows_skipped,position=1,268,0.003137,0.001815,0.002942,0.005031,0.0
row_lowrank_w64|transport|rows_skipped,position=2,268,0.002716,0.0,0.002676,0.004617,0.0
row_lowrank_w64|transport|rows_skipped,position=3,268,0.002538,0.0,0.002495,0.00469,0.0
row_lowrank_w64|transport|rows_skipped,position=4,268,0.002385,0.0,0.002225,0.004643,0.0
row_lowrank_w64|transport|rows_skipped,position=5,268,0.00235,0.0,0.002104,0.004775,0.0
row_lowrank_w64|transport|rows_skipped,position=6,268,0.002425,0.0,0.002156,0.004721,0.0
row_lowrank_w64|transport|rows_skipped,position=7,268,0.002291,0.0,0.002028,0.004693,0.0
row_lowrank_w64|transport|rows_skipped,position=8,268,0.00223,0.0,0.001931,0.004632,0.0
row_lowrank_w64|transport|rows_skipped,position=9,268,0.002238,0.0,0.001933,0.004599,0.0
row_lowrank_w64|transport|rows_skipped,position=10,268,0.002294,0.0,0.001919,0.004475,0.0
row_lowrank_w64|transport|rows_skipped,position=11,268,0.002267,0.0,0.001967,0.004435,0.0
row_lowrank_w64|transport|rows_skipped,position=12,268,0.002109,0.0,0.001907,0.00424,0.0
row_lowrank_w64|transport|rows_skipped,position=13,268,0.002152,0.0,0.001943,0.00412,0.0
row_lowrank_w64|transport|rows_skipped,position=14,268,0.002182,0.001351,0.001945,0.003972,0.0
row_lowrank_w64|transport|rows_skipped,position=15,268,0.002182,0.001382,0.002003,0.003849,0.0
row_lowrank_w64|transport|rows_skipped,domain=chat,1395,0.00219,0.0,0.002018,0.003907,0.0
row_lowrank_w64|transport|rows_skipped,domain=code,510,0.003907,0.001851,0.004178,0.005642,0.0
row_lowrank_w64|transport|rows_skipped,domain=maths,300,0.003615,0.001728,0.003755,0.005481,0.0
row_lowrank_w64|transport|rows_skipped,domain=multilingual,1815,0.001863,0.0,0.001873,0.003553,0.0
row_lowrank_w64|static|rows_skipped,all,4020,0.002099,0.0,0.001941,0.004047,0.0
row_lowrank_w64|static|rows_skipped,outcome=accepted,968,0.003725,0.0025,0.003779,0.004869,0.001667
row_lowrank_w64|static|rows_skipped,outcome=rejected,243,0.001682,0.0,0.001885,0.00268,0.0
row_lowrank_w64|static|rows_skipped,outcome=unreached,2809,0.001574,0.0,0.001736,0.002671,0.0
row_lowrank_w64|static|rows_skipped,position=1,268,0.002689,0.001722,0.002575,0.004138,0.0
row_lowrank_w64|static|rows_skipped,position=2,268,0.002364,0.0,0.002342,0.003995,0.0
row_lowrank_w64|static|rows_skipped,position=3,268,0.002237,0.0,0.002183,0.00409,0.0
row_lowrank_w64|static|rows_skipped,position=4,268,0.002095,0.0,0.002044,0.004146,0.0
row_lowrank_w64|static|rows_skipped,position=5,268,0.002079,0.0,0.001931,0.004278,0.0
row_lowrank_w64|static|rows_skipped,position=6,268,0.002143,0.0,0.002046,0.00416,0.0
row_lowrank_w64|static|rows_skipped,position=7,268,0.002037,0.0,0.001889,0.004192,0.0
row_lowrank_w64|static|rows_skipped,position=8,268,0.002,0.0,0.001802,0.004099,0.0
row_lowrank_w64|static|rows_skipped,position=9,268,0.002,0.0,0.001812,0.004081,0.0
row_lowrank_w64|static|rows_skipped,position=10,268,0.002031,0.0,0.001806,0.003948,0.0
row_lowrank_w64|static|rows_skipped,position=11,268,0.002016,0.0,0.00183,0.003966,0.0
row_lowrank_w64|static|rows_skipped,position=12,268,0.001882,0.0,0.0018,0.003636,0.0
row_lowrank_w64|static|rows_skipped,position=13,268,0.001932,0.0,0.00183,0.003878,0.0
row_lowrank_w64|static|rows_skipped,position=14,268,0.001987,6e-06,0.001842,0.003591,0.0
row_lowrank_w64|static|rows_skipped,position=15,268,0.001988,0.000835,0.001871,0.003558,0.0
row_lowrank_w64|static|rows_skipped,domain=chat,1395,0.001953,0.0,0.001889,0.003471,0.0
row_lowrank_w64|static|rows_skipped,domain=code,510,0.00346,0.001787,0.003711,0.004893,0.0
row_lowrank_w64|static|rows_skipped,domain=maths,300,0.003213,0.001687,0.003312,0.004761,0.0
row_lowrank_w64|static|rows_skipped,domain=multilingual,1815,0.001643,0.0,0.001776,0.003266,0.0
row_lowrank_w64|transport|log_width|t1.0,all,4020,137.777857,128.535013,137.800176,146.706005,170.857763
row_lowrank_w64|transport|log_width|t1.0,outcome=accepted,968,134.828813,123.076249,134.807526,146.665919,160.937446
row_lowrank_w64|transport|log_width|t1.0,outcome=rejected,243,137.460834,126.974546,137.57604,148.459742,160.121585
row_lowrank_w64|transport|log_width|t1.0,outcome=unreached,2809,138.821542,131.113252,138.540054,146.642941,170.857763
row_lowrank_w64|transport|log_width|t1.0,position=1,268,135.736478,125.801436,135.287162,146.936741,160.937446
row_lowrank_w64|transport|log_width|t1.0,position=2,268,137.458653,127.250527,137.219717,146.93349,165.69687
row_lowrank_w64|transport|log_width|t1.0,position=3,268,137.970524,128.096649,138.553496,147.558398,164.548605
row_lowrank_w64|transport|log_width|t1.0,position=4,268,139.235673,128.804152,139.28878,148.949312,170.05801
row_lowrank_w64|transport|log_width|t1.0,position=5,268,138.84191,126.843445,139.4723,148.351562,166.629441
row_lowrank_w64|transport|log_width|t1.0,position=6,268,138.604733,130.097777,138.2881,147.96228,165.954249
row_lowrank_w64|transport|log_width|t1.0,position=7,268,138.040621,129.08292,138.22657,146.257994,166.253337
row_lowrank_w64|transport|log_width|t1.0,position=8,268,137.869794,129.612103,138.289134,145.545271,164.722567
row_lowrank_w64|transport|log_width|t1.0,position=9,268,138.22202,129.813664,138.288566,146.661835,164.747697
row_lowrank_w64|transport|log_width|t1.0,position=10,268,137.562283,128.677716,138.036338,145.576228,165.693361
row_lowrank_w64|transport|log_width|t1.0,position=11,268,137.232183,128.31903,137.821871,145.220853,165.781553
row_lowrank_w64|transport|log_width|t1.0,position=12,268,137.691087,130.637796,137.52788,144.745671,170.857763
row_lowrank_w64|transport|log_width|t1.0,position=13,268,137.753659,130.368646,137.855962,145.175581,166.548737
row_lowrank_w64|transport|log_width|t1.0,position=14,268,137.278975,128.943653,137.188152,144.689646,165.312903
row_lowrank_w64|transport|log_width|t1.0,position=15,268,137.16926,128.25777,136.754225,145.115784,164.942759
row_lowrank_w64|transport|log_width|t1.0,domain=chat,1395,137.308157,129.784071,137.380074,144.915942,159.059291
row_lowrank_w64|transport|log_width|t1.0,domain=code,510,133.556074,122.897493,133.748509,143.952139,156.721206
row_lowrank_w64|transport|log_width|t1.0,domain=maths,300,135.38043,126.330215,135.743828,144.622187,158.091089
row_lowrank_w64|transport|log_width|t1.0,domain=multilingual,1815,139.72142,130.713723,139.414595,149.12533,170.857763
row_lowrank_d64|transport|rows_skipped,all,4020,0.0,0.0,0.0,0.0,0.0
row_lowrank_d64|transport|rows_skipped,outcome=accepted,968,2e-06,0.0,0.0,0.0,0.0
row_lowrank_d64|transport|rows_skipped,outcome=rejected,243,0.0,0.0,0.0,0.0,0.0
row_lowrank_d64|transport|rows_skipped,outcome=unreached,2809,0.0,0.0,0.0,0.0,0.0
row_lowrank_d64|transport|rows_skipped,position=1,268,0.0,0.0,0.0,0.0,0.0
row_lowrank_d64|transport|rows_skipped,position=2,268,0.0,0.0,0.0,0.0,0.0
row_lowrank_d64|transport|rows_skipped,position=3,268,0.0,0.0,0.0,0.0,0.0
row_lowrank_d64|transport|rows_skipped,position=4,268,0.0,0.0,0.0,0.0,0.0
row_lowrank_d64|transport|rows_skipped,position=5,268,0.0,0.0,0.0,0.0,0.0
row_lowrank_d64|transport|rows_skipped,position=6,268,0.0,0.0,0.0,0.0,0.0
row_lowrank_d64|transport|rows_skipped,position=7,268,0.0,0.0,0.0,0.0,0.0
row_lowrank_d64|transport|rows_skipped,position=8,268,7e-06,0.0,0.0,0.0,0.0
row_lowrank_d64|transport|rows_skipped,position=9,268,0.0,0.0,0.0,0.0,0.0
row_lowrank_d64|transport|rows_skipped,position=10,268,0.0,0.0,0.0,0.0,0.0
row_lowrank_d64|transport|rows_skipped,position=11,268,0.0,0.0,0.0,0.0,0.0
row_lowrank_d64|transport|rows_skipped,position=12,268,0.0,0.0,0.0,0.0,0.0
row_lowrank_d64|transport|rows_skipped,position=13,268,0.0,0.0,0.0,0.0,0.0
row_lowrank_d64|transport|rows_skipped,position=14,268,0.0,0.0,0.0,0.0,0.0
row_lowrank_d64|transport|rows_skipped,position=15,268,0.0,0.0,0.0,0.0,0.0
row_lowrank_d64|transport|rows_skipped,domain=chat,1395,0.0,0.0,0.0,0.0,0.0
row_lowrank_d64|transport|rows_skipped,domain=code,510,0.0,0.0,0.0,0.0,0.0
row_lowrank_d64|transport|rows_skipped,domain=maths,300,0.0,0.0,0.0,0.0,0.0
row_lowrank_d64|transport|rows_skipped,domain=multilingual,1815,1e-06,0.0,0.0,0.0,0.0
row_lowrank_d64|static|rows_skipped,all,4020,0.0,0.0,0.0,0.0,0.0
row_lowrank_d64|static|rows_skipped,outcome=accepted,968,0.0,0.0,0.0,0.0,0.0
row_lowrank_d64|static|rows_skipped,outcome=rejected,243,0.0,0.0,0.0,0.0,0.0
row_lowrank_d64|static|rows_skipped,outcome=unreached,2809,0.0,0.0,0.0,0.0,0.0
row_lowrank_d64|static|rows_skipped,position=1,268,0.0,0.0,0.0,0.0,0.0
row_lowrank_d64|static|rows_skipped,position=2,268,0.0,0.0,0.0,0.0,0.0
row_lowrank_d64|static|rows_skipped,position=3,268,0.0,0.0,0.0,0.0,0.0
row_lowrank_d64|static|rows_skipped,position=4,268,0.0,0.0,0.0,0.0,0.0
row_lowrank_d64|static|rows_skipped,position=5,268,0.0,0.0,0.0,0.0,0.0
row_lowrank_d64|static|rows_skipped,position=6,268,0.0,0.0,0.0,0.0,0.0
row_lowrank_d64|static|rows_skipped,position=7,268,0.0,0.0,0.0,0.0,0.0
row_lowrank_d64|static|rows_skipped,position=8,268,0.0,0.0,0.0,0.0,0.0
row_lowrank_d64|static|rows_skipped,position=9,268,0.0,0.0,0.0,0.0,0.0
row_lowrank_d64|static|rows_skipped,position=10,268,0.0,0.0,0.0,0.0,0.0
row_lowrank_d64|static|rows_skipped,position=11,268,0.0,0.0,0.0,0.0,0.0
row_lowrank_d64|static|rows_skipped,position=12,268,0.0,0.0,0.0,0.0,0.0
row_lowrank_d64|static|rows_skipped,position=13,268,0.0,0.0,0.0,0.0,0.0
row_lowrank_d64|static|rows_skipped,position=14,268,0.0,0.0,0.0,0.0,0.0
row_lowrank_d64|static|rows_skipped,position=15,268,0.0,0.0,0.0,0.0,0.0
row_lowrank_d64|static|rows_skipped,domain=chat,1395,0.0,0.0,0.0,0.0,0.0
row_lowrank_d64|static|rows_skipped,domain=code,510,0.0,0.0,0.0,0.0,0.0
row_lowrank_d64|static|rows_skipped,domain=maths,300,0.0,0.0,0.0,0.0,0.0
row_lowrank_d64|static|rows_skipped,domain=multilingual,1815,0.0,0.0,0.0,0.0,0.0
row_lowrank_d64|transport|log_width|t1.0,all,4020,165.192835,129.075592,165.701067,198.930951,230.843791
row_lowrank_d64|transport|log_width|t1.0,outcome=accepted,968,178.731355,153.603945,180.764431,201.707533,228.731412
row_lowrank_d64|transport|log_width|t1.0,outcome=rejected,243,185.723903,160.472796,188.051882,207.135493,229.303131
row_lowrank_d64|transport|log_width|t1.0,outcome=unreached,2809,158.751277,125.124494,156.22174,196.189293,230.843791
row_lowrank_d64|transport|log_width|t1.0,position=1,268,183.929191,158.316393,184.660798,206.528208,228.731412
row_lowrank_d64|transport|log_width|t1.0,position=2,268,183.782463,158.63764,184.944966,205.023471,230.843791
row_lowrank_d64|transport|log_width|t1.0,position=3,268,180.884422,154.32986,184.059649,203.925972,225.83963
row_lowrank_d64|transport|log_width|t1.0,position=4,268,180.869067,149.680487,184.046264,205.661747,227.960859
row_lowrank_d64|transport|log_width|t1.0,position=5,268,176.446824,147.925458,176.778245,203.270229,227.800194
row_lowrank_d64|transport|log_width|t1.0,position=6,268,173.465208,146.117233,173.749619,198.744698,226.156733
row_lowrank_d64|transport|log_width|t1.0,position=7,268,169.833314,140.40932,170.49289,198.797798,227.933427
row_lowrank_d64|transport|log_width|t1.0,position=8,268,165.679638,134.906827,164.848724,194.585239,221.26603
row_lowrank_d64|transport|log_width|t1.0,position=9,268,162.616736,133.082277,162.519974,194.978367,214.886523
row_lowrank_d64|transport|log_width|t1.0,position=10,268,157.701305,128.755489,153.854149,187.722581,218.882476
row_lowrank_d64|transport|log_width|t1.0,position=11,268,153.30312,125.39529,151.860308,183.706782,216.103324
row_lowrank_d64|transport|log_width|t1.0,position=12,268,151.177365,124.18917,147.665942,185.929543,216.178273
row_lowrank_d64|transport|log_width|t1.0,position=13,268,150.033593,119.703249,146.591931,191.25322,223.703415
row_lowrank_d64|transport|log_width|t1.0,position=14,268,145.448519,117.116946,142.039477,180.662783,224.445275
row_lowrank_d64|transport|log_width|t1.0,position=15,268,142.721758,114.71474,138.715756,176.703835,223.202055
row_lowrank_d64|transport|log_width|t1.0,domain=chat,1395,165.554048,124.467045,168.836795,201.863257,227.933427
row_lowrank_d64|transport|log_width|t1.0,domain=code,510,170.588934,144.354699,171.562132,195.279273,223.703415
row_lowrank_d64|transport|log_width|t1.0,domain=maths,300,169.093238,136.678859,172.336232,196.306907,226.72219
row_lowrank_d64|transport|log_width|t1.0,domain=multilingual,1815,162.754254,129.479855,160.213334,197.744237,230.843791
