metric,group,n,mean,p10,median,p90,worst
dnorm1,all,16016,5987.491573,4823.556725,5961.584358,7216.393642,9015.539337
dnorm2,all,16016,151.212456,122.573866,150.76659,181.227849,225.89205
dnorminf,all,16016,18.315648,11.889648,17.40625,25.932617,52.03125
htnorm2,all,16016,157.752538,147.649427,160.210882,162.91834,180.496079
htnorm1,all,16016,6079.410179,5582.464958,6167.058189,6444.336243,6617.99411
hdnorm2,all,16016,175.815103,171.211881,176.124258,179.904013,189.902605
logit_drift_max,all,16016,10.981509,8.158303,10.723742,14.139497,26.417937
logit_drift_rms,all,16016,2.251996,1.601415,2.102881,3.139028,5.933825
q_x,all,16016,0.73556,0.256841,0.87667,0.999885,1.0
p_x,all,16016,0.711157,0.018048,0.980395,0.999998,1.0
contig64|scalar|transport|tiles_skipped,all,16016,0.000773,0.000773,0.000773,0.000773,0.000773
contig64|scalar|transport|rows_skipped,all,16016,0.000773,0.000773,0.000773,0.000773,0.000773
contig64|scalar|transport|rows_skipped_taustar,all,16016,0.000773,0.000773,0.000773,0.000773,0.000773
contig64|scalar|transport|log_width|t1.0,all,16016,790.224893,637.018784,786.586467,953.331455,1192.559172
contig64|scalar|transport|p_unresolved_x|t1.0,all,16016,1.0,1.0,1.0,1.0,1.0
contig64|scalar|transport|p_unresolved_q|t1.0,all,16016,0.999965,1.0,1.0,1.0,1.0
contig64|scalar|transport|log_width|t0.7,all,16016,1130.448375,911.459697,1125.304128,1363.773471,1705.638238
contig64|scalar|transport|p_unresolved_x|t0.7,all,16016,1.0,1.0,1.0,1.0,1.0
contig64|scalar|transport|p_unresolved_q|t0.7,all,16016,0.999968,1.0,1.0,1.0,1.0
contig64|scalar|transport|log_width_retain64|t1.0,all,16016,764.939649,614.894579,762.437864,922.755335,1165.546901
contig64|scalar|transport|p_unresolved_x_retain64|t1.0,all,16016,0.808067,0.076238,1.0,1.0,1.0
contig64|scalar|transport|rowlevel_rows_skipped,all,16016,0.000773,0.000773,0.000773,0.000773,0.000773
contig64|scalar|static|tiles_skipped,all,16016,0.000773,0.000773,0.000773,0.000773,0.000773
contig64|scalar|static|rows_skipped,all,16016,0.000773,0.000773,0.000773,0.000773,0.000773
contig64|scalar|static|rows_skipped_taustar,all,16016,0.000773,0.000773,0.000773,0.000773,0.000773
contig64|scalar|static|log_width|t1.0,all,16016,797.637632,732.305186,809.035487,845.692845,869.282263
contig64|scalar|static|p_unresolved_x|t1.0,all,16016,1.0,1.0,1.0,1.0,1.0
contig64|scalar|static|p_unresolved_q|t1.0,all,16016,0.999964,1.0,1.0,1.0,1.0
contig64|scalar|static|log_width|t0.7,all,16016,1139.950944,1046.619206,1156.233529,1208.600977,1242.300068
contig64|scalar|static|p_unresolved_x|t0.7,all,16016,1.0,1.0,1.0,1.0,1.0
contig64|scalar|static|p_unresolved_q|t0.7,all,16016,0.999968,1.0,1.0,1.0,1.0
contig64|coord|transport|tiles_skipped,all,16016,0.000773,0.000773,0.000773,0.000773,0.000773
contig64|coord|transport|tiles_skipped,outcome=accepted,9969,0.000773,0.000773,0.000773,0.000773,0.000773
contig64|coord|transport|tiles_skipped,outcome=rejected,2298,0.000773,0.000773,0.000773,0.000773,0.000773
contig64|coord|transport|tiles_skipped,outcome=unreached,3749,0.000773,0.000773,0.000773,0.000773,0.000773
contig64|coord|transport|tiles_skipped,position=1,4004,0.000773,0.000773,0.000773,0.000773,0.000773
contig64|coord|transport|tiles_skipped,position=2,4004,0.000773,0.000773,0.000773,0.000773,0.000773
contig64|coord|transport|tiles_skipped,position=3,4004,0.000773,0.000773,0.000773,0.000773,0.000773
contig64|coord|transport|tiles_skipped,position=4,4004,0.000773,0.000773,0.000773,0.000773,0.000773
contig64|coord|transport|tiles_skipped,domain=chat,4688,0.000773,0.000773,0.000773,0.000773,0.000773
contig64|coord|transport|tiles_skipped,domain=code,3160,0.000773,0.000773,0.000773,0.000773,0.000773
contig64|coord|transport|tiles_skipped,domain=maths,3696,0.000773,0.000773,0.000773,0.000773,0.000773
contig64|coord|transport|tiles_skipped,domain=multilingual,4472,0.000773,0.000773,0.000773,0.000773,0.000773
contig64|coord|transport|rows_skipped,all,16016,0.000773,0.000773,0.000773,0.000773,0.000773
contig64|coord|transport|rows_skipped,outcome=accepted,9969,0.000773,0.000773,0.000773,0.000773,0.000773
contig64|coord|transport|rows_skipped,outcome=rejected,2298,0.000773,0.000773,0.000773,0.000773,0.000773
contig64|coord|transport|rows_skipped,outcome=unreached,3749,0.000773,0.000773,0.000773,0.000773,0.000773
contig64|coord|transport|rows_skipped,position=1,4004,0.000773,0.000773,0.000773,0.000773,0.000773
contig64|coord|transport|rows_skipped,position=2,4004,0.000773,0.000773,0.000773,0.000773,0.000773
contig64|coord|transport|rows_skipped,position=3,4004,0.000773,0.000773,0.000773,0.000773,0.000773
contig64|coord|transport|rows_skipped,position=4,4004,0.000773,0.000773,0.000773,0.000773,0.000773
contig64|coord|transport|rows_skipped,domain=chat,4688,0.000773,0.000773,0.000773,0.000773,0.000773
contig64|coord|transport|rows_skipped,domain=code,3160,0.000773,0.000773,0.000773,0.000773,0.000773
contig64|coord|transport|rows_skipped,domain=maths,3696,0.000773,0.000773,0.000773,0.000773,0.000773
contig64|coord|transport|rows_skipped,domain=multilingual,4472,0.000773,0.000773,0.000773,0.000773,0.000773
contig64|coord|transport|rows_skipped_taustar,all,16016,0.000773,0.000773,0.000773,0.000773,0.000773
contig64|coord|transport|rows_skipped_taustar,outcome=accepted,9969,0.000773,0.000773,0.000773,0.000773,0.000773
contig64|coord|transport|rows_skipped_taustar,outcome=rejected,2298,0.000773,0.000773,0.000773,0.000773,0.000773
contig64|coord|transport|rows_skipped_taustar,outcome=unreached,3749,0.000773,0.000773,0.000773,0.000773,0.000773
contig64|coord|transport|rows_skipped_taustar,position=1,4004,0.000773,0.000773,0.000773,0.000773,0.000773
contig64|coord|transport|rows_skipped_taustar,position=2,4004,0.000773,0.000773,0.000773,0.000773,0.000773
contig64|coord|transport|rows_skipped_taustar,position=3,4004,0.000773,0.000773,0.000773,0.000773,0.000773
contig64|coord|transport|rows_skipped_taustar,position=4,4004,0.000773,0.000773,0.000773,0.000773,0.000773
contig64|coord|transport|rows_skipped_taustar,domain=chat,4688,0.000773,0.000773,0.000773,0.000773,0.000773
contig64|coord|transport|rows_skipped_taustar,domain=code,3160,0.000773,0.000773,0.000773,0.000773,0.000773
contig64|coord|transport|rows_skipped_taustar,domain=maths,3696,0.000773,0.000773,0.000773,0.000773,0.000773
contig64|coord|transport|rows_skipped_taustar,domain=multilingual,4472,0.000773,0.000773,0.000773,0.000773,0.000773
contig64|coord|transport|log_width|t1.0,all,16016,211.204427,171.961523,209.892082,253.669829,319.019336
contig64|coord|transport|log_width|t1.0,outcome=accepted,9969,214.551487,170.099709,215.073419,258.621178,319.019336
contig64|coord|transport|log_width|t1.0,outcome=rejected,2298,198.99413,164.48251,197.730515,234.817041,295.539455
contig64|coord|transport|log_width|t1.0,outcome=unreached,3749,209.788696,181.243859,208.080374,241.411078,313.122366
contig64|coord|transport|log_width|t1.0,position=1,4004,193.489141,150.828745,191.400881,239.156916,305.100224
contig64|coord|transport|log_width|t1.0,position=2,4004,210.277438,174.928228,207.665899,249.47972,319.019336
contig64|coord|transport|log_width|t1.0,position=3,4004,218.130798,184.233468,215.016143,256.953817,317.208868
contig64|coord|transport|log_width|t1.0,position=4,4004,222.920331,189.128679,220.054697,260.715416,318.610116
contig64|coord|transport|log_width|t1.0,domain=chat,4688,204.799902,169.97239,203.93885,241.679217,315.309723
contig64|coord|transport|log_width|t1.0,domain=code,3160,218.365388,178.216221,219.071098,256.827607,319.019336
contig64|coord|transport|log_width|t1.0,domain=maths,3696,221.147996,177.275347,222.677385,262.091184,318.610116
contig64|coord|transport|log_width|t1.0,domain=multilingual,4472,204.640103,167.427362,202.834099,245.837704,308.813016
contig64|coord|transport|p_unresolved_x|t1.0,all,16016,0.999996,1.0,1.0,1.0,1.0
contig64|coord|transport|p_unresolved_x|t1.0,outcome=accepted,9969,1.0,1.0,1.0,1.0,1.0
contig64|coord|transport|p_unresolved_x|t1.0,outcome=rejected,2298,0.999974,1.0,1.0,1.0,1.0
contig64|coord|transport|p_unresolved_x|t1.0,outcome=unreached,3749,1.0,1.0,1.0,1.0,1.0
contig64|coord|transport|p_unresolved_x|t1.0,position=1,4004,1.0,1.0,1.0,1.0,1.0
contig64|coord|transport|p_unresolved_x|t1.0,position=2,4004,1.0,1.0,1.0,1.0,1.0
contig64|coord|transport|p_unresolved_x|t1.0,position=3,4004,1.0,1.0,1.0,1.0,1.0
contig64|coord|transport|p_unresolved_x|t1.0,position=4,4004,0.999985,1.0,1.0,1.0,1.0
contig64|coord|transport|p_unresolved_x|t1.0,domain=chat,4688,1.0,1.0,1.0,1.0,1.0
contig64|coord|transport|p_unresolved_x|t1.0,domain=code,3160,1.0,1.0,1.0,1.0,1.0
contig64|coord|transport|p_unresolved_x|t1.0,domain=maths,3696,1.0,1.0,1.0,1.0,1.0
contig64|coord|transport|p_unresolved_x|t1.0,domain=multilingual,4472,0.999986,1.0,1.0,1.0,1.0
contig64|coord|transport|p_unresolved_q|t1.0,all,16016,0.99996,1.0,1.0,1.0,1.0
contig64|coord|transport|p_unresolved_q|t1.0,outcome=accepted,9969,0.99998,1.0,1.0,1.0,1.0
contig64|coord|transport|p_unresolved_q|t1.0,outcome=rejected,2298,0.999866,1.0,1.0,1.0,1.0
contig64|coord|transport|p_unresolved_q|t1.0,outcome=unreached,3749,0.999966,1.0,1.0,1.0,1.0
contig64|coord|transport|p_unresolved_q|t1.0,position=1,4004,0.999974,1.0,1.0,1.0,1.0
contig64|coord|transport|p_unresolved_q|t1.0,position=2,4004,0.999945,1.0,1.0,1.0,1.0
contig64|coord|transport|p_unresolved_q|t1.0,position=3,4004,0.999971,1.0,1.0,1.0,1.0
contig64|coord|transport|p_unresolved_q|t1.0,position=4,4004,0.999951,1.0,1.0,1.0,1.0
contig64|coord|transport|p_unresolved_q|t1.0,domain=chat,4688,0.999999,1.0,1.0,1.0,1.0
contig64|coord|transport|p_unresolved_q|t1.0,domain=code,3160,1.0,1.0,1.0,1.0,1.0
contig64|coord|transport|p_unresolved_q|t1.0,domain=maths,3696,0.999991,1.0,1.0,1.0,1.0
contig64|coord|transport|p_unresolved_q|t1.0,domain=multilingual,4472,0.999867,1.0,1.0,1.0,1.0
contig64|coord|transport|log_width|t0.7,all,16016,303.43154,247.146448,301.524925,364.184172,457.995114
contig64|coord|transport|log_width|t0.7,outcome=accepted,9969,308.289179,244.739272,309.006116,371.240677,457.995114
contig64|coord|transport|log_width|t0.7,outcome=rejected,2298,285.885839,236.619762,284.133328,337.244735,423.237566
contig64|coord|transport|log_width|t0.7,outcome=unreached,3749,301.269423,260.320547,298.818837,346.846344,449.551249
contig64|coord|transport|log_width|t0.7,position=1,4004,278.208259,217.213256,275.280255,343.409843,438.110655
contig64|coord|transport|log_width|t0.7,position=2,4004,302.110001,251.639314,298.405908,358.200324,457.995114
contig64|coord|transport|log_width|t0.7,position=3,4004,313.291514,264.725245,308.802888,368.875616,455.408731
contig64|coord|transport|log_width|t0.7,position=4,4004,320.116388,271.817367,316.129427,374.274334,457.409848
contig64|coord|transport|log_width|t0.7,domain=chat,4688,294.302729,244.612162,293.069009,347.071974,452.631806
contig64|coord|transport|log_width|t0.7,domain=code,3160,313.770982,256.694761,314.550752,368.799851,457.995114
contig64|coord|transport|log_width|t0.7,domain=maths,3696,317.784716,255.406811,320.085979,376.181704,457.409848
contig64|coord|transport|log_width|t0.7,domain=multilingual,4472,293.832678,240.648449,291.062883,352.560275,443.132283
contig64|coord|transport|p_unresolved_x|t0.7,all,16016,1.0,1.0,1.0,1.0,1.0
contig64|coord|transport|p_unresolved_x|t0.7,outcome=accepted,9969,1.0,1.0,1.0,1.0,1.0
contig64|coord|transport|p_unresolved_x|t0.7,outcome=rejected,2298,1.0,1.0,1.0,1.0,1.0
contig64|coord|transport|p_unresolved_x|t0.7,outcome=unreached,3749,1.0,1.0,1.0,1.0,1.0
contig64|coord|transport|p_unresolved_x|t0.7,position=1,4004,1.0,1.0,1.0,1.0,1.0
contig64|coord|transport|p_unresolved_x|t0.7,position=2,4004,1.0,1.0,1.0,1.0,1.0
contig64|coord|transport|p_unresolved_x|t0.7,position=3,4004,1.0,1.0,1.0,1.0,1.0
contig64|coord|transport|p_unresolved_x|t0.7,position=4,4004,1.0,1.0,1.0,1.0,1.0
contig64|coord|transport|p_unresolved_x|t0.7,domain=chat,4688,1.0,1.0,1.0,1.0,1.0
contig64|coord|transport|p_unresolved_x|t0.7,domain=code,3160,1.0,1.0,1.0,1.0,1.0
contig64|coord|transport|p_unresolved_x|t0.7,domain=maths,3696,1.0,1.0,1.0,1.0,1.0
contig64|coord|transport|p_unresolved_x|t0.7,domain=multilingual,4472,1.0,1.0,1.0,1.0,1.0
contig64|coord|transport|p_unresolved_q|t0.7,all,16016,0.999965,1.0,1.0,1.0,1.0
contig64|coord|transport|p_unresolved_q|t0.7,outcome=accepted,9969,0.999981,1.0,1.0,1.0,1.0
contig64|coord|transport|p_unresolved_q|t0.7,outcome=rejected,2298,0.999885,1.0,1.0,1.0,1.0
contig64|coord|transport|p_unresolved_q|t0.7,outcome=unreached,3749,0.999972,1.0,1.0,1.0,1.0
contig64|coord|transport|p_unresolved_q|t0.7,position=1,4004,0.999976,1.0,1.0,1.0,1.0
contig64|coord|transport|p_unresolved_q|t0.7,position=2,4004,0.99995,1.0,1.0,1.0,1.0
contig64|coord|transport|p_unresolved_q|t0.7,position=3,4004,0.999982,1.0,1.0,1.0,1.0
contig64|coord|transport|p_unresolved_q|t0.7,position=4,4004,0.999953,1.0,1.0,1.0,1.0
contig64|coord|transport|p_unresolved_q|t0.7,domain=chat,4688,1.0,1.0,1.0,1.0,1.0
contig64|coord|transport|p_unresolved_q|t0.7,domain=code,3160,1.0,1.0,1.0,1.0,1.0
contig64|coord|transport|p_unresolved_q|t0.7,domain=maths,3696,1.0,1.0,1.0,1.0,1.0
contig64|coord|transport|p_unresolved_q|t0.7,domain=multilingual,4472,0.999875,1.0,1.0,1.0,1.0
contig64|coord|transport|log_width_retain64|t1.0,all,16016,183.121081,146.974508,182.970418,220.520765,289.502908
contig64|coord|transport|log_width_retain64|t1.0,outcome=accepted,9969,183.608959,142.832103,183.891496,224.301664,289.502908
contig64|coord|transport|log_width_retain64|t1.0,outcome=rejected,2298,175.521302,143.222781,174.761263,209.370021,260.689259
contig64|coord|transport|log_width_retain64|t1.0,outcome=unreached,3749,186.482147,159.286909,185.363126,215.732062,274.877852
contig64|coord|transport|log_width_retain64|t1.0,position=1,4004,164.201678,124.136997,162.728992,206.207337,279.857688
contig64|coord|transport|log_width_retain64|t1.0,position=2,4004,182.098666,150.408411,180.168919,217.327782,289.502908
contig64|coord|transport|log_width_retain64|t1.0,position=3,4004,190.562345,160.424063,188.203942,224.085865,278.284715
contig64|coord|transport|log_width_retain64|t1.0,position=4,4004,195.621636,166.455299,193.71232,228.091992,280.958766
contig64|coord|transport|log_width_retain64|t1.0,domain=chat,4688,178.851107,145.514404,178.886076,212.433037,279.857688
contig64|coord|transport|log_width_retain64|t1.0,domain=code,3160,186.541299,149.037819,186.8382,222.676817,278.284715
contig64|coord|transport|log_width_retain64|t1.0,domain=maths,3696,187.621364,147.250795,189.386422,225.972199,289.502908
contig64|coord|transport|log_width_retain64|t1.0,domain=multilingual,4472,181.461131,147.012854,180.725354,219.714628,284.52038
contig64|coord|transport|p_unresolved_x_retain64|t1.0,all,16016,0.808067,0.076238,1.0,1.0,1.0
contig64|coord|transport|p_unresolved_x_retain64|t1.0,outcome=accepted,9969,0.985031,0.995015,1.0,1.0,1.0
contig64|coord|transport|p_unresolved_x_retain64|t1.0,outcome=rejected,2298,0.281532,0.000171,0.164044,0.783229,1.0
contig64|coord|transport|p_unresolved_x_retain64|t1.0,outcome=unreached,3749,0.660247,0.011337,0.989227,1.0,1.0
contig64|coord|transport|p_unresolved_x_retain64|t1.0,position=1,4004,0.888505,0.476766,1.0,1.0,1.0
contig64|coord|transport|p_unresolved_x_retain64|t1.0,position=2,4004,0.817091,0.109338,1.0,1.0,1.0
contig64|coord|transport|p_unresolved_x_retain64|t1.0,position=3,4004,0.775809,0.030591,1.0,1.0,1.0
contig64|coord|transport|p_unresolved_x_retain64|t1.0,position=4,4004,0.750863,0.015685,1.0,1.0,1.0
contig64|coord|transport|p_unresolved_x_retain64|t1.0,domain=chat,4688,0.750138,0.046068,1.0,1.0,1.0
contig64|coord|transport|p_unresolved_x_retain64|t1.0,domain=code,3160,0.888234,0.410064,1.0,1.0,1.0
contig64|coord|transport|p_unresolved_x_retain64|t1.0,domain=maths,3696,0.885438,0.384977,1.0,1.0,1.0
contig64|coord|transport|p_unresolved_x_retain64|t1.0,domain=multilingual,4472,0.748201,0.021961,1.0,1.0,1.0
contig64|coord|transport|rowlevel_rows_skipped,all,16016,0.000773,0.000773,0.000773,0.000773,0.000773
contig64|coord|transport|rowlevel_rows_skipped,outcome=accepted,9969,0.000773,0.000773,0.000773,0.000773,0.000773
contig64|coord|transport|rowlevel_rows_skipped,outcome=rejected,2298,0.000773,0.000773,0.000773,0.000773,0.000773
contig64|coord|transport|rowlevel_rows_skipped,outcome=unreached,3749,0.000773,0.000773,0.000773,0.000773,0.000773
contig64|coord|transport|rowlevel_rows_skipped,position=1,4004,0.000773,0.000773,0.000773,0.000773,0.000773
contig64|coord|transport|rowlevel_rows_skipped,position=2,4004,0.000773,0.000773,0.000773,0.000773,0.000773
contig64|coord|transport|rowlevel_rows_skipped,position=3,4004,0.000773,0.000773,0.000773,0.000773,0.000773
contig64|coord|transport|rowlevel_rows_skipped,position=4,4004,0.000773,0.000773,0.000773,0.000773,0.000773
contig64|coord|transport|rowlevel_rows_skipped,domain=chat,4688,0.000773,0.000773,0.000773,0.000773,0.000773
contig64|coord|transport|rowlevel_rows_skipped,domain=code,3160,0.000773,0.000773,0.000773,0.000773,0.000773
contig64|coord|transport|rowlevel_rows_skipped,domain=maths,3696,0.000773,0.000773,0.000773,0.000773,0.000773
contig64|coord|transport|rowlevel_rows_skipped,domain=multilingual,4472,0.000773,0.000773,0.000773,0.000773,0.000773
contig64|coord|static|tiles_skipped,all,16016,0.000773,0.000773,0.000773,0.000773,0.000773
contig64|coord|static|tiles_skipped,outcome=accepted,9969,0.000773,0.000773,0.000773,0.000773,0.000773
contig64|coord|static|tiles_skipped,outcome=rejected,2298,0.000773,0.000773,0.000773,0.000773,0.000773
contig64|coord|static|tiles_skipped,outcome=unreached,3749,0.000773,0.000773,0.000773,0.000773,0.000773
contig64|coord|static|tiles_skipped,position=1,4004,0.000773,0.000773,0.000773,0.000773,0.000773
contig64|coord|static|tiles_skipped,position=2,4004,0.000773,0.000773,0.000773,0.000773,0.000773
contig64|coord|static|tiles_skipped,position=3,4004,0.000773,0.000773,0.000773,0.000773,0.000773
contig64|coord|static|tiles_skipped,position=4,4004,0.000773,0.000773,0.000773,0.000773,0.000773
contig64|coord|static|tiles_skipped,domain=chat,4688,0.000773,0.000773,0.000773,0.000773,0.000773
contig64|coord|static|tiles_skipped,domain=code,3160,0.000773,0.000773,0.000773,0.000773,0.000773
contig64|coord|static|tiles_skipped,domain=maths,3696,0.000773,0.000773,0.000773,0.000773,0.000773
contig64|coord|static|tiles_skipped,domain=multilingual,4472,0.000773,0.000773,0.000773,0.000773,0.000773
contig64|coord|static|rows_skipped,all,16016,0.000773,0.000773,0.000773,0.000773,0.000773
contig64|coord|static|rows_skipped,outcome=accepted,9969,0.000773,0.000773,0.000773,0.000773,0.000773
contig64|coord|static|rows_skipped,outcome=rejected,2298,0.000773,0.000773,0.000773,0.000773,0.000773
contig64|coord|static|rows_skipped,outcome=unreached,3749,0.000773,0.000773,0.000773,0.000773,0.000773
contig64|coord|static|rows_skipped,position=1,4004,0.000773,0.000773,0.000773,0.000773,0.000773
contig64|coord|static|rows_skipped,position=2,4004,0.000773,0.000773,0.000773,0.000773,0.000773
contig64|coord|static|rows_skipped,position=3,4004,0.000773,0.000773,0.000773,0.000773,0.000773
contig64|coord|static|rows_skipped,position=4,4004,0.000773,0.000773,0.000773,0.000773,0.000773
contig64|coord|static|rows_skipped,domain=chat,4688,0.000773,0.000773,0.000773,0.000773,0.000773
contig64|coord|static|rows_skipped,domain=code,3160,0.000773,0.000773,0.000773,0.000773,0.000773
contig64|coord|static|rows_skipped,domain=maths,3696,0.000773,0.000773,0.000773,0.000773,0.000773
contig64|coord|static|rows_skipped,domain=multilingual,4472,0.000773,0.000773,0.000773,0.000773,0.000773
contig64|coord|static|rows_skipped_taustar,all,16016,0.000773,0.000773,0.000773,0.000773,0.000773
contig64|coord|static|rows_skipped_taustar,outcome=accepted,9969,0.000773,0.000773,0.000773,0.000773,0.000773
contig64|coord|static|rows_skipped_taustar,outcome=rejected,2298,0.000773,0.000773,0.000773,0.000773,0.000773
contig64|coord|static|rows_skipped_taustar,outcome=unreached,3749,0.000773,0.000773,0.000773,0.000773,0.000773
contig64|coord|static|rows_skipped_taustar,position=1,4004,0.000773,0.000773,0.000773,0.000773,0.000773
contig64|coord|static|rows_skipped_taustar,position=2,4004,0.000773,0.000773,0.000773,0.000773,0.000773
contig64|coord|static|rows_skipped_taustar,position=3,4004,0.000773,0.000773,0.000773,0.000773,0.000773
contig64|coord|static|rows_skipped_taustar,position=4,4004,0.000773,0.000773,0.000773,0.000773,0.000773
contig64|coord|static|rows_skipped_taustar,domain=chat,4688,0.000773,0.000773,0.000773,0.000773,0.000773
contig64|coord|static|rows_skipped_taustar,domain=code,3160,0.000773,0.000773,0.000773,0.000773,0.000773
contig64|coord|static|rows_skipped_taustar,domain=maths,3696,0.000773,0.000773,0.000773,0.000773,0.000773
contig64|coord|static|rows_skipped_taustar,domain=multilingual,4472,0.000773,0.000773,0.000773,0.000773,0.000773
contig64|coord|static|log_width|t1.0,all,16016,206.29844,189.286475,209.038762,219.087188,228.567022
contig64|coord|static|log_width|t1.0,outcome=accepted,9969,206.605908,190.027428,209.016521,219.553606,228.567022
contig64|coord|static|log_width|t1.0,outcome=rejected,2298,205.69558,187.707303,209.19141,218.202849,223.368413
contig64|coord|static|log_width|t1.0,outcome=unreached,3749,205.850378,188.312618,209.052344,218.4451,227.144998
contig64|coord|static|log_width|t1.0,position=1,4004,207.204737,190.418875,210.262762,219.437861,225.639037
contig64|coord|static|log_width|t1.0,position=2,4004,206.197515,189.624685,208.72927,218.937441,227.137523
contig64|coord|static|log_width|t1.0,position=3,4004,206.011106,189.039711,208.651309,218.975443,227.144998
contig64|coord|static|log_width|t1.0,position=4,4004,205.780401,188.648209,208.486899,218.897995,228.567022
contig64|coord|static|log_width|t1.0,domain=chat,4688,211.07571,199.395734,213.582859,219.649167,228.567022
contig64|coord|static|log_width|t1.0,domain=code,3160,204.446579,188.599221,206.109233,218.009083,226.78237
contig64|coord|static|log_width|t1.0,domain=maths,3696,207.313124,191.567058,209.528301,219.538129,226.278399
contig64|coord|static|log_width|t1.0,domain=multilingual,4472,201.760372,183.731968,202.360758,218.160604,224.981716
contig64|coord|static|p_unresolved_x|t1.0,all,16016,0.999996,1.0,1.0,1.0,1.0
contig64|coord|static|p_unresolved_x|t1.0,outcome=accepted,9969,1.0,1.0,1.0,1.0,1.0
contig64|coord|static|p_unresolved_x|t1.0,outcome=rejected,2298,0.999974,1.0,1.0,1.0,1.0
contig64|coord|static|p_unresolved_x|t1.0,outcome=unreached,3749,1.0,1.0,1.0,1.0,1.0
contig64|coord|static|p_unresolved_x|t1.0,position=1,4004,1.0,1.0,1.0,1.0,1.0
contig64|coord|static|p_unresolved_x|t1.0,position=2,4004,1.0,1.0,1.0,1.0,1.0
contig64|coord|static|p_unresolved_x|t1.0,position=3,4004,1.0,1.0,1.0,1.0,1.0
contig64|coord|static|p_unresolved_x|t1.0,position=4,4004,0.999985,1.0,1.0,1.0,1.0
contig64|coord|static|p_unresolved_x|t1.0,domain=chat,4688,1.0,1.0,1.0,1.0,1.0
contig64|coord|static|p_unresolved_x|t1.0,domain=code,3160,1.0,1.0,1.0,1.0,1.0
contig64|coord|static|p_unresolved_x|t1.0,domain=maths,3696,1.0,1.0,1.0,1.0,1.0
contig64|coord|static|p_unresolved_x|t1.0,domain=multilingual,4472,0.999987,1.0,1.0,1.0,1.0
contig64|coord|static|p_unresolved_q|t1.0,all,16016,0.99996,1.0,1.0,1.0,1.0
contig64|coord|static|p_unresolved_q|t1.0,outcome=accepted,9969,0.99998,1.0,1.0,1.0,1.0
contig64|coord|static|p_unresolved_q|t1.0,outcome=rejected,2298,0.999866,1.0,1.0,1.0,1.0
contig64|coord|static|p_unresolved_q|t1.0,outcome=unreached,3749,0.999966,1.0,1.0,1.0,1.0
contig64|coord|static|p_unresolved_q|t1.0,position=1,4004,0.999974,1.0,1.0,1.0,1.0
contig64|coord|static|p_unresolved_q|t1.0,position=2,4004,0.999945,1.0,1.0,1.0,1.0
contig64|coord|static|p_unresolved_q|t1.0,position=3,4004,0.999971,1.0,1.0,1.0,1.0
contig64|coord|static|p_unresolved_q|t1.0,position=4,4004,0.999951,1.0,1.0,1.0,1.0
contig64|coord|static|p_unresolved_q|t1.0,domain=chat,4688,0.999999,1.0,1.0,1.0,1.0
contig64|coord|static|p_unresolved_q|t1.0,domain=code,3160,1.0,1.0,1.0,1.0,1.0
contig64|coord|static|p_unresolved_q|t1.0,domain=maths,3696,0.999991,1.0,1.0,1.0,1.0
contig64|coord|static|p_unresolved_q|t1.0,domain=multilingual,4472,0.999867,1.0,1.0,1.0,1.0
contig64|coord|static|log_width|t0.7,all,16016,294.33035,270.081919,298.214301,312.659171,326.059782
contig64|coord|static|log_width|t0.7,outcome=accepted,9969,294.772163,271.006012,298.117598,313.356702,326.059782
contig64|coord|static|log_width|t0.7,outcome=rejected,2298,293.464863,267.595286,298.44434,311.497584,318.876787
contig64|coord|static|log_width|t0.7,outcome=unreached,3749,293.686033,268.729063,298.325929,311.806088,324.12696
contig64|coord|static|log_width|t0.7,position=1,4004,295.630468,271.605208,299.95425,313.20756,322.175745
contig64|coord|static|log_width|t0.7,position=2,4004,294.183075,270.461698,297.768444,312.480396,324.128665
contig64|coord|static|log_width|t0.7,position=3,4004,293.920906,269.690733,297.685766,312.534553,324.12696
contig64|coord|static|log_width|t0.7,position=4,4004,293.586952,269.017549,297.390272,312.415251,326.059782
contig64|coord|static|log_width|t0.7,domain=chat,4688,301.159513,284.404998,304.725732,313.49581,326.059782
contig64|coord|static|log_width|t0.7,domain=code,3160,291.662822,269.081647,294.024753,311.08063,323.617814
contig64|coord|static|log_width|t0.7,domain=maths,3696,295.793205,273.317231,298.923669,313.347973,323.066678
contig64|coord|static|log_width|t0.7,domain=multilingual,4472,287.847247,262.15259,288.724173,311.394664,321.362212
contig64|coord|static|p_unresolved_x|t0.7,all,16016,1.0,1.0,1.0,1.0,1.0
contig64|coord|static|p_unresolved_x|t0.7,outcome=accepted,9969,1.0,1.0,1.0,1.0,1.0
contig64|coord|static|p_unresolved_x|t0.7,outcome=rejected,2298,1.0,1.0,1.0,1.0,1.0
contig64|coord|static|p_unresolved_x|t0.7,outcome=unreached,3749,1.0,1.0,1.0,1.0,1.0
contig64|coord|static|p_unresolved_x|t0.7,position=1,4004,1.0,1.0,1.0,1.0,1.0
contig64|coord|static|p_unresolved_x|t0.7,position=2,4004,1.0,1.0,1.0,1.0,1.0
contig64|coord|static|p_unresolved_x|t0.7,position=3,4004,1.0,1.0,1.0,1.0,1.0
contig64|coord|static|p_unresolved_x|t0.7,position=4,4004,1.0,1.0,1.0,1.0,1.0
contig64|coord|static|p_unresolved_x|t0.7,domain=chat,4688,1.0,1.0,1.0,1.0,1.0
contig64|coord|static|p_unresolved_x|t0.7,domain=code,3160,1.0,1.0,1.0,1.0,1.0
contig64|coord|static|p_unresolved_x|t0.7,domain=maths,3696,1.0,1.0,1.0,1.0,1.0
contig64|coord|static|p_unresolved_x|t0.7,domain=multilingual,4472,1.0,1.0,1.0,1.0,1.0
contig64|coord|static|p_unresolved_q|t0.7,all,16016,0.999965,1.0,1.0,1.0,1.0
contig64|coord|static|p_unresolved_q|t0.7,outcome=accepted,9969,0.999981,1.0,1.0,1.0,1.0
contig64|coord|static|p_unresolved_q|t0.7,outcome=rejected,2298,0.999885,1.0,1.0,1.0,1.0
contig64|coord|static|p_unresolved_q|t0.7,outcome=unreached,3749,0.999972,1.0,1.0,1.0,1.0
contig64|coord|static|p_unresolved_q|t0.7,position=1,4004,0.999976,1.0,1.0,1.0,1.0
contig64|coord|static|p_unresolved_q|t0.7,position=2,4004,0.99995,1.0,1.0,1.0,1.0
contig64|coord|static|p_unresolved_q|t0.7,position=3,4004,0.999982,1.0,1.0,1.0,1.0
contig64|coord|static|p_unresolved_q|t0.7,position=4,4004,0.999953,1.0,1.0,1.0,1.0
contig64|coord|static|p_unresolved_q|t0.7,domain=chat,4688,1.0,1.0,1.0,1.0,1.0
contig64|coord|static|p_unresolved_q|t0.7,domain=code,3160,1.0,1.0,1.0,1.0,1.0
contig64|coord|static|p_unresolved_q|t0.7,domain=maths,3696,1.0,1.0,1.0,1.0,1.0
contig64|coord|static|p_unresolved_q|t0.7,domain=multilingual,4472,0.999875,1.0,1.0,1.0,1.0
contig64|group32|transport|tiles_skipped,all,16016,0.000773,0.000773,0.000773,0.000773,0.000773
contig64|group32|transport|rows_skipped,all,16016,0.000773,0.000773,0.000773,0.000773,0.000773
contig64|group32|transport|rows_skipped_taustar,all,16016,0.000773,0.000773,0.000773,0.000773,0.000773
contig64|group32|transport|log_width|t1.0,all,16016,167.701248,136.396872,166.258874,202.299421,272.906274
contig64|group32|transport|p_unresolved_x|t1.0,all,16016,0.999997,1.0,1.0,1.0,1.0
contig64|group32|transport|p_unresolved_q|t1.0,all,16016,0.999961,1.0,1.0,1.0,1.0
contig64|group32|transport|log_width|t0.7,all,16016,241.542447,196.63816,239.474256,291.131576,392.119316
contig64|group32|transport|p_unresolved_x|t0.7,all,16016,1.0,1.0,1.0,1.0,1.0
contig64|group32|transport|p_unresolved_q|t0.7,all,16016,0.999965,1.0,1.0,1.0,1.0
contig64|group32|transport|log_width_retain64|t1.0,all,16016,138.098666,110.614328,138.2293,166.091511,219.133372
contig64|group32|transport|p_unresolved_x_retain64|t1.0,all,16016,0.808067,0.076238,1.0,1.0,1.0
contig64|group32|transport|rowlevel_rows_skipped,all,16016,0.000773,0.000773,0.000773,0.000773,0.000773
contig64|group32|static|tiles_skipped,all,16016,0.000773,0.000773,0.000773,0.000773,0.000773
contig64|group32|static|rows_skipped,all,16016,0.000773,0.000773,0.000773,0.000773,0.000773
contig64|group32|static|rows_skipped_taustar,all,16016,0.000773,0.000773,0.000773,0.000773,0.000773
contig64|group32|static|log_width|t1.0,all,16016,164.910504,155.938939,166.659668,171.137229,176.863297
contig64|group32|static|p_unresolved_x|t1.0,all,16016,0.999997,1.0,1.0,1.0,1.0
contig64|group32|static|p_unresolved_q|t1.0,all,16016,0.999961,1.0,1.0,1.0,1.0
contig64|group32|static|log_width|t0.7,all,16016,236.037705,223.218403,238.520386,244.945805,253.127835
contig64|group32|static|p_unresolved_x|t0.7,all,16016,1.0,1.0,1.0,1.0,1.0
contig64|group32|static|p_unresolved_q|t0.7,all,16016,0.999965,1.0,1.0,1.0,1.0
contig64|group128|transport|tiles_skipped,all,16016,0.000773,0.000773,0.000773,0.000773,0.000773
contig64|group128|transport|rows_skipped,all,16016,0.000773,0.000773,0.000773,0.000773,0.000773
contig64|group128|transport|rows_skipped_taustar,all,16016,0.000773,0.000773,0.000773,0.000773,0.000773
contig64|group128|transport|log_width|t1.0,all,16016,164.84467,133.535814,163.653047,198.877053,270.915579
contig64|group128|transport|p_unresolved_x|t1.0,all,16016,0.999998,1.0,1.0,1.0,1.0
contig64|group128|transport|p_unresolved_q|t1.0,all,16016,0.999961,1.0,1.0,1.0,1.0
contig64|group128|transport|log_width|t0.7,all,16016,237.526134,192.78456,235.788762,286.25215,389.275463
contig64|group128|transport|p_unresolved_x|t0.7,all,16016,1.0,1.0,1.0,1.0,1.0
contig64|group128|transport|p_unresolved_q|t0.7,all,16016,0.999965,1.0,1.0,1.0,1.0
contig64|group128|transport|log_width_retain64|t1.0,all,16016,136.555071,108.95558,136.774768,164.43509,216.894278
contig64|group128|transport|p_unresolved_x_retain64|t1.0,all,16016,0.808067,0.076238,1.0,1.0,1.0
contig64|group128|transport|rowlevel_rows_skipped,all,16016,0.000773,0.000773,0.000773,0.000773,0.000773
contig64|group128|static|tiles_skipped,all,16016,0.000773,0.000773,0.000773,0.000773,0.000773
contig64|group128|static|rows_skipped,all,16016,0.000773,0.000773,0.000773,0.000773,0.000773
contig64|group128|static|rows_skipped_taustar,all,16016,0.000773,0.000773,0.000773,0.000773,0.000773
contig64|group128|static|log_width|t1.0,all,16016,164.419167,155.446841,166.291154,170.314749,175.535522
contig64|group128|static|p_unresolved_x|t1.0,all,16016,0.999998,1.0,1.0,1.0,1.0
contig64|group128|static|p_unresolved_q|t1.0,all,16016,0.999961,1.0,1.0,1.0,1.0
contig64|group128|static|log_width|t0.7,all,16016,235.354951,222.537635,238.029149,243.777507,251.23586
contig64|group128|static|p_unresolved_x|t0.7,all,16016,1.0,1.0,1.0,1.0,1.0
contig64|group128|static|p_unresolved_q|t0.7,all,16016,0.999965,1.0,1.0,1.0,1.0
contig64|lowrank_w64|transport|tiles_skipped,all,16016,0.000773,0.000773,0.000773,0.000773,0.000773
contig64|lowrank_w64|transport|rows_skipped,all,16016,0.000773,0.000773,0.000773,0.000773,0.000773
contig64|lowrank_w64|transport|rows_skipped_taustar,all,16016,0.000773,0.000773,0.000773,0.000773,0.000773
contig64|lowrank_w64|transport|log_width|t1.0,all,16016,149.555815,122.511604,148.575738,178.471516,231.563656
contig64|lowrank_w64|transport|p_unresolved_x|t1.0,all,16016,0.999998,1.0,1.0,1.0,1.0
contig64|lowrank_w64|transport|p_unresolved_q|t1.0,all,16016,0.999961,1.0,1.0,1.0,1.0
contig64|lowrank_w64|transport|log_width|t0.7,all,16016,215.437771,176.663331,213.994504,256.909728,333.05799
contig64|lowrank_w64|transport|p_unresolved_x|t0.7,all,16016,1.0,1.0,1.0,1.0,1.0
contig64|lowrank_w64|transport|p_unresolved_q|t0.7,all,16016,0.999965,1.0,1.0,1.0,1.0
contig64|lowrank_w64|transport|log_width_retain64|t1.0,all,16016,121.656496,97.627719,121.757191,145.950764,193.239706
contig64|lowrank_w64|transport|p_unresolved_x_retain64|t1.0,all,16016,0.808067,0.076238,1.0,1.0,1.0
contig64|lowrank_w64|transport|rowlevel_rows_skipped,all,16016,0.000773,0.000773,0.000773,0.000773,0.000773
contig64|lowrank_w64|static|tiles_skipped,all,16016,0.000773,0.000773,0.000773,0.000773,0.000773
contig64|lowrank_w64|static|rows_skipped,all,16016,0.000773,0.000773,0.000773,0.000773,0.000773
contig64|lowrank_w64|static|rows_skipped_taustar,all,16016,0.000773,0.000773,0.000773,0.000773,0.000773
contig64|lowrank_w64|static|log_width|t1.0,all,16016,149.938547,141.169627,151.612108,155.6012,166.07295
contig64|lowrank_w64|static|p_unresolved_x|t1.0,all,16016,0.999998,1.0,1.0,1.0,1.0
contig64|lowrank_w64|static|p_unresolved_q|t1.0,all,16016,0.999961,1.0,1.0,1.0,1.0
contig64|lowrank_w64|static|log_width|t0.7,all,16016,214.338374,201.753451,216.727114,222.4816,237.643424
contig64|lowrank_w64|static|p_unresolved_x|t0.7,all,16016,1.0,1.0,1.0,1.0,1.0
contig64|lowrank_w64|static|p_unresolved_q|t0.7,all,16016,0.999965,1.0,1.0,1.0,1.0
contig64|lowrank_d64|transport|tiles_skipped,all,16016,0.000773,0.000773,0.000773,0.000773,0.000773
contig64|lowrank_d64|transport|rows_skipped,all,16016,0.000773,0.000773,0.000773,0.000773,0.000773
contig64|lowrank_d64|transport|rows_skipped_taustar,all,16016,0.000773,0.000773,0.000773,0.000773,0.000773
contig64|lowrank_d64|transport|log_width|t1.0,all,16016,158.399518,129.122221,158.25992,188.508551,259.178097
contig64|lowrank_d64|transport|p_unresolved_x|t1.0,all,16016,0.999998,1.0,1.0,1.0,1.0
contig64|lowrank_d64|transport|p_unresolved_q|t1.0,all,16016,0.999961,1.0,1.0,1.0,1.0
contig64|lowrank_d64|transport|log_width|t0.7,all,16016,228.314509,186.435718,228.122255,271.412609,372.507632
contig64|lowrank_d64|transport|p_unresolved_x|t0.7,all,16016,1.0,1.0,1.0,1.0,1.0
contig64|lowrank_d64|transport|p_unresolved_q|t0.7,all,16016,0.999965,1.0,1.0,1.0,1.0
contig64|lowrank_d64|transport|log_width_retain64|t1.0,all,16016,130.197662,103.140963,130.61929,157.360838,208.068788
contig64|lowrank_d64|transport|p_unresolved_x_retain64|t1.0,all,16016,0.808067,0.076238,1.0,1.0,1.0
contig64|lowrank_d64|transport|rowlevel_rows_skipped,all,16016,0.000773,0.000773,0.000773,0.000773,0.000773
contig64|lowrank_d64|static|tiles_skipped,all,16016,0.000773,0.000773,0.000773,0.000773,0.000773
contig64|lowrank_d64|static|rows_skipped,all,16016,0.000773,0.000773,0.000773,0.000773,0.000773
contig64|lowrank_d64|static|rows_skipped_taustar,all,16016,0.000773,0.000773,0.000773,0.000773,0.000773
contig64|lowrank_d64|static|log_width|t1.0,all,16016,163.829403,150.769207,166.462007,172.384768,183.953746
contig64|lowrank_d64|static|p_unresolved_x|t1.0,all,16016,0.999998,1.0,1.0,1.0,1.0
contig64|lowrank_d64|static|p_unresolved_q|t1.0,all,16016,0.999961,1.0,1.0,1.0,1.0
contig64|lowrank_d64|static|log_width|t0.7,all,16016,234.508378,215.850979,238.265678,246.733794,263.261876
contig64|lowrank_d64|static|p_unresolved_x|t0.7,all,16016,1.0,1.0,1.0,1.0,1.0
contig64|lowrank_d64|static|p_unresolved_q|t0.7,all,16016,0.999965,1.0,1.0,1.0,1.0
contig64|lowrank_d256|transport|tiles_skipped,all,16016,0.000773,0.000773,0.000773,0.000773,0.000773
contig64|lowrank_d256|transport|rows_skipped,all,16016,0.000773,0.000773,0.000773,0.000773,0.000773
contig64|lowrank_d256|transport|rows_skipped_taustar,all,16016,0.000773,0.000773,0.000773,0.000773,0.000773
contig64|lowrank_d256|transport|log_width|t1.0,all,16016,161.918469,132.823048,161.700899,191.731645,261.661064
contig64|lowrank_d256|transport|p_unresolved_x|t1.0,all,16016,0.999998,1.0,1.0,1.0,1.0
contig64|lowrank_d256|transport|p_unresolved_q|t1.0,all,16016,0.999961,1.0,1.0,1.0,1.0
contig64|lowrank_d256|transport|log_width|t0.7,all,16016,233.268787,191.716479,232.935183,275.93333,376.054727
contig64|lowrank_d256|transport|p_unresolved_x|t0.7,all,16016,1.0,1.0,1.0,1.0,1.0
contig64|lowrank_d256|transport|p_unresolved_q|t0.7,all,16016,0.999965,1.0,1.0,1.0,1.0
contig64|lowrank_d256|transport|log_width_retain64|t1.0,all,16016,132.764955,105.847244,133.076182,159.768033,210.557161
contig64|lowrank_d256|transport|p_unresolved_x_retain64|t1.0,all,16016,0.808067,0.076238,1.0,1.0,1.0
contig64|lowrank_d256|transport|rowlevel_rows_skipped,all,16016,0.000773,0.000773,0.000773,0.000773,0.000773
contig64|lowrank_d256|static|tiles_skipped,all,16016,0.000773,0.000773,0.000773,0.000773,0.000773
contig64|lowrank_d256|static|rows_skipped,all,16016,0.000773,0.000773,0.000773,0.000773,0.000773
contig64|lowrank_d256|static|rows_skipped_taustar,all,16016,0.000773,0.000773,0.000773,0.000773,0.000773
contig64|lowrank_d256|static|log_width|t1.0,all,16016,165.416417,151.652199,168.212846,174.54523,185.151802
contig64|lowrank_d256|static|p_unresolved_x|t1.0,all,16016,0.999998,1.0,1.0,1.0,1.0
contig64|lowrank_d256|static|p_unresolved_q|t1.0,all,16016,0.999961,1.0,1.0,1.0,1.0
contig64|lowrank_d256|static|log_width|t0.7,all,16016,236.617116,216.904012,240.614539,249.652452,264.926324
contig64|lowrank_d256|static|p_unresolved_x|t0.7,all,16016,1.0,1.0,1.0,1.0,1.0
contig64|lowrank_d256|static|p_unresolved_q|t0.7,all,16016,0.999965,1.0,1.0,1.0,1.0
contig64|best|transport|tiles_skipped,all,16016,0.000773,0.000773,0.000773,0.000773,0.000773
contig64|best|transport|tiles_skipped,outcome=accepted,9969,0.000773,0.000773,0.000773,0.000773,0.000773
contig64|best|transport|tiles_skipped,outcome=rejected,2298,0.000773,0.000773,0.000773,0.000773,0.000773
contig64|best|transport|tiles_skipped,outcome=unreached,3749,0.000773,0.000773,0.000773,0.000773,0.000773
contig64|best|transport|tiles_skipped,position=1,4004,0.000773,0.000773,0.000773,0.000773,0.000773
contig64|best|transport|tiles_skipped,position=2,4004,0.000773,0.000773,0.000773,0.000773,0.000773
contig64|best|transport|tiles_skipped,position=3,4004,0.000773,0.000773,0.000773,0.000773,0.000773
contig64|best|transport|tiles_skipped,position=4,4004,0.000773,0.000773,0.000773,0.000773,0.000773
contig64|best|transport|tiles_skipped,domain=chat,4688,0.000773,0.000773,0.000773,0.000773,0.000773
contig64|best|transport|tiles_skipped,domain=code,3160,0.000773,0.000773,0.000773,0.000773,0.000773
contig64|best|transport|tiles_skipped,domain=maths,3696,0.000773,0.000773,0.000773,0.000773,0.000773
contig64|best|transport|tiles_skipped,domain=multilingual,4472,0.000773,0.000773,0.000773,0.000773,0.000773
contig64|best|transport|rows_skipped,all,16016,0.000773,0.000773,0.000773,0.000773,0.000773
contig64|best|transport|rows_skipped,outcome=accepted,9969,0.000773,0.000773,0.000773,0.000773,0.000773
contig64|best|transport|rows_skipped,outcome=rejected,2298,0.000773,0.000773,0.000773,0.000773,0.000773
contig64|best|transport|rows_skipped,outcome=unreached,3749,0.000773,0.000773,0.000773,0.000773,0.000773
contig64|best|transport|rows_skipped,position=1,4004,0.000773,0.000773,0.000773,0.000773,0.000773
contig64|best|transport|rows_skipped,position=2,4004,0.000773,0.000773,0.000773,0.000773,0.000773
contig64|best|transport|rows_skipped,position=3,4004,0.000773,0.000773,0.000773,0.000773,0.000773
contig64|best|transport|rows_skipped,position=4,4004,0.000773,0.000773,0.000773,0.000773,0.000773
contig64|best|transport|rows_skipped,domain=chat,4688,0.000773,0.000773,0.000773,0.000773,0.000773
contig64|best|transport|rows_skipped,domain=code,3160,0.000773,0.000773,0.000773,0.000773,0.000773
contig64|best|transport|rows_skipped,domain=maths,3696,0.000773,0.000773,0.000773,0.000773,0.000773
contig64|best|transport|rows_skipped,domain=multilingual,4472,0.000773,0.000773,0.000773,0.000773,0.000773
contig64|best|transport|rows_skipped_taustar,all,16016,0.000773,0.000773,0.000773,0.000773,0.000773
contig64|best|transport|rows_skipped_taustar,outcome=accepted,9969,0.000773,0.000773,0.000773,0.000773,0.000773
contig64|best|transport|rows_skipped_taustar,outcome=rejected,2298,0.000773,0.000773,0.000773,0.000773,0.000773
contig64|best|transport|rows_skipped_taustar,outcome=unreached,3749,0.000773,0.000773,0.000773,0.000773,0.000773
contig64|best|transport|rows_skipped_taustar,position=1,4004,0.000773,0.000773,0.000773,0.000773,0.000773
contig64|best|transport|rows_skipped_taustar,position=2,4004,0.000773,0.000773,0.000773,0.000773,0.000773
contig64|best|transport|rows_skipped_taustar,position=3,4004,0.000773,0.000773,0.000773,0.000773,0.000773
contig64|best|transport|rows_skipped_taustar,position=4,4004,0.000773,0.000773,0.000773,0.000773,0.000773
contig64|best|transport|rows_skipped_taustar,domain=chat,4688,0.000773,0.000773,0.000773,0.000773,0.000773
contig64|best|transport|rows_skipped_taustar,domain=code,3160,0.000773,0.000773,0.000773,0.000773,0.000773
contig64|best|transport|rows_skipped_taustar,domain=maths,3696,0.000773,0.000773,0.000773,0.000773,0.000773
contig64|best|transport|rows_skipped_taustar,domain=multilingual,4472,0.000773,0.000773,0.000773,0.000773,0.000773
contig64|best|transport|log_width|t1.0,all,16016,146.25834,120.077388,145.661252,173.806098,228.398973
contig64|best|transport|log_width|t1.0,outcome=accepted,9969,148.321715,118.950715,148.718964,177.196074,228.398973
contig64|best|transport|log_width|t1.0,outcome=rejected,2298,138.436297,115.285046,137.485989,163.005993,203.908373
contig64|best|transport|log_width|t1.0,outcome=unreached,3749,145.566224,126.367447,144.538506,166.632492,224.525374
contig64|best|transport|log_width|t1.0,position=1,4004,134.317292,106.026644,132.924593,164.599085,207.818149
contig64|best|transport|log_width|t1.0,position=2,4004,145.774437,122.222634,144.331492,172.249699,222.048592
contig64|best|transport|log_width|t1.0,position=3,4004,150.887904,128.213687,149.37969,176.247597,222.374672
contig64|best|transport|log_width|t1.0,position=4,4004,154.053725,131.722672,152.46253,178.308485,228.398973
contig64|best|transport|log_width|t1.0,domain=chat,4688,142.615241,119.118378,142.311797,167.191755,228.398973
contig64|best|transport|log_width|t1.0,domain=code,3160,151.151559,124.831146,151.654086,176.603759,222.972402
contig64|best|transport|log_width|t1.0,domain=maths,3696,152.167006,123.410063,153.313329,179.034041,224.566422
contig64|best|transport|log_width|t1.0,domain=multilingual,4472,141.736389,116.58026,140.516167,168.690032,220.735317
contig64|best|transport|p_unresolved_x|t1.0,all,16016,0.999996,1.0,1.0,1.0,1.0
contig64|best|transport|p_unresolved_x|t1.0,outcome=accepted,9969,1.0,1.0,1.0,1.0,1.0
contig64|best|transport|p_unresolved_x|t1.0,outcome=rejected,2298,0.999974,1.0,1.0,1.0,1.0
contig64|best|transport|p_unresolved_x|t1.0,outcome=unreached,3749,1.0,1.0,1.0,1.0,1.0
contig64|best|transport|p_unresolved_x|t1.0,position=1,4004,1.0,1.0,1.0,1.0,1.0
contig64|best|transport|p_unresolved_x|t1.0,position=2,4004,1.0,1.0,1.0,1.0,1.0
contig64|best|transport|p_unresolved_x|t1.0,position=3,4004,1.0,1.0,1.0,1.0,1.0
contig64|best|transport|p_unresolved_x|t1.0,position=4,4004,0.999985,1.0,1.0,1.0,1.0
contig64|best|transport|p_unresolved_x|t1.0,domain=chat,4688,1.0,1.0,1.0,1.0,1.0
contig64|best|transport|p_unresolved_x|t1.0,domain=code,3160,1.0,1.0,1.0,1.0,1.0
contig64|best|transport|p_unresolved_x|t1.0,domain=maths,3696,1.0,1.0,1.0,1.0,1.0
contig64|best|transport|p_unresolved_x|t1.0,domain=multilingual,4472,0.999986,1.0,1.0,1.0,1.0
contig64|best|transport|p_unresolved_q|t1.0,all,16016,0.99996,1.0,1.0,1.0,1.0
contig64|best|transport|p_unresolved_q|t1.0,outcome=accepted,9969,0.99998,1.0,1.0,1.0,1.0
contig64|best|transport|p_unresolved_q|t1.0,outcome=rejected,2298,0.999866,1.0,1.0,1.0,1.0
contig64|best|transport|p_unresolved_q|t1.0,outcome=unreached,3749,0.999966,1.0,1.0,1.0,1.0
contig64|best|transport|p_unresolved_q|t1.0,position=1,4004,0.999974,1.0,1.0,1.0,1.0
contig64|best|transport|p_unresolved_q|t1.0,position=2,4004,0.999945,1.0,1.0,1.0,1.0
contig64|best|transport|p_unresolved_q|t1.0,position=3,4004,0.999971,1.0,1.0,1.0,1.0
contig64|best|transport|p_unresolved_q|t1.0,position=4,4004,0.999951,1.0,1.0,1.0,1.0
contig64|best|transport|p_unresolved_q|t1.0,domain=chat,4688,0.999999,1.0,1.0,1.0,1.0
contig64|best|transport|p_unresolved_q|t1.0,domain=code,3160,1.0,1.0,1.0,1.0,1.0
contig64|best|transport|p_unresolved_q|t1.0,domain=maths,3696,0.999991,1.0,1.0,1.0,1.0
contig64|best|transport|p_unresolved_q|t1.0,domain=multilingual,4472,0.999867,1.0,1.0,1.0,1.0
contig64|best|transport|log_width|t0.7,all,16016,210.764166,173.330053,209.938401,250.280398,328.537459
contig64|best|transport|log_width|t0.7,outcome=accepted,9969,213.792048,171.781357,214.338869,255.238377,328.537459
contig64|best|transport|log_width|t0.7,outcome=rejected,2298,199.450616,166.143339,197.933986,234.856186,293.199342
contig64|best|transport|log_width|t0.7,outcome=unreached,3749,209.647491,181.980668,208.123764,239.867233,323.003747
contig64|best|transport|log_width|t0.7,position=1,4004,193.760486,153.35584,191.706455,237.190289,299.086489
contig64|best|transport|log_width|t0.7,position=2,4004,210.077136,176.367278,208.137577,248.029078,319.465486
contig64|best|transport|log_width|t0.7,position=3,4004,217.346201,184.808186,215.360131,253.88548,319.931315
contig64|best|transport|log_width|t0.7,position=4,4004,221.872841,189.85024,219.626235,256.673646,328.537459
contig64|best|transport|log_width|t0.7,domain=chat,4688,205.529241,171.99281,205.051256,240.769837,328.537459
contig64|best|transport|log_width|t0.7,domain=code,3160,217.861834,180.254197,218.672868,254.199163,320.785215
contig64|best|transport|log_width|t0.7,domain=maths,3696,219.339766,178.182508,220.938771,257.900933,323.062386
contig64|best|transport|log_width|t0.7,domain=multilingual,4472,204.149068,168.123779,202.268782,242.83299,317.589205
contig64|best|transport|p_unresolved_x|t0.7,all,16016,1.0,1.0,1.0,1.0,1.0
contig64|best|transport|p_unresolved_x|t0.7,outcome=accepted,9969,1.0,1.0,1.0,1.0,1.0
contig64|best|transport|p_unresolved_x|t0.7,outcome=rejected,2298,1.0,1.0,1.0,1.0,1.0
contig64|best|transport|p_unresolved_x|t0.7,outcome=unreached,3749,1.0,1.0,1.0,1.0,1.0
contig64|best|transport|p_unresolved_x|t0.7,position=1,4004,1.0,1.0,1.0,1.0,1.0
contig64|best|transport|p_unresolved_x|t0.7,position=2,4004,1.0,1.0,1.0,1.0,1.0
contig64|best|transport|p_unresolved_x|t0.7,position=3,4004,1.0,1.0,1.0,1.0,1.0
contig64|best|transport|p_unresolved_x|t0.7,position=4,4004,1.0,1.0,1.0,1.0,1.0
contig64|best|transport|p_unresolved_x|t0.7,domain=chat,4688,1.0,1.0,1.0,1.0,1.0
contig64|best|transport|p_unresolved_x|t0.7,domain=code,3160,1.0,1.0,1.0,1.0,1.0
contig64|best|transport|p_unresolved_x|t0.7,domain=maths,3696,1.0,1.0,1.0,1.0,1.0
contig64|best|transport|p_unresolved_x|t0.7,domain=multilingual,4472,1.0,1.0,1.0,1.0,1.0
contig64|best|transport|p_unresolved_q|t0.7,all,16016,0.999965,1.0,1.0,1.0,1.0
contig64|best|transport|p_unresolved_q|t0.7,outcome=accepted,9969,0.999981,1.0,1.0,1.0,1.0
contig64|best|transport|p_unresolved_q|t0.7,outcome=rejected,2298,0.999885,1.0,1.0,1.0,1.0
contig64|best|transport|p_unresolved_q|t0.7,outcome=unreached,3749,0.999972,1.0,1.0,1.0,1.0
contig64|best|transport|p_unresolved_q|t0.7,position=1,4004,0.999976,1.0,1.0,1.0,1.0
contig64|best|transport|p_unresolved_q|t0.7,position=2,4004,0.99995,1.0,1.0,1.0,1.0
contig64|best|transport|p_unresolved_q|t0.7,position=3,4004,0.999982,1.0,1.0,1.0,1.0
contig64|best|transport|p_unresolved_q|t0.7,position=4,4004,0.999953,1.0,1.0,1.0,1.0
contig64|best|transport|p_unresolved_q|t0.7,domain=chat,4688,1.0,1.0,1.0,1.0,1.0
contig64|best|transport|p_unresolved_q|t0.7,domain=code,3160,1.0,1.0,1.0,1.0,1.0
contig64|best|transport|p_unresolved_q|t0.7,domain=maths,3696,1.0,1.0,1.0,1.0,1.0
contig64|best|transport|p_unresolved_q|t0.7,domain=multilingual,4472,0.999875,1.0,1.0,1.0,1.0
contig64|best|transport|log_width_retain64|t1.0,all,16016,119.203952,95.390806,119.3867,143.044397,185.996723
contig64|best|transport|log_width_retain64|t1.0,outcome=accepted,9969,118.368042,92.405632,118.644074,144.253284,185.996723
contig64|best|transport|log_width_retain64|t1.0,outcome=rejected,2298,116.202724,93.992784,115.647146,138.714541,175.857839
contig64|best|transport|log_width_retain64|t1.0,outcome=unreached,3749,123.266372,105.135654,122.634837,142.07985,176.153712
contig64|best|transport|log_width_retain64|t1.0,position=1,4004,106.079157,80.174113,105.226679,133.19754,183.082932
contig64|best|transport|log_width_retain64|t1.0,position=2,4004,118.560896,98.284893,117.461722,140.49396,179.994744
contig64|best|transport|log_width_retain64|t1.0,position=3,4004,124.37919,105.407234,123.240786,144.970363,185.996723
contig64|best|transport|log_width_retain64|t1.0,position=4,4004,127.796567,109.48973,126.764899,147.407211,182.776605
contig64|best|transport|log_width_retain64|t1.0,domain=chat,4688,118.137487,95.593912,118.402391,140.07411,185.996723
contig64|best|transport|log_width_retain64|t1.0,domain=code,3160,120.300384,96.619227,120.539616,143.838655,174.021161
contig64|best|transport|log_width_retain64|t1.0,domain=maths,3696,119.936099,93.209699,121.216095,144.383781,173.662387
contig64|best|transport|log_width_retain64|t1.0,domain=multilingual,4472,118.942067,95.816814,118.485759,143.693134,184.236747
contig64|best|transport|p_unresolved_x_retain64|t1.0,all,16016,0.808067,0.076238,1.0,1.0,1.0
contig64|best|transport|p_unresolved_x_retain64|t1.0,outcome=accepted,9969,0.985031,0.995015,1.0,1.0,1.0
contig64|best|transport|p_unresolved_x_retain64|t1.0,outcome=rejected,2298,0.281532,0.000171,0.164044,0.783229,1.0
contig64|best|transport|p_unresolved_x_retain64|t1.0,outcome=unreached,3749,0.660247,0.011337,0.989227,1.0,1.0
contig64|best|transport|p_unresolved_x_retain64|t1.0,position=1,4004,0.888505,0.476766,1.0,1.0,1.0
contig64|best|transport|p_unresolved_x_retain64|t1.0,position=2,4004,0.817091,0.109338,1.0,1.0,1.0
contig64|best|transport|p_unresolved_x_retain64|t1.0,position=3,4004,0.775809,0.030591,1.0,1.0,1.0
contig64|best|transport|p_unresolved_x_retain64|t1.0,position=4,4004,0.750863,0.015685,1.0,1.0,1.0
contig64|best|transport|p_unresolved_x_retain64|t1.0,domain=chat,4688,0.750138,0.046068,1.0,1.0,1.0
contig64|best|transport|p_unresolved_x_retain64|t1.0,domain=code,3160,0.888234,0.410064,1.0,1.0,1.0
contig64|best|transport|p_unresolved_x_retain64|t1.0,domain=maths,3696,0.885438,0.384977,1.0,1.0,1.0
contig64|best|transport|p_unresolved_x_retain64|t1.0,domain=multilingual,4472,0.748201,0.021961,1.0,1.0,1.0
contig64|best|transport|rowlevel_rows_skipped,all,16016,0.000773,0.000773,0.000773,0.000773,0.000773
contig64|best|transport|rowlevel_rows_skipped,outcome=accepted,9969,0.000773,0.000773,0.000773,0.000773,0.000773
contig64|best|transport|rowlevel_rows_skipped,outcome=rejected,2298,0.000773,0.000773,0.000773,0.000773,0.000773
contig64|best|transport|rowlevel_rows_skipped,outcome=unreached,3749,0.000773,0.000773,0.000773,0.000773,0.000773
contig64|best|transport|rowlevel_rows_skipped,position=1,4004,0.000773,0.000773,0.000773,0.000773,0.000773
contig64|best|transport|rowlevel_rows_skipped,position=2,4004,0.000773,0.000773,0.000773,0.000773,0.000773
contig64|best|transport|rowlevel_rows_skipped,position=3,4004,0.000773,0.000773,0.000773,0.000773,0.000773
contig64|best|transport|rowlevel_rows_skipped,position=4,4004,0.000773,0.000773,0.000773,0.000773,0.000773
contig64|best|transport|rowlevel_rows_skipped,domain=chat,4688,0.000773,0.000773,0.000773,0.000773,0.000773
contig64|best|transport|rowlevel_rows_skipped,domain=code,3160,0.000773,0.000773,0.000773,0.000773,0.000773
contig64|best|transport|rowlevel_rows_skipped,domain=maths,3696,0.000773,0.000773,0.000773,0.000773,0.000773
contig64|best|transport|rowlevel_rows_skipped,domain=multilingual,4472,0.000773,0.000773,0.000773,0.000773,0.000773
contig64|best|static|tiles_skipped,all,16016,0.000773,0.000773,0.000773,0.000773,0.000773
contig64|best|static|tiles_skipped,outcome=accepted,9969,0.000773,0.000773,0.000773,0.000773,0.000773
contig64|best|static|tiles_skipped,outcome=rejected,2298,0.000773,0.000773,0.000773,0.000773,0.000773
contig64|best|static|tiles_skipped,outcome=unreached,3749,0.000773,0.000773,0.000773,0.000773,0.000773
contig64|best|static|tiles_skipped,position=1,4004,0.000773,0.000773,0.000773,0.000773,0.000773
contig64|best|static|tiles_skipped,position=2,4004,0.000773,0.000773,0.000773,0.000773,0.000773
contig64|best|static|tiles_skipped,position=3,4004,0.000773,0.000773,0.000773,0.000773,0.000773
contig64|best|static|tiles_skipped,position=4,4004,0.000773,0.000773,0.000773,0.000773,0.000773
contig64|best|static|tiles_skipped,domain=chat,4688,0.000773,0.000773,0.000773,0.000773,0.000773
contig64|best|static|tiles_skipped,domain=code,3160,0.000773,0.000773,0.000773,0.000773,0.000773
contig64|best|static|tiles_skipped,domain=maths,3696,0.000773,0.000773,0.000773,0.000773,0.000773
contig64|best|static|tiles_skipped,domain=multilingual,4472,0.000773,0.000773,0.000773,0.000773,0.000773
contig64|best|static|rows_skipped,all,16016,0.000773,0.000773,0.000773,0.000773,0.000773
contig64|best|static|rows_skipped,outcome=accepted,9969,0.000773,0.000773,0.000773,0.000773,0.000773
contig64|best|static|rows_skipped,outcome=rejected,2298,0.000773,0.000773,0.000773,0.000773,0.000773
contig64|best|static|rows_skipped,outcome=unreached,3749,0.000773,0.000773,0.000773,0.000773,0.000773
contig64|best|static|rows_skipped,position=1,4004,0.000773,0.000773,0.000773,0.000773,0.000773
contig64|best|static|rows_skipped,position=2,4004,0.000773,0.000773,0.000773,0.000773,0.000773
contig64|best|static|rows_skipped,position=3,4004,0.000773,0.000773,0.000773,0.000773,0.000773
contig64|best|static|rows_skipped,position=4,4004,0.000773,0.000773,0.000773,0.000773,0.000773
contig64|best|static|rows_skipped,domain=chat,4688,0.000773,0.000773,0.000773,0.000773,0.000773
contig64|best|static|rows_skipped,domain=code,3160,0.000773,0.000773,0.000773,0.000773,0.000773
contig64|best|static|rows_skipped,domain=maths,3696,0.000773,0.000773,0.000773,0.000773,0.000773
contig64|best|static|rows_skipped,domain=multilingual,4472,0.000773,0.000773,0.000773,0.000773,0.000773
contig64|best|static|rows_skipped_taustar,all,16016,0.000773,0.000773,0.000773,0.000773,0.000773
contig64|best|static|rows_skipped_taustar,outcome=accepted,9969,0.000773,0.000773,0.000773,0.000773,0.000773
contig64|best|static|rows_skipped_taustar,outcome=rejected,2298,0.000773,0.000773,0.000773,0.000773,0.000773
contig64|best|static|rows_skipped_taustar,outcome=unreached,3749,0.000773,0.000773,0.000773,0.000773,0.000773
contig64|best|static|rows_skipped_taustar,position=1,4004,0.000773,0.000773,0.000773,0.000773,0.000773
contig64|best|static|rows_skipped_taustar,position=2,4004,0.000773,0.000773,0.000773,0.000773,0.000773
contig64|best|static|rows_skipped_taustar,position=3,4004,0.000773,0.000773,0.000773,0.000773,0.000773
contig64|best|static|rows_skipped_taustar,position=4,4004,0.000773,0.000773,0.000773,0.000773,0.000773
contig64|best|static|rows_skipped_taustar,domain=chat,4688,0.000773,0.000773,0.000773,0.000773,0.000773
contig64|best|static|rows_skipped_taustar,domain=code,3160,0.000773,0.000773,0.000773,0.000773,0.000773
contig64|best|static|rows_skipped_taustar,domain=maths,3696,0.000773,0.000773,0.000773,0.000773,0.000773
contig64|best|static|rows_skipped_taustar,domain=multilingual,4472,0.000773,0.000773,0.000773,0.000773,0.000773
contig64|best|static|log_width|t1.0,all,16016,148.227237,138.959037,149.827726,154.615928,162.39243
contig64|best|static|log_width|t1.0,outcome=accepted,9969,147.357822,137.38276,149.122686,154.256898,162.39243
contig64|best|static|log_width|t1.0,outcome=rejected,2298,149.980472,144.20643,151.128127,155.120983,158.491952
contig64|best|static|log_width|t1.0,outcome=unreached,3749,149.464434,142.520317,150.533539,154.776571,160.929904
contig64|best|static|log_width|t1.0,position=1,4004,148.403941,139.263955,149.973956,154.69248,162.39243
contig64|best|static|log_width|t1.0,position=2,4004,148.178922,138.645639,149.783239,154.631576,160.915241
contig64|best|static|log_width|t1.0,position=3,4004,148.265239,139.164756,149.857466,154.595936,160.272578
contig64|best|static|log_width|t1.0,position=4,4004,148.060844,138.829095,149.710867,154.511281,161.159861
contig64|best|static|log_width|t1.0,domain=chat,4688,150.366634,144.151805,151.624977,155.274411,161.159861
contig64|best|static|log_width|t1.0,domain=code,3160,145.456268,134.168821,147.277653,153.486484,162.39243
contig64|best|static|log_width|t1.0,domain=maths,3696,147.184825,137.406879,148.963777,154.148924,159.53398
contig64|best|static|log_width|t1.0,domain=multilingual,4472,148.804051,141.989801,149.752122,154.189845,159.842552
contig64|best|static|p_unresolved_x|t1.0,all,16016,0.999996,1.0,1.0,1.0,1.0
contig64|best|static|p_unresolved_x|t1.0,outcome=accepted,9969,1.0,1.0,1.0,1.0,1.0
contig64|best|static|p_unresolved_x|t1.0,outcome=rejected,2298,0.999974,1.0,1.0,1.0,1.0
contig64|best|static|p_unresolved_x|t1.0,outcome=unreached,3749,1.0,1.0,1.0,1.0,1.0
contig64|best|static|p_unresolved_x|t1.0,position=1,4004,1.0,1.0,1.0,1.0,1.0
contig64|best|static|p_unresolved_x|t1.0,position=2,4004,1.0,1.0,1.0,1.0,1.0
contig64|best|static|p_unresolved_x|t1.0,position=3,4004,1.0,1.0,1.0,1.0,1.0
contig64|best|static|p_unresolved_x|t1.0,position=4,4004,0.999985,1.0,1.0,1.0,1.0
contig64|best|static|p_unresolved_x|t1.0,domain=chat,4688,1.0,1.0,1.0,1.0,1.0
contig64|best|static|p_unresolved_x|t1.0,domain=code,3160,1.0,1.0,1.0,1.0,1.0
contig64|best|static|p_unresolved_x|t1.0,domain=maths,3696,1.0,1.0,1.0,1.0,1.0
contig64|best|static|p_unresolved_x|t1.0,domain=multilingual,4472,0.999987,1.0,1.0,1.0,1.0
contig64|best|static|p_unresolved_q|t1.0,all,16016,0.99996,1.0,1.0,1.0,1.0
contig64|best|static|p_unresolved_q|t1.0,outcome=accepted,9969,0.99998,1.0,1.0,1.0,1.0
contig64|best|static|p_unresolved_q|t1.0,outcome=rejected,2298,0.999866,1.0,1.0,1.0,1.0
contig64|best|static|p_unresolved_q|t1.0,outcome=unreached,3749,0.999966,1.0,1.0,1.0,1.0
contig64|best|static|p_unresolved_q|t1.0,position=1,4004,0.999974,1.0,1.0,1.0,1.0
contig64|best|static|p_unresolved_q|t1.0,position=2,4004,0.999945,1.0,1.0,1.0,1.0
contig64|best|static|p_unresolved_q|t1.0,position=3,4004,0.999971,1.0,1.0,1.0,1.0
contig64|best|static|p_unresolved_q|t1.0,position=4,4004,0.999951,1.0,1.0,1.0,1.0
contig64|best|static|p_unresolved_q|t1.0,domain=chat,4688,0.999999,1.0,1.0,1.0,1.0
contig64|best|static|p_unresolved_q|t1.0,domain=code,3160,1.0,1.0,1.0,1.0,1.0
contig64|best|static|p_unresolved_q|t1.0,domain=maths,3696,0.999991,1.0,1.0,1.0,1.0
contig64|best|static|p_unresolved_q|t1.0,domain=multilingual,4472,0.999867,1.0,1.0,1.0,1.0
contig64|best|static|log_width|t0.7,all,16016,212.137299,198.881144,214.399551,221.323684,232.456547
contig64|best|static|log_width|t0.7,outcome=accepted,9969,210.896352,196.625944,213.378385,220.820717,232.456547
contig64|best|static|log_width|t0.7,outcome=rejected,2298,214.649249,206.453182,216.293847,222.058834,226.874406
contig64|best|static|log_width|t0.7,outcome=unreached,3749,213.89738,203.956607,215.422479,221.567314,230.365677
contig64|best|static|log_width|t0.7,position=1,4004,212.383791,199.250724,214.576245,221.446446,232.456547
contig64|best|static|log_width|t0.7,position=2,4004,212.069195,198.47938,214.362943,221.356631,230.342738
contig64|best|static|log_width|t0.7,position=3,4004,212.193017,199.148521,214.420164,221.296766,229.428116
contig64|best|static|log_width|t0.7,position=4,4004,211.903193,198.712669,214.260225,221.178757,230.698046
contig64|best|static|log_width|t0.7,domain=chat,4688,215.209053,206.322948,217.01293,222.28504,230.698046
contig64|best|static|log_width|t0.7,domain=code,3160,208.188684,192.041425,210.792807,219.723741,232.456547
contig64|best|static|log_width|t0.7,domain=maths,3696,210.663335,196.696201,213.166514,220.670025,228.375658
contig64|best|static|log_width|t0.7,domain=multilingual,4472,212.92554,203.266585,214.259151,220.701271,228.808232
contig64|best|static|p_unresolved_x|t0.7,all,16016,1.0,1.0,1.0,1.0,1.0
contig64|best|static|p_unresolved_x|t0.7,outcome=accepted,9969,1.0,1.0,1.0,1.0,1.0
contig64|best|static|p_unresolved_x|t0.7,outcome=rejected,2298,1.0,1.0,1.0,1.0,1.0
contig64|best|static|p_unresolved_x|t0.7,outcome=unreached,3749,1.0,1.0,1.0,1.0,1.0
contig64|best|static|p_unresolved_x|t0.7,position=1,4004,1.0,1.0,1.0,1.0,1.0
contig64|best|static|p_unresolved_x|t0.7,position=2,4004,1.0,1.0,1.0,1.0,1.0
contig64|best|static|p_unresolved_x|t0.7,position=3,4004,1.0,1.0,1.0,1.0,1.0
contig64|best|static|p_unresolved_x|t0.7,position=4,4004,1.0,1.0,1.0,1.0,1.0
contig64|best|static|p_unresolved_x|t0.7,domain=chat,4688,1.0,1.0,1.0,1.0,1.0
contig64|best|static|p_unresolved_x|t0.7,domain=code,3160,1.0,1.0,1.0,1.0,1.0
contig64|best|static|p_unresolved_x|t0.7,domain=maths,3696,1.0,1.0,1.0,1.0,1.0
contig64|best|static|p_unresolved_x|t0.7,domain=multilingual,4472,1.0,1.0,1.0,1.0,1.0
contig64|best|static|p_unresolved_q|t0.7,all,16016,0.999965,1.0,1.0,1.0,1.0
contig64|best|static|p_unresolved_q|t0.7,outcome=accepted,9969,0.999981,1.0,1.0,1.0,1.0
contig64|best|static|p_unresolved_q|t0.7,outcome=rejected,2298,0.999885,1.0,1.0,1.0,1.0
contig64|best|static|p_unresolved_q|t0.7,outcome=unreached,3749,0.999972,1.0,1.0,1.0,1.0
contig64|best|static|p_unresolved_q|t0.7,position=1,4004,0.999976,1.0,1.0,1.0,1.0
contig64|best|static|p_unresolved_q|t0.7,position=2,4004,0.99995,1.0,1.0,1.0,1.0
contig64|best|static|p_unresolved_q|t0.7,position=3,4004,0.999982,1.0,1.0,1.0,1.0
contig64|best|static|p_unresolved_q|t0.7,position=4,4004,0.999953,1.0,1.0,1.0,1.0
contig64|best|static|p_unresolved_q|t0.7,domain=chat,4688,1.0,1.0,1.0,1.0,1.0
contig64|best|static|p_unresolved_q|t0.7,domain=code,3160,1.0,1.0,1.0,1.0,1.0
contig64|best|static|p_unresolved_q|t0.7,domain=maths,3696,1.0,1.0,1.0,1.0,1.0
contig64|best|static|p_unresolved_q|t0.7,domain=multilingual,4472,0.999875,1.0,1.0,1.0,1.0
contig64|oracle|transport|tiles_skipped,all,16016,0.984776,0.987371,0.999742,0.999742,0.000773
contig64|oracle|transport|tiles_skipped,outcome=accepted,9969,0.999461,0.999227,0.999742,0.999742,0.938918
contig64|oracle|transport|tiles_skipped,outcome=rejected,2298,0.952987,0.888325,0.996134,0.999485,0.000773
contig64|oracle|transport|tiles_skipped,outcome=unreached,3749,0.965214,0.923711,0.998711,0.999742,0.000773
contig64|oracle|transport|tiles_skipped,position=1,4004,0.99503,0.997165,0.999742,0.999742,0.000773
contig64|oracle|transport|tiles_skipped,position=2,4004,0.986283,0.990541,0.999742,0.999742,0.000773
contig64|oracle|transport|tiles_skipped,position=3,4004,0.980596,0.977397,0.999485,0.999742,0.000773
contig64|oracle|transport|tiles_skipped,position=4,4004,0.977195,0.968892,0.999485,0.999742,0.000773
contig64|oracle|transport|tiles_skipped,domain=chat,4688,0.981861,0.96951,0.999485,0.999742,0.001031
contig64|oracle|transport|tiles_skipped,domain=code,3160,0.997465,0.998686,0.999742,0.999742,0.000773
contig64|oracle|transport|tiles_skipped,domain=maths,3696,0.997933,0.998711,0.999742,0.999742,0.686082
contig64|oracle|transport|tiles_skipped,domain=multilingual,4472,0.967992,0.953376,0.999485,0.999742,0.000773
contig64|oracle|transport|rows_skipped,all,16016,0.984776,0.987371,0.999742,0.999742,0.000773
contig64|oracle|transport|rows_skipped,outcome=accepted,9969,0.999461,0.999227,0.999742,0.999742,0.938918
contig64|oracle|transport|rows_skipped,outcome=rejected,2298,0.952987,0.888325,0.996134,0.999485,0.000773
contig64|oracle|transport|rows_skipped,outcome=unreached,3749,0.965214,0.923711,0.998711,0.999742,0.000773
contig64|oracle|transport|rows_skipped,position=1,4004,0.99503,0.997165,0.999742,0.999742,0.000773
contig64|oracle|transport|rows_skipped,position=2,4004,0.986283,0.990541,0.999742,0.999742,0.000773
contig64|oracle|transport|rows_skipped,position=3,4004,0.980596,0.977397,0.999485,0.999742,0.000773
contig64|oracle|transport|rows_skipped,position=4,4004,0.977195,0.968892,0.999485,0.999742,0.000773
contig64|oracle|transport|rows_skipped,domain=chat,4688,0.981861,0.96951,0.999485,0.999742,0.001031
contig64|oracle|transport|rows_skipped,domain=code,3160,0.997465,0.998686,0.999742,0.999742,0.000773
contig64|oracle|transport|rows_skipped,domain=maths,3696,0.997933,0.998711,0.999742,0.999742,0.686082
contig64|oracle|transport|rows_skipped,domain=multilingual,4472,0.967992,0.953376,0.999485,0.999742,0.000773
contig64|oracle|transport|rows_skipped_taustar,all,16016,0.998451,0.997165,0.999742,0.999742,0.851804
contig64|oracle|transport|rows_skipped_taustar,outcome=accepted,9969,0.999461,0.999227,0.999742,0.999742,0.938918
contig64|oracle|transport|rows_skipped_taustar,outcome=rejected,2298,0.997253,0.994072,0.999227,0.999742,0.853093
contig64|oracle|transport|rows_skipped_taustar,outcome=unreached,3749,0.996499,0.991237,0.999227,0.999742,0.851804
contig64|oracle|transport|rows_skipped_taustar,position=1,4004,0.999063,0.998196,0.999742,0.999742,0.932216
contig64|oracle|transport|rows_skipped_taustar,position=2,4004,0.998658,0.99768,0.999742,0.999742,0.851804
contig64|oracle|transport|rows_skipped_taustar,position=3,4004,0.998227,0.996649,0.999742,0.999742,0.907216
contig64|oracle|transport|rows_skipped_taustar,position=4,4004,0.997855,0.995876,0.999742,0.999742,0.853093
contig64|oracle|transport|rows_skipped_taustar,domain=chat,4688,0.997465,0.994588,0.999485,0.999742,0.851804
contig64|oracle|transport|rows_skipped_taustar,domain=code,3160,0.999476,0.999227,0.999742,0.999742,0.953351
contig64|oracle|transport|rows_skipped_taustar,domain=maths,3696,0.99952,0.999227,0.999742,0.999742,0.943557
contig64|oracle|transport|rows_skipped_taustar,domain=multilingual,4472,0.997876,0.995103,0.999485,0.999742,0.853093
contig64|oracle|transport|log_width|t1.0,all,16016,12.289631,8.416541,11.62272,17.029558,36.830846
contig64|oracle|transport|log_width|t1.0,outcome=accepted,9969,12.657971,8.196306,12.11345,17.742137,36.830846
contig64|oracle|transport|log_width|t1.0,outcome=rejected,2298,11.405921,8.202145,10.767306,15.29212,35.067257
contig64|oracle|transport|log_width|t1.0,outcome=unreached,3749,11.851859,9.006911,11.295499,15.517612,32.412995
contig64|oracle|transport|log_width|t1.0,position=1,4004,10.789276,7.176936,10.143056,15.086479,30.066997
contig64|oracle|transport|log_width|t1.0,position=2,4004,12.222968,8.628878,11.513921,16.83501,32.425768
contig64|oracle|transport|log_width|t1.0,position=3,4004,12.876007,9.191354,12.080431,17.555777,36.830846
contig64|oracle|transport|log_width|t1.0,position=4,4004,13.270274,9.547479,12.492772,18.045547,35.067257
contig64|oracle|transport|log_width|t1.0,domain=chat,4688,11.664576,8.316864,11.105901,15.759394,35.067257
contig64|oracle|transport|log_width|t1.0,domain=code,3160,13.021021,8.876879,12.50894,17.788049,33.796827
contig64|oracle|transport|log_width|t1.0,domain=maths,3696,13.418503,8.866933,12.881753,18.651224,36.192735
contig64|oracle|transport|log_width|t1.0,domain=multilingual,4472,11.495078,8.073606,10.826609,15.699917,36.830846
contig64|oracle|transport|p_unresolved_x|t1.0,all,16016,0.775952,0.006917,0.964105,0.99987,1.0
contig64|oracle|transport|p_unresolved_x|t1.0,outcome=accepted,9969,0.717204,0.0,0.931379,0.99977,1.0
contig64|oracle|transport|p_unresolved_x|t1.0,outcome=rejected,2298,0.927159,0.794646,0.99324,0.999961,1.0
contig64|oracle|transport|p_unresolved_x|t1.0,outcome=unreached,3749,0.839484,0.26787,0.983774,0.999892,1.0
contig64|oracle|transport|p_unresolved_x|t1.0,position=1,4004,0.82484,0.267629,0.965945,0.999765,1.0
contig64|oracle|transport|p_unresolved_x|t1.0,position=2,4004,0.761799,0.002177,0.957937,0.999841,1.0
contig64|oracle|transport|p_unresolved_x|t1.0,position=3,4004,0.760081,0.00207,0.961447,0.999894,1.0
contig64|oracle|transport|p_unresolved_x|t1.0,position=4,4004,0.757087,0.0,0.970377,0.999929,1.0
contig64|oracle|transport|p_unresolved_x|t1.0,domain=chat,4688,0.81093,0.154093,0.970098,0.99981,1.0
contig64|oracle|transport|p_unresolved_x|t1.0,domain=code,3160,0.774042,0.005411,0.968196,0.999941,1.0
contig64|oracle|transport|p_unresolved_x|t1.0,domain=maths,3696,0.690709,0.0,0.924931,0.999886,1.0
contig64|oracle|transport|p_unresolved_x|t1.0,domain=multilingual,4472,0.811084,0.14397,0.972885,0.999848,1.0
contig64|oracle|transport|p_unresolved_q|t1.0,all,16016,0.791646,0.212368,0.935305,0.999045,1.0
contig64|oracle|transport|p_unresolved_q|t1.0,outcome=accepted,9969,0.748387,0.082028,0.931868,0.999682,1.0
contig64|oracle|transport|p_unresolved_q|t1.0,outcome=rejected,2298,0.876255,0.683567,0.927232,0.987698,0.999999
contig64|oracle|transport|p_unresolved_q|t1.0,outcome=unreached,3749,0.854815,0.593841,0.945298,0.995618,1.0
contig64|oracle|transport|p_unresolved_q|t1.0,position=1,4004,0.83209,0.393364,0.953876,0.999593,1.0
contig64|oracle|transport|p_unresolved_q|t1.0,position=2,4004,0.780875,0.181164,0.927694,0.999122,1.0
contig64|oracle|transport|p_unresolved_q|t1.0,position=3,4004,0.777321,0.196491,0.923097,0.99834,1.0
contig64|oracle|transport|p_unresolved_q|t1.0,position=4,4004,0.776299,0.146719,0.931605,0.998499,1.0
contig64|oracle|transport|p_unresolved_q|t1.0,domain=chat,4688,0.824292,0.420351,0.93859,0.996205,1.0
contig64|oracle|transport|p_unresolved_q|t1.0,domain=code,3160,0.783171,0.140719,0.951336,0.999827,1.0
contig64|oracle|transport|p_unresolved_q|t1.0,domain=maths,3696,0.706738,0.037446,0.893385,0.999449,1.0
contig64|oracle|transport|p_unresolved_q|t1.0,domain=multilingual,4472,0.833588,0.460448,0.941087,0.997601,1.0
contig64|oracle|transport|log_width|t0.7,all,16016,17.61916,11.89201,16.67958,24.551256,53.183365
contig64|oracle|transport|log_width|t0.7,outcome=accepted,9969,18.12793,11.592959,17.355676,25.520889,53.183365
contig64|oracle|transport|log_width|t0.7,outcome=rejected,2298,16.384499,11.649535,15.435779,22.27768,50.096779
contig64|oracle|transport|log_width|t0.7,outcome=unreached,3749,17.023086,12.718367,16.291078,22.488823,46.315609
contig64|oracle|transport|log_width|t0.7,position=1,4004,15.429854,10.14773,14.558701,21.684385,42.952884
contig64|oracle|transport|log_width|t0.7,position=2,4004,17.51611,12.257905,16.551389,24.232507,46.32254
contig64|oracle|transport|log_width|t0.7,position=3,4004,18.479983,13.01953,17.378678,25.367749,53.183365
contig64|oracle|transport|log_width|t0.7,position=4,4004,19.050693,13.528867,17.99321,26.08196,50.096779
contig64|oracle|transport|log_width|t0.7,domain=chat,4688,16.726666,11.723864,15.881593,22.787506,50.096779
contig64|oracle|transport|log_width|t0.7,domain=code,3160,18.632173,12.581197,17.889766,25.52104,48.281182
contig64|oracle|transport|log_width|t0.7,domain=maths,3696,19.213192,12.618582,18.432653,26.802325,51.704029
contig64|oracle|transport|log_width|t0.7,domain=multilingual,4472,16.521518,11.411102,15.596785,22.698836,53.183365
contig64|oracle|transport|p_unresolved_x|t0.7,all,16016,0.802005,0.001558,0.991281,0.999998,1.0
contig64|oracle|transport|p_unresolved_x|t0.7,outcome=accepted,9969,0.747004,0.0,0.977806,0.999994,1.0
contig64|oracle|transport|p_unresolved_x|t0.7,outcome=rejected,2298,0.943898,0.882361,0.999284,1.0,1.0
contig64|oracle|transport|p_unresolved_x|t0.7,outcome=unreached,3749,0.861283,0.268185,0.99726,0.999998,1.0
contig64|oracle|transport|p_unresolved_x|t0.7,position=1,4004,0.854906,0.291247,0.991993,0.999994,1.0
contig64|oracle|transport|p_unresolved_x|t0.7,position=2,4004,0.78942,0.000234,0.989111,0.999996,1.0
contig64|oracle|transport|p_unresolved_x|t0.7,position=3,4004,0.784713,0.000241,0.990282,0.999998,1.0
contig64|oracle|transport|p_unresolved_x|t0.7,position=4,4004,0.778982,0.0,0.993281,0.999999,1.0
contig64|oracle|transport|p_unresolved_x|t0.7,domain=chat,4688,0.837042,0.118637,0.993326,0.999996,1.0
contig64|oracle|transport|p_unresolved_x|t0.7,domain=code,3160,0.801499,0.001507,0.99302,0.999999,1.0
contig64|oracle|transport|p_unresolved_x|t0.7,domain=maths,3696,0.719196,0.0,0.975059,0.999998,1.0
contig64|oracle|transport|p_unresolved_x|t0.7,domain=multilingual,4472,0.834074,0.100851,0.994166,0.999997,1.0
contig64|oracle|transport|p_unresolved_q|t0.7,all,16016,0.805751,0.114757,0.973313,0.999954,1.0
contig64|oracle|transport|p_unresolved_q|t0.7,outcome=accepted,9969,0.762704,0.0207,0.975666,0.999991,1.0
contig64|oracle|transport|p_unresolved_q|t0.7,outcome=rejected,2298,0.898141,0.691297,0.963167,0.998152,1.0
contig64|oracle|transport|p_unresolved_q|t0.7,outcome=unreached,3749,0.863587,0.531338,0.975201,0.99963,1.0
contig64|oracle|transport|p_unresolved_q|t0.7,position=1,4004,0.856629,0.383477,0.986278,0.999987,1.0
contig64|oracle|transport|p_unresolved_q|t0.7,position=2,4004,0.794811,0.084922,0.96803,0.999958,1.0
contig64|oracle|transport|p_unresolved_q|t0.7,position=3,4004,0.787424,0.087862,0.963018,0.999896,1.0
contig64|oracle|transport|p_unresolved_q|t0.7,position=4,4004,0.78414,0.050642,0.967839,0.999912,1.0
contig64|oracle|transport|p_unresolved_q|t0.7,domain=chat,4688,0.838069,0.351366,0.973267,0.99969,1.0
contig64|oracle|transport|p_unresolved_q|t0.7,domain=code,3160,0.802527,0.049742,0.985692,0.999996,1.0
contig64|oracle|transport|p_unresolved_q|t0.7,domain=maths,3696,0.724623,0.005956,0.954946,0.999979,1.0
contig64|oracle|transport|p_unresolved_q|t0.7,domain=multilingual,4472,0.841201,0.354683,0.975321,0.999844,1.0
contig64|oracle|transport|log_width_retain64|t1.0,all,16016,0.553999,3e-05,0.012202,2.11382,12.476526
contig64|oracle|transport|log_width_retain64|t1.0,outcome=accepted,9969,0.154028,1.2e-05,0.00155,0.31735,6.179776
contig64|oracle|transport|log_width_retain64|t1.0,outcome=rejected,2298,1.064035,0.001642,0.311584,3.285518,10.79803
contig64|oracle|transport|log_width_retain64|t1.0,outcome=unreached,3749,1.304932,0.001766,0.45989,3.918189,12.476526
contig64|oracle|transport|log_width_retain64|t1.0,position=1,4004,0.31049,1.1e-05,0.003806,1.093224,6.470119
contig64|oracle|transport|log_width_retain64|t1.0,position=2,4004,0.478547,2.9e-05,0.010237,1.777633,12.476526
contig64|oracle|transport|log_width_retain64|t1.0,position=3,4004,0.647621,5.3e-05,0.01995,2.460444,11.600024
contig64|oracle|transport|log_width_retain64|t1.0,position=4,4004,0.779338,5.5e-05,0.03312,2.941163,10.48896
contig64|oracle|transport|log_width_retain64|t1.0,domain=chat,4688,0.854221,0.000285,0.10503,2.986947,12.476526
contig64|oracle|transport|log_width_retain64|t1.0,domain=code,3160,0.108962,1.6e-05,0.001143,0.156045,9.301263
contig64|oracle|transport|log_width_retain64|t1.0,domain=maths,3696,0.077026,5e-06,0.000462,0.073852,9.422872
contig64|oracle|transport|log_width_retain64|t1.0,domain=multilingual,4472,0.947955,0.000339,0.185203,3.076642,10.598616
contig64|oracle|transport|p_unresolved_x_retain64|t1.0,all,16016,0.098125,0.0,0.00018,0.392612,0.999962
contig64|oracle|transport|p_unresolved_x_retain64|t1.0,outcome=accepted,9969,0.056755,0.0,0.0,0.14781,0.995736
contig64|oracle|transport|p_unresolved_x_retain64|t1.0,outcome=rejected,2298,0.118817,4e-06,0.013943,0.405913,0.999962
contig64|oracle|transport|p_unresolved_x_retain64|t1.0,outcome=unreached,3749,0.195447,0.0,0.028496,0.724554,0.999756
contig64|oracle|transport|p_unresolved_x_retain64|t1.0,position=1,4004,0.080224,0.0,0.000141,0.289733,0.995651
contig64|oracle|transport|p_unresolved_x_retain64|t1.0,position=2,4004,0.086959,0.0,8.4e-05,0.33008,0.999717
contig64|oracle|transport|p_unresolved_x_retain64|t1.0,position=3,4004,0.104293,0.0,0.0002,0.431683,0.999962
contig64|oracle|transport|p_unresolved_x_retain64|t1.0,position=4,4004,0.121023,0.0,0.000505,0.487759,0.999761
contig64|oracle|transport|p_unresolved_x_retain64|t1.0,domain=chat,4688,0.150095,0.0,0.007752,0.596952,0.999756
contig64|oracle|transport|p_unresolved_x_retain64|t1.0,domain=code,3160,0.026446,0.0,0.0,0.036734,0.997097
contig64|oracle|transport|p_unresolved_x_retain64|t1.0,domain=maths,3696,0.018298,0.0,0.0,0.015822,0.999385
contig64|oracle|transport|p_unresolved_x_retain64|t1.0,domain=multilingual,4472,0.160268,0.0,0.011268,0.630536,0.999962
contig64|oracle|transport|rowlevel_rows_skipped,all,16016,0.998403,0.999746,0.999992,0.999996,0.015255
contig64|oracle|transport|rowlevel_rows_skipped,outcome=accepted,9969,0.99999,0.999984,0.999996,0.999996,0.998582
contig64|oracle|transport|rowlevel_rows_skipped,outcome=rejected,2298,0.994633,0.996938,0.999923,0.999988,0.067969
contig64|oracle|transport|rowlevel_rows_skipped,outcome=unreached,3749,0.996493,0.998127,0.999976,0.999996,0.015255
contig64|oracle|transport|rowlevel_rows_skipped,position=1,4004,0.999626,0.999948,0.999996,0.999996,0.504853
contig64|oracle|transport|rowlevel_rows_skipped,position=2,4004,0.998449,0.999827,0.999992,0.999996,0.015255
contig64|oracle|transport|rowlevel_rows_skipped,position=3,4004,0.998045,0.999521,0.999992,0.999996,0.276474
contig64|oracle|transport|rowlevel_rows_skipped,position=4,4004,0.997492,0.999323,0.999992,0.999996,0.067969
contig64|oracle|transport|rowlevel_rows_skipped,domain=chat,4688,0.998806,0.999363,0.999988,0.999996,0.421766
contig64|oracle|transport|rowlevel_rows_skipped,domain=code,3160,0.999766,0.999964,0.999996,0.999996,0.530731
contig64|oracle|transport|rowlevel_rows_skipped,domain=maths,3696,0.999928,0.999972,0.999996,0.999996,0.973542
contig64|oracle|transport|rowlevel_rows_skipped,domain=multilingual,4472,0.995756,0.998969,0.999988,0.999996,0.015255
contig64|oracle|static|tiles_skipped,all,16016,0.997993,0.998969,0.999742,0.999742,0.000773
contig64|oracle|static|tiles_skipped,outcome=accepted,9969,0.999742,0.999742,0.999742,0.999742,0.999485
contig64|oracle|static|tiles_skipped,outcome=rejected,2298,0.99359,0.995619,0.999227,0.999485,0.002835
contig64|oracle|static|tiles_skipped,outcome=unreached,3749,0.996043,0.997165,0.999742,0.999742,0.000773
contig64|oracle|static|tiles_skipped,position=1,4004,0.999324,0.999485,0.999742,0.999742,0.456701
contig64|oracle|static|tiles_skipped,position=2,4004,0.997932,0.998969,0.999742,0.999742,0.000773
contig64|oracle|static|tiles_skipped,position=3,4004,0.997654,0.998454,0.999742,0.999742,0.098196
contig64|oracle|static|tiles_skipped,position=4,4004,0.997063,0.998454,0.999742,0.999742,0.002835
contig64|oracle|static|tiles_skipped,domain=chat,4688,0.99825,0.998454,0.999742,0.999742,0.332216
contig64|oracle|static|tiles_skipped,domain=code,3160,0.999426,0.999485,0.999742,0.999742,0.427835
contig64|oracle|static|tiles_skipped,domain=maths,3696,0.999594,0.999485,0.999742,0.999742,0.953351
contig64|oracle|static|tiles_skipped,domain=multilingual,4472,0.995388,0.997938,0.999742,0.999742,0.000773
contig64|oracle|static|rows_skipped,all,16016,0.997993,0.998969,0.999742,0.999742,0.000773
contig64|oracle|static|rows_skipped,outcome=accepted,9969,0.999742,0.999742,0.999742,0.999742,0.999485
contig64|oracle|static|rows_skipped,outcome=rejected,2298,0.99359,0.995619,0.999227,0.999485,0.002835
contig64|oracle|static|rows_skipped,outcome=unreached,3749,0.996043,0.997165,0.999742,0.999742,0.000773
contig64|oracle|static|rows_skipped,position=1,4004,0.999324,0.999485,0.999742,0.999742,0.456701
contig64|oracle|static|rows_skipped,position=2,4004,0.997932,0.998969,0.999742,0.999742,0.000773
contig64|oracle|static|rows_skipped,position=3,4004,0.997654,0.998454,0.999742,0.999742,0.098196
contig64|oracle|static|rows_skipped,position=4,4004,0.997063,0.998454,0.999742,0.999742,0.002835
contig64|oracle|static|rows_skipped,domain=chat,4688,0.99825,0.998454,0.999742,0.999742,0.332216
contig64|oracle|static|rows_skipped,domain=code,3160,0.999426,0.999485,0.999742,0.999742,0.427835
contig64|oracle|static|rows_skipped,domain=maths,3696,0.999594,0.999485,0.999742,0.999742,0.953351
contig64|oracle|static|rows_skipped,domain=multilingual,4472,0.995388,0.997938,0.999742,0.999742,0.000773
contig64|oracle|static|rows_skipped_taustar,all,16016,0.999742,0.999742,0.999742,0.999742,0.999485
contig64|oracle|static|rows_skipped_taustar,outcome=accepted,9969,0.999742,0.999742,0.999742,0.999742,0.999742
contig64|oracle|static|rows_skipped_taustar,outcome=rejected,2298,0.999742,0.999742,0.999742,0.999742,0.999485
contig64|oracle|static|rows_skipped_taustar,outcome=unreached,3749,0.999742,0.999742,0.999742,0.999742,0.999485
contig64|oracle|static|rows_skipped_taustar,position=1,4004,0.999742,0.999742,0.999742,0.999742,0.999485
contig64|oracle|static|rows_skipped_taustar,position=2,4004,0.999742,0.999742,0.999742,0.999742,0.999485
contig64|oracle|static|rows_skipped_taustar,position=3,4004,0.999742,0.999742,0.999742,0.999742,0.999485
contig64|oracle|static|rows_skipped_taustar,position=4,4004,0.999742,0.999742,0.999742,0.999742,0.999485
contig64|oracle|static|rows_skipped_taustar,domain=chat,4688,0.999742,0.999742,0.999742,0.999742,0.999485
contig64|oracle|static|rows_skipped_taustar,domain=code,3160,0.999742,0.999742,0.999742,0.999742,0.999742
contig64|oracle|static|rows_skipped_taustar,domain=maths,3696,0.999742,0.999742,0.999742,0.999742,0.999485
contig64|oracle|static|rows_skipped_taustar,domain=multilingual,4472,0.999742,0.999742,0.999742,0.999742,0.999485
contig64|oracle|static|log_width|t1.0,all,16016,24.268501,17.252571,24.265197,31.134708,41.575722
contig64|oracle|static|log_width|t1.0,outcome=accepted,9969,26.292512,19.83062,26.586948,32.021694,41.575722
contig64|oracle|static|log_width|t1.0,outcome=rejected,2298,21.027054,15.789413,20.623304,26.80172,39.171809
contig64|oracle|static|log_width|t1.0,outcome=unreached,3749,20.873324,15.525917,20.295162,27.204747,36.60837
contig64|oracle|static|log_width|t1.0,position=1,4004,24.556234,17.809567,24.62645,31.212076,39.160565
contig64|oracle|static|log_width|t1.0,position=2,4004,24.389732,17.592116,24.331805,31.126784,41.575722
contig64|oracle|static|log_width|t1.0,position=3,4004,24.151222,17.169961,24.121431,31.08574,40.430737
contig64|oracle|static|log_width|t1.0,position=4,4004,23.976816,16.680783,23.942547,31.133404,40.648275
contig64|oracle|static|log_width|t1.0,domain=chat,4688,22.645608,17.319921,22.079805,28.753246,40.648275
contig64|oracle|static|log_width|t1.0,domain=code,3160,26.783023,21.468561,26.903396,31.843703,40.080569
contig64|oracle|static|log_width|t1.0,domain=maths,3696,28.119229,22.849354,28.345971,33.09802,41.575722
contig64|oracle|static|log_width|t1.0,domain=multilingual,4472,21.010439,15.248307,20.22545,28.054274,40.326823
contig64|oracle|static|p_unresolved_x|t1.0,all,16016,0.984342,0.977302,0.984365,0.998938,1.0
contig64|oracle|static|p_unresolved_x|t1.0,outcome=accepted,9969,0.982084,0.977282,0.984309,0.984421,0.995651
contig64|oracle|static|p_unresolved_x|t1.0,outcome=rejected,2298,0.992811,0.987397,0.997577,0.999997,1.0
contig64|oracle|static|p_unresolved_x|t1.0,outcome=unreached,3749,0.985154,0.972629,0.984685,0.999859,1.0
contig64|oracle|static|p_unresolved_x|t1.0,position=1,4004,0.984579,0.979954,0.984371,0.99251,1.0
contig64|oracle|static|p_unresolved_x|t1.0,position=2,4004,0.983616,0.976482,0.984359,0.9984,1.0
contig64|oracle|static|p_unresolved_x|t1.0,position=3,4004,0.984406,0.976695,0.984358,0.999575,1.0
contig64|oracle|static|p_unresolved_x|t1.0,position=4,4004,0.984766,0.975979,0.984362,0.999804,1.0
contig64|oracle|static|p_unresolved_x|t1.0,domain=chat,4688,0.984911,0.974053,0.984369,0.999399,1.0
contig64|oracle|static|p_unresolved_x|t1.0,domain=code,3160,0.984747,0.980602,0.984367,0.993497,1.0
contig64|oracle|static|p_unresolved_x|t1.0,domain=maths,3696,0.98463,0.980081,0.984353,0.99391,1.0
contig64|oracle|static|p_unresolved_x|t1.0,domain=multilingual,4472,0.98322,0.975086,0.984369,0.999675,1.0
contig64|oracle|static|p_unresolved_q|t1.0,all,16016,0.984084,0.984114,0.984375,0.984463,0.999824
contig64|oracle|static|p_unresolved_q|t1.0,outcome=accepted,9969,0.984216,0.984323,0.984375,0.984375,0.990593
contig64|oracle|static|p_unresolved_q|t1.0,outcome=rejected,2298,0.983351,0.983034,0.984373,0.987146,0.999824
contig64|oracle|static|p_unresolved_q|t1.0,outcome=unreached,3749,0.984183,0.983612,0.984374,0.986817,0.999779
contig64|oracle|static|p_unresolved_q|t1.0,position=1,4004,0.984166,0.984152,0.984375,0.984375,0.997687
contig64|oracle|static|p_unresolved_q|t1.0,position=2,4004,0.983969,0.984075,0.984375,0.984392,0.999511
contig64|oracle|static|p_unresolved_q|t1.0,position=3,4004,0.983798,0.984078,0.984375,0.984693,0.999603
contig64|oracle|static|p_unresolved_q|t1.0,position=4,4004,0.984404,0.984128,0.984375,0.985349,0.999824
contig64|oracle|static|p_unresolved_q|t1.0,domain=chat,4688,0.984367,0.98378,0.984375,0.984916,0.999638
contig64|oracle|static|p_unresolved_q|t1.0,domain=code,3160,0.984294,0.984312,0.984375,0.984375,0.999824
contig64|oracle|static|p_unresolved_q|t1.0,domain=maths,3696,0.984337,0.984365,0.984375,0.984375,0.999511
contig64|oracle|static|p_unresolved_q|t1.0,domain=multilingual,4472,0.983432,0.983973,0.984375,0.985212,0.999603
contig64|oracle|static|log_width|t0.7,all,16016,37.612127,27.175058,37.757474,47.588972,62.326972
contig64|oracle|static|log_width|t0.7,outcome=accepted,9969,40.613549,31.205336,41.108924,48.838173,62.326972
contig64|oracle|static|log_width|t0.7,outcome=rejected,2298,32.751799,24.964644,32.258641,41.275432,58.66233
contig64|oracle|static|log_width|t0.7,outcome=unreached,3749,32.61022,24.492362,31.875084,41.918148,54.796847
contig64|oracle|static|log_width|t0.7,position=1,4004,38.037891,28.078034,38.305267,47.62802,58.568935
contig64|oracle|static|log_width|t0.7,position=2,4004,37.796191,27.668316,37.836262,47.621388,62.326972
contig64|oracle|static|log_width|t0.7,position=3,4004,37.438099,27.033565,37.514068,47.501002,60.818738
contig64|oracle|static|log_width|t0.7,position=4,4004,37.176326,26.290347,37.31134,47.595274,59.849207
contig64|oracle|static|log_width|t0.7,domain=chat,4688,35.195295,27.093317,34.506509,44.171726,59.849207
contig64|oracle|static|log_width|t0.7,domain=code,3160,41.329251,33.647404,41.490814,48.548831,58.757412
contig64|oracle|static|log_width|t0.7,domain=maths,3696,43.257736,35.561281,43.585729,50.403103,62.326972
contig64|oracle|static|log_width|t0.7,domain=multilingual,4472,32.853142,24.213285,31.817822,43.20106,59.430083
contig64|oracle|static|p_unresolved_x|t0.7,all,16016,0.986412,0.981296,0.984375,0.999793,1.0
contig64|oracle|static|p_unresolved_x|t0.7,outcome=accepted,9969,0.983314,0.980897,0.984372,0.984443,0.995446
contig64|oracle|static|p_unresolved_x|t0.7,outcome=rejected,2298,0.996426,0.99133,0.999276,1.0,1.0
contig64|oracle|static|p_unresolved_x|t0.7,outcome=unreached,3749,0.988511,0.978989,0.985637,0.999989,1.0
contig64|oracle|static|p_unresolved_x|t0.7,position=1,4004,0.985523,0.982296,0.984375,0.994805,1.0
contig64|oracle|static|p_unresolved_x|t0.7,position=2,4004,0.98589,0.980744,0.984375,0.999631,1.0
contig64|oracle|static|p_unresolved_x|t0.7,position=3,4004,0.987119,0.981192,0.984375,0.999951,1.0
contig64|oracle|static|p_unresolved_x|t0.7,position=4,4004,0.987116,0.980622,0.984375,0.999981,1.0
contig64|oracle|static|p_unresolved_x|t0.7,domain=chat,4688,0.987291,0.979317,0.984375,0.999922,1.0
contig64|oracle|static|p_unresolved_x|t0.7,domain=code,3160,0.985528,0.982799,0.984375,0.995967,1.0
contig64|oracle|static|p_unresolved_x|t0.7,domain=maths,3696,0.985441,0.982355,0.984374,0.996307,1.0
contig64|oracle|static|p_unresolved_x|t0.7,domain=multilingual,4472,0.986917,0.980734,0.984375,0.999969,1.0
contig64|oracle|static|p_unresolved_q|t0.7,all,16016,0.984852,0.984368,0.984375,0.985699,0.999997
contig64|oracle|static|p_unresolved_q|t0.7,outcome=accepted,9969,0.984348,0.984374,0.984375,0.984375,0.992001
contig64|oracle|static|p_unresolved_q|t0.7,outcome=rejected,2298,0.985713,0.984275,0.984375,0.993709,0.999995
contig64|oracle|static|p_unresolved_q|t0.7,outcome=unreached,3749,0.985666,0.984336,0.984375,0.991046,0.999997
contig64|oracle|static|p_unresolved_q|t0.7,position=1,4004,0.984467,0.984367,0.984375,0.984406,0.999716
contig64|oracle|static|p_unresolved_q|t0.7,position=2,4004,0.984626,0.984368,0.984375,0.985075,0.999976
contig64|oracle|static|p_unresolved_q|t0.7,position=3,4004,0.985095,0.984369,0.984375,0.986851,0.999997
contig64|oracle|static|p_unresolved_q|t0.7,position=4,4004,0.98522,0.984371,0.984375,0.98854,0.999995
contig64|oracle|static|p_unresolved_q|t0.7,domain=chat,4688,0.985133,0.98433,0.984375,0.98736,0.999997
contig64|oracle|static|p_unresolved_q|t0.7,domain=code,3160,0.984561,0.984373,0.984375,0.984375,0.999995
contig64|oracle|static|p_unresolved_q|t0.7,domain=maths,3696,0.984577,0.984375,0.984375,0.984375,0.999972
contig64|oracle|static|p_unresolved_q|t0.7,domain=multilingual,4472,0.984991,0.984369,0.984375,0.988621,0.999993
contig256|scalar|transport|tiles_skipped,all,16016,0.0,0.0,0.0,0.0,0.0
contig256|scalar|transport|rows_skipped,all,16016,0.0,0.0,0.0,0.0,0.0
contig256|scalar|transport|rows_skipped_taustar,all,16016,0.0,0.0,0.0,0.0,0.0
contig256|scalar|transport|log_width|t1.0,all,16016,1312.85863,1060.055137,1307.488466,1580.360282,1981.037963
contig256|scalar|transport|p_unresolved_x|t1.0,all,16016,1.0,1.0,1.0,1.0,1.0
contig256|scalar|transport|p_unresolved_q|t1.0,all,16016,1.0,1.0,1.0,1.0,1.0
contig256|scalar|transport|log_width|t0.7,all,16016,1876.326817,1515.843718,1868.963832,2258.153912,2830.321199
contig256|scalar|transport|p_unresolved_x|t0.7,all,16016,1.0,1.0,1.0,1.0,1.0
contig256|scalar|transport|p_unresolved_q|t0.7,all,16016,1.0,1.0,1.0,1.0,1.0
contig256|scalar|transport|log_width_retain64|t1.0,all,16016,1002.774254,807.811121,999.403284,1207.743974,1524.132602
contig256|scalar|transport|p_unresolved_x_retain64|t1.0,all,16016,0.808067,0.076238,1.0,1.0,1.0
contig256|scalar|transport|rowlevel_rows_skipped,all,16016,0.0,0.0,0.0,0.0,0.0
contig256|scalar|static|tiles_skipped,all,16016,0.0,0.0,0.0,0.0,0.0
contig256|scalar|static|rows_skipped,all,16016,0.0,0.0,0.0,0.0,0.0
contig256|scalar|static|rows_skipped_taustar,all,16016,0.0,0.0,0.0,0.0,0.0
contig256|scalar|static|log_width|t1.0,all,16016,1321.711861,1213.707311,1340.824256,1400.986523,1441.38879
contig256|scalar|static|p_unresolved_x|t1.0,all,16016,1.0,1.0,1.0,1.0,1.0
contig256|scalar|static|p_unresolved_q|t1.0,all,16016,1.0,1.0,1.0,1.0,1.0
contig256|scalar|static|log_width|t0.7,all,16016,1888.159801,1733.867588,1915.463222,2001.409318,2059.126842
contig256|scalar|static|p_unresolved_x|t0.7,all,16016,1.0,1.0,1.0,1.0,1.0
contig256|scalar|static|p_unresolved_q|t0.7,all,16016,1.0,1.0,1.0,1.0,1.0
contig256|coord|transport|tiles_skipped,all,16016,0.0,0.0,0.0,0.0,0.0
contig256|coord|transport|rows_skipped,all,16016,0.0,0.0,0.0,0.0,0.0
contig256|coord|transport|rows_skipped_taustar,all,16016,0.0,0.0,0.0,0.0,0.0
contig256|coord|transport|log_width|t1.0,all,16016,334.407295,271.389454,332.688776,401.961327,503.138665
contig256|coord|transport|p_unresolved_x|t1.0,all,16016,1.0,1.0,1.0,1.0,1.0
contig256|coord|transport|p_unresolved_q|t1.0,all,16016,1.0,1.0,1.0,1.0,1.0
contig256|coord|transport|log_width|t0.7,all,16016,478.474768,388.578057,476.020437,574.780746,719.035791
contig256|coord|transport|p_unresolved_x|t0.7,all,16016,1.0,1.0,1.0,1.0,1.0
contig256|coord|transport|p_unresolved_q|t0.7,all,16016,1.0,1.0,1.0,1.0,1.0
contig256|coord|transport|log_width_retain64|t1.0,all,16016,223.595065,179.35152,223.262973,269.641816,350.248002
contig256|coord|transport|p_unresolved_x_retain64|t1.0,all,16016,0.808067,0.076238,1.0,1.0,1.0
contig256|coord|transport|rowlevel_rows_skipped,all,16016,0.0,0.0,0.0,0.0,0.0
contig256|coord|static|tiles_skipped,all,16016,0.0,0.0,0.0,0.0,0.0
contig256|coord|static|rows_skipped,all,16016,0.0,0.0,0.0,0.0,0.0
contig256|coord|static|rows_skipped_taustar,all,16016,0.0,0.0,0.0,0.0,0.0
contig256|coord|static|log_width|t1.0,all,16016,329.851436,302.531894,334.51151,350.031481,362.496484
contig256|coord|static|p_unresolved_x|t1.0,all,16016,1.0,1.0,1.0,1.0,1.0
contig256|coord|static|p_unresolved_q|t1.0,all,16016,1.0,1.0,1.0,1.0,1.0
contig256|coord|static|log_width|t0.7,all,16016,470.760659,431.661537,477.412337,499.685051,517.582836
contig256|coord|static|p_unresolved_x|t0.7,all,16016,1.0,1.0,1.0,1.0,1.0
contig256|coord|static|p_unresolved_q|t0.7,all,16016,1.0,1.0,1.0,1.0,1.0
contig256|group32|transport|tiles_skipped,all,16016,0.0,0.0,0.0,0.0,0.0
contig256|group32|transport|rows_skipped,all,16016,0.0,0.0,0.0,0.0,0.0
contig256|group32|transport|rows_skipped_taustar,all,16016,0.0,0.0,0.0,0.0,0.0
contig256|group32|transport|log_width|t1.0,all,16016,269.110348,218.67336,267.347085,323.55399,410.620473
contig256|group32|transport|p_unresolved_x|t1.0,all,16016,1.0,1.0,1.0,1.0,1.0
contig256|group32|transport|p_unresolved_q|t1.0,all,16016,1.0,1.0,1.0,1.0,1.0
contig256|group32|transport|log_width|t0.7,all,16016,385.368767,313.277444,382.801493,462.964037,586.826087
contig256|group32|transport|p_unresolved_x|t0.7,all,16016,1.0,1.0,1.0,1.0,1.0
contig256|group32|transport|p_unresolved_q|t0.7,all,16016,1.0,1.0,1.0,1.0,1.0
contig256|group32|transport|log_width_retain64|t1.0,all,16016,150.542183,121.237093,150.596385,180.467717,236.845558
contig256|group32|transport|p_unresolved_x_retain64|t1.0,all,16016,0.808067,0.076238,1.0,1.0,1.0
contig256|group32|transport|rowlevel_rows_skipped,all,16016,0.0,0.0,0.0,0.0,0.0
contig256|group32|static|tiles_skipped,all,16016,0.0,0.0,0.0,0.0,0.0
contig256|group32|static|rows_skipped,all,16016,0.0,0.0,0.0,0.0,0.0
contig256|group32|static|rows_skipped_taustar,all,16016,0.0,0.0,0.0,0.0,0.0
contig256|group32|static|log_width|t1.0,all,16016,263.989754,247.275411,267.86008,274.423879,280.019076
contig256|group32|static|p_unresolved_x|t1.0,all,16016,1.0,1.0,1.0,1.0,1.0
contig256|group32|static|p_unresolved_q|t1.0,all,16016,1.0,1.0,1.0,1.0,1.0
contig256|group32|static|log_width|t0.7,all,16016,376.951094,353.114849,382.476843,391.85344,400.010268
contig256|group32|static|p_unresolved_x|t0.7,all,16016,1.0,1.0,1.0,1.0,1.0
contig256|group32|static|p_unresolved_q|t0.7,all,16016,1.0,1.0,1.0,1.0,1.0
contig256|group128|transport|tiles_skipped,all,16016,0.0,0.0,0.0,0.0,0.0
contig256|group128|transport|rows_skipped,all,16016,0.0,0.0,0.0,0.0,0.0
contig256|group128|transport|rows_skipped_taustar,all,16016,0.0,0.0,0.0,0.0,0.0
contig256|group128|transport|log_width|t1.0,all,16016,256.168985,208.282671,254.568211,307.894864,392.558741
contig256|group128|transport|p_unresolved_x|t1.0,all,16016,1.0,1.0,1.0,1.0,1.0
contig256|group128|transport|p_unresolved_q|t1.0,all,16016,1.0,1.0,1.0,1.0,1.0
contig256|group128|transport|log_width|t0.7,all,16016,366.889399,298.459728,364.645439,440.554703,561.023613
contig256|group128|transport|p_unresolved_x|t0.7,all,16016,1.0,1.0,1.0,1.0,1.0
contig256|group128|transport|p_unresolved_q|t0.7,all,16016,1.0,1.0,1.0,1.0,1.0
contig256|group128|transport|log_width_retain64|t1.0,all,16016,140.782922,113.188653,140.821779,168.70979,221.879363
contig256|group128|transport|p_unresolved_x_retain64|t1.0,all,16016,0.808067,0.076238,1.0,1.0,1.0
contig256|group128|transport|rowlevel_rows_skipped,all,16016,0.0,0.0,0.0,0.0,0.0
contig256|group128|static|tiles_skipped,all,16016,0.0,0.0,0.0,0.0,0.0
contig256|group128|static|rows_skipped,all,16016,0.0,0.0,0.0,0.0,0.0
contig256|group128|static|rows_skipped_taustar,all,16016,0.0,0.0,0.0,0.0,0.0
contig256|group128|static|log_width|t1.0,all,16016,252.728099,236.626917,256.675401,262.182923,269.866057
contig256|group128|static|p_unresolved_x|t1.0,all,16016,1.0,1.0,1.0,1.0,1.0
contig256|group128|static|p_unresolved_q|t1.0,all,16016,1.0,1.0,1.0,1.0,1.0
contig256|group128|static|log_width|t0.7,all,16016,360.99252,337.986104,366.614522,374.501225,385.479161
contig256|group128|static|p_unresolved_x|t0.7,all,16016,1.0,1.0,1.0,1.0,1.0
contig256|group128|static|p_unresolved_q|t0.7,all,16016,1.0,1.0,1.0,1.0,1.0
contig256|lowrank_w64|transport|tiles_skipped,all,16016,0.0,0.0,0.0,0.0,0.0
contig256|lowrank_w64|transport|rows_skipped,all,16016,0.0,0.0,0.0,0.0,0.0
contig256|lowrank_w64|transport|rows_skipped_taustar,all,16016,0.0,0.0,0.0,0.0,0.0
contig256|lowrank_w64|transport|log_width|t1.0,all,16016,242.932663,198.161076,241.696939,290.491201,367.928071
contig256|lowrank_w64|transport|p_unresolved_x|t1.0,all,16016,1.0,1.0,1.0,1.0,1.0
contig256|lowrank_w64|transport|p_unresolved_q|t1.0,all,16016,1.0,1.0,1.0,1.0,1.0
contig256|lowrank_w64|transport|log_width|t0.7,all,16016,347.826599,283.9175,345.974093,415.868789,525.916802
contig256|lowrank_w64|transport|p_unresolved_x|t0.7,all,16016,1.0,1.0,1.0,1.0,1.0
contig256|lowrank_w64|transport|p_unresolved_q|t0.7,all,16016,1.0,1.0,1.0,1.0,1.0
contig256|lowrank_w64|transport|log_width_retain64|t1.0,all,16016,130.459075,104.614691,130.543165,156.487893,207.135253
contig256|lowrank_w64|transport|p_unresolved_x_retain64|t1.0,all,16016,0.808067,0.076238,1.0,1.0,1.0
contig256|lowrank_w64|transport|rowlevel_rows_skipped,all,16016,0.0,0.0,0.0,0.0,0.0
contig256|lowrank_w64|static|tiles_skipped,all,16016,0.0,0.0,0.0,0.0,0.0
contig256|lowrank_w64|static|rows_skipped,all,16016,0.0,0.0,0.0,0.0,0.0
contig256|lowrank_w64|static|rows_skipped_taustar,all,16016,0.0,0.0,0.0,0.0,0.0
contig256|lowrank_w64|static|log_width|t1.0,all,16016,248.984475,232.690943,252.522594,259.028737,281.090038
contig256|lowrank_w64|static|p_unresolved_x|t1.0,all,16016,1.0,1.0,1.0,1.0,1.0
contig256|lowrank_w64|static|p_unresolved_q|t1.0,all,16016,1.0,1.0,1.0,1.0,1.0
contig256|lowrank_w64|static|log_width|t0.7,all,16016,355.594391,332.349685,360.675531,369.897666,401.466278
contig256|lowrank_w64|static|p_unresolved_x|t0.7,all,16016,1.0,1.0,1.0,1.0,1.0
contig256|lowrank_w64|static|p_unresolved_q|t0.7,all,16016,1.0,1.0,1.0,1.0,1.0
contig256|lowrank_d64|transport|tiles_skipped,all,16016,0.0,0.0,0.0,0.0,0.0
contig256|lowrank_d64|transport|rows_skipped,all,16016,0.0,0.0,0.0,0.0,0.0
contig256|lowrank_d64|transport|rows_skipped_taustar,all,16016,0.0,0.0,0.0,0.0,0.0
contig256|lowrank_d64|transport|log_width|t1.0,all,16016,248.740421,203.351938,248.241159,296.118301,380.782052
contig256|lowrank_d64|transport|p_unresolved_x|t1.0,all,16016,1.0,1.0,1.0,1.0,1.0
contig256|lowrank_d64|transport|p_unresolved_q|t1.0,all,16016,1.0,1.0,1.0,1.0,1.0
contig256|lowrank_d64|transport|log_width|t0.7,all,16016,356.27565,291.448457,355.621126,423.800089,544.248023
contig256|lowrank_d64|transport|p_unresolved_x|t0.7,all,16016,1.0,1.0,1.0,1.0,1.0
contig256|lowrank_d64|transport|p_unresolved_q|t0.7,all,16016,1.0,1.0,1.0,1.0,1.0
contig256|lowrank_d64|transport|log_width_retain64|t1.0,all,16016,139.845368,111.90513,140.100677,167.992568,219.453886
contig256|lowrank_d64|transport|p_unresolved_x_retain64|t1.0,all,16016,0.808067,0.076238,1.0,1.0,1.0
contig256|lowrank_d64|transport|rowlevel_rows_skipped,all,16016,0.0,0.0,0.0,0.0,0.0
contig256|lowrank_d64|static|tiles_skipped,all,16016,0.0,0.0,0.0,0.0,0.0
contig256|lowrank_d64|static|rows_skipped,all,16016,0.0,0.0,0.0,0.0,0.0
contig256|lowrank_d64|static|rows_skipped_taustar,all,16016,0.0,0.0,0.0,0.0,0.0
contig256|lowrank_d64|static|log_width|t1.0,all,16016,255.107144,233.203034,259.908857,268.199354,290.956511
contig256|lowrank_d64|static|p_unresolved_x|t1.0,all,16016,1.0,1.0,1.0,1.0,1.0
contig256|lowrank_d64|static|p_unresolved_q|t1.0,all,16016,1.0,1.0,1.0,1.0,1.0
contig256|lowrank_d64|static|log_width|t0.7,all,16016,364.37906,333.06417,371.222966,383.072267,415.646283
contig256|lowrank_d64|static|p_unresolved_x|t0.7,all,16016,1.0,1.0,1.0,1.0,1.0
contig256|lowrank_d64|static|p_unresolved_q|t0.7,all,16016,1.0,1.0,1.0,1.0,1.0
contig256|lowrank_d256|transport|tiles_skipped,all,16016,0.0,0.0,0.0,0.0,0.0
contig256|lowrank_d256|transport|rows_skipped,all,16016,0.0,0.0,0.0,0.0,0.0
contig256|lowrank_d256|transport|rows_skipped_taustar,all,16016,0.0,0.0,0.0,0.0,0.0
contig256|lowrank_d256|transport|log_width|t1.0,all,16016,259.091517,212.113569,258.791498,307.885057,396.558949
contig256|lowrank_d256|transport|p_unresolved_x|t1.0,all,16016,1.0,1.0,1.0,1.0,1.0
contig256|lowrank_d256|transport|p_unresolved_q|t1.0,all,16016,1.0,1.0,1.0,1.0,1.0
contig256|lowrank_d256|transport|log_width|t0.7,all,16016,371.043044,304.017116,370.649033,440.594777,566.786448
contig256|lowrank_d256|transport|p_unresolved_x|t0.7,all,16016,1.0,1.0,1.0,1.0,1.0
contig256|lowrank_d256|transport|p_unresolved_q|t0.7,all,16016,1.0,1.0,1.0,1.0,1.0
contig256|lowrank_d256|transport|log_width_retain64|t1.0,all,16016,149.849929,119.915153,150.253694,180.016427,234.019173
contig256|lowrank_d256|transport|p_unresolved_x_retain64|t1.0,all,16016,0.808067,0.076238,1.0,1.0,1.0
contig256|lowrank_d256|transport|rowlevel_rows_skipped,all,16016,0.0,0.0,0.0,0.0,0.0
contig256|lowrank_d256|static|tiles_skipped,all,16016,0.0,0.0,0.0,0.0,0.0
contig256|lowrank_d256|static|rows_skipped,all,16016,0.0,0.0,0.0,0.0,0.0
contig256|lowrank_d256|static|rows_skipped_taustar,all,16016,0.0,0.0,0.0,0.0,0.0
contig256|lowrank_d256|static|log_width|t1.0,all,16016,266.205328,242.806346,271.136612,280.613946,300.554458
contig256|lowrank_d256|static|p_unresolved_x|t1.0,all,16016,1.0,1.0,1.0,1.0,1.0
contig256|lowrank_d256|static|p_unresolved_q|t1.0,all,16016,1.0,1.0,1.0,1.0,1.0
contig256|lowrank_d256|static|log_width|t0.7,all,16016,380.197858,346.817596,387.266968,400.728035,429.362686
contig256|lowrank_d256|static|p_unresolved_x|t0.7,all,16016,1.0,1.0,1.0,1.0,1.0
contig256|lowrank_d256|static|p_unresolved_q|t0.7,all,16016,1.0,1.0,1.0,1.0,1.0
contig256|best|transport|tiles_skipped,all,16016,0.0,0.0,0.0,0.0,0.0
contig256|best|transport|rows_skipped,all,16016,0.0,0.0,0.0,0.0,0.0
contig256|best|transport|rows_skipped_taustar,all,16016,0.0,0.0,0.0,0.0,0.0
contig256|best|transport|log_width|t1.0,all,16016,233.742001,191.995038,233.189099,277.174493,346.101175
contig256|best|transport|p_unresolved_x|t1.0,all,16016,1.0,1.0,1.0,1.0,1.0
contig256|best|transport|p_unresolved_q|t1.0,all,16016,1.0,1.0,1.0,1.0,1.0
contig256|best|transport|log_width|t0.7,all,16016,334.733498,275.15897,333.957105,396.878963,494.703629
contig256|best|transport|p_unresolved_x|t0.7,all,16016,1.0,1.0,1.0,1.0,1.0
contig256|best|transport|p_unresolved_q|t0.7,all,16016,1.0,1.0,1.0,1.0,1.0
contig256|best|transport|log_width_retain64|t1.0,all,16016,127.178024,102.421037,127.314894,152.180818,198.844658
contig256|best|transport|p_unresolved_x_retain64|t1.0,all,16016,0.808067,0.076238,1.0,1.0,1.0
contig256|best|transport|rowlevel_rows_skipped,all,16016,0.0,0.0,0.0,0.0,0.0
contig256|best|static|tiles_skipped,all,16016,0.0,0.0,0.0,0.0,0.0
contig256|best|static|rows_skipped,all,16016,0.0,0.0,0.0,0.0,0.0
contig256|best|static|rows_skipped_taustar,all,16016,0.0,0.0,0.0,0.0,0.0
contig256|best|static|log_width|t1.0,all,16016,237.828186,221.180657,241.071259,249.145381,258.274592
contig256|best|static|p_unresolved_x|t1.0,all,16016,1.0,1.0,1.0,1.0,1.0
contig256|best|static|p_unresolved_q|t1.0,all,16016,1.0,1.0,1.0,1.0,1.0
contig256|best|static|log_width|t0.7,all,16016,339.657649,315.824147,344.284,355.900193,368.960115
contig256|best|static|p_unresolved_x|t0.7,all,16016,1.0,1.0,1.0,1.0,1.0
contig256|best|static|p_unresolved_q|t0.7,all,16016,1.0,1.0,1.0,1.0,1.0
contig256|oracle|transport|tiles_skipped,all,16016,0.964118,0.937629,0.997938,0.998969,0.0
contig256|oracle|transport|rows_skipped,all,16016,0.964118,0.937629,0.997938,0.998969,0.0
contig256|oracle|transport|rows_skipped_taustar,all,16016,0.992365,0.984536,0.997938,0.998969,0.581443
contig256|oracle|transport|log_width|t1.0,all,16016,14.411011,10.134506,13.746784,19.571059,41.46591
contig256|oracle|transport|p_unresolved_x|t1.0,all,16016,0.862903,0.423874,0.989573,0.999972,1.0
contig256|oracle|transport|p_unresolved_q|t1.0,all,16016,0.874344,0.568839,0.977762,0.999791,1.0
contig256|oracle|transport|log_width|t0.7,all,16016,20.639545,14.401125,19.706806,28.077616,59.770228
contig256|oracle|transport|p_unresolved_x|t0.7,all,16016,0.883759,0.505108,0.998571,1.0,1.0
contig256|oracle|transport|p_unresolved_q|t0.7,all,16016,0.886716,0.578863,0.994219,0.999995,1.0
contig256|oracle|transport|log_width_retain64|t1.0,all,16016,0.761566,7.9e-05,0.03153,2.88471,13.13221
contig256|oracle|transport|p_unresolved_x_retain64|t1.0,all,16016,0.133521,0.0,0.001675,0.554592,0.999994
contig256|oracle|transport|rowlevel_rows_skipped,all,16016,0.997546,0.999543,0.999992,0.999996,0.003282
contig256|oracle|static|tiles_skipped,all,16016,0.994926,0.995876,0.998969,0.998969,0.0
contig256|oracle|static|rows_skipped,all,16016,0.994926,0.995876,0.998969,0.998969,0.0
contig256|oracle|static|rows_skipped_taustar,all,16016,0.998969,0.998969,0.998969,0.998969,0.997938
contig256|oracle|static|log_width|t1.0,all,16016,26.827984,19.799314,26.798262,33.742042,44.304309
contig256|oracle|static|p_unresolved_x|t1.0,all,16016,0.995832,0.994211,0.99609,0.999728,1.0
contig256|oracle|static|p_unresolved_q|t1.0,all,16016,0.995814,0.995754,0.996093,0.996094,0.999939
contig256|oracle|static|log_width|t0.7,all,16016,40.6584,30.237175,40.728894,50.741742,65.842228
contig256|oracle|static|p_unresolved_x|t0.7,all,16016,0.996571,0.995273,0.996094,0.999948,1.0
contig256|oracle|static|p_unresolved_q|t0.7,all,16016,0.996085,0.996043,0.996094,0.996098,0.999997
contig1024|scalar|transport|tiles_skipped,all,16016,0.0,0.0,0.0,0.0,0.0
contig1024|scalar|transport|rows_skipped,all,16016,0.0,0.0,0.0,0.0,0.0
contig1024|scalar|transport|rows_skipped_taustar,all,16016,0.0,0.0,0.0,0.0,0.0
contig1024|scalar|transport|log_width|t1.0,all,16016,1389.715147,1120.264806,1382.988587,1676.72006,2096.996716
contig1024|scalar|transport|p_unresolved_x|t1.0,all,16016,1.0,1.0,1.0,1.0,1.0
contig1024|scalar|transport|p_unresolved_q|t1.0,all,16016,1.0,1.0,1.0,1.0,1.0
contig1024|scalar|transport|log_width|t0.7,all,16016,1986.418383,1601.277343,1976.948414,2396.289873,2997.981723
contig1024|scalar|transport|p_unresolved_x|t0.7,all,16016,1.0,1.0,1.0,1.0,1.0
contig1024|scalar|transport|p_unresolved_q|t0.7,all,16016,1.0,1.0,1.0,1.0,1.0
contig1024|scalar|transport|log_width_retain64|t1.0,all,16016,1003.95932,809.008825,1000.486985,1209.007372,1524.3845
contig1024|scalar|transport|p_unresolved_x_retain64|t1.0,all,16016,0.808067,0.076238,1.0,1.0,1.0
contig1024|scalar|transport|rowlevel_rows_skipped,all,16016,0.0,0.0,0.0,0.0,0.0
contig1024|scalar|static|tiles_skipped,all,16016,0.0,0.0,0.0,0.0,0.0
contig1024|scalar|static|rows_skipped,all,16016,0.0,0.0,0.0,0.0,0.0
contig1024|scalar|static|rows_skipped_taustar,all,16016,0.0,0.0,0.0,0.0,0.0
contig1024|scalar|static|log_width|t1.0,all,16016,1399.731056,1285.57752,1419.902112,1483.525074,1523.918097
contig1024|scalar|static|p_unresolved_x|t1.0,all,16016,1.0,1.0,1.0,1.0,1.0
contig1024|scalar|static|p_unresolved_q|t1.0,all,16016,1.0,1.0,1.0,1.0,1.0
contig1024|scalar|static|log_width|t0.7,all,16016,1999.660066,1836.58147,2028.473686,2119.351256,2177.035984
contig1024|scalar|static|p_unresolved_x|t0.7,all,16016,1.0,1.0,1.0,1.0,1.0
contig1024|scalar|static|p_unresolved_q|t0.7,all,16016,1.0,1.0,1.0,1.0,1.0
contig1024|coord|transport|tiles_skipped,all,16016,0.0,0.0,0.0,0.0,0.0
contig1024|coord|transport|rows_skipped,all,16016,0.0,0.0,0.0,0.0,0.0
contig1024|coord|transport|rows_skipped_taustar,all,16016,0.0,0.0,0.0,0.0,0.0
contig1024|coord|transport|log_width|t1.0,all,16016,495.481666,400.476641,492.753946,597.084214,743.011587
contig1024|coord|transport|p_unresolved_x|t1.0,all,16016,1.0,1.0,1.0,1.0,1.0
contig1024|coord|transport|p_unresolved_q|t1.0,all,16016,1.0,1.0,1.0,1.0,1.0
contig1024|coord|transport|log_width|t0.7,all,16016,708.492377,572.869475,704.536533,853.585879,1061.479521
contig1024|coord|transport|p_unresolved_x|t0.7,all,16016,1.0,1.0,1.0,1.0,1.0
contig1024|coord|transport|p_unresolved_q|t0.7,all,16016,1.0,1.0,1.0,1.0,1.0
contig1024|coord|transport|log_width_retain64|t1.0,all,16016,261.231017,210.466331,260.981083,313.786186,406.347296
contig1024|coord|transport|p_unresolved_x_retain64|t1.0,all,16016,0.808067,0.076238,1.0,1.0,1.0
contig1024|coord|transport|rowlevel_rows_skipped,all,16016,0.0,0.0,0.0,0.0,0.0
contig1024|coord|static|tiles_skipped,all,16016,0.0,0.0,0.0,0.0,0.0
contig1024|coord|static|rows_skipped,all,16016,0.0,0.0,0.0,0.0,0.0
contig1024|coord|static|rows_skipped_taustar,all,16016,0.0,0.0,0.0,0.0,0.0
contig1024|coord|static|log_width|t1.0,all,16016,492.637391,453.99147,499.956338,520.450546,536.179037
contig1024|coord|static|p_unresolved_x|t1.0,all,16016,1.0,1.0,1.0,1.0,1.0
contig1024|coord|static|p_unresolved_q|t1.0,all,16016,1.0,1.0,1.0,1.0,1.0
contig1024|coord|static|log_width|t0.7,all,16016,703.355953,648.194284,713.870495,743.018822,765.552383
contig1024|coord|static|p_unresolved_x|t0.7,all,16016,1.0,1.0,1.0,1.0,1.0
contig1024|coord|static|p_unresolved_q|t0.7,all,16016,1.0,1.0,1.0,1.0,1.0
contig1024|group32|transport|tiles_skipped,all,16016,0.0,0.0,0.0,0.0,0.0
contig1024|group32|transport|rows_skipped,all,16016,0.0,0.0,0.0,0.0,0.0
contig1024|group32|transport|rows_skipped_taustar,all,16016,0.0,0.0,0.0,0.0,0.0
contig1024|group32|transport|log_width|t1.0,all,16016,328.492567,264.384491,326.609755,396.982708,490.926235
contig1024|group32|transport|p_unresolved_x|t1.0,all,16016,1.0,1.0,1.0,1.0,1.0
contig1024|group32|transport|p_unresolved_q|t1.0,all,16016,1.0,1.0,1.0,1.0,1.0
contig1024|group32|transport|log_width|t0.7,all,16016,470.072216,378.386158,467.477363,568.055131,701.326506
contig1024|group32|transport|p_unresolved_x|t0.7,all,16016,1.0,1.0,1.0,1.0,1.0
contig1024|group32|transport|p_unresolved_q|t0.7,all,16016,1.0,1.0,1.0,1.0,1.0
contig1024|group32|transport|log_width_retain64|t1.0,all,16016,163.421577,131.943165,163.508315,195.552066,255.752788
contig1024|group32|transport|p_unresolved_x_retain64|t1.0,all,16016,0.808067,0.076238,1.0,1.0,1.0
contig1024|group32|transport|rowlevel_rows_skipped,all,16016,0.0,0.0,0.0,0.0,0.0
contig1024|group32|static|tiles_skipped,all,16016,0.0,0.0,0.0,0.0,0.0
contig1024|group32|static|rows_skipped,all,16016,0.0,0.0,0.0,0.0,0.0
contig1024|group32|static|rows_skipped_taustar,all,16016,0.0,0.0,0.0,0.0,0.0
contig1024|group32|static|log_width|t1.0,all,16016,330.044335,309.593785,334.925906,342.66368,348.129903
contig1024|group32|static|p_unresolved_x|t1.0,all,16016,1.0,1.0,1.0,1.0,1.0
contig1024|group32|static|p_unresolved_q|t1.0,all,16016,1.0,1.0,1.0,1.0,1.0
contig1024|group32|static|log_width|t0.7,all,16016,472.465306,443.325307,479.465911,490.350996,498.313488
contig1024|group32|static|p_unresolved_x|t0.7,all,16016,1.0,1.0,1.0,1.0,1.0
contig1024|group32|static|p_unresolved_q|t0.7,all,16016,1.0,1.0,1.0,1.0,1.0
contig1024|group128|transport|tiles_skipped,all,16016,0.0,0.0,0.0,0.0,0.0
contig1024|group128|transport|rows_skipped,all,16016,0.0,0.0,0.0,0.0,0.0
contig1024|group128|transport|rows_skipped_taustar,all,16016,0.0,0.0,0.0,0.0,0.0
contig1024|group128|transport|log_width|t1.0,all,16016,301.186764,242.334026,299.392362,364.336702,456.256446
contig1024|group128|transport|p_unresolved_x|t1.0,all,16016,1.0,1.0,1.0,1.0,1.0
contig1024|group128|transport|p_unresolved_q|t1.0,all,16016,1.0,1.0,1.0,1.0,1.0
contig1024|group128|transport|log_width|t0.7,all,16016,431.33077,346.94156,428.746251,521.770491,651.831401
contig1024|group128|transport|p_unresolved_x|t0.7,all,16016,1.0,1.0,1.0,1.0,1.0
contig1024|group128|transport|p_unresolved_q|t0.7,all,16016,1.0,1.0,1.0,1.0,1.0
contig1024|group128|transport|log_width_retain64|t1.0,all,16016,150.710863,121.792645,150.8792,180.076167,236.165441
contig1024|group128|transport|p_unresolved_x_retain64|t1.0,all,16016,0.808067,0.076238,1.0,1.0,1.0
contig1024|group128|transport|rowlevel_rows_skipped,all,16016,0.0,0.0,0.0,0.0,0.0
contig1024|group128|static|tiles_skipped,all,16016,0.0,0.0,0.0,0.0,0.0
contig1024|group128|static|rows_skipped,all,16016,0.0,0.0,0.0,0.0,0.0
contig1024|group128|static|rows_skipped_taustar,all,16016,0.0,0.0,0.0,0.0,0.0
contig1024|group128|static|log_width|t1.0,all,16016,302.958987,283.90639,307.81344,313.66617,323.516313
contig1024|group128|static|p_unresolved_x|t1.0,all,16016,1.0,1.0,1.0,1.0,1.0
contig1024|group128|static|p_unresolved_q|t1.0,all,16016,1.0,1.0,1.0,1.0,1.0
contig1024|group128|static|log_width|t0.7,all,16016,434.108381,406.984265,441.031398,449.343474,463.433953
contig1024|group128|static|p_unresolved_x|t0.7,all,16016,1.0,1.0,1.0,1.0,1.0
contig1024|group128|static|p_unresolved_q|t0.7,all,16016,1.0,1.0,1.0,1.0,1.0
contig1024|lowrank_w64|transport|tiles_skipped,all,16016,0.0,0.0,0.0,0.0,0.0
contig1024|lowrank_w64|transport|rows_skipped,all,16016,0.0,0.0,0.0,0.0,0.0
contig1024|lowrank_w64|transport|rows_skipped_taustar,all,16016,0.0,0.0,0.0,0.0,0.0
contig1024|lowrank_w64|transport|log_width|t1.0,all,16016,275.611503,222.766871,274.240533,331.589452,419.566571
contig1024|lowrank_w64|transport|p_unresolved_x|t1.0,all,16016,1.0,1.0,1.0,1.0,1.0
contig1024|lowrank_w64|transport|p_unresolved_q|t1.0,all,16016,1.0,1.0,1.0,1.0,1.0
contig1024|lowrank_w64|transport|log_width|t0.7,all,16016,394.28419,318.371671,392.43689,474.318839,599.415222
contig1024|lowrank_w64|transport|p_unresolved_x|t0.7,all,16016,1.0,1.0,1.0,1.0,1.0
contig1024|lowrank_w64|transport|p_unresolved_q|t0.7,all,16016,1.0,1.0,1.0,1.0,1.0
contig1024|lowrank_w64|transport|log_width_retain64|t1.0,all,16016,134.628853,108.231001,134.823627,161.313138,211.94857
contig1024|lowrank_w64|transport|p_unresolved_x_retain64|t1.0,all,16016,0.808067,0.076238,1.0,1.0,1.0
contig1024|lowrank_w64|transport|rowlevel_rows_skipped,all,16016,0.0,0.0,0.0,0.0,0.0
contig1024|lowrank_w64|static|tiles_skipped,all,16016,0.0,0.0,0.0,0.0,0.0
contig1024|lowrank_w64|static|rows_skipped,all,16016,0.0,0.0,0.0,0.0,0.0
contig1024|lowrank_w64|static|rows_skipped_taustar,all,16016,0.0,0.0,0.0,0.0,0.0
contig1024|lowrank_w64|static|log_width|t1.0,all,16016,289.772036,271.727044,293.525347,300.914849,325.079309
contig1024|lowrank_w64|static|p_unresolved_x|t1.0,all,16016,1.0,1.0,1.0,1.0,1.0
contig1024|lowrank_w64|static|p_unresolved_q|t1.0,all,16016,1.0,1.0,1.0,1.0,1.0
contig1024|lowrank_w64|static|log_width|t0.7,all,16016,414.450809,388.781858,419.795157,430.275332,465.4027
contig1024|lowrank_w64|static|p_unresolved_x|t0.7,all,16016,1.0,1.0,1.0,1.0,1.0
contig1024|lowrank_w64|static|p_unresolved_q|t0.7,all,16016,1.0,1.0,1.0,1.0,1.0
contig1024|lowrank_d64|transport|tiles_skipped,all,16016,0.0,0.0,0.0,0.0,0.0
contig1024|lowrank_d64|transport|rows_skipped,all,16016,0.0,0.0,0.0,0.0,0.0
contig1024|lowrank_d64|transport|rows_skipped_taustar,all,16016,0.0,0.0,0.0,0.0,0.0
contig1024|lowrank_d64|transport|log_width|t1.0,all,16016,288.96245,233.985631,288.406262,345.80088,446.983123
contig1024|lowrank_d64|transport|p_unresolved_x|t1.0,all,16016,1.0,1.0,1.0,1.0,1.0
contig1024|lowrank_d64|transport|p_unresolved_q|t1.0,all,16016,1.0,1.0,1.0,1.0,1.0
contig1024|lowrank_d64|transport|log_width|t0.7,all,16016,414.182772,335.607969,413.478796,495.660425,640.521945
contig1024|lowrank_d64|transport|p_unresolved_x|t0.7,all,16016,1.0,1.0,1.0,1.0,1.0
contig1024|lowrank_d64|transport|p_unresolved_q|t0.7,all,16016,1.0,1.0,1.0,1.0,1.0
contig1024|lowrank_d64|transport|log_width_retain64|t1.0,all,16016,149.515446,120.088,149.875594,179.065578,232.118922
contig1024|lowrank_d64|transport|p_unresolved_x_retain64|t1.0,all,16016,0.808067,0.076238,1.0,1.0,1.0
contig1024|lowrank_d64|transport|rowlevel_rows_skipped,all,16016,0.0,0.0,0.0,0.0,0.0
contig1024|lowrank_d64|static|tiles_skipped,all,16016,0.0,0.0,0.0,0.0,0.0
contig1024|lowrank_d64|static|rows_skipped,all,16016,0.0,0.0,0.0,0.0,0.0
contig1024|lowrank_d64|static|rows_skipped_taustar,all,16016,0.0,0.0,0.0,0.0,0.0
contig1024|lowrank_d64|static|log_width|t1.0,all,16016,299.994253,276.18011,305.665272,313.704526,342.905822
contig1024|lowrank_d64|static|p_unresolved_x|t1.0,all,16016,1.0,1.0,1.0,1.0,1.0
contig1024|lowrank_d64|static|p_unresolved_q|t1.0,all,16016,1.0,1.0,1.0,1.0,1.0
contig1024|lowrank_d64|static|log_width|t0.7,all,16016,429.631148,395.724004,437.704138,449.166741,490.801638
contig1024|lowrank_d64|static|p_unresolved_x|t0.7,all,16016,1.0,1.0,1.0,1.0,1.0
contig1024|lowrank_d64|static|p_unresolved_q|t0.7,all,16016,1.0,1.0,1.0,1.0,1.0
contig1024|lowrank_d256|transport|tiles_skipped,all,16016,0.0,0.0,0.0,0.0,0.0
contig1024|lowrank_d256|transport|rows_skipped,all,16016,0.0,0.0,0.0,0.0,0.0
contig1024|lowrank_d256|transport|rows_skipped_taustar,all,16016,0.0,0.0,0.0,0.0,0.0
contig1024|lowrank_d256|transport|log_width|t1.0,all,16016,316.548704,256.471649,316.104583,378.872696,489.686121
contig1024|lowrank_d256|transport|p_unresolved_x|t1.0,all,16016,1.0,1.0,1.0,1.0,1.0
contig1024|lowrank_d256|transport|p_unresolved_q|t1.0,all,16016,1.0,1.0,1.0,1.0,1.0
contig1024|lowrank_d256|transport|log_width|t0.7,all,16016,453.414566,367.457987,452.805535,542.371264,699.758537
contig1024|lowrank_d256|transport|p_unresolved_x|t0.7,all,16016,1.0,1.0,1.0,1.0,1.0
contig1024|lowrank_d256|transport|p_unresolved_q|t0.7,all,16016,1.0,1.0,1.0,1.0,1.0
contig1024|lowrank_d256|transport|log_width_retain64|t1.0,all,16016,162.518964,130.504546,162.971021,194.793058,252.932313
contig1024|lowrank_d256|transport|p_unresolved_x_retain64|t1.0,all,16016,0.808067,0.076238,1.0,1.0,1.0
contig1024|lowrank_d256|transport|rowlevel_rows_skipped,all,16016,0.0,0.0,0.0,0.0,0.0
contig1024|lowrank_d256|static|tiles_skipped,all,16016,0.0,0.0,0.0,0.0,0.0
contig1024|lowrank_d256|static|rows_skipped,all,16016,0.0,0.0,0.0,0.0,0.0
contig1024|lowrank_d256|static|rows_skipped_taustar,all,16016,0.0,0.0,0.0,0.0,0.0
contig1024|lowrank_d256|static|log_width|t1.0,all,16016,331.346324,304.836206,337.186161,347.047571,377.118906
contig1024|lowrank_d256|static|p_unresolved_x|t1.0,all,16016,1.0,1.0,1.0,1.0,1.0
contig1024|lowrank_d256|static|p_unresolved_q|t1.0,all,16016,1.0,1.0,1.0,1.0,1.0
contig1024|lowrank_d256|static|log_width|t0.7,all,16016,474.549836,436.864034,482.817334,496.963524,538.943895
contig1024|lowrank_d256|static|p_unresolved_x|t0.7,all,16016,1.0,1.0,1.0,1.0,1.0
contig1024|lowrank_d256|static|p_unresolved_q|t0.7,all,16016,1.0,1.0,1.0,1.0,1.0
contig1024|best|transport|tiles_skipped,all,16016,0.0,0.0,0.0,0.0,0.0
contig1024|best|transport|rows_skipped,all,16016,0.0,0.0,0.0,0.0,0.0
contig1024|best|transport|rows_skipped_taustar,all,16016,0.0,0.0,0.0,0.0,0.0
contig1024|best|transport|log_width|t1.0,all,16016,269.140461,218.048289,268.248984,322.741208,404.643072
contig1024|best|transport|p_unresolved_x|t1.0,all,16016,1.0,1.0,1.0,1.0,1.0
contig1024|best|transport|p_unresolved_q|t1.0,all,16016,1.0,1.0,1.0,1.0,1.0
contig1024|best|transport|log_width|t0.7,all,16016,385.719782,312.621668,384.518918,462.587103,578.323252
contig1024|best|transport|p_unresolved_x|t0.7,all,16016,1.0,1.0,1.0,1.0,1.0
contig1024|best|transport|p_unresolved_q|t0.7,all,16016,1.0,1.0,1.0,1.0,1.0
contig1024|best|transport|log_width_retain64|t1.0,all,16016,131.214,105.789929,131.377211,156.770314,202.539448
contig1024|best|transport|p_unresolved_x_retain64|t1.0,all,16016,0.808067,0.076238,1.0,1.0,1.0
contig1024|best|transport|rowlevel_rows_skipped,all,16016,0.0,0.0,0.0,0.0,0.0
contig1024|best|static|tiles_skipped,all,16016,0.0,0.0,0.0,0.0,0.0
contig1024|best|static|rows_skipped,all,16016,0.0,0.0,0.0,0.0,0.0
contig1024|best|static|rows_skipped_taustar,all,16016,0.0,0.0,0.0,0.0,0.0
contig1024|best|static|log_width|t1.0,all,16016,279.788446,260.515297,284.339199,291.384647,306.100279
contig1024|best|static|p_unresolved_x|t1.0,all,16016,1.0,1.0,1.0,1.0,1.0
contig1024|best|static|p_unresolved_q|t1.0,all,16016,1.0,1.0,1.0,1.0,1.0
contig1024|best|static|log_width|t0.7,all,16016,400.471523,373.035616,406.907036,417.022236,438.217201
contig1024|best|static|p_unresolved_x|t0.7,all,16016,1.0,1.0,1.0,1.0,1.0
contig1024|best|static|p_unresolved_q|t0.7,all,16016,1.0,1.0,1.0,1.0,1.0
contig1024|oracle|transport|tiles_skipped,all,16016,0.929027,0.798354,0.99177,0.995885,0.0
contig1024|oracle|transport|rows_skipped,all,16016,0.928928,0.797938,0.991753,0.995876,0.0
contig1024|oracle|transport|rows_skipped_taustar,all,16016,0.972235,0.929897,0.991753,0.995876,0.129897
contig1024|oracle|transport|log_width|t1.0,all,16016,16.400294,11.723436,15.690135,22.085162,41.386453
contig1024|oracle|transport|p_unresolved_x|t1.0,all,16016,0.911616,0.759289,0.996044,0.999991,1.0
contig1024|oracle|transport|p_unresolved_q|t1.0,all,16016,0.920127,0.78405,0.991422,0.999931,1.0
contig1024|oracle|transport|log_width|t0.7,all,16016,23.48875,16.716044,22.495812,31.675644,59.526183
contig1024|oracle|transport|p_unresolved_x|t0.7,all,16016,0.927886,0.862245,0.999636,1.0,1.0
contig1024|oracle|transport|p_unresolved_q|t0.7,all,16016,0.930451,0.841933,0.998548,0.999999,1.0
contig1024|oracle|transport|log_width_retain64|t1.0,all,16016,1.009495,0.000148,0.067154,3.69452,14.397045
contig1024|oracle|transport|p_unresolved_x_retain64|t1.0,all,16016,0.172899,0.0,0.006956,0.716686,0.999994
contig1024|oracle|transport|rowlevel_rows_skipped,all,16016,0.996419,0.999172,0.999988,0.999996,0.000668
contig1024|oracle|static|tiles_skipped,all,16016,0.987019,0.987654,0.995885,0.995885,0.0
contig1024|oracle|static|rows_skipped,all,16016,0.987,0.987629,0.995876,0.995876,0.0
contig1024|oracle|static|rows_skipped_taustar,all,16016,0.995878,0.995876,0.995876,0.995876,0.991753
contig1024|oracle|static|log_width|t1.0,all,16016,29.385879,22.32388,29.360921,36.412455,47.069941
contig1024|oracle|static|p_unresolved_x|t1.0,all,16016,0.998915,0.998457,0.999022,0.999928,1.0
contig1024|oracle|static|p_unresolved_q|t1.0,all,16016,0.998888,0.998757,0.999023,0.999023,0.999979
contig1024|oracle|static|log_width|t0.7,all,16016,43.798524,33.333642,43.850057,53.953071,69.267031
contig1024|oracle|static|p_unresolved_x|t0.7,all,16016,0.999138,0.998775,0.999023,0.999987,1.0
contig1024|oracle|static|p_unresolved_q|t0.7,all,16016,0.998982,0.998925,0.999023,0.999023,0.999999
random256|scalar|transport|tiles_skipped,all,16016,0.0,0.0,0.0,0.0,0.0
random256|scalar|transport|rows_skipped,all,16016,0.0,0.0,0.0,0.0,0.0
random256|scalar|transport|rows_skipped_taustar,all,16016,0.0,0.0,0.0,0.0,0.0
random256|scalar|transport|log_width|t1.0,all,16016,1014.520837,817.041141,1010.156006,1223.065251,1527.65076
random256|scalar|transport|p_unresolved_x|t1.0,all,16016,1.0,1.0,1.0,1.0,1.0
random256|scalar|transport|p_unresolved_q|t1.0,all,16016,1.0,1.0,1.0,1.0,1.0
random256|scalar|transport|log_width|t0.7,all,16016,1449.350395,1167.09463,1443.252595,1747.305932,2183.430235
random256|scalar|transport|p_unresolved_x|t0.7,all,16016,1.0,1.0,1.0,1.0,1.0
random256|scalar|transport|p_unresolved_q|t0.7,all,16016,1.0,1.0,1.0,1.0,1.0
random256|scalar|transport|log_width_retain64|t1.0,all,16016,655.021047,526.70395,653.323252,789.34319,1000.923051
random256|scalar|transport|p_unresolved_x_retain64|t1.0,all,16016,0.808067,0.076238,1.0,1.0,1.0
random256|scalar|transport|rowlevel_rows_skipped,all,16016,0.0,0.0,0.0,0.0,0.0
random256|scalar|static|tiles_skipped,all,16016,0.0,0.0,0.0,0.0,0.0
random256|scalar|static|rows_skipped,all,16016,0.0,0.0,0.0,0.0,0.0
random256|scalar|static|rows_skipped_taustar,all,16016,0.0,0.0,0.0,0.0,0.0
random256|scalar|static|log_width|t1.0,all,16016,1030.28532,946.072511,1045.104502,1092.006032,1122.671187
random256|scalar|static|p_unresolved_x|t1.0,all,16016,1.0,1.0,1.0,1.0,1.0
random256|scalar|static|p_unresolved_q|t1.0,all,16016,1.0,1.0,1.0,1.0,1.0
random256|scalar|static|log_width|t0.7,all,16016,1471.8362,1351.532221,1493.006438,1560.008634,1603.815991
random256|scalar|static|p_unresolved_x|t0.7,all,16016,1.0,1.0,1.0,1.0,1.0
random256|scalar|static|p_unresolved_q|t0.7,all,16016,1.0,1.0,1.0,1.0,1.0
random256|coord|transport|tiles_skipped,all,16016,0.0,0.0,0.0,0.0,0.0
random256|coord|transport|rows_skipped,all,16016,0.0,0.0,0.0,0.0,0.0
random256|coord|transport|rows_skipped_taustar,all,16016,0.0,0.0,0.0,0.0,0.0
random256|coord|transport|log_width|t1.0,all,16016,431.101611,347.635438,429.243651,519.085249,654.980132
random256|coord|transport|p_unresolved_x|t1.0,all,16016,1.0,1.0,1.0,1.0,1.0
random256|coord|transport|p_unresolved_q|t1.0,all,16016,1.0,1.0,1.0,1.0,1.0
random256|coord|transport|log_width|t0.7,all,16016,615.932156,496.62775,613.338447,741.445326,936.001816
random256|coord|transport|p_unresolved_x|t0.7,all,16016,1.0,1.0,1.0,1.0,1.0
random256|coord|transport|p_unresolved_q|t0.7,all,16016,1.0,1.0,1.0,1.0,1.0
random256|coord|transport|log_width_retain64|t1.0,all,16016,205.841788,166.259756,205.790749,246.240706,320.95332
random256|coord|transport|p_unresolved_x_retain64|t1.0,all,16016,0.808067,0.076238,1.0,1.0,1.0
random256|coord|transport|rowlevel_rows_skipped,all,16016,0.0,0.0,0.0,0.0,0.0
random256|coord|static|tiles_skipped,all,16016,0.0,0.0,0.0,0.0,0.0
random256|coord|static|rows_skipped,all,16016,0.0,0.0,0.0,0.0,0.0
random256|coord|static|rows_skipped_taustar,all,16016,0.0,0.0,0.0,0.0,0.0
random256|coord|static|log_width|t1.0,all,16016,437.911994,404.406107,444.493068,461.576572,472.511212
random256|coord|static|p_unresolved_x|t1.0,all,16016,1.0,1.0,1.0,1.0,1.0
random256|coord|static|p_unresolved_q|t1.0,all,16016,1.0,1.0,1.0,1.0,1.0
random256|coord|static|log_width|t0.7,all,16016,626.206306,578.650166,635.594374,659.803516,675.106458
random256|coord|static|p_unresolved_x|t0.7,all,16016,1.0,1.0,1.0,1.0,1.0
random256|coord|static|p_unresolved_q|t0.7,all,16016,1.0,1.0,1.0,1.0,1.0
random256|group32|transport|tiles_skipped,all,16016,0.0,0.0,0.0,0.0,0.0
random256|group32|transport|rows_skipped,all,16016,0.0,0.0,0.0,0.0,0.0
random256|group32|transport|rows_skipped_taustar,all,16016,0.0,0.0,0.0,0.0,0.0
random256|group32|transport|log_width|t1.0,all,16016,308.64524,248.019363,307.537914,373.124454,483.782971
random256|group32|transport|p_unresolved_x|t1.0,all,16016,1.0,1.0,1.0,1.0,1.0
random256|group32|transport|p_unresolved_q|t1.0,all,16016,1.0,1.0,1.0,1.0,1.0
random256|group32|transport|log_width|t0.7,all,16016,441.223437,354.674591,439.635721,533.198599,692.274864
random256|group32|transport|p_unresolved_x|t0.7,all,16016,1.0,1.0,1.0,1.0,1.0
random256|group32|transport|p_unresolved_q|t0.7,all,16016,1.0,1.0,1.0,1.0,1.0
random256|group32|transport|log_width_retain64|t1.0,all,16016,157.078883,126.223745,157.286919,188.285273,245.04476
random256|group32|transport|p_unresolved_x_retain64|t1.0,all,16016,0.808067,0.076238,1.0,1.0,1.0
random256|group32|transport|rowlevel_rows_skipped,all,16016,0.0,0.0,0.0,0.0,0.0
random256|group32|static|tiles_skipped,all,16016,0.0,0.0,0.0,0.0,0.0
random256|group32|static|rows_skipped,all,16016,0.0,0.0,0.0,0.0,0.0
random256|group32|static|rows_skipped_taustar,all,16016,0.0,0.0,0.0,0.0,0.0
random256|group32|static|log_width|t1.0,all,16016,322.242776,302.630585,327.080376,333.98082,340.384029
random256|group32|static|p_unresolved_x|t1.0,all,16016,1.0,1.0,1.0,1.0,1.0
random256|group32|static|p_unresolved_q|t1.0,all,16016,1.0,1.0,1.0,1.0,1.0
random256|group32|static|log_width|t0.7,all,16016,462.346424,434.417831,469.23738,479.089638,488.225804
random256|group32|static|p_unresolved_x|t0.7,all,16016,1.0,1.0,1.0,1.0,1.0
random256|group32|static|p_unresolved_q|t0.7,all,16016,1.0,1.0,1.0,1.0,1.0
random256|group128|transport|tiles_skipped,all,16016,0.0,0.0,0.0,0.0,0.0
random256|group128|transport|rows_skipped,all,16016,0.0,0.0,0.0,0.0,0.0
random256|group128|transport|rows_skipped_taustar,all,16016,0.0,0.0,0.0,0.0,0.0
random256|group128|transport|log_width|t1.0,all,16016,298.76646,240.155041,297.518185,361.058001,467.283384
random256|group128|transport|p_unresolved_x|t1.0,all,16016,1.0,1.0,1.0,1.0,1.0
random256|group128|transport|p_unresolved_q|t1.0,all,16016,1.0,1.0,1.0,1.0,1.0
random256|group128|transport|log_width|t0.7,all,16016,427.164136,343.33083,425.392462,516.296385,668.738563
random256|group128|transport|p_unresolved_x|t0.7,all,16016,1.0,1.0,1.0,1.0,1.0
random256|group128|transport|p_unresolved_q|t0.7,all,16016,1.0,1.0,1.0,1.0,1.0
random256|group128|transport|log_width_retain64|t1.0,all,16016,158.492988,127.39147,158.721245,189.700766,246.327076
random256|group128|transport|p_unresolved_x_retain64|t1.0,all,16016,0.808067,0.076238,1.0,1.0,1.0
random256|group128|transport|rowlevel_rows_skipped,all,16016,0.0,0.0,0.0,0.0,0.0
random256|group128|static|tiles_skipped,all,16016,0.0,0.0,0.0,0.0,0.0
random256|group128|static|rows_skipped,all,16016,0.0,0.0,0.0,0.0,0.0
random256|group128|static|rows_skipped_taustar,all,16016,0.0,0.0,0.0,0.0,0.0
random256|group128|static|log_width|t1.0,all,16016,312.470654,293.123491,317.371564,323.366663,333.364961
random256|group128|static|p_unresolved_x|t1.0,all,16016,1.0,1.0,1.0,1.0,1.0
random256|group128|static|p_unresolved_q|t1.0,all,16016,1.0,1.0,1.0,1.0,1.0
random256|group128|static|log_width|t0.7,all,16016,448.107948,420.496208,455.078561,463.704662,477.958799
random256|group128|static|p_unresolved_x|t0.7,all,16016,1.0,1.0,1.0,1.0,1.0
random256|group128|static|p_unresolved_q|t0.7,all,16016,1.0,1.0,1.0,1.0,1.0
random256|lowrank_w64|transport|tiles_skipped,all,16016,0.0,0.0,0.0,0.0,0.0
random256|lowrank_w64|transport|rows_skipped,all,16016,0.0,0.0,0.0,0.0,0.0
random256|lowrank_w64|transport|rows_skipped_taustar,all,16016,0.0,0.0,0.0,0.0,0.0
random256|lowrank_w64|transport|log_width|t1.0,all,16016,264.717603,213.455887,263.992242,317.767662,398.124826
random256|lowrank_w64|transport|p_unresolved_x|t1.0,all,16016,1.0,1.0,1.0,1.0,1.0
random256|lowrank_w64|transport|p_unresolved_q|t1.0,all,16016,1.0,1.0,1.0,1.0,1.0
random256|lowrank_w64|transport|log_width|t0.7,all,16016,378.025588,304.841585,377.027618,453.716131,568.667384
random256|lowrank_w64|transport|p_unresolved_x|t0.7,all,16016,1.0,1.0,1.0,1.0,1.0
random256|lowrank_w64|transport|p_unresolved_q|t0.7,all,16016,1.0,1.0,1.0,1.0,1.0
random256|lowrank_w64|transport|log_width_retain64|t1.0,all,16016,131.142585,105.103045,131.335479,157.472626,208.026377
random256|lowrank_w64|transport|p_unresolved_x_retain64|t1.0,all,16016,0.808067,0.076238,1.0,1.0,1.0
random256|lowrank_w64|transport|rowlevel_rows_skipped,all,16016,0.0,0.0,0.0,0.0,0.0
random256|lowrank_w64|static|tiles_skipped,all,16016,0.0,0.0,0.0,0.0,0.0
random256|lowrank_w64|static|rows_skipped,all,16016,0.0,0.0,0.0,0.0,0.0
random256|lowrank_w64|static|rows_skipped_taustar,all,16016,0.0,0.0,0.0,0.0,0.0
random256|lowrank_w64|static|log_width|t1.0,all,16016,287.409734,268.656578,291.34402,299.170709,326.16892
random256|lowrank_w64|static|p_unresolved_x|t1.0,all,16016,1.0,1.0,1.0,1.0,1.0
random256|lowrank_w64|static|p_unresolved_q|t1.0,all,16016,1.0,1.0,1.0,1.0,1.0
random256|lowrank_w64|static|log_width|t0.7,all,16016,411.905834,385.136958,417.44742,428.673455,467.137423
random256|lowrank_w64|static|p_unresolved_x|t0.7,all,16016,1.0,1.0,1.0,1.0,1.0
random256|lowrank_w64|static|p_unresolved_q|t0.7,all,16016,1.0,1.0,1.0,1.0,1.0
random256|lowrank_d64|transport|tiles_skipped,all,16016,0.0,0.0,0.0,0.0,0.0
random256|lowrank_d64|transport|rows_skipped,all,16016,0.0,0.0,0.0,0.0,0.0
random256|lowrank_d64|transport|rows_skipped_taustar,all,16016,0.0,0.0,0.0,0.0,0.0
random256|lowrank_d64|transport|log_width|t1.0,all,16016,283.645628,228.168053,283.472211,340.771821,457.454476
random256|lowrank_d64|transport|p_unresolved_x|t1.0,all,16016,1.0,1.0,1.0,1.0,1.0
random256|lowrank_d64|transport|p_unresolved_q|t1.0,all,16016,1.0,1.0,1.0,1.0,1.0
random256|lowrank_d64|transport|log_width|t0.7,all,16016,405.515091,326.341305,405.323132,487.061167,654.848443
random256|lowrank_d64|transport|p_unresolved_x|t0.7,all,16016,1.0,1.0,1.0,1.0,1.0
random256|lowrank_d64|transport|p_unresolved_q|t0.7,all,16016,1.0,1.0,1.0,1.0,1.0
random256|lowrank_d64|transport|log_width_retain64|t1.0,all,16016,152.514065,121.480579,152.949308,183.527103,239.148465
random256|lowrank_d64|transport|p_unresolved_x_retain64|t1.0,all,16016,0.808067,0.076238,1.0,1.0,1.0
random256|lowrank_d64|transport|rowlevel_rows_skipped,all,16016,0.0,0.0,0.0,0.0,0.0
random256|lowrank_d64|static|tiles_skipped,all,16016,0.0,0.0,0.0,0.0,0.0
random256|lowrank_d64|static|rows_skipped,all,16016,0.0,0.0,0.0,0.0,0.0
random256|lowrank_d64|static|rows_skipped_taustar,all,16016,0.0,0.0,0.0,0.0,0.0
random256|lowrank_d64|static|log_width|t1.0,all,16016,308.554865,282.022126,314.300777,324.500314,351.581648
random256|lowrank_d64|static|p_unresolved_x|t1.0,all,16016,1.0,1.0,1.0,1.0,1.0
random256|lowrank_d64|static|p_unresolved_q|t1.0,all,16016,1.0,1.0,1.0,1.0,1.0
random256|lowrank_d64|static|log_width|t0.7,all,16016,442.409749,404.666036,450.597108,465.109262,503.743717
random256|lowrank_d64|static|p_unresolved_x|t0.7,all,16016,1.0,1.0,1.0,1.0,1.0
random256|lowrank_d64|static|p_unresolved_q|t0.7,all,16016,1.0,1.0,1.0,1.0,1.0
random256|lowrank_d256|transport|tiles_skipped,all,16016,0.0,0.0,0.0,0.0,0.0
random256|lowrank_d256|transport|rows_skipped,all,16016,0.0,0.0,0.0,0.0,0.0
random256|lowrank_d256|transport|rows_skipped_taustar,all,16016,0.0,0.0,0.0,0.0,0.0
random256|lowrank_d256|transport|log_width|t1.0,all,16016,295.102499,237.869929,295.368769,353.605803,478.399629
random256|lowrank_d256|transport|p_unresolved_x|t1.0,all,16016,1.0,1.0,1.0,1.0,1.0
random256|lowrank_d256|transport|p_unresolved_q|t1.0,all,16016,1.0,1.0,1.0,1.0,1.0
random256|lowrank_d256|transport|log_width|t0.7,all,16016,421.833873,340.021054,422.223244,505.348467,685.265067
random256|lowrank_d256|transport|p_unresolved_x|t0.7,all,16016,1.0,1.0,1.0,1.0,1.0
random256|lowrank_d256|transport|p_unresolved_q|t0.7,all,16016,1.0,1.0,1.0,1.0,1.0
random256|lowrank_d256|transport|log_width_retain64|t1.0,all,16016,152.91646,122.139594,153.381363,183.822485,237.731879
random256|lowrank_d256|transport|p_unresolved_x_retain64|t1.0,all,16016,0.808067,0.076238,1.0,1.0,1.0
random256|lowrank_d256|transport|rowlevel_rows_skipped,all,16016,0.0,0.0,0.0,0.0,0.0
random256|lowrank_d256|static|tiles_skipped,all,16016,0.0,0.0,0.0,0.0,0.0
random256|lowrank_d256|static|rows_skipped,all,16016,0.0,0.0,0.0,0.0,0.0
random256|lowrank_d256|static|rows_skipped_taustar,all,16016,0.0,0.0,0.0,0.0,0.0
random256|lowrank_d256|static|log_width|t1.0,all,16016,321.498035,292.652332,327.637895,339.39151,361.223414
random256|lowrank_d256|static|p_unresolved_x|t1.0,all,16016,1.0,1.0,1.0,1.0,1.0
random256|lowrank_d256|static|p_unresolved_q|t1.0,all,16016,1.0,1.0,1.0,1.0,1.0
random256|lowrank_d256|static|log_width|t0.7,all,16016,460.828067,419.8247,469.558355,486.284708,517.230373
random256|lowrank_d256|static|p_unresolved_x|t0.7,all,16016,1.0,1.0,1.0,1.0,1.0
random256|lowrank_d256|static|p_unresolved_q|t0.7,all,16016,1.0,1.0,1.0,1.0,1.0
random256|best|transport|tiles_skipped,all,16016,0.0,0.0,0.0,0.0,0.0
random256|best|transport|rows_skipped,all,16016,0.0,0.0,0.0,0.0,0.0
random256|best|transport|rows_skipped_taustar,all,16016,0.0,0.0,0.0,0.0,0.0
random256|best|transport|log_width|t1.0,all,16016,255.763692,206.762937,255.332904,307.207419,393.434332
random256|best|transport|p_unresolved_x|t1.0,all,16016,1.0,1.0,1.0,1.0,1.0
random256|best|transport|p_unresolved_q|t1.0,all,16016,1.0,1.0,1.0,1.0,1.0
random256|best|transport|log_width|t0.7,all,16016,365.455303,295.561234,364.83743,439.026235,562.363005
random256|best|transport|p_unresolved_x|t0.7,all,16016,1.0,1.0,1.0,1.0,1.0
random256|best|transport|p_unresolved_q|t0.7,all,16016,1.0,1.0,1.0,1.0,1.0
random256|best|transport|log_width_retain64|t1.0,all,16016,125.179006,100.279788,125.516723,150.326863,194.154455
random256|best|transport|p_unresolved_x_retain64|t1.0,all,16016,0.808067,0.076238,1.0,1.0,1.0
random256|best|transport|rowlevel_rows_skipped,all,16016,0.0,0.0,0.0,0.0,0.0
random256|best|static|tiles_skipped,all,16016,0.0,0.0,0.0,0.0,0.0
random256|best|static|rows_skipped,all,16016,0.0,0.0,0.0,0.0,0.0
random256|best|static|rows_skipped_taustar,all,16016,0.0,0.0,0.0,0.0,0.0
random256|best|static|log_width|t1.0,all,16016,276.433553,256.200381,281.2685,288.215375,301.841439
random256|best|static|p_unresolved_x|t1.0,all,16016,1.0,1.0,1.0,1.0,1.0
random256|best|static|p_unresolved_q|t1.0,all,16016,1.0,1.0,1.0,1.0,1.0
random256|best|static|log_width|t0.7,all,16016,396.359841,367.561702,403.228117,413.192111,432.402075
random256|best|static|p_unresolved_x|t0.7,all,16016,1.0,1.0,1.0,1.0,1.0
random256|best|static|p_unresolved_q|t0.7,all,16016,1.0,1.0,1.0,1.0,1.0
random256|oracle|transport|tiles_skipped,all,16016,0.946554,0.904124,0.997938,0.998969,0.0
random256|oracle|transport|rows_skipped,all,16016,0.946554,0.904124,0.997938,0.998969,0.0
random256|oracle|transport|rows_skipped_taustar,all,16016,0.989097,0.979381,0.997938,0.998969,0.192784
random256|oracle|transport|log_width|t1.0,all,16016,12.670561,9.384189,12.302228,16.472518,30.741816
random256|oracle|transport|p_unresolved_x|t1.0,all,16016,0.814293,0.094513,0.978809,0.999872,1.0
random256|oracle|transport|p_unresolved_q|t1.0,all,16016,0.826642,0.341945,0.958225,0.998582,1.0
random256|oracle|transport|log_width|t0.7,all,16016,18.127726,13.288049,17.585792,23.691547,44.196063
random256|oracle|transport|p_unresolved_x|t0.7,all,16016,0.838312,0.071395,0.995878,0.999997,1.0
random256|oracle|transport|p_unresolved_q|t0.7,all,16016,0.841537,0.266035,0.985305,0.99992,1.0
random256|oracle|transport|log_width_retain64|t1.0,all,16016,0.740269,3.4e-05,0.02056,2.867903,13.008055
random256|oracle|transport|p_unresolved_x_retain64|t1.0,all,16016,0.126649,0.0,0.000657,0.543142,0.999991
random256|oracle|transport|rowlevel_rows_skipped,all,16016,0.997333,0.999579,0.999992,0.999996,0.001635
random256|oracle|static|tiles_skipped,all,16016,0.994036,0.995876,0.998969,0.998969,0.0
random256|oracle|static|rows_skipped,all,16016,0.994036,0.995876,0.998969,0.998969,0.0
random256|oracle|static|rows_skipped_taustar,all,16016,0.998969,0.998969,0.998969,0.998969,0.997938
random256|oracle|static|log_width|t1.0,all,16016,27.567614,20.608722,27.60489,34.356069,45.31156
random256|oracle|static|p_unresolved_x|t1.0,all,16016,0.995989,0.994431,0.996092,0.999739,1.0
random256|oracle|static|p_unresolved_q|t1.0,all,16016,0.995986,0.996083,0.996094,0.996094,0.999939
random256|oracle|static|log_width|t0.7,all,16016,41.707014,31.384415,41.866113,51.624653,67.336467
random256|oracle|static|p_unresolved_x|t0.7,all,16016,0.99662,0.99537,0.996094,0.999949,1.0
random256|oracle|static|p_unresolved_q|t0.7,all,16016,0.996168,0.996094,0.996094,0.996128,0.999997
kmeans64|scalar|transport|tiles_skipped,all,16016,0.338645,0.33866,0.33866,0.33866,0.231186
kmeans64|scalar|transport|rows_skipped,all,16016,0.005291,0.005292,0.005292,0.005292,0.003612
kmeans64|scalar|transport|rows_skipped_taustar,all,16016,0.005292,0.005292,0.005292,0.005292,0.005288
kmeans64|scalar|transport|log_width|t1.0,all,16016,905.030613,729.541853,901.260468,1091.142778,1361.078798
kmeans64|scalar|transport|p_unresolved_x|t1.0,all,16016,0.9976,1.0,1.0,1.0,1.0
kmeans64|scalar|transport|p_unresolved_q|t1.0,all,16016,0.997942,1.0,1.0,1.0,1.0
kmeans64|scalar|transport|log_width|t0.7,all,16016,1292.799176,1041.883586,1287.578826,1558.879707,1944.519751
kmeans64|scalar|transport|p_unresolved_x|t0.7,all,16016,0.997152,1.0,1.0,1.0,1.0
kmeans64|scalar|transport|p_unresolved_q|t0.7,all,16016,0.997177,1.0,1.0,1.0,1.0
kmeans64|scalar|transport|log_width_retain64|t1.0,all,16016,885.99453,713.171726,883.219098,1068.089781,1346.318914
kmeans64|scalar|transport|p_unresolved_x_retain64|t1.0,all,16016,0.808057,0.076152,1.0,1.0,1.0
kmeans64|scalar|transport|rowlevel_rows_skipped,all,16016,0.005291,0.005292,0.005292,0.005292,0.003612
kmeans64|scalar|static|tiles_skipped,all,16016,0.338645,0.33866,0.33866,0.33866,0.231186
kmeans64|scalar|static|rows_skipped,all,16016,0.005291,0.005292,0.005292,0.005292,0.003612
kmeans64|scalar|static|rows_skipped_taustar,all,16016,0.005292,0.005292,0.005292,0.005292,0.005288
kmeans64|scalar|static|log_width|t1.0,all,16016,916.46991,842.003169,929.661776,971.133045,998.174596
kmeans64|scalar|static|p_unresolved_x|t1.0,all,16016,0.9976,1.0,1.0,1.0,1.0
kmeans64|scalar|static|p_unresolved_q|t1.0,all,16016,0.997942,1.0,1.0,1.0,1.0
kmeans64|scalar|static|log_width|t0.7,all,16016,1307.645836,1201.366907,1326.570565,1385.586223,1424.954617
kmeans64|scalar|static|p_unresolved_x|t0.7,all,16016,0.997152,1.0,1.0,1.0,1.0
kmeans64|scalar|static|p_unresolved_q|t0.7,all,16016,0.997177,1.0,1.0,1.0,1.0
kmeans64|coord|transport|tiles_skipped,all,16016,0.373349,0.338918,0.370619,0.41366,0.231186
kmeans64|coord|transport|rows_skipped,all,16016,0.006383,0.0053,0.00629,0.007643,0.003612
kmeans64|coord|transport|rows_skipped_taustar,all,16016,0.00645,0.005356,0.006387,0.007655,0.005292
kmeans64|coord|transport|log_width|t1.0,all,16016,316.205888,255.217264,314.952369,380.818105,473.983984
kmeans64|coord|transport|p_unresolved_x|t1.0,all,16016,0.9976,1.0,1.0,1.0,1.0
kmeans64|coord|transport|p_unresolved_q|t1.0,all,16016,0.997942,1.0,1.0,1.0,1.0
kmeans64|coord|transport|log_width|t0.7,all,16016,451.212128,363.94045,449.557526,543.538595,676.604992
kmeans64|coord|transport|p_unresolved_x|t0.7,all,16016,0.997152,1.0,1.0,1.0,1.0
kmeans64|coord|transport|p_unresolved_q|t0.7,all,16016,0.997177,1.0,1.0,1.0,1.0
kmeans64|coord|transport|log_width_retain64|t1.0,all,16016,297.376065,238.682979,296.936022,358.023957,459.11633
kmeans64|coord|transport|p_unresolved_x_retain64|t1.0,all,16016,0.808057,0.076152,1.0,1.0,1.0
kmeans64|coord|transport|rowlevel_rows_skipped,all,16016,0.006504,0.005308,0.006476,0.007752,0.003612
kmeans64|coord|static|tiles_skipped,all,16016,0.374543,0.338789,0.371392,0.416495,0.231186
kmeans64|coord|static|rows_skipped,all,16016,0.006415,0.005296,0.006314,0.007732,0.003612
kmeans64|coord|static|rows_skipped_taustar,all,16016,0.006483,0.005332,0.006443,0.00774,0.005292
kmeans64|coord|static|log_width|t1.0,all,16016,319.598732,294.59675,324.257608,337.687013,346.425666
kmeans64|coord|static|p_unresolved_x|t1.0,all,16016,0.9976,1.0,1.0,1.0,1.0
kmeans64|coord|static|p_unresolved_q|t1.0,all,16016,0.997942,1.0,1.0,1.0,1.0
kmeans64|coord|static|log_width|t0.7,all,16016,454.094268,418.384116,460.719138,479.87491,492.677939
kmeans64|coord|static|p_unresolved_x|t0.7,all,16016,0.997152,1.0,1.0,1.0,1.0
kmeans64|coord|static|p_unresolved_q|t0.7,all,16016,0.997177,1.0,1.0,1.0,1.0
kmeans64|group32|transport|tiles_skipped,all,16016,0.340385,0.33866,0.33866,0.341753,0.231186
kmeans64|group32|transport|rows_skipped,all,16016,0.005346,0.005292,0.005292,0.005388,0.003612
kmeans64|group32|transport|rows_skipped_taustar,all,16016,0.005347,0.005292,0.005292,0.005396,0.005288
kmeans64|group32|transport|log_width|t1.0,all,16016,169.37846,137.481323,168.768162,202.940341,251.912396
kmeans64|group32|transport|p_unresolved_x|t1.0,all,16016,0.9976,1.0,1.0,1.0,1.0
kmeans64|group32|transport|p_unresolved_q|t1.0,all,16016,0.997942,1.0,1.0,1.0,1.0
kmeans64|group32|transport|log_width|t0.7,all,16016,241.418086,195.720562,240.534172,289.565381,359.589927
kmeans64|group32|transport|p_unresolved_x|t0.7,all,16016,0.997152,1.0,1.0,1.0,1.0
kmeans64|group32|transport|p_unresolved_q|t0.7,all,16016,0.997177,1.0,1.0,1.0,1.0
kmeans64|group32|transport|log_width_retain64|t1.0,all,16016,150.28574,120.445211,150.39412,180.479035,237.152512
kmeans64|group32|transport|p_unresolved_x_retain64|t1.0,all,16016,0.808057,0.076152,1.0,1.0,1.0
kmeans64|group32|transport|rowlevel_rows_skipped,all,16016,0.00536,0.005292,0.005292,0.005424,0.003612
kmeans64|group32|static|tiles_skipped,all,16016,0.339698,0.33866,0.33866,0.342268,0.231186
kmeans64|group32|static|rows_skipped,all,16016,0.005324,0.005292,0.005292,0.005404,0.003612
kmeans64|group32|static|rows_skipped_taustar,all,16016,0.005325,0.005292,0.005292,0.005404,0.005288
kmeans64|group32|static|log_width|t1.0,all,16016,173.292164,162.784415,175.737034,180.011228,183.284118
kmeans64|group32|static|p_unresolved_x|t1.0,all,16016,0.9976,1.0,1.0,1.0,1.0
kmeans64|group32|static|p_unresolved_q|t1.0,all,16016,0.997942,1.0,1.0,1.0,1.0
kmeans64|group32|static|log_width|t0.7,all,16016,245.254043,230.299525,248.588026,254.972399,259.853472
kmeans64|group32|static|p_unresolved_x|t0.7,all,16016,0.997152,1.0,1.0,1.0,1.0
kmeans64|group32|static|p_unresolved_q|t0.7,all,16016,0.997177,1.0,1.0,1.0,1.0
kmeans64|group128|transport|tiles_skipped,all,16016,0.340147,0.33866,0.33866,0.341237,0.231186
kmeans64|group128|transport|rows_skipped,all,16016,0.005339,0.005292,0.005292,0.005372,0.003612
kmeans64|group128|transport|rows_skipped_taustar,all,16016,0.00534,0.005292,0.005292,0.005376,0.005288
kmeans64|group128|transport|log_width|t1.0,all,16016,152.745492,123.744091,152.129775,183.297442,240.158275
kmeans64|group128|transport|p_unresolved_x|t1.0,all,16016,0.9976,1.0,1.0,1.0,1.0
kmeans64|group128|transport|p_unresolved_q|t1.0,all,16016,0.997942,1.0,1.0,1.0,1.0
kmeans64|group128|transport|log_width|t0.7,all,16016,218.158814,176.506454,217.110355,262.315638,344.823684
kmeans64|group128|transport|p_unresolved_x|t0.7,all,16016,0.997152,1.0,1.0,1.0,1.0
kmeans64|group128|transport|p_unresolved_q|t0.7,all,16016,0.997177,1.0,1.0,1.0,1.0
kmeans64|group128|transport|log_width_retain64|t1.0,all,16016,132.673536,106.159982,132.882699,159.392369,210.55944
kmeans64|group128|transport|p_unresolved_x_retain64|t1.0,all,16016,0.808057,0.076152,1.0,1.0,1.0
kmeans64|group128|transport|rowlevel_rows_skipped,all,16016,0.005351,0.005292,0.005292,0.0054,0.003612
kmeans64|group128|static|tiles_skipped,all,16016,0.339494,0.33866,0.33866,0.341495,0.231186
kmeans64|group128|static|rows_skipped,all,16016,0.005318,0.005292,0.005292,0.00538,0.003612
kmeans64|group128|static|rows_skipped_taustar,all,16016,0.005319,0.005292,0.005292,0.00538,0.005288
kmeans64|group128|static|log_width|t1.0,all,16016,156.209072,146.695642,158.525506,161.834073,168.949735
kmeans64|group128|static|p_unresolved_x|t1.0,all,16016,0.9976,1.0,1.0,1.0,1.0
kmeans64|group128|static|p_unresolved_q|t1.0,all,16016,0.997942,1.0,1.0,1.0,1.0
kmeans64|group128|static|log_width|t0.7,all,16016,220.974404,207.558386,224.122917,229.13146,239.341929
kmeans64|group128|static|p_unresolved_x|t0.7,all,16016,0.997152,1.0,1.0,1.0,1.0
kmeans64|group128|static|p_unresolved_q|t0.7,all,16016,0.997177,1.0,1.0,1.0,1.0
kmeans64|lowrank_w64|transport|tiles_skipped,all,16016,0.340585,0.33866,0.33866,0.342526,0.231186
kmeans64|lowrank_w64|transport|rows_skipped,all,16016,0.005353,0.005292,0.005292,0.005412,0.003612
kmeans64|lowrank_w64|transport|rows_skipped_taustar,all,16016,0.005354,0.005292,0.005292,0.00542,0.005288
kmeans64|lowrank_w64|transport|log_width|t1.0,all,16016,151.452948,122.605426,150.541534,182.145447,241.169266
kmeans64|lowrank_w64|transport|p_unresolved_x|t1.0,all,16016,0.9976,1.0,1.0,1.0,1.0
kmeans64|lowrank_w64|transport|p_unresolved_q|t1.0,all,16016,0.997942,1.0,1.0,1.0,1.0
kmeans64|lowrank_w64|transport|log_width|t0.7,all,16016,216.315772,174.681814,214.766284,260.690262,346.267957
kmeans64|lowrank_w64|transport|p_unresolved_x|t0.7,all,16016,0.997152,1.0,1.0,1.0,1.0
kmeans64|lowrank_w64|transport|p_unresolved_q|t0.7,all,16016,0.997177,1.0,1.0,1.0,1.0
kmeans64|lowrank_w64|transport|log_width_retain64|t1.0,all,16016,130.953232,104.988241,131.141372,157.24705,207.306563
kmeans64|lowrank_w64|transport|p_unresolved_x_retain64|t1.0,all,16016,0.808057,0.076152,1.0,1.0,1.0
kmeans64|lowrank_w64|transport|rowlevel_rows_skipped,all,16016,0.005368,0.005292,0.005292,0.005449,0.003612
kmeans64|lowrank_w64|static|tiles_skipped,all,16016,0.339886,0.33866,0.33866,0.342784,0.231186
kmeans64|lowrank_w64|static|rows_skipped,all,16016,0.00533,0.005292,0.005292,0.00542,0.003612
kmeans64|lowrank_w64|static|rows_skipped_taustar,all,16016,0.005332,0.005292,0.005292,0.00542,0.005288
kmeans64|lowrank_w64|static|log_width|t1.0,all,16016,157.970376,147.748173,159.863002,164.642975,177.666897
kmeans64|lowrank_w64|static|p_unresolved_x|t1.0,all,16016,0.9976,1.0,1.0,1.0,1.0
kmeans64|lowrank_w64|static|p_unresolved_q|t1.0,all,16016,0.997942,1.0,1.0,1.0,1.0
kmeans64|lowrank_w64|static|log_width|t0.7,all,16016,223.501307,209.089893,226.111447,233.046668,251.475533
kmeans64|lowrank_w64|static|p_unresolved_x|t0.7,all,16016,0.997152,1.0,1.0,1.0,1.0
kmeans64|lowrank_w64|static|p_unresolved_q|t0.7,all,16016,0.997177,1.0,1.0,1.0,1.0
kmeans64|lowrank_d64|transport|tiles_skipped,all,16016,0.344234,0.33866,0.338918,0.354381,0.231186
kmeans64|lowrank_d64|transport|rows_skipped,all,16016,0.005469,0.005292,0.0053,0.005783,0.003612
kmeans64|lowrank_d64|transport|rows_skipped_taustar,all,16016,0.005473,0.005292,0.0053,0.005791,0.005288
kmeans64|lowrank_d64|transport|log_width|t1.0,all,16016,147.705869,120.090692,147.305056,176.828963,226.584944
kmeans64|lowrank_d64|transport|p_unresolved_x|t1.0,all,16016,0.9976,1.0,1.0,1.0,1.0
kmeans64|lowrank_d64|transport|p_unresolved_q|t1.0,all,16016,0.997942,1.0,1.0,1.0,1.0
kmeans64|lowrank_d64|transport|log_width|t0.7,all,16016,211.423465,171.62393,210.720229,253.428634,325.29459
kmeans64|lowrank_d64|transport|p_unresolved_x|t0.7,all,16016,0.997152,1.0,1.0,1.0,1.0
kmeans64|lowrank_d64|transport|p_unresolved_q|t0.7,all,16016,0.997177,1.0,1.0,1.0,1.0
kmeans64|lowrank_d64|transport|log_width_retain64|t1.0,all,16016,124.94413,99.002491,125.231381,150.969084,198.719088
kmeans64|lowrank_d64|transport|p_unresolved_x_retain64|t1.0,all,16016,0.808057,0.076152,1.0,1.0,1.0
kmeans64|lowrank_d64|transport|rowlevel_rows_skipped,all,16016,0.005505,0.005292,0.005308,0.005908,0.003612
kmeans64|lowrank_d64|static|tiles_skipped,all,16016,0.34086,0.33866,0.33866,0.345619,0.231186
kmeans64|lowrank_d64|static|rows_skipped,all,16016,0.005361,0.005292,0.005292,0.005509,0.003612
kmeans64|lowrank_d64|static|rows_skipped_taustar,all,16016,0.005363,0.005292,0.005292,0.005517,0.005288
kmeans64|lowrank_d64|static|log_width|t1.0,all,16016,153.986045,141.09079,156.780527,161.941216,175.712536
kmeans64|lowrank_d64|static|p_unresolved_x|t1.0,all,16016,0.9976,1.0,1.0,1.0,1.0
kmeans64|lowrank_d64|static|p_unresolved_q|t1.0,all,16016,0.997942,1.0,1.0,1.0,1.0
kmeans64|lowrank_d64|static|log_width|t0.7,all,16016,217.818875,199.688599,221.611157,229.22955,248.113966
kmeans64|lowrank_d64|static|p_unresolved_x|t0.7,all,16016,0.997152,1.0,1.0,1.0,1.0
kmeans64|lowrank_d64|static|p_unresolved_q|t0.7,all,16016,0.997177,1.0,1.0,1.0,1.0
kmeans64|lowrank_d256|transport|tiles_skipped,all,16016,0.349066,0.33866,0.340206,0.375,0.231186
kmeans64|lowrank_d256|transport|rows_skipped,all,16016,0.005621,0.005292,0.00534,0.006427,0.003612
kmeans64|lowrank_d256|transport|rows_skipped_taustar,all,16016,0.00563,0.005292,0.005348,0.006449,0.005288
kmeans64|lowrank_d256|transport|log_width|t1.0,all,16016,166.377509,134.520429,165.964113,199.842156,257.522315
kmeans64|lowrank_d256|transport|p_unresolved_x|t1.0,all,16016,0.9976,1.0,1.0,1.0,1.0
kmeans64|lowrank_d256|transport|p_unresolved_q|t1.0,all,16016,0.997942,1.0,1.0,1.0,1.0
kmeans64|lowrank_d256|transport|log_width|t0.7,all,16016,238.546485,192.573392,237.866174,286.864718,368.7835
kmeans64|lowrank_d256|transport|p_unresolved_x|t0.7,all,16016,0.997152,1.0,1.0,1.0,1.0
kmeans64|lowrank_d256|transport|p_unresolved_q|t0.7,all,16016,0.997177,1.0,1.0,1.0,1.0
kmeans64|lowrank_d256|transport|log_width_retain64|t1.0,all,16016,142.036869,113.226586,142.468894,170.912169,222.271574
kmeans64|lowrank_d256|transport|p_unresolved_x_retain64|t1.0,all,16016,0.808057,0.076152,1.0,1.0,1.0
kmeans64|lowrank_d256|transport|rowlevel_rows_skipped,all,16016,0.005677,0.005292,0.005356,0.006596,0.003612
kmeans64|lowrank_d256|static|tiles_skipped,all,16016,0.345272,0.33866,0.339175,0.362113,0.231186
kmeans64|lowrank_d256|static|rows_skipped,all,16016,0.005499,0.005292,0.005308,0.006024,0.003612
kmeans64|lowrank_d256|static|rows_skipped_taustar,all,16016,0.005506,0.005292,0.005316,0.006041,0.005288
kmeans64|lowrank_d256|static|log_width|t1.0,all,16016,171.30107,157.186481,174.421903,180.064781,192.636852
kmeans64|lowrank_d256|static|p_unresolved_x|t1.0,all,16016,0.9976,1.0,1.0,1.0,1.0
kmeans64|lowrank_d256|static|p_unresolved_q|t1.0,all,16016,0.997942,1.0,1.0,1.0,1.0
kmeans64|lowrank_d256|static|log_width|t0.7,all,16016,243.051752,223.586548,247.198158,255.439805,273.192784
kmeans64|lowrank_d256|static|p_unresolved_x|t0.7,all,16016,0.997152,1.0,1.0,1.0,1.0
kmeans64|lowrank_d256|static|p_unresolved_q|t0.7,all,16016,0.997177,1.0,1.0,1.0,1.0
kmeans64|best|transport|tiles_skipped,all,16016,0.373406,0.338918,0.370619,0.413918,0.231186
kmeans64|best|transport|rows_skipped,all,16016,0.006386,0.0053,0.00629,0.007643,0.003612
kmeans64|best|transport|rows_skipped_taustar,all,16016,0.006453,0.005356,0.006387,0.007657,0.005292
kmeans64|best|transport|log_width|t1.0,all,16016,146.816105,119.295874,146.366403,175.703333,226.584944
kmeans64|best|transport|p_unresolved_x|t1.0,all,16016,0.9976,1.0,1.0,1.0,1.0
kmeans64|best|transport|p_unresolved_q|t1.0,all,16016,0.997942,1.0,1.0,1.0,1.0
kmeans64|best|transport|log_width|t0.7,all,16016,209.980993,170.342944,209.236801,251.913115,325.29459
kmeans64|best|transport|p_unresolved_x|t0.7,all,16016,0.997152,1.0,1.0,1.0,1.0
kmeans64|best|transport|p_unresolved_q|t0.7,all,16016,0.997177,1.0,1.0,1.0,1.0
kmeans64|best|transport|log_width_retain64|t1.0,all,16016,124.488491,98.843033,124.78515,150.240103,198.719088
kmeans64|best|transport|p_unresolved_x_retain64|t1.0,all,16016,0.808057,0.076152,1.0,1.0,1.0
kmeans64|best|transport|rowlevel_rows_skipped,all,16016,0.006508,0.005308,0.006476,0.007756,0.003612
kmeans64|best|static|tiles_skipped,all,16016,0.374575,0.338789,0.371649,0.416495,0.231186
kmeans64|best|static|rows_skipped,all,16016,0.006416,0.005296,0.006322,0.007732,0.003612
kmeans64|best|static|rows_skipped_taustar,all,16016,0.006484,0.005332,0.006451,0.00774,0.005292
kmeans64|best|static|log_width|t1.0,all,16016,153.311731,141.00731,156.096023,160.959238,168.949675
kmeans64|best|static|p_unresolved_x|t1.0,all,16016,0.9976,1.0,1.0,1.0,1.0
kmeans64|best|static|p_unresolved_q|t1.0,all,16016,0.997942,1.0,1.0,1.0,1.0
kmeans64|best|static|log_width|t0.7,all,16016,216.850232,199.496853,220.683064,227.76682,239.341928
kmeans64|best|static|p_unresolved_x|t0.7,all,16016,0.997152,1.0,1.0,1.0,1.0
kmeans64|best|static|p_unresolved_q|t0.7,all,16016,0.997177,1.0,1.0,1.0,1.0
kmeans64|oracle|transport|tiles_skipped,all,16016,0.9925,0.992784,0.999742,0.999742,0.259794
kmeans64|oracle|transport|rows_skipped,all,16016,0.960166,0.890927,0.999227,0.999625,0.004655
kmeans64|oracle|transport|rows_skipped_taustar,all,16016,0.986645,0.953741,0.999364,0.999625,0.586642
kmeans64|oracle|transport|log_width|t1.0,all,16016,12.505854,8.157513,11.829594,17.783604,39.386751
kmeans64|oracle|transport|p_unresolved_x|t1.0,all,16016,0.79739,0.040499,0.972672,0.999879,1.0
kmeans64|oracle|transport|p_unresolved_q|t1.0,all,16016,0.806396,0.298825,0.937619,0.999297,1.0
kmeans64|oracle|transport|log_width|t0.7,all,16016,17.914402,11.472739,16.987406,25.599093,56.763581
kmeans64|oracle|transport|p_unresolved_x|t0.7,all,16016,0.821754,0.015975,0.994081,0.999998,1.0
kmeans64|oracle|transport|p_unresolved_q|t0.7,all,16016,0.82233,0.213448,0.976059,0.99997,1.0
kmeans64|oracle|transport|log_width_retain64|t1.0,all,16016,0.633896,3e-05,0.011921,2.489457,12.398985
kmeans64|oracle|transport|p_unresolved_x_retain64|t1.0,all,16016,0.108006,0.0,0.000203,0.448161,0.999944
kmeans64|oracle|transport|rowlevel_rows_skipped,all,16016,0.997672,0.999706,0.999992,0.999996,0.015673
kmeans64|oracle|static|tiles_skipped,all,16016,0.998802,0.999227,0.999742,0.999742,0.293041
kmeans64|oracle|static|rows_skipped,all,16016,0.993627,0.993579,0.999601,0.999625,0.006576
kmeans64|oracle|static|rows_skipped_taustar,all,16016,0.998591,0.998059,0.999601,0.999706,0.951707
kmeans64|oracle|static|log_width|t1.0,all,16016,22.966944,16.115704,23.042547,29.585545,40.08917
kmeans64|oracle|static|p_unresolved_x|t1.0,all,16016,0.987444,0.984151,0.989899,0.999799,1.0
kmeans64|oracle|static|p_unresolved_q|t1.0,all,16016,0.987682,0.985508,0.989899,0.997631,0.999924
kmeans64|oracle|static|log_width|t0.7,all,16016,32.52176,21.70292,32.920693,42.589896,57.929762
kmeans64|oracle|static|p_unresolved_x|t0.7,all,16016,0.987558,0.986303,0.990027,0.999929,1.0
kmeans64|oracle|static|p_unresolved_q|t0.7,all,16016,0.986822,0.986039,0.989899,0.997925,0.999995
kmeans256|scalar|transport|tiles_skipped,all,16016,0.240195,0.240206,0.240206,0.240206,0.162887
kmeans256|scalar|transport|rows_skipped,all,16016,0.000938,0.000938,0.000938,0.000938,0.000636
kmeans256|scalar|transport|rows_skipped_taustar,all,16016,0.000938,0.000938,0.000938,0.000938,0.000934
kmeans256|scalar|transport|log_width|t1.0,all,16016,1021.238848,823.063711,1016.678901,1231.089919,1537.323908
kmeans256|scalar|transport|p_unresolved_x|t1.0,all,16016,0.998995,1.0,1.0,1.0,1.0
kmeans256|scalar|transport|p_unresolved_q|t1.0,all,16016,0.99926,1.0,1.0,1.0,1.0
kmeans256|scalar|transport|log_width|t0.7,all,16016,1459.085229,1175.83956,1452.581918,1758.915927,2196.457669
kmeans256|scalar|transport|p_unresolved_x|t0.7,all,16016,0.998696,1.0,1.0,1.0,1.0
kmeans256|scalar|transport|p_unresolved_q|t0.7,all,16016,0.99887,1.0,1.0,1.0,1.0
kmeans256|scalar|transport|log_width_retain64|t1.0,all,16016,999.832583,804.672512,996.418997,1205.379826,1518.963844
kmeans256|scalar|transport|p_unresolved_x_retain64|t1.0,all,16016,0.808065,0.076238,1.0,1.0,1.0
kmeans256|scalar|transport|rowlevel_rows_skipped,all,16016,0.000938,0.000938,0.000938,0.000938,0.000636
kmeans256|scalar|static|tiles_skipped,all,16016,0.240195,0.240206,0.240206,0.240206,0.162887
kmeans256|scalar|static|rows_skipped,all,16016,0.000938,0.000938,0.000938,0.000938,0.000636
kmeans256|scalar|static|rows_skipped_taustar,all,16016,0.000938,0.000938,0.000938,0.000938,0.000934
kmeans256|scalar|static|log_width|t1.0,all,16016,1033.646014,949.448032,1048.358795,1095.628521,1126.227441
kmeans256|scalar|static|p_unresolved_x|t1.0,all,16016,0.998995,1.0,1.0,1.0,1.0
kmeans256|scalar|static|p_unresolved_q|t1.0,all,16016,0.99926,1.0,1.0,1.0,1.0
kmeans256|scalar|static|log_width|t0.7,all,16016,1475.289003,1354.915449,1496.347174,1563.820263,1607.74513
kmeans256|scalar|static|p_unresolved_x|t0.7,all,16016,0.998696,1.0,1.0,1.0,1.0
kmeans256|scalar|static|p_unresolved_q|t0.7,all,16016,0.99887,1.0,1.0,1.0,1.0
kmeans256|coord|transport|tiles_skipped,all,16016,0.263955,0.240206,0.257732,0.296907,0.162887
kmeans256|coord|transport|tiles_skipped,outcome=accepted,9969,0.272301,0.246392,0.270103,0.302062,0.240206
kmeans256|coord|transport|tiles_skipped,outcome=rejected,2298,0.249737,0.240206,0.243299,0.270103,0.212371
kmeans256|coord|transport|tiles_skipped,outcome=unreached,3749,0.250476,0.240206,0.245361,0.271134,0.162887
kmeans256|coord|transport|tiles_skipped,position=1,4004,0.277431,0.243299,0.278351,0.308247,0.239175
kmeans256|coord|transport|tiles_skipped,position=2,4004,0.26443,0.240206,0.259794,0.294845,0.162887
kmeans256|coord|transport|tiles_skipped,position=3,4004,0.258508,0.240206,0.253608,0.285567,0.235052
kmeans256|coord|transport|tiles_skipped,position=4,4004,0.25545,0.240206,0.250515,0.280412,0.212371
kmeans256|coord|transport|tiles_skipped,domain=chat,4688,0.259427,0.240206,0.252577,0.291753,0.237113
kmeans256|coord|transport|tiles_skipped,domain=code,3160,0.271334,0.246392,0.270103,0.3,0.239175
kmeans256|coord|transport|tiles_skipped,domain=maths,3696,0.274871,0.247423,0.273196,0.303093,0.240206
kmeans256|coord|transport|tiles_skipped,domain=multilingual,4472,0.254465,0.240206,0.246392,0.283505,0.162887
kmeans256|coord|transport|rows_skipped,all,16016,0.001125,0.000938,0.001075,0.001381,0.000636
kmeans256|coord|transport|rows_skipped,outcome=accepted,9969,0.001191,0.000987,0.001172,0.001422,0.000938
kmeans256|coord|transport|rows_skipped,outcome=rejected,2298,0.001013,0.000938,0.000962,0.001172,0.00083
kmeans256|coord|transport|rows_skipped,outcome=unreached,3749,0.001019,0.000938,0.000979,0.00118,0.000636
kmeans256|coord|transport|rows_skipped,position=1,4004,0.001233,0.000962,0.001236,0.001474,0.000934
kmeans256|coord|transport|rows_skipped,position=2,4004,0.001128,0.000938,0.001091,0.001365,0.000636
kmeans256|coord|transport|rows_skipped,position=3,4004,0.001081,0.000938,0.001043,0.001293,0.000918
kmeans256|coord|transport|rows_skipped,position=4,4004,0.001057,0.000938,0.001019,0.001252,0.00083
kmeans256|coord|transport|rows_skipped,domain=chat,4688,0.001089,0.000938,0.001035,0.001341,0.000926
kmeans256|coord|transport|rows_skipped,domain=code,3160,0.001183,0.000987,0.001172,0.001405,0.000934
kmeans256|coord|transport|rows_skipped,domain=maths,3696,0.001211,0.000995,0.001196,0.00143,0.000938
kmeans256|coord|transport|rows_skipped,domain=multilingual,4472,0.00105,0.000938,0.000987,0.001277,0.000636
kmeans256|coord|transport|rows_skipped_taustar,all,16016,0.001136,0.000946,0.001091,0.001381,0.000938
kmeans256|coord|transport|rows_skipped_taustar,outcome=accepted,9969,0.001191,0.000987,0.001172,0.001422,0.000938
kmeans256|coord|transport|rows_skipped_taustar,outcome=rejected,2298,0.001068,0.000938,0.001027,0.001285,0.000938
kmeans256|coord|transport|rows_skipped_taustar,outcome=unreached,3749,0.001032,0.000938,0.000995,0.001196,0.000938
kmeans256|coord|transport|rows_skipped_taustar,position=1,4004,0.00124,0.000979,0.001244,0.001478,0.000938
kmeans256|coord|transport|rows_skipped_taustar,position=2,4004,0.00114,0.000954,0.001107,0.001365,0.000938
kmeans256|coord|transport|rows_skipped_taustar,position=3,4004,0.001094,0.000946,0.001059,0.001301,0.000938
kmeans256|coord|transport|rows_skipped_taustar,position=4,4004,0.00107,0.000938,0.001035,0.00126,0.000938
kmeans256|coord|transport|rows_skipped_taustar,domain=chat,4688,0.001103,0.000946,0.001051,0.001349,0.000938
kmeans256|coord|transport|rows_skipped_taustar,domain=code,3160,0.001193,0.001003,0.00118,0.001405,0.000938
kmeans256|coord|transport|rows_skipped_taustar,domain=maths,3696,0.001223,0.001019,0.001204,0.001438,0.000938
kmeans256|coord|transport|rows_skipped_taustar,domain=multilingual,4472,0.001058,0.000938,0.001003,0.001277,0.000938
kmeans256|coord|transport|log_width|t1.0,all,16016,340.266267,275.368308,339.010512,409.032252,513.441284
kmeans256|coord|transport|log_width|t1.0,outcome=accepted,9969,344.454819,270.952042,345.20366,417.057469,513.441284
kmeans256|coord|transport|log_width|t1.0,outcome=rejected,2298,322.038765,265.034672,319.83281,382.909875,481.122569
kmeans256|coord|transport|log_width|t1.0,outcome=unreached,3749,340.301244,292.596304,337.653004,393.075244,507.580733
kmeans256|coord|transport|log_width|t1.0,position=1,4004,308.818882,237.904409,306.303389,383.782087,500.963793
kmeans256|coord|transport|log_width|t1.0,position=2,4004,338.802805,280.231386,334.949977,402.61207,511.536532
kmeans256|coord|transport|log_width|t1.0,position=3,4004,352.597131,297.345804,347.80814,415.133136,504.658137
kmeans256|coord|transport|log_width|t1.0,position=4,4004,360.84625,306.07633,356.663732,421.583526,513.441284
kmeans256|coord|transport|log_width|t1.0,domain=chat,4688,330.082187,270.842014,328.848205,391.841267,513.441284
kmeans256|coord|transport|log_width|t1.0,domain=code,3160,349.863815,283.249536,351.537057,413.743226,504.658137
kmeans256|coord|transport|log_width|t1.0,domain=maths,3696,353.798656,282.133338,357.081028,421.265403,511.536532
kmeans256|coord|transport|log_width|t1.0,domain=multilingual,4472,332.976242,270.904929,330.706212,400.860966,506.422732
kmeans256|coord|transport|p_unresolved_x|t1.0,all,16016,0.998995,1.0,1.0,1.0,1.0
kmeans256|coord|transport|p_unresolved_x|t1.0,outcome=accepted,9969,1.0,1.0,1.0,1.0,1.0
kmeans256|coord|transport|p_unresolved_x|t1.0,outcome=rejected,2298,0.996522,1.0,1.0,1.0,1.0
kmeans256|coord|transport|p_unresolved_x|t1.0,outcome=unreached,3749,0.997837,1.0,1.0,1.0,1.0
kmeans256|coord|transport|p_unresolved_x|t1.0,position=1,4004,0.999777,1.0,1.0,1.0,1.0
kmeans256|coord|transport|p_unresolved_x|t1.0,position=2,4004,0.998774,1.0,1.0,1.0,1.0
kmeans256|coord|transport|p_unresolved_x|t1.0,position=3,4004,0.998924,1.0,1.0,1.0,1.0
kmeans256|coord|transport|p_unresolved_x|t1.0,position=4,4004,0.998503,1.0,1.0,1.0,1.0
kmeans256|coord|transport|p_unresolved_x|t1.0,domain=chat,4688,0.999465,1.0,1.0,1.0,1.0
kmeans256|coord|transport|p_unresolved_x|t1.0,domain=code,3160,0.999861,1.0,1.0,1.0,1.0
kmeans256|coord|transport|p_unresolved_x|t1.0,domain=maths,3696,1.0,1.0,1.0,1.0,1.0
kmeans256|coord|transport|p_unresolved_x|t1.0,domain=multilingual,4472,0.997058,1.0,1.0,1.0,1.0
kmeans256|coord|transport|p_unresolved_q|t1.0,all,16016,0.99926,1.0,1.0,1.0,1.0
kmeans256|coord|transport|p_unresolved_q|t1.0,outcome=accepted,9969,0.999809,1.0,1.0,1.0,1.0
kmeans256|coord|transport|p_unresolved_q|t1.0,outcome=rejected,2298,0.99771,1.0,1.0,1.0,1.0
kmeans256|coord|transport|p_unresolved_q|t1.0,outcome=unreached,3749,0.99875,1.0,1.0,1.0,1.0
kmeans256|coord|transport|p_unresolved_q|t1.0,position=1,4004,0.999666,1.0,1.0,1.0,1.0
kmeans256|coord|transport|p_unresolved_q|t1.0,position=2,4004,0.999064,1.0,1.0,1.0,1.0
kmeans256|coord|transport|p_unresolved_q|t1.0,position=3,4004,0.999053,1.0,1.0,1.0,1.0
kmeans256|coord|transport|p_unresolved_q|t1.0,position=4,4004,0.999258,1.0,1.0,1.0,1.0
kmeans256|coord|transport|p_unresolved_q|t1.0,domain=chat,4688,0.999695,1.0,1.0,1.0,1.0
kmeans256|coord|transport|p_unresolved_q|t1.0,domain=code,3160,0.999946,1.0,1.0,1.0,1.0
kmeans256|coord|transport|p_unresolved_q|t1.0,domain=maths,3696,0.999956,1.0,1.0,1.0,1.0
kmeans256|coord|transport|p_unresolved_q|t1.0,domain=multilingual,4472,0.997745,0.999996,1.0,1.0,1.0
kmeans256|coord|transport|log_width|t0.7,all,16016,485.002145,392.099395,483.116582,583.301317,732.694402
kmeans256|coord|transport|log_width|t0.7,outcome=accepted,9969,491.054065,385.93892,492.083373,594.823457,732.694402
kmeans256|coord|transport|log_width|t0.7,outcome=rejected,2298,458.867412,377.119451,455.572371,545.82902,686.252328
kmeans256|coord|transport|log_width|t0.7,outcome=unreached,3749,484.929065,416.867342,480.947056,560.49645,724.054979
kmeans256|coord|transport|log_width|t0.7,position=1,4004,440.143183,338.39622,436.783468,547.1823,714.798847
kmeans256|coord|transport|log_width|t0.7,position=2,4004,482.906936,399.167566,477.482818,574.51988,729.767791
kmeans256|coord|transport|log_width|t0.7,position=3,4004,502.595304,423.732426,495.909531,592.080294,720.068993
kmeans256|coord|transport|log_width|t0.7,position=4,4004,514.363155,436.166893,508.259545,601.266128,732.694402
kmeans256|coord|transport|log_width|t0.7,domain=chat,4688,470.29978,385.609469,468.437108,558.563307,732.694402
kmeans256|coord|transport|log_width|t0.7,domain=code,3160,498.805935,403.501569,500.720331,590.629105,720.068993
kmeans256|coord|transport|log_width|t0.7,domain=maths,3696,504.424369,401.957124,509.064453,600.825634,729.767791
kmeans256|coord|transport|log_width|t0.7,domain=multilingual,4472,474.608622,385.681033,471.665128,571.733438,722.513481
kmeans256|coord|transport|p_unresolved_x|t0.7,all,16016,0.998696,1.0,1.0,1.0,1.0
kmeans256|coord|transport|p_unresolved_x|t0.7,outcome=accepted,9969,1.0,1.0,1.0,1.0,1.0
kmeans256|coord|transport|p_unresolved_x|t0.7,outcome=rejected,2298,0.995489,1.0,1.0,1.0,1.0
kmeans256|coord|transport|p_unresolved_x|t0.7,outcome=unreached,3749,0.997195,1.0,1.0,1.0,1.0
kmeans256|coord|transport|p_unresolved_x|t0.7,position=1,4004,0.99968,1.0,1.0,1.0,1.0
kmeans256|coord|transport|p_unresolved_x|t0.7,position=2,4004,0.998227,1.0,1.0,1.0,1.0
kmeans256|coord|transport|p_unresolved_x|t0.7,position=3,4004,0.998615,1.0,1.0,1.0,1.0
kmeans256|coord|transport|p_unresolved_x|t0.7,position=4,4004,0.998263,1.0,1.0,1.0,1.0
kmeans256|coord|transport|p_unresolved_x|t0.7,domain=chat,4688,0.999248,1.0,1.0,1.0,1.0
kmeans256|coord|transport|p_unresolved_x|t0.7,domain=code,3160,0.999869,1.0,1.0,1.0,1.0
kmeans256|coord|transport|p_unresolved_x|t0.7,domain=maths,3696,1.0,1.0,1.0,1.0,1.0
kmeans256|coord|transport|p_unresolved_x|t0.7,domain=multilingual,4472,0.996211,1.0,1.0,1.0,1.0
kmeans256|coord|transport|p_unresolved_q|t0.7,all,16016,0.99887,1.0,1.0,1.0,1.0
kmeans256|coord|transport|p_unresolved_q|t0.7,outcome=accepted,9969,0.999816,1.0,1.0,1.0,1.0
kmeans256|coord|transport|p_unresolved_q|t0.7,outcome=rejected,2298,0.996205,1.0,1.0,1.0,1.0
kmeans256|coord|transport|p_unresolved_q|t0.7,outcome=unreached,3749,0.99799,1.0,1.0,1.0,1.0
kmeans256|coord|transport|p_unresolved_q|t0.7,position=1,4004,0.999558,1.0,1.0,1.0,1.0
kmeans256|coord|transport|p_unresolved_q|t0.7,position=2,4004,0.998531,1.0,1.0,1.0,1.0
kmeans256|coord|transport|p_unresolved_q|t0.7,position=3,4004,0.998672,1.0,1.0,1.0,1.0
kmeans256|coord|transport|p_unresolved_q|t0.7,position=4,4004,0.99872,1.0,1.0,1.0,1.0
kmeans256|coord|transport|p_unresolved_q|t0.7,domain=chat,4688,0.999404,1.0,1.0,1.0,1.0
kmeans256|coord|transport|p_unresolved_q|t0.7,domain=code,3160,0.999942,1.0,1.0,1.0,1.0
kmeans256|coord|transport|p_unresolved_q|t0.7,domain=maths,3696,0.999949,1.0,1.0,1.0,1.0
kmeans256|coord|transport|p_unresolved_q|t0.7,domain=multilingual,4472,0.996662,1.0,1.0,1.0,1.0
kmeans256|coord|transport|log_width_retain64|t1.0,all,16016,319.476304,256.787406,319.040568,384.158252,494.864468
kmeans256|coord|transport|log_width_retain64|t1.0,outcome=accepted,9969,321.528588,251.634059,322.643244,391.032695,494.864468
kmeans256|coord|transport|log_width_retain64|t1.0,outcome=rejected,2298,304.716453,248.982048,303.408324,362.350704,451.04401
kmeans256|coord|transport|log_width_retain64|t1.0,outcome=unreached,3749,323.066308,276.60788,321.017816,373.509486,475.871975
kmeans256|coord|transport|log_width_retain64|t1.0,position=1,4004,287.757466,218.605947,285.439231,360.137529,481.231225
kmeans256|coord|transport|log_width_retain64|t1.0,position=2,4004,317.894935,262.61041,314.843017,378.665904,494.864468
kmeans256|coord|transport|log_width_retain64|t1.0,position=3,4004,331.931072,279.772019,327.726271,389.842952,479.990937
kmeans256|coord|transport|log_width_retain64|t1.0,position=4,4004,340.321744,288.771241,336.692155,396.283146,481.8378
kmeans256|coord|transport|log_width_retain64|t1.0,domain=chat,4688,311.059084,253.21808,310.626392,370.194987,481.231225
kmeans256|coord|transport|log_width_retain64|t1.0,domain=code,3160,326.171224,262.100591,327.178219,388.048423,477.828519
kmeans256|coord|transport|log_width_retain64|t1.0,domain=maths,3696,328.932073,259.400295,332.043366,393.998011,494.864468
kmeans256|coord|transport|log_width_retain64|t1.0,domain=multilingual,4472,315.75436,255.805257,314.468196,381.323391,489.173738
kmeans256|coord|transport|p_unresolved_x_retain64|t1.0,all,16016,0.808065,0.076238,1.0,1.0,1.0
kmeans256|coord|transport|p_unresolved_x_retain64|t1.0,outcome=accepted,9969,0.985031,0.995015,1.0,1.0,1.0
kmeans256|coord|transport|p_unresolved_x_retain64|t1.0,outcome=rejected,2298,0.28153,0.000171,0.164044,0.783229,1.0
kmeans256|coord|transport|p_unresolved_x_retain64|t1.0,outcome=unreached,3749,0.660241,0.011337,0.989227,1.0,1.0
kmeans256|coord|transport|p_unresolved_x_retain64|t1.0,position=1,4004,0.888504,0.476766,1.0,1.0,1.0
kmeans256|coord|transport|p_unresolved_x_retain64|t1.0,position=2,4004,0.81709,0.109206,1.0,1.0,1.0
kmeans256|coord|transport|p_unresolved_x_retain64|t1.0,position=3,4004,0.775807,0.030591,1.0,1.0,1.0
kmeans256|coord|transport|p_unresolved_x_retain64|t1.0,position=4,4004,0.75086,0.015685,1.0,1.0,1.0
kmeans256|coord|transport|p_unresolved_x_retain64|t1.0,domain=chat,4688,0.750137,0.046068,1.0,1.0,1.0
kmeans256|coord|transport|p_unresolved_x_retain64|t1.0,domain=code,3160,0.888234,0.410064,1.0,1.0,1.0
kmeans256|coord|transport|p_unresolved_x_retain64|t1.0,domain=maths,3696,0.885438,0.384977,1.0,1.0,1.0
kmeans256|coord|transport|p_unresolved_x_retain64|t1.0,domain=multilingual,4472,0.748195,0.021961,1.0,1.0,1.0
kmeans256|coord|transport|rowlevel_rows_skipped,all,16016,0.001149,0.000942,0.001111,0.001403,0.000636
kmeans256|coord|transport|rowlevel_rows_skipped,outcome=accepted,9969,0.00122,0.000999,0.001208,0.001438,0.000938
kmeans256|coord|transport|rowlevel_rows_skipped,outcome=rejected,2298,0.001028,0.000938,0.000971,0.00122,0.00083
kmeans256|coord|transport|rowlevel_rows_skipped,outcome=unreached,3749,0.001034,0.000938,0.000987,0.00122,0.000636
kmeans256|coord|transport|rowlevel_rows_skipped,position=1,4004,0.001264,0.000975,0.001273,0.001502,0.000934
kmeans256|coord|transport|rowlevel_rows_skipped,position=2,4004,0.001152,0.000946,0.001132,0.001393,0.000636
kmeans256|coord|transport|rowlevel_rows_skipped,position=3,4004,0.001103,0.000938,0.001067,0.001321,0.000918
kmeans256|coord|transport|rowlevel_rows_skipped,position=4,4004,0.001077,0.000938,0.001039,0.001289,0.00083
kmeans256|coord|transport|rowlevel_rows_skipped,domain=chat,4688,0.001112,0.000938,0.001059,0.001369,0.000926
kmeans256|coord|transport|rowlevel_rows_skipped,domain=code,3160,0.00121,0.000999,0.001208,0.001426,0.000934
kmeans256|coord|transport|rowlevel_rows_skipped,domain=maths,3696,0.00124,0.001009,0.001232,0.00145,0.000938
kmeans256|coord|transport|rowlevel_rows_skipped,domain=multilingual,4472,0.001069,0.000938,0.001007,0.001313,0.000636
kmeans256|coord|static|tiles_skipped,all,16016,0.265188,0.240206,0.258763,0.298969,0.162887
kmeans256|coord|static|tiles_skipped,outcome=accepted,9969,0.274844,0.245361,0.276289,0.302062,0.240206
kmeans256|coord|static|tiles_skipped,outcome=rejected,2298,0.245501,0.240206,0.241237,0.256701,0.212371
kmeans256|coord|static|tiles_skipped,outcome=unreached,3749,0.251579,0.240206,0.24433,0.279381,0.162887
kmeans256|coord|static|tiles_skipped,position=1,4004,0.266567,0.241237,0.260825,0.298969,0.239175
kmeans256|coord|static|tiles_skipped,position=2,4004,0.265818,0.240206,0.258763,0.3,0.162887
kmeans256|coord|static|tiles_skipped,position=3,4004,0.264588,0.240206,0.257732,0.298969,0.235052
kmeans256|coord|static|tiles_skipped,position=4,4004,0.263778,0.240206,0.25567,0.298969,0.212371
kmeans256|coord|static|tiles_skipped,domain=chat,4688,0.255689,0.240206,0.247423,0.286598,0.237113
kmeans256|coord|static|tiles_skipped,domain=code,3160,0.276974,0.246392,0.280412,0.303093,0.239175
kmeans256|coord|static|tiles_skipped,domain=maths,3696,0.280417,0.248454,0.285567,0.303093,0.240206
kmeans256|coord|static|tiles_skipped,domain=multilingual,4472,0.25423,0.240206,0.246392,0.285567,0.162887
kmeans256|coord|static|rows_skipped,all,16016,0.001134,0.000938,0.001083,0.001397,0.000636
kmeans256|coord|static|rows_skipped,outcome=accepted,9969,0.001209,0.000979,0.00122,0.001422,0.000938
kmeans256|coord|static|rows_skipped,outcome=rejected,2298,0.00098,0.000938,0.000946,0.001067,0.00083
kmeans256|coord|static|rows_skipped,outcome=unreached,3749,0.001027,0.000938,0.000971,0.001244,0.000636
kmeans256|coord|static|rows_skipped,position=1,4004,0.001144,0.000946,0.001099,0.001397,0.000934
kmeans256|coord|static|rows_skipped,position=2,4004,0.001139,0.000938,0.001083,0.001405,0.000636
kmeans256|coord|static|rows_skipped,position=3,4004,0.001129,0.000938,0.001075,0.001397,0.000918
kmeans256|coord|static|rows_skipped,position=4,4004,0.001123,0.000938,0.001059,0.001397,0.00083
kmeans256|coord|static|rows_skipped,domain=chat,4688,0.001059,0.000938,0.000995,0.001301,0.000926
kmeans256|coord|static|rows_skipped,domain=code,3160,0.001226,0.000987,0.001252,0.00143,0.000934
kmeans256|coord|static|rows_skipped,domain=maths,3696,0.001253,0.001003,0.001293,0.00143,0.000938
kmeans256|coord|static|rows_skipped,domain=multilingual,4472,0.001048,0.000938,0.000987,0.001293,0.000636
kmeans256|coord|static|rows_skipped_taustar,all,16016,0.001145,0.000946,0.001099,0.001397,0.000938
kmeans256|coord|static|rows_skipped_taustar,outcome=accepted,9969,0.001209,0.000979,0.00122,0.001422,0.000938
kmeans256|coord|static|rows_skipped_taustar,outcome=rejected,2298,0.001037,0.000938,0.000987,0.001236,0.000938
kmeans256|coord|static|rows_skipped_taustar,outcome=unreached,3749,0.00104,0.000938,0.000987,0.001252,0.000938
kmeans256|coord|static|rows_skipped_taustar,position=1,4004,0.001147,0.000946,0.001107,0.001397,0.000938
kmeans256|coord|static|rows_skipped_taustar,position=2,4004,0.001148,0.000946,0.001107,0.001405,0.000938
kmeans256|coord|static|rows_skipped_taustar,position=3,4004,0.001143,0.000946,0.001099,0.001397,0.000938
kmeans256|coord|static|rows_skipped_taustar,position=4,4004,0.00114,0.000946,0.001099,0.001397,0.000938
kmeans256|coord|static|rows_skipped_taustar,domain=chat,4688,0.001069,0.000938,0.001019,0.001309,0.000938
kmeans256|coord|static|rows_skipped_taustar,domain=code,3160,0.001238,0.001019,0.001269,0.00143,0.000938
kmeans256|coord|static|rows_skipped_taustar,domain=maths,3696,0.001268,0.001051,0.001301,0.00143,0.000938
kmeans256|coord|static|rows_skipped_taustar,domain=multilingual,4472,0.001056,0.000938,0.000995,0.001293,0.000938
kmeans256|coord|static|log_width|t1.0,all,16016,346.325815,320.332229,351.536177,364.59532,373.89942
kmeans256|coord|static|log_width|t1.0,outcome=accepted,9969,346.166848,320.645196,350.967765,364.80102,373.117547
kmeans256|coord|static|log_width|t1.0,outcome=rejected,2298,346.547096,319.079643,352.840766,364.307576,372.15062
kmeans256|coord|static|log_width|t1.0,outcome=unreached,3749,346.612887,319.858277,352.219735,364.310177,373.89942
kmeans256|coord|static|log_width|t1.0,position=1,4004,347.723023,321.850417,353.334082,365.191111,373.032215
kmeans256|coord|static|log_width|t1.0,position=2,4004,346.136961,320.189605,351.37112,364.254424,373.117547
kmeans256|coord|static|log_width|t1.0,position=3,4004,345.888547,320.07406,350.742276,364.475499,372.465199
kmeans256|coord|static|log_width|t1.0,position=4,4004,345.554729,318.826496,350.87879,364.292675,373.89942
kmeans256|coord|static|log_width|t1.0,domain=chat,4688,354.347669,337.408941,358.566215,365.768412,373.117547
kmeans256|coord|static|log_width|t1.0,domain=code,3160,343.001663,317.845269,346.76739,362.973622,371.259157
kmeans256|coord|static|log_width|t1.0,domain=maths,3696,346.62018,321.973149,351.261079,364.384326,373.89942
kmeans256|coord|static|log_width|t1.0,domain=multilingual,4472,340.022123,312.063683,342.535265,363.380917,373.032215
kmeans256|coord|static|p_unresolved_x|t1.0,all,16016,0.998995,1.0,1.0,1.0,1.0
kmeans256|coord|static|p_unresolved_x|t1.0,outcome=accepted,9969,1.0,1.0,1.0,1.0,1.0
kmeans256|coord|static|p_unresolved_x|t1.0,outcome=rejected,2298,0.996522,1.0,1.0,1.0,1.0
kmeans256|coord|static|p_unresolved_x|t1.0,outcome=unreached,3749,0.997837,1.0,1.0,1.0,1.0
kmeans256|coord|static|p_unresolved_x|t1.0,position=1,4004,0.999777,1.0,1.0,1.0,1.0
kmeans256|coord|static|p_unresolved_x|t1.0,position=2,4004,0.998774,1.0,1.0,1.0,1.0
kmeans256|coord|static|p_unresolved_x|t1.0,position=3,4004,0.998924,1.0,1.0,1.0,1.0
kmeans256|coord|static|p_unresolved_x|t1.0,position=4,4004,0.998503,1.0,1.0,1.0,1.0
kmeans256|coord|static|p_unresolved_x|t1.0,domain=chat,4688,0.999465,1.0,1.0,1.0,1.0
kmeans256|coord|static|p_unresolved_x|t1.0,domain=code,3160,0.999861,1.0,1.0,1.0,1.0
kmeans256|coord|static|p_unresolved_x|t1.0,domain=maths,3696,1.0,1.0,1.0,1.0,1.0
kmeans256|coord|static|p_unresolved_x|t1.0,domain=multilingual,4472,0.997058,1.0,1.0,1.0,1.0
kmeans256|coord|static|p_unresolved_q|t1.0,all,16016,0.99926,1.0,1.0,1.0,1.0
kmeans256|coord|static|p_unresolved_q|t1.0,outcome=accepted,9969,0.999809,1.0,1.0,1.0,1.0
kmeans256|coord|static|p_unresolved_q|t1.0,outcome=rejected,2298,0.99771,1.0,1.0,1.0,1.0
kmeans256|coord|static|p_unresolved_q|t1.0,outcome=unreached,3749,0.99875,1.0,1.0,1.0,1.0
kmeans256|coord|static|p_unresolved_q|t1.0,position=1,4004,0.999666,1.0,1.0,1.0,1.0
kmeans256|coord|static|p_unresolved_q|t1.0,position=2,4004,0.999064,1.0,1.0,1.0,1.0
kmeans256|coord|static|p_unresolved_q|t1.0,position=3,4004,0.999053,1.0,1.0,1.0,1.0
kmeans256|coord|static|p_unresolved_q|t1.0,position=4,4004,0.999258,1.0,1.0,1.0,1.0
kmeans256|coord|static|p_unresolved_q|t1.0,domain=chat,4688,0.999695,1.0,1.0,1.0,1.0
kmeans256|coord|static|p_unresolved_q|t1.0,domain=code,3160,0.999946,1.0,1.0,1.0,1.0
kmeans256|coord|static|p_unresolved_q|t1.0,domain=maths,3696,0.999956,1.0,1.0,1.0,1.0
kmeans256|coord|static|p_unresolved_q|t1.0,domain=multilingual,4472,0.997745,0.999996,1.0,1.0,1.0
kmeans256|coord|static|log_width|t0.7,all,16016,492.00369,454.985678,499.396675,518.071788,531.388838
kmeans256|coord|static|log_width|t0.7,outcome=accepted,9969,491.795822,455.448782,498.597767,518.336778,530.474545
kmeans256|coord|static|log_width|t0.7,outcome=rejected,2298,492.299151,453.240355,501.226543,517.695842,528.595482
kmeans256|coord|static|log_width|t0.7,outcome=unreached,3749,492.375325,454.032908,500.374512,517.655564,531.388838
kmeans256|coord|static|log_width|t0.7,position=1,4004,493.986418,457.160603,501.967464,518.946826,530.299542
kmeans256|coord|static|log_width|t0.7,position=2,4004,491.732923,454.941925,499.103767,517.628679,530.474545
kmeans256|coord|static|log_width|t0.7,position=3,4004,491.382285,454.951924,498.390488,517.87283,529.436943
kmeans256|coord|static|log_width|t0.7,position=4,4004,490.913133,452.819278,498.465149,517.60814,531.388838
kmeans256|coord|static|log_width|t0.7,domain=chat,4688,503.441303,479.250398,509.476572,519.744983,530.474545
kmeans256|coord|static|log_width|t0.7,domain=code,3160,487.308331,451.403573,492.685822,515.644757,528.032135
kmeans256|coord|static|log_width|t0.7,domain=maths,3696,492.497112,457.407869,498.947763,517.714374,531.388838
kmeans256|coord|static|log_width|t0.7,domain=multilingual,4472,482.923661,443.024272,486.592857,516.184908,530.299542
kmeans256|coord|static|p_unresolved_x|t0.7,all,16016,0.998696,1.0,1.0,1.0,1.0
kmeans256|coord|static|p_unresolved_x|t0.7,outcome=accepted,9969,1.0,1.0,1.0,1.0,1.0
kmeans256|coord|static|p_unresolved_x|t0.7,outcome=rejected,2298,0.995489,1.0,1.0,1.0,1.0
kmeans256|coord|static|p_unresolved_x|t0.7,outcome=unreached,3749,0.997195,1.0,1.0,1.0,1.0
kmeans256|coord|static|p_unresolved_x|t0.7,position=1,4004,0.99968,1.0,1.0,1.0,1.0
kmeans256|coord|static|p_unresolved_x|t0.7,position=2,4004,0.998227,1.0,1.0,1.0,1.0
kmeans256|coord|static|p_unresolved_x|t0.7,position=3,4004,0.998615,1.0,1.0,1.0,1.0
kmeans256|coord|static|p_unresolved_x|t0.7,position=4,4004,0.998263,1.0,1.0,1.0,1.0
kmeans256|coord|static|p_unresolved_x|t0.7,domain=chat,4688,0.999248,1.0,1.0,1.0,1.0
kmeans256|coord|static|p_unresolved_x|t0.7,domain=code,3160,0.999869,1.0,1.0,1.0,1.0
kmeans256|coord|static|p_unresolved_x|t0.7,domain=maths,3696,1.0,1.0,1.0,1.0,1.0
kmeans256|coord|static|p_unresolved_x|t0.7,domain=multilingual,4472,0.996211,1.0,1.0,1.0,1.0
kmeans256|coord|static|p_unresolved_q|t0.7,all,16016,0.99887,1.0,1.0,1.0,1.0
kmeans256|coord|static|p_unresolved_q|t0.7,outcome=accepted,9969,0.999816,1.0,1.0,1.0,1.0
kmeans256|coord|static|p_unresolved_q|t0.7,outcome=rejected,2298,0.996205,1.0,1.0,1.0,1.0
kmeans256|coord|static|p_unresolved_q|t0.7,outcome=unreached,3749,0.99799,1.0,1.0,1.0,1.0
kmeans256|coord|static|p_unresolved_q|t0.7,position=1,4004,0.999558,1.0,1.0,1.0,1.0
kmeans256|coord|static|p_unresolved_q|t0.7,position=2,4004,0.998531,1.0,1.0,1.0,1.0
kmeans256|coord|static|p_unresolved_q|t0.7,position=3,4004,0.998672,1.0,1.0,1.0,1.0
kmeans256|coord|static|p_unresolved_q|t0.7,position=4,4004,0.99872,1.0,1.0,1.0,1.0
kmeans256|coord|static|p_unresolved_q|t0.7,domain=chat,4688,0.999404,1.0,1.0,1.0,1.0
kmeans256|coord|static|p_unresolved_q|t0.7,domain=code,3160,0.999942,1.0,1.0,1.0,1.0
kmeans256|coord|static|p_unresolved_q|t0.7,domain=maths,3696,0.999949,1.0,1.0,1.0,1.0
kmeans256|coord|static|p_unresolved_q|t0.7,domain=multilingual,4472,0.996662,1.0,1.0,1.0,1.0
kmeans256|group32|transport|tiles_skipped,all,16016,0.241384,0.240206,0.240206,0.242268,0.162887
kmeans256|group32|transport|rows_skipped,all,16016,0.000948,0.000938,0.000938,0.000954,0.000636
kmeans256|group32|transport|rows_skipped_taustar,all,16016,0.000948,0.000938,0.000938,0.000962,0.000934
kmeans256|group32|transport|log_width|t1.0,all,16016,177.749281,144.664145,177.059818,212.398515,264.696294
kmeans256|group32|transport|p_unresolved_x|t1.0,all,16016,0.998995,1.0,1.0,1.0,1.0
kmeans256|group32|transport|p_unresolved_q|t1.0,all,16016,0.99926,1.0,1.0,1.0,1.0
kmeans256|group32|transport|log_width|t0.7,all,16016,253.137556,205.858791,252.033056,302.832835,377.343939
kmeans256|group32|transport|p_unresolved_x|t0.7,all,16016,0.998696,1.0,1.0,1.0,1.0
kmeans256|group32|transport|p_unresolved_q|t0.7,all,16016,0.99887,1.0,1.0,1.0,1.0
kmeans256|group32|transport|log_width_retain64|t1.0,all,16016,156.563199,125.520864,156.689323,188.153777,246.494137
kmeans256|group32|transport|p_unresolved_x_retain64|t1.0,all,16016,0.808065,0.076238,1.0,1.0,1.0
kmeans256|group32|transport|rowlevel_rows_skipped,all,16016,0.00095,0.000938,0.000938,0.000962,0.000636
kmeans256|group32|static|tiles_skipped,all,16016,0.240998,0.240206,0.240206,0.243299,0.162887
kmeans256|group32|static|rows_skipped,all,16016,0.000945,0.000938,0.000938,0.000962,0.000636
kmeans256|group32|static|rows_skipped_taustar,all,16016,0.000945,0.000938,0.000938,0.000962,0.000934
kmeans256|group32|static|log_width|t1.0,all,16016,182.437958,171.864137,184.923747,189.180747,193.335869
kmeans256|group32|static|p_unresolved_x|t1.0,all,16016,0.998995,1.0,1.0,1.0,1.0
kmeans256|group32|static|p_unresolved_q|t1.0,all,16016,0.99926,1.0,1.0,1.0,1.0
kmeans256|group32|static|log_width|t0.7,all,16016,257.872187,242.819085,261.35389,267.581578,273.27466
kmeans256|group32|static|p_unresolved_x|t0.7,all,16016,0.998696,1.0,1.0,1.0,1.0
kmeans256|group32|static|p_unresolved_q|t0.7,all,16016,0.99887,1.0,1.0,1.0,1.0
kmeans256|group128|transport|tiles_skipped,all,16016,0.241221,0.240206,0.240206,0.242268,0.162887
kmeans256|group128|transport|rows_skipped,all,16016,0.000946,0.000938,0.000938,0.000954,0.000636
kmeans256|group128|transport|rows_skipped_taustar,all,16016,0.000947,0.000938,0.000938,0.000954,0.000934
kmeans256|group128|transport|log_width|t1.0,all,16016,158.823897,129.229208,157.984889,190.089787,245.532688
kmeans256|group128|transport|p_unresolved_x|t1.0,all,16016,0.998995,1.0,1.0,1.0,1.0
kmeans256|group128|transport|p_unresolved_q|t1.0,all,16016,0.99926,1.0,1.0,1.0,1.0
kmeans256|group128|transport|log_width|t0.7,all,16016,226.802359,184.330977,225.378732,271.835572,351.821522
kmeans256|group128|transport|p_unresolved_x|t0.7,all,16016,0.998696,1.0,1.0,1.0,1.0
kmeans256|group128|transport|p_unresolved_q|t0.7,all,16016,0.99887,1.0,1.0,1.0,1.0
kmeans256|group128|transport|log_width_retain64|t1.0,all,16016,136.08866,109.157826,136.20809,163.356283,215.342676
kmeans256|group128|transport|p_unresolved_x_retain64|t1.0,all,16016,0.808065,0.076238,1.0,1.0,1.0
kmeans256|group128|transport|rowlevel_rows_skipped,all,16016,0.000949,0.000938,0.000938,0.000958,0.000636
kmeans256|group128|static|tiles_skipped,all,16016,0.240864,0.240206,0.240206,0.242268,0.162887
kmeans256|group128|static|rows_skipped,all,16016,0.000943,0.000938,0.000938,0.000954,0.000636
kmeans256|group128|static|rows_skipped_taustar,all,16016,0.000944,0.000938,0.000938,0.000954,0.000934
kmeans256|group128|static|log_width|t1.0,all,16016,162.087538,152.725888,164.325384,167.669426,172.915429
kmeans256|group128|static|p_unresolved_x|t1.0,all,16016,0.998995,1.0,1.0,1.0,1.0
kmeans256|group128|static|p_unresolved_q|t1.0,all,16016,0.99926,1.0,1.0,1.0,1.0
kmeans256|group128|static|log_width|t0.7,all,16016,228.797685,215.522821,231.892918,236.850338,244.545557
kmeans256|group128|static|p_unresolved_x|t0.7,all,16016,0.998696,1.0,1.0,1.0,1.0
kmeans256|group128|static|p_unresolved_q|t0.7,all,16016,0.99887,1.0,1.0,1.0,1.0
kmeans256|lowrank_w64|transport|tiles_skipped,all,16016,0.241525,0.240206,0.240206,0.243299,0.162887
kmeans256|lowrank_w64|transport|rows_skipped,all,16016,0.000949,0.000938,0.000938,0.000962,0.000636
kmeans256|lowrank_w64|transport|rows_skipped_taustar,all,16016,0.000949,0.000938,0.000938,0.000962,0.000934
kmeans256|lowrank_w64|transport|log_width|t1.0,all,16016,157.460175,127.438971,155.848467,190.255494,252.027513
kmeans256|lowrank_w64|transport|p_unresolved_x|t1.0,all,16016,0.998995,1.0,1.0,1.0,1.0
kmeans256|lowrank_w64|transport|p_unresolved_q|t1.0,all,16016,0.99926,1.0,1.0,1.0,1.0
kmeans256|lowrank_w64|transport|log_width|t0.7,all,16016,225.303179,181.923996,222.820812,272.757389,361.534955
kmeans256|lowrank_w64|transport|p_unresolved_x|t0.7,all,16016,0.998696,1.0,1.0,1.0,1.0
kmeans256|lowrank_w64|transport|p_unresolved_q|t0.7,all,16016,0.99887,1.0,1.0,1.0,1.0
kmeans256|lowrank_w64|transport|log_width_retain64|t1.0,all,16016,132.139251,106.022086,132.230435,158.812819,212.527764
kmeans256|lowrank_w64|transport|p_unresolved_x_retain64|t1.0,all,16016,0.808065,0.076238,1.0,1.0,1.0
kmeans256|lowrank_w64|transport|rowlevel_rows_skipped,all,16016,0.000951,0.000938,0.000938,0.000966,0.000636
kmeans256|lowrank_w64|static|tiles_skipped,all,16016,0.241116,0.240206,0.240206,0.243299,0.162887
kmeans256|lowrank_w64|static|rows_skipped,all,16016,0.000945,0.000938,0.000938,0.000962,0.000636
kmeans256|lowrank_w64|static|rows_skipped_taustar,all,16016,0.000946,0.000938,0.000938,0.000962,0.000934
kmeans256|lowrank_w64|static|log_width|t1.0,all,16016,161.002467,151.323361,162.72669,167.488458,178.74439
kmeans256|lowrank_w64|static|p_unresolved_x|t1.0,all,16016,0.998995,1.0,1.0,1.0,1.0
kmeans256|lowrank_w64|static|p_unresolved_q|t1.0,all,16016,0.99926,1.0,1.0,1.0,1.0
kmeans256|lowrank_w64|static|log_width|t0.7,all,16016,227.256325,213.545915,229.666618,236.53099,252.182709
kmeans256|lowrank_w64|static|p_unresolved_x|t0.7,all,16016,0.998696,1.0,1.0,1.0,1.0
kmeans256|lowrank_w64|static|p_unresolved_q|t0.7,all,16016,0.99887,1.0,1.0,1.0,1.0
kmeans256|lowrank_d64|transport|tiles_skipped,all,16016,0.243888,0.240206,0.240206,0.250515,0.162887
kmeans256|lowrank_d64|transport|rows_skipped,all,16016,0.000968,0.000938,0.000938,0.001019,0.000636
kmeans256|lowrank_d64|transport|rows_skipped_taustar,all,16016,0.000968,0.000938,0.000938,0.001019,0.000934
kmeans256|lowrank_d64|transport|log_width|t1.0,all,16016,154.533687,125.870358,153.789676,184.46032,238.166228
kmeans256|lowrank_d64|transport|p_unresolved_x|t1.0,all,16016,0.998995,1.0,1.0,1.0,1.0
kmeans256|lowrank_d64|transport|p_unresolved_q|t1.0,all,16016,0.99926,1.0,1.0,1.0,1.0
kmeans256|lowrank_d64|transport|log_width|t0.7,all,16016,221.159807,180.126762,220.061884,264.275428,341.348185
kmeans256|lowrank_d64|transport|p_unresolved_x|t0.7,all,16016,0.998696,1.0,1.0,1.0,1.0
kmeans256|lowrank_d64|transport|p_unresolved_q|t0.7,all,16016,0.99887,1.0,1.0,1.0,1.0
kmeans256|lowrank_d64|transport|log_width_retain64|t1.0,all,16016,128.322802,101.882835,128.553487,154.805189,201.991851
kmeans256|lowrank_d64|transport|p_unresolved_x_retain64|t1.0,all,16016,0.808065,0.076238,1.0,1.0,1.0
kmeans256|lowrank_d64|transport|rowlevel_rows_skipped,all,16016,0.000974,0.000938,0.000942,0.001031,0.000636
kmeans256|lowrank_d64|static|tiles_skipped,all,16016,0.241726,0.240206,0.240206,0.245361,0.162887
kmeans256|lowrank_d64|static|rows_skipped,all,16016,0.00095,0.000938,0.000938,0.000979,0.000636
kmeans256|lowrank_d64|static|rows_skipped_taustar,all,16016,0.000951,0.000938,0.000938,0.000979,0.000934
kmeans256|lowrank_d64|static|log_width|t1.0,all,16016,159.461136,147.099213,162.222662,167.073483,180.881087
kmeans256|lowrank_d64|static|p_unresolved_x|t1.0,all,16016,0.998995,1.0,1.0,1.0,1.0
kmeans256|lowrank_d64|static|p_unresolved_q|t1.0,all,16016,0.99926,1.0,1.0,1.0,1.0
kmeans256|lowrank_d64|static|log_width|t0.7,all,16016,225.061102,207.475279,228.896604,235.984139,255.195362
kmeans256|lowrank_d64|static|p_unresolved_x|t0.7,all,16016,0.998696,1.0,1.0,1.0,1.0
kmeans256|lowrank_d64|static|p_unresolved_q|t0.7,all,16016,0.99887,1.0,1.0,1.0,1.0
kmeans256|lowrank_d256|transport|tiles_skipped,all,16016,0.246949,0.240206,0.241237,0.259794,0.162887
kmeans256|lowrank_d256|transport|rows_skipped,all,16016,0.000992,0.000938,0.000946,0.001091,0.000636
kmeans256|lowrank_d256|transport|rows_skipped_taustar,all,16016,0.000993,0.000938,0.000954,0.001091,0.000934
kmeans256|lowrank_d256|transport|log_width|t1.0,all,16016,178.575326,145.148591,177.716094,213.863614,278.248082
kmeans256|lowrank_d256|transport|p_unresolved_x|t1.0,all,16016,0.998995,1.0,1.0,1.0,1.0
kmeans256|lowrank_d256|transport|p_unresolved_q|t1.0,all,16016,0.99926,1.0,1.0,1.0,1.0
kmeans256|lowrank_d256|transport|log_width|t0.7,all,16016,255.953955,207.941579,254.648874,306.459978,398.607977
kmeans256|lowrank_d256|transport|p_unresolved_x|t0.7,all,16016,0.998696,1.0,1.0,1.0,1.0
kmeans256|lowrank_d256|transport|p_unresolved_q|t0.7,all,16016,0.99887,1.0,1.0,1.0,1.0
kmeans256|lowrank_d256|transport|log_width_retain64|t1.0,all,16016,150.02429,120.198647,150.481422,180.070697,237.17588
kmeans256|lowrank_d256|transport|p_unresolved_x_retain64|t1.0,all,16016,0.808065,0.076238,1.0,1.0,1.0
kmeans256|lowrank_d256|transport|rowlevel_rows_skipped,all,16016,0.001001,0.000938,0.000954,0.001124,0.000636
kmeans256|lowrank_d256|static|tiles_skipped,all,16016,0.244329,0.240206,0.240206,0.252577,0.162887
kmeans256|lowrank_d256|static|rows_skipped,all,16016,0.000971,0.000938,0.000938,0.001035,0.000636
kmeans256|lowrank_d256|static|rows_skipped_taustar,all,16016,0.000972,0.000938,0.000946,0.001043,0.000934
kmeans256|lowrank_d256|static|log_width|t1.0,all,16016,180.763233,167.399352,183.592562,189.172545,203.778874
kmeans256|lowrank_d256|static|p_unresolved_x|t1.0,all,16016,0.998995,1.0,1.0,1.0,1.0
kmeans256|lowrank_d256|static|p_unresolved_q|t1.0,all,16016,0.99926,1.0,1.0,1.0,1.0
kmeans256|lowrank_d256|static|log_width|t0.7,all,16016,256.50322,237.902569,260.182303,268.626786,290.198321
kmeans256|lowrank_d256|static|p_unresolved_x|t0.7,all,16016,0.998696,1.0,1.0,1.0,1.0
kmeans256|lowrank_d256|static|p_unresolved_q|t0.7,all,16016,0.99887,1.0,1.0,1.0,1.0
kmeans256|best|transport|tiles_skipped,all,16016,0.263999,0.240206,0.257732,0.296907,0.162887
kmeans256|best|transport|tiles_skipped,outcome=accepted,9969,0.272371,0.246392,0.270103,0.302062,0.240206
kmeans256|best|transport|tiles_skipped,outcome=rejected,2298,0.249737,0.240206,0.243299,0.270103,0.212371
kmeans256|best|transport|tiles_skipped,outcome=unreached,3749,0.250478,0.240206,0.245361,0.271134,0.162887
kmeans256|best|transport|tiles_skipped,position=1,4004,0.27752,0.243299,0.278351,0.309278,0.239175
kmeans256|best|transport|tiles_skipped,position=2,4004,0.264465,0.240206,0.259794,0.294845,0.162887
kmeans256|best|transport|tiles_skipped,position=3,4004,0.258523,0.240206,0.253608,0.285567,0.235052
kmeans256|best|transport|tiles_skipped,position=4,4004,0.255487,0.240206,0.250515,0.280412,0.212371
kmeans256|best|transport|tiles_skipped,domain=chat,4688,0.259439,0.240206,0.252577,0.291753,0.237113
kmeans256|best|transport|tiles_skipped,domain=code,3160,0.271377,0.246392,0.270103,0.3,0.239175
kmeans256|best|transport|tiles_skipped,domain=maths,3696,0.274979,0.247423,0.273196,0.303608,0.240206
kmeans256|best|transport|tiles_skipped,domain=multilingual,4472,0.254491,0.240206,0.246392,0.283505,0.162887
kmeans256|best|transport|rows_skipped,all,16016,0.001126,0.000938,0.001075,0.001381,0.000636
kmeans256|best|transport|rows_skipped,outcome=accepted,9969,0.001192,0.000987,0.001172,0.001422,0.000938
kmeans256|best|transport|rows_skipped,outcome=rejected,2298,0.001013,0.000938,0.000962,0.001172,0.00083
kmeans256|best|transport|rows_skipped,outcome=unreached,3749,0.001019,0.000938,0.000979,0.00118,0.000636
kmeans256|best|transport|rows_skipped,position=1,4004,0.001235,0.000962,0.001236,0.001478,0.000934
kmeans256|best|transport|rows_skipped,position=2,4004,0.001128,0.000938,0.001091,0.001365,0.000636
kmeans256|best|transport|rows_skipped,position=3,4004,0.001081,0.000938,0.001043,0.001293,0.000918
kmeans256|best|transport|rows_skipped,position=4,4004,0.001058,0.000938,0.001019,0.001252,0.00083
kmeans256|best|transport|rows_skipped,domain=chat,4688,0.001089,0.000938,0.001035,0.001341,0.000926
kmeans256|best|transport|rows_skipped,domain=code,3160,0.001183,0.000987,0.001172,0.001405,0.000934
kmeans256|best|transport|rows_skipped,domain=maths,3696,0.001213,0.000995,0.001196,0.001434,0.000938
kmeans256|best|transport|rows_skipped,domain=multilingual,4472,0.001051,0.000938,0.000987,0.001277,0.000636
kmeans256|best|transport|rows_skipped_taustar,all,16016,0.001137,0.000946,0.001091,0.001381,0.000938
kmeans256|best|transport|rows_skipped_taustar,outcome=accepted,9969,0.001192,0.000987,0.001172,0.001422,0.000938
kmeans256|best|transport|rows_skipped_taustar,outcome=rejected,2298,0.001068,0.000938,0.001027,0.001285,0.000938
kmeans256|best|transport|rows_skipped_taustar,outcome=unreached,3749,0.001032,0.000938,0.000995,0.001196,0.000938
kmeans256|best|transport|rows_skipped_taustar,position=1,4004,0.001242,0.000979,0.001244,0.001478,0.000938
kmeans256|best|transport|rows_skipped_taustar,position=2,4004,0.00114,0.000954,0.001107,0.001365,0.000938
kmeans256|best|transport|rows_skipped_taustar,position=3,4004,0.001094,0.000946,0.001059,0.001301,0.000938
kmeans256|best|transport|rows_skipped_taustar,position=4,4004,0.00107,0.000938,0.001035,0.00126,0.000938
kmeans256|best|transport|rows_skipped_taustar,domain=chat,4688,0.001103,0.000946,0.001051,0.001349,0.000938
kmeans256|best|transport|rows_skipped_taustar,domain=code,3160,0.001193,0.001003,0.00118,0.001405,0.000938
kmeans256|best|transport|rows_skipped_taustar,domain=maths,3696,0.001225,0.001023,0.001204,0.001438,0.000938
kmeans256|best|transport|rows_skipped_taustar,domain=multilingual,4472,0.001059,0.000938,0.001003,0.001284,0.000938
kmeans256|best|transport|log_width|t1.0,all,16016,153.163534,124.726473,152.315175,183.095742,235.086438
kmeans256|best|transport|log_width|t1.0,outcome=accepted,9969,155.435029,123.39858,155.707976,187.049984,235.086438
kmeans256|best|transport|log_width|t1.0,outcome=rejected,2298,144.296089,119.311224,143.456359,170.388835,219.968429
kmeans256|best|transport|log_width|t1.0,outcome=unreached,3749,152.558801,131.798032,151.12188,175.767006,230.627723
kmeans256|best|transport|log_width|t1.0,position=1,4004,140.412274,108.918434,138.696188,174.362683,220.863911
kmeans256|best|transport|log_width|t1.0,position=2,4004,152.687974,126.687632,150.574714,181.83899,230.263605
kmeans256|best|transport|log_width|t1.0,position=3,4004,158.101866,134.058966,155.949436,185.090732,228.143478
kmeans256|best|transport|log_width|t1.0,position=4,4004,161.452022,137.801762,159.384516,187.829677,235.086438
kmeans256|best|transport|log_width|t1.0,domain=chat,4688,148.499327,122.909999,147.716086,175.83028,235.086438
kmeans256|best|transport|log_width|t1.0,domain=code,3160,158.102376,129.871544,158.338426,185.601053,231.740556
kmeans256|best|transport|log_width|t1.0,domain=maths,3696,158.750811,127.941998,159.642341,188.178061,234.342827
kmeans256|best|transport|log_width|t1.0,domain=multilingual,4472,149.945396,122.171699,148.672174,179.961791,232.439705
kmeans256|best|transport|p_unresolved_x|t1.0,all,16016,0.998995,1.0,1.0,1.0,1.0
kmeans256|best|transport|p_unresolved_x|t1.0,outcome=accepted,9969,1.0,1.0,1.0,1.0,1.0
kmeans256|best|transport|p_unresolved_x|t1.0,outcome=rejected,2298,0.996522,1.0,1.0,1.0,1.0
kmeans256|best|transport|p_unresolved_x|t1.0,outcome=unreached,3749,0.997837,1.0,1.0,1.0,1.0
kmeans256|best|transport|p_unresolved_x|t1.0,position=1,4004,0.999777,1.0,1.0,1.0,1.0
kmeans256|best|transport|p_unresolved_x|t1.0,position=2,4004,0.998774,1.0,1.0,1.0,1.0
kmeans256|best|transport|p_unresolved_x|t1.0,position=3,4004,0.998924,1.0,1.0,1.0,1.0
kmeans256|best|transport|p_unresolved_x|t1.0,position=4,4004,0.998503,1.0,1.0,1.0,1.0
kmeans256|best|transport|p_unresolved_x|t1.0,domain=chat,4688,0.999465,1.0,1.0,1.0,1.0
kmeans256|best|transport|p_unresolved_x|t1.0,domain=code,3160,0.999861,1.0,1.0,1.0,1.0
kmeans256|best|transport|p_unresolved_x|t1.0,domain=maths,3696,1.0,1.0,1.0,1.0,1.0
kmeans256|best|transport|p_unresolved_x|t1.0,domain=multilingual,4472,0.997058,1.0,1.0,1.0,1.0
kmeans256|best|transport|p_unresolved_q|t1.0,all,16016,0.99926,1.0,1.0,1.0,1.0
kmeans256|best|transport|p_unresolved_q|t1.0,outcome=accepted,9969,0.999809,1.0,1.0,1.0,1.0
kmeans256|best|transport|p_unresolved_q|t1.0,outcome=rejected,2298,0.99771,1.0,1.0,1.0,1.0
kmeans256|best|transport|p_unresolved_q|t1.0,outcome=unreached,3749,0.99875,1.0,1.0,1.0,1.0
kmeans256|best|transport|p_unresolved_q|t1.0,position=1,4004,0.999666,1.0,1.0,1.0,1.0
kmeans256|best|transport|p_unresolved_q|t1.0,position=2,4004,0.999064,1.0,1.0,1.0,1.0
kmeans256|best|transport|p_unresolved_q|t1.0,position=3,4004,0.999053,1.0,1.0,1.0,1.0
kmeans256|best|transport|p_unresolved_q|t1.0,position=4,4004,0.999258,1.0,1.0,1.0,1.0
kmeans256|best|transport|p_unresolved_q|t1.0,domain=chat,4688,0.999695,1.0,1.0,1.0,1.0
kmeans256|best|transport|p_unresolved_q|t1.0,domain=code,3160,0.999946,1.0,1.0,1.0,1.0
kmeans256|best|transport|p_unresolved_q|t1.0,domain=maths,3696,0.999956,1.0,1.0,1.0,1.0
kmeans256|best|transport|p_unresolved_q|t1.0,domain=multilingual,4472,0.997745,0.999996,1.0,1.0,1.0
kmeans256|best|transport|log_width|t0.7,all,16016,219.093552,178.300504,217.745308,262.328377,337.33342
kmeans256|best|transport|log_width|t0.7,outcome=accepted,9969,222.640042,176.507539,222.767077,268.160704,337.33342
kmeans256|best|transport|log_width|t0.7,outcome=rejected,2298,205.925647,170.076009,204.619541,243.096368,315.344517
kmeans256|best|transport|log_width|t0.7,outcome=unreached,3749,217.734492,187.778887,215.376443,251.027616,331.071767
kmeans256|best|transport|log_width|t0.7,position=1,4004,201.112667,155.686093,198.847728,249.483507,314.656156
kmeans256|best|transport|log_width|t0.7,position=2,4004,218.441809,180.715331,215.319657,260.49726,329.921485
kmeans256|best|transport|log_width|t0.7,position=3,4004,226.036454,191.258754,222.761417,265.101362,326.976582
kmeans256|best|transport|log_width|t0.7,position=4,4004,230.783278,196.456469,227.797622,268.875293,337.33342
kmeans256|best|transport|log_width|t0.7,domain=chat,4688,212.232058,175.399946,210.903592,251.30023,337.33342
kmeans256|best|transport|log_width|t0.7,domain=code,3160,226.584695,186.270704,226.915472,265.75692,332.348024
kmeans256|best|transport|log_width|t0.7,domain=maths,3696,227.579008,183.417183,228.514502,270.063576,336.372859
kmeans256|best|transport|log_width|t0.7,domain=multilingual,4472,213.980051,174.219198,212.035927,257.166002,333.167115
kmeans256|best|transport|p_unresolved_x|t0.7,all,16016,0.998696,1.0,1.0,1.0,1.0
kmeans256|best|transport|p_unresolved_x|t0.7,outcome=accepted,9969,1.0,1.0,1.0,1.0,1.0
kmeans256|best|transport|p_unresolved_x|t0.7,outcome=rejected,2298,0.995489,1.0,1.0,1.0,1.0
kmeans256|best|transport|p_unresolved_x|t0.7,outcome=unreached,3749,0.997195,1.0,1.0,1.0,1.0
kmeans256|best|transport|p_unresolved_x|t0.7,position=1,4004,0.99968,1.0,1.0,1.0,1.0
kmeans256|best|transport|p_unresolved_x|t0.7,position=2,4004,0.998227,1.0,1.0,1.0,1.0
kmeans256|best|transport|p_unresolved_x|t0.7,position=3,4004,0.998615,1.0,1.0,1.0,1.0
kmeans256|best|transport|p_unresolved_x|t0.7,position=4,4004,0.998263,1.0,1.0,1.0,1.0
kmeans256|best|transport|p_unresolved_x|t0.7,domain=chat,4688,0.999248,1.0,1.0,1.0,1.0
kmeans256|best|transport|p_unresolved_x|t0.7,domain=code,3160,0.999869,1.0,1.0,1.0,1.0
kmeans256|best|transport|p_unresolved_x|t0.7,domain=maths,3696,1.0,1.0,1.0,1.0,1.0
kmeans256|best|transport|p_unresolved_x|t0.7,domain=multilingual,4472,0.996211,1.0,1.0,1.0,1.0
kmeans256|best|transport|p_unresolved_q|t0.7,all,16016,0.99887,1.0,1.0,1.0,1.0
kmeans256|best|transport|p_unresolved_q|t0.7,outcome=accepted,9969,0.999816,1.0,1.0,1.0,1.0
kmeans256|best|transport|p_unresolved_q|t0.7,outcome=rejected,2298,0.996205,1.0,1.0,1.0,1.0
kmeans256|best|transport|p_unresolved_q|t0.7,outcome=unreached,3749,0.99799,1.0,1.0,1.0,1.0
kmeans256|best|transport|p_unresolved_q|t0.7,position=1,4004,0.999558,1.0,1.0,1.0,1.0
kmeans256|best|transport|p_unresolved_q|t0.7,position=2,4004,0.998531,1.0,1.0,1.0,1.0
kmeans256|best|transport|p_unresolved_q|t0.7,position=3,4004,0.998672,1.0,1.0,1.0,1.0
kmeans256|best|transport|p_unresolved_q|t0.7,position=4,4004,0.99872,1.0,1.0,1.0,1.0
kmeans256|best|transport|p_unresolved_q|t0.7,domain=chat,4688,0.999404,1.0,1.0,1.0,1.0
kmeans256|best|transport|p_unresolved_q|t0.7,domain=code,3160,0.999942,1.0,1.0,1.0,1.0
kmeans256|best|transport|p_unresolved_q|t0.7,domain=maths,3696,0.999949,1.0,1.0,1.0,1.0
kmeans256|best|transport|p_unresolved_q|t0.7,domain=multilingual,4472,0.996662,1.0,1.0,1.0,1.0
kmeans256|best|transport|log_width_retain64|t1.0,all,16016,127.337746,101.412925,127.636715,153.45394,201.854843
kmeans256|best|transport|log_width_retain64|t1.0,outcome=accepted,9969,125.71341,97.372728,125.930948,153.794855,201.854843
kmeans256|best|transport|log_width_retain64|t1.0,outcome=rejected,2298,125.025259,100.813048,124.723576,149.515514,192.295727
kmeans256|best|transport|log_width_retain64|t1.0,outcome=unreached,3749,133.074501,113.186291,132.519878,154.221709,190.917868
kmeans256|best|transport|log_width_retain64|t1.0,position=1,4004,112.990528,84.121541,111.581193,143.110542,201.131341
kmeans256|best|transport|log_width_retain64|t1.0,position=2,4004,126.593627,104.452275,125.204795,150.595339,198.065498
kmeans256|best|transport|log_width_retain64|t1.0,position=3,4004,133.039354,112.550981,131.711605,155.670264,201.854843
kmeans256|best|transport|log_width_retain64|t1.0,position=4,4004,136.727474,116.951397,135.748336,158.53859,199.019371
kmeans256|best|transport|log_width_retain64|t1.0,domain=chat,4688,126.092206,101.399922,126.180192,150.497132,201.131341
kmeans256|best|transport|log_width_retain64|t1.0,domain=code,3160,127.180369,101.788661,127.411937,153.461804,185.577225
kmeans256|best|transport|log_width_retain64|t1.0,domain=maths,3696,125.999392,97.291257,127.183302,152.327146,187.680996
kmeans256|best|transport|log_width_retain64|t1.0,domain=multilingual,4472,129.860768,104.16851,129.688545,156.984774,201.854843
kmeans256|best|transport|p_unresolved_x_retain64|t1.0,all,16016,0.808065,0.076238,1.0,1.0,1.0
kmeans256|best|transport|p_unresolved_x_retain64|t1.0,outcome=accepted,9969,0.985031,0.995015,1.0,1.0,1.0
kmeans256|best|transport|p_unresolved_x_retain64|t1.0,outcome=rejected,2298,0.28153,0.000171,0.164044,0.783229,1.0
kmeans256|best|transport|p_unresolved_x_retain64|t1.0,outcome=unreached,3749,0.660241,0.011337,0.989227,1.0,1.0
kmeans256|best|transport|p_unresolved_x_retain64|t1.0,position=1,4004,0.888504,0.476766,1.0,1.0,1.0
kmeans256|best|transport|p_unresolved_x_retain64|t1.0,position=2,4004,0.81709,0.109206,1.0,1.0,1.0
kmeans256|best|transport|p_unresolved_x_retain64|t1.0,position=3,4004,0.775807,0.030591,1.0,1.0,1.0
kmeans256|best|transport|p_unresolved_x_retain64|t1.0,position=4,4004,0.75086,0.015685,1.0,1.0,1.0
kmeans256|best|transport|p_unresolved_x_retain64|t1.0,domain=chat,4688,0.750137,0.046068,1.0,1.0,1.0
kmeans256|best|transport|p_unresolved_x_retain64|t1.0,domain=code,3160,0.888234,0.410064,1.0,1.0,1.0
kmeans256|best|transport|p_unresolved_x_retain64|t1.0,domain=maths,3696,0.885438,0.384977,1.0,1.0,1.0
kmeans256|best|transport|p_unresolved_x_retain64|t1.0,domain=multilingual,4472,0.748195,0.021961,1.0,1.0,1.0
kmeans256|best|transport|rowlevel_rows_skipped,all,16016,0.00115,0.000942,0.001111,0.001405,0.000636
kmeans256|best|transport|rowlevel_rows_skipped,outcome=accepted,9969,0.001221,0.000999,0.001208,0.001438,0.000938
kmeans256|best|transport|rowlevel_rows_skipped,outcome=rejected,2298,0.001028,0.000938,0.000971,0.00122,0.00083
kmeans256|best|transport|rowlevel_rows_skipped,outcome=unreached,3749,0.001034,0.000938,0.000987,0.00122,0.000636
kmeans256|best|transport|rowlevel_rows_skipped,position=1,4004,0.001267,0.000975,0.001273,0.001506,0.000934
kmeans256|best|transport|rowlevel_rows_skipped,position=2,4004,0.001153,0.000946,0.001132,0.001393,0.000636
kmeans256|best|transport|rowlevel_rows_skipped,position=3,4004,0.001103,0.000938,0.001067,0.001321,0.000918
kmeans256|best|transport|rowlevel_rows_skipped,position=4,4004,0.001077,0.000938,0.001039,0.001289,0.00083
kmeans256|best|transport|rowlevel_rows_skipped,domain=chat,4688,0.001112,0.000938,0.001059,0.001369,0.000926
kmeans256|best|transport|rowlevel_rows_skipped,domain=code,3160,0.001211,0.000999,0.001208,0.001426,0.000934
kmeans256|best|transport|rowlevel_rows_skipped,domain=maths,3696,0.001243,0.001011,0.001232,0.00145,0.000938
kmeans256|best|transport|rowlevel_rows_skipped,domain=multilingual,4472,0.001069,0.000938,0.001007,0.001313,0.000636
kmeans256|best|static|tiles_skipped,all,16016,0.265209,0.240206,0.258763,0.298969,0.162887
kmeans256|best|static|tiles_skipped,outcome=accepted,9969,0.274874,0.245361,0.276289,0.302062,0.240206
kmeans256|best|static|tiles_skipped,outcome=rejected,2298,0.245501,0.240206,0.241237,0.256701,0.212371
kmeans256|best|static|tiles_skipped,outcome=unreached,3749,0.251585,0.240206,0.24433,0.279381,0.162887
kmeans256|best|static|tiles_skipped,position=1,4004,0.266592,0.241237,0.260825,0.298969,0.239175
kmeans256|best|static|tiles_skipped,position=2,4004,0.265826,0.240206,0.258763,0.3,0.162887
kmeans256|best|static|tiles_skipped,position=3,4004,0.264614,0.240206,0.257732,0.298969,0.235052
kmeans256|best|static|tiles_skipped,position=4,4004,0.263801,0.240206,0.25567,0.298969,0.212371
kmeans256|best|static|tiles_skipped,domain=chat,4688,0.255707,0.240206,0.247423,0.286598,0.237113
kmeans256|best|static|tiles_skipped,domain=code,3160,0.277009,0.246392,0.280412,0.303093,0.239175
kmeans256|best|static|tiles_skipped,domain=maths,3696,0.28045,0.248454,0.285567,0.303093,0.240206
kmeans256|best|static|tiles_skipped,domain=multilingual,4472,0.254234,0.240206,0.246392,0.285567,0.162887
kmeans256|best|static|rows_skipped,all,16016,0.001134,0.000938,0.001083,0.001397,0.000636
kmeans256|best|static|rows_skipped,outcome=accepted,9969,0.001209,0.000979,0.00122,0.001422,0.000938
kmeans256|best|static|rows_skipped,outcome=rejected,2298,0.00098,0.000938,0.000946,0.001067,0.00083
kmeans256|best|static|rows_skipped,outcome=unreached,3749,0.001027,0.000938,0.000971,0.001244,0.000636
kmeans256|best|static|rows_skipped,position=1,4004,0.001145,0.000946,0.001099,0.001397,0.000934
kmeans256|best|static|rows_skipped,position=2,4004,0.001139,0.000938,0.001083,0.001405,0.000636
kmeans256|best|static|rows_skipped,position=3,4004,0.001129,0.000938,0.001075,0.001397,0.000918
kmeans256|best|static|rows_skipped,position=4,4004,0.001123,0.000938,0.001059,0.001397,0.00083
kmeans256|best|static|rows_skipped,domain=chat,4688,0.001059,0.000938,0.000995,0.001301,0.000926
kmeans256|best|static|rows_skipped,domain=code,3160,0.001226,0.000987,0.001252,0.00143,0.000934
kmeans256|best|static|rows_skipped,domain=maths,3696,0.001253,0.001003,0.001293,0.00143,0.000938
kmeans256|best|static|rows_skipped,domain=multilingual,4472,0.001048,0.000938,0.000987,0.001293,0.000636
kmeans256|best|static|rows_skipped_taustar,all,16016,0.001145,0.000946,0.001099,0.001397,0.000938
kmeans256|best|static|rows_skipped_taustar,outcome=accepted,9969,0.001209,0.000979,0.00122,0.001422,0.000938
kmeans256|best|static|rows_skipped_taustar,outcome=rejected,2298,0.001037,0.000938,0.000987,0.001236,0.000938
kmeans256|best|static|rows_skipped_taustar,outcome=unreached,3749,0.00104,0.000938,0.000987,0.001252,0.000938
kmeans256|best|static|rows_skipped_taustar,position=1,4004,0.001148,0.000946,0.001107,0.001397,0.000938
kmeans256|best|static|rows_skipped_taustar,position=2,4004,0.001148,0.000946,0.001107,0.001405,0.000938
kmeans256|best|static|rows_skipped_taustar,position=3,4004,0.001143,0.000946,0.001099,0.001397,0.000938
kmeans256|best|static|rows_skipped_taustar,position=4,4004,0.00114,0.000946,0.001099,0.001397,0.000938
kmeans256|best|static|rows_skipped_taustar,domain=chat,4688,0.001069,0.000938,0.001019,0.001309,0.000938
kmeans256|best|static|rows_skipped_taustar,domain=code,3160,0.001238,0.001019,0.001269,0.00143,0.000938
kmeans256|best|static|rows_skipped_taustar,domain=maths,3696,0.001268,0.001051,0.001301,0.00143,0.000938
kmeans256|best|static|rows_skipped_taustar,domain=multilingual,4472,0.001056,0.000938,0.000995,0.001293,0.000938
kmeans256|best|static|log_width|t1.0,all,16016,158.215966,146.518432,160.795156,165.550864,172.915108
kmeans256|best|static|log_width|t1.0,outcome=accepted,9969,157.083835,144.809927,159.73972,165.071639,171.891076
kmeans256|best|static|log_width|t1.0,outcome=rejected,2298,160.36243,151.165563,162.567656,166.139833,171.825657
kmeans256|best|static|log_width|t1.0,outcome=unreached,3749,159.910719,150.52888,161.920932,166.063191,172.915108
kmeans256|best|static|log_width|t1.0,position=1,4004,158.625377,147.130358,161.202036,165.696625,171.891076
kmeans256|best|static|log_width|t1.0,position=2,4004,158.135768,145.968799,160.851976,165.509146,171.825657
kmeans256|best|static|log_width|t1.0,position=3,4004,158.167817,146.904708,160.671133,165.507304,172.915108
kmeans256|best|static|log_width|t1.0,position=4,4004,157.9349,146.365587,160.441621,165.471289,171.926298
kmeans256|best|static|log_width|t1.0,domain=chat,4688,160.327515,152.155992,162.353498,165.632851,169.392865
kmeans256|best|static|log_width|t1.0,domain=code,3160,154.374267,141.503717,156.629241,163.98402,168.534353
kmeans256|best|static|log_width|t1.0,domain=maths,3696,156.220644,144.878644,158.339486,164.259116,168.515414
kmeans256|best|static|log_width|t1.0,domain=multilingual,4472,160.366128,150.366136,162.266686,166.830091,172.915108
kmeans256|best|static|p_unresolved_x|t1.0,all,16016,0.998995,1.0,1.0,1.0,1.0
kmeans256|best|static|p_unresolved_x|t1.0,outcome=accepted,9969,1.0,1.0,1.0,1.0,1.0
kmeans256|best|static|p_unresolved_x|t1.0,outcome=rejected,2298,0.996522,1.0,1.0,1.0,1.0
kmeans256|best|static|p_unresolved_x|t1.0,outcome=unreached,3749,0.997837,1.0,1.0,1.0,1.0
kmeans256|best|static|p_unresolved_x|t1.0,position=1,4004,0.999777,1.0,1.0,1.0,1.0
kmeans256|best|static|p_unresolved_x|t1.0,position=2,4004,0.998774,1.0,1.0,1.0,1.0
kmeans256|best|static|p_unresolved_x|t1.0,position=3,4004,0.998924,1.0,1.0,1.0,1.0
kmeans256|best|static|p_unresolved_x|t1.0,position=4,4004,0.998503,1.0,1.0,1.0,1.0
kmeans256|best|static|p_unresolved_x|t1.0,domain=chat,4688,0.999465,1.0,1.0,1.0,1.0
kmeans256|best|static|p_unresolved_x|t1.0,domain=code,3160,0.999861,1.0,1.0,1.0,1.0
kmeans256|best|static|p_unresolved_x|t1.0,domain=maths,3696,1.0,1.0,1.0,1.0,1.0
kmeans256|best|static|p_unresolved_x|t1.0,domain=multilingual,4472,0.997058,1.0,1.0,1.0,1.0
kmeans256|best|static|p_unresolved_q|t1.0,all,16016,0.99926,1.0,1.0,1.0,1.0
kmeans256|best|static|p_unresolved_q|t1.0,outcome=accepted,9969,0.999809,1.0,1.0,1.0,1.0
kmeans256|best|static|p_unresolved_q|t1.0,outcome=rejected,2298,0.99771,1.0,1.0,1.0,1.0
kmeans256|best|static|p_unresolved_q|t1.0,outcome=unreached,3749,0.99875,1.0,1.0,1.0,1.0
kmeans256|best|static|p_unresolved_q|t1.0,position=1,4004,0.999666,1.0,1.0,1.0,1.0
kmeans256|best|static|p_unresolved_q|t1.0,position=2,4004,0.999064,1.0,1.0,1.0,1.0
kmeans256|best|static|p_unresolved_q|t1.0,position=3,4004,0.999053,1.0,1.0,1.0,1.0
kmeans256|best|static|p_unresolved_q|t1.0,position=4,4004,0.999258,1.0,1.0,1.0,1.0
kmeans256|best|static|p_unresolved_q|t1.0,domain=chat,4688,0.999695,1.0,1.0,1.0,1.0
kmeans256|best|static|p_unresolved_q|t1.0,domain=code,3160,0.999946,1.0,1.0,1.0,1.0
kmeans256|best|static|p_unresolved_q|t1.0,domain=maths,3696,0.999956,1.0,1.0,1.0,1.0
kmeans256|best|static|p_unresolved_q|t1.0,domain=multilingual,4472,0.997745,0.999996,1.0,1.0,1.0
kmeans256|best|static|log_width|t0.7,all,16016,223.279395,206.765162,226.863354,233.7525,244.545548
kmeans256|best|static|log_width|t0.7,outcome=accepted,9969,221.68337,204.261102,225.397182,233.05924,242.562338
kmeans256|best|static|log_width|t0.7,outcome=rejected,2298,226.320838,213.397066,229.367039,234.674551,243.235694
kmeans256|best|static|log_width|t0.7,outcome=unreached,3749,225.659107,212.298841,228.463904,234.453031,244.545548
kmeans256|best|static|log_width|t0.7,position=1,4004,223.852483,207.506942,227.458749,233.949442,242.999871
kmeans256|best|static|log_width|t0.7,position=2,4004,223.163949,205.977529,226.919548,233.713376,243.235694
kmeans256|best|static|log_width|t0.7,position=3,4004,223.212205,207.186425,226.715736,233.6835,244.545548
kmeans256|best|static|log_width|t0.7,position=4,4004,222.888944,206.507178,226.393072,233.672603,243.014065
kmeans256|best|static|log_width|t0.7,domain=chat,4688,226.272282,214.839259,229.089866,233.887049,239.043024
kmeans256|best|static|log_width|t0.7,domain=code,3160,217.848286,199.581368,220.905221,231.491456,238.136638
kmeans256|best|static|log_width|t0.7,domain=maths,3696,220.503699,204.344861,223.526884,231.905928,238.359812
kmeans256|best|static|log_width|t0.7,domain=multilingual,4472,226.273721,212.191844,228.95835,235.57854,244.545548
kmeans256|best|static|p_unresolved_x|t0.7,all,16016,0.998696,1.0,1.0,1.0,1.0
kmeans256|best|static|p_unresolved_x|t0.7,outcome=accepted,9969,1.0,1.0,1.0,1.0,1.0
kmeans256|best|static|p_unresolved_x|t0.7,outcome=rejected,2298,0.995489,1.0,1.0,1.0,1.0
kmeans256|best|static|p_unresolved_x|t0.7,outcome=unreached,3749,0.997195,1.0,1.0,1.0,1.0
kmeans256|best|static|p_unresolved_x|t0.7,position=1,4004,0.99968,1.0,1.0,1.0,1.0
kmeans256|best|static|p_unresolved_x|t0.7,position=2,4004,0.998227,1.0,1.0,1.0,1.0
kmeans256|best|static|p_unresolved_x|t0.7,position=3,4004,0.998615,1.0,1.0,1.0,1.0
kmeans256|best|static|p_unresolved_x|t0.7,position=4,4004,0.998263,1.0,1.0,1.0,1.0
kmeans256|best|static|p_unresolved_x|t0.7,domain=chat,4688,0.999248,1.0,1.0,1.0,1.0
kmeans256|best|static|p_unresolved_x|t0.7,domain=code,3160,0.999869,1.0,1.0,1.0,1.0
kmeans256|best|static|p_unresolved_x|t0.7,domain=maths,3696,1.0,1.0,1.0,1.0,1.0
kmeans256|best|static|p_unresolved_x|t0.7,domain=multilingual,4472,0.996211,1.0,1.0,1.0,1.0
kmeans256|best|static|p_unresolved_q|t0.7,all,16016,0.99887,1.0,1.0,1.0,1.0
kmeans256|best|static|p_unresolved_q|t0.7,outcome=accepted,9969,0.999816,1.0,1.0,1.0,1.0
kmeans256|best|static|p_unresolved_q|t0.7,outcome=rejected,2298,0.996205,1.0,1.0,1.0,1.0
kmeans256|best|static|p_unresolved_q|t0.7,outcome=unreached,3749,0.99799,1.0,1.0,1.0,1.0
kmeans256|best|static|p_unresolved_q|t0.7,position=1,4004,0.999558,1.0,1.0,1.0,1.0
kmeans256|best|static|p_unresolved_q|t0.7,position=2,4004,0.998531,1.0,1.0,1.0,1.0
kmeans256|best|static|p_unresolved_q|t0.7,position=3,4004,0.998672,1.0,1.0,1.0,1.0
kmeans256|best|static|p_unresolved_q|t0.7,position=4,4004,0.99872,1.0,1.0,1.0,1.0
kmeans256|best|static|p_unresolved_q|t0.7,domain=chat,4688,0.999404,1.0,1.0,1.0,1.0
kmeans256|best|static|p_unresolved_q|t0.7,domain=code,3160,0.999942,1.0,1.0,1.0,1.0
kmeans256|best|static|p_unresolved_q|t0.7,domain=maths,3696,0.999949,1.0,1.0,1.0,1.0
kmeans256|best|static|p_unresolved_q|t0.7,domain=multilingual,4472,0.996662,1.0,1.0,1.0,1.0
kmeans256|oracle|transport|tiles_skipped,all,16016,0.98222,0.974227,0.998969,0.998969,0.186598
kmeans256|oracle|transport|tiles_skipped,outcome=accepted,9969,0.998139,0.996907,0.998969,0.998969,0.88866
kmeans256|oracle|transport|tiles_skipped,outcome=rejected,2298,0.948004,0.841237,0.990206,0.997938,0.289691
kmeans256|oracle|transport|tiles_skipped,outcome=unreached,3749,0.960862,0.886392,0.995876,0.998969,0.186598
kmeans256|oracle|transport|tiles_skipped,position=1,4004,0.992898,0.991753,0.998969,0.998969,0.397938
kmeans256|oracle|transport|tiles_skipped,position=2,4004,0.984005,0.979381,0.998969,0.998969,0.186598
kmeans256|oracle|transport|tiles_skipped,position=3,4004,0.977781,0.959794,0.998969,0.998969,0.360825
kmeans256|oracle|transport|tiles_skipped,position=4,4004,0.974194,0.947423,0.997938,0.998969,0.289691
kmeans256|oracle|transport|tiles_skipped,domain=chat,4688,0.975466,0.94433,0.997938,0.998969,0.379381
kmeans256|oracle|transport|tiles_skipped,domain=code,3160,0.99583,0.995876,0.998969,0.998969,0.384536
kmeans256|oracle|transport|tiles_skipped,domain=maths,3696,0.996215,0.996907,0.998969,0.998969,0.614433
kmeans256|oracle|transport|tiles_skipped,domain=multilingual,4472,0.968116,0.926907,0.997938,0.998969,0.186598
kmeans256|oracle|transport|rows_skipped,all,16016,0.922683,0.746895,0.997326,0.999243,0.000838
kmeans256|oracle|transport|rows_skipped,outcome=accepted,9969,0.985802,0.960503,0.999034,0.999243,0.530376
kmeans256|oracle|transport|rows_skipped,outcome=rejected,2298,0.789539,0.369365,0.906182,0.996895,0.001691
kmeans256|oracle|transport|rows_skipped,outcome=unreached,3749,0.836454,0.462774,0.952283,0.999243,0.000838
kmeans256|oracle|transport|rows_skipped,position=1,4004,0.956434,0.876681,0.997652,0.999243,0.003781
kmeans256|oracle|transport|rows_skipped,position=2,4004,0.930631,0.783338,0.997326,0.999243,0.000838
kmeans256|oracle|transport|rows_skipped,position=3,4004,0.908933,0.681483,0.996895,0.999243,0.002746
kmeans256|oracle|transport|rows_skipped,position=4,4004,0.894732,0.622232,0.996239,0.999243,0.001691
kmeans256|oracle|transport|rows_skipped,domain=chat,4688,0.907183,0.705692,0.987758,0.999243,0.002887
kmeans256|oracle|transport|rows_skipped,domain=code,3160,0.98034,0.962286,0.999243,0.999243,0.003395
kmeans256|oracle|transport|rows_skipped,domain=maths,3696,0.983849,0.975711,0.999094,0.999243,0.118271
kmeans256|oracle|transport|rows_skipped,domain=multilingual,4472,0.847636,0.490218,0.964985,0.999243,0.000838
kmeans256|oracle|transport|rows_skipped_taustar,all,16016,0.962352,0.869531,0.997652,0.999243,0.312226
kmeans256|oracle|transport|rows_skipped_taustar,outcome=accepted,9969,0.985802,0.960503,0.999034,0.999243,0.530376
kmeans256|oracle|transport|rows_skipped_taustar,outcome=rejected,2298,0.92875,0.771253,0.98245,0.999243,0.34141
kmeans256|oracle|transport|rows_skipped_taustar,outcome=unreached,3749,0.920591,0.743846,0.983493,0.999243,0.312226
kmeans256|oracle|transport|rows_skipped_taustar,position=1,4004,0.971027,0.906236,0.997652,0.999243,0.529772
kmeans256|oracle|transport|rows_skipped_taustar,position=2,4004,0.965695,0.89078,0.997652,0.999243,0.330819
kmeans256|oracle|transport|rows_skipped_taustar,position=3,4004,0.959757,0.855238,0.997326,0.999243,0.377191
kmeans256|oracle|transport|rows_skipped_taustar,position=4,4004,0.952928,0.816894,0.997326,0.999243,0.312226
kmeans256|oracle|transport|rows_skipped_taustar,domain=chat,4688,0.958025,0.877515,0.992397,0.999243,0.330819
kmeans256|oracle|transport|rows_skipped_taustar,domain=code,3160,0.991865,0.983682,0.999243,0.999243,0.538221
kmeans256|oracle|transport|rows_skipped_taustar,domain=maths,3696,0.993678,0.987758,0.999243,0.999243,0.4911
kmeans256|oracle|transport|rows_skipped_taustar,domain=multilingual,4472,0.920142,0.748682,0.985688,0.999243,0.312226
kmeans256|oracle|transport|log_width|t1.0,all,16016,14.520275,10.009196,13.905331,19.942395,41.689778
kmeans256|oracle|transport|log_width|t1.0,outcome=accepted,9969,15.038279,9.851917,14.570796,20.789395,41.689778
kmeans256|oracle|transport|log_width|t1.0,outcome=rejected,2298,13.206385,9.531017,12.596153,17.618919,33.98475
kmeans256|oracle|transport|log_width|t1.0,outcome=unreached,3749,13.948211,10.613508,13.408571,18.128904,32.894927
kmeans256|oracle|transport|log_width|t1.0,position=1,4004,12.991785,8.468122,12.320026,18.391768,38.296318
kmeans256|oracle|transport|log_width|t1.0,position=2,4004,14.506659,10.224048,13.836119,19.78554,37.222918
kmeans256|oracle|transport|log_width|t1.0,position=3,4004,15.127956,10.824401,14.413373,20.341085,41.689778
kmeans256|oracle|transport|log_width|t1.0,position=4,4004,15.454699,11.148025,14.733439,20.786357,38.403207
kmeans256|oracle|transport|log_width|t1.0,domain=chat,4688,13.517226,9.65254,12.869666,18.283704,33.722156
kmeans256|oracle|transport|log_width|t1.0,domain=code,3160,15.125799,10.308812,14.777206,20.164595,33.901925
kmeans256|oracle|transport|log_width|t1.0,domain=maths,3696,15.876926,10.505522,15.325745,21.842915,38.403207
kmeans256|oracle|transport|log_width|t1.0,domain=multilingual,4472,14.022657,9.991464,13.496068,18.736914,41.689778
kmeans256|oracle|transport|p_unresolved_x|t1.0,all,16016,0.858812,0.399441,0.989324,0.99997,1.0
kmeans256|oracle|transport|p_unresolved_x|t1.0,outcome=accepted,9969,0.820586,0.128533,0.978076,0.999943,1.0
kmeans256|oracle|transport|p_unresolved_x|t1.0,outcome=rejected,2298,0.956644,0.923807,0.997948,0.999994,1.0
kmeans256|oracle|transport|p_unresolved_x|t1.0,outcome=unreached,3749,0.900491,0.680958,0.994898,0.999979,1.0
kmeans256|oracle|transport|p_unresolved_x|t1.0,position=1,4004,0.903723,0.720732,0.98924,0.999942,1.0
kmeans256|oracle|transport|p_unresolved_x|t1.0,position=2,4004,0.856376,0.397031,0.987137,0.999962,1.0
kmeans256|oracle|transport|p_unresolved_x|t1.0,position=3,4004,0.843789,0.274472,0.988767,0.999972,1.0
kmeans256|oracle|transport|p_unresolved_x|t1.0,position=4,4004,0.831361,0.104633,0.991297,0.999986,1.0
kmeans256|oracle|transport|p_unresolved_x|t1.0,domain=chat,4688,0.884219,0.58878,0.990275,0.999945,1.0
kmeans256|oracle|transport|p_unresolved_x|t1.0,domain=code,3160,0.849501,0.334277,0.987627,0.99998,1.0
kmeans256|oracle|transport|p_unresolved_x|t1.0,domain=maths,3696,0.790768,0.006069,0.973765,0.99997,1.0
kmeans256|oracle|transport|p_unresolved_x|t1.0,domain=multilingual,4472,0.894994,0.655188,0.993911,0.999976,1.0
kmeans256|oracle|transport|p_unresolved_q|t1.0,all,16016,0.8686,0.540816,0.97533,0.999776,1.0
kmeans256|oracle|transport|p_unresolved_q|t1.0,outcome=accepted,9969,0.841491,0.353752,0.97725,0.999929,1.0
kmeans256|oracle|transport|p_unresolved_q|t1.0,outcome=rejected,2298,0.921088,0.788088,0.967629,0.996396,0.999999
kmeans256|oracle|transport|p_unresolved_q|t1.0,outcome=unreached,3749,0.908515,0.751933,0.976863,0.999074,1.0
kmeans256|oracle|transport|p_unresolved_q|t1.0,position=1,4004,0.907119,0.7388,0.983543,0.999889,1.0
kmeans256|oracle|transport|p_unresolved_q|t1.0,position=2,4004,0.867544,0.551817,0.973701,0.999821,1.0
kmeans256|oracle|transport|p_unresolved_q|t1.0,position=3,4004,0.855246,0.476688,0.970479,0.999603,1.0
kmeans256|oracle|transport|p_unresolved_q|t1.0,position=4,4004,0.844493,0.383821,0.972105,0.999662,1.0
kmeans256|oracle|transport|p_unresolved_q|t1.0,domain=chat,4688,0.8926,0.686632,0.973623,0.999044,1.0
kmeans256|oracle|transport|p_unresolved_q|t1.0,domain=code,3160,0.856245,0.454689,0.979272,0.999947,1.0
kmeans256|oracle|transport|p_unresolved_q|t1.0,domain=maths,3696,0.802913,0.216279,0.958507,0.999896,1.0
kmeans256|oracle|transport|p_unresolved_q|t1.0,domain=multilingual,4472,0.906461,0.731939,0.980915,0.999552,1.0
kmeans256|oracle|transport|log_width|t0.7,all,16016,20.776109,14.108157,19.929078,28.620247,59.701371
kmeans256|oracle|transport|log_width|t0.7,outcome=accepted,9969,21.527059,13.971938,20.906659,29.854085,59.701371
kmeans256|oracle|transport|log_width|t0.7,outcome=rejected,2298,18.868201,13.389296,17.944069,25.443847,50.386527
kmeans256|oracle|transport|log_width|t0.7,outcome=unreached,3749,19.948731,14.897871,19.172218,26.158208,46.993674
kmeans256|oracle|transport|log_width|t0.7,position=1,4004,18.575552,11.974513,17.63833,26.324276,55.153777
kmeans256|oracle|transport|log_width|t0.7,position=2,4004,20.757149,14.397993,19.825725,28.452617,53.239127
kmeans256|oracle|transport|log_width|t0.7,position=3,4004,21.652191,15.262612,20.693757,29.126144,59.701371
kmeans256|oracle|transport|log_width|t0.7,position=4,4004,22.119545,15.699908,21.140061,29.852983,54.88942
kmeans256|oracle|transport|log_width|t0.7,domain=chat,4688,19.321112,13.632191,18.388406,26.299298,48.174753
kmeans256|oracle|transport|log_width|t0.7,domain=code,3160,21.643096,14.656907,21.16704,28.898009,48.431321
kmeans256|oracle|transport|log_width|t0.7,domain=maths,3696,22.724676,14.987487,21.925215,31.364507,55.153777
kmeans256|oracle|transport|log_width|t0.7,domain=multilingual,4472,20.078312,13.936538,19.389665,27.077191,59.701371
kmeans256|oracle|transport|p_unresolved_x|t0.7,all,16016,0.878471,0.44412,0.998446,1.0,1.0
kmeans256|oracle|transport|p_unresolved_x|t0.7,outcome=accepted,9969,0.84633,0.108102,0.995658,0.999999,1.0
kmeans256|oracle|transport|p_unresolved_x|t0.7,outcome=rejected,2298,0.962826,0.97168,0.999865,1.0,1.0
kmeans256|oracle|transport|p_unresolved_x|t0.7,outcome=unreached,3749,0.912232,0.741164,0.999453,1.0,1.0
kmeans256|oracle|transport|p_unresolved_x|t0.7,position=1,4004,0.926152,0.832261,0.998429,0.999999,1.0
kmeans256|oracle|transport|p_unresolved_x|t0.7,position=2,4004,0.877228,0.442934,0.998061,1.0,1.0
kmeans256|oracle|transport|p_unresolved_x|t0.7,position=3,4004,0.862849,0.25441,0.99833,1.0,1.0
kmeans256|oracle|transport|p_unresolved_x|t0.7,position=4,4004,0.847656,0.065405,0.998799,1.0,1.0
kmeans256|oracle|transport|p_unresolved_x|t0.7,domain=chat,4688,0.902209,0.676829,0.998649,0.999999,1.0
kmeans256|oracle|transport|p_unresolved_x|t0.7,domain=code,3160,0.873835,0.432272,0.998143,1.0,1.0
kmeans256|oracle|transport|p_unresolved_x|t0.7,domain=maths,3696,0.817562,0.001523,0.994484,1.0,1.0
kmeans256|oracle|transport|p_unresolved_x|t0.7,domain=multilingual,4472,0.907202,0.703778,0.999272,1.0,1.0
kmeans256|oracle|transport|p_unresolved_q|t0.7,all,16016,0.880751,0.540889,0.993232,0.999994,1.0
kmeans256|oracle|transport|p_unresolved_q|t0.7,outcome=accepted,9969,0.856338,0.289072,0.994951,0.999999,1.0
kmeans256|oracle|transport|p_unresolved_q|t0.7,outcome=rejected,2298,0.933245,0.788157,0.987608,0.999644,1.0
kmeans256|oracle|transport|p_unresolved_q|t0.7,outcome=unreached,3749,0.913492,0.730128,0.992604,0.999959,1.0
kmeans256|oracle|transport|p_unresolved_q|t0.7,position=1,4004,0.926559,0.805569,0.996674,0.999998,1.0
kmeans256|oracle|transport|p_unresolved_q|t0.7,position=2,4004,0.880087,0.526887,0.992584,0.999996,1.0
kmeans256|oracle|transport|p_unresolved_q|t0.7,position=3,4004,0.865283,0.448702,0.990989,0.999988,1.0
kmeans256|oracle|transport|p_unresolved_q|t0.7,position=4,4004,0.851077,0.299825,0.990262,0.999989,1.0
kmeans256|oracle|transport|p_unresolved_q|t0.7,domain=chat,4688,0.903284,0.702003,0.991883,0.999956,1.0
kmeans256|oracle|transport|p_unresolved_q|t0.7,domain=code,3160,0.874505,0.488835,0.995786,0.999999,1.0
kmeans256|oracle|transport|p_unresolved_q|t0.7,domain=maths,3696,0.821345,0.118943,0.988427,0.999998,1.0
kmeans256|oracle|transport|p_unresolved_q|t0.7,domain=multilingual,4472,0.910644,0.720471,0.995066,0.999984,1.0
kmeans256|oracle|transport|log_width_retain64|t1.0,all,16016,0.873223,8e-05,0.033466,3.314681,16.053014
kmeans256|oracle|transport|log_width_retain64|t1.0,outcome=accepted,9969,0.290368,3.4e-05,0.004176,0.847984,8.349831
kmeans256|oracle|transport|log_width_retain64|t1.0,outcome=rejected,2298,1.628826,0.003836,0.721055,4.626779,15.248872
kmeans256|oracle|transport|log_width_retain64|t1.0,outcome=unreached,3749,1.959943,0.004595,1.065846,5.331377,16.053014
kmeans256|oracle|transport|log_width_retain64|t1.0,position=1,4004,0.526273,3e-05,0.010477,2.052758,8.510767
kmeans256|oracle|transport|log_width_retain64|t1.0,position=2,4004,0.784191,8.4e-05,0.02961,2.987526,13.068893
kmeans256|oracle|transport|log_width_retain64|t1.0,position=3,4004,1.002358,0.000138,0.049747,3.751696,16.053014
kmeans256|oracle|transport|log_width_retain64|t1.0,position=4,4004,1.180072,0.000163,0.086426,4.316629,12.306641
kmeans256|oracle|transport|log_width_retain64|t1.0,domain=chat,4688,1.254724,0.000814,0.28324,4.09145,16.053014
kmeans256|oracle|transport|log_width_retain64|t1.0,domain=code,3160,0.165048,4.2e-05,0.002637,0.316929,8.689897
kmeans256|oracle|transport|log_width_retain64|t1.0,domain=maths,3696,0.133053,1.4e-05,0.001165,0.194136,11.097376
kmeans256|oracle|transport|log_width_retain64|t1.0,domain=multilingual,4472,1.585439,0.000936,0.589273,4.73542,13.360122
kmeans256|oracle|transport|p_unresolved_x_retain64|t1.0,all,16016,0.146679,0.0,0.001973,0.632382,0.999998
kmeans256|oracle|transport|p_unresolved_x_retain64|t1.0,outcome=accepted,9969,0.101235,0.0,1.4e-05,0.442638,0.999689
kmeans256|oracle|transport|p_unresolved_x_retain64|t1.0,outcome=rejected,2298,0.147058,1e-05,0.025493,0.505806,0.999998
kmeans256|oracle|transport|p_unresolved_x_retain64|t1.0,outcome=unreached,3749,0.267287,0.0,0.079601,0.880746,0.999993
kmeans256|oracle|transport|p_unresolved_x_retain64|t1.0,position=1,4004,0.128842,0.0,0.00131,0.541474,0.99919
kmeans256|oracle|transport|p_unresolved_x_retain64|t1.0,position=2,4004,0.136585,0.0,0.001418,0.581948,0.999976
kmeans256|oracle|transport|p_unresolved_x_retain64|t1.0,position=3,4004,0.153393,0.0,0.002968,0.666309,0.999998
kmeans256|oracle|transport|p_unresolved_x_retain64|t1.0,position=4,4004,0.167895,0.0,0.003277,0.713178,0.999993
kmeans256|oracle|transport|p_unresolved_x_retain64|t1.0,domain=chat,4688,0.210177,0.0,0.02972,0.776535,0.999993
kmeans256|oracle|transport|p_unresolved_x_retain64|t1.0,domain=code,3160,0.042014,0.0,3.1e-05,0.093214,0.99902
kmeans256|oracle|transport|p_unresolved_x_retain64|t1.0,domain=maths,3696,0.030885,0.0,0.0,0.046175,0.999957
kmeans256|oracle|transport|p_unresolved_x_retain64|t1.0,domain=multilingual,4472,0.249773,0.0,0.054887,0.864392,0.999998
kmeans256|oracle|transport|rowlevel_rows_skipped,all,16016,0.996347,0.9994,0.999992,0.999996,0.004285
kmeans256|oracle|transport|rowlevel_rows_skipped,outcome=accepted,9969,0.999984,0.999972,0.999996,0.999996,0.997072
kmeans256|oracle|transport|rowlevel_rows_skipped,outcome=rejected,2298,0.988064,0.992897,0.999863,0.999988,0.02237
kmeans256|oracle|transport|rowlevel_rows_skipped,outcome=unreached,3749,0.991755,0.99489,0.999956,0.999996,0.004285
kmeans256|oracle|transport|rowlevel_rows_skipped,position=1,4004,0.999125,0.999903,0.999992,0.999996,0.233404
kmeans256|oracle|transport|rowlevel_rows_skipped,position=2,4004,0.99655,0.999601,0.999992,0.999996,0.004285
kmeans256|oracle|transport|rowlevel_rows_skipped,position=3,4004,0.995352,0.998851,0.999988,0.999996,0.082571
kmeans256|oracle|transport|rowlevel_rows_skipped,position=4,4004,0.994361,0.998175,0.999988,0.999996,0.02237
kmeans256|oracle|transport|rowlevel_rows_skipped,domain=chat,4688,0.996913,0.998577,0.999984,0.999996,0.123929
kmeans256|oracle|transport|rowlevel_rows_skipped,domain=code,3160,0.999553,0.999956,0.999996,0.999996,0.228995
kmeans256|oracle|transport|rowlevel_rows_skipped,domain=maths,3696,0.999819,0.99996,0.999996,0.999996,0.931041
kmeans256|oracle|transport|rowlevel_rows_skipped,domain=multilingual,4472,0.990619,0.996876,0.99998,0.999996,0.004285
kmeans256|oracle|static|tiles_skipped,all,16016,0.996872,0.996907,0.998969,0.998969,0.213402
kmeans256|oracle|static|tiles_skipped,outcome=accepted,9969,0.998967,0.998969,0.998969,0.998969,0.997938
kmeans256|oracle|static|tiles_skipped,outcome=rejected,2298,0.991694,0.989691,0.997938,0.998969,0.350515
kmeans256|oracle|static|tiles_skipped,outcome=unreached,3749,0.994477,0.992784,0.998969,0.998969,0.213402
kmeans256|oracle|static|tiles_skipped,position=1,4004,0.998349,0.997938,0.998969,0.998969,0.612371
kmeans256|oracle|static|tiles_skipped,position=2,4004,0.996857,0.996907,0.998969,0.998969,0.213402
kmeans256|oracle|static|tiles_skipped,position=3,4004,0.996449,0.995876,0.998969,0.998969,0.492784
kmeans256|oracle|static|tiles_skipped,position=4,4004,0.995835,0.995876,0.998969,0.998969,0.350515
kmeans256|oracle|static|tiles_skipped,domain=chat,4688,0.996705,0.994845,0.998969,0.998969,0.495876
kmeans256|oracle|static|tiles_skipped,domain=code,3160,0.998517,0.997938,0.998969,0.998969,0.518557
kmeans256|oracle|static|tiles_skipped,domain=maths,3696,0.998659,0.998969,0.998969,0.998969,0.926804
kmeans256|oracle|static|tiles_skipped,domain=multilingual,4472,0.994409,0.994845,0.998969,0.998969,0.213402
kmeans256|oracle|static|rows_skipped,all,16016,0.983892,0.96423,0.998876,0.999243,0.001236
kmeans256|oracle|static|rows_skipped,outcome=accepted,9969,0.995925,0.991153,0.999243,0.999243,0.912617
kmeans256|oracle|static|rows_skipped,outcome=rejected,2298,0.955362,0.888462,0.989854,0.999243,0.003914
kmeans256|oracle|static|rows_skipped,outcome=unreached,3749,0.969384,0.920664,0.997652,0.999243,0.001236
kmeans256|oracle|static|rows_skipped,position=1,4004,0.990072,0.964985,0.998947,0.999243,0.089336
kmeans256|oracle|static|rows_skipped,position=2,4004,0.984329,0.964985,0.999005,0.999243,0.001236
kmeans256|oracle|static|rows_skipped,position=3,4004,0.981386,0.953508,0.99874,0.999243,0.026703
kmeans256|oracle|static|rows_skipped,position=4,4004,0.979783,0.951004,0.998784,0.999243,0.003914
kmeans256|oracle|static|rows_skipped,domain=chat,4688,0.984931,0.962333,0.998083,0.999243,0.035708
kmeans256|oracle|static|rows_skipped,domain=code,3160,0.995248,0.988515,0.999243,0.999243,0.046416
kmeans256|oracle|static|rows_skipped,domain=maths,3696,0.995932,0.99142,0.999243,0.999243,0.69015
kmeans256|oracle|static|rows_skipped,domain=multilingual,4472,0.964829,0.908642,0.997725,0.999243,0.001236
kmeans256|oracle|static|rows_skipped_taustar,all,16016,0.994834,0.988515,0.999243,0.999243,0.912617
kmeans256|oracle|static|rows_skipped_taustar,outcome=accepted,9969,0.995928,0.992369,0.999243,0.999243,0.912617
kmeans256|oracle|static|rows_skipped_taustar,outcome=rejected,2298,0.992765,0.974169,0.998377,0.999295,0.912617
kmeans256|oracle|static|rows_skipped_taustar,outcome=unreached,3749,0.993193,0.977154,0.998816,0.999243,0.912617
kmeans256|oracle|static|rows_skipped_taustar,position=1,4004,0.994351,0.988515,0.999243,0.999243,0.912617
kmeans256|oracle|static|rows_skipped_taustar,position=2,4004,0.994698,0.988515,0.999243,0.999243,0.912617
kmeans256|oracle|static|rows_skipped_taustar,position=3,4004,0.995163,0.988515,0.999243,0.999243,0.912617
kmeans256|oracle|static|rows_skipped_taustar,position=4,4004,0.995124,0.988515,0.999243,0.999243,0.912617
kmeans256|oracle|static|rows_skipped_taustar,domain=chat,4688,0.995775,0.988515,0.999084,0.999243,0.912617
kmeans256|oracle|static|rows_skipped_taustar,domain=code,3160,0.99701,0.995997,0.999243,0.999243,0.912617
kmeans256|oracle|static|rows_skipped_taustar,domain=maths,3696,0.997398,0.994813,0.999243,0.999243,0.912617
kmeans256|oracle|static|rows_skipped_taustar,domain=multilingual,4472,0.990191,0.964985,0.998707,0.999243,0.912617
kmeans256|oracle|static|log_width|t1.0,all,16016,25.998142,19.441476,25.989346,32.430992,42.575169
kmeans256|oracle|static|log_width|t1.0,outcome=accepted,9969,27.82997,21.78626,28.08803,33.331767,42.575169
kmeans256|oracle|static|log_width|t1.0,outcome=rejected,2298,23.153211,18.122937,22.819791,28.617459,36.636725
kmeans256|oracle|static|log_width|t1.0,outcome=unreached,3749,22.870949,17.83492,22.45099,28.876361,39.239389
kmeans256|oracle|static|log_width|t1.0,position=1,4004,26.284793,19.878709,26.384234,32.524522,40.009789
kmeans256|oracle|static|log_width|t1.0,position=2,4004,26.109626,19.691951,26.099242,32.399888,42.575169
kmeans256|oracle|static|log_width|t1.0,position=3,4004,25.878537,19.316834,25.792742,32.360498,41.354117
kmeans256|oracle|static|log_width|t1.0,position=4,4004,25.719612,18.942425,25.699746,32.393014,42.104601
kmeans256|oracle|static|log_width|t1.0,domain=chat,4688,24.456006,19.377772,24.077679,30.152672,42.104601
kmeans256|oracle|static|log_width|t1.0,domain=code,3160,28.377949,23.290574,28.476223,33.322735,41.400948
kmeans256|oracle|static|log_width|t1.0,domain=maths,3696,29.603777,24.748658,29.751805,34.25272,42.575169
kmeans256|oracle|static|log_width|t1.0,domain=multilingual,4472,22.953177,17.60246,22.41047,29.320366,41.014316
kmeans256|oracle|static|p_unresolved_x|t1.0,all,16016,0.995123,0.993616,0.997115,0.999939,1.0
kmeans256|oracle|static|p_unresolved_x|t1.0,outcome=accepted,9969,0.995372,0.993354,0.994681,0.999436,0.999954
kmeans256|oracle|static|p_unresolved_x|t1.0,outcome=rejected,2298,0.994619,0.997758,0.999832,1.0,1.0
kmeans256|oracle|static|p_unresolved_x|t1.0,outcome=unreached,3749,0.994768,0.993646,0.998647,0.999991,1.0
kmeans256|oracle|static|p_unresolved_x|t1.0,position=1,4004,0.996099,0.994227,0.996916,0.999851,1.0
kmeans256|oracle|static|p_unresolved_x|t1.0,position=2,4004,0.994887,0.993586,0.996736,0.999924,1.0
kmeans256|oracle|static|p_unresolved_x|t1.0,position=3,4004,0.995128,0.993523,0.997311,0.999968,1.0
kmeans256|oracle|static|p_unresolved_x|t1.0,position=4,4004,0.994377,0.993373,0.997462,0.999985,1.0
kmeans256|oracle|static|p_unresolved_x|t1.0,domain=chat,4688,0.996152,0.993581,0.997888,0.999956,1.0
kmeans256|oracle|static|p_unresolved_x|t1.0,domain=code,3160,0.99557,0.993395,0.994681,0.999705,1.0
kmeans256|oracle|static|p_unresolved_x|t1.0,domain=maths,3696,0.99556,0.993612,0.994681,0.999649,1.0
kmeans256|oracle|static|p_unresolved_x|t1.0,domain=multilingual,4472,0.993366,0.994014,0.998284,0.999986,1.0
kmeans256|oracle|static|p_unresolved_q|t1.0,all,16016,0.995383,0.994397,0.996377,0.999607,0.999995
kmeans256|oracle|static|p_unresolved_q|t1.0,outcome=accepted,9969,0.995548,0.994565,0.99469,0.99947,0.999954
kmeans256|oracle|static|p_unresolved_q|t1.0,outcome=rejected,2298,0.994481,0.993652,0.998012,0.999673,0.999954
kmeans256|oracle|static|p_unresolved_q|t1.0,outcome=unreached,3749,0.995496,0.994145,0.99774,0.999647,0.999995
kmeans256|oracle|static|p_unresolved_q|t1.0,position=1,4004,0.99592,0.994571,0.99668,0.999647,0.999954
kmeans256|oracle|static|p_unresolved_q|t1.0,position=2,4004,0.995192,0.994334,0.996198,0.999613,0.999954
kmeans256|oracle|static|p_unresolved_q|t1.0,position=3,4004,0.995166,0.994273,0.996361,0.999549,0.999954
kmeans256|oracle|static|p_unresolved_q|t1.0,position=4,4004,0.995254,0.994398,0.996253,0.999563,0.999995
kmeans256|oracle|static|p_unresolved_q|t1.0,domain=chat,4688,0.996326,0.994427,0.997511,0.999546,0.999995
kmeans256|oracle|static|p_unresolved_q|t1.0,domain=code,3160,0.995589,0.994121,0.994681,0.999225,0.999954
kmeans256|oracle|static|p_unresolved_q|t1.0,domain=maths,3696,0.995453,0.994564,0.994681,0.999266,0.999954
kmeans256|oracle|static|p_unresolved_q|t1.0,domain=multilingual,4472,0.994192,0.994349,0.997666,0.999823,0.999954
kmeans256|oracle|static|log_width|t0.7,all,16016,36.398108,26.056724,36.696406,46.174602,61.440177
kmeans256|oracle|static|log_width|t0.7,outcome=accepted,9969,39.319443,29.991183,39.909065,47.424364,61.440177
kmeans256|oracle|static|log_width|t0.7,outcome=rejected,2298,31.744304,23.777936,31.361687,40.360209,51.561768
kmeans256|oracle|static|log_width|t0.7,outcome=unreached,3749,31.482572,23.164074,31.036003,40.781831,54.95781
kmeans256|oracle|static|log_width|t0.7,position=1,4004,36.778373,26.758278,37.084756,46.187308,57.327468
kmeans256|oracle|static|log_width|t0.7,position=2,4004,36.572043,26.478949,36.785053,46.244374,61.440177
kmeans256|oracle|static|log_width|t0.7,position=3,4004,36.226181,25.875323,36.544453,46.097113,59.110552
kmeans256|oracle|static|log_width|t0.7,position=4,4004,36.015837,25.221114,36.242439,46.188574,59.828842
kmeans256|oracle|static|log_width|t0.7,domain=chat,4688,33.918954,25.756076,33.52629,42.599439,59.828842
kmeans256|oracle|static|log_width|t0.7,domain=code,3160,40.33644,32.711509,40.672458,47.412124,58.125611
kmeans256|oracle|static|log_width|t0.7,domain=maths,3696,42.023245,34.576941,42.400671,48.794167,61.440177
kmeans256|oracle|static|log_width|t0.7,domain=multilingual,4472,31.565069,22.806698,30.820326,41.583547,58.204726
kmeans256|oracle|static|p_unresolved_x|t0.7,all,16016,0.995052,0.994161,0.997296,0.999984,1.0
kmeans256|oracle|static|p_unresolved_x|t0.7,outcome=accepted,9969,0.995447,0.993834,0.994681,0.99947,0.999956
kmeans256|oracle|static|p_unresolved_x|t0.7,outcome=rejected,2298,0.994418,0.998446,0.99994,1.0,1.0
kmeans256|oracle|static|p_unresolved_x|t0.7,outcome=unreached,3749,0.994389,0.994255,0.998966,0.999999,1.0
kmeans256|oracle|static|p_unresolved_x|t0.7,position=1,4004,0.996049,0.994462,0.99689,0.999885,1.0
kmeans256|oracle|static|p_unresolved_x|t0.7,position=2,4004,0.994551,0.994125,0.996945,0.999975,1.0
kmeans256|oracle|static|p_unresolved_x|t0.7,position=3,4004,0.995109,0.994099,0.997519,0.999995,1.0
kmeans256|oracle|static|p_unresolved_x|t0.7,position=4,4004,0.994498,0.993967,0.99762,0.999998,1.0
kmeans256|oracle|static|p_unresolved_x|t0.7,domain=chat,4688,0.996111,0.994182,0.998106,0.999993,1.0
kmeans256|oracle|static|p_unresolved_x|t0.7,domain=code,3160,0.995756,0.993742,0.994681,0.999851,1.0
kmeans256|oracle|static|p_unresolved_x|t0.7,domain=maths,3696,0.995714,0.994167,0.994681,0.999819,1.0
kmeans256|oracle|static|p_unresolved_x|t0.7,domain=multilingual,4472,0.992897,0.994407,0.998327,0.999998,1.0
kmeans256|oracle|static|p_unresolved_q|t0.7,all,16016,0.994958,0.994503,0.996138,0.999647,1.0
kmeans256|oracle|static|p_unresolved_q|t0.7,outcome=accepted,9969,0.995477,0.994624,0.994681,0.999501,0.999954
kmeans256|oracle|static|p_unresolved_q|t0.7,outcome=rejected,2298,0.993112,0.993823,0.998038,0.99976,0.999995
kmeans256|oracle|static|p_unresolved_q|t0.7,outcome=unreached,3749,0.994709,0.994282,0.997755,0.999752,1.0
kmeans256|oracle|static|p_unresolved_q|t0.7,position=1,4004,0.995757,0.99457,0.996448,0.999649,0.999954
kmeans256|oracle|static|p_unresolved_q|t0.7,position=2,4004,0.994587,0.994444,0.995832,0.999648,0.999988
kmeans256|oracle|static|p_unresolved_q|t0.7,position=3,4004,0.994822,0.994471,0.99612,0.99963,0.999997
kmeans256|oracle|static|p_unresolved_q|t0.7,position=4,4004,0.994664,0.994502,0.995986,0.999645,1.0
kmeans256|oracle|static|p_unresolved_q|t0.7,domain=chat,4688,0.995948,0.994425,0.997373,0.999619,1.0
kmeans256|oracle|static|p_unresolved_q|t0.7,domain=code,3160,0.995587,0.994264,0.994681,0.999282,0.999995
kmeans256|oracle|static|p_unresolved_q|t0.7,domain=maths,3696,0.995447,0.994625,0.994681,0.999285,0.999988
kmeans256|oracle|static|p_unresolved_q|t0.7,domain=multilingual,4472,0.993071,0.994517,0.997601,0.999872,0.999997
kmeans1024|scalar|transport|tiles_skipped,all,16016,0.218999,0.219008,0.219008,0.219008,0.157025
kmeans1024|scalar|transport|rows_skipped,all,16016,0.000213,0.000213,0.000213,0.000213,0.000153
kmeans1024|scalar|transport|rows_skipped_taustar,all,16016,0.000213,0.000213,0.000213,0.000213,0.000213
kmeans1024|scalar|transport|log_width|t1.0,all,16016,935.912228,754.591827,931.947742,1128.335174,1403.599939
kmeans1024|scalar|transport|p_unresolved_x|t1.0,all,16016,0.99983,1.0,1.0,1.0,1.0
kmeans1024|scalar|transport|p_unresolved_q|t1.0,all,16016,0.999849,1.0,1.0,1.0,1.0
kmeans1024|scalar|transport|log_width|t0.7,all,16016,1336.98422,1077.672054,1331.334454,1611.990503,2004.740524
kmeans1024|scalar|transport|p_unresolved_x|t0.7,all,16016,0.999697,1.0,1.0,1.0,1.0
kmeans1024|scalar|transport|p_unresolved_q|t0.7,all,16016,0.999712,1.0,1.0,1.0,1.0
kmeans1024|scalar|transport|log_width_retain64|t1.0,all,16016,911.469045,733.780421,908.400697,1098.351463,1383.815096
kmeans1024|scalar|transport|p_unresolved_x_retain64|t1.0,all,16016,0.808067,0.076238,1.0,1.0,1.0
kmeans1024|scalar|transport|rowlevel_rows_skipped,all,16016,0.000213,0.000213,0.000213,0.000213,0.000153
kmeans1024|scalar|static|tiles_skipped,all,16016,0.218999,0.219008,0.219008,0.219008,0.157025
kmeans1024|scalar|static|rows_skipped,all,16016,0.000213,0.000213,0.000213,0.000213,0.000153
kmeans1024|scalar|static|rows_skipped_taustar,all,16016,0.000213,0.000213,0.000213,0.000213,0.000213
kmeans1024|scalar|static|log_width|t1.0,all,16016,944.919451,868.168754,958.303863,1001.355863,1028.662351
kmeans1024|scalar|static|p_unresolved_x|t1.0,all,16016,0.99983,1.0,1.0,1.0,1.0
kmeans1024|scalar|static|p_unresolved_q|t1.0,all,16016,0.999849,1.0,1.0,1.0,1.0
kmeans1024|scalar|static|log_width|t0.7,all,16016,1347.406038,1237.846906,1366.618609,1427.942911,1466.895656
kmeans1024|scalar|static|p_unresolved_x|t0.7,all,16016,0.999697,1.0,1.0,1.0,1.0
kmeans1024|scalar|static|p_unresolved_q|t0.7,all,16016,0.999712,1.0,1.0,1.0,1.0
kmeans1024|coord|transport|tiles_skipped,all,16016,0.23397,0.219008,0.227273,0.264463,0.157025
kmeans1024|coord|transport|rows_skipped,all,16016,0.000243,0.000213,0.00023,0.000302,0.000153
kmeans1024|coord|transport|rows_skipped_taustar,all,16016,0.000244,0.000213,0.00023,0.000302,0.000213
kmeans1024|coord|transport|log_width|t1.0,all,16016,360.533432,292.421897,359.15722,432.697691,542.156179
kmeans1024|coord|transport|p_unresolved_x|t1.0,all,16016,0.99983,1.0,1.0,1.0,1.0
kmeans1024|coord|transport|p_unresolved_q|t1.0,all,16016,0.999849,1.0,1.0,1.0,1.0
kmeans1024|coord|transport|log_width|t0.7,all,16016,513.796313,416.516467,511.830251,617.001554,773.654782
kmeans1024|coord|transport|p_unresolved_x|t0.7,all,16016,0.999697,1.0,1.0,1.0,1.0
kmeans1024|coord|transport|p_unresolved_q|t0.7,all,16016,0.999712,1.0,1.0,1.0,1.0
kmeans1024|coord|transport|log_width_retain64|t1.0,all,16016,337.738657,271.604656,337.265837,405.90717,520.401096
kmeans1024|coord|transport|p_unresolved_x_retain64|t1.0,all,16016,0.808067,0.076238,1.0,1.0,1.0
kmeans1024|coord|transport|rowlevel_rows_skipped,all,16016,0.000248,0.000213,0.000238,0.000306,0.000153
kmeans1024|coord|static|tiles_skipped,all,16016,0.235337,0.219008,0.227273,0.264463,0.157025
kmeans1024|coord|static|rows_skipped,all,16016,0.000245,0.000213,0.00023,0.000302,0.000153
kmeans1024|coord|static|rows_skipped_taustar,all,16016,0.000247,0.000213,0.000238,0.000302,0.000213
kmeans1024|coord|static|log_width|t1.0,all,16016,366.583991,338.988818,372.214161,385.765566,395.060705
kmeans1024|coord|static|p_unresolved_x|t1.0,all,16016,0.99983,1.0,1.0,1.0,1.0
kmeans1024|coord|static|p_unresolved_q|t1.0,all,16016,0.999849,1.0,1.0,1.0,1.0
kmeans1024|coord|static|log_width|t0.7,all,16016,520.30783,480.950923,528.314435,547.661846,560.845754
kmeans1024|coord|static|p_unresolved_x|t0.7,all,16016,0.999697,1.0,1.0,1.0,1.0
kmeans1024|coord|static|p_unresolved_q|t0.7,all,16016,0.999712,1.0,1.0,1.0,1.0
kmeans1024|group32|transport|tiles_skipped,all,16016,0.219321,0.219008,0.219008,0.219008,0.157025
kmeans1024|group32|transport|rows_skipped,all,16016,0.000214,0.000213,0.000213,0.000213,0.000153
kmeans1024|group32|transport|rows_skipped_taustar,all,16016,0.000214,0.000213,0.000213,0.000213,0.000213
kmeans1024|group32|transport|log_width|t1.0,all,16016,184.927652,151.132302,184.248139,220.727554,274.345293
kmeans1024|group32|transport|p_unresolved_x|t1.0,all,16016,0.99983,1.0,1.0,1.0,1.0
kmeans1024|group32|transport|p_unresolved_q|t1.0,all,16016,0.999849,1.0,1.0,1.0,1.0
kmeans1024|group32|transport|log_width|t0.7,all,16016,263.666183,215.319893,262.600796,315.063621,393.010352
kmeans1024|group32|transport|p_unresolved_x|t0.7,all,16016,0.999697,1.0,1.0,1.0,1.0
kmeans1024|group32|transport|p_unresolved_q|t0.7,all,16016,0.999712,1.0,1.0,1.0,1.0
kmeans1024|group32|transport|log_width_retain64|t1.0,all,16016,160.960657,129.33119,161.085529,193.253322,251.26563
kmeans1024|group32|transport|p_unresolved_x_retain64|t1.0,all,16016,0.808067,0.076238,1.0,1.0,1.0
kmeans1024|group32|transport|rowlevel_rows_skipped,all,16016,0.000214,0.000213,0.000213,0.000213,0.000153
kmeans1024|group32|static|tiles_skipped,all,16016,0.219017,0.219008,0.219008,0.219008,0.157025
kmeans1024|group32|static|rows_skipped,all,16016,0.000213,0.000213,0.000213,0.000213,0.000153
kmeans1024|group32|static|rows_skipped_taustar,all,16016,0.000213,0.000213,0.000213,0.000213,0.000213
kmeans1024|group32|static|log_width|t1.0,all,16016,188.113853,177.23729,190.728394,195.018595,198.174852
kmeans1024|group32|static|p_unresolved_x|t1.0,all,16016,0.99983,1.0,1.0,1.0,1.0
kmeans1024|group32|static|p_unresolved_q|t1.0,all,16016,0.999849,1.0,1.0,1.0,1.0
kmeans1024|group32|static|log_width|t0.7,all,16016,265.313512,249.841754,268.997406,275.20847,280.049368
kmeans1024|group32|static|p_unresolved_x|t0.7,all,16016,0.999697,1.0,1.0,1.0,1.0
kmeans1024|group32|static|p_unresolved_q|t0.7,all,16016,0.999712,1.0,1.0,1.0,1.0
kmeans1024|group128|transport|tiles_skipped,all,16016,0.219278,0.219008,0.219008,0.219008,0.157025
kmeans1024|group128|transport|rows_skipped,all,16016,0.000214,0.000213,0.000213,0.000213,0.000153
kmeans1024|group128|transport|rows_skipped_taustar,all,16016,0.000214,0.000213,0.000213,0.000213,0.000213
kmeans1024|group128|transport|log_width|t1.0,all,16016,167.974043,137.075077,166.666818,201.371865,260.288159
kmeans1024|group128|transport|p_unresolved_x|t1.0,all,16016,0.99983,1.0,1.0,1.0,1.0
kmeans1024|group128|transport|p_unresolved_q|t1.0,all,16016,0.999849,1.0,1.0,1.0,1.0
kmeans1024|group128|transport|log_width|t0.7,all,16016,240.350314,196.006311,238.476939,288.437506,372.959433
kmeans1024|group128|transport|p_unresolved_x|t0.7,all,16016,0.999697,1.0,1.0,1.0,1.0
kmeans1024|group128|transport|p_unresolved_q|t0.7,all,16016,0.999712,1.0,1.0,1.0,1.0
kmeans1024|group128|transport|log_width_retain64|t1.0,all,16016,140.537504,113.279877,140.741358,168.219143,220.891646
kmeans1024|group128|transport|p_unresolved_x_retain64|t1.0,all,16016,0.808067,0.076238,1.0,1.0,1.0
kmeans1024|group128|transport|rowlevel_rows_skipped,all,16016,0.000214,0.000213,0.000213,0.000213,0.000153
kmeans1024|group128|static|tiles_skipped,all,16016,0.219011,0.219008,0.219008,0.219008,0.157025
kmeans1024|group128|static|rows_skipped,all,16016,0.000213,0.000213,0.000213,0.000213,0.000153
kmeans1024|group128|static|rows_skipped_taustar,all,16016,0.000213,0.000213,0.000213,0.000213,0.000213
kmeans1024|group128|static|log_width|t1.0,all,16016,166.397553,156.921456,168.816846,171.907754,176.29493
kmeans1024|group128|static|p_unresolved_x|t1.0,all,16016,0.99983,1.0,1.0,1.0,1.0
kmeans1024|group128|static|p_unresolved_q|t1.0,all,16016,0.999849,1.0,1.0,1.0,1.0
kmeans1024|group128|static|log_width|t0.7,all,16016,234.14555,220.686884,237.523637,242.082063,248.532912
kmeans1024|group128|static|p_unresolved_x|t0.7,all,16016,0.999697,1.0,1.0,1.0,1.0
kmeans1024|group128|static|p_unresolved_q|t0.7,all,16016,0.999712,1.0,1.0,1.0,1.0
kmeans1024|lowrank_w64|transport|tiles_skipped,all,16016,0.219345,0.219008,0.219008,0.219008,0.157025
kmeans1024|lowrank_w64|transport|rows_skipped,all,16016,0.000214,0.000213,0.000213,0.000213,0.000153
kmeans1024|lowrank_w64|transport|rows_skipped_taustar,all,16016,0.000214,0.000213,0.000213,0.000213,0.000213
kmeans1024|lowrank_w64|transport|log_width|t1.0,all,16016,166.982046,136.303262,165.797051,200.037473,259.895621
kmeans1024|lowrank_w64|transport|p_unresolved_x|t1.0,all,16016,0.99983,1.0,1.0,1.0,1.0
kmeans1024|lowrank_w64|transport|p_unresolved_q|t1.0,all,16016,0.999849,1.0,1.0,1.0,1.0
kmeans1024|lowrank_w64|transport|log_width|t0.7,all,16016,238.750098,194.687656,236.898511,286.301517,372.203951
kmeans1024|lowrank_w64|transport|p_unresolved_x|t0.7,all,16016,0.999697,1.0,1.0,1.0,1.0
kmeans1024|lowrank_w64|transport|p_unresolved_q|t0.7,all,16016,0.999712,1.0,1.0,1.0,1.0
kmeans1024|lowrank_w64|transport|log_width_retain64|t1.0,all,16016,141.113394,113.59173,141.057333,169.372143,223.361038
kmeans1024|lowrank_w64|transport|p_unresolved_x_retain64|t1.0,all,16016,0.808067,0.076238,1.0,1.0,1.0
kmeans1024|lowrank_w64|transport|rowlevel_rows_skipped,all,16016,0.000214,0.000213,0.000213,0.000213,0.000153
kmeans1024|lowrank_w64|static|tiles_skipped,all,16016,0.219022,0.219008,0.219008,0.219008,0.157025
kmeans1024|lowrank_w64|static|rows_skipped,all,16016,0.000213,0.000213,0.000213,0.000213,0.000153
kmeans1024|lowrank_w64|static|rows_skipped_taustar,all,16016,0.000213,0.000213,0.000213,0.000213,0.000213
kmeans1024|lowrank_w64|static|log_width|t1.0,all,16016,168.594253,158.615402,170.428921,175.37,187.356995
kmeans1024|lowrank_w64|static|p_unresolved_x|t1.0,all,16016,0.99983,1.0,1.0,1.0,1.0
kmeans1024|lowrank_w64|static|p_unresolved_q|t1.0,all,16016,0.999849,1.0,1.0,1.0,1.0
kmeans1024|lowrank_w64|static|log_width|t0.7,all,16016,237.467969,223.227967,240.041966,247.173826,264.240008
kmeans1024|lowrank_w64|static|p_unresolved_x|t0.7,all,16016,0.999697,1.0,1.0,1.0,1.0
kmeans1024|lowrank_w64|static|p_unresolved_q|t0.7,all,16016,0.999712,1.0,1.0,1.0,1.0
kmeans1024|lowrank_d64|transport|tiles_skipped,all,16016,0.22034,0.219008,0.219008,0.219008,0.157025
kmeans1024|lowrank_d64|transport|rows_skipped,all,16016,0.000216,0.000213,0.000213,0.000213,0.000153
kmeans1024|lowrank_d64|transport|rows_skipped_taustar,all,16016,0.000216,0.000213,0.000213,0.000213,0.000213
kmeans1024|lowrank_d64|transport|log_width|t1.0,all,16016,162.95772,133.684164,162.37305,193.436552,247.698734
kmeans1024|lowrank_d64|transport|p_unresolved_x|t1.0,all,16016,0.99983,1.0,1.0,1.0,1.0
kmeans1024|lowrank_d64|transport|p_unresolved_q|t1.0,all,16016,0.999849,1.0,1.0,1.0,1.0
kmeans1024|lowrank_d64|transport|log_width|t0.7,all,16016,233.115671,191.213972,232.105883,277.006614,354.750365
kmeans1024|lowrank_d64|transport|p_unresolved_x|t0.7,all,16016,0.999697,1.0,1.0,1.0,1.0
kmeans1024|lowrank_d64|transport|p_unresolved_q|t0.7,all,16016,0.999712,1.0,1.0,1.0,1.0
kmeans1024|lowrank_d64|transport|log_width_retain64|t1.0,all,16016,135.937039,108.585151,136.244643,163.259865,211.29077
kmeans1024|lowrank_d64|transport|p_unresolved_x_retain64|t1.0,all,16016,0.808067,0.076238,1.0,1.0,1.0
kmeans1024|lowrank_d64|transport|rowlevel_rows_skipped,all,16016,0.000217,0.000213,0.000213,0.000217,0.000153
kmeans1024|lowrank_d64|static|tiles_skipped,all,16016,0.219094,0.219008,0.219008,0.219008,0.157025
kmeans1024|lowrank_d64|static|rows_skipped,all,16016,0.000214,0.000213,0.000213,0.000213,0.000153
kmeans1024|lowrank_d64|static|rows_skipped_taustar,all,16016,0.000214,0.000213,0.000213,0.000213,0.000213
kmeans1024|lowrank_d64|static|log_width|t1.0,all,16016,166.73468,154.668093,169.453411,173.752603,188.693422
kmeans1024|lowrank_d64|static|p_unresolved_x|t1.0,all,16016,0.99983,1.0,1.0,1.0,1.0
kmeans1024|lowrank_d64|static|p_unresolved_q|t1.0,all,16016,0.999849,1.0,1.0,1.0,1.0
kmeans1024|lowrank_d64|static|log_width|t0.7,all,16016,234.753631,217.646514,238.532146,244.832291,265.74362
kmeans1024|lowrank_d64|static|p_unresolved_x|t0.7,all,16016,0.999697,1.0,1.0,1.0,1.0
kmeans1024|lowrank_d64|static|p_unresolved_q|t0.7,all,16016,0.999712,1.0,1.0,1.0,1.0
kmeans1024|lowrank_d256|transport|tiles_skipped,all,16016,0.221966,0.219008,0.219008,0.227273,0.157025
kmeans1024|lowrank_d256|transport|rows_skipped,all,16016,0.000219,0.000213,0.000213,0.00023,0.000153
kmeans1024|lowrank_d256|transport|rows_skipped_taustar,all,16016,0.000219,0.000213,0.000213,0.00023,0.000213
kmeans1024|lowrank_d256|transport|log_width|t1.0,all,16016,186.699286,152.444769,185.972114,222.530348,288.710616
kmeans1024|lowrank_d256|transport|p_unresolved_x|t1.0,all,16016,0.99983,1.0,1.0,1.0,1.0
kmeans1024|lowrank_d256|transport|p_unresolved_q|t1.0,all,16016,0.999849,1.0,1.0,1.0,1.0
kmeans1024|lowrank_d256|transport|log_width|t0.7,all,16016,267.241932,218.077585,266.174501,318.609321,413.338902
kmeans1024|lowrank_d256|transport|p_unresolved_x|t0.7,all,16016,0.999697,1.0,1.0,1.0,1.0
kmeans1024|lowrank_d256|transport|p_unresolved_q|t0.7,all,16016,0.999712,1.0,1.0,1.0,1.0
kmeans1024|lowrank_d256|transport|log_width_retain64|t1.0,all,16016,156.544442,125.520853,156.982569,187.878163,243.409281
kmeans1024|lowrank_d256|transport|p_unresolved_x_retain64|t1.0,all,16016,0.808067,0.076238,1.0,1.0,1.0
kmeans1024|lowrank_d256|transport|rowlevel_rows_skipped,all,16016,0.000221,0.000213,0.000213,0.000242,0.000153
kmeans1024|lowrank_d256|static|tiles_skipped,all,16016,0.220227,0.219008,0.219008,0.219008,0.157025
kmeans1024|lowrank_d256|static|rows_skipped,all,16016,0.000216,0.000213,0.000213,0.000213,0.000153
kmeans1024|lowrank_d256|static|rows_skipped_taustar,all,16016,0.000216,0.000213,0.000213,0.000221,0.000213
kmeans1024|lowrank_d256|static|log_width|t1.0,all,16016,189.167628,175.226204,192.166606,197.503768,214.07868
kmeans1024|lowrank_d256|static|p_unresolved_x|t1.0,all,16016,0.99983,1.0,1.0,1.0,1.0
kmeans1024|lowrank_d256|static|p_unresolved_q|t1.0,all,16016,0.999849,1.0,1.0,1.0,1.0
kmeans1024|lowrank_d256|static|log_width|t0.7,all,16016,267.215859,247.653155,271.28377,279.176872,302.372546
kmeans1024|lowrank_d256|static|p_unresolved_x|t0.7,all,16016,0.999697,1.0,1.0,1.0,1.0
kmeans1024|lowrank_d256|static|p_unresolved_q|t0.7,all,16016,0.999712,1.0,1.0,1.0,1.0
kmeans1024|best|transport|tiles_skipped,all,16016,0.233997,0.219008,0.227273,0.264463,0.157025
kmeans1024|best|transport|rows_skipped,all,16016,0.000243,0.000213,0.00023,0.000302,0.000153
kmeans1024|best|transport|rows_skipped_taustar,all,16016,0.000244,0.000213,0.00023,0.000302,0.000213
kmeans1024|best|transport|log_width|t1.0,all,16016,162.295307,133.158043,161.640572,192.83599,245.286058
kmeans1024|best|transport|p_unresolved_x|t1.0,all,16016,0.99983,1.0,1.0,1.0,1.0
kmeans1024|best|transport|p_unresolved_q|t1.0,all,16016,0.999849,1.0,1.0,1.0,1.0
kmeans1024|best|transport|log_width|t0.7,all,16016,232.143396,190.408821,231.223916,275.854745,351.282433
kmeans1024|best|transport|p_unresolved_x|t0.7,all,16016,0.999697,1.0,1.0,1.0,1.0
kmeans1024|best|transport|p_unresolved_q|t0.7,all,16016,0.999712,1.0,1.0,1.0,1.0
kmeans1024|best|transport|log_width_retain64|t1.0,all,16016,135.388454,108.328262,135.755269,162.436275,211.290769
kmeans1024|best|transport|p_unresolved_x_retain64|t1.0,all,16016,0.808067,0.076238,1.0,1.0,1.0
kmeans1024|best|transport|rowlevel_rows_skipped,all,16016,0.000248,0.000213,0.000238,0.000306,0.000153
kmeans1024|best|static|tiles_skipped,all,16016,0.235353,0.219008,0.227273,0.264463,0.157025
kmeans1024|best|static|rows_skipped,all,16016,0.000245,0.000213,0.00023,0.000302,0.000153
kmeans1024|best|static|rows_skipped_taustar,all,16016,0.000247,0.000213,0.000238,0.000302,0.000213
kmeans1024|best|static|log_width|t1.0,all,16016,165.137987,154.06148,167.894219,171.522043,176.294868
kmeans1024|best|static|p_unresolved_x|t1.0,all,16016,0.99983,1.0,1.0,1.0,1.0
kmeans1024|best|static|p_unresolved_q|t1.0,all,16016,0.999849,1.0,1.0,1.0,1.0
kmeans1024|best|static|log_width|t0.7,all,16016,232.475565,216.738979,236.304329,241.646705,248.53291
kmeans1024|best|static|p_unresolved_x|t0.7,all,16016,0.999697,1.0,1.0,1.0,1.0
kmeans1024|best|static|p_unresolved_q|t0.7,all,16016,0.999712,1.0,1.0,1.0,1.0
kmeans1024|oracle|transport|tiles_skipped,all,16016,0.965721,0.933884,0.991736,0.995868,0.165289
kmeans1024|oracle|transport|rows_skipped,all,16016,0.867539,0.494712,0.985788,0.998595,0.000169
kmeans1024|oracle|transport|rows_skipped_taustar,all,16016,0.917258,0.697658,0.985788,0.998595,0.080646
kmeans1024|oracle|transport|log_width|t1.0,all,16016,16.055499,11.485758,15.463261,21.293651,42.867294
kmeans1024|oracle|transport|p_unresolved_x|t1.0,all,16016,0.898994,0.682729,0.99448,0.999986,1.0
kmeans1024|oracle|transport|p_unresolved_q|t1.0,all,16016,0.906993,0.726111,0.988772,0.999879,1.0
kmeans1024|oracle|transport|log_width|t0.7,all,16016,22.949418,16.265477,22.125931,30.58156,61.284636
kmeans1024|oracle|transport|p_unresolved_x|t0.7,all,16016,0.915742,0.785469,0.999386,1.0,1.0
kmeans1024|oracle|transport|p_unresolved_q|t0.7,all,16016,0.917733,0.776643,0.997722,0.999997,1.0
kmeans1024|oracle|transport|log_width_retain64|t1.0,all,16016,1.099314,0.000207,0.078744,4.010032,17.213413
kmeans1024|oracle|transport|p_unresolved_x_retain64|t1.0,all,16016,0.183874,0.0,0.008429,0.758292,1.0
kmeans1024|oracle|transport|rowlevel_rows_skipped,all,16016,0.994548,0.998943,0.999988,0.999996,0.000958
kmeans1024|oracle|static|tiles_skipped,all,16016,0.991755,0.987603,0.995868,0.995868,0.18595
kmeans1024|oracle|static|rows_skipped,all,16016,0.965485,0.91422,0.998595,0.998595,0.000278
kmeans1024|oracle|static|rows_skipped_taustar,all,16016,0.98546,0.973574,0.998595,0.998595,0.846545
kmeans1024|oracle|static|log_width|t1.0,all,16016,28.567831,22.141171,28.495628,34.863106,44.53518
kmeans1024|oracle|static|p_unresolved_x|t1.0,all,16016,0.998015,0.99676,0.999025,0.999977,1.0
kmeans1024|oracle|static|p_unresolved_q|t1.0,all,16016,0.998084,0.997108,0.998324,0.999848,0.999994
kmeans1024|oracle|static|log_width|t0.7,all,16016,39.649794,29.533726,39.836626,49.202638,63.269497
kmeans1024|oracle|static|p_unresolved_x|t0.7,all,16016,0.998058,0.996988,0.999148,0.999996,1.0
kmeans1024|oracle|static|p_unresolved_q|t0.7,all,16016,0.99796,0.997123,0.997894,0.999852,1.0
drift1.0|contig256|coord|rows_skipped,all,16016,0.0,0.0,0.0,0.0,0.0
drift1.0|contig256|coord|log_width|t1.0,all,16016,334.407295,271.389454,332.688776,401.961327,503.138665
drift1.0|contig256|coord|p_unresolved_q|t1.0,all,16016,1.0,1.0,1.0,1.0,1.0
drift1.0|contig256|group128|rows_skipped,all,16016,0.0,0.0,0.0,0.0,0.0
drift1.0|contig256|group128|log_width|t1.0,all,16016,256.168985,208.282671,254.568211,307.894864,392.558741
drift1.0|contig256|group128|p_unresolved_q|t1.0,all,16016,1.0,1.0,1.0,1.0,1.0
drift1.0|contig256|best|rows_skipped,all,16016,0.0,0.0,0.0,0.0,0.0
drift1.0|contig256|best|log_width|t1.0,all,16016,233.742001,191.995038,233.189099,277.174493,346.101175
drift1.0|contig256|best|p_unresolved_q|t1.0,all,16016,1.0,1.0,1.0,1.0,1.0
drift1.0|contig256|oracle|rows_skipped,all,16016,0.964118,0.937629,0.997938,0.998969,0.0
drift1.0|contig256|oracle|log_width|t1.0,all,16016,14.411011,10.134506,13.746784,19.571059,41.46591
drift1.0|contig256|oracle|p_unresolved_q|t1.0,all,16016,0.874344,0.568839,0.977762,0.999791,1.0
drift0.3|contig256|coord|rows_skipped,all,16016,0.000372,0.0,0.0,0.001031,0.0
drift0.3|contig256|coord|log_width|t1.0,all,16016,114.460367,93.336232,113.663365,137.994029,174.61789
drift0.3|contig256|coord|p_unresolved_q|t1.0,all,16016,1.0,1.0,1.0,1.0,1.0
drift0.3|contig256|group128|rows_skipped,all,16016,0.0061,0.0,0.0,0.001031,0.0
drift0.3|contig256|group128|log_width|t1.0,all,16016,86.175392,67.656406,85.300899,107.000123,138.607651
drift0.3|contig256|group128|p_unresolved_q|t1.0,all,16016,1.0,1.0,1.0,1.0,1.0
drift0.3|contig256|best|rows_skipped,all,16016,0.022205,0.0,0.0,0.001031,0.0
drift0.3|contig256|best|log_width|t1.0,all,16016,78.521599,62.744246,78.160951,95.392054,124.46018
drift0.3|contig256|best|p_unresolved_q|t1.0,all,16016,1.0,1.0,1.0,1.0,1.0
drift0.3|contig256|oracle|rows_skipped,all,16016,0.992256,0.993814,0.998969,0.998969,0.0
drift0.3|contig256|oracle|log_width|t1.0,all,16016,4.37283,3.017225,4.152439,5.99688,12.660802
drift0.3|contig256|oracle|p_unresolved_q|t1.0,all,16016,0.572731,0.06279,0.631607,0.925443,0.999689
drift0.1|contig256|coord|rows_skipped,all,16016,0.499351,0.001031,0.609278,0.970103,0.0
drift0.1|contig256|coord|log_width|t1.0,all,16016,45.087816,35.869107,44.798583,55.073164,68.972181
drift0.1|contig256|coord|p_unresolved_q|t1.0,all,16016,1.0,1.0,1.0,1.0,1.0
drift0.1|contig256|group128|rows_skipped,all,16016,0.851714,0.391237,0.985567,0.998969,0.0
drift0.1|contig256|group128|log_width|t1.0,all,16016,28.905157,22.4432,28.538425,36.067487,46.226813
drift0.1|contig256|group128|p_unresolved_q|t1.0,all,16016,0.999987,0.999983,0.999999,1.0,1.0
drift0.1|contig256|best|rows_skipped,all,16016,0.866986,0.501546,0.989691,0.998969,0.0
drift0.1|contig256|best|log_width|t1.0,all,16016,26.251574,20.900389,26.116383,31.941673,41.565778
drift0.1|contig256|best|p_unresolved_q|t1.0,all,16016,0.999974,0.999963,0.999997,1.0,1.0
drift0.1|contig256|oracle|rows_skipped,all,16016,0.99453,0.995876,0.998969,0.998969,0.0
drift0.1|contig256|oracle|log_width|t1.0,all,16016,1.463361,1.00835,1.391774,2.010058,4.220277
drift0.1|contig256|oracle|p_unresolved_q|t1.0,all,16016,0.290366,0.016253,0.271968,0.577091,0.942324
drift0.03|contig256|coord|rows_skipped,all,16016,0.964044,0.946392,0.997938,0.998969,0.0
drift0.03|contig256|coord|log_width|t1.0,all,16016,13.558913,10.763432,13.468942,16.565397,21.203288
drift0.03|contig256|coord|p_unresolved_q|t1.0,all,16016,0.997658,0.995042,0.998672,0.999717,0.99998
drift0.03|contig256|group128|rows_skipped,all,16016,0.982588,0.981443,0.998969,0.998969,0.0
drift0.03|contig256|group128|log_width|t1.0,all,16016,8.669771,6.728557,8.56155,10.820454,13.868044
drift0.03|contig256|group128|p_unresolved_q|t1.0,all,16016,0.980566,0.962365,0.98451,0.995065,0.999113
drift0.03|contig256|best|rows_skipped,all,16016,0.983365,0.983505,0.998969,0.998969,0.0
drift0.03|contig256|best|log_width|t1.0,all,16016,7.874857,6.270037,7.833212,9.582198,12.469734
drift0.03|contig256|best|p_unresolved_q|t1.0,all,16016,0.973494,0.952681,0.977643,0.990762,0.998063
drift0.03|contig256|oracle|rows_skipped,all,16016,0.995071,0.995876,0.998969,0.998969,0.0
drift0.03|contig256|oracle|log_width|t1.0,all,16016,0.439641,0.302837,0.418494,0.603898,1.266083
drift0.03|contig256|oracle|p_unresolved_q|t1.0,all,16016,0.106446,0.004552,0.089459,0.227414,0.568016
drift0.01|contig256|coord|rows_skipped,all,16016,0.990175,0.991753,0.998969,0.998969,0.0
drift0.01|contig256|coord|log_width|t1.0,all,16016,4.51956,3.587978,4.489589,5.522187,7.067821
drift0.01|contig256|coord|p_unresolved_q|t1.0,all,16016,0.884146,0.829191,0.889856,0.93432,0.972963
drift0.01|contig256|group128|rows_skipped,all,16016,0.992574,0.993814,0.998969,0.998969,0.0
drift0.01|contig256|group128|log_width|t1.0,all,16016,2.889746,2.243066,2.853662,3.606826,4.622681
drift0.01|contig256|group128|p_unresolved_q|t1.0,all,16016,0.747496,0.664218,0.750265,0.829731,0.903935
drift0.01|contig256|best|rows_skipped,all,16016,0.992698,0.993814,0.998969,0.998969,0.0
drift0.01|contig256|best|log_width|t1.0,all,16016,2.624872,2.089853,2.610501,3.193901,4.156578
drift0.01|contig256|best|p_unresolved_q|t1.0,all,16016,0.714885,0.637899,0.718054,0.790169,0.875341
drift0.01|contig256|oracle|rows_skipped,all,16016,0.995207,0.995876,0.998969,0.998969,0.0
drift0.01|contig256|oracle|log_width|t1.0,all,16016,0.146608,0.10096,0.139556,0.201324,0.422028
drift0.01|contig256|oracle|p_unresolved_q|t1.0,all,16016,0.037878,0.001493,0.030584,0.082345,0.242277
drift1.0|kmeans256|coord|rows_skipped,all,16016,0.001125,0.000938,0.001075,0.001381,0.000636
drift1.0|kmeans256|coord|rows_skipped,outcome=accepted,9969,0.001191,0.000987,0.001172,0.001422,0.000938
drift1.0|kmeans256|coord|rows_skipped,outcome=rejected,2298,0.001013,0.000938,0.000962,0.001172,0.00083
drift1.0|kmeans256|coord|rows_skipped,outcome=unreached,3749,0.001019,0.000938,0.000979,0.00118,0.000636
drift1.0|kmeans256|coord|rows_skipped,position=1,4004,0.001233,0.000962,0.001236,0.001474,0.000934
drift1.0|kmeans256|coord|rows_skipped,position=2,4004,0.001128,0.000938,0.001091,0.001365,0.000636
drift1.0|kmeans256|coord|rows_skipped,position=3,4004,0.001081,0.000938,0.001043,0.001293,0.000918
drift1.0|kmeans256|coord|rows_skipped,position=4,4004,0.001057,0.000938,0.001019,0.001252,0.00083
drift1.0|kmeans256|coord|rows_skipped,domain=chat,4688,0.001089,0.000938,0.001035,0.001341,0.000926
drift1.0|kmeans256|coord|rows_skipped,domain=code,3160,0.001183,0.000987,0.001172,0.001405,0.000934
drift1.0|kmeans256|coord|rows_skipped,domain=maths,3696,0.001211,0.000995,0.001196,0.00143,0.000938
drift1.0|kmeans256|coord|rows_skipped,domain=multilingual,4472,0.00105,0.000938,0.000987,0.001277,0.000636
drift1.0|kmeans256|coord|log_width|t1.0,all,16016,340.266267,275.368308,339.010512,409.032252,513.441284
drift1.0|kmeans256|coord|log_width|t1.0,outcome=accepted,9969,344.454819,270.952042,345.20366,417.057469,513.441284
drift1.0|kmeans256|coord|log_width|t1.0,outcome=rejected,2298,322.038765,265.034672,319.83281,382.909875,481.122569
drift1.0|kmeans256|coord|log_width|t1.0,outcome=unreached,3749,340.301244,292.596304,337.653004,393.075244,507.580733
drift1.0|kmeans256|coord|log_width|t1.0,position=1,4004,308.818882,237.904409,306.303389,383.782087,500.963793
drift1.0|kmeans256|coord|log_width|t1.0,position=2,4004,338.802805,280.231386,334.949977,402.61207,511.536532
drift1.0|kmeans256|coord|log_width|t1.0,position=3,4004,352.597131,297.345804,347.80814,415.133136,504.658137
drift1.0|kmeans256|coord|log_width|t1.0,position=4,4004,360.84625,306.07633,356.663732,421.583526,513.441284
drift1.0|kmeans256|coord|log_width|t1.0,domain=chat,4688,330.082187,270.842014,328.848205,391.841267,513.441284
drift1.0|kmeans256|coord|log_width|t1.0,domain=code,3160,349.863815,283.249536,351.537057,413.743226,504.658137
drift1.0|kmeans256|coord|log_width|t1.0,domain=maths,3696,353.798656,282.133338,357.081028,421.265403,511.536532
drift1.0|kmeans256|coord|log_width|t1.0,domain=multilingual,4472,332.976242,270.904929,330.706212,400.860966,506.422732
drift1.0|kmeans256|coord|p_unresolved_q|t1.0,all,16016,0.99926,1.0,1.0,1.0,1.0
drift1.0|kmeans256|coord|p_unresolved_q|t1.0,outcome=accepted,9969,0.999809,1.0,1.0,1.0,1.0
drift1.0|kmeans256|coord|p_unresolved_q|t1.0,outcome=rejected,2298,0.99771,1.0,1.0,1.0,1.0
drift1.0|kmeans256|coord|p_unresolved_q|t1.0,outcome=unreached,3749,0.99875,1.0,1.0,1.0,1.0
drift1.0|kmeans256|coord|p_unresolved_q|t1.0,position=1,4004,0.999666,1.0,1.0,1.0,1.0
drift1.0|kmeans256|coord|p_unresolved_q|t1.0,position=2,4004,0.999064,1.0,1.0,1.0,1.0
drift1.0|kmeans256|coord|p_unresolved_q|t1.0,position=3,4004,0.999053,1.0,1.0,1.0,1.0
drift1.0|kmeans256|coord|p_unresolved_q|t1.0,position=4,4004,0.999258,1.0,1.0,1.0,1.0
drift1.0|kmeans256|coord|p_unresolved_q|t1.0,domain=chat,4688,0.999695,1.0,1.0,1.0,1.0
drift1.0|kmeans256|coord|p_unresolved_q|t1.0,domain=code,3160,0.999946,1.0,1.0,1.0,1.0
drift1.0|kmeans256|coord|p_unresolved_q|t1.0,domain=maths,3696,0.999956,1.0,1.0,1.0,1.0
drift1.0|kmeans256|coord|p_unresolved_q|t1.0,domain=multilingual,4472,0.997745,0.999996,1.0,1.0,1.0
drift1.0|kmeans256|group128|rows_skipped,all,16016,0.000946,0.000938,0.000938,0.000954,0.000636
drift1.0|kmeans256|group128|log_width|t1.0,all,16016,158.823897,129.229208,157.984889,190.089787,245.532688
drift1.0|kmeans256|group128|p_unresolved_q|t1.0,all,16016,0.99926,1.0,1.0,1.0,1.0
drift1.0|kmeans256|best|rows_skipped,all,16016,0.001126,0.000938,0.001075,0.001381,0.000636
drift1.0|kmeans256|best|rows_skipped,outcome=accepted,9969,0.001192,0.000987,0.001172,0.001422,0.000938
drift1.0|kmeans256|best|rows_skipped,outcome=rejected,2298,0.001013,0.000938,0.000962,0.001172,0.00083
drift1.0|kmeans256|best|rows_skipped,outcome=unreached,3749,0.001019,0.000938,0.000979,0.00118,0.000636
drift1.0|kmeans256|best|rows_skipped,position=1,4004,0.001235,0.000962,0.001236,0.001478,0.000934
drift1.0|kmeans256|best|rows_skipped,position=2,4004,0.001128,0.000938,0.001091,0.001365,0.000636
drift1.0|kmeans256|best|rows_skipped,position=3,4004,0.001081,0.000938,0.001043,0.001293,0.000918
drift1.0|kmeans256|best|rows_skipped,position=4,4004,0.001058,0.000938,0.001019,0.001252,0.00083
drift1.0|kmeans256|best|rows_skipped,domain=chat,4688,0.001089,0.000938,0.001035,0.001341,0.000926
drift1.0|kmeans256|best|rows_skipped,domain=code,3160,0.001183,0.000987,0.001172,0.001405,0.000934
drift1.0|kmeans256|best|rows_skipped,domain=maths,3696,0.001213,0.000995,0.001196,0.001434,0.000938
drift1.0|kmeans256|best|rows_skipped,domain=multilingual,4472,0.001051,0.000938,0.000987,0.001277,0.000636
drift1.0|kmeans256|best|log_width|t1.0,all,16016,153.163534,124.726473,152.315175,183.095742,235.086438
drift1.0|kmeans256|best|log_width|t1.0,outcome=accepted,9969,155.435029,123.39858,155.707976,187.049984,235.086438
drift1.0|kmeans256|best|log_width|t1.0,outcome=rejected,2298,144.296089,119.311224,143.456359,170.388835,219.968429
drift1.0|kmeans256|best|log_width|t1.0,outcome=unreached,3749,152.558801,131.798032,151.12188,175.767006,230.627723
drift1.0|kmeans256|best|log_width|t1.0,position=1,4004,140.412274,108.918434,138.696188,174.362683,220.863911
drift1.0|kmeans256|best|log_width|t1.0,position=2,4004,152.687974,126.687632,150.574714,181.83899,230.263605
drift1.0|kmeans256|best|log_width|t1.0,position=3,4004,158.101866,134.058966,155.949436,185.090732,228.143478
drift1.0|kmeans256|best|log_width|t1.0,position=4,4004,161.452022,137.801762,159.384516,187.829677,235.086438
drift1.0|kmeans256|best|log_width|t1.0,domain=chat,4688,148.499327,122.909999,147.716086,175.83028,235.086438
drift1.0|kmeans256|best|log_width|t1.0,domain=code,3160,158.102376,129.871544,158.338426,185.601053,231.740556
drift1.0|kmeans256|best|log_width|t1.0,domain=maths,3696,158.750811,127.941998,159.642341,188.178061,234.342827
drift1.0|kmeans256|best|log_width|t1.0,domain=multilingual,4472,149.945396,122.171699,148.672174,179.961791,232.439705
drift1.0|kmeans256|best|p_unresolved_q|t1.0,all,16016,0.99926,1.0,1.0,1.0,1.0
drift1.0|kmeans256|best|p_unresolved_q|t1.0,outcome=accepted,9969,0.999809,1.0,1.0,1.0,1.0
drift1.0|kmeans256|best|p_unresolved_q|t1.0,outcome=rejected,2298,0.99771,1.0,1.0,1.0,1.0
drift1.0|kmeans256|best|p_unresolved_q|t1.0,outcome=unreached,3749,0.99875,1.0,1.0,1.0,1.0
drift1.0|kmeans256|best|p_unresolved_q|t1.0,position=1,4004,0.999666,1.0,1.0,1.0,1.0
drift1.0|kmeans256|best|p_unresolved_q|t1.0,position=2,4004,0.999064,1.0,1.0,1.0,1.0
drift1.0|kmeans256|best|p_unresolved_q|t1.0,position=3,4004,0.999053,1.0,1.0,1.0,1.0
drift1.0|kmeans256|best|p_unresolved_q|t1.0,position=4,4004,0.999258,1.0,1.0,1.0,1.0
drift1.0|kmeans256|best|p_unresolved_q|t1.0,domain=chat,4688,0.999695,1.0,1.0,1.0,1.0
drift1.0|kmeans256|best|p_unresolved_q|t1.0,domain=code,3160,0.999946,1.0,1.0,1.0,1.0
drift1.0|kmeans256|best|p_unresolved_q|t1.0,domain=maths,3696,0.999956,1.0,1.0,1.0,1.0
drift1.0|kmeans256|best|p_unresolved_q|t1.0,domain=multilingual,4472,0.997745,0.999996,1.0,1.0,1.0
drift1.0|kmeans256|oracle|rows_skipped,all,16016,0.922683,0.746895,0.997326,0.999243,0.000838
drift1.0|kmeans256|oracle|rows_skipped,outcome=accepted,9969,0.985802,0.960503,0.999034,0.999243,0.530376
drift1.0|kmeans256|oracle|rows_skipped,outcome=rejected,2298,0.789539,0.369365,0.906182,0.996895,0.001691
drift1.0|kmeans256|oracle|rows_skipped,outcome=unreached,3749,0.836454,0.462774,0.952283,0.999243,0.000838
drift1.0|kmeans256|oracle|rows_skipped,position=1,4004,0.956434,0.876681,0.997652,0.999243,0.003781
drift1.0|kmeans256|oracle|rows_skipped,position=2,4004,0.930631,0.783338,0.997326,0.999243,0.000838
drift1.0|kmeans256|oracle|rows_skipped,position=3,4004,0.908933,0.681483,0.996895,0.999243,0.002746
drift1.0|kmeans256|oracle|rows_skipped,position=4,4004,0.894732,0.622232,0.996239,0.999243,0.001691
drift1.0|kmeans256|oracle|rows_skipped,domain=chat,4688,0.907183,0.705692,0.987758,0.999243,0.002887
drift1.0|kmeans256|oracle|rows_skipped,domain=code,3160,0.98034,0.962286,0.999243,0.999243,0.003395
drift1.0|kmeans256|oracle|rows_skipped,domain=maths,3696,0.983849,0.975711,0.999094,0.999243,0.118271
drift1.0|kmeans256|oracle|rows_skipped,domain=multilingual,4472,0.847636,0.490218,0.964985,0.999243,0.000838
drift1.0|kmeans256|oracle|log_width|t1.0,all,16016,14.520275,10.009196,13.905331,19.942395,41.689778
drift1.0|kmeans256|oracle|log_width|t1.0,outcome=accepted,9969,15.038279,9.851917,14.570796,20.789395,41.689778
drift1.0|kmeans256|oracle|log_width|t1.0,outcome=rejected,2298,13.206385,9.531017,12.596153,17.618919,33.98475
drift1.0|kmeans256|oracle|log_width|t1.0,outcome=unreached,3749,13.948211,10.613508,13.408571,18.128904,32.894927
drift1.0|kmeans256|oracle|log_width|t1.0,position=1,4004,12.991785,8.468122,12.320026,18.391768,38.296318
drift1.0|kmeans256|oracle|log_width|t1.0,position=2,4004,14.506659,10.224048,13.836119,19.78554,37.222918
drift1.0|kmeans256|oracle|log_width|t1.0,position=3,4004,15.127956,10.824401,14.413373,20.341085,41.689778
drift1.0|kmeans256|oracle|log_width|t1.0,position=4,4004,15.454699,11.148025,14.733439,20.786357,38.403207
drift1.0|kmeans256|oracle|log_width|t1.0,domain=chat,4688,13.517226,9.65254,12.869666,18.283704,33.722156
drift1.0|kmeans256|oracle|log_width|t1.0,domain=code,3160,15.125799,10.308812,14.777206,20.164595,33.901925
drift1.0|kmeans256|oracle|log_width|t1.0,domain=maths,3696,15.876926,10.505522,15.325745,21.842915,38.403207
drift1.0|kmeans256|oracle|log_width|t1.0,domain=multilingual,4472,14.022657,9.991464,13.496068,18.736914,41.689778
drift1.0|kmeans256|oracle|p_unresolved_q|t1.0,all,16016,0.8686,0.540816,0.97533,0.999776,1.0
drift1.0|kmeans256|oracle|p_unresolved_q|t1.0,outcome=accepted,9969,0.841491,0.353752,0.97725,0.999929,1.0
drift1.0|kmeans256|oracle|p_unresolved_q|t1.0,outcome=rejected,2298,0.921088,0.788088,0.967629,0.996396,0.999999
drift1.0|kmeans256|oracle|p_unresolved_q|t1.0,outcome=unreached,3749,0.908515,0.751933,0.976863,0.999074,1.0
drift1.0|kmeans256|oracle|p_unresolved_q|t1.0,position=1,4004,0.907119,0.7388,0.983543,0.999889,1.0
drift1.0|kmeans256|oracle|p_unresolved_q|t1.0,position=2,4004,0.867544,0.551817,0.973701,0.999821,1.0
drift1.0|kmeans256|oracle|p_unresolved_q|t1.0,position=3,4004,0.855246,0.476688,0.970479,0.999603,1.0
drift1.0|kmeans256|oracle|p_unresolved_q|t1.0,position=4,4004,0.844493,0.383821,0.972105,0.999662,1.0
drift1.0|kmeans256|oracle|p_unresolved_q|t1.0,domain=chat,4688,0.8926,0.686632,0.973623,0.999044,1.0
drift1.0|kmeans256|oracle|p_unresolved_q|t1.0,domain=code,3160,0.856245,0.454689,0.979272,0.999947,1.0
drift1.0|kmeans256|oracle|p_unresolved_q|t1.0,domain=maths,3696,0.802913,0.216279,0.958507,0.999896,1.0
drift1.0|kmeans256|oracle|p_unresolved_q|t1.0,domain=multilingual,4472,0.906461,0.731939,0.980915,0.999552,1.0
drift0.3|kmeans256|coord|rows_skipped,all,16016,0.003245,0.002126,0.003222,0.004023,0.000636
drift0.3|kmeans256|coord|log_width|t1.0,all,16016,104.262566,84.960056,103.782585,124.570009,154.923884
drift0.3|kmeans256|coord|p_unresolved_q|t1.0,all,16016,0.999999,1.0,1.0,1.0,1.0
drift0.3|kmeans256|group128|rows_skipped,all,16016,0.007425,0.001599,0.003282,0.007567,0.000636
drift0.3|kmeans256|group128|log_width|t1.0,all,16016,60.330628,48.212651,59.178224,74.662296,100.073348
drift0.3|kmeans256|group128|p_unresolved_q|t1.0,all,16016,0.999999,1.0,1.0,1.0,1.0
drift0.3|kmeans256|best|rows_skipped,all,16016,0.018995,0.002167,0.00381,0.025562,0.000636
drift0.3|kmeans256|best|log_width|t1.0,all,16016,58.491597,46.412925,57.529211,72.352073,97.376243
drift0.3|kmeans256|best|p_unresolved_q|t1.0,all,16016,0.999999,1.0,1.0,1.0,1.0
drift0.3|kmeans256|oracle|rows_skipped,all,16016,0.976807,0.943657,0.998667,0.999243,0.001144
drift0.3|kmeans256|oracle|log_width|t1.0,all,16016,4.459985,3.004631,4.275683,6.164399,12.537809
drift0.3|kmeans256|oracle|p_unresolved_q|t1.0,all,16016,0.577221,0.065833,0.640715,0.921763,0.999901
drift0.1|kmeans256|coord|rows_skipped,all,16016,0.264821,0.011606,0.272864,0.501577,0.000652
drift0.1|kmeans256|coord|rows_skipped,outcome=accepted,9969,0.357285,0.117577,0.376567,0.528181,0.006359
drift0.1|kmeans256|coord|rows_skipped,outcome=rejected,2298,0.090701,0.004527,0.033674,0.275492,0.000886
drift0.1|kmeans256|coord|rows_skipped,outcome=unreached,3749,0.12568,0.005025,0.06035,0.36417,0.000652
drift0.1|kmeans256|coord|rows_skipped,position=1,4004,0.362641,0.055208,0.38273,0.629886,0.001679
drift0.1|kmeans256|coord|rows_skipped,position=2,4004,0.268173,0.01586,0.287123,0.494772,0.000652
drift0.1|kmeans256|coord|rows_skipped,position=3,4004,0.225649,0.008423,0.226943,0.450056,0.00122
drift0.1|kmeans256|coord|rows_skipped,position=4,4004,0.202822,0.006851,0.179502,0.438573,0.000886
drift0.1|kmeans256|coord|rows_skipped,domain=chat,4688,0.198225,0.00857,0.16108,0.441952,0.001389
drift0.1|kmeans256|coord|rows_skipped,domain=code,3160,0.352836,0.08428,0.381397,0.522053,0.001575
drift0.1|kmeans256|coord|rows_skipped,domain=maths,3696,0.383617,0.114936,0.401824,0.547632,0.003028
drift0.1|kmeans256|coord|rows_skipped,domain=multilingual,4472,0.174259,0.00584,0.113779,0.424023,0.000652
drift0.1|kmeans256|coord|log_width|t1.0,all,16016,40.691815,32.92747,40.314878,49.258205,65.849027
drift0.1|kmeans256|coord|log_width|t1.0,outcome=accepted,9969,41.329446,32.3684,41.462734,50.232647,65.849027
drift0.1|kmeans256|coord|log_width|t1.0,outcome=rejected,2298,38.664814,32.203609,38.437803,45.789166,59.886129
drift0.1|kmeans256|coord|log_width|t1.0,outcome=unreached,3749,40.238763,34.64606,39.657383,46.654447,62.560834
drift0.1|kmeans256|coord|log_width|t1.0,position=1,4004,37.51137,28.875822,36.904048,47.100801,61.15689
drift0.1|kmeans256|coord|log_width|t1.0,position=2,4004,40.6187,33.43107,40.072452,48.679135,63.816124
drift0.1|kmeans256|coord|log_width|t1.0,position=3,4004,41.954581,35.047321,41.211459,49.841385,63.806897
drift0.1|kmeans256|coord|log_width|t1.0,position=4,4004,42.682611,35.867652,42.124,50.123405,65.849027
drift0.1|kmeans256|coord|log_width|t1.0,domain=chat,4688,39.400844,32.369829,39.023639,47.139388,62.817597
drift0.1|kmeans256|coord|log_width|t1.0,domain=code,3160,41.857658,33.370122,41.867946,50.349764,61.842005
drift0.1|kmeans256|coord|log_width|t1.0,domain=maths,3696,42.541769,33.99129,42.784127,50.508786,63.816124
drift0.1|kmeans256|coord|log_width|t1.0,domain=multilingual,4472,39.692394,32.75228,39.125701,48.016911,65.849027
drift0.1|kmeans256|coord|p_unresolved_q|t1.0,all,16016,1.0,1.0,1.0,1.0,1.0
drift0.1|kmeans256|coord|p_unresolved_q|t1.0,outcome=accepted,9969,1.0,1.0,1.0,1.0,1.0
drift0.1|kmeans256|coord|p_unresolved_q|t1.0,outcome=rejected,2298,1.0,1.0,1.0,1.0,1.0
drift0.1|kmeans256|coord|p_unresolved_q|t1.0,outcome=unreached,3749,1.0,1.0,1.0,1.0,1.0
drift0.1|kmeans256|coord|p_unresolved_q|t1.0,position=1,4004,0.999999,1.0,1.0,1.0,1.0
drift0.1|kmeans256|coord|p_unresolved_q|t1.0,position=2,4004,0.999999,1.0,1.0,1.0,1.0
drift0.1|kmeans256|coord|p_unresolved_q|t1.0,position=3,4004,1.0,1.0,1.0,1.0,1.0
drift0.1|kmeans256|coord|p_unresolved_q|t1.0,position=4,4004,1.0,1.0,1.0,1.0,1.0
drift0.1|kmeans256|coord|p_unresolved_q|t1.0,domain=chat,4688,1.0,1.0,1.0,1.0,1.0
drift0.1|kmeans256|coord|p_unresolved_q|t1.0,domain=code,3160,1.0,1.0,1.0,1.0,1.0
drift0.1|kmeans256|coord|p_unresolved_q|t1.0,domain=maths,3696,1.0,1.0,1.0,1.0,1.0
drift0.1|kmeans256|coord|p_unresolved_q|t1.0,domain=multilingual,4472,0.999999,1.0,1.0,1.0,1.0
drift0.1|kmeans256|group128|rows_skipped,all,16016,0.774054,0.182591,0.942,0.999243,0.000636
drift0.1|kmeans256|group128|log_width|t1.0,all,16016,26.391156,20.628218,26.083261,32.826471,41.377101
drift0.1|kmeans256|group128|p_unresolved_q|t1.0,all,16016,0.999974,0.999964,0.999997,1.0,1.0
drift0.1|kmeans256|best|rows_skipped,all,16016,0.800789,0.230894,0.962311,0.999243,0.000652
drift0.1|kmeans256|best|rows_skipped,outcome=accepted,9969,0.939412,0.788326,0.995772,0.999243,0.053302
drift0.1|kmeans256|best|rows_skipped,outcome=rejected,2298,0.518679,0.016181,0.560271,0.964228,0.000886
drift0.1|kmeans256|best|rows_skipped,outcome=unreached,3749,0.605097,0.025762,0.712391,0.996454,0.000652
drift0.1|kmeans256|best|rows_skipped,position=1,4004,0.878417,0.579144,0.985841,0.999243,0.001728
drift0.1|kmeans256|best|rows_skipped,position=2,4004,0.817019,0.316399,0.967218,0.999243,0.000652
drift0.1|kmeans256|best|rows_skipped,position=3,4004,0.770098,0.144494,0.947286,0.999243,0.00122
drift0.1|kmeans256|best|rows_skipped,position=4,4004,0.737621,0.088382,0.937826,0.999243,0.000886
drift0.1|kmeans256|best|rows_skipped,domain=chat,4688,0.741768,0.151925,0.897018,0.999243,0.001389
drift0.1|kmeans256|best|rows_skipped,domain=code,3160,0.934546,0.834607,0.996895,0.999243,0.001575
drift0.1|kmeans256|best|rows_skipped,domain=maths,3696,0.946366,0.884433,0.997326,0.999243,0.003197
drift0.1|kmeans256|best|rows_skipped,domain=multilingual,4472,0.647829,0.037195,0.757229,0.999243,0.000652
drift0.1|kmeans256|best|log_width|t1.0,all,16016,25.165291,19.516759,24.826528,31.51654,41.048676
drift0.1|kmeans256|best|log_width|t1.0,outcome=accepted,9969,25.705528,19.230898,25.644749,32.405472,41.048676
drift0.1|kmeans256|best|log_width|t1.0,outcome=rejected,2298,23.299691,18.72199,22.924832,28.280292,38.719449
drift0.1|kmeans256|best|log_width|t1.0,outcome=unreached,3749,24.872289,20.676634,24.468972,29.67156,40.187741
drift0.1|kmeans256|best|log_width|t1.0,position=1,4004,22.784943,16.662232,22.381362,29.477764,37.938574
drift0.1|kmeans256|best|log_width|t1.0,position=2,4004,25.093298,19.883051,24.613205,31.14516,40.602356
drift0.1|kmeans256|best|log_width|t1.0,position=3,4004,26.075186,21.126416,25.493358,32.10541,39.76242
drift0.1|kmeans256|best|log_width|t1.0,position=4,4004,26.707738,21.601082,26.248783,32.678579,41.048676
drift0.1|kmeans256|best|log_width|t1.0,domain=chat,4688,24.277729,19.183613,23.973518,29.846637,40.602356
drift0.1|kmeans256|best|log_width|t1.0,domain=code,3160,26.103747,20.319849,26.016744,32.238233,39.124791
drift0.1|kmeans256|best|log_width|t1.0,domain=maths,3696,26.213172,19.877736,26.205156,32.674948,40.207333
drift0.1|kmeans256|best|log_width|t1.0,domain=multilingual,4472,24.566544,19.266368,24.153172,30.581578,41.048676
drift0.1|kmeans256|best|p_unresolved_q|t1.0,all,16016,0.999952,0.999934,0.999995,1.0,1.0
drift0.1|kmeans256|best|p_unresolved_q|t1.0,outcome=accepted,9969,0.999939,0.999919,0.999996,1.0,1.0
drift0.1|kmeans256|best|p_unresolved_q|t1.0,outcome=rejected,2298,0.999953,0.999912,0.999989,0.999999,1.0
drift0.1|kmeans256|best|p_unresolved_q|t1.0,outcome=unreached,3749,0.999987,0.999969,0.999995,1.0,1.0
drift0.1|kmeans256|best|p_unresolved_q|t1.0,position=1,4004,0.999865,0.999722,0.999985,1.0,1.0
drift0.1|kmeans256|best|p_unresolved_q|t1.0,position=2,4004,0.999975,0.999945,0.999995,1.0,1.0
drift0.1|kmeans256|best|p_unresolved_q|t1.0,position=3,4004,0.999988,0.99997,0.999996,1.0,1.0
drift0.1|kmeans256|best|p_unresolved_q|t1.0,position=4,4004,0.999981,0.999978,0.999998,1.0,1.0
drift0.1|kmeans256|best|p_unresolved_q|t1.0,domain=chat,4688,0.999954,0.999924,0.999993,1.0,1.0
drift0.1|kmeans256|best|p_unresolved_q|t1.0,domain=code,3160,0.999964,0.999949,0.999997,1.0,1.0
drift0.1|kmeans256|best|p_unresolved_q|t1.0,domain=maths,3696,0.999931,0.99993,0.999997,1.0,1.0
drift0.1|kmeans256|best|p_unresolved_q|t1.0,domain=multilingual,4472,0.99996,0.999937,0.999995,1.0,1.0
drift0.1|kmeans256|oracle|rows_skipped,all,16016,0.982422,0.96188,0.998854,0.999243,0.001256
drift0.1|kmeans256|oracle|rows_skipped,outcome=accepted,9969,0.995861,0.988833,0.999243,0.999243,0.856274
drift0.1|kmeans256|oracle|rows_skipped,outcome=rejected,2298,0.951278,0.863952,0.988062,0.999243,0.004438
drift0.1|kmeans256|oracle|rows_skipped,outcome=unreached,3749,0.965775,0.907433,0.997652,0.999243,0.001256
drift0.1|kmeans256|oracle|rows_skipped,position=1,4004,0.989295,0.964985,0.998909,0.999243,0.068206
drift0.1|kmeans256|oracle|rows_skipped,position=2,4004,0.983183,0.964228,0.999034,0.999243,0.001256
drift0.1|kmeans256|oracle|rows_skipped,position=3,4004,0.979651,0.948894,0.99874,0.999243,0.034323
drift0.1|kmeans256|oracle|rows_skipped,position=4,4004,0.977557,0.945828,0.998776,0.999243,0.004438
drift0.1|kmeans256|oracle|rows_skipped,domain=chat,4688,0.982878,0.952771,0.997856,0.999243,0.052022
drift0.1|kmeans256|oracle|rows_skipped,domain=code,3160,0.994972,0.988515,0.999243,0.999243,0.051776
drift0.1|kmeans256|oracle|rows_skipped,domain=maths,3696,0.995802,0.990367,0.999243,0.999243,0.639497
drift0.1|kmeans256|oracle|rows_skipped,domain=multilingual,4472,0.962016,0.900504,0.997652,0.999243,0.001256
drift0.1|kmeans256|oracle|log_width|t1.0,all,16016,1.494804,1.006667,1.435112,2.06286,4.17927
drift0.1|kmeans256|oracle|log_width|t1.0,outcome=accepted,9969,1.525403,0.987109,1.479164,2.126929,4.17927
drift0.1|kmeans256|oracle|log_width|t1.0,outcome=rejected,2298,1.425535,0.98084,1.333029,1.999914,3.70357
drift0.1|kmeans256|oracle|log_width|t1.0,outcome=unreached,3749,1.455895,1.061693,1.394408,1.926841,3.475074
drift0.1|kmeans256|oracle|log_width|t1.0,position=1,4004,1.317409,0.851521,1.248223,1.866087,3.861866
drift0.1|kmeans256|oracle|log_width|t1.0,position=2,4004,1.494883,1.032144,1.428149,2.043541,3.726926
drift0.1|kmeans256|oracle|log_width|t1.0,position=3,4004,1.565346,1.100859,1.495566,2.126166,4.17927
drift0.1|kmeans256|oracle|log_width|t1.0,position=4,4004,1.601576,1.1212,1.535836,2.175554,3.84228
drift0.1|kmeans256|oracle|log_width|t1.0,domain=chat,4688,1.40624,0.980658,1.334431,1.931175,3.573942
drift0.1|kmeans256|oracle|log_width|t1.0,domain=code,3160,1.539242,1.038683,1.503812,2.067212,3.390192
drift0.1|kmeans256|oracle|log_width|t1.0,domain=maths,3696,1.62041,1.064882,1.564933,2.25274,3.861866
drift0.1|kmeans256|oracle|log_width|t1.0,domain=multilingual,4472,1.452433,0.993028,1.396565,1.976199,4.17927
drift0.1|kmeans256|oracle|p_unresolved_q|t1.0,all,16016,0.292555,0.017202,0.278325,0.569653,0.953718
drift0.1|kmeans256|oracle|p_unresolved_q|t1.0,outcome=accepted,9969,0.316083,0.006687,0.302068,0.619285,0.953718
drift0.1|kmeans256|oracle|p_unresolved_q|t1.0,outcome=rejected,2298,0.211115,0.024642,0.212866,0.377673,0.848549
drift0.1|kmeans256|oracle|p_unresolved_q|t1.0,outcome=unreached,3749,0.279909,0.046577,0.276298,0.497374,0.947168
drift0.1|kmeans256|oracle|p_unresolved_q|t1.0,position=1,4004,0.33483,0.094471,0.317673,0.600383,0.899997
drift0.1|kmeans256|oracle|p_unresolved_q|t1.0,position=2,4004,0.291231,0.018161,0.274746,0.580386,0.923953
drift0.1|kmeans256|oracle|p_unresolved_q|t1.0,position=3,4004,0.273297,0.007684,0.261143,0.539024,0.947168
drift0.1|kmeans256|oracle|p_unresolved_q|t1.0,position=4,4004,0.270861,0.001606,0.257812,0.550743,0.953718
drift0.1|kmeans256|oracle|p_unresolved_q|t1.0,domain=chat,4688,0.278174,0.038483,0.272268,0.501695,0.953718
drift0.1|kmeans256|oracle|p_unresolved_q|t1.0,domain=code,3160,0.317419,0.012671,0.293549,0.630113,0.944345
drift0.1|kmeans256|oracle|p_unresolved_q|t1.0,domain=maths,3696,0.277103,0.000403,0.238196,0.600618,0.947168
drift0.1|kmeans256|oracle|p_unresolved_q|t1.0,domain=multilingual,4472,0.302831,0.049877,0.29394,0.54062,0.923747
drift0.03|kmeans256|coord|rows_skipped,all,16016,0.907192,0.672086,0.996368,0.999243,0.000838
drift0.03|kmeans256|coord|log_width|t1.0,all,16016,12.841949,9.876063,12.653095,16.010597,26.014464
drift0.03|kmeans256|coord|p_unresolved_q|t1.0,all,16016,0.996709,0.992764,0.998209,0.999683,0.999997
drift0.03|kmeans256|group128|rows_skipped,all,16016,0.959549,0.902352,0.997652,0.999243,0.000737
drift0.03|kmeans256|group128|log_width|t1.0,all,16016,7.989598,6.230687,7.914297,9.900815,12.413131
drift0.03|kmeans256|group128|p_unresolved_q|t1.0,all,16016,0.974139,0.952342,0.978622,0.992008,0.998413
drift0.03|kmeans256|best|rows_skipped,all,16016,0.961721,0.909939,0.997652,0.999243,0.000838
drift0.03|kmeans256|best|log_width|t1.0,all,16016,7.606925,5.887477,7.526632,9.508357,12.31735
drift0.03|kmeans256|best|p_unresolved_q|t1.0,all,16016,0.968887,0.942946,0.9741,0.990252,0.998015
drift0.03|kmeans256|oracle|rows_skipped,all,16016,0.983819,0.964209,0.998917,0.999243,0.001325
drift0.03|kmeans256|oracle|log_width|t1.0,all,16016,0.449266,0.302611,0.431642,0.619927,1.253781
drift0.03|kmeans256|oracle|p_unresolved_q|t1.0,all,16016,0.106989,0.004863,0.091777,0.222583,0.602235
drift0.01|kmeans256|coord|rows_skipped,all,16016,0.970152,0.934397,0.998083,0.999243,0.001015
drift0.01|kmeans256|coord|log_width|t1.0,all,16016,4.285522,3.281535,4.217297,5.366311,8.684379
drift0.01|kmeans256|coord|p_unresolved_q|t1.0,all,16016,0.869161,0.802287,0.875491,0.930469,0.985952
drift0.01|kmeans256|group128|rows_skipped,all,16016,0.978405,0.948685,0.998454,0.999243,0.000971
drift0.01|kmeans256|group128|log_width|t1.0,all,16016,2.663809,2.077202,2.639491,3.300241,4.13771
drift0.01|kmeans256|group128|p_unresolved_q|t1.0,all,16016,0.718959,0.636041,0.721952,0.800037,0.883346
drift0.01|kmeans256|best|rows_skipped,all,16016,0.978781,0.949474,0.998504,0.999243,0.001015
drift0.01|kmeans256|best|log_width|t1.0,all,16016,2.536098,1.962992,2.509574,3.169374,4.105783
drift0.01|kmeans256|best|p_unresolved_q|t1.0,all,16016,0.700634,0.614038,0.703349,0.78637,0.874328
drift0.01|kmeans256|oracle|rows_skipped,all,16016,0.984176,0.964228,0.998933,0.999243,0.001426
drift0.01|kmeans256|oracle|log_width|t1.0,all,16016,0.149833,0.100925,0.14395,0.206708,0.417927
drift0.01|kmeans256|oracle|p_unresolved_q|t1.0,all,16016,0.038032,0.001605,0.031474,0.080466,0.264568
row_lowrank_w64|transport|rows_skipped,all,16016,0.003369,0.002064,0.003282,0.00473,0.0
row_lowrank_w64|transport|rows_skipped,outcome=accepted,9969,0.003831,0.00267,0.003632,0.005171,0.001796
row_lowrank_w64|transport|rows_skipped,outcome=rejected,2298,0.002578,0.001744,0.002444,0.003714,0.0
row_lowrank_w64|transport|rows_skipped,outcome=unreached,3749,0.002626,0.001784,0.002553,0.003673,0.0
row_lowrank_w64|transport|rows_skipped,position=1,4004,0.004143,0.002477,0.003908,0.005972,0.0
row_lowrank_w64|transport|rows_skipped,position=2,4004,0.003361,0.002142,0.003363,0.004619,0.0
row_lowrank_w64|transport|rows_skipped,position=3,4004,0.003062,0.00197,0.003065,0.004128,0.0
row_lowrank_w64|transport|rows_skipped,position=4,4004,0.00291,0.001893,0.002912,0.003957,0.0
row_lowrank_w64|transport|rows_skipped,domain=chat,4688,0.003147,0.002028,0.002988,0.004369,0.0
row_lowrank_w64|transport|rows_skipped,domain=code,3160,0.00375,0.002637,0.003628,0.004962,0.0
row_lowrank_w64|transport|rows_skipped,domain=maths,3696,0.003974,0.002759,0.003761,0.005412,0.001506
row_lowrank_w64|transport|rows_skipped,domain=multilingual,4472,0.002832,0.001804,0.002692,0.004055,0.0
row_lowrank_w64|static|rows_skipped,all,16016,0.003143,0.001889,0.003053,0.004587,0.0
row_lowrank_w64|static|rows_skipped,outcome=accepted,9969,0.003609,0.002344,0.003572,0.004796,0.001712
row_lowrank_w64|static|rows_skipped,outcome=rejected,2298,0.0022,0.001671,0.002138,0.003012,0.0
row_lowrank_w64|static|rows_skipped,outcome=unreached,3749,0.002485,0.001703,0.002283,0.003702,0.0
row_lowrank_w64|static|rows_skipped,position=1,4004,0.003237,0.002058,0.003173,0.004591,0.0
row_lowrank_w64|static|rows_skipped,position=2,4004,0.003177,0.001933,0.003093,0.004611,0.0
row_lowrank_w64|static|rows_skipped,position=3,4004,0.003099,0.001836,0.002984,0.004563,0.0
row_lowrank_w64|static|rows_skipped,position=4,4004,0.00306,0.001804,0.002936,0.004571,0.0
row_lowrank_w64|static|rows_skipped,domain=chat,4688,0.002769,0.001871,0.002601,0.003878,0.0
row_lowrank_w64|static|rows_skipped,domain=code,3160,0.003707,0.002501,0.003721,0.004877,0.0
row_lowrank_w64|static|rows_skipped,domain=maths,3696,0.003871,0.002686,0.003892,0.004967,0.00151
row_lowrank_w64|static|rows_skipped,domain=multilingual,4472,0.002536,0.001695,0.002299,0.003846,0.0
row_lowrank_w64|transport|log_width|t1.0,all,16016,145.972225,117.594111,145.238697,176.047029,229.879662
row_lowrank_w64|transport|log_width|t1.0,outcome=accepted,9969,147.758175,115.744599,147.82064,179.976189,229.879662
row_lowrank_w64|transport|log_width|t1.0,outcome=rejected,2298,138.236848,113.36395,137.218207,164.518161,207.030988
row_lowrank_w64|transport|log_width|t1.0,outcome=unreached,3749,145.964692,125.195479,144.800543,168.861726,225.551074
row_lowrank_w64|transport|log_width|t1.0,position=1,4004,132.401604,101.728145,131.172164,165.251427,221.854608
row_lowrank_w64|transport|log_width|t1.0,position=2,4004,145.448643,119.917431,143.69199,173.317782,229.879662
row_lowrank_w64|transport|log_width|t1.0,position=3,4004,151.188805,127.247159,148.99092,178.868226,225.551074
row_lowrank_w64|transport|log_width|t1.0,position=4,4004,154.849847,130.742018,153.01812,182.194114,227.443773
row_lowrank_w64|transport|log_width|t1.0,domain=chat,4688,141.431381,115.843528,140.926879,167.764436,225.551074
row_lowrank_w64|transport|log_width|t1.0,domain=code,3160,150.089245,122.484064,150.269537,177.854344,219.738118
row_lowrank_w64|transport|log_width|t1.0,domain=maths,3696,151.400809,119.938014,152.077101,182.122264,229.879662
row_lowrank_w64|transport|log_width|t1.0,domain=multilingual,4472,143.336636,115.536776,142.72785,172.914337,227.443773
row_lowrank_d64|transport|rows_skipped,all,16016,2.2e-05,0.0,0.0,0.0,0.0
row_lowrank_d64|transport|rows_skipped,outcome=accepted,9969,3.6e-05,0.0,0.0,0.0,0.0
row_lowrank_d64|transport|rows_skipped,outcome=rejected,2298,0.0,0.0,0.0,0.0,0.0
row_lowrank_d64|transport|rows_skipped,outcome=unreached,3749,0.0,0.0,0.0,0.0,0.0
row_lowrank_d64|transport|rows_skipped,position=1,4004,8.8e-05,0.0,0.0,0.0,0.0
row_lowrank_d64|transport|rows_skipped,position=2,4004,2e-06,0.0,0.0,0.0,0.0
row_lowrank_d64|transport|rows_skipped,position=3,4004,0.0,0.0,0.0,0.0,0.0
row_lowrank_d64|transport|rows_skipped,position=4,4004,0.0,0.0,0.0,0.0,0.0
row_lowrank_d64|transport|rows_skipped,domain=chat,4688,4e-06,0.0,0.0,0.0,0.0
row_lowrank_d64|transport|rows_skipped,domain=code,3160,1.5e-05,0.0,0.0,0.0,0.0
row_lowrank_d64|transport|rows_skipped,domain=maths,3696,5.6e-05,0.0,0.0,0.0,0.0
row_lowrank_d64|transport|rows_skipped,domain=multilingual,4472,1.9e-05,0.0,0.0,0.0,0.0
row_lowrank_d64|static|rows_skipped,all,16016,0.0,0.0,0.0,0.0,0.0
row_lowrank_d64|static|rows_skipped,outcome=accepted,9969,0.0,0.0,0.0,0.0,0.0
row_lowrank_d64|static|rows_skipped,outcome=rejected,2298,0.0,0.0,0.0,0.0,0.0
row_lowrank_d64|static|rows_skipped,outcome=unreached,3749,0.0,0.0,0.0,0.0,0.0
row_lowrank_d64|static|rows_skipped,position=1,4004,0.0,0.0,0.0,0.0,0.0
row_lowrank_d64|static|rows_skipped,position=2,4004,0.0,0.0,0.0,0.0,0.0
row_lowrank_d64|static|rows_skipped,position=3,4004,0.0,0.0,0.0,0.0,0.0
row_lowrank_d64|static|rows_skipped,position=4,4004,0.0,0.0,0.0,0.0,0.0
row_lowrank_d64|static|rows_skipped,domain=chat,4688,0.0,0.0,0.0,0.0,0.0
row_lowrank_d64|static|rows_skipped,domain=code,3160,0.0,0.0,0.0,0.0,0.0
row_lowrank_d64|static|rows_skipped,domain=maths,3696,0.0,0.0,0.0,0.0,0.0
row_lowrank_d64|static|rows_skipped,domain=multilingual,4472,0.0,0.0,0.0,0.0,0.0
row_lowrank_d64|transport|log_width|t1.0,all,16016,193.184641,156.420628,193.483674,230.865045,308.961178
row_lowrank_d64|transport|log_width|t1.0,outcome=accepted,9969,192.034341,151.852015,192.523208,232.741069,308.961178
row_lowrank_d64|transport|log_width|t1.0,outcome=rejected,2298,188.248328,154.355848,187.617283,223.48236,282.897271
row_lowrank_d64|transport|log_width|t1.0,outcome=unreached,3749,199.269193,170.669685,198.156488,229.591245,282.49037
row_lowrank_d64|transport|log_width|t1.0,position=1,4004,174.503974,132.159477,173.087026,218.082724,295.717794
row_lowrank_d64|transport|log_width|t1.0,position=2,4004,192.352847,160.807226,190.617028,227.280577,301.877799
row_lowrank_d64|transport|log_width|t1.0,position=3,4004,200.562111,171.126489,198.570799,233.438856,288.990689
row_lowrank_d64|transport|log_width|t1.0,position=4,4004,205.319632,175.923301,203.876502,236.577814,308.961178
row_lowrank_d64|transport|log_width|t1.0,domain=chat,4688,191.552166,156.605644,191.830459,227.447292,296.870527
row_lowrank_d64|transport|log_width|t1.0,domain=code,3160,195.30103,159.737381,195.253965,232.85722,283.72806
row_lowrank_d64|transport|log_width|t1.0,domain=maths,3696,192.901883,152.970572,194.925963,231.573368,277.335329
row_lowrank_d64|transport|log_width|t1.0,domain=multilingual,4472,193.634178,156.655773,193.079305,231.946793,308.961178
