pair,id,pos,tok_a,tok_b,margin_a,margin_b,ulp,cls,max_drift,max_drift_pos,first_logprob_diff,len_a,len_b,length_mismatch,cycle_offset_b,prev_cycle_len_b,cycles_ok_b
G vs B0,alpaca_eval-0000,6,26310,63049,0.0,0.125,0.125,tie,0.1267082691192627,1,1,256,256,False,2,2,True
G vs B0,alpaca_eval-0010,114,2519,10478,0.0,0.125,0.125,tie,0.22394776344299316,103,1,256,256,False,1,2,True
G vs B0,alpaca_eval-0020,154,1345,310,0.125,0.0,0.125,tie,0.1719801425933838,29,1,256,256,False,2,3,True
G vs B0,alpaca_eval-0030,49,35234,19214,0.12500005960464478,0.0,0.125,tie,0.15202724933624268,17,1,256,256,False,0,1,True
G vs B0,alpaca_eval-0040,241,1478,321,0.125,0.0,0.125,tie,0.24309396743774414,81,1,256,256,False,2,1,True
G vs B0,alpaca_eval-0050,20,1007,7832,0.0,0.125,0.125,tie,0.0011417409405112267,18,1,256,256,False,11,5,True
G vs B0,alpaca_eval-0060,126,75758,90180,0.0,0.0625,0.0625,tie,0.2150404453277588,32,1,256,256,False,0,5,True
G vs B0,alpaca_eval-0080,71,11,9183,0.0,0.125,0.125,tie,0.22030091285705566,41,1,256,256,False,0,3,True
G vs B0,alpaca_eval-0090,88,4364,6762,0.0,0.125,0.125,tie,0.1690901517868042,27,1,256,256,False,1,1,True
G vs B0,alpaca_eval-0100,59,5365,39502,0.0,0.0625,0.0625,tie,0.1327970027923584,13,1,256,256,False,1,2,True
G vs B0,alpaca_eval-0110,105,4528,5253,0.0,0.0625,0.0625,tie,0.19937920570373535,37,1,256,256,False,2,1,True
G vs B0,alpaca_eval-0120,100,68587,1852,0.125,0.0,0.125,tie,0.22733831405639648,26,1,165,167,False,3,1,True
G vs B0,alpaca_eval-0130,53,9103,13136,0.0,0.0625,0.0625,tie,0.11754393577575684,37,1,256,256,False,0,1,True
G vs B0,alpaca_eval-0140,200,214447,25047,0.125,0.0,0.125,tie,0.17922163009643555,71,1,256,256,False,2,2,True
G vs B0,alpaca_eval-0150,168,328,198,0.125,0.0,0.125,tie,0.2263171672821045,129,1,256,256,False,3,3,True
G vs B0,alpaca_eval-0160,45,1442,3988,0.0625,0.0625,0.0625,one_ulp,0.15580415725708008,28,1,256,256,False,2,1,True
G vs B0,alpaca_eval-0170,192,579,557,0.125,0.0,0.125,tie,0.1827019453048706,14,1,256,256,False,1,2,True
G vs B0,alpaca_eval-0180,21,6206,4752,0.25,0.0,0.125,tie,0.12136173248291016,15,1,256,256,False,3,3,True
G vs B0,alpaca_eval-0200,100,4993,21299,0.0,0.25,0.25,tie,0.16048669815063477,92,1,256,256,False,1,7,True
G vs B0,alpaca_eval-0210,20,4016,321,0.125,0.0,0.125,tie,0.22849488258361816,5,1,256,256,False,5,1,True
G vs B0,alpaca_eval-0220,7,1402,65884,0.0,0.12499994039535522,0.0625,tie,0.19605445861816406,4,1,256,256,False,0,1,True
G vs B0,alpaca_eval-0230,190,23373,12298,0.125,0.0,0.125,tie,0.24394488334655762,9,1,256,256,False,0,3,True
G vs B0,alpaca_eval-0250,48,781,45112,0.0,0.125,0.125,tie,0.16694092750549316,43,1,256,256,False,3,2,True
G vs B0,alpaca_eval-0260,68,3050,8782,0.0,0.125,0.125,tie,0.13734984397888184,48,1,256,256,False,0,4,True
G vs B0,alpaca_eval-0270,124,8003,28772,0.0625,0.0625,0.0625,one_ulp,0.1894974708557129,13,1,256,256,False,3,6,True
G vs B0,alpaca_eval-0280,90,328,6286,0.0,0.125,0.125,tie,0.21020936965942383,65,1,256,256,False,0,1,True
G vs B0,alpaca_eval-0290,109,958,3579,0.0,0.125,0.125,tie,0.21670198440551758,2,1,256,256,False,6,8,True
G vs B0,alpaca_eval-0300,240,413,364,0.125,0.0,0.125,tie,0.1898806095123291,65,1,256,256,False,1,12,True
G vs B0,alpaca_eval-0320,204,8279,321,0.125,0.0,0.125,tie,0.2026960849761963,197,1,256,256,False,5,3,True
G vs B0,alpaca_eval-0330,10,13759,2534,0.125,0.0,0.125,tie,0.13756990432739258,8,1,256,256,False,1,1,True
G vs B0,alpaca_eval-0340,111,4650,68,0.125,0.125,0.125,one_ulp,0.1386430263519287,8,1,185,203,False,1,3,True
G vs B0,alpaca_eval-0350,195,1318,1040,0.125,0.0,0.125,tie,0.23424243927001953,47,0,256,256,False,0,3,True
G vs B0,alpaca_eval-0360,113,18,17,0.125,0.0,0.125,tie,0.22003483772277832,91,1,256,256,False,1,8,True
G vs B0,alpaca_eval-0400,46,279,678,0.0,0.25,0.125,tie,0.12258720397949219,9,1,256,256,False,4,2,True
G vs B0,alpaca_eval-0410,108,2799,5489,0.0,0.125,0.125,tie,0.17227768898010254,80,1,256,256,False,1,2,True
G vs B0,alpaca_eval-0420,21,34404,29667,0.25,0.0,0.25,tie,0.24532794952392578,19,1,248,214,False,0,2,True
G vs B0,alpaca_eval-0430,33,94492,7361,0.125,0.0,0.125,tie,0.1872081756591797,19,1,256,256,False,1,1,True
G vs B0,alpaca_eval-0440,104,1970,2144,0.0,0.125,0.125,tie,0.21503114700317383,17,1,256,256,False,3,2,True
G vs B0,alpaca_eval-0450,94,3404,3254,0.125,0.0,0.125,tie,0.24139118194580078,9,1,256,256,False,2,1,True
G vs B0,alpaca_eval-0460,116,1510,279,0.125,0.0,0.125,tie,0.2118074893951416,112,1,256,256,False,0,2,True
G vs B0,alpaca_eval-0470,78,345,279,0.125,0.0,0.125,tie,0.20463013648986816,31,1,256,256,False,0,2,True
G vs B0,alpaca_eval-0480,107,1879,7497,0.0,0.125,0.125,tie,0.17960643768310547,53,1,256,256,False,1,2,True
G vs B0,alpaca_eval-0490,103,1496,5129,0.0,0.125,0.125,tie,0.20547914505004883,40,1,256,256,False,0,3,True
G vs B0,alpaca_eval-0500,36,56679,21397,0.125,0.0,0.125,tie,0.19768404960632324,21,1,256,256,False,6,2,True
G vs B0,alpaca_eval-0510,17,12103,10813,0.125,0.0,0.125,tie,0.208953857421875,13,1,217,161,False,1,5,True
G vs B0,alpaca_eval-0520,202,5365,13263,0.0,0.125,0.125,tie,0.24132728576660156,173,1,256,256,False,1,1,True
G vs B0,alpaca_eval-0530,154,30096,321,0.125,0.0,0.125,tie,0.1865220069885254,88,1,256,256,False,0,3,True
G vs B0,alpaca_eval-0540,9,170286,30,0.125,0.0,0.125,tie,0.0012586414813995361,1,1,11,18,False,5,3,True
G vs B0,alpaca_eval-0550,79,15374,13236,0.125,0.0,0.125,tie,0.13234448432922363,21,1,256,256,False,3,1,True
G vs B0,alpaca_eval-0560,173,1536,65533,0.0,0.125,0.125,tie,0.19708633422851562,65,1,256,256,False,6,3,True
G vs B0,alpaca_eval-0570,9,495,55007,0.0,0.125,0.125,tie,0.07061934471130371,1,1,256,256,False,5,2,True
G vs B0,alpaca_eval-0580,96,321,10340,0.0,0.125,0.125,tie,0.24484992027282715,52,1,256,256,False,3,1,True
G vs B0,cnn_dailymail-0002,150,30284,2599,0.125,0.0,0.125,tie,0.24358558654785156,143,1,256,256,False,1,5,True
G vs B0,cnn_dailymail-0003,7,852,11,0.125,0.0,0.125,tie,0.11580705642700195,4,1,109,91,False,3,2,True
G vs B0,cnn_dailymail-0005,75,62529,43038,0.125,0.0,0.125,tie,0.23805665969848633,41,1,256,256,False,1,15,True
G vs B0,cnn_dailymail-0007,53,3384,321,0.125,0.0,0.125,tie,0.22907590866088867,3,1,100,104,False,5,1,True
G vs B0,cnn_dailymail-0014,230,13,3376,0.0,0.125,0.125,tie,0.14591479301452637,82,1,256,256,False,0,2,True
G vs B0,cnn_dailymail-0016,86,303,13,0.125,0.0,0.125,tie,0.22346949577331543,26,1,125,119,False,0,12,True
G vs B0,cnn_dailymail-0017,68,1027,279,0.125,0.0,0.125,tie,0.21159887313842773,42,1,256,256,False,1,2,True
G vs B0,cnn_dailymail-0020,46,4400,3543,0.125,0.0,0.125,tie,0.24265432357788086,37,1,256,256,False,0,13,True
G vs B0,cnn_dailymail-0021,51,2583,1680,0.125,0.0,0.125,tie,0.1314258575439453,18,1,133,155,False,2,1,True
G vs B0,cnn_dailymail-0022,102,6572,314,0.12499994039535522,0.0,0.125,tie,0.16388845443725586,80,1,113,111,False,0,1,True
G vs B0,cnn_dailymail-0024,22,2785,5732,0.0,0.125,0.125,tie,0.12224888801574707,9,1,117,107,False,0,2,True
G vs B0,cnn_dailymail-0029,42,9926,25,0.25,0.0,0.25,tie,0.12140512466430664,41,1,256,256,False,9,16,True
G vs B0,cnn_dailymail-0031,6,42344,264,0.125,0.0,0.125,tie,0.0716167688369751,5,1,130,121,False,0,2,True
G vs B0,cnn_dailymail-0034,36,17942,9422,0.125,0.0,0.125,tie,0.12212538719177246,27,1,110,94,False,3,2,True
G vs B0,cnn_dailymail-0035,189,11,38284,0.0,0.125,0.125,tie,0.1896071434020996,145,1,256,256,False,2,2,True
G vs B0,cnn_dailymail-0036,8,11,15784,0.0,0.125,0.125,tie,0.1216573715209961,4,1,108,105,False,2,1,True
G vs B0,cnn_dailymail-0038,200,6179,874,0.125,0.0,0.125,tie,0.22867822647094727,66,1,256,256,False,0,2,True
G vs B0,gsm8k-0000,148,2420,5898,0.0,0.125,0.125,tie,0.1226654052734375,58,1,256,256,False,2,1,True
G vs B0,gsm8k-0002,29,17704,279,0.125,0.0,0.125,tie,0.0865640640258789,16,1,256,256,False,2,10,True
G vs B0,gsm8k-0005,229,8720,3240,0.25,0.0,0.125,tie,0.2289719581604004,227,1,256,256,False,2,13,True
G vs B0,gsm8k-0006,54,28924,19892,0.125,0.0,0.125,tie,0.12151837348937988,41,1,256,256,False,9,2,True
G vs B0,gsm8k-0007,132,1042,567,0.125,0.0,0.125,tie,0.24483513832092285,52,1,256,256,False,1,5,True
G vs B0,gsm8k-0008,68,13362,3491,0.125,0.0,0.125,tie,0.12320971488952637,41,1,256,256,False,0,5,True
G vs B0,gsm8k-0010,160,13550,279,0.125,0.0,0.125,tie,0.16279500722885132,12,1,256,256,False,1,2,True
G vs B0,gsm8k-0012,32,11044,12585,0.0,0.125,0.125,tie,0.14508211612701416,14,1,256,256,False,0,2,True
G vs B0,gsm8k-0013,45,13,430,0.0,0.125,0.125,tie,0.18064260482788086,24,1,256,256,False,1,8,True
G vs B0,gsm8k-0015,86,10724,29283,0.0,0.125,0.125,tie,0.19948101043701172,25,1,256,256,False,1,4,True
G vs B0,gsm8k-0017,197,5759,8941,0.0,0.125,0.125,tie,0.23677515983581543,83,1,256,256,False,5,6,True
G vs B0,gsm8k-0019,178,14728,1088,0.125,0.0,0.125,tie,0.1626579761505127,25,1,256,256,False,6,16,True
G vs B0,gsm8k-0020,102,1070,279,0.125,0.0,0.125,tie,0.1213526725769043,19,1,256,256,False,1,12,True
G vs B0,gsm8k-0021,94,506,948,0.0,0.125,0.125,tie,0.23662137985229492,20,1,166,168,False,4,8,True
G vs B0,gsm8k-0026,2,821,264,0.25,0.0,0.125,tie,3.6937708500772715e-06,1,1,256,256,False,1,1,True
G vs B0,gsm8k-0031,7,1144,1118,0.125,0.0,0.125,tie,0.1197054386138916,5,1,256,256,False,6,1,True
G vs B0,gsm8k-0035,139,303,318,0.0,0.125,0.125,tie,0.20415496826171875,56,1,256,256,False,1,11,True
G vs B0,gsm8k-0036,173,314,6829,0.125,0.125,0.125,one_ulp,0.22018694877624512,96,1,239,242,False,1,2,True
G vs B0,gsm8k-0037,146,24624,28924,0.0,0.125,0.125,tie,0.17819976806640625,33,1,256,256,False,7,16,True
G vs B0,gsm8k-0038,162,6558,1368,0.125,0.0,0.125,tie,0.19460272789001465,34,1,256,256,False,2,3,True
G vs B0,gsm8k-0047,244,387,393,0.0,0.125,0.125,tie,0.20643162727355957,151,1,256,256,False,0,6,True
G vs B0,gsm8k-0053,249,7548,19892,0.0,0.125,0.125,tie,0.16277861595153809,2,1,256,256,False,10,12,True
G vs B0,gsm8k-0058,228,11220,2972,0.125,0.0,0.125,tie,0.23322653770446777,144,1,256,256,False,3,2,True
G vs B0,gsm8k-0060,194,2972,220,0.125,0.0,0.125,tie,0.2021801471710205,25,1,256,256,False,4,2,True
G vs B0,gsm8k-0061,129,19172,71690,0.0,0.125,0.125,tie,0.22930383682250977,69,1,256,256,False,8,2,True
G vs B0,gsm8k-0062,78,188912,14,0.125,0.0,0.125,tie,0.14532577991485596,40,1,256,256,False,2,1,True
G vs B0,gsm8k-0065,190,17239,5122,0.12500005960464478,0.0,0.125,tie,0.12854456901550293,25,1,256,256,False,9,16,True
G vs B0,gsm8k-0066,247,791,1324,0.0,0.125,0.125,tie,0.22378325462341309,194,1,256,256,False,4,6,True
G vs B0,gsm8k-0067,44,13682,9,0.125,0.0,0.125,tie,0.13489985466003418,8,1,256,256,False,7,1,True
G vs B0,gsm8k-0068,179,318,25,0.125,0.125,0.125,one_ulp,0.12229681015014648,84,1,256,256,False,2,10,True
G vs B0,gsm8k-0071,143,62,220,0.0,0.125,0.125,tie,0.1405220627784729,13,1,256,256,False,0,3,True
G vs B0,gsm8k-0074,111,4625,7336,0.0,0.125,0.125,tie,0.23731255531311035,77,1,256,256,False,1,2,True
G vs B0,gsm8k-0076,79,1324,3487,0.0,0.25,0.125,tie,0.2225179672241211,48,1,256,256,False,15,9,True
G vs B0,gsm8k-0079,85,1590,553,0.125,0.0,0.125,tie,0.18270325660705566,66,1,170,170,False,4,1,True
G vs B0,humaneval-0000,127,364,413,0.0,0.125,0.125,tie,0.0005407538264989853,7,1,173,183,False,3,16,True
G vs B0,humaneval-0002,114,733,271,0.125,0.0,0.125,tie,0.2397139072418213,96,1,256,256,False,0,7,True
G vs B0,humaneval-0005,48,1066,279,0.125,0.125,0.125,one_ulp,0.17728734016418457,44,1,256,256,False,6,11,True
G vs B0,humaneval-0011,226,3542,886,0.125,0.0,0.125,tie,0.19459009170532227,88,1,256,256,False,5,2,True
G vs B0,humaneval-0014,67,279,1857,0.0,0.125,0.125,tie,0.22707247734069824,65,1,256,256,False,0,1,True
G vs B0,humaneval-0020,54,9150,28662,0.0,0.125,0.125,tie,0.12154960632324219,36,1,256,256,False,5,11,True
G vs B0,humaneval-0021,200,2334,87,0.125,0.0,0.125,tie,0.1407456398010254,191,1,221,221,False,6,3,True
G vs B0,humaneval-0025,146,198,271,0.0,0.25,0.125,tie,0.11859512329101562,136,1,221,219,False,4,16,True
G vs B0,humaneval-0026,52,279,1204,0.0,0.125,0.125,tie,0.12260603904724121,29,1,256,256,False,8,5,True
G vs B0,humaneval-0027,2,198,1358,0.0,0.125,0.125,tie,1.1920565157197416e-07,1,1,81,81,False,1,1,True
G vs B0,humaneval-0038,94,6922,513,0.125,0.0,0.125,tie,0.1322331428527832,67,1,256,256,False,6,9,True
G vs B0,humaneval-0041,102,1440,1459,0.0,0.125,0.125,tie,0.1783304214477539,58,1,256,256,False,1,2,True
G vs B0,humaneval-0047,13,271,561,0.0,0.125,0.125,tie,0.11238598823547363,11,1,256,256,False,2,6,True
G vs B0,humaneval-0056,131,763,1,0.125,0.0,0.125,tie,0.2099602222442627,81,1,256,256,False,7,5,True
G vs B0,humaneval-0059,43,18253,430,0.125,0.0,0.125,tie,0.12558674812316895,41,1,256,256,False,2,4,True
G vs B0,mt_bench-0000,72,5028,279,0.125,0.0,0.125,tie,0.23915338516235352,26,1,256,256,False,1,1,True
G vs B0,mt_bench-0001,113,5328,40,0.25,0.0,0.125,tie,0.23022985458374023,63,1,153,160,False,4,3,True
G vs B0,mt_bench-0002,232,14212,16432,0.0,0.12500005960464478,0.125,tie,0.2416820526123047,129,1,256,256,False,0,2,True
G vs B0,mt_bench-0003,127,2956,11012,0.0,0.125,0.125,tie,0.17731332778930664,83,1,256,256,False,0,3,True
G vs B0,mt_bench-0005,141,32709,9506,0.125,0.0,0.125,tie,0.19374442100524902,140,1,256,256,False,0,1,True
G vs B0,mt_bench-0006,41,888,11946,0.0,0.125,0.125,tie,0.12278294563293457,20,1,256,256,False,3,1,True
G vs B0,mt_bench-0007,1,16136,1118,0.125,0.0,0.125,tie,0.0,,,173,245,False,0,1,True
G vs B0,mt_bench-0008,165,1171,908,0.25,0.0,0.25,tie,0.17795300483703613,154,1,256,256,False,0,8,True
G vs B0,mt_bench-0009,141,579,557,0.125,0.0,0.125,tie,0.16839849948883057,18,1,256,256,False,0,7,True
G vs B0,mt_bench-0010,51,12570,10922,0.25,0.0,0.125,tie,0.1513211727142334,47,1,256,256,False,2,1,True
G vs B0,mt_bench-0012,28,7139,33404,0.0,0.125,0.125,tie,0.14858317375183105,8,1,256,256,False,2,2,True
G vs B0,mt_bench-0014,186,8,553,0.0,0.125,0.125,tie,0.2412736415863037,36,1,256,256,False,0,1,True
G vs B0,mt_bench-0015,190,3070,682,0.125,0.0,0.125,tie,0.2281794548034668,114,1,256,256,False,0,2,True
G vs B0,mt_bench-0019,189,28599,47733,0.0,0.125,0.125,tie,0.2367246150970459,40,1,256,256,False,0,1,True
G vs B0,mt_bench-0022,10,7044,1923,0.125,0.0,0.125,tie,0.12193751335144043,8,1,106,256,False,2,3,True
G vs B0,mt_bench-0023,131,13,318,0.0,0.125,0.125,tie,0.15334022045135498,85,1,256,256,False,0,3,True
G vs B0,mt_bench-0024,151,17,23,0.125,0.25,0.125,near,0.1941227912902832,54,1,256,256,False,9,16,True
G vs B0,mt_bench-0025,80,48554,40582,0.125,0.0,0.125,tie,0.10587525367736816,36,1,256,256,False,9,16,True
G vs B0,mt_bench-0026,212,198,3130,0.0,0.125,0.125,tie,0.22538161277770996,155,1,256,256,False,13,12,True
G vs B0,mt_bench-0028,43,1409,16903,0.0,0.125,0.125,tie,0.22621631622314453,36,1,256,256,False,2,2,True
G vs B0,mt_bench-0029,20,56679,5952,0.25,0.0,0.25,tie,0.0005413261242210865,9,1,256,256,False,0,16,True
G vs B0,mt_bench-0032,137,27382,34167,0.0,0.125,0.125,tie,0.12103724479675293,51,1,256,256,False,15,1,True
G vs B0,mt_bench-0034,237,5339,561,0.125,0.0,0.125,tie,0.22391414642333984,221,1,256,256,False,8,5,True
G vs B0,mt_bench-0036,39,733,47246,0.0,0.125,0.125,tie,0.12229800224304199,1,1,256,256,False,9,3,True
G vs B0,mt_bench-0037,200,393,279,0.125,0.0,0.125,tie,0.1366034746170044,27,1,256,256,False,2,12,True
G vs B0,mt_bench-0041,215,16,15,0.25,0.0,0.25,tie,0.24503707885742188,177,1,256,256,False,13,3,True
G vs B0,mt_bench-0044,83,3578,1788,0.125,0.0,0.125,tie,0.19445419311523438,54,1,256,256,False,2,3,True
G vs B0,mt_bench-0047,40,1,7620,0.0,0.125,0.0625,tie,0.12244009971618652,10,1,256,256,False,3,5,True
G vs B0,mt_bench-0048,49,580,567,0.125,0.0,0.125,tie,0.2232985496520996,41,1,256,256,False,0,2,True
G vs B0,mt_bench-0049,28,1132,2972,0.0,0.125,0.125,tie,0.2222888469696045,15,1,256,256,False,0,1,True
G vs B0,mt_bench-0050,41,1164,24936,0.0,0.25,0.125,tie,0.12154936790466309,17,1,256,256,False,0,14,True
G vs B0,mt_bench-0059,84,2791,42794,0.0,0.125,0.125,tie,0.12221455574035645,77,1,256,256,False,4,5,True
G vs B0,mt_bench-0060,78,318,506,0.0,0.125,0.125,tie,0.21562957763671875,72,1,256,256,False,1,1,True
G vs B0,mt_bench-0061,231,332,92217,0.0,0.125,0.125,tie,0.17893576622009277,36,1,256,256,False,1,9,True
G vs B0,mt_bench-0063,215,81748,64700,0.125,0.0,0.125,tie,0.23479866981506348,142,1,256,256,False,2,13,True
G vs B0,mt_bench-0064,177,7057,462,0.125,0.125,0.125,one_ulp,0.19806623458862305,33,1,256,256,False,6,8,True
G vs B0,mt_bench-0066,67,48772,17171,0.125,0.0,0.125,tie,0.24437284469604492,20,1,256,256,False,1,2,True
G vs B0,mt_bench-0067,210,27286,90000,0.0,0.0625,0.0625,tie,0.2309863567352295,17,1,256,256,False,1,2,True
G vs B0,mt_bench-0068,220,15676,25291,0.0,0.2500000596046448,0.25,tie,0.2426469326019287,211,1,256,256,False,1,7,True
G vs B0,mt_bench-0069,114,89700,22767,0.125,0.0,0.125,tie,0.22396612167358398,47,1,256,256,False,1,2,True
G vs B0,mt_bench-0070,13,264,449,0.0,0.125,0.125,tie,0.12848377227783203,8,2,256,256,False,0,2,True
G vs B0,mt_bench-0071,34,28604,2950,0.125,0.0,0.125,tie,0.20421147346496582,27,1,256,256,False,0,4,True
G vs B0,mt_bench-0072,152,59789,352,0.125,0.0,0.125,tie,0.23810076713562012,109,1,256,256,False,1,3,True
G vs B0,mt_bench-0073,86,49773,11712,0.125,0.0,0.125,tie,0.14038610458374023,65,1,256,256,False,0,4,True
G vs B0,mt_bench-0075,28,1719,3051,0.0,0.125,0.125,tie,0.2449185848236084,1,1,256,256,False,1,2,True
G vs B0,mt_bench-0076,131,32530,369,0.125,0.0,0.125,tie,0.24010682106018066,57,1,256,256,False,1,5,True
G vs B0,mt_bench-0077,114,635,1353,0.0,0.125,0.125,tie,0.21991944313049316,42,1,256,256,False,1,8,True
G vs B0,mt_bench-0078,108,14886,7535,0.125,0.0,0.125,tie,0.22597265243530273,29,1,256,256,False,4,3,True
G vs B0,mt_bench-0079,214,9492,3115,0.0625,0.0,0.0625,tie,0.22733092308044434,5,3,256,256,False,8,1,True
FG vs B0,alpaca_eval-0000,6,26310,63049,0.0,0.125,0.125,tie,0.1267082691192627,1,1,256,256,False,2,2,True
FG vs B0,alpaca_eval-0010,114,2519,10478,0.0,0.125,0.125,tie,0.22394776344299316,103,1,256,256,False,1,2,True
FG vs B0,alpaca_eval-0020,154,1345,310,0.125,0.0,0.125,tie,0.1719801425933838,29,1,256,256,False,2,3,True
FG vs B0,alpaca_eval-0030,49,35234,19214,0.12500005960464478,0.0,0.125,tie,0.15202724933624268,17,1,256,256,False,0,1,True
FG vs B0,alpaca_eval-0040,241,1478,321,0.125,0.0,0.125,tie,0.24309396743774414,81,1,256,256,False,2,1,True
FG vs B0,alpaca_eval-0050,20,1007,7832,0.0,0.125,0.125,tie,0.0011417409405112267,18,1,256,256,False,11,5,True
FG vs B0,alpaca_eval-0060,126,75758,90180,0.0,0.0625,0.0625,tie,0.2150404453277588,32,1,256,256,False,0,5,True
FG vs B0,alpaca_eval-0080,71,11,9183,0.0,0.125,0.125,tie,0.22030091285705566,41,1,256,256,False,0,3,True
FG vs B0,alpaca_eval-0090,88,4364,6762,0.0,0.125,0.125,tie,0.1690901517868042,27,1,256,256,False,1,1,True
FG vs B0,alpaca_eval-0100,59,5365,39502,0.0,0.0625,0.0625,tie,0.1327970027923584,13,1,256,256,False,1,2,True
FG vs B0,alpaca_eval-0110,105,4528,5253,0.0,0.0625,0.0625,tie,0.19937920570373535,37,1,256,256,False,2,1,True
FG vs B0,alpaca_eval-0120,100,68587,1852,0.125,0.0,0.125,tie,0.22733831405639648,26,1,165,167,False,3,1,True
FG vs B0,alpaca_eval-0130,53,9103,13136,0.0,0.0625,0.0625,tie,0.11754393577575684,37,1,256,256,False,0,1,True
FG vs B0,alpaca_eval-0140,200,214447,25047,0.125,0.0,0.125,tie,0.17922163009643555,71,1,256,256,False,2,2,True
FG vs B0,alpaca_eval-0150,168,328,198,0.125,0.0,0.125,tie,0.2263171672821045,129,1,256,256,False,3,3,True
FG vs B0,alpaca_eval-0160,45,1442,3988,0.0625,0.0625,0.0625,one_ulp,0.15580415725708008,28,1,256,256,False,2,1,True
FG vs B0,alpaca_eval-0170,192,579,557,0.125,0.0,0.125,tie,0.1827019453048706,14,1,256,256,False,1,2,True
FG vs B0,alpaca_eval-0180,21,6206,4752,0.25,0.0,0.125,tie,0.12136173248291016,15,1,256,256,False,3,3,True
FG vs B0,alpaca_eval-0200,100,4993,21299,0.0,0.25,0.25,tie,0.16048669815063477,92,1,256,256,False,1,7,True
FG vs B0,alpaca_eval-0210,20,4016,321,0.125,0.0,0.125,tie,0.22849488258361816,5,1,256,256,False,5,1,True
FG vs B0,alpaca_eval-0220,7,1402,65884,0.0,0.12499994039535522,0.0625,tie,0.19605445861816406,4,1,256,256,False,0,1,True
FG vs B0,alpaca_eval-0230,190,23373,12298,0.125,0.0,0.125,tie,0.24394488334655762,9,1,256,256,False,0,3,True
FG vs B0,alpaca_eval-0250,48,781,45112,0.0,0.125,0.125,tie,0.16694092750549316,43,1,256,256,False,3,2,True
FG vs B0,alpaca_eval-0260,68,3050,8782,0.0,0.125,0.125,tie,0.13734984397888184,48,1,256,256,False,0,4,True
FG vs B0,alpaca_eval-0270,124,8003,28772,0.0625,0.0625,0.0625,one_ulp,0.1894974708557129,13,1,256,256,False,3,6,True
FG vs B0,alpaca_eval-0280,90,328,6286,0.0,0.125,0.125,tie,0.21020936965942383,65,1,256,256,False,0,1,True
FG vs B0,alpaca_eval-0290,109,958,3579,0.0,0.125,0.125,tie,0.21670198440551758,2,1,256,256,False,6,8,True
FG vs B0,alpaca_eval-0300,240,413,364,0.125,0.0,0.125,tie,0.1898806095123291,65,1,256,256,False,1,12,True
FG vs B0,alpaca_eval-0320,204,8279,321,0.125,0.0,0.125,tie,0.2026960849761963,197,1,256,256,False,5,3,True
FG vs B0,alpaca_eval-0330,10,13759,2534,0.125,0.0,0.125,tie,0.13756990432739258,8,1,256,256,False,1,1,True
FG vs B0,alpaca_eval-0340,111,4650,68,0.125,0.125,0.125,one_ulp,0.1386430263519287,8,1,185,203,False,1,3,True
FG vs B0,alpaca_eval-0350,195,1318,1040,0.125,0.0,0.125,tie,0.23424243927001953,47,0,256,256,False,0,3,True
FG vs B0,alpaca_eval-0360,113,18,17,0.125,0.0,0.125,tie,0.22003483772277832,91,1,256,256,False,1,8,True
FG vs B0,alpaca_eval-0400,46,279,678,0.0,0.25,0.125,tie,0.12258720397949219,9,1,256,256,False,4,2,True
FG vs B0,alpaca_eval-0410,108,2799,5489,0.0,0.125,0.125,tie,0.17227768898010254,80,1,256,256,False,1,2,True
FG vs B0,alpaca_eval-0420,21,34404,29667,0.25,0.0,0.25,tie,0.24532794952392578,19,1,248,214,False,0,2,True
FG vs B0,alpaca_eval-0430,33,94492,7361,0.125,0.0,0.125,tie,0.1872081756591797,19,1,256,256,False,1,1,True
FG vs B0,alpaca_eval-0440,104,1970,2144,0.0,0.125,0.125,tie,0.21503114700317383,17,1,256,256,False,3,2,True
FG vs B0,alpaca_eval-0450,94,3404,3254,0.125,0.0,0.125,tie,0.24139118194580078,9,1,256,256,False,2,1,True
FG vs B0,alpaca_eval-0460,116,1510,279,0.125,0.0,0.125,tie,0.2118074893951416,112,1,256,256,False,0,2,True
FG vs B0,alpaca_eval-0470,78,345,279,0.125,0.0,0.125,tie,0.20463013648986816,31,1,256,256,False,0,2,True
FG vs B0,alpaca_eval-0480,107,1879,7497,0.0,0.125,0.125,tie,0.17960643768310547,53,1,256,256,False,1,2,True
FG vs B0,alpaca_eval-0490,103,1496,5129,0.0,0.125,0.125,tie,0.20547914505004883,40,1,256,256,False,0,3,True
FG vs B0,alpaca_eval-0500,36,56679,21397,0.125,0.0,0.125,tie,0.19768404960632324,21,1,256,256,False,6,2,True
FG vs B0,alpaca_eval-0510,17,12103,10813,0.125,0.0,0.125,tie,0.208953857421875,13,1,217,161,False,1,5,True
FG vs B0,alpaca_eval-0520,202,5365,13263,0.0,0.125,0.125,tie,0.24132728576660156,173,1,256,256,False,1,1,True
FG vs B0,alpaca_eval-0530,154,30096,321,0.125,0.0,0.125,tie,0.1865220069885254,88,1,256,256,False,0,3,True
FG vs B0,alpaca_eval-0540,9,170286,30,0.125,0.0,0.125,tie,0.0012586414813995361,1,1,11,18,False,5,3,True
FG vs B0,alpaca_eval-0550,79,15374,13236,0.125,0.0,0.125,tie,0.13234448432922363,21,1,256,256,False,3,1,True
FG vs B0,alpaca_eval-0560,173,1536,65533,0.0,0.125,0.125,tie,0.19708633422851562,65,1,256,256,False,6,3,True
FG vs B0,alpaca_eval-0570,9,495,55007,0.0,0.125,0.125,tie,0.07061934471130371,1,1,256,256,False,5,2,True
FG vs B0,alpaca_eval-0580,96,321,10340,0.0,0.125,0.125,tie,0.24484992027282715,52,1,256,256,False,3,1,True
FG vs B0,cnn_dailymail-0002,150,30284,2599,0.125,0.0,0.125,tie,0.24358558654785156,143,1,256,256,False,1,5,True
FG vs B0,cnn_dailymail-0003,7,852,11,0.125,0.0,0.125,tie,0.11580705642700195,4,1,109,91,False,3,2,True
FG vs B0,cnn_dailymail-0005,75,62529,43038,0.125,0.0,0.125,tie,0.23805665969848633,41,1,256,256,False,1,15,True
FG vs B0,cnn_dailymail-0007,53,3384,321,0.125,0.0,0.125,tie,0.22907590866088867,3,1,100,104,False,5,1,True
FG vs B0,cnn_dailymail-0014,230,13,3376,0.0,0.125,0.125,tie,0.14591479301452637,82,1,256,256,False,0,2,True
FG vs B0,cnn_dailymail-0016,86,303,13,0.125,0.0,0.125,tie,0.22346949577331543,26,1,125,119,False,0,12,True
FG vs B0,cnn_dailymail-0017,68,1027,279,0.125,0.0,0.125,tie,0.21159887313842773,42,1,256,256,False,1,2,True
FG vs B0,cnn_dailymail-0020,46,4400,3543,0.125,0.0,0.125,tie,0.24265432357788086,37,1,256,256,False,0,13,True
FG vs B0,cnn_dailymail-0021,51,2583,1680,0.125,0.0,0.125,tie,0.1314258575439453,18,1,133,155,False,2,1,True
FG vs B0,cnn_dailymail-0022,102,6572,314,0.12499994039535522,0.0,0.125,tie,0.16388845443725586,80,1,113,111,False,0,1,True
FG vs B0,cnn_dailymail-0024,22,2785,5732,0.0,0.125,0.125,tie,0.12224888801574707,9,1,117,107,False,0,2,True
FG vs B0,cnn_dailymail-0029,42,9926,25,0.25,0.0,0.25,tie,0.12140512466430664,41,1,256,256,False,9,16,True
FG vs B0,cnn_dailymail-0031,6,42344,264,0.125,0.0,0.125,tie,0.0716167688369751,5,1,130,121,False,0,2,True
FG vs B0,cnn_dailymail-0034,36,17942,9422,0.125,0.0,0.125,tie,0.12212538719177246,27,1,110,94,False,3,2,True
FG vs B0,cnn_dailymail-0035,189,11,38284,0.0,0.125,0.125,tie,0.1896071434020996,145,1,256,256,False,2,2,True
FG vs B0,cnn_dailymail-0036,8,11,15784,0.0,0.125,0.125,tie,0.1216573715209961,4,1,108,105,False,2,1,True
FG vs B0,cnn_dailymail-0038,200,6179,874,0.125,0.0,0.125,tie,0.22867822647094727,66,1,256,256,False,0,2,True
FG vs B0,gsm8k-0000,148,2420,5898,0.0,0.125,0.125,tie,0.1226654052734375,58,1,256,256,False,2,1,True
FG vs B0,gsm8k-0002,29,17704,279,0.125,0.0,0.125,tie,0.0865640640258789,16,1,256,256,False,2,10,True
FG vs B0,gsm8k-0005,229,8720,3240,0.25,0.0,0.125,tie,0.2289719581604004,227,1,256,256,False,2,13,True
FG vs B0,gsm8k-0006,54,28924,19892,0.125,0.0,0.125,tie,0.12151837348937988,41,1,256,256,False,9,2,True
FG vs B0,gsm8k-0007,132,1042,567,0.125,0.0,0.125,tie,0.24483513832092285,52,1,256,256,False,1,5,True
FG vs B0,gsm8k-0008,68,13362,3491,0.125,0.0,0.125,tie,0.12320971488952637,41,1,256,256,False,0,5,True
FG vs B0,gsm8k-0010,160,13550,279,0.125,0.0,0.125,tie,0.16279500722885132,12,1,256,256,False,1,2,True
FG vs B0,gsm8k-0012,32,11044,12585,0.0,0.125,0.125,tie,0.14508211612701416,14,1,256,256,False,0,2,True
FG vs B0,gsm8k-0013,45,13,430,0.0,0.125,0.125,tie,0.18064260482788086,24,1,256,256,False,1,8,True
FG vs B0,gsm8k-0015,86,10724,29283,0.0,0.125,0.125,tie,0.19948101043701172,25,1,256,256,False,1,4,True
FG vs B0,gsm8k-0017,197,5759,8941,0.0,0.125,0.125,tie,0.23677515983581543,83,1,256,256,False,5,6,True
FG vs B0,gsm8k-0019,178,14728,1088,0.125,0.0,0.125,tie,0.1626579761505127,25,1,256,256,False,6,16,True
FG vs B0,gsm8k-0020,102,1070,279,0.125,0.0,0.125,tie,0.1213526725769043,19,1,256,256,False,1,12,True
FG vs B0,gsm8k-0021,94,506,948,0.0,0.125,0.125,tie,0.23662137985229492,20,1,166,168,False,4,8,True
FG vs B0,gsm8k-0026,2,821,264,0.25,0.0,0.125,tie,3.6937708500772715e-06,1,1,256,256,False,1,1,True
FG vs B0,gsm8k-0031,7,1144,1118,0.125,0.0,0.125,tie,0.1197054386138916,5,1,256,256,False,6,1,True
FG vs B0,gsm8k-0035,139,303,318,0.0,0.125,0.125,tie,0.20415496826171875,56,1,256,256,False,1,11,True
FG vs B0,gsm8k-0036,173,314,6829,0.125,0.125,0.125,one_ulp,0.22018694877624512,96,1,239,242,False,1,2,True
FG vs B0,gsm8k-0037,146,24624,28924,0.0,0.125,0.125,tie,0.17819976806640625,33,1,256,256,False,7,16,True
FG vs B0,gsm8k-0038,162,6558,1368,0.125,0.0,0.125,tie,0.19460272789001465,34,1,256,256,False,2,3,True
FG vs B0,gsm8k-0047,244,387,393,0.0,0.125,0.125,tie,0.20643162727355957,151,1,256,256,False,0,6,True
FG vs B0,gsm8k-0053,249,7548,19892,0.0,0.125,0.125,tie,0.16277861595153809,2,1,256,256,False,10,12,True
FG vs B0,gsm8k-0058,228,11220,2972,0.125,0.0,0.125,tie,0.23322653770446777,144,1,256,256,False,3,2,True
FG vs B0,gsm8k-0060,194,2972,220,0.125,0.0,0.125,tie,0.2021801471710205,25,1,256,256,False,4,2,True
FG vs B0,gsm8k-0061,129,19172,71690,0.0,0.125,0.125,tie,0.22930383682250977,69,1,256,256,False,8,2,True
FG vs B0,gsm8k-0062,78,188912,14,0.125,0.0,0.125,tie,0.14532577991485596,40,1,256,256,False,2,1,True
FG vs B0,gsm8k-0065,190,17239,5122,0.12500005960464478,0.0,0.125,tie,0.12854456901550293,25,1,256,256,False,9,16,True
FG vs B0,gsm8k-0066,247,791,1324,0.0,0.125,0.125,tie,0.22378325462341309,194,1,256,256,False,4,6,True
FG vs B0,gsm8k-0067,44,13682,9,0.125,0.0,0.125,tie,0.13489985466003418,8,1,256,256,False,7,1,True
FG vs B0,gsm8k-0068,179,318,25,0.125,0.125,0.125,one_ulp,0.12229681015014648,84,1,256,256,False,2,10,True
FG vs B0,gsm8k-0071,143,62,220,0.0,0.125,0.125,tie,0.1405220627784729,13,1,256,256,False,0,3,True
FG vs B0,gsm8k-0074,111,4625,7336,0.0,0.125,0.125,tie,0.23731255531311035,77,1,256,256,False,1,2,True
FG vs B0,gsm8k-0076,79,1324,3487,0.0,0.25,0.125,tie,0.2225179672241211,48,1,256,256,False,15,9,True
FG vs B0,gsm8k-0079,85,1590,553,0.125,0.0,0.125,tie,0.18270325660705566,66,1,170,170,False,4,1,True
FG vs B0,humaneval-0000,127,364,413,0.0,0.125,0.125,tie,0.0005407538264989853,7,1,173,183,False,3,16,True
FG vs B0,humaneval-0002,114,733,271,0.125,0.0,0.125,tie,0.2397139072418213,96,1,256,256,False,0,7,True
FG vs B0,humaneval-0005,48,1066,279,0.125,0.125,0.125,one_ulp,0.17728734016418457,44,1,256,256,False,6,11,True
FG vs B0,humaneval-0011,226,3542,886,0.125,0.0,0.125,tie,0.19459009170532227,88,1,256,256,False,5,2,True
FG vs B0,humaneval-0014,67,279,1857,0.0,0.125,0.125,tie,0.22707247734069824,65,1,256,256,False,0,1,True
FG vs B0,humaneval-0020,54,9150,28662,0.0,0.125,0.125,tie,0.12154960632324219,36,1,256,256,False,5,11,True
FG vs B0,humaneval-0021,200,2334,87,0.125,0.0,0.125,tie,0.1407456398010254,191,1,221,221,False,6,3,True
FG vs B0,humaneval-0025,146,198,271,0.0,0.25,0.125,tie,0.11859512329101562,136,1,221,219,False,4,16,True
FG vs B0,humaneval-0026,52,279,1204,0.0,0.125,0.125,tie,0.12260603904724121,29,1,256,256,False,8,5,True
FG vs B0,humaneval-0027,2,198,1358,0.0,0.125,0.125,tie,1.1920565157197416e-07,1,1,81,81,False,1,1,True
FG vs B0,humaneval-0038,94,6922,513,0.125,0.0,0.125,tie,0.1322331428527832,67,1,256,256,False,6,9,True
FG vs B0,humaneval-0041,102,1440,1459,0.0,0.125,0.125,tie,0.1783304214477539,58,1,256,256,False,1,2,True
FG vs B0,humaneval-0047,13,271,561,0.0,0.125,0.125,tie,0.11238598823547363,11,1,256,256,False,2,6,True
FG vs B0,humaneval-0056,131,763,1,0.125,0.0,0.125,tie,0.2099602222442627,81,1,256,256,False,7,5,True
FG vs B0,humaneval-0059,43,18253,430,0.125,0.0,0.125,tie,0.12558674812316895,41,1,256,256,False,2,4,True
FG vs B0,mt_bench-0000,72,5028,279,0.125,0.0,0.125,tie,0.23915338516235352,26,1,256,256,False,1,1,True
FG vs B0,mt_bench-0001,113,5328,40,0.25,0.0,0.125,tie,0.23022985458374023,63,1,153,160,False,4,3,True
FG vs B0,mt_bench-0002,232,14212,16432,0.0,0.12500005960464478,0.125,tie,0.2416820526123047,129,1,256,256,False,0,2,True
FG vs B0,mt_bench-0003,127,2956,11012,0.0,0.125,0.125,tie,0.17731332778930664,83,1,256,256,False,0,3,True
FG vs B0,mt_bench-0005,141,32709,9506,0.125,0.0,0.125,tie,0.19374442100524902,140,1,256,256,False,0,1,True
FG vs B0,mt_bench-0006,41,888,11946,0.0,0.125,0.125,tie,0.12278294563293457,20,1,256,256,False,3,1,True
FG vs B0,mt_bench-0007,1,16136,1118,0.125,0.0,0.125,tie,0.0,,,173,245,False,0,1,True
FG vs B0,mt_bench-0008,165,1171,908,0.25,0.0,0.25,tie,0.17795300483703613,154,1,256,256,False,0,8,True
FG vs B0,mt_bench-0009,141,579,557,0.125,0.0,0.125,tie,0.16839849948883057,18,1,256,256,False,0,7,True
FG vs B0,mt_bench-0010,51,12570,10922,0.25,0.0,0.125,tie,0.1513211727142334,47,1,256,256,False,2,1,True
FG vs B0,mt_bench-0012,28,7139,33404,0.0,0.125,0.125,tie,0.14858317375183105,8,1,256,256,False,2,2,True
FG vs B0,mt_bench-0014,186,8,553,0.0,0.125,0.125,tie,0.2412736415863037,36,1,256,256,False,0,1,True
FG vs B0,mt_bench-0015,190,3070,682,0.125,0.0,0.125,tie,0.2281794548034668,114,1,256,256,False,0,2,True
FG vs B0,mt_bench-0019,189,28599,47733,0.0,0.125,0.125,tie,0.2367246150970459,40,1,256,256,False,0,1,True
FG vs B0,mt_bench-0022,10,7044,1923,0.125,0.0,0.125,tie,0.12193751335144043,8,1,106,256,False,2,3,True
FG vs B0,mt_bench-0023,131,13,318,0.0,0.125,0.125,tie,0.15334022045135498,85,1,256,256,False,0,3,True
FG vs B0,mt_bench-0024,151,17,23,0.125,0.25,0.125,near,0.1941227912902832,54,1,256,256,False,9,16,True
FG vs B0,mt_bench-0025,80,48554,40582,0.125,0.0,0.125,tie,0.10587525367736816,36,1,256,256,False,9,16,True
FG vs B0,mt_bench-0026,212,198,3130,0.0,0.125,0.125,tie,0.22538161277770996,155,1,256,256,False,13,12,True
FG vs B0,mt_bench-0028,43,1409,16903,0.0,0.125,0.125,tie,0.22621631622314453,36,1,256,256,False,2,2,True
FG vs B0,mt_bench-0029,20,56679,5952,0.25,0.0,0.25,tie,0.0005413261242210865,9,1,256,256,False,0,16,True
FG vs B0,mt_bench-0032,137,27382,34167,0.0,0.125,0.125,tie,0.12103724479675293,51,1,256,256,False,15,1,True
FG vs B0,mt_bench-0034,237,5339,561,0.125,0.0,0.125,tie,0.22391414642333984,221,1,256,256,False,8,5,True
FG vs B0,mt_bench-0036,39,733,47246,0.0,0.125,0.125,tie,0.12229800224304199,1,1,256,256,False,9,3,True
FG vs B0,mt_bench-0037,200,393,279,0.125,0.0,0.125,tie,0.1366034746170044,27,1,256,256,False,2,12,True
FG vs B0,mt_bench-0041,215,16,15,0.25,0.0,0.25,tie,0.24503707885742188,177,1,256,256,False,13,3,True
FG vs B0,mt_bench-0044,83,3578,1788,0.125,0.0,0.125,tie,0.19445419311523438,54,1,256,256,False,2,3,True
FG vs B0,mt_bench-0047,40,1,7620,0.0,0.125,0.0625,tie,0.12244009971618652,10,1,256,256,False,3,5,True
FG vs B0,mt_bench-0048,49,580,567,0.125,0.0,0.125,tie,0.2232985496520996,41,1,256,256,False,0,2,True
FG vs B0,mt_bench-0049,28,1132,2972,0.0,0.125,0.125,tie,0.2222888469696045,15,1,256,256,False,0,1,True
FG vs B0,mt_bench-0050,41,1164,24936,0.0,0.25,0.125,tie,0.12154936790466309,17,1,256,256,False,0,14,True
FG vs B0,mt_bench-0059,84,2791,42794,0.0,0.125,0.125,tie,0.12221455574035645,77,1,256,256,False,4,5,True
FG vs B0,mt_bench-0060,78,318,506,0.0,0.125,0.125,tie,0.21562957763671875,72,1,256,256,False,1,1,True
FG vs B0,mt_bench-0061,231,332,92217,0.0,0.125,0.125,tie,0.17893576622009277,36,1,256,256,False,1,9,True
FG vs B0,mt_bench-0063,215,81748,64700,0.125,0.0,0.125,tie,0.23479866981506348,142,1,256,256,False,2,13,True
FG vs B0,mt_bench-0064,177,7057,462,0.125,0.125,0.125,one_ulp,0.19806623458862305,33,1,256,256,False,6,8,True
FG vs B0,mt_bench-0066,67,48772,17171,0.125,0.0,0.125,tie,0.24437284469604492,20,1,256,256,False,1,2,True
FG vs B0,mt_bench-0067,210,27286,90000,0.0,0.0625,0.0625,tie,0.2309863567352295,17,1,256,256,False,1,2,True
FG vs B0,mt_bench-0068,220,15676,25291,0.0,0.2500000596046448,0.25,tie,0.2426469326019287,211,1,256,256,False,1,7,True
FG vs B0,mt_bench-0069,114,89700,22767,0.125,0.0,0.125,tie,0.22396612167358398,47,1,256,256,False,1,2,True
FG vs B0,mt_bench-0070,13,264,449,0.0,0.125,0.125,tie,0.12848377227783203,8,2,256,256,False,0,2,True
FG vs B0,mt_bench-0071,34,28604,2950,0.125,0.0,0.125,tie,0.20421147346496582,27,1,256,256,False,0,4,True
FG vs B0,mt_bench-0072,152,59789,352,0.125,0.0,0.125,tie,0.23810076713562012,109,1,256,256,False,1,3,True
FG vs B0,mt_bench-0073,86,49773,11712,0.125,0.0,0.125,tie,0.14038610458374023,65,1,256,256,False,0,4,True
FG vs B0,mt_bench-0075,28,1719,3051,0.0,0.125,0.125,tie,0.2449185848236084,1,1,256,256,False,1,2,True
FG vs B0,mt_bench-0076,131,32530,369,0.125,0.0,0.125,tie,0.24010682106018066,57,1,256,256,False,1,5,True
FG vs B0,mt_bench-0077,114,635,1353,0.0,0.125,0.125,tie,0.21991944313049316,42,1,256,256,False,1,8,True
FG vs B0,mt_bench-0078,108,14886,7535,0.125,0.0,0.125,tie,0.22597265243530273,29,1,256,256,False,4,3,True
FG vs B0,mt_bench-0079,214,9492,3115,0.0625,0.0,0.0625,tie,0.22733092308044434,5,3,256,256,False,8,1,True
B0 vs bench stock b16,alpaca_eval-0000,6,63049,26310,0.125,0.0,0.125,tie,0.12662410736083984,1,0,256,256,False,2,2,True
B0 vs bench stock b16,alpaca_eval-0010,114,10478,2519,0.125,0.0,0.125,tie,0.15597224235534668,86,0,256,256,False,1,4,True
B0 vs bench stock b16,alpaca_eval-0020,154,310,1345,0.0,0.125,0.125,tie,0.23081731796264648,122,0,256,256,False,2,3,True
B0 vs bench stock b16,alpaca_eval-0030,94,357,1394,0.0,0.125,0.125,tie,0.15267300605773926,37,0,256,256,False,0,2,True
B0 vs bench stock b16,alpaca_eval-0040,241,321,1478,0.0,0.125,0.125,tie,0.22998714447021484,226,0,256,256,False,2,1,True
B0 vs bench stock b16,alpaca_eval-0050,20,7832,1007,0.125,0.0,0.125,tie,0.12100028991699219,0,0,256,256,False,11,5,True
B0 vs bench stock b16,alpaca_eval-0060,125,37462,20331,0.0625,0.0,0.0625,tie,0.239518404006958,94,0,256,256,False,3,1,True
B0 vs bench stock b16,alpaca_eval-0080,71,9183,11,0.125,0.0,0.125,tie,0.1262514591217041,58,0,256,256,False,0,3,True
B0 vs bench stock b16,alpaca_eval-0090,104,68488,10632,0.125,0.0,0.125,tie,0.22448277473449707,45,0,256,256,False,0,1,True
B0 vs bench stock b16,alpaca_eval-0100,51,264,10919,0.0,0.125,0.125,tie,0.22948169708251953,10,0,256,256,False,1,3,True
B0 vs bench stock b16,alpaca_eval-0110,105,5253,4528,0.125,0.0,0.125,tie,0.2282567024230957,65,0,256,256,False,2,1,True
B0 vs bench stock b16,alpaca_eval-0120,70,3364,2895,0.125,0.0,0.125,tie,0.19996929168701172,9,0,149,165,False,2,1,True
B0 vs bench stock b16,alpaca_eval-0130,72,67817,5758,0.125,0.0,0.125,tie,0.23438572883605957,30,0,256,256,False,1,1,True
B0 vs bench stock b16,alpaca_eval-0140,200,25047,214447,0.0,0.125,0.125,tie,0.17806386947631836,186,0,256,256,False,2,2,True
B0 vs bench stock b16,alpaca_eval-0150,120,25,11,0.125,0.0,0.125,tie,0.1592245101928711,89,0,256,256,False,3,1,True
B0 vs bench stock b16,alpaca_eval-0160,33,421,13,0.125,0.0,0.125,tie,0.1258692741394043,19,0,256,256,False,0,1,True
B0 vs bench stock b16,alpaca_eval-0180,39,24065,26932,0.0,0.125,0.125,tie,0.1295769214630127,13,0,256,256,False,3,3,True
B0 vs bench stock b16,alpaca_eval-0200,100,21299,4993,0.25,0.0,0.25,tie,0.24424171447753906,13,0,256,256,False,1,7,True
B0 vs bench stock b16,alpaca_eval-0210,95,318,364,0.125,0.125,0.125,one_ulp,0.19654035568237305,86,0,256,256,False,2,5,True
B0 vs bench stock b16,alpaca_eval-0220,7,65884,1402,0.12499994039535522,0.0,0.0625,tie,0.11725401878356934,4,0,256,256,False,0,1,True
B0 vs bench stock b16,alpaca_eval-0230,190,12298,23373,0.0,0.125,0.125,tie,0.23296117782592773,0,0,256,256,False,0,3,True
B0 vs bench stock b16,alpaca_eval-0240,238,1220,3125,0.0,0.125,0.125,tie,0.24117755889892578,217,0,256,256,False,2,3,True
B0 vs bench stock b16,alpaca_eval-0250,150,279,16577,0.0,0.125,0.125,tie,0.23705458641052246,18,0,256,256,False,0,3,True
B0 vs bench stock b16,alpaca_eval-0260,240,3761,7395,0.0,0.125,0.125,tie,0.20590758323669434,170,0,256,256,False,3,8,True
B0 vs bench stock b16,alpaca_eval-0270,150,11,318,0.0,0.125,0.125,tie,0.23573517799377441,10,0,256,256,False,4,1,True
B0 vs bench stock b16,alpaca_eval-0280,90,6286,328,0.125,0.0,0.125,tie,0.33568882942199707,30,0,256,256,False,0,1,True
B0 vs bench stock b16,alpaca_eval-0290,109,3579,958,0.125,0.0,0.125,tie,0.19335484504699707,46,0,256,256,False,6,8,True
B0 vs bench stock b16,alpaca_eval-0320,125,381,524,0.0,0.125,0.125,tie,0.2360231876373291,121,0,256,256,False,4,1,True
B0 vs bench stock b16,alpaca_eval-0330,10,2534,13759,0.0,0.125,0.125,tie,0.13184762001037598,8,0,256,256,False,1,1,True
B0 vs bench stock b16,alpaca_eval-0340,166,488,321,0.125,0.0,0.125,tie,0.23457670211791992,157,0,191,185,False,0,1,True
B0 vs bench stock b16,alpaca_eval-0350,195,1040,1318,0.0,0.125,0.125,tie,0.2819061279296875,146,0,256,256,False,0,3,True
B0 vs bench stock b16,alpaca_eval-0360,32,1017,2614,0.0,0.125,0.125,tie,0.2098674774169922,0,0,256,256,False,5,1,True
B0 vs bench stock b16,alpaca_eval-0380,200,15095,56140,0.0,0.125,0.125,tie,0.3632240295410156,9,0,256,256,False,1,1,True
B0 vs bench stock b16,alpaca_eval-0390,5,406,220,0.125,0.0,0.125,tie,0.11267471313476562,1,0,256,256,False,0,1,True
B0 vs bench stock b16,alpaca_eval-0400,7,2972,1510,0.125,0.0,0.125,tie,0.11746335029602051,6,0,256,256,False,1,5,True
B0 vs bench stock b16,alpaca_eval-0410,74,357,20656,0.0,0.125,0.125,tie,0.24059748649597168,39,0,256,256,False,1,8,True
B0 vs bench stock b16,alpaca_eval-0420,66,14838,22903,0.0,0.125,0.125,tie,0.23841381072998047,58,0,256,248,False,1,1,True
B0 vs bench stock b16,alpaca_eval-0430,179,12482,3520,0.125,0.0,0.125,tie,0.23725461959838867,132,0,256,256,False,2,3,True
B0 vs bench stock b16,alpaca_eval-0440,72,1970,13,0.125,0.0,0.125,tie,0.1225438117980957,0,0,256,256,False,2,6,True
B0 vs bench stock b16,alpaca_eval-0460,21,466,318,0.125,0.0,0.125,tie,0.1530248522758484,1,0,256,256,False,3,1,True
B0 vs bench stock b16,alpaca_eval-0470,78,279,345,0.0,0.125,0.125,tie,0.2456958293914795,0,0,256,256,False,0,2,True
B0 vs bench stock b16,alpaca_eval-0480,107,7497,1879,0.125,0.0,0.125,tie,0.16466736793518066,104,0,256,256,False,1,2,True
B0 vs bench stock b16,alpaca_eval-0500,191,20335,279,0.125,0.0,0.125,tie,0.2370152473449707,145,0,256,256,False,0,2,True
B0 vs bench stock b16,alpaca_eval-0510,17,10813,12103,0.0,0.125,0.125,tie,0.22382473945617676,12,0,164,217,False,1,5,True
B0 vs bench stock b16,alpaca_eval-0520,125,88433,760,0.0625,0.0625,0.0625,one_ulp,0.20262861251831055,84,0,256,256,False,7,3,True
B0 vs bench stock b16,alpaca_eval-0530,154,321,30096,0.0,0.125,0.125,tie,0.19601857662200928,123,0,256,256,False,0,3,True
B0 vs bench stock b16,alpaca_eval-0540,9,30,170286,0.0,0.125,0.125,tie,0.12141680717468262,0,0,18,11,False,5,3,True
B0 vs bench stock b16,alpaca_eval-0550,92,3037,5474,0.0,0.125,0.125,tie,0.21180224418640137,74,0,256,256,False,1,2,True
B0 vs bench stock b16,alpaca_eval-0560,173,65533,1536,0.125,0.0,0.125,tie,0.18934226036071777,60,0,256,256,False,6,3,True
B0 vs bench stock b16,alpaca_eval-0570,9,55007,495,0.125,0.0,0.125,tie,0.11882305145263672,0,0,256,256,False,5,2,True
B0 vs bench stock b16,alpaca_eval-0580,96,10340,321,0.125,0.0,0.125,tie,0.20737266540527344,79,0,256,256,False,3,1,True
B0 vs bench stock b16,cnn_dailymail-0003,43,4097,7106,0.0,0.125,0.125,tie,0.20438432693481445,9,0,112,109,False,2,2,True
B0 vs bench stock b16,cnn_dailymail-0005,75,43038,62529,0.0,0.125,0.125,tie,0.23805665969848633,41,0,256,256,False,1,15,True
B0 vs bench stock b16,cnn_dailymail-0007,53,321,3384,0.0,0.125,0.125,tie,0.22688651084899902,4,0,104,100,False,5,1,True
B0 vs bench stock b16,cnn_dailymail-0011,213,2196,69075,0.0,0.125,0.125,tie,0.15299773216247559,42,0,256,256,False,6,1,True
B0 vs bench stock b16,cnn_dailymail-0013,34,76057,9290,0.125,0.125,0.125,one_ulp,0.1568591594696045,0,0,106,107,False,1,3,True
B0 vs bench stock b16,cnn_dailymail-0015,97,42838,421,0.125,0.0,0.125,tie,0.20236563682556152,90,0,109,108,False,1,2,True
B0 vs bench stock b16,cnn_dailymail-0016,86,13,303,0.0,0.125,0.125,tie,0.23928356170654297,48,0,119,125,False,0,12,True
B0 vs bench stock b16,cnn_dailymail-0021,51,1680,2583,0.0,0.125,0.125,tie,0.22850990295410156,14,0,155,133,False,2,1,True
B0 vs bench stock b16,cnn_dailymail-0022,48,321,364,0.0,0.125,0.125,tie,0.1159975528717041,18,0,102,113,False,3,1,True
B0 vs bench stock b16,cnn_dailymail-0023,162,10471,14307,0.0,0.125,0.125,tie,0.23640012741088867,78,0,256,256,False,0,1,True
B0 vs bench stock b16,cnn_dailymail-0024,22,5732,2785,0.125,0.0,0.125,tie,0.19132733345031738,8,0,110,117,False,0,2,True
B0 vs bench stock b16,cnn_dailymail-0028,54,328,43001,0.0,0.125,0.125,tie,0.17835187911987305,5,0,111,114,False,0,4,True
B0 vs bench stock b16,cnn_dailymail-0031,98,19264,50359,0.0,0.25,0.125,tie,0.15233898162841797,2,0,128,130,False,1,4,True
B0 vs bench stock b16,cnn_dailymail-0033,25,23059,18816,0.1875,0.1875,0.0625,near,0.3841421604156494,24,0,91,95,False,1,6,True
B0 vs bench stock b16,cnn_dailymail-0034,12,11,411,0.0,0.125,0.125,tie,0.10473823547363281,4,0,108,110,False,4,3,True
B0 vs bench stock b16,cnn_dailymail-0036,31,43666,17489,0.125,0.125,0.125,one_ulp,0.214341402053833,13,0,97,108,False,0,4,True
B0 vs bench stock b16,cnn_dailymail-0037,23,8552,264,0.125,0.0,0.125,tie,0.2151041030883789,11,0,114,120,False,5,3,True
B0 vs bench stock b16,cnn_dailymail-0039,53,310,303,0.125,0.0,0.125,tie,0.1466662883758545,9,0,166,151,False,1,1,True
B0 vs bench stock b16,gsm8k-0000,148,5898,2420,0.125,0.0,0.125,tie,0.20091497898101807,134,0,256,256,False,2,1,True
B0 vs bench stock b16,gsm8k-0004,39,220,2250,0.125,0.125,0.125,one_ulp,0.12234139442443848,8,0,256,256,False,4,8,True
B0 vs bench stock b16,gsm8k-0006,54,19892,28924,0.0,0.125,0.125,tie,0.12151598930358887,41,0,256,256,False,9,2,True
B0 vs bench stock b16,gsm8k-0007,132,567,1042,0.0,0.125,0.125,tie,0.21319794654846191,87,0,256,256,False,1,5,True
B0 vs bench stock b16,gsm8k-0010,19,1324,29478,0.0,0.125,0.125,tie,0.16279375553131104,12,0,256,256,False,1,8,True
B0 vs bench stock b16,gsm8k-0012,32,12585,11044,0.125,0.0,0.125,tie,0.2548331022262573,20,0,256,256,False,0,2,True
B0 vs bench stock b16,gsm8k-0015,61,7742,32653,0.0,0.125,0.125,tie,0.3450663089752197,44,0,256,256,False,0,12,True
B0 vs bench stock b16,gsm8k-0019,178,1088,14728,0.0,0.125,0.125,tie,0.16891074180603027,70,0,256,256,False,6,16,True
B0 vs bench stock b16,gsm8k-0020,44,2144,8529,0.0,0.125,0.125,tie,0.12229180335998535,2,0,256,256,False,0,5,True
B0 vs bench stock b16,gsm8k-0023,97,279,5141,0.0,0.125,0.125,tie,0.18110060691833496,83,0,256,256,False,10,3,True
B0 vs bench stock b16,gsm8k-0031,7,1118,1144,0.0,0.125,0.125,tie,0.11940550804138184,4,0,256,256,False,6,1,True
B0 vs bench stock b16,gsm8k-0032,120,13,791,0.0,0.125,0.125,tie,0.2382216453552246,17,0,256,256,False,6,9,True
B0 vs bench stock b16,gsm8k-0035,139,318,303,0.125,0.0,0.125,tie,0.22343134880065918,32,0,256,256,False,1,11,True
B0 vs bench stock b16,gsm8k-0038,162,1368,6558,0.0,0.125,0.125,tie,0.1915205717086792,152,0,256,256,False,2,3,True
B0 vs bench stock b16,gsm8k-0039,201,198,271,0.0,0.125,0.125,tie,0.2394390106201172,166,0,256,256,False,3,16,True
B0 vs bench stock b16,gsm8k-0040,43,13682,9,0.125,0.0,0.125,tie,0.12094759941101074,13,0,212,208,False,11,1,True
B0 vs bench stock b16,gsm8k-0044,16,2014,15771,0.0,0.125,0.125,tie,0.30284440517425537,9,0,256,256,False,14,1,True
B0 vs bench stock b16,gsm8k-0045,157,1088,19185,0.0,0.24999994039535522,0.25,tie,0.290480375289917,94,0,256,256,False,1,9,True
B0 vs bench stock b16,gsm8k-0046,123,1206,760,0.125,0.0,0.125,tie,0.24364614486694336,19,0,256,256,False,3,2,True
B0 vs bench stock b16,gsm8k-0051,60,220,393,0.0,0.125,0.125,tie,0.24063730239868164,4,0,256,256,False,0,1,True
B0 vs bench stock b16,gsm8k-0053,249,19892,7548,0.125,0.0,0.125,tie,0.12137031555175781,27,0,256,256,False,10,12,True
B0 vs bench stock b16,gsm8k-0056,75,25,364,0.0,0.125,0.125,tie,0.1238868236541748,26,0,256,256,False,15,5,True
B0 vs bench stock b16,gsm8k-0058,45,20100,12079,0.125,0.0,0.125,tie,0.36457180976867676,19,0,256,256,False,0,4,True
B0 vs bench stock b16,gsm8k-0060,19,4952,321,0.25,0.0,0.125,tie,0.24147891998291016,9,0,256,256,False,3,1,True
B0 vs bench stock b16,gsm8k-0061,129,71690,19172,0.125,0.0,0.125,tie,0.16124200820922852,69,0,256,256,False,8,2,True
B0 vs bench stock b16,gsm8k-0062,57,449,393,0.125,0.0,0.125,tie,0.24503350257873535,31,0,256,256,False,5,8,True
B0 vs bench stock b16,gsm8k-0065,190,5122,17239,0.0,0.12500005960464478,0.125,tie,0.14506065845489502,85,0,256,256,False,9,16,True
B0 vs bench stock b16,gsm8k-0066,22,23208,279,0.125,0.0,0.125,tie,0.12135124206542969,11,0,256,256,False,1,3,True
B0 vs bench stock b16,gsm8k-0068,179,25,318,0.0,0.125,0.125,tie,0.24317359924316406,80,0,256,256,False,2,10,True
B0 vs bench stock b16,gsm8k-0070,15,13,25,0.0,0.125,0.125,tie,0.12159466743469238,12,0,256,256,False,1,1,True
B0 vs bench stock b16,gsm8k-0071,143,220,62,0.125,0.0,0.125,tie,0.18930411338806152,34,0,256,256,False,0,3,True
B0 vs bench stock b16,gsm8k-0076,53,9,13682,0.0,0.125,0.125,tie,0.19282591342926025,41,0,256,256,False,0,7,True
B0 vs bench stock b16,humaneval-0005,48,279,1066,0.125,0.125,0.125,one_ulp,0.14648061990737915,1,0,256,256,False,6,11,True
B0 vs bench stock b16,humaneval-0010,135,364,653,0.0,0.25,0.25,tie,0.12260842323303223,126,0,180,190,False,9,6,True
B0 vs bench stock b16,humaneval-0011,71,760,40,0.125,0.0,0.125,tie,0.20433151721954346,16,0,256,256,False,10,16,True
B0 vs bench stock b16,humaneval-0014,65,15305,33120,0.0,0.125,0.125,tie,0.17891216278076172,1,0,256,256,False,1,1,True
B0 vs bench stock b16,humaneval-0017,80,1083,539,0.125,0.0,0.125,tie,0.1916186809539795,0,0,256,256,False,1,6,True
B0 vs bench stock b16,humaneval-0021,200,87,2334,0.0,0.125,0.125,tie,0.4813191890716553,0,0,221,221,False,6,3,True
B0 vs bench stock b16,humaneval-0025,146,271,198,0.25,0.0,0.125,tie,0.11379194259643555,0,0,219,221,False,4,16,True
B0 vs bench stock b16,humaneval-0026,52,1204,279,0.125,0.0,0.125,tie,0.23961424827575684,4,0,256,256,False,8,5,True
B0 vs bench stock b16,humaneval-0028,0,71093,727,0.375,0.0,0.25,tie,0.0,,,70,60,False,0,,True
B0 vs bench stock b16,humaneval-0032,39,2574,1406,0.125,0.0,0.125,tie,0.13437128067016602,33,0,256,256,False,1,4,True
B0 vs bench stock b16,humaneval-0033,164,198,271,0.0,0.125,0.125,tie,0.29508185386657715,0,0,256,256,False,2,1,True
B0 vs bench stock b16,humaneval-0036,2,198,1358,0.0,0.125,0.125,tie,0.0005714893341064453,0,0,139,139,False,1,1,True
B0 vs bench stock b16,humaneval-0038,128,198,318,0.0,0.125,0.125,tie,0.176347017288208,13,0,256,256,False,5,3,True
B0 vs bench stock b16,humaneval-0039,0,727,71093,0.125,0.125,0.125,one_ulp,0.0,,,253,253,False,0,,True
B0 vs bench stock b16,humaneval-0043,2,198,1358,0.0,0.125,0.125,tie,0.08976459503173828,0,0,201,201,False,1,1,True
B0 vs bench stock b16,humaneval-0047,13,561,271,0.25,0.0,0.125,tie,0.11234736442565918,11,0,256,256,False,2,6,True
B0 vs bench stock b16,humaneval-0050,20,1754,1396,0.125,0.0,0.125,tie,0.19815993309020996,0,0,256,256,False,5,1,True
B0 vs bench stock b16,humaneval-0052,0,71093,727,0.125,0.0,0.125,tie,0.0,,,100,95,False,0,,True
B0 vs bench stock b16,humaneval-0053,20,4829,1220,0.125,0.0,0.125,tie,0.12222480773925781,16,0,193,176,False,0,2,True
B0 vs bench stock b16,humaneval-0059,43,430,18253,0.0,0.125,0.125,tie,0.12151408195495605,28,0,256,256,False,2,4,True
B0 vs bench stock b16,mt_bench-0000,3,303,11,0.0625,0.0,0.0625,tie,0.016515731811523438,1,0,256,256,False,0,1,True
B0 vs bench stock b16,mt_bench-0001,127,1040,10386,0.0,0.125,0.125,tie,0.24036812782287598,46,0,153,153,False,2,2,True
B0 vs bench stock b16,mt_bench-0003,230,1724,1990,0.0,0.125,0.125,tie,0.2203388214111328,110,0,256,256,False,2,3,True
B0 vs bench stock b16,mt_bench-0004,11,23772,264,0.125,0.125,0.125,one_ulp,0.1459062099456787,8,0,226,243,False,2,3,True
B0 vs bench stock b16,mt_bench-0005,131,27597,11,0.125,0.0,0.125,tie,0.18846797943115234,111,0,256,256,False,0,2,True
B0 vs bench stock b16,mt_bench-0006,32,1016,10708,0.0,0.125,0.125,tie,0.23091769218444824,31,0,256,256,False,0,2,True
B0 vs bench stock b16,mt_bench-0007,119,13,3482,0.0,0.25,0.25,tie,0.24107575416564941,18,0,176,173,False,2,3,True
B0 vs bench stock b16,mt_bench-0008,165,908,1171,0.0,0.25,0.25,tie,0.13788461685180664,116,0,256,256,False,0,8,True
B0 vs bench stock b16,mt_bench-0009,86,321,11,0.125,0.0,0.125,tie,0.22858428955078125,40,0,256,256,False,0,3,True
B0 vs bench stock b16,mt_bench-0010,15,8964,1,0.125,0.0,0.125,tie,0.1253044605255127,7,0,256,256,False,0,2,True
B0 vs bench stock b16,mt_bench-0012,32,54081,18324,0.125,0.0,0.125,tie,0.22903966903686523,2,0,256,256,False,1,2,True
B0 vs bench stock b16,mt_bench-0013,18,4927,2609,0.125,0.0,0.125,tie,0.15186738967895508,17,0,256,256,False,0,1,True
B0 vs bench stock b16,mt_bench-0014,178,9306,11,0.0625,0.0625,0.0625,one_ulp,0.20213890075683594,49,0,256,256,False,2,1,True
B0 vs bench stock b16,mt_bench-0015,94,539,13,0.125,0.0,0.125,tie,0.35727953910827637,32,0,256,256,False,1,2,True
B0 vs bench stock b16,mt_bench-0017,69,44145,5304,0.125,0.0,0.125,tie,0.243943452835083,49,0,256,256,False,1,7,True
B0 vs bench stock b16,mt_bench-0018,28,32773,61,0.125,0.0,0.125,tie,0.1373140811920166,12,0,158,141,False,2,3,True
B0 vs bench stock b16,mt_bench-0019,189,47733,28599,0.125,0.0,0.125,tie,0.1613321304321289,59,0,256,256,False,0,1,True
B0 vs bench stock b16,mt_bench-0022,18,2592,760,0.12499994039535522,0.0,0.125,tie,0.12175965309143066,12,0,256,106,False,0,2,True
B0 vs bench stock b16,mt_bench-0024,191,1902,303,0.125,0.0,0.125,tie,0.29449892044067383,151,0,256,256,False,8,5,True
B0 vs bench stock b16,mt_bench-0026,212,3130,198,0.125,0.0,0.125,tie,0.2253742218017578,155,0,256,256,False,13,12,True
B0 vs bench stock b16,mt_bench-0028,43,16903,1409,0.125,0.0,0.125,tie,0.22602605819702148,36,0,256,256,False,2,2,True
B0 vs bench stock b16,mt_bench-0029,123,310,13,0.125,0.0,0.125,tie,0.1410670280456543,113,0,256,256,False,0,4,True
B0 vs bench stock b16,mt_bench-0033,216,314,421,0.0,0.12500005960464478,0.125,tie,0.23821616172790527,36,0,256,256,False,1,4,True
B0 vs bench stock b16,mt_bench-0035,97,279,35195,0.0,0.125,0.125,tie,0.15487134456634521,94,0,256,256,False,1,9,True
B0 vs bench stock b16,mt_bench-0036,39,47246,733,0.125,0.0,0.125,tie,0.12222552299499512,1,0,256,256,False,9,3,True
B0 vs bench stock b16,mt_bench-0037,238,9077,72364,0.0,0.125,0.125,tie,0.23543357849121094,0,0,256,256,False,1,4,True
B0 vs bench stock b16,mt_bench-0039,143,26782,279,0.125,0.0,0.125,tie,0.16974377632141113,47,0,256,256,False,12,16,True
B0 vs bench stock b16,mt_bench-0040,189,321,539,0.0,0.125,0.125,tie,0.23999595642089844,41,0,256,256,False,1,1,True
B0 vs bench stock b16,mt_bench-0042,153,19,15,0.125,0.0,0.125,tie,0.16816425323486328,46,0,256,256,False,11,13,True
B0 vs bench stock b16,mt_bench-0044,88,1719,10957,0.0,0.125,0.125,tie,0.19471383094787598,54,0,256,256,False,0,4,True
B0 vs bench stock b16,mt_bench-0047,40,7620,1,0.125,0.0,0.0625,tie,0.2001781463623047,38,0,256,256,False,3,5,True
B0 vs bench stock b16,mt_bench-0048,49,488,580,0.0,0.125,0.125,tie,0.227492094039917,41,0,256,256,False,0,2,True
B0 vs bench stock b16,mt_bench-0049,0,36948,1206,0.12499994039535522,0.0,0.125,tie,0.0,,,256,256,False,0,,True
B0 vs bench stock b16,mt_bench-0050,41,24936,1164,0.25,0.0,0.125,tie,0.12004232406616211,31,0,256,256,False,0,14,True
B0 vs bench stock b16,mt_bench-0059,87,8020,220,0.125,0.125,0.125,one_ulp,0.12221455574035645,77,0,256,256,False,2,5,True
B0 vs bench stock b16,mt_bench-0060,32,29144,6745,0.125,0.0,0.125,tie,0.3034350872039795,1,0,256,256,False,2,11,True
B0 vs bench stock b16,mt_bench-0061,191,3,60439,0.0,0.125,0.125,tie,0.22774124145507812,99,0,256,256,False,3,1,True
B0 vs bench stock b16,mt_bench-0063,57,314,33448,0.0,0.125,0.125,tie,0.24249672889709473,47,0,256,256,False,0,2,True
B0 vs bench stock b16,mt_bench-0065,92,271,198,0.125,0.0,0.0625,tie,0.12248778343200684,65,0,256,256,False,0,3,True
B0 vs bench stock b16,mt_bench-0066,181,15920,4751,0.125,0.0,0.125,tie,0.23847246170043945,60,0,256,256,False,2,4,True
B0 vs bench stock b16,mt_bench-0067,51,13,1817,0.0,0.125,0.125,tie,0.12207531929016113,30,0,256,256,False,0,2,True
B0 vs bench stock b16,mt_bench-0068,220,25291,15676,0.125,0.0,0.125,tie,0.2426464557647705,211,0,256,256,False,1,7,True
B0 vs bench stock b16,mt_bench-0069,47,421,364,0.125,0.0,0.125,tie,0.1331648826599121,36,0,256,256,False,0,4,True
B0 vs bench stock b16,mt_bench-0070,13,449,264,0.125,0.0,0.125,tie,0.1226201057434082,0,0,256,256,False,0,2,True
B0 vs bench stock b16,mt_bench-0071,34,2950,28604,0.125,0.125,0.125,one_ulp,0.2198796272277832,20,0,256,256,False,0,4,True
B0 vs bench stock b16,mt_bench-0072,143,264,279,0.0,0.125,0.125,tie,0.24315738677978516,41,0,256,256,False,2,2,True
B0 vs bench stock b16,mt_bench-0073,86,38580,49773,0.0,0.125,0.125,tie,0.2095949649810791,11,0,256,256,False,0,4,True
B0 vs bench stock b16,mt_bench-0075,17,318,369,0.0,0.125,0.125,tie,0.11690831184387207,0,0,256,256,False,3,13,True
B0 vs bench stock b16,mt_bench-0076,131,369,32530,0.0,0.125,0.125,tie,0.23873305320739746,69,0,256,256,False,1,5,True
B0 vs bench stock b16,mt_bench-0077,86,36009,74316,0.0,0.125,0.125,tie,0.24299287796020508,62,0,256,256,False,0,12,True
B0 vs bench stock b16,mt_bench-0078,34,54759,4670,0.125,0.0,0.125,tie,0.2398054599761963,15,0,256,256,False,1,1,True
B0 vs bench stock b16,mt_bench-0079,83,27687,46909,0.0,0.125,0.125,tie,0.4272000789642334,54,0,256,256,False,3,4,True
F vs bench stock b16,alpaca_eval-0000,6,63049,26310,0.125,0.0,0.125,tie,0.12662410736083984,1,0,256,256,False,2,2,True
F vs bench stock b16,alpaca_eval-0010,114,10478,2519,0.125,0.0,0.125,tie,0.15597224235534668,86,0,256,256,False,1,4,True
F vs bench stock b16,alpaca_eval-0020,154,310,1345,0.0,0.125,0.125,tie,0.23081731796264648,122,0,256,256,False,2,3,True
F vs bench stock b16,alpaca_eval-0030,94,357,1394,0.0,0.125,0.125,tie,0.15267300605773926,37,0,256,256,False,0,2,True
F vs bench stock b16,alpaca_eval-0040,241,321,1478,0.0,0.125,0.125,tie,0.22998714447021484,226,0,256,256,False,2,1,True
F vs bench stock b16,alpaca_eval-0050,20,7832,1007,0.125,0.0,0.125,tie,0.12100028991699219,0,0,256,256,False,11,5,True
F vs bench stock b16,alpaca_eval-0060,125,37462,20331,0.0625,0.0,0.0625,tie,0.239518404006958,94,0,256,256,False,3,1,True
F vs bench stock b16,alpaca_eval-0080,71,9183,11,0.125,0.0,0.125,tie,0.1262514591217041,58,0,256,256,False,0,3,True
F vs bench stock b16,alpaca_eval-0090,104,68488,10632,0.125,0.0,0.125,tie,0.22448277473449707,45,0,256,256,False,0,1,True
F vs bench stock b16,alpaca_eval-0100,51,264,10919,0.0,0.125,0.125,tie,0.22948169708251953,10,0,256,256,False,1,3,True
F vs bench stock b16,alpaca_eval-0110,105,5253,4528,0.125,0.0,0.125,tie,0.2282567024230957,65,0,256,256,False,2,1,True
F vs bench stock b16,alpaca_eval-0120,70,3364,2895,0.125,0.0,0.125,tie,0.19996929168701172,9,0,149,165,False,2,1,True
F vs bench stock b16,alpaca_eval-0130,72,67817,5758,0.125,0.0,0.125,tie,0.23438572883605957,30,0,256,256,False,1,1,True
F vs bench stock b16,alpaca_eval-0140,200,25047,214447,0.0,0.125,0.125,tie,0.17806386947631836,186,0,256,256,False,2,2,True
F vs bench stock b16,alpaca_eval-0150,120,25,11,0.125,0.0,0.125,tie,0.1592245101928711,89,0,256,256,False,3,1,True
F vs bench stock b16,alpaca_eval-0160,33,421,13,0.125,0.0,0.125,tie,0.1258692741394043,19,0,256,256,False,0,1,True
F vs bench stock b16,alpaca_eval-0180,39,24065,26932,0.0,0.125,0.125,tie,0.1295769214630127,13,0,256,256,False,3,3,True
F vs bench stock b16,alpaca_eval-0200,100,21299,4993,0.25,0.0,0.25,tie,0.24424171447753906,13,0,256,256,False,1,7,True
F vs bench stock b16,alpaca_eval-0210,95,318,364,0.125,0.125,0.125,one_ulp,0.19654035568237305,86,0,256,256,False,2,5,True
F vs bench stock b16,alpaca_eval-0220,7,65884,1402,0.12499994039535522,0.0,0.0625,tie,0.11725401878356934,4,0,256,256,False,0,1,True
F vs bench stock b16,alpaca_eval-0230,190,12298,23373,0.0,0.125,0.125,tie,0.23296117782592773,0,0,256,256,False,0,3,True
F vs bench stock b16,alpaca_eval-0240,238,1220,3125,0.0,0.125,0.125,tie,0.24117755889892578,217,0,256,256,False,2,3,True
F vs bench stock b16,alpaca_eval-0250,150,279,16577,0.0,0.125,0.125,tie,0.23705458641052246,18,0,256,256,False,0,3,True
F vs bench stock b16,alpaca_eval-0260,240,3761,7395,0.0,0.125,0.125,tie,0.20590758323669434,170,0,256,256,False,3,8,True
F vs bench stock b16,alpaca_eval-0270,150,11,318,0.0,0.125,0.125,tie,0.23573517799377441,10,0,256,256,False,4,1,True
F vs bench stock b16,alpaca_eval-0280,90,6286,328,0.125,0.0,0.125,tie,0.33568882942199707,30,0,256,256,False,0,1,True
F vs bench stock b16,alpaca_eval-0290,109,3579,958,0.125,0.0,0.125,tie,0.19335484504699707,46,0,256,256,False,6,8,True
F vs bench stock b16,alpaca_eval-0320,125,381,524,0.0,0.125,0.125,tie,0.2360231876373291,121,0,256,256,False,4,1,True
F vs bench stock b16,alpaca_eval-0330,10,2534,13759,0.0,0.125,0.125,tie,0.13184762001037598,8,0,256,256,False,1,1,True
F vs bench stock b16,alpaca_eval-0340,166,488,321,0.125,0.0,0.125,tie,0.23457670211791992,157,0,191,185,False,0,1,True
F vs bench stock b16,alpaca_eval-0350,195,1040,1318,0.0,0.125,0.125,tie,0.2819061279296875,146,0,256,256,False,0,3,True
F vs bench stock b16,alpaca_eval-0360,32,1017,2614,0.0,0.125,0.125,tie,0.2098674774169922,0,0,256,256,False,5,1,True
F vs bench stock b16,alpaca_eval-0380,200,15095,56140,0.0,0.125,0.125,tie,0.3632240295410156,9,0,256,256,False,1,1,True
F vs bench stock b16,alpaca_eval-0390,5,406,220,0.125,0.0,0.125,tie,0.11267471313476562,1,0,256,256,False,0,1,True
F vs bench stock b16,alpaca_eval-0400,7,2972,1510,0.125,0.0,0.125,tie,0.11746335029602051,6,0,256,256,False,1,5,True
F vs bench stock b16,alpaca_eval-0410,74,357,20656,0.0,0.125,0.125,tie,0.24059748649597168,39,0,256,256,False,1,8,True
F vs bench stock b16,alpaca_eval-0420,66,14838,22903,0.0,0.125,0.125,tie,0.23841381072998047,58,0,256,248,False,1,1,True
F vs bench stock b16,alpaca_eval-0430,179,12482,3520,0.125,0.0,0.125,tie,0.23725461959838867,132,0,256,256,False,2,3,True
F vs bench stock b16,alpaca_eval-0440,72,1970,13,0.125,0.0,0.125,tie,0.1225438117980957,0,0,256,256,False,2,6,True
F vs bench stock b16,alpaca_eval-0460,21,466,318,0.125,0.0,0.125,tie,0.1530248522758484,1,0,256,256,False,3,1,True
F vs bench stock b16,alpaca_eval-0470,78,279,345,0.0,0.125,0.125,tie,0.2456958293914795,0,0,256,256,False,0,2,True
F vs bench stock b16,alpaca_eval-0480,107,7497,1879,0.125,0.0,0.125,tie,0.16466736793518066,104,0,256,256,False,1,2,True
F vs bench stock b16,alpaca_eval-0500,191,20335,279,0.125,0.0,0.125,tie,0.2370152473449707,145,0,256,256,False,0,2,True
F vs bench stock b16,alpaca_eval-0510,17,10813,12103,0.0,0.125,0.125,tie,0.22382473945617676,12,0,164,217,False,1,5,True
F vs bench stock b16,alpaca_eval-0520,125,88433,760,0.0625,0.0625,0.0625,one_ulp,0.20262861251831055,84,0,256,256,False,7,3,True
F vs bench stock b16,alpaca_eval-0530,154,321,30096,0.0,0.125,0.125,tie,0.19601857662200928,123,0,256,256,False,0,3,True
F vs bench stock b16,alpaca_eval-0540,9,30,170286,0.0,0.125,0.125,tie,0.12141680717468262,0,0,18,11,False,5,3,True
F vs bench stock b16,alpaca_eval-0550,92,3037,5474,0.0,0.125,0.125,tie,0.21180224418640137,74,0,256,256,False,1,2,True
F vs bench stock b16,alpaca_eval-0560,173,65533,1536,0.125,0.0,0.125,tie,0.18934226036071777,60,0,256,256,False,6,3,True
F vs bench stock b16,alpaca_eval-0570,9,55007,495,0.125,0.0,0.125,tie,0.11882305145263672,0,0,256,256,False,5,2,True
F vs bench stock b16,alpaca_eval-0580,96,10340,321,0.125,0.0,0.125,tie,0.20737266540527344,79,0,256,256,False,3,1,True
F vs bench stock b16,cnn_dailymail-0003,43,4097,7106,0.0,0.125,0.125,tie,0.20438432693481445,9,0,112,109,False,2,2,True
F vs bench stock b16,cnn_dailymail-0005,75,43038,62529,0.0,0.125,0.125,tie,0.23805665969848633,41,0,256,256,False,1,15,True
F vs bench stock b16,cnn_dailymail-0007,53,321,3384,0.0,0.125,0.125,tie,0.22688651084899902,4,0,104,100,False,5,1,True
F vs bench stock b16,cnn_dailymail-0011,213,2196,69075,0.0,0.125,0.125,tie,0.15299773216247559,42,0,256,256,False,6,1,True
F vs bench stock b16,cnn_dailymail-0013,34,76057,9290,0.125,0.125,0.125,one_ulp,0.1568591594696045,0,0,106,107,False,1,3,True
F vs bench stock b16,cnn_dailymail-0015,97,42838,421,0.125,0.0,0.125,tie,0.20236563682556152,90,0,109,108,False,1,2,True
F vs bench stock b16,cnn_dailymail-0016,86,13,303,0.0,0.125,0.125,tie,0.23928356170654297,48,0,119,125,False,0,12,True
F vs bench stock b16,cnn_dailymail-0021,51,1680,2583,0.0,0.125,0.125,tie,0.22850990295410156,14,0,155,133,False,2,1,True
F vs bench stock b16,cnn_dailymail-0022,48,321,364,0.0,0.125,0.125,tie,0.1159975528717041,18,0,102,113,False,3,1,True
F vs bench stock b16,cnn_dailymail-0023,162,10471,14307,0.0,0.125,0.125,tie,0.23640012741088867,78,0,256,256,False,0,1,True
F vs bench stock b16,cnn_dailymail-0024,22,5732,2785,0.125,0.0,0.125,tie,0.19132733345031738,8,0,110,117,False,0,2,True
F vs bench stock b16,cnn_dailymail-0028,54,328,43001,0.0,0.125,0.125,tie,0.17835187911987305,5,0,111,114,False,0,4,True
F vs bench stock b16,cnn_dailymail-0031,98,19264,50359,0.0,0.25,0.125,tie,0.15233898162841797,2,0,128,130,False,1,4,True
F vs bench stock b16,cnn_dailymail-0033,25,23059,18816,0.1875,0.1875,0.0625,near,0.3841421604156494,24,0,91,95,False,1,6,True
F vs bench stock b16,cnn_dailymail-0034,12,11,411,0.0,0.125,0.125,tie,0.10473823547363281,4,0,108,110,False,4,3,True
F vs bench stock b16,cnn_dailymail-0036,31,43666,17489,0.125,0.125,0.125,one_ulp,0.214341402053833,13,0,97,108,False,0,4,True
F vs bench stock b16,cnn_dailymail-0037,23,8552,264,0.125,0.0,0.125,tie,0.2151041030883789,11,0,114,120,False,5,3,True
F vs bench stock b16,cnn_dailymail-0039,53,310,303,0.125,0.0,0.125,tie,0.1466662883758545,9,0,166,151,False,1,1,True
F vs bench stock b16,gsm8k-0000,148,5898,2420,0.125,0.0,0.125,tie,0.20091497898101807,134,0,256,256,False,2,1,True
F vs bench stock b16,gsm8k-0004,39,220,2250,0.125,0.125,0.125,one_ulp,0.12234139442443848,8,0,256,256,False,4,8,True
F vs bench stock b16,gsm8k-0006,54,19892,28924,0.0,0.125,0.125,tie,0.12151598930358887,41,0,256,256,False,9,2,True
F vs bench stock b16,gsm8k-0007,132,567,1042,0.0,0.125,0.125,tie,0.21319794654846191,87,0,256,256,False,1,5,True
F vs bench stock b16,gsm8k-0010,19,1324,29478,0.0,0.125,0.125,tie,0.16279375553131104,12,0,256,256,False,1,8,True
F vs bench stock b16,gsm8k-0012,32,12585,11044,0.125,0.0,0.125,tie,0.2548331022262573,20,0,256,256,False,0,2,True
F vs bench stock b16,gsm8k-0015,61,7742,32653,0.0,0.125,0.125,tie,0.3450663089752197,44,0,256,256,False,0,12,True
F vs bench stock b16,gsm8k-0019,178,1088,14728,0.0,0.125,0.125,tie,0.16891074180603027,70,0,256,256,False,6,16,True
F vs bench stock b16,gsm8k-0020,44,2144,8529,0.0,0.125,0.125,tie,0.12229180335998535,2,0,256,256,False,0,5,True
F vs bench stock b16,gsm8k-0023,97,279,5141,0.0,0.125,0.125,tie,0.18110060691833496,83,0,256,256,False,10,3,True
F vs bench stock b16,gsm8k-0031,7,1118,1144,0.0,0.125,0.125,tie,0.11940550804138184,4,0,256,256,False,6,1,True
F vs bench stock b16,gsm8k-0032,120,13,791,0.0,0.125,0.125,tie,0.2382216453552246,17,0,256,256,False,6,9,True
F vs bench stock b16,gsm8k-0035,139,318,303,0.125,0.0,0.125,tie,0.22343134880065918,32,0,256,256,False,1,11,True
F vs bench stock b16,gsm8k-0038,162,1368,6558,0.0,0.125,0.125,tie,0.1915205717086792,152,0,256,256,False,2,3,True
F vs bench stock b16,gsm8k-0039,201,198,271,0.0,0.125,0.125,tie,0.2394390106201172,166,0,256,256,False,3,16,True
F vs bench stock b16,gsm8k-0040,43,13682,9,0.125,0.0,0.125,tie,0.12094759941101074,13,0,212,208,False,11,1,True
F vs bench stock b16,gsm8k-0044,16,2014,15771,0.0,0.125,0.125,tie,0.30284440517425537,9,0,256,256,False,14,1,True
F vs bench stock b16,gsm8k-0045,157,1088,19185,0.0,0.24999994039535522,0.25,tie,0.290480375289917,94,0,256,256,False,1,9,True
F vs bench stock b16,gsm8k-0046,123,1206,760,0.125,0.0,0.125,tie,0.24364614486694336,19,0,256,256,False,3,2,True
F vs bench stock b16,gsm8k-0051,60,220,393,0.0,0.125,0.125,tie,0.24063730239868164,4,0,256,256,False,0,1,True
F vs bench stock b16,gsm8k-0053,249,19892,7548,0.125,0.0,0.125,tie,0.12137031555175781,27,0,256,256,False,10,12,True
F vs bench stock b16,gsm8k-0056,75,25,364,0.0,0.125,0.125,tie,0.1238868236541748,26,0,256,256,False,15,5,True
F vs bench stock b16,gsm8k-0058,45,20100,12079,0.125,0.0,0.125,tie,0.36457180976867676,19,0,256,256,False,0,4,True
F vs bench stock b16,gsm8k-0060,19,4952,321,0.25,0.0,0.125,tie,0.24147891998291016,9,0,256,256,False,3,1,True
F vs bench stock b16,gsm8k-0061,129,71690,19172,0.125,0.0,0.125,tie,0.16124200820922852,69,0,256,256,False,8,2,True
F vs bench stock b16,gsm8k-0062,57,449,393,0.125,0.0,0.125,tie,0.24503350257873535,31,0,256,256,False,5,8,True
F vs bench stock b16,gsm8k-0065,190,5122,17239,0.0,0.12500005960464478,0.125,tie,0.14506065845489502,85,0,256,256,False,9,16,True
F vs bench stock b16,gsm8k-0066,22,23208,279,0.125,0.0,0.125,tie,0.12135124206542969,11,0,256,256,False,1,3,True
F vs bench stock b16,gsm8k-0068,179,25,318,0.0,0.125,0.125,tie,0.24317359924316406,80,0,256,256,False,2,10,True
F vs bench stock b16,gsm8k-0070,15,13,25,0.0,0.125,0.125,tie,0.12159466743469238,12,0,256,256,False,1,1,True
F vs bench stock b16,gsm8k-0071,143,220,62,0.125,0.0,0.125,tie,0.18930411338806152,34,0,256,256,False,0,3,True
F vs bench stock b16,gsm8k-0076,53,9,13682,0.0,0.125,0.125,tie,0.19282591342926025,41,0,256,256,False,0,7,True
F vs bench stock b16,humaneval-0005,48,279,1066,0.125,0.125,0.125,one_ulp,0.14648061990737915,1,0,256,256,False,6,11,True
F vs bench stock b16,humaneval-0010,135,364,653,0.0,0.25,0.25,tie,0.12260842323303223,126,0,180,190,False,9,6,True
F vs bench stock b16,humaneval-0011,71,760,40,0.125,0.0,0.125,tie,0.20433151721954346,16,0,256,256,False,10,16,True
F vs bench stock b16,humaneval-0014,65,15305,33120,0.0,0.125,0.125,tie,0.17891216278076172,1,0,256,256,False,1,1,True
F vs bench stock b16,humaneval-0017,80,1083,539,0.125,0.0,0.125,tie,0.1916186809539795,0,0,256,256,False,1,6,True
F vs bench stock b16,humaneval-0021,200,87,2334,0.0,0.125,0.125,tie,0.4813191890716553,0,0,221,221,False,6,3,True
F vs bench stock b16,humaneval-0025,146,271,198,0.25,0.0,0.125,tie,0.11379194259643555,0,0,219,221,False,4,16,True
F vs bench stock b16,humaneval-0026,52,1204,279,0.125,0.0,0.125,tie,0.23961424827575684,4,0,256,256,False,8,5,True
F vs bench stock b16,humaneval-0028,0,71093,727,0.375,0.0,0.25,tie,0.0,,,70,60,False,0,,True
F vs bench stock b16,humaneval-0032,39,2574,1406,0.125,0.0,0.125,tie,0.13437128067016602,33,0,256,256,False,1,4,True
F vs bench stock b16,humaneval-0033,164,198,271,0.0,0.125,0.125,tie,0.29508185386657715,0,0,256,256,False,2,1,True
F vs bench stock b16,humaneval-0036,2,198,1358,0.0,0.125,0.125,tie,0.0005714893341064453,0,0,139,139,False,1,1,True
F vs bench stock b16,humaneval-0038,128,198,318,0.0,0.125,0.125,tie,0.176347017288208,13,0,256,256,False,5,3,True
F vs bench stock b16,humaneval-0039,0,727,71093,0.125,0.125,0.125,one_ulp,0.0,,,253,253,False,0,,True
F vs bench stock b16,humaneval-0043,2,198,1358,0.0,0.125,0.125,tie,0.08976459503173828,0,0,201,201,False,1,1,True
F vs bench stock b16,humaneval-0047,13,561,271,0.25,0.0,0.125,tie,0.11234736442565918,11,0,256,256,False,2,6,True
F vs bench stock b16,humaneval-0050,20,1754,1396,0.125,0.0,0.125,tie,0.19815993309020996,0,0,256,256,False,5,1,True
F vs bench stock b16,humaneval-0052,0,71093,727,0.125,0.0,0.125,tie,0.0,,,100,95,False,0,,True
F vs bench stock b16,humaneval-0053,20,4829,1220,0.125,0.0,0.125,tie,0.12222480773925781,16,0,193,176,False,0,2,True
F vs bench stock b16,humaneval-0059,43,430,18253,0.0,0.125,0.125,tie,0.12151408195495605,28,0,256,256,False,2,4,True
F vs bench stock b16,mt_bench-0000,3,303,11,0.0625,0.0,0.0625,tie,0.016515731811523438,1,0,256,256,False,0,1,True
F vs bench stock b16,mt_bench-0001,127,1040,10386,0.0,0.125,0.125,tie,0.24036812782287598,46,0,153,153,False,2,2,True
F vs bench stock b16,mt_bench-0003,230,1724,1990,0.0,0.125,0.125,tie,0.2203388214111328,110,0,256,256,False,2,3,True
F vs bench stock b16,mt_bench-0004,11,23772,264,0.125,0.125,0.125,one_ulp,0.1459062099456787,8,0,226,243,False,2,3,True
F vs bench stock b16,mt_bench-0005,131,27597,11,0.125,0.0,0.125,tie,0.18846797943115234,111,0,256,256,False,0,2,True
F vs bench stock b16,mt_bench-0006,32,1016,10708,0.0,0.125,0.125,tie,0.23091769218444824,31,0,256,256,False,0,2,True
F vs bench stock b16,mt_bench-0007,119,13,3482,0.0,0.25,0.25,tie,0.24107575416564941,18,0,176,173,False,2,3,True
F vs bench stock b16,mt_bench-0008,165,908,1171,0.0,0.25,0.25,tie,0.13788461685180664,116,0,256,256,False,0,8,True
F vs bench stock b16,mt_bench-0009,86,321,11,0.125,0.0,0.125,tie,0.22858428955078125,40,0,256,256,False,0,3,True
F vs bench stock b16,mt_bench-0010,15,8964,1,0.125,0.0,0.125,tie,0.1253044605255127,7,0,256,256,False,0,2,True
F vs bench stock b16,mt_bench-0012,32,54081,18324,0.125,0.0,0.125,tie,0.22903966903686523,2,0,256,256,False,1,2,True
F vs bench stock b16,mt_bench-0013,18,4927,2609,0.125,0.0,0.125,tie,0.15186738967895508,17,0,256,256,False,0,1,True
F vs bench stock b16,mt_bench-0014,178,9306,11,0.0625,0.0625,0.0625,one_ulp,0.20213890075683594,49,0,256,256,False,2,1,True
F vs bench stock b16,mt_bench-0015,94,539,13,0.125,0.0,0.125,tie,0.35727953910827637,32,0,256,256,False,1,2,True
F vs bench stock b16,mt_bench-0017,69,44145,5304,0.125,0.0,0.125,tie,0.243943452835083,49,0,256,256,False,1,7,True
F vs bench stock b16,mt_bench-0018,28,32773,61,0.125,0.0,0.125,tie,0.1373140811920166,12,0,158,141,False,2,3,True
F vs bench stock b16,mt_bench-0019,189,47733,28599,0.125,0.0,0.125,tie,0.1613321304321289,59,0,256,256,False,0,1,True
F vs bench stock b16,mt_bench-0022,18,2592,760,0.12499994039535522,0.0,0.125,tie,0.12175965309143066,12,0,256,106,False,0,2,True
F vs bench stock b16,mt_bench-0024,191,1902,303,0.125,0.0,0.125,tie,0.29449892044067383,151,0,256,256,False,8,5,True
F vs bench stock b16,mt_bench-0026,212,3130,198,0.125,0.0,0.125,tie,0.2253742218017578,155,0,256,256,False,13,12,True
F vs bench stock b16,mt_bench-0028,43,16903,1409,0.125,0.0,0.125,tie,0.22602605819702148,36,0,256,256,False,2,2,True
F vs bench stock b16,mt_bench-0029,123,310,13,0.125,0.0,0.125,tie,0.1410670280456543,113,0,256,256,False,0,4,True
F vs bench stock b16,mt_bench-0033,216,314,421,0.0,0.12500005960464478,0.125,tie,0.23821616172790527,36,0,256,256,False,1,4,True
F vs bench stock b16,mt_bench-0035,97,279,35195,0.0,0.125,0.125,tie,0.15487134456634521,94,0,256,256,False,1,9,True
F vs bench stock b16,mt_bench-0036,39,47246,733,0.125,0.0,0.125,tie,0.12222552299499512,1,0,256,256,False,9,3,True
F vs bench stock b16,mt_bench-0037,238,9077,72364,0.0,0.125,0.125,tie,0.23543357849121094,0,0,256,256,False,1,4,True
F vs bench stock b16,mt_bench-0039,143,26782,279,0.125,0.0,0.125,tie,0.16974377632141113,47,0,256,256,False,12,16,True
F vs bench stock b16,mt_bench-0040,189,321,539,0.0,0.125,0.125,tie,0.23999595642089844,41,0,256,256,False,1,1,True
F vs bench stock b16,mt_bench-0042,153,19,15,0.125,0.0,0.125,tie,0.16816425323486328,46,0,256,256,False,11,13,True
F vs bench stock b16,mt_bench-0044,88,1719,10957,0.0,0.125,0.125,tie,0.19471383094787598,54,0,256,256,False,0,4,True
F vs bench stock b16,mt_bench-0047,40,7620,1,0.125,0.0,0.0625,tie,0.2001781463623047,38,0,256,256,False,3,5,True
F vs bench stock b16,mt_bench-0048,49,488,580,0.0,0.125,0.125,tie,0.227492094039917,41,0,256,256,False,0,2,True
F vs bench stock b16,mt_bench-0049,0,36948,1206,0.12499994039535522,0.0,0.125,tie,0.0,,,256,256,False,0,,True
F vs bench stock b16,mt_bench-0050,41,24936,1164,0.25,0.0,0.125,tie,0.12004232406616211,31,0,256,256,False,0,14,True
F vs bench stock b16,mt_bench-0059,87,8020,220,0.125,0.125,0.125,one_ulp,0.12221455574035645,77,0,256,256,False,2,5,True
F vs bench stock b16,mt_bench-0060,32,29144,6745,0.125,0.0,0.125,tie,0.3034350872039795,1,0,256,256,False,2,11,True
F vs bench stock b16,mt_bench-0061,191,3,60439,0.0,0.125,0.125,tie,0.22774124145507812,99,0,256,256,False,3,1,True
F vs bench stock b16,mt_bench-0063,57,314,33448,0.0,0.125,0.125,tie,0.24249672889709473,47,0,256,256,False,0,2,True
F vs bench stock b16,mt_bench-0065,92,271,198,0.125,0.0,0.0625,tie,0.12248778343200684,65,0,256,256,False,0,3,True
F vs bench stock b16,mt_bench-0066,181,15920,4751,0.125,0.0,0.125,tie,0.23847246170043945,60,0,256,256,False,2,4,True
F vs bench stock b16,mt_bench-0067,51,13,1817,0.0,0.125,0.125,tie,0.12207531929016113,30,0,256,256,False,0,2,True
F vs bench stock b16,mt_bench-0068,220,25291,15676,0.125,0.0,0.125,tie,0.2426464557647705,211,0,256,256,False,1,7,True
F vs bench stock b16,mt_bench-0069,47,421,364,0.125,0.0,0.125,tie,0.1331648826599121,36,0,256,256,False,0,4,True
F vs bench stock b16,mt_bench-0070,13,449,264,0.125,0.0,0.125,tie,0.1226201057434082,0,0,256,256,False,0,2,True
F vs bench stock b16,mt_bench-0071,34,2950,28604,0.125,0.125,0.125,one_ulp,0.2198796272277832,20,0,256,256,False,0,4,True
F vs bench stock b16,mt_bench-0072,143,264,279,0.0,0.125,0.125,tie,0.24315738677978516,41,0,256,256,False,2,2,True
F vs bench stock b16,mt_bench-0073,86,38580,49773,0.0,0.125,0.125,tie,0.2095949649810791,11,0,256,256,False,0,4,True
F vs bench stock b16,mt_bench-0075,17,318,369,0.0,0.125,0.125,tie,0.11690831184387207,0,0,256,256,False,3,13,True
F vs bench stock b16,mt_bench-0076,131,369,32530,0.0,0.125,0.125,tie,0.23873305320739746,69,0,256,256,False,1,5,True
F vs bench stock b16,mt_bench-0077,86,36009,74316,0.0,0.125,0.125,tie,0.24299287796020508,62,0,256,256,False,0,12,True
F vs bench stock b16,mt_bench-0078,34,54759,4670,0.125,0.0,0.125,tie,0.2398054599761963,15,0,256,256,False,1,1,True
F vs bench stock b16,mt_bench-0079,83,27687,46909,0.0,0.125,0.125,tie,0.4272000789642334,54,0,256,256,False,3,4,True
G vs bench stock b16,alpaca_eval-0000,73,10345,56276,0.0,0.125,0.125,tie,0.12323379516601562,69,0,256,256,False,1,3,True
G vs bench stock b16,alpaca_eval-0010,116,2972,218052,0.0,0.125,0.125,tie,0.16336274147033691,48,0,256,256,False,1,2,True
G vs bench stock b16,alpaca_eval-0020,156,424,1441,0.0,0.125,0.125,tie,0.18782973289489746,129,0,256,256,False,1,3,True
G vs bench stock b16,alpaca_eval-0030,49,35234,19214,0.125,0.0,0.125,tie,0.15138506889343262,37,0,256,256,False,0,1,True
G vs bench stock b16,alpaca_eval-0050,254,1151,7832,0.0,0.125,0.125,tie,0.16388702392578125,168,0,256,256,False,1,1,True
G vs bench stock b16,alpaca_eval-0060,125,37462,20331,0.0625,0.0,0.0625,tie,0.2405414581298828,60,0,256,256,False,4,1,True
G vs bench stock b16,alpaca_eval-0080,76,50209,15214,0.12499994039535522,0.0,0.125,tie,0.22029519081115723,41,0,256,256,False,1,2,True
G vs bench stock b16,alpaca_eval-0090,88,4364,6762,0.0,0.125,0.125,tie,0.22256779670715332,45,0,256,256,False,1,1,True
G vs bench stock b16,alpaca_eval-0100,51,264,10919,0.0,0.125,0.125,tie,0.23126888275146484,10,0,256,256,False,1,3,True
G vs bench stock b16,alpaca_eval-0110,198,76665,10597,0.0625,0.0,0.0625,tie,0.18558788299560547,150,0,256,256,False,0,2,True
G vs bench stock b16,alpaca_eval-0120,70,3364,2895,0.125,0.0,0.125,tie,0.17480313777923584,13,0,149,167,False,2,1,True
G vs bench stock b16,alpaca_eval-0130,53,9103,13136,0.0,0.0625,0.0625,tie,0.18543529510498047,34,0,256,256,False,0,1,True
G vs bench stock b16,alpaca_eval-0140,234,6855,36636,0.0,0.125,0.125,tie,0.20552730560302734,157,0,256,256,False,0,2,True
G vs bench stock b16,alpaca_eval-0150,120,25,11,0.125,0.0,0.125,tie,0.1866319179534912,94,0,256,256,False,3,1,True
G vs bench stock b16,alpaca_eval-0160,33,421,13,0.125,0.0,0.125,tie,0.2288813591003418,2,0,256,256,False,0,1,True
G vs bench stock b16,alpaca_eval-0170,192,579,557,0.125,0.0,0.125,tie,0.23753952980041504,125,0,256,256,False,1,2,True
G vs bench stock b16,alpaca_eval-0180,21,6206,4752,0.125,0.0,0.125,tie,0.14675116539001465,10,0,256,256,False,3,3,True
G vs bench stock b16,alpaca_eval-0200,208,3608,4992,0.0,0.125,0.125,tie,0.16650724411010742,92,0,256,256,False,2,2,True
G vs bench stock b16,alpaca_eval-0210,20,4016,321,0.125,0.0,0.125,tie,0.24245238304138184,15,0,256,256,False,5,1,True
G vs bench stock b16,alpaca_eval-0220,93,6792,1865,0.125,0.0,0.0625,tie,0.22324275970458984,58,0,256,256,False,0,2,True
G vs bench stock b16,alpaca_eval-0240,238,1220,3125,0.0,0.125,0.125,tie,0.22013354301452637,175,0,256,256,False,2,3,True
G vs bench stock b16,alpaca_eval-0250,48,781,45112,0.0,0.125,0.125,tie,0.1410219669342041,11,0,256,256,False,3,2,True
G vs bench stock b16,alpaca_eval-0260,68,3050,8782,0.0,0.125,0.125,tie,0.12573719024658203,27,0,256,256,False,0,4,True
G vs bench stock b16,alpaca_eval-0270,124,8003,28772,0.0,0.0625,0.0625,tie,0.23584842681884766,10,0,256,256,False,3,6,True
G vs bench stock b16,alpaca_eval-0280,180,25817,7091,0.125,0.0,0.125,tie,0.33674097061157227,30,0,256,256,False,0,2,True
G vs bench stock b16,alpaca_eval-0290,122,17814,5821,0.25,0.0,0.125,tie,0.22634506225585938,114,0,256,256,False,0,2,True
G vs bench stock b16,alpaca_eval-0300,240,413,364,0.125,0.0,0.125,tie,0.20929598808288574,81,0,256,256,False,1,12,True
G vs bench stock b16,alpaca_eval-0320,125,381,524,0.0,0.125,0.125,tie,0.15088844299316406,76,0,256,256,False,4,1,True
G vs bench stock b16,alpaca_eval-0330,142,30069,3300,0.12499994039535522,0.0,0.125,tie,0.23936986923217773,97,0,256,256,False,2,1,True
G vs bench stock b16,alpaca_eval-0340,111,4650,68,0.125,0.125,0.125,one_ulp,0.133697509765625,78,0,191,203,False,1,3,True
G vs bench stock b16,alpaca_eval-0350,225,45930,34,0.125,0.0,0.125,tie,0.24424028396606445,113,0,256,256,False,6,2,True
G vs bench stock b16,alpaca_eval-0360,32,1017,2614,0.0,0.125,0.125,tie,0.2183828353881836,22,0,256,256,False,5,1,True
G vs bench stock b16,alpaca_eval-0380,200,15095,56140,0.0,0.125,0.125,tie,0.3629484176635742,9,0,256,256,False,1,1,True
G vs bench stock b16,alpaca_eval-0390,5,406,220,0.125,0.0,0.125,tie,0.1018674373626709,1,0,256,256,False,0,1,True
G vs bench stock b16,alpaca_eval-0400,7,2972,1510,0.125,0.0,0.125,tie,0.11746096611022949,6,0,256,256,False,1,5,True
G vs bench stock b16,alpaca_eval-0410,74,357,20656,0.0,0.125,0.125,tie,0.192352294921875,25,0,256,256,False,1,8,True
G vs bench stock b16,alpaca_eval-0420,21,34404,29667,0.125,0.0,0.125,tie,0.24535751342773438,19,0,256,214,False,0,2,True
G vs bench stock b16,alpaca_eval-0430,33,94492,7361,0.25,0.0,0.125,tie,0.20486044883728027,16,0,256,256,False,1,1,True
G vs bench stock b16,alpaca_eval-0440,72,1970,13,0.125,0.0,0.125,tie,0.2150280475616455,17,0,256,256,False,2,6,True
G vs bench stock b16,alpaca_eval-0450,94,3404,3254,0.125,0.0,0.125,tie,0.2407093048095703,86,0,256,256,False,2,1,True
G vs bench stock b16,alpaca_eval-0460,21,466,318,0.125,0.0,0.125,tie,0.13498878479003906,14,0,256,256,False,3,1,True
G vs bench stock b16,alpaca_eval-0480,184,3712,264,0.125,0.0,0.125,tie,0.23229289054870605,99,0,256,256,False,2,2,True
G vs bench stock b16,alpaca_eval-0490,103,1496,5129,0.0,0.125,0.125,tie,0.20727777481079102,55,0,256,256,False,0,3,True
G vs bench stock b16,alpaca_eval-0500,36,56679,21397,0.125,0.0,0.125,tie,0.21534061431884766,29,0,256,256,False,6,2,True
G vs bench stock b16,alpaca_eval-0510,157,279,21100,0.0,0.125,0.125,tie,0.21634674072265625,22,0,164,161,False,0,1,True
G vs bench stock b16,alpaca_eval-0520,125,88433,760,0.0625,0.0,0.0625,tie,0.2397456169128418,97,0,256,256,False,7,3,True
G vs bench stock b16,alpaca_eval-0530,180,37170,6992,0.125,0.0,0.125,tie,0.1929941177368164,126,0,256,256,False,1,2,True
G vs bench stock b16,alpaca_eval-0550,79,15374,13236,0.125,0.0,0.125,tie,0.21179628372192383,74,0,256,256,False,3,1,True
G vs bench stock b16,alpaca_eval-0560,224,318,198,0.125,0.0,0.125,tie,0.24483704566955566,26,0,256,256,False,1,1,True
G vs bench stock b16,alpaca_eval-0570,99,1248,41858,0.0,0.12500005960464478,0.125,tie,0.14463376998901367,21,0,256,256,False,1,2,True
G vs bench stock b16,cnn_dailymail-0002,150,30284,2599,0.125,0.0,0.125,tie,0.21413683891296387,93,0,256,256,False,1,5,True
G vs bench stock b16,cnn_dailymail-0003,7,852,11,0.125,0.0,0.125,tie,0.12056636810302734,4,0,112,91,False,3,2,True
G vs bench stock b16,cnn_dailymail-0011,213,2196,69075,0.0,0.125,0.125,tie,0.23651599884033203,41,0,256,256,False,6,1,True
G vs bench stock b16,cnn_dailymail-0013,34,76057,9290,0.125,0.125,0.125,one_ulp,0.1594390869140625,33,0,106,107,False,1,3,True
G vs bench stock b16,cnn_dailymail-0014,230,13,3376,0.0,0.125,0.125,tie,0.22086453437805176,168,0,256,256,False,0,2,True
G vs bench stock b16,cnn_dailymail-0015,97,42838,421,0.125,0.0,0.125,tie,0.19314336776733398,93,0,109,108,False,1,2,True
G vs bench stock b16,cnn_dailymail-0017,68,1027,279,0.125,0.0,0.125,tie,0.31127476692199707,42,0,256,256,False,1,2,True
G vs bench stock b16,cnn_dailymail-0020,46,4400,3543,0.125,0.0,0.125,tie,0.24265432357788086,37,0,256,256,False,0,13,True
G vs bench stock b16,cnn_dailymail-0022,48,321,364,0.0,0.125,0.125,tie,0.12282848358154297,25,0,102,111,False,3,1,True
G vs bench stock b16,cnn_dailymail-0023,162,10471,14307,0.0,0.125,0.125,tie,0.19951319694519043,42,0,256,256,False,0,1,True
G vs bench stock b16,cnn_dailymail-0024,53,8334,998,0.0625,0.0625,0.0625,one_ulp,0.12397146224975586,0,0,110,107,False,3,7,True
G vs bench stock b16,cnn_dailymail-0028,54,328,43001,0.0,0.125,0.125,tie,0.20465922355651855,22,0,111,114,False,0,4,True
G vs bench stock b16,cnn_dailymail-0029,42,9926,25,0.125,0.0,0.125,tie,0.12140417098999023,41,0,256,256,False,9,16,True
G vs bench stock b16,cnn_dailymail-0031,6,42344,264,0.25,0.0,0.125,tie,0.19049310684204102,5,0,128,121,False,0,2,True
G vs bench stock b16,cnn_dailymail-0033,25,23059,18816,0.1875,0.375,0.0625,near,0.5058591365814209,24,0,91,95,False,1,6,True
G vs bench stock b16,cnn_dailymail-0034,12,11,411,0.0,0.125,0.125,tie,0.1871628761291504,6,0,108,94,False,4,3,True
G vs bench stock b16,cnn_dailymail-0035,189,11,38284,0.0,0.125,0.125,tie,0.2417283058166504,41,0,256,256,False,2,2,True
G vs bench stock b16,cnn_dailymail-0036,8,11,15784,0.0,0.125,0.125,tie,0.12246251106262207,4,0,97,105,False,2,1,True
G vs bench stock b16,cnn_dailymail-0037,23,8552,264,0.125,0.0,0.125,tie,0.11694598197937012,9,0,114,120,False,5,2,True
G vs bench stock b16,cnn_dailymail-0038,200,6179,874,0.125,0.0,0.125,tie,0.2254931926727295,193,0,256,256,False,0,2,True
G vs bench stock b16,cnn_dailymail-0039,53,310,303,0.125,0.0,0.125,tie,0.14670753479003906,9,0,166,151,False,1,1,True
G vs bench stock b16,gsm8k-0002,29,17704,279,0.125,0.0,0.125,tie,0.06635504961013794,26,0,256,256,False,2,10,True
G vs bench stock b16,gsm8k-0004,39,220,2250,0.125,0.125,0.125,one_ulp,0.12212109565734863,8,0,256,256,False,4,8,True
G vs bench stock b16,gsm8k-0005,229,8720,3240,0.125,0.0,0.125,tie,0.1908721923828125,129,0,256,256,False,2,13,True
G vs bench stock b16,gsm8k-0006,194,15875,188144,0.0,0.25,0.25,tie,0.1671595573425293,40,0,256,256,False,2,1,True
G vs bench stock b16,gsm8k-0008,68,13362,3491,0.125,0.0,0.125,tie,0.12007641792297363,30,0,256,256,False,0,5,True
G vs bench stock b16,gsm8k-0010,19,1324,29478,0.0,0.125,0.125,tie,0.11942005157470703,0,0,256,256,False,1,8,True
G vs bench stock b16,gsm8k-0012,60,9483,24157,0.0,0.125,0.125,tie,0.2799443006515503,36,0,256,256,False,1,13,True
G vs bench stock b16,gsm8k-0013,45,13,430,0.0,0.125,0.125,tie,0.13744521141052246,24,0,256,256,False,1,8,True
G vs bench stock b16,gsm8k-0015,61,7742,32653,0.0,0.125,0.125,tie,0.4365506172180176,15,0,256,256,False,0,12,True
G vs bench stock b16,gsm8k-0017,197,5759,8941,0.0,0.125,0.125,tie,0.18913626670837402,74,0,256,256,False,5,6,True
G vs bench stock b16,gsm8k-0019,214,220,2972,0.0,0.125,0.125,tie,0.23411107063293457,1,0,256,256,False,0,6,True
G vs bench stock b16,gsm8k-0020,44,2144,8529,0.0,0.125,0.125,tie,0.2322227954864502,41,0,256,256,False,0,5,True
G vs bench stock b16,gsm8k-0021,94,506,948,0.0,0.125,0.125,tie,0.12260890007019043,17,0,166,168,False,4,8,True
G vs bench stock b16,gsm8k-0023,97,279,5141,0.0,0.125,0.125,tie,0.18676674365997314,30,0,256,256,False,10,3,True
G vs bench stock b16,gsm8k-0026,2,821,264,0.25,0.0,0.125,tie,0.11280441284179688,0,0,256,256,False,1,1,True
G vs bench stock b16,gsm8k-0032,120,13,791,0.0,0.125,0.125,tie,0.17753911018371582,99,0,256,256,False,6,9,True
G vs bench stock b16,gsm8k-0035,219,11086,283,0.125,0.0,0.125,tie,0.20956850051879883,32,0,256,256,False,12,4,True
G vs bench stock b16,gsm8k-0036,173,314,6829,0.0,0.125,0.125,tie,0.2398838996887207,45,0,239,242,False,1,2,True
G vs bench stock b16,gsm8k-0037,146,24624,28924,0.0,0.125,0.125,tie,0.23348712921142578,73,0,256,256,False,7,16,True
G vs bench stock b16,gsm8k-0038,229,309,285,0.125,0.0,0.125,tie,0.24519824981689453,108,0,256,256,False,6,16,True
G vs bench stock b16,gsm8k-0039,201,198,271,0.0,0.25,0.25,tie,0.30095791816711426,167,0,256,256,False,3,16,True
G vs bench stock b16,gsm8k-0040,43,13682,9,0.125,0.0,0.125,tie,0.12040305137634277,6,0,212,208,False,11,1,True
G vs bench stock b16,gsm8k-0044,16,2014,15771,0.0,0.125,0.125,tie,0.09860074520111084,9,0,256,256,False,14,1,True
G vs bench stock b16,gsm8k-0045,157,1088,19185,0.0,0.12500005960464478,0.125,tie,0.24578309059143066,8,0,256,256,False,1,9,True
G vs bench stock b16,gsm8k-0046,123,1206,760,0.125,0.0,0.125,tie,0.14813357591629028,12,0,256,256,False,3,2,True
G vs bench stock b16,gsm8k-0047,244,387,393,0.0,0.125,0.125,tie,0.18917036056518555,86,0,256,256,False,0,6,True
G vs bench stock b16,gsm8k-0051,60,220,393,0.0,0.125,0.125,tie,0.37116026878356934,35,0,256,256,False,0,1,True
G vs bench stock b16,gsm8k-0056,75,25,364,0.0,0.125,0.125,tie,0.12114977836608887,38,0,256,256,False,15,5,True
G vs bench stock b16,gsm8k-0058,45,20100,12079,0.125,0.125,0.125,one_ulp,0.24262619018554688,19,0,256,256,False,0,4,True
G vs bench stock b16,gsm8k-0060,19,4952,321,0.25,0.0,0.125,tie,0.11649680137634277,12,0,256,256,False,3,1,True
G vs bench stock b16,gsm8k-0062,57,449,393,0.125,0.0,0.125,tie,0.24503016471862793,31,0,256,256,False,5,8,True
G vs bench stock b16,gsm8k-0066,22,23208,279,0.125,0.0,0.125,tie,0.11764287948608398,21,0,256,256,False,1,3,True
G vs bench stock b16,gsm8k-0067,44,13682,9,0.125,0.0,0.125,tie,0.26927709579467773,19,0,256,256,False,7,1,True
G vs bench stock b16,gsm8k-0068,221,17,21,0.0,0.125,0.125,tie,0.24317622184753418,80,0,256,256,False,0,2,True
G vs bench stock b16,gsm8k-0070,15,13,25,0.0,0.125,0.125,tie,0.12082409858703613,12,0,256,256,False,1,1,True
G vs bench stock b16,gsm8k-0074,111,4625,7336,0.0,0.125,0.125,tie,0.15904521942138672,52,0,256,256,False,1,2,True
G vs bench stock b16,gsm8k-0076,53,9,13682,0.0,0.125,0.125,tie,0.23473596572875977,6,0,256,256,False,0,7,True
G vs bench stock b16,gsm8k-0079,85,1590,553,0.125,0.0,0.125,tie,0.12261176109313965,54,0,170,170,False,4,1,True
G vs bench stock b16,humaneval-0000,127,364,413,0.0,0.125,0.125,tie,0.0011898577213287354,0,0,173,183,False,3,16,True
G vs bench stock b16,humaneval-0002,114,733,271,0.125,0.0,0.125,tie,0.1223752498626709,0,0,256,256,False,0,7,True
G vs bench stock b16,humaneval-0005,90,11069,8772,0.12500005960464478,0.0,0.125,tie,0.22208261489868164,50,0,256,256,False,2,11,True
G vs bench stock b16,humaneval-0010,135,364,653,0.0,0.125,0.125,tie,0.15021085739135742,118,0,180,190,False,9,6,True
G vs bench stock b16,humaneval-0011,71,760,40,0.125,0.0,0.125,tie,0.12273550033569336,12,0,256,256,False,10,16,True
G vs bench stock b16,humaneval-0014,65,15305,33120,0.0,0.125,0.125,tie,0.20697402954101562,30,0,256,256,False,1,1,True
G vs bench stock b16,humaneval-0017,80,1083,539,0.125,0.0,0.125,tie,0.20921897888183594,8,0,256,256,False,1,6,True
G vs bench stock b16,humaneval-0020,54,9150,28662,0.0,0.125,0.125,tie,0.23596906661987305,24,0,256,256,False,5,11,True
G vs bench stock b16,humaneval-0027,2,198,1358,0.0,0.125,0.125,tie,6.413459777832031e-05,0,0,81,81,False,1,1,True
G vs bench stock b16,humaneval-0028,0,71093,727,0.375,0.0,0.25,tie,0.0,,,70,60,False,0,,True
G vs bench stock b16,humaneval-0032,39,2574,1406,0.125,0.0,0.125,tie,0.1481618881225586,25,0,256,256,False,1,4,True
G vs bench stock b16,humaneval-0033,164,198,271,0.0,0.125,0.125,tie,0.29508185386657715,0,0,256,256,False,2,1,True
G vs bench stock b16,humaneval-0036,2,198,1358,0.0,0.125,0.125,tie,0.0005714893341064453,0,0,139,139,False,1,1,True
G vs bench stock b16,humaneval-0038,94,6922,513,0.125,0.0,0.125,tie,0.22390031814575195,50,0,256,256,False,6,9,True
G vs bench stock b16,humaneval-0039,0,727,71093,0.125,0.125,0.125,one_ulp,0.0,,,253,253,False,0,,True
G vs bench stock b16,humaneval-0041,102,1440,1459,0.0,0.125,0.125,tie,0.15604257583618164,68,0,256,256,False,1,2,True
G vs bench stock b16,humaneval-0043,2,198,1358,0.0,0.125,0.125,tie,0.08976459503173828,0,0,201,201,False,1,1,True
G vs bench stock b16,humaneval-0050,20,1754,1396,0.125,0.0,0.125,tie,0.19815993309020996,0,0,256,256,False,5,1,True
G vs bench stock b16,humaneval-0052,0,71093,727,0.125,0.0,0.125,tie,0.0,,,100,95,False,0,,True
G vs bench stock b16,humaneval-0053,20,4829,1220,0.125,0.0,0.125,tie,0.1209859848022461,19,0,193,176,False,0,2,True
G vs bench stock b16,humaneval-0056,131,763,1,0.125,0.0,0.125,tie,0.22902345657348633,49,0,256,256,False,7,5,True
G vs bench stock b16,mt_bench-0000,3,303,11,0.0625,0.0,0.0625,tie,0.0014241933822631836,1,0,256,256,False,0,1,True
G vs bench stock b16,mt_bench-0001,113,5328,40,0.25,0.0,0.125,tie,0.2268967628479004,63,0,153,160,False,4,3,True
G vs bench stock b16,mt_bench-0002,232,14212,16432,0.0,0.12500005960464478,0.125,tie,0.24251842498779297,132,0,256,256,False,0,2,True
G vs bench stock b16,mt_bench-0003,127,2956,11012,0.0,0.125,0.125,tie,0.15594148635864258,50,0,256,256,False,0,3,True
G vs bench stock b16,mt_bench-0004,11,23772,264,0.125,0.0,0.125,tie,0.11664509773254395,10,0,226,243,False,2,3,True
G vs bench stock b16,mt_bench-0005,131,27597,11,0.125,0.0,0.125,tie,0.18338966369628906,128,0,256,256,False,0,2,True
G vs bench stock b16,mt_bench-0006,32,1016,10708,0.0,0.125,0.0625,tie,0.2305612564086914,31,0,256,256,False,0,2,True
G vs bench stock b16,mt_bench-0007,1,16136,1118,0.125,0.0,0.125,tie,5.176663398742676e-05,0,0,176,245,False,0,1,True
G vs bench stock b16,mt_bench-0008,208,13,14,0.0,0.125,0.125,tie,0.2100379467010498,174,0,256,256,False,2,2,True
G vs bench stock b16,mt_bench-0009,86,321,11,0.125,0.0,0.125,tie,0.2454688549041748,46,0,256,256,False,0,3,True
G vs bench stock b16,mt_bench-0010,15,8964,1,0.125,0.0,0.125,tie,0.12699389457702637,7,0,256,256,False,0,2,True
G vs bench stock b16,mt_bench-0012,28,7139,33404,0.125,0.125,0.125,one_ulp,0.26253795623779297,22,0,256,256,False,2,2,True
G vs bench stock b16,mt_bench-0013,18,4927,2609,0.125,0.0,0.125,tie,0.21603655815124512,6,0,256,256,False,0,1,True
G vs bench stock b16,mt_bench-0014,178,9306,11,0.0625,0.0,0.0625,tie,0.3109893798828125,80,0,256,256,False,2,1,True
G vs bench stock b16,mt_bench-0015,94,539,13,0.125,0.0,0.125,tie,0.23748016357421875,73,0,256,256,False,1,2,True
G vs bench stock b16,mt_bench-0017,69,44145,5304,0.125,0.0,0.125,tie,0.2421715259552002,49,0,256,256,False,1,7,True
G vs bench stock b16,mt_bench-0018,28,32773,61,0.125,0.0,0.125,tie,0.1554887294769287,26,0,158,141,False,2,3,True
G vs bench stock b16,mt_bench-0019,228,430,13,0.125,0.0,0.125,tie,0.22929835319519043,209,0,256,256,False,0,1,True
G vs bench stock b16,mt_bench-0022,10,7044,1923,0.125,0.0,0.125,tie,0.12193655967712402,8,0,256,256,False,2,3,True
G vs bench stock b16,mt_bench-0023,131,13,318,0.0,0.125,0.125,tie,0.23604536056518555,79,0,256,256,False,0,3,True
G vs bench stock b16,mt_bench-0024,151,17,23,0.0,0.25,0.125,tie,0.21733927726745605,100,0,256,256,False,9,16,True
G vs bench stock b16,mt_bench-0025,80,48554,40582,0.125,0.0,0.125,tie,0.14614009857177734,19,0,256,256,False,9,16,True
G vs bench stock b16,mt_bench-0028,93,2972,22426,0.0,0.125,0.125,tie,0.2450873851776123,76,0,256,256,False,2,5,True
G vs bench stock b16,mt_bench-0029,20,56679,5952,0.125,0.0,0.125,tie,0.07961928844451904,0,0,256,256,False,0,16,True
G vs bench stock b16,mt_bench-0032,137,27382,34167,0.0,0.125,0.125,tie,0.22609972953796387,45,0,256,256,False,15,1,True
G vs bench stock b16,mt_bench-0033,216,314,421,0.0,0.125,0.125,tie,0.24348187446594238,35,0,256,256,False,1,4,True
G vs bench stock b16,mt_bench-0034,237,5339,561,0.125,0.0,0.125,tie,0.2449038028717041,9,0,256,256,False,8,5,True
G vs bench stock b16,mt_bench-0035,97,279,35195,0.0,0.125,0.125,tie,0.18866121768951416,2,0,256,256,False,1,9,True
G vs bench stock b16,mt_bench-0036,148,40729,1423,0.125,0.125,0.125,one_ulp,0.23949980735778809,27,0,256,256,False,0,11,True
G vs bench stock b16,mt_bench-0037,200,393,279,0.125,0.0,0.125,tie,0.23543357849121094,0,0,256,256,False,2,12,True
G vs bench stock b16,mt_bench-0039,143,26782,279,0.125,0.0,0.125,tie,0.23929810523986816,10,0,256,256,False,0,12,True
G vs bench stock b16,mt_bench-0040,189,321,539,0.0,0.12500005960464478,0.125,tie,0.16220498085021973,44,0,256,256,False,1,1,True
G vs bench stock b16,mt_bench-0041,215,16,15,0.125,0.0,0.125,tie,0.19204974174499512,103,0,256,256,False,13,3,True
G vs bench stock b16,mt_bench-0042,153,19,15,0.125,0.0,0.125,tie,0.13320183753967285,125,0,256,256,False,11,13,True
G vs bench stock b16,mt_bench-0044,83,3578,1788,0.12499994039535522,0.0,0.125,tie,0.14699816703796387,4,0,256,256,False,2,3,True
G vs bench stock b16,mt_bench-0048,49,488,567,0.0,0.125,0.125,tie,0.12080645561218262,41,0,256,256,False,0,2,True
G vs bench stock b16,mt_bench-0049,0,36948,1206,0.12499994039535522,0.0,0.125,tie,0.0,,,256,256,False,0,,True
G vs bench stock b16,mt_bench-0059,84,2791,42794,0.0,0.125,0.125,tie,0.2434859275817871,80,0,256,256,False,4,5,True
G vs bench stock b16,mt_bench-0060,32,29144,6745,0.125,0.0,0.125,tie,0.3027040958404541,1,0,256,256,False,2,11,True
G vs bench stock b16,mt_bench-0061,191,3,60439,0.0,0.25,0.25,tie,0.22065210342407227,99,0,256,256,False,3,1,True
G vs bench stock b16,mt_bench-0063,57,314,33448,0.0,0.125,0.125,tie,0.21965718269348145,44,0,256,256,False,0,2,True
G vs bench stock b16,mt_bench-0064,177,7057,462,0.125,0.125,0.125,one_ulp,0.187774658203125,33,0,256,256,False,6,8,True
G vs bench stock b16,mt_bench-0065,92,271,198,0.125,0.0,0.125,tie,0.24576854705810547,81,0,256,256,False,3,13,True
G vs bench stock b16,mt_bench-0066,67,48772,17171,0.125,0.0,0.125,tie,0.24424219131469727,20,0,256,256,False,1,2,True
G vs bench stock b16,mt_bench-0067,51,13,1817,0.0,0.125,0.125,tie,0.20994234085083008,8,0,256,256,False,0,2,True
G vs bench stock b16,mt_bench-0069,47,421,364,0.125,0.0,0.125,tie,0.12914633750915527,35,0,256,256,False,0,4,True
G vs bench stock b16,mt_bench-0070,209,1577,1061,0.25,0.0,0.125,tie,0.22269821166992188,61,0,256,256,False,2,2,True
G vs bench stock b16,mt_bench-0071,253,1216,59725,0.0,0.0625,0.0625,tie,0.22843217849731445,252,0,256,256,False,1,3,True
G vs bench stock b16,mt_bench-0072,143,264,279,0.0,0.125,0.125,tie,0.23810076713562012,109,0,256,256,False,2,2,True
G vs bench stock b16,mt_bench-0073,86,38580,11712,0.125,0.125,0.125,one_ulp,0.20408344268798828,46,0,256,256,False,0,4,True
G vs bench stock b16,mt_bench-0075,17,318,369,0.0,0.25,0.125,tie,0.244551420211792,1,0,256,256,False,3,13,True
G vs bench stock b16,mt_bench-0076,233,2610,4950,0.0,0.125,0.125,tie,0.23099780082702637,194,0,256,256,False,0,2,True
G vs bench stock b16,mt_bench-0077,86,36009,74316,0.0,0.125,0.125,tie,0.12200808525085449,42,0,256,256,False,0,12,True
G vs bench stock b16,mt_bench-0078,34,54759,4670,0.125,0.0,0.125,tie,0.22282719612121582,4,0,256,256,False,1,1,True
G vs bench stock b16,mt_bench-0079,83,27687,46909,0.0,0.125,0.125,tie,0.3181154727935791,54,0,256,256,False,3,4,True
FG vs bench stock b16,alpaca_eval-0000,73,10345,56276,0.0,0.125,0.125,tie,0.12323379516601562,69,0,256,256,False,1,3,True
FG vs bench stock b16,alpaca_eval-0010,116,2972,218052,0.0,0.125,0.125,tie,0.16336274147033691,48,0,256,256,False,1,2,True
FG vs bench stock b16,alpaca_eval-0020,156,424,1441,0.0,0.125,0.125,tie,0.18782973289489746,129,0,256,256,False,1,3,True
FG vs bench stock b16,alpaca_eval-0030,49,35234,19214,0.125,0.0,0.125,tie,0.15138506889343262,37,0,256,256,False,0,1,True
FG vs bench stock b16,alpaca_eval-0050,254,1151,7832,0.0,0.125,0.125,tie,0.16388702392578125,168,0,256,256,False,1,1,True
FG vs bench stock b16,alpaca_eval-0060,125,37462,20331,0.0625,0.0,0.0625,tie,0.2405414581298828,60,0,256,256,False,4,1,True
FG vs bench stock b16,alpaca_eval-0080,76,50209,15214,0.12499994039535522,0.0,0.125,tie,0.22029519081115723,41,0,256,256,False,1,2,True
FG vs bench stock b16,alpaca_eval-0090,88,4364,6762,0.0,0.125,0.125,tie,0.22256779670715332,45,0,256,256,False,1,1,True
FG vs bench stock b16,alpaca_eval-0100,51,264,10919,0.0,0.125,0.125,tie,0.23126888275146484,10,0,256,256,False,1,3,True
FG vs bench stock b16,alpaca_eval-0110,198,76665,10597,0.0625,0.0,0.0625,tie,0.18558788299560547,150,0,256,256,False,0,2,True
FG vs bench stock b16,alpaca_eval-0120,70,3364,2895,0.125,0.0,0.125,tie,0.17480313777923584,13,0,149,167,False,2,1,True
FG vs bench stock b16,alpaca_eval-0130,53,9103,13136,0.0,0.0625,0.0625,tie,0.18543529510498047,34,0,256,256,False,0,1,True
FG vs bench stock b16,alpaca_eval-0140,234,6855,36636,0.0,0.125,0.125,tie,0.20552730560302734,157,0,256,256,False,0,2,True
FG vs bench stock b16,alpaca_eval-0150,120,25,11,0.125,0.0,0.125,tie,0.1866319179534912,94,0,256,256,False,3,1,True
FG vs bench stock b16,alpaca_eval-0160,33,421,13,0.125,0.0,0.125,tie,0.2288813591003418,2,0,256,256,False,0,1,True
FG vs bench stock b16,alpaca_eval-0170,192,579,557,0.125,0.0,0.125,tie,0.23753952980041504,125,0,256,256,False,1,2,True
FG vs bench stock b16,alpaca_eval-0180,21,6206,4752,0.125,0.0,0.125,tie,0.14675116539001465,10,0,256,256,False,3,3,True
FG vs bench stock b16,alpaca_eval-0200,208,3608,4992,0.0,0.125,0.125,tie,0.16650724411010742,92,0,256,256,False,2,2,True
FG vs bench stock b16,alpaca_eval-0210,20,4016,321,0.125,0.0,0.125,tie,0.24245238304138184,15,0,256,256,False,5,1,True
FG vs bench stock b16,alpaca_eval-0220,93,6792,1865,0.125,0.0,0.0625,tie,0.22324275970458984,58,0,256,256,False,0,2,True
FG vs bench stock b16,alpaca_eval-0240,238,1220,3125,0.0,0.125,0.125,tie,0.22013354301452637,175,0,256,256,False,2,3,True
FG vs bench stock b16,alpaca_eval-0250,48,781,45112,0.0,0.125,0.125,tie,0.1410219669342041,11,0,256,256,False,3,2,True
FG vs bench stock b16,alpaca_eval-0260,68,3050,8782,0.0,0.125,0.125,tie,0.12573719024658203,27,0,256,256,False,0,4,True
FG vs bench stock b16,alpaca_eval-0270,124,8003,28772,0.0,0.0625,0.0625,tie,0.23584842681884766,10,0,256,256,False,3,6,True
FG vs bench stock b16,alpaca_eval-0280,180,25817,7091,0.125,0.0,0.125,tie,0.33674097061157227,30,0,256,256,False,0,2,True
FG vs bench stock b16,alpaca_eval-0290,122,17814,5821,0.25,0.0,0.125,tie,0.22634506225585938,114,0,256,256,False,0,2,True
FG vs bench stock b16,alpaca_eval-0300,240,413,364,0.125,0.0,0.125,tie,0.20929598808288574,81,0,256,256,False,1,12,True
FG vs bench stock b16,alpaca_eval-0320,125,381,524,0.0,0.125,0.125,tie,0.15088844299316406,76,0,256,256,False,4,1,True
FG vs bench stock b16,alpaca_eval-0330,142,30069,3300,0.12499994039535522,0.0,0.125,tie,0.23936986923217773,97,0,256,256,False,2,1,True
FG vs bench stock b16,alpaca_eval-0340,111,4650,68,0.125,0.125,0.125,one_ulp,0.133697509765625,78,0,191,203,False,1,3,True
FG vs bench stock b16,alpaca_eval-0350,225,45930,34,0.125,0.0,0.125,tie,0.24424028396606445,113,0,256,256,False,6,2,True
FG vs bench stock b16,alpaca_eval-0360,32,1017,2614,0.0,0.125,0.125,tie,0.2183828353881836,22,0,256,256,False,5,1,True
FG vs bench stock b16,alpaca_eval-0380,200,15095,56140,0.0,0.125,0.125,tie,0.3629484176635742,9,0,256,256,False,1,1,True
FG vs bench stock b16,alpaca_eval-0390,5,406,220,0.125,0.0,0.125,tie,0.1018674373626709,1,0,256,256,False,0,1,True
FG vs bench stock b16,alpaca_eval-0400,7,2972,1510,0.125,0.0,0.125,tie,0.11746096611022949,6,0,256,256,False,1,5,True
FG vs bench stock b16,alpaca_eval-0410,74,357,20656,0.0,0.125,0.125,tie,0.192352294921875,25,0,256,256,False,1,8,True
FG vs bench stock b16,alpaca_eval-0420,21,34404,29667,0.125,0.0,0.125,tie,0.24535751342773438,19,0,256,214,False,0,2,True
FG vs bench stock b16,alpaca_eval-0430,33,94492,7361,0.25,0.0,0.125,tie,0.20486044883728027,16,0,256,256,False,1,1,True
FG vs bench stock b16,alpaca_eval-0440,72,1970,13,0.125,0.0,0.125,tie,0.2150280475616455,17,0,256,256,False,2,6,True
FG vs bench stock b16,alpaca_eval-0450,94,3404,3254,0.125,0.0,0.125,tie,0.2407093048095703,86,0,256,256,False,2,1,True
FG vs bench stock b16,alpaca_eval-0460,21,466,318,0.125,0.0,0.125,tie,0.13498878479003906,14,0,256,256,False,3,1,True
FG vs bench stock b16,alpaca_eval-0480,184,3712,264,0.125,0.0,0.125,tie,0.23229289054870605,99,0,256,256,False,2,2,True
FG vs bench stock b16,alpaca_eval-0490,103,1496,5129,0.0,0.125,0.125,tie,0.20727777481079102,55,0,256,256,False,0,3,True
FG vs bench stock b16,alpaca_eval-0500,36,56679,21397,0.125,0.0,0.125,tie,0.21534061431884766,29,0,256,256,False,6,2,True
FG vs bench stock b16,alpaca_eval-0510,157,279,21100,0.0,0.125,0.125,tie,0.21634674072265625,22,0,164,161,False,0,1,True
FG vs bench stock b16,alpaca_eval-0520,125,88433,760,0.0625,0.0,0.0625,tie,0.2397456169128418,97,0,256,256,False,7,3,True
FG vs bench stock b16,alpaca_eval-0530,180,37170,6992,0.125,0.0,0.125,tie,0.1929941177368164,126,0,256,256,False,1,2,True
FG vs bench stock b16,alpaca_eval-0550,79,15374,13236,0.125,0.0,0.125,tie,0.21179628372192383,74,0,256,256,False,3,1,True
FG vs bench stock b16,alpaca_eval-0560,224,318,198,0.125,0.0,0.125,tie,0.24483704566955566,26,0,256,256,False,1,1,True
FG vs bench stock b16,alpaca_eval-0570,99,1248,41858,0.0,0.12500005960464478,0.125,tie,0.14463376998901367,21,0,256,256,False,1,2,True
FG vs bench stock b16,cnn_dailymail-0002,150,30284,2599,0.125,0.0,0.125,tie,0.21413683891296387,93,0,256,256,False,1,5,True
FG vs bench stock b16,cnn_dailymail-0003,7,852,11,0.125,0.0,0.125,tie,0.12056636810302734,4,0,112,91,False,3,2,True
FG vs bench stock b16,cnn_dailymail-0011,213,2196,69075,0.0,0.125,0.125,tie,0.23651599884033203,41,0,256,256,False,6,1,True
FG vs bench stock b16,cnn_dailymail-0013,34,76057,9290,0.125,0.125,0.125,one_ulp,0.1594390869140625,33,0,106,107,False,1,3,True
FG vs bench stock b16,cnn_dailymail-0014,230,13,3376,0.0,0.125,0.125,tie,0.22086453437805176,168,0,256,256,False,0,2,True
FG vs bench stock b16,cnn_dailymail-0015,97,42838,421,0.125,0.0,0.125,tie,0.19314336776733398,93,0,109,108,False,1,2,True
FG vs bench stock b16,cnn_dailymail-0017,68,1027,279,0.125,0.0,0.125,tie,0.31127476692199707,42,0,256,256,False,1,2,True
FG vs bench stock b16,cnn_dailymail-0020,46,4400,3543,0.125,0.0,0.125,tie,0.24265432357788086,37,0,256,256,False,0,13,True
FG vs bench stock b16,cnn_dailymail-0022,48,321,364,0.0,0.125,0.125,tie,0.12282848358154297,25,0,102,111,False,3,1,True
FG vs bench stock b16,cnn_dailymail-0023,162,10471,14307,0.0,0.125,0.125,tie,0.19951319694519043,42,0,256,256,False,0,1,True
FG vs bench stock b16,cnn_dailymail-0024,53,8334,998,0.0625,0.0625,0.0625,one_ulp,0.12397146224975586,0,0,110,107,False,3,7,True
FG vs bench stock b16,cnn_dailymail-0028,54,328,43001,0.0,0.125,0.125,tie,0.20465922355651855,22,0,111,114,False,0,4,True
FG vs bench stock b16,cnn_dailymail-0029,42,9926,25,0.125,0.0,0.125,tie,0.12140417098999023,41,0,256,256,False,9,16,True
FG vs bench stock b16,cnn_dailymail-0031,6,42344,264,0.25,0.0,0.125,tie,0.19049310684204102,5,0,128,121,False,0,2,True
FG vs bench stock b16,cnn_dailymail-0033,25,23059,18816,0.1875,0.375,0.0625,near,0.5058591365814209,24,0,91,95,False,1,6,True
FG vs bench stock b16,cnn_dailymail-0034,12,11,411,0.0,0.125,0.125,tie,0.1871628761291504,6,0,108,94,False,4,3,True
FG vs bench stock b16,cnn_dailymail-0035,189,11,38284,0.0,0.125,0.125,tie,0.2417283058166504,41,0,256,256,False,2,2,True
FG vs bench stock b16,cnn_dailymail-0036,8,11,15784,0.0,0.125,0.125,tie,0.12246251106262207,4,0,97,105,False,2,1,True
FG vs bench stock b16,cnn_dailymail-0037,23,8552,264,0.125,0.0,0.125,tie,0.11694598197937012,9,0,114,120,False,5,2,True
FG vs bench stock b16,cnn_dailymail-0038,200,6179,874,0.125,0.0,0.125,tie,0.2254931926727295,193,0,256,256,False,0,2,True
FG vs bench stock b16,cnn_dailymail-0039,53,310,303,0.125,0.0,0.125,tie,0.14670753479003906,9,0,166,151,False,1,1,True
FG vs bench stock b16,gsm8k-0002,29,17704,279,0.125,0.0,0.125,tie,0.06635504961013794,26,0,256,256,False,2,10,True
FG vs bench stock b16,gsm8k-0004,39,220,2250,0.125,0.125,0.125,one_ulp,0.12212109565734863,8,0,256,256,False,4,8,True
FG vs bench stock b16,gsm8k-0005,229,8720,3240,0.125,0.0,0.125,tie,0.1908721923828125,129,0,256,256,False,2,13,True
FG vs bench stock b16,gsm8k-0006,194,15875,188144,0.0,0.25,0.25,tie,0.1671595573425293,40,0,256,256,False,2,1,True
FG vs bench stock b16,gsm8k-0008,68,13362,3491,0.125,0.0,0.125,tie,0.12007641792297363,30,0,256,256,False,0,5,True
FG vs bench stock b16,gsm8k-0010,19,1324,29478,0.0,0.125,0.125,tie,0.11942005157470703,0,0,256,256,False,1,8,True
FG vs bench stock b16,gsm8k-0012,60,9483,24157,0.0,0.125,0.125,tie,0.2799443006515503,36,0,256,256,False,1,13,True
FG vs bench stock b16,gsm8k-0013,45,13,430,0.0,0.125,0.125,tie,0.13744521141052246,24,0,256,256,False,1,8,True
FG vs bench stock b16,gsm8k-0015,61,7742,32653,0.0,0.125,0.125,tie,0.4365506172180176,15,0,256,256,False,0,12,True
FG vs bench stock b16,gsm8k-0017,197,5759,8941,0.0,0.125,0.125,tie,0.18913626670837402,74,0,256,256,False,5,6,True
FG vs bench stock b16,gsm8k-0019,214,220,2972,0.0,0.125,0.125,tie,0.23411107063293457,1,0,256,256,False,0,6,True
FG vs bench stock b16,gsm8k-0020,44,2144,8529,0.0,0.125,0.125,tie,0.2322227954864502,41,0,256,256,False,0,5,True
FG vs bench stock b16,gsm8k-0021,94,506,948,0.0,0.125,0.125,tie,0.12260890007019043,17,0,166,168,False,4,8,True
FG vs bench stock b16,gsm8k-0023,97,279,5141,0.0,0.125,0.125,tie,0.18676674365997314,30,0,256,256,False,10,3,True
FG vs bench stock b16,gsm8k-0026,2,821,264,0.25,0.0,0.125,tie,0.11280441284179688,0,0,256,256,False,1,1,True
FG vs bench stock b16,gsm8k-0032,120,13,791,0.0,0.125,0.125,tie,0.17753911018371582,99,0,256,256,False,6,9,True
FG vs bench stock b16,gsm8k-0035,219,11086,283,0.125,0.0,0.125,tie,0.20956850051879883,32,0,256,256,False,12,4,True
FG vs bench stock b16,gsm8k-0036,173,314,6829,0.0,0.125,0.125,tie,0.2398838996887207,45,0,239,242,False,1,2,True
FG vs bench stock b16,gsm8k-0037,146,24624,28924,0.0,0.125,0.125,tie,0.23348712921142578,73,0,256,256,False,7,16,True
FG vs bench stock b16,gsm8k-0038,229,309,285,0.125,0.0,0.125,tie,0.24519824981689453,108,0,256,256,False,6,16,True
FG vs bench stock b16,gsm8k-0039,201,198,271,0.0,0.25,0.25,tie,0.30095791816711426,167,0,256,256,False,3,16,True
FG vs bench stock b16,gsm8k-0040,43,13682,9,0.125,0.0,0.125,tie,0.12040305137634277,6,0,212,208,False,11,1,True
FG vs bench stock b16,gsm8k-0044,16,2014,15771,0.0,0.125,0.125,tie,0.09860074520111084,9,0,256,256,False,14,1,True
FG vs bench stock b16,gsm8k-0045,157,1088,19185,0.0,0.12500005960464478,0.125,tie,0.24578309059143066,8,0,256,256,False,1,9,True
FG vs bench stock b16,gsm8k-0046,123,1206,760,0.125,0.0,0.125,tie,0.14813357591629028,12,0,256,256,False,3,2,True
FG vs bench stock b16,gsm8k-0047,244,387,393,0.0,0.125,0.125,tie,0.18917036056518555,86,0,256,256,False,0,6,True
FG vs bench stock b16,gsm8k-0051,60,220,393,0.0,0.125,0.125,tie,0.37116026878356934,35,0,256,256,False,0,1,True
FG vs bench stock b16,gsm8k-0056,75,25,364,0.0,0.125,0.125,tie,0.12114977836608887,38,0,256,256,False,15,5,True
FG vs bench stock b16,gsm8k-0058,45,20100,12079,0.125,0.125,0.125,one_ulp,0.24262619018554688,19,0,256,256,False,0,4,True
FG vs bench stock b16,gsm8k-0060,19,4952,321,0.25,0.0,0.125,tie,0.11649680137634277,12,0,256,256,False,3,1,True
FG vs bench stock b16,gsm8k-0062,57,449,393,0.125,0.0,0.125,tie,0.24503016471862793,31,0,256,256,False,5,8,True
FG vs bench stock b16,gsm8k-0066,22,23208,279,0.125,0.0,0.125,tie,0.11764287948608398,21,0,256,256,False,1,3,True
FG vs bench stock b16,gsm8k-0067,44,13682,9,0.125,0.0,0.125,tie,0.26927709579467773,19,0,256,256,False,7,1,True
FG vs bench stock b16,gsm8k-0068,221,17,21,0.0,0.125,0.125,tie,0.24317622184753418,80,0,256,256,False,0,2,True
FG vs bench stock b16,gsm8k-0070,15,13,25,0.0,0.125,0.125,tie,0.12082409858703613,12,0,256,256,False,1,1,True
FG vs bench stock b16,gsm8k-0074,111,4625,7336,0.0,0.125,0.125,tie,0.15904521942138672,52,0,256,256,False,1,2,True
FG vs bench stock b16,gsm8k-0076,53,9,13682,0.0,0.125,0.125,tie,0.23473596572875977,6,0,256,256,False,0,7,True
FG vs bench stock b16,gsm8k-0079,85,1590,553,0.125,0.0,0.125,tie,0.12261176109313965,54,0,170,170,False,4,1,True
FG vs bench stock b16,humaneval-0000,127,364,413,0.0,0.125,0.125,tie,0.0011898577213287354,0,0,173,183,False,3,16,True
FG vs bench stock b16,humaneval-0002,114,733,271,0.125,0.0,0.125,tie,0.1223752498626709,0,0,256,256,False,0,7,True
FG vs bench stock b16,humaneval-0005,90,11069,8772,0.12500005960464478,0.0,0.125,tie,0.22208261489868164,50,0,256,256,False,2,11,True
FG vs bench stock b16,humaneval-0010,135,364,653,0.0,0.125,0.125,tie,0.15021085739135742,118,0,180,190,False,9,6,True
FG vs bench stock b16,humaneval-0011,71,760,40,0.125,0.0,0.125,tie,0.12273550033569336,12,0,256,256,False,10,16,True
FG vs bench stock b16,humaneval-0014,65,15305,33120,0.0,0.125,0.125,tie,0.20697402954101562,30,0,256,256,False,1,1,True
FG vs bench stock b16,humaneval-0017,80,1083,539,0.125,0.0,0.125,tie,0.20921897888183594,8,0,256,256,False,1,6,True
FG vs bench stock b16,humaneval-0020,54,9150,28662,0.0,0.125,0.125,tie,0.23596906661987305,24,0,256,256,False,5,11,True
FG vs bench stock b16,humaneval-0027,2,198,1358,0.0,0.125,0.125,tie,6.413459777832031e-05,0,0,81,81,False,1,1,True
FG vs bench stock b16,humaneval-0028,0,71093,727,0.375,0.0,0.25,tie,0.0,,,70,60,False,0,,True
FG vs bench stock b16,humaneval-0032,39,2574,1406,0.125,0.0,0.125,tie,0.1481618881225586,25,0,256,256,False,1,4,True
FG vs bench stock b16,humaneval-0033,164,198,271,0.0,0.125,0.125,tie,0.29508185386657715,0,0,256,256,False,2,1,True
FG vs bench stock b16,humaneval-0036,2,198,1358,0.0,0.125,0.125,tie,0.0005714893341064453,0,0,139,139,False,1,1,True
FG vs bench stock b16,humaneval-0038,94,6922,513,0.125,0.0,0.125,tie,0.22390031814575195,50,0,256,256,False,6,9,True
FG vs bench stock b16,humaneval-0039,0,727,71093,0.125,0.125,0.125,one_ulp,0.0,,,253,253,False,0,,True
FG vs bench stock b16,humaneval-0041,102,1440,1459,0.0,0.125,0.125,tie,0.15604257583618164,68,0,256,256,False,1,2,True
FG vs bench stock b16,humaneval-0043,2,198,1358,0.0,0.125,0.125,tie,0.08976459503173828,0,0,201,201,False,1,1,True
FG vs bench stock b16,humaneval-0050,20,1754,1396,0.125,0.0,0.125,tie,0.19815993309020996,0,0,256,256,False,5,1,True
FG vs bench stock b16,humaneval-0052,0,71093,727,0.125,0.0,0.125,tie,0.0,,,100,95,False,0,,True
FG vs bench stock b16,humaneval-0053,20,4829,1220,0.125,0.0,0.125,tie,0.1209859848022461,19,0,193,176,False,0,2,True
FG vs bench stock b16,humaneval-0056,131,763,1,0.125,0.0,0.125,tie,0.22902345657348633,49,0,256,256,False,7,5,True
FG vs bench stock b16,mt_bench-0000,3,303,11,0.0625,0.0,0.0625,tie,0.0014241933822631836,1,0,256,256,False,0,1,True
FG vs bench stock b16,mt_bench-0001,113,5328,40,0.25,0.0,0.125,tie,0.2268967628479004,63,0,153,160,False,4,3,True
FG vs bench stock b16,mt_bench-0002,232,14212,16432,0.0,0.12500005960464478,0.125,tie,0.24251842498779297,132,0,256,256,False,0,2,True
FG vs bench stock b16,mt_bench-0003,127,2956,11012,0.0,0.125,0.125,tie,0.15594148635864258,50,0,256,256,False,0,3,True
FG vs bench stock b16,mt_bench-0004,11,23772,264,0.125,0.0,0.125,tie,0.11664509773254395,10,0,226,243,False,2,3,True
FG vs bench stock b16,mt_bench-0005,131,27597,11,0.125,0.0,0.125,tie,0.18338966369628906,128,0,256,256,False,0,2,True
FG vs bench stock b16,mt_bench-0006,32,1016,10708,0.0,0.125,0.0625,tie,0.2305612564086914,31,0,256,256,False,0,2,True
FG vs bench stock b16,mt_bench-0007,1,16136,1118,0.125,0.0,0.125,tie,5.176663398742676e-05,0,0,176,245,False,0,1,True
FG vs bench stock b16,mt_bench-0008,208,13,14,0.0,0.125,0.125,tie,0.2100379467010498,174,0,256,256,False,2,2,True
FG vs bench stock b16,mt_bench-0009,86,321,11,0.125,0.0,0.125,tie,0.2454688549041748,46,0,256,256,False,0,3,True
FG vs bench stock b16,mt_bench-0010,15,8964,1,0.125,0.0,0.125,tie,0.12699389457702637,7,0,256,256,False,0,2,True
FG vs bench stock b16,mt_bench-0012,28,7139,33404,0.125,0.125,0.125,one_ulp,0.26253795623779297,22,0,256,256,False,2,2,True
FG vs bench stock b16,mt_bench-0013,18,4927,2609,0.125,0.0,0.125,tie,0.21603655815124512,6,0,256,256,False,0,1,True
FG vs bench stock b16,mt_bench-0014,178,9306,11,0.0625,0.0,0.0625,tie,0.3109893798828125,80,0,256,256,False,2,1,True
FG vs bench stock b16,mt_bench-0015,94,539,13,0.125,0.0,0.125,tie,0.23748016357421875,73,0,256,256,False,1,2,True
FG vs bench stock b16,mt_bench-0017,69,44145,5304,0.125,0.0,0.125,tie,0.2421715259552002,49,0,256,256,False,1,7,True
FG vs bench stock b16,mt_bench-0018,28,32773,61,0.125,0.0,0.125,tie,0.1554887294769287,26,0,158,141,False,2,3,True
FG vs bench stock b16,mt_bench-0019,228,430,13,0.125,0.0,0.125,tie,0.22929835319519043,209,0,256,256,False,0,1,True
FG vs bench stock b16,mt_bench-0022,10,7044,1923,0.125,0.0,0.125,tie,0.12193655967712402,8,0,256,256,False,2,3,True
FG vs bench stock b16,mt_bench-0023,131,13,318,0.0,0.125,0.125,tie,0.23604536056518555,79,0,256,256,False,0,3,True
FG vs bench stock b16,mt_bench-0024,151,17,23,0.0,0.25,0.125,tie,0.21733927726745605,100,0,256,256,False,9,16,True
FG vs bench stock b16,mt_bench-0025,80,48554,40582,0.125,0.0,0.125,tie,0.14614009857177734,19,0,256,256,False,9,16,True
FG vs bench stock b16,mt_bench-0028,93,2972,22426,0.0,0.125,0.125,tie,0.2450873851776123,76,0,256,256,False,2,5,True
FG vs bench stock b16,mt_bench-0029,20,56679,5952,0.125,0.0,0.125,tie,0.07961928844451904,0,0,256,256,False,0,16,True
FG vs bench stock b16,mt_bench-0032,137,27382,34167,0.0,0.125,0.125,tie,0.22609972953796387,45,0,256,256,False,15,1,True
FG vs bench stock b16,mt_bench-0033,216,314,421,0.0,0.125,0.125,tie,0.24348187446594238,35,0,256,256,False,1,4,True
FG vs bench stock b16,mt_bench-0034,237,5339,561,0.125,0.0,0.125,tie,0.2449038028717041,9,0,256,256,False,8,5,True
FG vs bench stock b16,mt_bench-0035,97,279,35195,0.0,0.125,0.125,tie,0.18866121768951416,2,0,256,256,False,1,9,True
FG vs bench stock b16,mt_bench-0036,148,40729,1423,0.125,0.125,0.125,one_ulp,0.23949980735778809,27,0,256,256,False,0,11,True
FG vs bench stock b16,mt_bench-0037,200,393,279,0.125,0.0,0.125,tie,0.23543357849121094,0,0,256,256,False,2,12,True
FG vs bench stock b16,mt_bench-0039,143,26782,279,0.125,0.0,0.125,tie,0.23929810523986816,10,0,256,256,False,0,12,True
FG vs bench stock b16,mt_bench-0040,189,321,539,0.0,0.12500005960464478,0.125,tie,0.16220498085021973,44,0,256,256,False,1,1,True
FG vs bench stock b16,mt_bench-0041,215,16,15,0.125,0.0,0.125,tie,0.19204974174499512,103,0,256,256,False,13,3,True
FG vs bench stock b16,mt_bench-0042,153,19,15,0.125,0.0,0.125,tie,0.13320183753967285,125,0,256,256,False,11,13,True
FG vs bench stock b16,mt_bench-0044,83,3578,1788,0.12499994039535522,0.0,0.125,tie,0.14699816703796387,4,0,256,256,False,2,3,True
FG vs bench stock b16,mt_bench-0048,49,488,567,0.0,0.125,0.125,tie,0.12080645561218262,41,0,256,256,False,0,2,True
FG vs bench stock b16,mt_bench-0049,0,36948,1206,0.12499994039535522,0.0,0.125,tie,0.0,,,256,256,False,0,,True
FG vs bench stock b16,mt_bench-0059,84,2791,42794,0.0,0.125,0.125,tie,0.2434859275817871,80,0,256,256,False,4,5,True
FG vs bench stock b16,mt_bench-0060,32,29144,6745,0.125,0.0,0.125,tie,0.3027040958404541,1,0,256,256,False,2,11,True
FG vs bench stock b16,mt_bench-0061,191,3,60439,0.0,0.25,0.25,tie,0.22065210342407227,99,0,256,256,False,3,1,True
FG vs bench stock b16,mt_bench-0063,57,314,33448,0.0,0.125,0.125,tie,0.21965718269348145,44,0,256,256,False,0,2,True
FG vs bench stock b16,mt_bench-0064,177,7057,462,0.125,0.125,0.125,one_ulp,0.187774658203125,33,0,256,256,False,6,8,True
FG vs bench stock b16,mt_bench-0065,92,271,198,0.125,0.0,0.125,tie,0.24576854705810547,81,0,256,256,False,3,13,True
FG vs bench stock b16,mt_bench-0066,67,48772,17171,0.125,0.0,0.125,tie,0.24424219131469727,20,0,256,256,False,1,2,True
FG vs bench stock b16,mt_bench-0067,51,13,1817,0.0,0.125,0.125,tie,0.20994234085083008,8,0,256,256,False,0,2,True
FG vs bench stock b16,mt_bench-0069,47,421,364,0.125,0.0,0.125,tie,0.12914633750915527,35,0,256,256,False,0,4,True
FG vs bench stock b16,mt_bench-0070,209,1577,1061,0.25,0.0,0.125,tie,0.22269821166992188,61,0,256,256,False,2,2,True
FG vs bench stock b16,mt_bench-0071,253,1216,59725,0.0,0.0625,0.0625,tie,0.22843217849731445,252,0,256,256,False,1,3,True
FG vs bench stock b16,mt_bench-0072,143,264,279,0.0,0.125,0.125,tie,0.23810076713562012,109,0,256,256,False,2,2,True
FG vs bench stock b16,mt_bench-0073,86,38580,11712,0.125,0.125,0.125,one_ulp,0.20408344268798828,46,0,256,256,False,0,4,True
FG vs bench stock b16,mt_bench-0075,17,318,369,0.0,0.25,0.125,tie,0.244551420211792,1,0,256,256,False,3,13,True
FG vs bench stock b16,mt_bench-0076,233,2610,4950,0.0,0.125,0.125,tie,0.23099780082702637,194,0,256,256,False,0,2,True
FG vs bench stock b16,mt_bench-0077,86,36009,74316,0.0,0.125,0.125,tie,0.12200808525085449,42,0,256,256,False,0,12,True
FG vs bench stock b16,mt_bench-0078,34,54759,4670,0.125,0.0,0.125,tie,0.22282719612121582,4,0,256,256,False,1,1,True
FG vs bench stock b16,mt_bench-0079,83,27687,46909,0.0,0.125,0.125,tie,0.3181154727935791,54,0,256,256,False,3,4,True
G vs bench b16 triton,alpaca_eval-0000,6,26310,63049,0.0,0.125,0.125,tie,0.1267082691192627,1,1,256,256,False,2,2,True
G vs bench b16 triton,alpaca_eval-0010,114,2519,10478,0.0,0.125,0.125,tie,0.22394776344299316,103,1,256,256,False,1,2,True
G vs bench b16 triton,alpaca_eval-0020,154,1345,310,0.125,0.0,0.125,tie,0.1719801425933838,29,1,256,256,False,2,3,True
G vs bench b16 triton,alpaca_eval-0030,49,35234,19214,0.12500005960464478,0.0,0.125,tie,0.15202724933624268,17,1,256,256,False,0,1,True
G vs bench b16 triton,alpaca_eval-0040,241,1478,321,0.125,0.0,0.125,tie,0.24309396743774414,81,1,256,256,False,2,1,True
G vs bench b16 triton,alpaca_eval-0050,20,1007,7832,0.0,0.125,0.125,tie,0.0011417409405112267,18,1,256,256,False,11,5,True
G vs bench b16 triton,alpaca_eval-0060,126,75758,90180,0.0,0.0625,0.0625,tie,0.2150404453277588,32,1,256,256,False,0,5,True
G vs bench b16 triton,alpaca_eval-0080,71,11,9183,0.0,0.125,0.125,tie,0.22030091285705566,41,1,256,256,False,0,3,True
G vs bench b16 triton,alpaca_eval-0090,88,4364,6762,0.0,0.125,0.125,tie,0.1690901517868042,27,1,256,256,False,1,1,True
G vs bench b16 triton,alpaca_eval-0100,59,5365,39502,0.0,0.0625,0.0625,tie,0.1327970027923584,13,1,256,256,False,1,2,True
G vs bench b16 triton,alpaca_eval-0110,105,4528,5253,0.0,0.0625,0.0625,tie,0.19937920570373535,37,1,256,256,False,2,1,True
G vs bench b16 triton,alpaca_eval-0120,100,68587,1852,0.125,0.0,0.125,tie,0.22733831405639648,26,1,165,167,False,3,1,True
G vs bench b16 triton,alpaca_eval-0130,53,9103,13136,0.0,0.0625,0.0625,tie,0.11754393577575684,37,1,256,256,False,0,1,True
G vs bench b16 triton,alpaca_eval-0140,200,214447,25047,0.125,0.0,0.125,tie,0.17922163009643555,71,1,256,256,False,2,2,True
G vs bench b16 triton,alpaca_eval-0150,168,328,198,0.125,0.0,0.125,tie,0.2263171672821045,129,1,256,256,False,3,3,True
G vs bench b16 triton,alpaca_eval-0160,45,1442,3988,0.0625,0.0625,0.0625,one_ulp,0.15580415725708008,28,1,256,256,False,2,1,True
G vs bench b16 triton,alpaca_eval-0170,192,579,557,0.125,0.0,0.125,tie,0.1827019453048706,14,1,256,256,False,1,2,True
G vs bench b16 triton,alpaca_eval-0180,21,6206,4752,0.25,0.0,0.125,tie,0.12136173248291016,15,1,256,256,False,3,3,True
G vs bench b16 triton,alpaca_eval-0200,100,4993,21299,0.0,0.25,0.25,tie,0.16048669815063477,92,1,256,256,False,1,7,True
G vs bench b16 triton,alpaca_eval-0210,20,4016,321,0.125,0.0,0.125,tie,0.22849488258361816,5,1,256,256,False,5,1,True
G vs bench b16 triton,alpaca_eval-0220,7,1402,65884,0.0,0.12499994039535522,0.0625,tie,0.19605445861816406,4,1,256,256,False,0,1,True
G vs bench b16 triton,alpaca_eval-0230,190,23373,12298,0.125,0.0,0.125,tie,0.24394488334655762,9,1,256,256,False,0,3,True
G vs bench b16 triton,alpaca_eval-0250,48,781,45112,0.0,0.125,0.125,tie,0.16694092750549316,43,1,256,256,False,3,2,True
G vs bench b16 triton,alpaca_eval-0260,68,3050,8782,0.0,0.125,0.125,tie,0.13734984397888184,48,1,256,256,False,0,4,True
G vs bench b16 triton,alpaca_eval-0270,124,8003,28772,0.0625,0.0625,0.0625,one_ulp,0.1894974708557129,13,1,256,256,False,3,6,True
G vs bench b16 triton,alpaca_eval-0280,90,328,6286,0.0,0.125,0.125,tie,0.21020936965942383,65,1,256,256,False,0,1,True
G vs bench b16 triton,alpaca_eval-0290,109,958,3579,0.0,0.125,0.125,tie,0.21670198440551758,2,1,256,256,False,6,8,True
G vs bench b16 triton,alpaca_eval-0300,240,413,364,0.125,0.0,0.125,tie,0.1898806095123291,65,1,256,256,False,1,12,True
G vs bench b16 triton,alpaca_eval-0320,204,8279,321,0.125,0.0,0.125,tie,0.2026960849761963,197,1,256,256,False,5,3,True
G vs bench b16 triton,alpaca_eval-0330,10,13759,2534,0.125,0.0,0.125,tie,0.13756990432739258,8,1,256,256,False,1,1,True
G vs bench b16 triton,alpaca_eval-0340,111,4650,68,0.125,0.125,0.125,one_ulp,0.1386430263519287,8,1,185,203,False,1,3,True
G vs bench b16 triton,alpaca_eval-0350,195,1318,1040,0.125,0.0,0.125,tie,0.23424243927001953,47,0,256,256,False,0,3,True
G vs bench b16 triton,alpaca_eval-0360,113,18,17,0.125,0.0,0.125,tie,0.22003483772277832,91,1,256,256,False,1,8,True
G vs bench b16 triton,alpaca_eval-0400,46,279,678,0.0,0.25,0.125,tie,0.12258720397949219,9,1,256,256,False,4,2,True
G vs bench b16 triton,alpaca_eval-0410,108,2799,5489,0.0,0.125,0.125,tie,0.17227768898010254,80,1,256,256,False,1,2,True
G vs bench b16 triton,alpaca_eval-0420,21,34404,29667,0.25,0.0,0.25,tie,0.24532794952392578,19,1,248,214,False,0,2,True
G vs bench b16 triton,alpaca_eval-0430,33,94492,7361,0.125,0.0,0.125,tie,0.1872081756591797,19,1,256,256,False,1,1,True
G vs bench b16 triton,alpaca_eval-0440,104,1970,2144,0.0,0.125,0.125,tie,0.21503114700317383,17,1,256,256,False,3,2,True
G vs bench b16 triton,alpaca_eval-0450,94,3404,3254,0.125,0.0,0.125,tie,0.24139118194580078,9,1,256,256,False,2,1,True
G vs bench b16 triton,alpaca_eval-0460,116,1510,279,0.125,0.0,0.125,tie,0.2118074893951416,112,1,256,256,False,0,2,True
G vs bench b16 triton,alpaca_eval-0470,78,345,279,0.125,0.0,0.125,tie,0.20463013648986816,31,1,256,256,False,0,2,True
G vs bench b16 triton,alpaca_eval-0480,107,1879,7497,0.0,0.125,0.125,tie,0.17960643768310547,53,1,256,256,False,1,2,True
G vs bench b16 triton,alpaca_eval-0490,103,1496,5129,0.0,0.125,0.125,tie,0.20547914505004883,40,1,256,256,False,0,3,True
G vs bench b16 triton,alpaca_eval-0500,36,56679,21397,0.125,0.0,0.125,tie,0.19768404960632324,21,1,256,256,False,6,2,True
G vs bench b16 triton,alpaca_eval-0510,17,12103,10813,0.125,0.0,0.125,tie,0.208953857421875,13,1,217,161,False,1,5,True
G vs bench b16 triton,alpaca_eval-0520,202,5365,13263,0.0,0.125,0.125,tie,0.24132728576660156,173,1,256,256,False,1,1,True
G vs bench b16 triton,alpaca_eval-0530,154,30096,321,0.125,0.0,0.125,tie,0.1865220069885254,88,1,256,256,False,0,3,True
G vs bench b16 triton,alpaca_eval-0540,9,170286,30,0.125,0.0,0.125,tie,0.0012586414813995361,1,1,11,18,False,5,3,True
G vs bench b16 triton,alpaca_eval-0550,79,15374,13236,0.125,0.0,0.125,tie,0.13234448432922363,21,1,256,256,False,3,1,True
G vs bench b16 triton,alpaca_eval-0560,173,1536,65533,0.0,0.125,0.125,tie,0.19708633422851562,65,1,256,256,False,6,3,True
G vs bench b16 triton,alpaca_eval-0570,9,495,55007,0.0,0.125,0.125,tie,0.07061934471130371,1,1,256,256,False,5,2,True
G vs bench b16 triton,alpaca_eval-0580,96,321,10340,0.0,0.125,0.125,tie,0.24484992027282715,52,1,256,256,False,3,1,True
G vs bench b16 triton,cnn_dailymail-0002,150,30284,2599,0.125,0.0,0.125,tie,0.24358558654785156,143,1,256,256,False,1,5,True
G vs bench b16 triton,cnn_dailymail-0003,7,852,11,0.125,0.0,0.125,tie,0.11580705642700195,4,1,109,91,False,3,2,True
G vs bench b16 triton,cnn_dailymail-0005,75,62529,43038,0.125,0.0,0.125,tie,0.23805665969848633,41,1,256,256,False,1,15,True
G vs bench b16 triton,cnn_dailymail-0007,53,3384,321,0.125,0.0,0.125,tie,0.22907590866088867,3,1,100,104,False,5,1,True
G vs bench b16 triton,cnn_dailymail-0014,230,13,3376,0.0,0.125,0.125,tie,0.14591479301452637,82,1,256,256,False,0,2,True
G vs bench b16 triton,cnn_dailymail-0016,86,303,13,0.125,0.0,0.125,tie,0.22346949577331543,26,1,125,119,False,0,12,True
G vs bench b16 triton,cnn_dailymail-0017,68,1027,279,0.125,0.0,0.125,tie,0.21159887313842773,42,1,256,256,False,1,2,True
G vs bench b16 triton,cnn_dailymail-0020,46,4400,3543,0.125,0.0,0.125,tie,0.24265432357788086,37,1,256,256,False,0,13,True
G vs bench b16 triton,cnn_dailymail-0021,51,2583,1680,0.125,0.0,0.125,tie,0.1314258575439453,18,1,133,155,False,2,1,True
G vs bench b16 triton,cnn_dailymail-0022,102,6572,314,0.12499994039535522,0.0,0.125,tie,0.16388845443725586,80,1,113,111,False,0,1,True
G vs bench b16 triton,cnn_dailymail-0024,22,2785,5732,0.0,0.125,0.125,tie,0.12224888801574707,9,1,117,107,False,0,2,True
G vs bench b16 triton,cnn_dailymail-0029,42,9926,25,0.25,0.0,0.25,tie,0.12140512466430664,41,1,256,256,False,9,16,True
G vs bench b16 triton,cnn_dailymail-0031,6,42344,264,0.125,0.0,0.125,tie,0.0716167688369751,5,1,130,121,False,0,2,True
G vs bench b16 triton,cnn_dailymail-0034,36,17942,9422,0.125,0.0,0.125,tie,0.12212538719177246,27,1,110,94,False,3,2,True
G vs bench b16 triton,cnn_dailymail-0035,189,11,38284,0.0,0.125,0.125,tie,0.1896071434020996,145,1,256,256,False,2,2,True
G vs bench b16 triton,cnn_dailymail-0036,8,11,15784,0.0,0.125,0.125,tie,0.1216573715209961,4,1,108,105,False,2,1,True
G vs bench b16 triton,cnn_dailymail-0038,200,6179,874,0.125,0.0,0.125,tie,0.22867822647094727,66,1,256,256,False,0,2,True
G vs bench b16 triton,gsm8k-0000,148,2420,5898,0.0,0.125,0.125,tie,0.1226654052734375,58,1,256,256,False,2,1,True
G vs bench b16 triton,gsm8k-0002,29,17704,279,0.125,0.0,0.125,tie,0.0865640640258789,16,1,256,256,False,2,10,True
G vs bench b16 triton,gsm8k-0005,229,8720,3240,0.25,0.0,0.125,tie,0.2289719581604004,227,1,256,256,False,2,13,True
G vs bench b16 triton,gsm8k-0006,54,28924,19892,0.125,0.0,0.125,tie,0.12151837348937988,41,1,256,256,False,9,2,True
G vs bench b16 triton,gsm8k-0007,132,1042,567,0.125,0.0,0.125,tie,0.24483513832092285,52,1,256,256,False,1,5,True
G vs bench b16 triton,gsm8k-0008,68,13362,3491,0.125,0.0,0.125,tie,0.12320971488952637,41,1,256,256,False,0,5,True
G vs bench b16 triton,gsm8k-0010,160,13550,279,0.125,0.0,0.125,tie,0.16279500722885132,12,1,256,256,False,1,2,True
G vs bench b16 triton,gsm8k-0012,32,11044,12585,0.0,0.125,0.125,tie,0.14508211612701416,14,1,256,256,False,0,2,True
G vs bench b16 triton,gsm8k-0013,45,13,430,0.0,0.125,0.125,tie,0.18064260482788086,24,1,256,256,False,1,8,True
G vs bench b16 triton,gsm8k-0015,86,10724,29283,0.0,0.125,0.125,tie,0.19948101043701172,25,1,256,256,False,1,4,True
G vs bench b16 triton,gsm8k-0017,197,5759,8941,0.0,0.125,0.125,tie,0.23677515983581543,83,1,256,256,False,5,6,True
G vs bench b16 triton,gsm8k-0019,178,14728,1088,0.125,0.0,0.125,tie,0.1626579761505127,25,1,256,256,False,6,16,True
G vs bench b16 triton,gsm8k-0020,102,1070,279,0.125,0.0,0.125,tie,0.1213526725769043,19,1,256,256,False,1,12,True
G vs bench b16 triton,gsm8k-0021,94,506,948,0.0,0.125,0.125,tie,0.23662137985229492,20,1,166,168,False,4,8,True
G vs bench b16 triton,gsm8k-0026,2,821,264,0.25,0.0,0.125,tie,3.6937708500772715e-06,1,1,256,256,False,1,1,True
G vs bench b16 triton,gsm8k-0031,7,1144,1118,0.125,0.0,0.125,tie,0.1197054386138916,5,1,256,256,False,6,1,True
G vs bench b16 triton,gsm8k-0035,139,303,318,0.0,0.125,0.125,tie,0.20415496826171875,56,1,256,256,False,1,11,True
G vs bench b16 triton,gsm8k-0036,173,314,6829,0.125,0.125,0.125,one_ulp,0.22018694877624512,96,1,239,242,False,1,2,True
G vs bench b16 triton,gsm8k-0037,146,24624,28924,0.0,0.125,0.125,tie,0.17819976806640625,33,1,256,256,False,7,16,True
G vs bench b16 triton,gsm8k-0038,162,6558,1368,0.125,0.0,0.125,tie,0.19460272789001465,34,1,256,256,False,2,3,True
G vs bench b16 triton,gsm8k-0047,244,387,393,0.0,0.125,0.125,tie,0.20643162727355957,151,1,256,256,False,0,6,True
G vs bench b16 triton,gsm8k-0053,249,7548,19892,0.0,0.125,0.125,tie,0.16277861595153809,2,1,256,256,False,10,12,True
G vs bench b16 triton,gsm8k-0058,228,11220,2972,0.125,0.0,0.125,tie,0.23322653770446777,144,1,256,256,False,3,2,True
G vs bench b16 triton,gsm8k-0060,194,2972,220,0.125,0.0,0.125,tie,0.2021801471710205,25,1,256,256,False,4,2,True
G vs bench b16 triton,gsm8k-0061,129,19172,71690,0.0,0.125,0.125,tie,0.22930383682250977,69,1,256,256,False,8,2,True
G vs bench b16 triton,gsm8k-0062,78,188912,14,0.125,0.0,0.125,tie,0.14532577991485596,40,1,256,256,False,2,1,True
G vs bench b16 triton,gsm8k-0065,190,17239,5122,0.12500005960464478,0.0,0.125,tie,0.12854456901550293,25,1,256,256,False,9,16,True
G vs bench b16 triton,gsm8k-0066,247,791,1324,0.0,0.125,0.125,tie,0.22378325462341309,194,1,256,256,False,4,6,True
G vs bench b16 triton,gsm8k-0067,44,13682,9,0.125,0.0,0.125,tie,0.13489985466003418,8,1,256,256,False,7,1,True
G vs bench b16 triton,gsm8k-0068,179,318,25,0.125,0.125,0.125,one_ulp,0.12229681015014648,84,1,256,256,False,2,10,True
G vs bench b16 triton,gsm8k-0071,143,62,220,0.0,0.125,0.125,tie,0.1405220627784729,13,1,256,256,False,0,3,True
G vs bench b16 triton,gsm8k-0074,111,4625,7336,0.0,0.125,0.125,tie,0.23731255531311035,77,1,256,256,False,1,2,True
G vs bench b16 triton,gsm8k-0076,79,1324,3487,0.0,0.25,0.125,tie,0.2225179672241211,48,1,256,256,False,15,9,True
G vs bench b16 triton,gsm8k-0079,85,1590,553,0.125,0.0,0.125,tie,0.18270325660705566,66,1,170,170,False,4,1,True
G vs bench b16 triton,humaneval-0000,127,364,413,0.0,0.125,0.125,tie,0.0005407538264989853,7,1,173,183,False,3,16,True
G vs bench b16 triton,humaneval-0002,114,733,271,0.125,0.0,0.125,tie,0.2397139072418213,96,1,256,256,False,0,7,True
G vs bench b16 triton,humaneval-0005,48,1066,279,0.125,0.125,0.125,one_ulp,0.17728734016418457,44,1,256,256,False,6,11,True
G vs bench b16 triton,humaneval-0011,226,3542,886,0.125,0.0,0.125,tie,0.19459009170532227,88,1,256,256,False,5,2,True
G vs bench b16 triton,humaneval-0014,67,279,1857,0.0,0.125,0.125,tie,0.22707247734069824,65,1,256,256,False,0,1,True
G vs bench b16 triton,humaneval-0020,54,9150,28662,0.0,0.125,0.125,tie,0.12154960632324219,36,1,256,256,False,5,11,True
G vs bench b16 triton,humaneval-0021,200,2334,87,0.125,0.0,0.125,tie,0.1407456398010254,191,1,221,221,False,6,3,True
G vs bench b16 triton,humaneval-0025,146,198,271,0.0,0.25,0.125,tie,0.11859512329101562,136,1,221,219,False,4,16,True
G vs bench b16 triton,humaneval-0026,52,279,1204,0.0,0.125,0.125,tie,0.12260603904724121,29,1,256,256,False,8,5,True
G vs bench b16 triton,humaneval-0027,2,198,1358,0.0,0.125,0.125,tie,1.1920565157197416e-07,1,1,81,81,False,1,1,True
G vs bench b16 triton,humaneval-0038,94,6922,513,0.125,0.0,0.125,tie,0.1322331428527832,67,1,256,256,False,6,9,True
G vs bench b16 triton,humaneval-0041,102,1440,1459,0.0,0.125,0.125,tie,0.1783304214477539,58,1,256,256,False,1,2,True
G vs bench b16 triton,humaneval-0047,13,271,561,0.0,0.125,0.125,tie,0.11238598823547363,11,1,256,256,False,2,6,True
G vs bench b16 triton,humaneval-0056,131,763,1,0.125,0.0,0.125,tie,0.2099602222442627,81,1,256,256,False,7,5,True
G vs bench b16 triton,humaneval-0059,43,18253,430,0.125,0.0,0.125,tie,0.12558674812316895,41,1,256,256,False,2,4,True
G vs bench b16 triton,mt_bench-0000,72,5028,279,0.125,0.0,0.125,tie,0.23915338516235352,26,1,256,256,False,1,1,True
G vs bench b16 triton,mt_bench-0001,113,5328,40,0.25,0.0,0.125,tie,0.23022985458374023,63,1,153,160,False,4,3,True
G vs bench b16 triton,mt_bench-0002,232,14212,16432,0.0,0.12500005960464478,0.125,tie,0.2416820526123047,129,1,256,256,False,0,2,True
G vs bench b16 triton,mt_bench-0003,127,2956,11012,0.0,0.125,0.125,tie,0.17731332778930664,83,1,256,256,False,0,3,True
G vs bench b16 triton,mt_bench-0005,141,32709,9506,0.125,0.0,0.125,tie,0.19374442100524902,140,1,256,256,False,0,1,True
G vs bench b16 triton,mt_bench-0006,41,888,11946,0.0,0.125,0.125,tie,0.12278294563293457,20,1,256,256,False,3,1,True
G vs bench b16 triton,mt_bench-0007,1,16136,1118,0.125,0.0,0.125,tie,0.0,,,173,245,False,0,1,True
G vs bench b16 triton,mt_bench-0008,165,1171,908,0.25,0.0,0.25,tie,0.17795300483703613,154,1,256,256,False,0,8,True
G vs bench b16 triton,mt_bench-0009,141,579,557,0.125,0.0,0.125,tie,0.16839849948883057,18,1,256,256,False,0,7,True
G vs bench b16 triton,mt_bench-0010,51,12570,10922,0.25,0.0,0.125,tie,0.1513211727142334,47,1,256,256,False,2,1,True
G vs bench b16 triton,mt_bench-0012,28,7139,33404,0.0,0.125,0.125,tie,0.14858317375183105,8,1,256,256,False,2,2,True
G vs bench b16 triton,mt_bench-0014,186,8,553,0.0,0.125,0.125,tie,0.2412736415863037,36,1,256,256,False,0,1,True
G vs bench b16 triton,mt_bench-0015,190,3070,682,0.125,0.0,0.125,tie,0.2281794548034668,114,1,256,256,False,0,2,True
G vs bench b16 triton,mt_bench-0019,189,28599,47733,0.0,0.125,0.125,tie,0.2367246150970459,40,1,256,256,False,0,1,True
G vs bench b16 triton,mt_bench-0022,10,7044,1923,0.125,0.0,0.125,tie,0.12193751335144043,8,1,106,256,False,2,3,True
G vs bench b16 triton,mt_bench-0023,131,13,318,0.0,0.125,0.125,tie,0.15334022045135498,85,1,256,256,False,0,3,True
G vs bench b16 triton,mt_bench-0024,151,17,23,0.125,0.25,0.125,near,0.1941227912902832,54,1,256,256,False,9,16,True
G vs bench b16 triton,mt_bench-0025,80,48554,40582,0.125,0.0,0.125,tie,0.10587525367736816,36,1,256,256,False,9,16,True
G vs bench b16 triton,mt_bench-0026,212,198,3130,0.0,0.125,0.125,tie,0.22538161277770996,155,1,256,256,False,13,12,True
G vs bench b16 triton,mt_bench-0028,43,1409,16903,0.0,0.125,0.125,tie,0.22621631622314453,36,1,256,256,False,2,2,True
G vs bench b16 triton,mt_bench-0029,20,56679,5952,0.25,0.0,0.25,tie,0.0005413261242210865,9,1,256,256,False,0,16,True
G vs bench b16 triton,mt_bench-0032,137,27382,34167,0.0,0.125,0.125,tie,0.12103724479675293,51,1,256,256,False,15,1,True
G vs bench b16 triton,mt_bench-0034,237,5339,561,0.125,0.0,0.125,tie,0.22391414642333984,221,1,256,256,False,8,5,True
G vs bench b16 triton,mt_bench-0036,39,733,47246,0.0,0.125,0.125,tie,0.12229800224304199,1,1,256,256,False,9,3,True
G vs bench b16 triton,mt_bench-0037,200,393,279,0.125,0.0,0.125,tie,0.1366034746170044,27,1,256,256,False,2,12,True
G vs bench b16 triton,mt_bench-0041,215,16,15,0.25,0.0,0.25,tie,0.24503707885742188,177,1,256,256,False,13,3,True
G vs bench b16 triton,mt_bench-0044,83,3578,1788,0.125,0.0,0.125,tie,0.19445419311523438,54,1,256,256,False,2,3,True
G vs bench b16 triton,mt_bench-0047,40,1,7620,0.0,0.125,0.0625,tie,0.12244009971618652,10,1,256,256,False,3,5,True
G vs bench b16 triton,mt_bench-0048,49,580,567,0.125,0.0,0.125,tie,0.2232985496520996,41,1,256,256,False,0,2,True
G vs bench b16 triton,mt_bench-0049,28,1132,2972,0.0,0.125,0.125,tie,0.2222888469696045,15,1,256,256,False,0,1,True
G vs bench b16 triton,mt_bench-0050,41,1164,24936,0.0,0.25,0.125,tie,0.12154936790466309,17,1,256,256,False,0,14,True
G vs bench b16 triton,mt_bench-0059,84,2791,42794,0.0,0.125,0.125,tie,0.12221455574035645,77,1,256,256,False,4,5,True
G vs bench b16 triton,mt_bench-0060,78,318,506,0.0,0.125,0.125,tie,0.21562957763671875,72,1,256,256,False,1,1,True
G vs bench b16 triton,mt_bench-0061,231,332,92217,0.0,0.125,0.125,tie,0.17893576622009277,36,1,256,256,False,1,9,True
G vs bench b16 triton,mt_bench-0063,215,81748,64700,0.125,0.0,0.125,tie,0.23479866981506348,142,1,256,256,False,2,13,True
G vs bench b16 triton,mt_bench-0064,177,7057,462,0.125,0.125,0.125,one_ulp,0.19806623458862305,33,1,256,256,False,6,8,True
G vs bench b16 triton,mt_bench-0066,67,48772,17171,0.125,0.0,0.125,tie,0.24437284469604492,20,1,256,256,False,1,2,True
G vs bench b16 triton,mt_bench-0067,210,27286,90000,0.0,0.0625,0.0625,tie,0.2309863567352295,17,1,256,256,False,1,2,True
G vs bench b16 triton,mt_bench-0068,220,15676,25291,0.0,0.2500000596046448,0.25,tie,0.2426469326019287,211,1,256,256,False,1,7,True
G vs bench b16 triton,mt_bench-0069,114,89700,22767,0.125,0.0,0.125,tie,0.22396612167358398,47,1,256,256,False,1,2,True
G vs bench b16 triton,mt_bench-0070,13,264,449,0.0,0.125,0.125,tie,0.12848377227783203,8,2,256,256,False,0,2,True
G vs bench b16 triton,mt_bench-0071,34,28604,2950,0.125,0.0,0.125,tie,0.20421147346496582,27,1,256,256,False,0,4,True
G vs bench b16 triton,mt_bench-0072,152,59789,352,0.125,0.0,0.125,tie,0.23810076713562012,109,1,256,256,False,1,3,True
G vs bench b16 triton,mt_bench-0073,86,49773,11712,0.125,0.0,0.125,tie,0.14038610458374023,65,1,256,256,False,0,4,True
G vs bench b16 triton,mt_bench-0075,28,1719,3051,0.0,0.125,0.125,tie,0.2449185848236084,1,1,256,256,False,1,2,True
G vs bench b16 triton,mt_bench-0076,131,32530,369,0.125,0.0,0.125,tie,0.24010682106018066,57,1,256,256,False,1,5,True
G vs bench b16 triton,mt_bench-0077,114,635,1353,0.0,0.125,0.125,tie,0.21991944313049316,42,1,256,256,False,1,8,True
G vs bench b16 triton,mt_bench-0078,108,14886,7535,0.125,0.0,0.125,tie,0.22597265243530273,29,1,256,256,False,4,3,True
G vs bench b16 triton,mt_bench-0079,214,9492,3115,0.0625,0.0,0.0625,tie,0.22733092308044434,5,3,256,256,False,8,1,True
FG vs bench b16 triton,alpaca_eval-0000,6,26310,63049,0.0,0.125,0.125,tie,0.1267082691192627,1,1,256,256,False,2,2,True
FG vs bench b16 triton,alpaca_eval-0010,114,2519,10478,0.0,0.125,0.125,tie,0.22394776344299316,103,1,256,256,False,1,2,True
FG vs bench b16 triton,alpaca_eval-0020,154,1345,310,0.125,0.0,0.125,tie,0.1719801425933838,29,1,256,256,False,2,3,True
FG vs bench b16 triton,alpaca_eval-0030,49,35234,19214,0.12500005960464478,0.0,0.125,tie,0.15202724933624268,17,1,256,256,False,0,1,True
FG vs bench b16 triton,alpaca_eval-0040,241,1478,321,0.125,0.0,0.125,tie,0.24309396743774414,81,1,256,256,False,2,1,True
FG vs bench b16 triton,alpaca_eval-0050,20,1007,7832,0.0,0.125,0.125,tie,0.0011417409405112267,18,1,256,256,False,11,5,True
FG vs bench b16 triton,alpaca_eval-0060,126,75758,90180,0.0,0.0625,0.0625,tie,0.2150404453277588,32,1,256,256,False,0,5,True
FG vs bench b16 triton,alpaca_eval-0080,71,11,9183,0.0,0.125,0.125,tie,0.22030091285705566,41,1,256,256,False,0,3,True
FG vs bench b16 triton,alpaca_eval-0090,88,4364,6762,0.0,0.125,0.125,tie,0.1690901517868042,27,1,256,256,False,1,1,True
FG vs bench b16 triton,alpaca_eval-0100,59,5365,39502,0.0,0.0625,0.0625,tie,0.1327970027923584,13,1,256,256,False,1,2,True
FG vs bench b16 triton,alpaca_eval-0110,105,4528,5253,0.0,0.0625,0.0625,tie,0.19937920570373535,37,1,256,256,False,2,1,True
FG vs bench b16 triton,alpaca_eval-0120,100,68587,1852,0.125,0.0,0.125,tie,0.22733831405639648,26,1,165,167,False,3,1,True
FG vs bench b16 triton,alpaca_eval-0130,53,9103,13136,0.0,0.0625,0.0625,tie,0.11754393577575684,37,1,256,256,False,0,1,True
FG vs bench b16 triton,alpaca_eval-0140,200,214447,25047,0.125,0.0,0.125,tie,0.17922163009643555,71,1,256,256,False,2,2,True
FG vs bench b16 triton,alpaca_eval-0150,168,328,198,0.125,0.0,0.125,tie,0.2263171672821045,129,1,256,256,False,3,3,True
FG vs bench b16 triton,alpaca_eval-0160,45,1442,3988,0.0625,0.0625,0.0625,one_ulp,0.15580415725708008,28,1,256,256,False,2,1,True
FG vs bench b16 triton,alpaca_eval-0170,192,579,557,0.125,0.0,0.125,tie,0.1827019453048706,14,1,256,256,False,1,2,True
FG vs bench b16 triton,alpaca_eval-0180,21,6206,4752,0.25,0.0,0.125,tie,0.12136173248291016,15,1,256,256,False,3,3,True
FG vs bench b16 triton,alpaca_eval-0200,100,4993,21299,0.0,0.25,0.25,tie,0.16048669815063477,92,1,256,256,False,1,7,True
FG vs bench b16 triton,alpaca_eval-0210,20,4016,321,0.125,0.0,0.125,tie,0.22849488258361816,5,1,256,256,False,5,1,True
FG vs bench b16 triton,alpaca_eval-0220,7,1402,65884,0.0,0.12499994039535522,0.0625,tie,0.19605445861816406,4,1,256,256,False,0,1,True
FG vs bench b16 triton,alpaca_eval-0230,190,23373,12298,0.125,0.0,0.125,tie,0.24394488334655762,9,1,256,256,False,0,3,True
FG vs bench b16 triton,alpaca_eval-0250,48,781,45112,0.0,0.125,0.125,tie,0.16694092750549316,43,1,256,256,False,3,2,True
FG vs bench b16 triton,alpaca_eval-0260,68,3050,8782,0.0,0.125,0.125,tie,0.13734984397888184,48,1,256,256,False,0,4,True
FG vs bench b16 triton,alpaca_eval-0270,124,8003,28772,0.0625,0.0625,0.0625,one_ulp,0.1894974708557129,13,1,256,256,False,3,6,True
FG vs bench b16 triton,alpaca_eval-0280,90,328,6286,0.0,0.125,0.125,tie,0.21020936965942383,65,1,256,256,False,0,1,True
FG vs bench b16 triton,alpaca_eval-0290,109,958,3579,0.0,0.125,0.125,tie,0.21670198440551758,2,1,256,256,False,6,8,True
FG vs bench b16 triton,alpaca_eval-0300,240,413,364,0.125,0.0,0.125,tie,0.1898806095123291,65,1,256,256,False,1,12,True
FG vs bench b16 triton,alpaca_eval-0320,204,8279,321,0.125,0.0,0.125,tie,0.2026960849761963,197,1,256,256,False,5,3,True
FG vs bench b16 triton,alpaca_eval-0330,10,13759,2534,0.125,0.0,0.125,tie,0.13756990432739258,8,1,256,256,False,1,1,True
FG vs bench b16 triton,alpaca_eval-0340,111,4650,68,0.125,0.125,0.125,one_ulp,0.1386430263519287,8,1,185,203,False,1,3,True
FG vs bench b16 triton,alpaca_eval-0350,195,1318,1040,0.125,0.0,0.125,tie,0.23424243927001953,47,0,256,256,False,0,3,True
FG vs bench b16 triton,alpaca_eval-0360,113,18,17,0.125,0.0,0.125,tie,0.22003483772277832,91,1,256,256,False,1,8,True
FG vs bench b16 triton,alpaca_eval-0400,46,279,678,0.0,0.25,0.125,tie,0.12258720397949219,9,1,256,256,False,4,2,True
FG vs bench b16 triton,alpaca_eval-0410,108,2799,5489,0.0,0.125,0.125,tie,0.17227768898010254,80,1,256,256,False,1,2,True
FG vs bench b16 triton,alpaca_eval-0420,21,34404,29667,0.25,0.0,0.25,tie,0.24532794952392578,19,1,248,214,False,0,2,True
FG vs bench b16 triton,alpaca_eval-0430,33,94492,7361,0.125,0.0,0.125,tie,0.1872081756591797,19,1,256,256,False,1,1,True
FG vs bench b16 triton,alpaca_eval-0440,104,1970,2144,0.0,0.125,0.125,tie,0.21503114700317383,17,1,256,256,False,3,2,True
FG vs bench b16 triton,alpaca_eval-0450,94,3404,3254,0.125,0.0,0.125,tie,0.24139118194580078,9,1,256,256,False,2,1,True
FG vs bench b16 triton,alpaca_eval-0460,116,1510,279,0.125,0.0,0.125,tie,0.2118074893951416,112,1,256,256,False,0,2,True
FG vs bench b16 triton,alpaca_eval-0470,78,345,279,0.125,0.0,0.125,tie,0.20463013648986816,31,1,256,256,False,0,2,True
FG vs bench b16 triton,alpaca_eval-0480,107,1879,7497,0.0,0.125,0.125,tie,0.17960643768310547,53,1,256,256,False,1,2,True
FG vs bench b16 triton,alpaca_eval-0490,103,1496,5129,0.0,0.125,0.125,tie,0.20547914505004883,40,1,256,256,False,0,3,True
FG vs bench b16 triton,alpaca_eval-0500,36,56679,21397,0.125,0.0,0.125,tie,0.19768404960632324,21,1,256,256,False,6,2,True
FG vs bench b16 triton,alpaca_eval-0510,17,12103,10813,0.125,0.0,0.125,tie,0.208953857421875,13,1,217,161,False,1,5,True
FG vs bench b16 triton,alpaca_eval-0520,202,5365,13263,0.0,0.125,0.125,tie,0.24132728576660156,173,1,256,256,False,1,1,True
FG vs bench b16 triton,alpaca_eval-0530,154,30096,321,0.125,0.0,0.125,tie,0.1865220069885254,88,1,256,256,False,0,3,True
FG vs bench b16 triton,alpaca_eval-0540,9,170286,30,0.125,0.0,0.125,tie,0.0012586414813995361,1,1,11,18,False,5,3,True
FG vs bench b16 triton,alpaca_eval-0550,79,15374,13236,0.125,0.0,0.125,tie,0.13234448432922363,21,1,256,256,False,3,1,True
FG vs bench b16 triton,alpaca_eval-0560,173,1536,65533,0.0,0.125,0.125,tie,0.19708633422851562,65,1,256,256,False,6,3,True
FG vs bench b16 triton,alpaca_eval-0570,9,495,55007,0.0,0.125,0.125,tie,0.07061934471130371,1,1,256,256,False,5,2,True
FG vs bench b16 triton,alpaca_eval-0580,96,321,10340,0.0,0.125,0.125,tie,0.24484992027282715,52,1,256,256,False,3,1,True
FG vs bench b16 triton,cnn_dailymail-0002,150,30284,2599,0.125,0.0,0.125,tie,0.24358558654785156,143,1,256,256,False,1,5,True
FG vs bench b16 triton,cnn_dailymail-0003,7,852,11,0.125,0.0,0.125,tie,0.11580705642700195,4,1,109,91,False,3,2,True
FG vs bench b16 triton,cnn_dailymail-0005,75,62529,43038,0.125,0.0,0.125,tie,0.23805665969848633,41,1,256,256,False,1,15,True
FG vs bench b16 triton,cnn_dailymail-0007,53,3384,321,0.125,0.0,0.125,tie,0.22907590866088867,3,1,100,104,False,5,1,True
FG vs bench b16 triton,cnn_dailymail-0014,230,13,3376,0.0,0.125,0.125,tie,0.14591479301452637,82,1,256,256,False,0,2,True
FG vs bench b16 triton,cnn_dailymail-0016,86,303,13,0.125,0.0,0.125,tie,0.22346949577331543,26,1,125,119,False,0,12,True
FG vs bench b16 triton,cnn_dailymail-0017,68,1027,279,0.125,0.0,0.125,tie,0.21159887313842773,42,1,256,256,False,1,2,True
FG vs bench b16 triton,cnn_dailymail-0020,46,4400,3543,0.125,0.0,0.125,tie,0.24265432357788086,37,1,256,256,False,0,13,True
FG vs bench b16 triton,cnn_dailymail-0021,51,2583,1680,0.125,0.0,0.125,tie,0.1314258575439453,18,1,133,155,False,2,1,True
FG vs bench b16 triton,cnn_dailymail-0022,102,6572,314,0.12499994039535522,0.0,0.125,tie,0.16388845443725586,80,1,113,111,False,0,1,True
FG vs bench b16 triton,cnn_dailymail-0024,22,2785,5732,0.0,0.125,0.125,tie,0.12224888801574707,9,1,117,107,False,0,2,True
FG vs bench b16 triton,cnn_dailymail-0029,42,9926,25,0.25,0.0,0.25,tie,0.12140512466430664,41,1,256,256,False,9,16,True
FG vs bench b16 triton,cnn_dailymail-0031,6,42344,264,0.125,0.0,0.125,tie,0.0716167688369751,5,1,130,121,False,0,2,True
FG vs bench b16 triton,cnn_dailymail-0034,36,17942,9422,0.125,0.0,0.125,tie,0.12212538719177246,27,1,110,94,False,3,2,True
FG vs bench b16 triton,cnn_dailymail-0035,189,11,38284,0.0,0.125,0.125,tie,0.1896071434020996,145,1,256,256,False,2,2,True
FG vs bench b16 triton,cnn_dailymail-0036,8,11,15784,0.0,0.125,0.125,tie,0.1216573715209961,4,1,108,105,False,2,1,True
FG vs bench b16 triton,cnn_dailymail-0038,200,6179,874,0.125,0.0,0.125,tie,0.22867822647094727,66,1,256,256,False,0,2,True
FG vs bench b16 triton,gsm8k-0000,148,2420,5898,0.0,0.125,0.125,tie,0.1226654052734375,58,1,256,256,False,2,1,True
FG vs bench b16 triton,gsm8k-0002,29,17704,279,0.125,0.0,0.125,tie,0.0865640640258789,16,1,256,256,False,2,10,True
FG vs bench b16 triton,gsm8k-0005,229,8720,3240,0.25,0.0,0.125,tie,0.2289719581604004,227,1,256,256,False,2,13,True
FG vs bench b16 triton,gsm8k-0006,54,28924,19892,0.125,0.0,0.125,tie,0.12151837348937988,41,1,256,256,False,9,2,True
FG vs bench b16 triton,gsm8k-0007,132,1042,567,0.125,0.0,0.125,tie,0.24483513832092285,52,1,256,256,False,1,5,True
FG vs bench b16 triton,gsm8k-0008,68,13362,3491,0.125,0.0,0.125,tie,0.12320971488952637,41,1,256,256,False,0,5,True
FG vs bench b16 triton,gsm8k-0010,160,13550,279,0.125,0.0,0.125,tie,0.16279500722885132,12,1,256,256,False,1,2,True
FG vs bench b16 triton,gsm8k-0012,32,11044,12585,0.0,0.125,0.125,tie,0.14508211612701416,14,1,256,256,False,0,2,True
FG vs bench b16 triton,gsm8k-0013,45,13,430,0.0,0.125,0.125,tie,0.18064260482788086,24,1,256,256,False,1,8,True
FG vs bench b16 triton,gsm8k-0015,86,10724,29283,0.0,0.125,0.125,tie,0.19948101043701172,25,1,256,256,False,1,4,True
FG vs bench b16 triton,gsm8k-0017,197,5759,8941,0.0,0.125,0.125,tie,0.23677515983581543,83,1,256,256,False,5,6,True
FG vs bench b16 triton,gsm8k-0019,178,14728,1088,0.125,0.0,0.125,tie,0.1626579761505127,25,1,256,256,False,6,16,True
FG vs bench b16 triton,gsm8k-0020,102,1070,279,0.125,0.0,0.125,tie,0.1213526725769043,19,1,256,256,False,1,12,True
FG vs bench b16 triton,gsm8k-0021,94,506,948,0.0,0.125,0.125,tie,0.23662137985229492,20,1,166,168,False,4,8,True
FG vs bench b16 triton,gsm8k-0026,2,821,264,0.25,0.0,0.125,tie,3.6937708500772715e-06,1,1,256,256,False,1,1,True
FG vs bench b16 triton,gsm8k-0031,7,1144,1118,0.125,0.0,0.125,tie,0.1197054386138916,5,1,256,256,False,6,1,True
FG vs bench b16 triton,gsm8k-0035,139,303,318,0.0,0.125,0.125,tie,0.20415496826171875,56,1,256,256,False,1,11,True
FG vs bench b16 triton,gsm8k-0036,173,314,6829,0.125,0.125,0.125,one_ulp,0.22018694877624512,96,1,239,242,False,1,2,True
FG vs bench b16 triton,gsm8k-0037,146,24624,28924,0.0,0.125,0.125,tie,0.17819976806640625,33,1,256,256,False,7,16,True
FG vs bench b16 triton,gsm8k-0038,162,6558,1368,0.125,0.0,0.125,tie,0.19460272789001465,34,1,256,256,False,2,3,True
FG vs bench b16 triton,gsm8k-0047,244,387,393,0.0,0.125,0.125,tie,0.20643162727355957,151,1,256,256,False,0,6,True
FG vs bench b16 triton,gsm8k-0053,249,7548,19892,0.0,0.125,0.125,tie,0.16277861595153809,2,1,256,256,False,10,12,True
FG vs bench b16 triton,gsm8k-0058,228,11220,2972,0.125,0.0,0.125,tie,0.23322653770446777,144,1,256,256,False,3,2,True
FG vs bench b16 triton,gsm8k-0060,194,2972,220,0.125,0.0,0.125,tie,0.2021801471710205,25,1,256,256,False,4,2,True
FG vs bench b16 triton,gsm8k-0061,129,19172,71690,0.0,0.125,0.125,tie,0.22930383682250977,69,1,256,256,False,8,2,True
FG vs bench b16 triton,gsm8k-0062,78,188912,14,0.125,0.0,0.125,tie,0.14532577991485596,40,1,256,256,False,2,1,True
FG vs bench b16 triton,gsm8k-0065,190,17239,5122,0.12500005960464478,0.0,0.125,tie,0.12854456901550293,25,1,256,256,False,9,16,True
FG vs bench b16 triton,gsm8k-0066,247,791,1324,0.0,0.125,0.125,tie,0.22378325462341309,194,1,256,256,False,4,6,True
FG vs bench b16 triton,gsm8k-0067,44,13682,9,0.125,0.0,0.125,tie,0.13489985466003418,8,1,256,256,False,7,1,True
FG vs bench b16 triton,gsm8k-0068,179,318,25,0.125,0.125,0.125,one_ulp,0.12229681015014648,84,1,256,256,False,2,10,True
FG vs bench b16 triton,gsm8k-0071,143,62,220,0.0,0.125,0.125,tie,0.1405220627784729,13,1,256,256,False,0,3,True
FG vs bench b16 triton,gsm8k-0074,111,4625,7336,0.0,0.125,0.125,tie,0.23731255531311035,77,1,256,256,False,1,2,True
FG vs bench b16 triton,gsm8k-0076,79,1324,3487,0.0,0.25,0.125,tie,0.2225179672241211,48,1,256,256,False,15,9,True
FG vs bench b16 triton,gsm8k-0079,85,1590,553,0.125,0.0,0.125,tie,0.18270325660705566,66,1,170,170,False,4,1,True
FG vs bench b16 triton,humaneval-0000,127,364,413,0.0,0.125,0.125,tie,0.0005407538264989853,7,1,173,183,False,3,16,True
FG vs bench b16 triton,humaneval-0002,114,733,271,0.125,0.0,0.125,tie,0.2397139072418213,96,1,256,256,False,0,7,True
FG vs bench b16 triton,humaneval-0005,48,1066,279,0.125,0.125,0.125,one_ulp,0.17728734016418457,44,1,256,256,False,6,11,True
FG vs bench b16 triton,humaneval-0011,226,3542,886,0.125,0.0,0.125,tie,0.19459009170532227,88,1,256,256,False,5,2,True
FG vs bench b16 triton,humaneval-0014,67,279,1857,0.0,0.125,0.125,tie,0.22707247734069824,65,1,256,256,False,0,1,True
FG vs bench b16 triton,humaneval-0020,54,9150,28662,0.0,0.125,0.125,tie,0.12154960632324219,36,1,256,256,False,5,11,True
FG vs bench b16 triton,humaneval-0021,200,2334,87,0.125,0.0,0.125,tie,0.1407456398010254,191,1,221,221,False,6,3,True
FG vs bench b16 triton,humaneval-0025,146,198,271,0.0,0.25,0.125,tie,0.11859512329101562,136,1,221,219,False,4,16,True
FG vs bench b16 triton,humaneval-0026,52,279,1204,0.0,0.125,0.125,tie,0.12260603904724121,29,1,256,256,False,8,5,True
FG vs bench b16 triton,humaneval-0027,2,198,1358,0.0,0.125,0.125,tie,1.1920565157197416e-07,1,1,81,81,False,1,1,True
FG vs bench b16 triton,humaneval-0038,94,6922,513,0.125,0.0,0.125,tie,0.1322331428527832,67,1,256,256,False,6,9,True
FG vs bench b16 triton,humaneval-0041,102,1440,1459,0.0,0.125,0.125,tie,0.1783304214477539,58,1,256,256,False,1,2,True
FG vs bench b16 triton,humaneval-0047,13,271,561,0.0,0.125,0.125,tie,0.11238598823547363,11,1,256,256,False,2,6,True
FG vs bench b16 triton,humaneval-0056,131,763,1,0.125,0.0,0.125,tie,0.2099602222442627,81,1,256,256,False,7,5,True
FG vs bench b16 triton,humaneval-0059,43,18253,430,0.125,0.0,0.125,tie,0.12558674812316895,41,1,256,256,False,2,4,True
FG vs bench b16 triton,mt_bench-0000,72,5028,279,0.125,0.0,0.125,tie,0.23915338516235352,26,1,256,256,False,1,1,True
FG vs bench b16 triton,mt_bench-0001,113,5328,40,0.25,0.0,0.125,tie,0.23022985458374023,63,1,153,160,False,4,3,True
FG vs bench b16 triton,mt_bench-0002,232,14212,16432,0.0,0.12500005960464478,0.125,tie,0.2416820526123047,129,1,256,256,False,0,2,True
FG vs bench b16 triton,mt_bench-0003,127,2956,11012,0.0,0.125,0.125,tie,0.17731332778930664,83,1,256,256,False,0,3,True
FG vs bench b16 triton,mt_bench-0005,141,32709,9506,0.125,0.0,0.125,tie,0.19374442100524902,140,1,256,256,False,0,1,True
FG vs bench b16 triton,mt_bench-0006,41,888,11946,0.0,0.125,0.125,tie,0.12278294563293457,20,1,256,256,False,3,1,True
FG vs bench b16 triton,mt_bench-0007,1,16136,1118,0.125,0.0,0.125,tie,0.0,,,173,245,False,0,1,True
FG vs bench b16 triton,mt_bench-0008,165,1171,908,0.25,0.0,0.25,tie,0.17795300483703613,154,1,256,256,False,0,8,True
FG vs bench b16 triton,mt_bench-0009,141,579,557,0.125,0.0,0.125,tie,0.16839849948883057,18,1,256,256,False,0,7,True
FG vs bench b16 triton,mt_bench-0010,51,12570,10922,0.25,0.0,0.125,tie,0.1513211727142334,47,1,256,256,False,2,1,True
FG vs bench b16 triton,mt_bench-0012,28,7139,33404,0.0,0.125,0.125,tie,0.14858317375183105,8,1,256,256,False,2,2,True
FG vs bench b16 triton,mt_bench-0014,186,8,553,0.0,0.125,0.125,tie,0.2412736415863037,36,1,256,256,False,0,1,True
FG vs bench b16 triton,mt_bench-0015,190,3070,682,0.125,0.0,0.125,tie,0.2281794548034668,114,1,256,256,False,0,2,True
FG vs bench b16 triton,mt_bench-0019,189,28599,47733,0.0,0.125,0.125,tie,0.2367246150970459,40,1,256,256,False,0,1,True
FG vs bench b16 triton,mt_bench-0022,10,7044,1923,0.125,0.0,0.125,tie,0.12193751335144043,8,1,106,256,False,2,3,True
FG vs bench b16 triton,mt_bench-0023,131,13,318,0.0,0.125,0.125,tie,0.15334022045135498,85,1,256,256,False,0,3,True
FG vs bench b16 triton,mt_bench-0024,151,17,23,0.125,0.25,0.125,near,0.1941227912902832,54,1,256,256,False,9,16,True
FG vs bench b16 triton,mt_bench-0025,80,48554,40582,0.125,0.0,0.125,tie,0.10587525367736816,36,1,256,256,False,9,16,True
FG vs bench b16 triton,mt_bench-0026,212,198,3130,0.0,0.125,0.125,tie,0.22538161277770996,155,1,256,256,False,13,12,True
FG vs bench b16 triton,mt_bench-0028,43,1409,16903,0.0,0.125,0.125,tie,0.22621631622314453,36,1,256,256,False,2,2,True
FG vs bench b16 triton,mt_bench-0029,20,56679,5952,0.25,0.0,0.25,tie,0.0005413261242210865,9,1,256,256,False,0,16,True
FG vs bench b16 triton,mt_bench-0032,137,27382,34167,0.0,0.125,0.125,tie,0.12103724479675293,51,1,256,256,False,15,1,True
FG vs bench b16 triton,mt_bench-0034,237,5339,561,0.125,0.0,0.125,tie,0.22391414642333984,221,1,256,256,False,8,5,True
FG vs bench b16 triton,mt_bench-0036,39,733,47246,0.0,0.125,0.125,tie,0.12229800224304199,1,1,256,256,False,9,3,True
FG vs bench b16 triton,mt_bench-0037,200,393,279,0.125,0.0,0.125,tie,0.1366034746170044,27,1,256,256,False,2,12,True
FG vs bench b16 triton,mt_bench-0041,215,16,15,0.25,0.0,0.25,tie,0.24503707885742188,177,1,256,256,False,13,3,True
FG vs bench b16 triton,mt_bench-0044,83,3578,1788,0.125,0.0,0.125,tie,0.19445419311523438,54,1,256,256,False,2,3,True
FG vs bench b16 triton,mt_bench-0047,40,1,7620,0.0,0.125,0.0625,tie,0.12244009971618652,10,1,256,256,False,3,5,True
FG vs bench b16 triton,mt_bench-0048,49,580,567,0.125,0.0,0.125,tie,0.2232985496520996,41,1,256,256,False,0,2,True
FG vs bench b16 triton,mt_bench-0049,28,1132,2972,0.0,0.125,0.125,tie,0.2222888469696045,15,1,256,256,False,0,1,True
FG vs bench b16 triton,mt_bench-0050,41,1164,24936,0.0,0.25,0.125,tie,0.12154936790466309,17,1,256,256,False,0,14,True
FG vs bench b16 triton,mt_bench-0059,84,2791,42794,0.0,0.125,0.125,tie,0.12221455574035645,77,1,256,256,False,4,5,True
FG vs bench b16 triton,mt_bench-0060,78,318,506,0.0,0.125,0.125,tie,0.21562957763671875,72,1,256,256,False,1,1,True
FG vs bench b16 triton,mt_bench-0061,231,332,92217,0.0,0.125,0.125,tie,0.17893576622009277,36,1,256,256,False,1,9,True
FG vs bench b16 triton,mt_bench-0063,215,81748,64700,0.125,0.0,0.125,tie,0.23479866981506348,142,1,256,256,False,2,13,True
FG vs bench b16 triton,mt_bench-0064,177,7057,462,0.125,0.125,0.125,one_ulp,0.19806623458862305,33,1,256,256,False,6,8,True
FG vs bench b16 triton,mt_bench-0066,67,48772,17171,0.125,0.0,0.125,tie,0.24437284469604492,20,1,256,256,False,1,2,True
FG vs bench b16 triton,mt_bench-0067,210,27286,90000,0.0,0.0625,0.0625,tie,0.2309863567352295,17,1,256,256,False,1,2,True
FG vs bench b16 triton,mt_bench-0068,220,15676,25291,0.0,0.2500000596046448,0.25,tie,0.2426469326019287,211,1,256,256,False,1,7,True
FG vs bench b16 triton,mt_bench-0069,114,89700,22767,0.125,0.0,0.125,tie,0.22396612167358398,47,1,256,256,False,1,2,True
FG vs bench b16 triton,mt_bench-0070,13,264,449,0.0,0.125,0.125,tie,0.12848377227783203,8,2,256,256,False,0,2,True
FG vs bench b16 triton,mt_bench-0071,34,28604,2950,0.125,0.0,0.125,tie,0.20421147346496582,27,1,256,256,False,0,4,True
FG vs bench b16 triton,mt_bench-0072,152,59789,352,0.125,0.0,0.125,tie,0.23810076713562012,109,1,256,256,False,1,3,True
FG vs bench b16 triton,mt_bench-0073,86,49773,11712,0.125,0.0,0.125,tie,0.14038610458374023,65,1,256,256,False,0,4,True
FG vs bench b16 triton,mt_bench-0075,28,1719,3051,0.0,0.125,0.125,tie,0.2449185848236084,1,1,256,256,False,1,2,True
FG vs bench b16 triton,mt_bench-0076,131,32530,369,0.125,0.0,0.125,tie,0.24010682106018066,57,1,256,256,False,1,5,True
FG vs bench b16 triton,mt_bench-0077,114,635,1353,0.0,0.125,0.125,tie,0.21991944313049316,42,1,256,256,False,1,8,True
FG vs bench b16 triton,mt_bench-0078,108,14886,7535,0.125,0.0,0.125,tie,0.22597265243530273,29,1,256,256,False,4,3,True
FG vs bench b16 triton,mt_bench-0079,214,9492,3115,0.0625,0.0,0.0625,tie,0.22733092308044434,5,3,256,256,False,8,1,True
